"Event.Number","Record","Event.Time..s.","Baseline..pA.","Peak..pA.","Amplitude..pA.","Rise.Time..ms.","Half.Width..ms.","Decay.Time..ms.","Decay.Fit.b0","Decay.Fit.b1","Decay.Fit.Tau..ms.","AUC..pA.ms.","rise_max_time","baseline_time","event_index","file_prefix","event_id","noise","event_entry_number"
2,0,0.6637,102.881248990141,110.659572983864,7.77832399372325,0.349999999999961,1,1.19999999999998,102.072246004037,7.33994323978611,1.7087366726338,-10.0837003248869,0.6637,0.66325,13274,"2023_12_20_0028","2023_12_20_0028_ev00002_rec0","no",65107
3,0,1.00945,107.624769641709,124.484617959463,16.8598483177541,0.449999999999839,6.59999999999994,5.70000000000004,107.986708851393,11.5360724921474,8.47705184951069,144.504183359105,1.00835,1.0045,20189,"2023_12_20_0028","2023_12_20_0028_ev00003_rec0","no",65108
4,0,1.05785,106.75719717247,115.410964531787,8.65376735931636,0.149999999999872,0.099999999999989,0,103.990779959164,4.72469039523239,1.26236370316869,-76.0969158019772,1.0578,1.05765,21157,"2023_12_20_0028","2023_12_20_0028_ev00004_rec0","no",65109
5,0,1.1083,110.938446828512,118.062155755648,7.12370892713548,0.199999999999978,0.249999999999861,0.500000000000167,-277967.884779935,278081.682100026,625792.078798581,-112.39744779507,1.1082,1.108,22166,"2023_12_20_0028","2023_12_20_0028_ev00005_rec0","no",65110
6,0,1.12115,104.894479142898,114.980822200477,10.086343057579,0.099999999999989,1.89999999999979,3.1000000000001,87.8760473059307,23.6144080862784,24.1157059397837,-102.393720135189,1.12095,1.12085,22423,"2023_12_20_0028","2023_12_20_0028_ev00006_rec0","no",65111
7,0,1.4514,104.144110428443,106.630127778564,2.48601735012107,0.299999999999967,0.299999999999967,0.350000000000072,100.670389090896,4.70816309053659,5.37515036909248,-78.0063039317513,1.4514,1.4511,29028,"2023_12_20_0028","2023_12_20_0028_ev00007_rec0","no",65112
8,0,2.33665,114.286607913122,121.500369996225,7.21376208310228,0.249999999999861,0.199999999999978,0,101.399261245843,12.3858293257006,49.9155442474036,-105.589322072167,2.33665,2.3364,46733,"2023_12_20_0028","2023_12_20_0028_ev00008_rec0","no",65113
10,0,2.61015,104.048814517638,108.549393285866,4.50057876822828,0.100000000000211,1.05000000000022,1.14999999999998,102.162403419278,5.77818737199508,2.40552881108964,-41.3652929222773,2.60995,2.60985,52203,"2023_12_20_0028","2023_12_20_0028_ev00010_rec0","no",65115
12,0,2.9361,108.167372073661,118.417380452514,10.2500083788532,2.40000000000018,1.59999999999982,0,-554.02224561074,665.729802154083,2331.38909596194,-11.7655472856882,2.9359,2.93215,58722,"2023_12_20_0028","2023_12_20_0028_ev00012_rec0","no",65117
13,0,2.95935,105.707482867125,118.64532043035,12.9378375632245,0.199999999999978,0.150000000000095,0,101.892157990687,6.30253262982563,2.95827252771149,-94.1735101641755,2.9593,2.9591,59187,"2023_12_20_0028","2023_12_20_0028_ev00013_rec0","no",65118
14,0,3.1192,101.958265647234,200.790769432198,98.8325037849636,12.2,42.1999999999998,29.9999999999998,155.585035362452,36.8354378251871,18.9440722156832,3003.51820179087,3.11865,3.10605,62384,"2023_12_20_0028","2023_12_20_0028_ev00014_rec0","no",65119
15,0,3.1958,137.871218445946,147.69806290887,9.82684446292419,0.199999999999978,0.150000000000095,0,122.667369933994,16.5128367177906,22.3963624596749,-181.805745239162,3.19575,3.1955,63916,"2023_12_20_0028","2023_12_20_0028_ev00015_rec0","no",65120
16,0,3.2662,135.035463293519,166.546115722986,31.5106524294674,0.750000000000028,9.65000000000016,13.55,118.939305649252,41.4715673477101,33.7276521447694,359.611358188087,3.266,3.2651,65324,"2023_12_20_0028","2023_12_20_0028_ev00016_rec0","no",65121
18,0,3.37665,121.117735341608,127.864091464249,6.74635612264089,0.250000000000306,0.150000000000095,0,114.134488713215,7.94358451109218,6.18132756985076,-159.352579102805,3.3766,3.3763,67533,"2023_12_20_0028","2023_12_20_0028_ev00018_rec0","no",65123
20,0,3.5988,115.090694911865,122.62642435571,7.53572944384572,0.100000000000211,0.300000000000189,0.399999999999956,112.970644741441,6.02566902796431,1.88230833245179,-49.9460905562195,3.5986,3.5985,71976,"2023_12_20_0028","2023_12_20_0028_ev00020_rec0","no",65125
21,0,3.6554,110.472903553642,128.048597223887,17.5756936702451,3.25000000000042,12.1000000000002,29.9999999999998,116.968029400701,7.99193558394218,6.68641566204561,304.57496649668,3.6542,3.65055,73108,"2023_12_20_0028","2023_12_20_0028_ev00021_rec0","no",65126
23,0,3.70575,114.367961706132,122.695503418398,8.32754171226598,0.200000000000422,0.249999999999861,0,110.694264159659,5.45310195616239,5.55602029749974,-78.2110872680148,3.70565,3.70545,74115,"2023_12_20_0028","2023_12_20_0028_ev00023_rec0","no",65128
24,0,3.76775,109.510889792968,112.880128909967,3.3692391169992,0.199999999999978,0.0499999999998835,0,104.040593630627,5.76036929274598,7.22918688654124,-122.130224997162,3.7677,3.7675,75355,"2023_12_20_0028","2023_12_20_0028_ev00024_rec0","no",65129
25,0,3.87625,109.672440274129,117.229522257698,7.55708198356911,0.250000000000306,0.250000000000306,0,-1574.93813112001,1682.78091818041,154926.286821157,-58.2461874725443,3.8762,3.8759,77525,"2023_12_20_0028","2023_12_20_0028_ev00025_rec0","no",65130
26,0,3.9856,106.899883801309,129.327167769631,22.4272839683222,2.55000000000027,7.39999999999963,19.9999999999996,111.752942291401,8.86146418550046,21.1824096772666,391.462521522809,3.98135,3.9782,79712,"2023_12_20_0028","2023_12_20_0028_ev00026_rec0","no",65131
27,0,4.03615,111.218487027927,134.283174905093,23.0646878771665,3.5999999999996,6.40000000000018,8.95000000000046,115.531040360199,9.97718849966236,10.4214444919961,292.710144017619,4.035,4.0313,80723,"2023_12_20_0028","2023_12_20_0028_ev00027_rec0","no",65132
28,0,4.0984,115.01392772758,120.398704494151,5.38477676657065,0.300000000000189,22.7000000000004,20.3499999999996,208730.157285841,-208619.901520624,628625.289373883,9.13183996536353,4.0984,4.0981,81968,"2023_12_20_0028","2023_12_20_0028_ev00028_rec0","no",65133
29,0,4.1255,110.656526340411,131.796202569419,21.1396762290075,4.55000000000005,11.0999999999999,20.2499999999999,-30173.0445718538,30295.6117462008,150129.88878377,332.95714815284,4.12465,4.12005,82510,"2023_12_20_0028","2023_12_20_0028_ev00029_rec0","no",65134
30,0,4.13835,121.016775950161,123.638951433945,2.62217548378401,0.0999999999997669,0.250000000000306,0,-29951.9797451089,30072.6103082392,146092.151122353,-104.120828695127,4.1374,4.13725,82767,"2023_12_20_0028","2023_12_20_0028_ev00030_rec0","no",65135
31,0,4.1583,119.282183725224,130.20793857425,10.9257548490266,0.150000000000539,0.14999999999965,0,113.430156311322,7.31597283785752,3.07649197594589,-151.531586406673,4.15825,4.15805,83166,"2023_12_20_0028","2023_12_20_0028_ev00031_rec0","no",65136
32,0,4.25825,106.79086091082,135.940606825552,29.1497459147316,2.4999999999995,37.0999999999997,30.0000000000002,118.976748840008,9.61278540826692,19.3952113710765,813.482753433634,4.24765,4.2451,85165,"2023_12_20_0028","2023_12_20_0028_ev00032_rec0","no",65137
33,0,4.32645,114.030519101846,122.115429936008,8.08491083416195,0.199999999999534,0.199999999999534,0,112.572631403372,2.36605266737675,5.50200513900263,-29.3942539042836,4.3264,4.32615,86529,"2023_12_20_0028","2023_12_20_0028_ev00033_rec0","no",65138
34,0,4.62615,115.110640578652,121.24546227974,6.13482170108837,0.14999999999965,0.300000000000189,0,108.272774760333,8.83317077822617,19.0206697382751,-69.3827123003501,4.62595,4.62575,92523,"2023_12_20_0028","2023_12_20_0028_ev00034_rec0","no",65139
35,0,4.69455,109.338840207947,119.095399947031,9.7565597390839,0.150000000000539,0.199999999999534,0,101.304483550492,9.31831260218236,20.4369521517496,-92.7592984668998,4.69445,4.6943,93891,"2023_12_20_0028","2023_12_20_0028_ev00035_rec0","no",65140
37,0,4.80015,107.211889801765,115.383451945103,8.17156214333808,2.50000000000039,3.14999999999976,1.00000000000033,107.469275321167,6.56432484206554,1.17084192786349,26.5288381175764,4.8001,4.7976,96003,"2023_12_20_0028","2023_12_20_0028_ev00037_rec0","no",65142
38,0,5.00385,102.785395552726,114.697036955139,11.9116414024133,5.79999999999981,28.8500000000003,29.9999999999994,99.261596504401,14.643590616946,52.9153080493126,304.399610809206,5.0033,4.9975,100077,"2023_12_20_0028","2023_12_20_0028_ev00038_rec0","no",65143
39,0,5.0988,115.8499271018,124.68030688453,8.83037978273059,1.40000000000029,1.40000000000029,0.0999999999997669,108.482413272605,10.6842588157613,16.894747198764,-58.6426929931043,5.09855,5.0949,101976,"2023_12_20_0028","2023_12_20_0028_ev00039_rec0","no",65144
41,0,5.1458,110.084602550664,116.478109333471,6.39350678280753,0.200000000000422,0.250000000000306,0,105.580254977443,4.6674228647913,12.4156157131743,-80.8863957575729,5.1457,5.1455,102916,"2023_12_20_0028","2023_12_20_0028_ev00041_rec0","no",65146
42,0,5.47505,111.052941938034,119.736729196652,8.68378725861848,0.300000000000189,0.0999999999997669,0,-4279.86978856587,4388.76369673285,59049.1194816136,-97.2884984913417,5.47505,5.47475,109501,"2023_12_20_0028","2023_12_20_0028_ev00042_rec0","no",65147
43,0,5.69075,104.164465934703,106.577638718029,2.41317278332539,0.399999999999956,0.250000000000306,0,100.598732616856,4.53885751323102,1.14016423118348,-101.22984732128,5.69075,5.68965,113815,"2023_12_20_0028","2023_12_20_0028_ev00043_rec0","no",65148
44,0,5.85385,100.612955565056,131.174911709487,30.5619561444312,1.24999999999975,30.2500000000006,30.0000000000002,115.561859080462,8.9499490504973,8.0829435838961,621.484610017365,5.85135,5.85005,117077,"2023_12_20_0028","2023_12_20_0028_ev00044_rec0","no",65149
45,0,5.92425,124.492010942114,134.758820969081,10.2668100269665,0.0999999999997669,0.200000000000422,0,119.714953764922,6.49498694028938,2.60632366079675,-125.667868320456,5.9241,5.92365,118485,"2023_12_20_0028","2023_12_20_0028_ev00045_rec0","no",65150
46,0,5.9537,118.029567542126,130.797235560827,12.7676680187002,0.700000000000145,0.14999999999965,0,114.184381143775,6.68037172389521,6.19970822634997,-70.4392902081122,5.95365,5.95295,119074,"2023_12_20_0028","2023_12_20_0028_ev00046_rec0","no",65151
47,0,6.58385,106.761731448849,114.356303508067,7.59457205921842,0.199999999999534,30.2499999999997,30.0000000000002,37204.543652579,-37099.3750330137,340503.351734514,2.84178728744274,6.58375,6.58355,131677,"2023_12_20_0028","2023_12_20_0028_ev00047_rec0","no",65152
48,0,6.6143,109.391789015995,116.202561042125,6.8107720261294,0.350000000000072,0.450000000000728,0.350000000000072,107.116974521134,6.32262296883306,1.27644835451787,-57.6683774280778,6.6143,6.61395,132286,"2023_12_20_0028","2023_12_20_0028_ev00048_rec0","no",65153
50,0,6.75655,105.876943721156,114.29450353589,8.41755981473408,0.14999999999965,0.200000000000422,0,103.510844055029,4.81323034660718,3.94943129627423,-50.355581939787,6.75645,6.75625,135131,"2023_12_20_0028","2023_12_20_0028_ev00050_rec0","no",65155
51,0,7.19635,99.3630227397001,129.24266467634,29.8796419366401,0.299999999999301,32.4999999999998,29.9999999999994,116.578330661423,5.03232323414792,6.13085254804808,603.756335339851,7.19405,7.1937,143927,"2023_12_20_0028","2023_12_20_0028_ev00051_rec0","no",65156
52,0,7.233,120.743959068192,128.884216989682,8.14025792149012,1.6500000000006,1.30000000000052,0,116.823471791278,5.96542447464977,3.70760615142514,-93.5236262458823,7.233,7.23105,144660,"2023_12_20_0028","2023_12_20_0028_ev00052_rec0","no",65157
53,0,7.31395,109.183714221573,132.571914484057,23.3882002624844,6.3500000000003,20.1500000000001,22.1,106.804266785267,18.1141002567223,44.6206495463922,497.690654398856,7.3094,7.30305,146279,"2023_12_20_0028","2023_12_20_0028_ev00053_rec0","no",65158
55,0,7.53285,108.762464456364,115.648798108501,6.88633365213647,0.0499999999998835,0.249999999999417,0,105.399719720233,3.7085970730884,3.65382122441934,-85.4077794876276,7.53265,7.5326,150657,"2023_12_20_0028","2023_12_20_0028_ev00055_rec0","no",65160
56,0,7.63615,104.255426079168,120.324036094559,16.0686100153908,0.399999999999956,16.0499999999999,7.69999999999982,97683.5136304866,-97575.3297665276,373271.206110721,241.393758955717,7.63595,7.63555,152723,"2023_12_20_0028","2023_12_20_0028_ev00056_rec0","no",65161
57,0,7.67375,118.078495992932,124.847221835315,6.76872584238323,0.14999999999965,0.0999999999997669,0,111.904910359554,6.35943074318287,4.25584288698444,-157.609637788239,7.67375,7.67355,153475,"2023_12_20_0028","2023_12_20_0028_ev00057_rec0","no",65162
58,0,7.6961,111.054842735834,115.826470386433,4.77162765059887,0.250000000000306,0.250000000000306,0,87.7859524946266,24.9830942530142,74.4891619636349,-79.4255021076102,7.6961,7.69575,153922,"2023_12_20_0028","2023_12_20_0028_ev00058_rec0","no",65163
59,0,7.7631,113.124853257679,124.694356252068,11.5695029943891,0.200000000000422,0.150000000000539,0,108.564728794368,3.52593326560522,5.26361324492181,-116.967128486546,7.7631,7.76285,155262,"2023_12_20_0028","2023_12_20_0028_ev00059_rec0","no",65164
60,0,7.8127,112.495617000398,131.220863910229,18.7252469098305,3.5999999999996,14.2999999999995,25.3999999999994,-83632.7666721597,83756.1542367958,537126.736052931,390.666071375008,7.80415,7.79955,156254,"2023_12_20_0028","2023_12_20_0028_ev00060_rec0","no",65165
61,0,7.83265,120.364649032546,128.597128346883,8.23247931433697,0.14999999999965,0.14999999999965,0,114.267673927158,7.85523517166517,8.04183322917692,-120.187724740202,7.8326,7.83245,156653,"2023_12_20_0028","2023_12_20_0028_ev00061_rec0","no",65166
62,0,7.87265,115.681037521205,126.580346922362,10.8993094011574,0.250000000000306,31.1000000000003,30.0000000000002,119.169744073048,-4.82061469571636,25.1567505251352,24.2253151492756,7.8726,7.87105,157453,"2023_12_20_0028","2023_12_20_0028_ev00062_rec0","no",65167
63,0,7.8926,111.428195720759,130.365200751827,18.9370050310674,4.34999999999963,3.5999999999996,2.7500000000007,114.874885381725,8.70823017526573,3.08760880058215,182.381085588711,7.89255,7.88815,157852,"2023_12_20_0028","2023_12_20_0028_ev00063_rec0","no",65168
64,0,7.9136,114.96231630525,122.302890457449,7.3405741521991,0.249999999999417,0.200000000000422,0,-11878.8072624943,11992.9276409692,105186.60782381,-75.1634306770512,7.91355,7.9133,158272,"2023_12_20_0028","2023_12_20_0028_ev00064_rec0","no",65169
65,0,7.99355,109.2383783836,117.212530836575,7.97415245297456,0.250000000001194,0.249999999999417,0,105.276916868523,4.79573768055094,2.27452194578397,-106.379296000561,7.9935,7.9932,159871,"2023_12_20_0028","2023_12_20_0028_ev00065_rec0","no",65170
66,0,8.03585,102.924989997026,113.928260195315,11.0032701982888,0.20000000000131,21.0000000000008,17.0999999999992,102651.388775643,-102550.892285099,269502.055923913,99.6534865719051,8.0358,8.0356,160717,"2023_12_20_0028","2023_12_20_0028_ev00066_rec0","no",65171
67,0,8.07595,108.605433575683,120.977484325661,12.3720507499784,0.199999999999534,25.9,21.1000000000006,183369.877515761,-183264.285333362,509524.114222416,74.4973902360229,8.0758,8.0756,161519,"2023_12_20_0028","2023_12_20_0028_ev00067_rec0","no",65172
68,0,8.1525,109.918081403975,121.465854397684,11.547772993709,0.150000000001427,0.150000000001427,0,107.791953689597,5.8031848644466,3.99966366844298,-38.5883185825935,8.1524,8.15225,163050,"2023_12_20_0028","2023_12_20_0028_ev00068_rec0","no",65173
69,0,8.3558,103.926276215722,112.153919455649,8.22764323992703,0.0499999999998835,0.349999999999184,2.34999999999985,100.371374129811,7.6883645307205,15.3848296705787,-2.67483351261101,8.35555,8.3555,167116,"2023_12_20_0028","2023_12_20_0028_ev00069_rec0","no",65174
70,0,8.4357,108.931676214123,113.927585186617,4.99590897249321,0.700000000000145,0.949999999999562,0,102.953439501258,7.44051292002325,6.10755267578438,-133.773250681613,8.4355,8.43415,168714,"2023_12_20_0028","2023_12_20_0028_ev00070_rec0","no",65175
71,0,8.4838,103.851107735751,108.664938450088,4.81383071433685,0.249999999999417,0.249999999999417,0,99.97612294293,5.21869237698666,1.4734425413274,-107.692013759609,8.4838,8.4835,169676,"2023_12_20_0028","2023_12_20_0028_ev00071_rec0","no",65176
72,0,8.6651,98.9658210061906,105.573865396498,6.60804439030727,0.249999999999417,0.199999999999534,0,-7795.12476803863,7895.33865421777,176395.883432305,18.626784260655,8.66505,8.6648,173302,"2023_12_20_0028","2023_12_20_0028_ev00072_rec0","no",65177
73,0,9.22845,102.334998562355,112.455944418825,10.1209458564704,0.349999999999184,0.249999999999417,0.950000000001339,97.3552357570733,9.66939772319613,9.29572328542202,-60.1830858077132,9.2284,9.22775,184569,"2023_12_20_0028","2023_12_20_0028_ev00073_rec0","no",65178
74,0,9.29285,106.322926393558,111.181706240716,4.858779847158,3.60000000000049,3.09999999999988,0.750000000000028,100.774746957732,7.87225714788351,10.587490769892,-80.5533171966217,9.2919,9.2877,185857,"2023_12_20_0028","2023_12_20_0028_ev00074_rec0","no",65179
75,0,9.3952,100.475724956779,109.972545867989,9.49682091120924,0.199999999999534,0.14999999999965,0,96.7117119865887,6.01020474369224,1.42690812646862,-102.846840952821,9.39515,9.3949,187904,"2023_12_20_0028","2023_12_20_0028_ev00075_rec0","no",65180
76,0,9.5972,97.922354733037,123.59171476151,25.6693600284726,1.69999999999959,31.699999999999,29.9999999999994,112.367246358086,11.3287732504647,9.23831868706564,580.346111874808,9.5966,9.59485,191944,"2023_12_20_0028","2023_12_20_0028_ev00076_rec0","no",65181
77,0,9.64215,107.59922143358,140.286223392117,32.6870019585372,0.500000000000611,8.09999999999889,13.6000000000003,113.879078542075,20.6841317977443,10.7289111369539,409.216270788041,9.642,9.64145,192843,"2023_12_20_0028","2023_12_20_0028_ev00077_rec0","no",65182
78,0,9.6927,112.14920712512,119.953519970593,7.80431284547275,0.249999999999417,0.14999999999965,0,108.815366168003,3.57014457677967,2.40368653444528,-90.4629186283612,9.6927,9.69245,193854,"2023_12_20_0028","2023_12_20_0028_ev00078_rec0","no",65183
79,0,9.93495,100.887090999081,108.706036144075,7.81894514499407,0.299999999999301,30.2500000000006,30.0000000000011,15307.0775454485,-15205.8445070749,426394.773135967,28.659311918108,9.93495,9.93465,198699,"2023_12_20_0028","2023_12_20_0028_ev00079_rec0","no",65184
80,0,10.0149,110.34283556257,116.42455291748,6.08171735491071,0.299999999999301,0.249999999999417,0,101.73983629175,10.6797237031249,18.2355531650878,-98.0987548828127,10.0149,10.0146,200298,"2023_12_20_0028","2023_12_20_0028_ev00080_rec0","no",65185
81,0,10.1243,112.15209197998,117.797843933105,5.645751953125,0.100000000001543,0.150000000001427,0,111.870300910989,2.01653498457783,2.22784514723367,-3.48281784057617,10.12425,10.12415,202486,"2023_12_20_0028","2023_12_20_0028_ev00081_rec0","no",65186
83,0,10.32185,107.058562869117,115.356437683105,8.2978748139881,0.300000000001077,0.20000000000131,0.199999999999534,104.931466901531,5.44494307513618,4.83129034095708,-35.6203715006508,10.32185,10.32155,206437,"2023_12_20_0028","2023_12_20_0028_ev00083_rec0","no",65188
84,0,10.3514,104.457302638463,116.577140808105,12.1198381696429,0.249999999999417,3.80000000000003,4.24999999999898,-37.6630245417098,157.364778891088,59.785221563359,-550.346894577571,10.35135,10.35105,207028,"2023_12_20_0028","2023_12_20_0028_ev00084_rec0","no",65189
85,0,10.45475,111.018581935338,120.69701385498,9.67843191964286,0.299999999999301,0.249999999999417,0,-64471.5546333959,64583.674431397,187658.980009143,-119.106837681361,10.45475,10.4544,209095,"2023_12_20_0028","2023_12_20_0028_ev00085_rec0","no",65190
86,0,10.4947,101.812445867629,124.35912322998,22.5466773623512,7.34999999999886,7.30000000000075,20.3499999999988,-33485.3925319834,33599.6134463001,168296.324192227,361.538841610863,10.49235,10.4848,209894,"2023_12_20_0028","2023_12_20_0028_ev00086_rec0","no",65191
88,0,10.55465,103.062213352748,111.999504089355,8.93729073660714,0.249999999999417,0.249999999999417,0.0499999999998835,100.026707178515,12.8321177168163,0.0851876601786047,-87.8911699567523,10.55465,10.5544,211093,"2023_12_20_0028","2023_12_20_0028_ev00088_rec0","no",65193
89,0,10.65465,92.4609879993257,101.623527526855,9.16253952752976,0.14999999999965,0.249999999999417,0.100000000001543,95.0256538346654,6.91851087987316,0.055237100123845,79.8632303873697,10.6545,10.65435,213093,"2023_12_20_0028","2023_12_20_0028_ev00089_rec0","no",65194
90,0,10.7217,95.505479721796,104.064933776855,8.55945405505952,0.249999999999417,0.199999999999534,0,87.6091456334064,10.1654804301523,4.88977794937486,-185.393012301127,10.7217,10.7214,214434,"2023_12_20_0028","2023_12_20_0028_ev00090_rec0","no",65195
92,0,10.8745,92.3519966488793,104.82787322998,12.4758765811012,0.0999999999997669,30.149999999999,29.9999999999994,95.6803050202499,-3.810072724512,57.301967657713,12.8179277692522,10.8744,10.87425,217490,"2023_12_20_0028","2023_12_20_0028_ev00092_rec0","no",65197
93,0,10.91455,90.7607229323614,97.5036544799805,6.74293154761905,0.249999999999417,30.2500000000006,19.3500000000011,93.5480723887333,-4.41622921633516,7.11949754575837,54.4687906901043,10.91455,10.91425,218291,"2023_12_20_0028","2023_12_20_0028_ev00093_rec0","no",65198
94,0,11.0122,125.281918843587,132.4462890625,7.16437021891277,0.199999999999534,0.14999999999965,0,98.7566813007614,25.8183587056646,40.6852438467775,-246.961562856038,11.0122,11.012,220244,"2023_12_20_0028","2023_12_20_0028_ev00094_rec0","no",65199
95,0,11.0511,109.463638668969,114.89867401123,5.4350353422619,0.199999999999534,0.300000000001077,0.100000000001543,106.80319691718,9.15055346761614,0.111345661387241,-76.9627888997398,11.05105,11.0508,221022,"2023_12_20_0028","2023_12_20_0028_ev00095_rec0","no",65200
96,0,11.11335,100.991377694266,261.077880859375,160.086503165109,0.849999999999795,1.89999999999912,0,1422279.5814321,-1422065.9318274,559752.724381926,4827.32855325426,11.11185,11.1109,222267,"2023_12_20_0028","2023_12_20_0028_ev00096_rec0","no",65201
97,0,11.1479,204.060857137044,404.357879638672,200.297022501628,11.750000000001,31.2999999999999,30.0000000000011,269.74426380101,136.232091596569,15.0438614356253,5250.78445955912,11.14745,11.13525,222958,"2023_12_20_0028","2023_12_20_0028_ev00097_rec0","no",65202
98,0,11.20145,239.628367832729,343.780487060547,104.152119227818,1.50000000000006,21.5500000000013,29.4499999999989,250.872228150279,83.8845067768239,26.2204111109594,2090.25711904253,11.1999,11.19825,224029,"2023_12_20_0028","2023_12_20_0028_ev00098_rec0","no",65203
99,0,11.25035,256.703689575195,341.949432373047,85.2457427978516,2.4999999999995,17.1500000000009,24.1500000000006,258.528082830455,69.3947531127104,28.4491621675802,1513.44681663513,11.25,11.2474,225007,"2023_12_20_0028","2023_12_20_0028_ev00099_rec0","no",65204
100,0,11.2832,297.263009207589,325.622528076172,28.3595188685826,0.499999999998835,13.1999999999994,11.2000000000005,2461346.30344943,-2461075.92493169,737609.597528081,717.384583500454,11.28265,11.28205,225664,"2023_12_20_0028","2023_12_20_0028_ev00100_rec0","no",65205
101,0,11.30755,289.858863467262,412.597625732422,122.73876226516,2.39999999999974,15.5499999999993,20.0999999999993,313.977121995747,104.818678949916,12.6109833274363,2165.4777057466,11.3071,11.3045,226151,"2023_12_20_0028","2023_12_20_0028_ev00101_rec0","no",65206
102,0,11.3688,300.736200241815,405.883758544922,105.147558303106,2.10000000000043,14.7999999999993,20.2500000000008,323.391962324172,85.7364378083477,12.1682972693243,1822.43812862578,11.3684,11.3661,227376,"2023_12_20_0028","2023_12_20_0028_ev00102_rec0","no",65207
103,0,11.4025,330.367284865606,388.336151123047,57.9688662574405,3.09999999999988,7.09999999999944,7.19999999999921,304.124541866462,83.5056081398452,12.8284114746985,288.722153799875,11.4022,11.3988,228050,"2023_12_20_0028","2023_12_20_0028_ev00103_rec0","no",65208
104,0,11.48595,263.330368768601,272.979736328125,9.6493675595238,1.30000000000052,12.7000000000006,10.9499999999993,1615259.48333047,-1615020.92868744,624785.382130004,426.079504067557,11.48585,11.4845,229719,"2023_12_20_0028","2023_12_20_0028_ev00104_rec0","no",65209
105,0,11.51185,243.028897966657,341.033905029297,98.0050070626395,1.69999999999959,19.3000000000012,20.7499999999996,200.475711306394,134.040202628687,39.0704567471253,1937.81745627267,11.5088,11.5069,230237,"2023_12_20_0028","2023_12_20_0028_ev00105_rec0","no",65210
106,0,11.5837,232.166093372163,278.167724609375,46.0016312372117,1.59999999999982,16.6500000000003,11.3500000000002,229.057867882294,50.0357027944818,12.4720644607111,825.73980662028,11.57625,11.57395,231674,"2023_12_20_0028","2023_12_20_0028_ev00106_rec0","no",65211
107,0,11.61675,230.393167404901,251.007064819336,20.6138974144345,1.89999999999912,5.75000000000081,4.29999999999886,231.642298677518,21.5725141215469,3.5255118102829,164.13588827224,11.61575,11.61385,232335,"2023_12_20_0028","2023_12_20_0028_ev00107_rec0","no",65212
108,0,11.65415,224.442239670526,249.786361694336,25.3441220238095,1.35000000000041,11.3500000000002,8.8999999999988,316074.456223827,-315856.38984115,178419.300737384,654.917031133742,11.652,11.65065,233083,"2023_12_20_0028","2023_12_20_0028_ev00108_rec0","no",65213
109,0,11.6752,217.29967317127,281.982421875,64.6827487037295,3.55000000000061,18.5000000000013,21.8000000000007,217.10547451863,61.6808745177022,23.2241049520459,1260.34712353661,11.6748,11.67115,233504,"2023_12_20_0028","2023_12_20_0028_ev00109_rec0","no",65214
110,0,11.74365,204.772933959961,212.402328491211,7.62939453125,0.600000000000378,1.59999999999982,2.2000000000002,161.009381875119,49.3170996299195,38.5135634051716,-279.262542724609,11.7426,11.742,234873,"2023_12_20_0028","2023_12_20_0028_ev00110_rec0","no",65215
111,0,11.79085,186.011889503116,195.617660522461,9.60577101934524,0.0999999999997669,0.199999999999534,0,-92038.2600867711,92223.8086446598,262364.396420578,-170.191083635603,11.7907,11.7906,235817,"2023_12_20_0028","2023_12_20_0028_ev00111_rec0","no",65216
112,0,11.80765,185.241683959961,189.971908569336,4.730224609375,0.949999999999562,0.650000000000261,0,162.437921722744,23.0724958844624,16.3572260828394,-365.779874420166,11.80765,11.8065,236153,"2023_12_20_0028","2023_12_20_0028_ev00112_rec0","no",65217
113,0,11.86235,152.747744605655,186.614974975586,33.8672303699312,8.09999999999889,12.0000000000005,18.5999999999993,162.206358278388,23.8829017035129,9.06131565785685,683.332697623117,11.862,11.85385,237247,"2023_12_20_0028","2023_12_20_0028_ev00113_rec0","no",65218
114,0,11.92245,145.794096447173,168.151840209961,22.3577437627883,1.34999999999863,9.60000000000072,3.75000000000014,547203.573380493,-547051.722535477,926706.819064049,465.95965625218,11.9223,11.92085,238449,"2023_12_20_0028","2023_12_20_0028_ev00114_rec0","no",65219
115,0,11.9541,145.052955264137,193.481430053711,48.428474789574,7.64999999999993,22.5000000000009,30.0000000000011,167.11772453115,21.714261916878,6.41657520333508,1121.62341957092,11.953,11.9447,239082,"2023_12_20_0028","2023_12_20_0028_ev00115_rec0","no",65220
116,0,11.9907,172.482429867699,199.584945678711,27.1025158110119,1.04999999999933,9.6500000000006,12.3499999999996,-131376.65170227,131571.36121569,133295.64878754,242.856706891741,11.99055,11.9894,239814,"2023_12_20_0028","2023_12_20_0028_ev00116_rec0","no",65221
117,0,12.04465,168.333493187314,175.018295288086,6.68480210077195,0.400000000000844,0.899999999999679,1.09999999999921,154.928187311566,18.0496954169321,8.58963557461287,-249.950869678316,12.0446,12.04415,240893,"2023_12_20_0028","2023_12_20_0028_ev00117_rec0","no",65222
118,0,12.09075,150.204613095238,183.410629272461,33.2060161772228,3.09999999999988,12.4999999999993,15.25,151.699278891053,24.1455058975917,18.9534528593998,510.980532945905,12.08915,12.08585,241815,"2023_12_20_0028","2023_12_20_0028_ev00118_rec0","no",65223
119,0,12.16335,135.883149646577,153.1982421875,17.3150925409226,1.84999999999924,31.6499999999991,29.9999999999994,150.692254394517,2.06762701469329,3.06561389380148,492.632322111584,12.16235,12.15985,243267,"2023_12_20_0028","2023_12_20_0028_ev00119_rec0","no",65224
120,0,12.19405,144.95849609375,164.337142944336,19.3786468505859,2.09999999999866,4.15000000000099,10.0999999999996,-171648.575208511,171803.866516478,549724.557040444,286.445567321777,12.1875,12.1853,243881,"2023_12_20_0028","2023_12_20_0028_ev00120_rec0","no",65225
121,0,12.25405,139.494396391369,148.62060546875,9.12620907738096,0.300000000001077,0.250000000001194,0,-39083.0263020229,39222.0171165867,609633.892400192,-41.5598578135169,12.25405,12.25375,245081,"2023_12_20_0028","2023_12_20_0028_ev00121_rec0","no",65226
122,0,12.2717,141.129266648065,148.773193359375,7.64392671130952,0.350000000000961,0.0499999999998835,0,-42722.8687203277,42863.3154805477,88797.4358269913,-237.138694917588,12.2717,12.27135,245434,"2023_12_20_0028","2023_12_20_0028_ev00122_rec0","no",65227
123,0,12.32445,130.15747033982,150.299072265625,20.1416019258045,0.899999999999679,7.7499999999997,9.90000000000002,122.879537908398,25.3149408311318,18.3223062746334,166.660290563674,12.32425,12.32335,246489,"2023_12_20_0028","2023_12_20_0028_ev00123_rec0","no",65228
124,0,12.3832,123.501724969773,126.037590026855,2.5358650570824,0.899999999999679,8.5999999999995,7.90000000000113,101.646333197748,25.5632363989337,69.0114853061515,-23.5190477552868,12.3826,12.3806,247664,"2023_12_20_0028","2023_12_20_0028_ev00124_rec0","no",65229
125,0,12.44725,112.813306172689,116.42455291748,3.61124674479167,0.299999999999301,1.69999999999959,1.80000000000113,110.797952045508,5.92862690566746,3.13528725601832,-39.8038228352863,12.44725,12.4469,248945,"2023_12_20_0028","2023_12_20_0028_ev00125_rec0","no",65230
126,0,12.49165,113.336464654832,121.765129089355,8.42866443452381,0.249999999999417,0.0999999999997669,0,111.698243021642,2.64744279156952,3.75099706410867,-38.2868448893229,12.49165,12.49135,249833,"2023_12_20_0028","2023_12_20_0028_ev00126_rec0","no",65231
127,0,12.53655,111.222032456171,134.8876953125,23.665662856329,3.14999999999976,19.5500000000006,24.0500000000008,-16516.0496426918,16645.6876882365,41441.3041558545,489.728542527698,12.5325,12.52915,250731,"2023_12_20_0028","2023_12_20_0028_ev00127_rec0","no",65232
128,0,12.62195,123.908626738049,132.75146484375,8.84283810570126,0.0999999999997669,18.3,15.9000000000002,155315.043669032,-155196.2049344,295889.22280387,85.725210126241,12.6218,12.62165,252439,"2023_12_20_0028","2023_12_20_0028_ev00128_rec0","no",65233
129,0,12.6434,116.962243579683,140.228271484375,23.2660279046922,0.949999999999562,14.9500000000007,23.6499999999999,124.387299258721,15.1349405485459,9.2699069153613,423.832990628197,12.6407,12.6395,252868,"2023_12_20_0028","2023_12_20_0028_ev00129_rec0","no",65234
130,0,12.7383,110.284706842332,122.22289276123,11.9381859188988,1.09999999999921,7.40000000000052,7.25000000000087,104.286371742344,17.1667686565024,14.4872820248587,55.4132007417225,12.7375,12.7357,254766,"2023_12_20_0028","2023_12_20_0028_ev00130_rec0","no",65235
131,0,12.84085,101.957767668225,129.852294921875,27.8945272536505,5.70000000000093,44.2,29.9999999999994,-90616.1787198766,90743.6488433838,254047.106297821,899.022988473801,12.8304,12.8239,256817,"2023_12_20_0028","2023_12_20_0028_ev00131_rec0","no",65236
132,0,12.91365,113.634374346052,135.955810546875,22.3214362008231,1.54999999999994,8.20000000000043,12.9999999999999,-54880.3517489129,55009.0563733772,105056.009924266,267.962896129063,12.9114,12.9096,258273,"2023_12_20_0028","2023_12_20_0028_ev00132_rec0","no",65237
133,0,12.99045,117.151161920457,121.765129089355,4.61396716889881,0.0500000000016598,0.299999999999301,0.299999999999301,114.709685518958,4.9156903839459,1.9093212417981,-62.2774759928385,12.9902,12.99015,259809,"2023_12_20_0028","2023_12_20_0028_ev00133_rec0","no",65238
134,0,13.05135,113.227473304385,119.78148651123,6.55401320684524,0.250000000001194,0.14999999999965,0,103.993193817188,10.6293381808028,29.6652042969641,-75.4988534109932,13.05135,13.0511,261027,"2023_12_20_0028","2023_12_20_0028_ev00134_rec0","no",65239
135,0,13.15855,112.755177452451,124.96947479248,12.2142973400298,4.89999999999924,19.3000000000012,30.0000000000011,117.473757421265,4.90691109656898,4.46832756655953,273.55975234622,13.14765,13.1423,263171,"2023_12_20_0028","2023_12_20_0028_ev00135_rec0","no",65240
136,0,13.18845,119.556237720308,124.35912322998,4.80288550967262,0.250000000001194,0.100000000001543,0,-19352.8336292809,19471.0289201323,61709.8958839215,-182.324727376302,13.18845,13.18815,263769,"2023_12_20_0028","2023_12_20_0028_ev00136_rec0","no",65241
137,0,13.2336,109.950466700963,116.882316589355,6.93184988839286,0.300000000001077,15.4499999999995,13.9999999999993,519102.288662159,-518999.273301731,764688.109494599,98.6137504577638,13.2336,13.2333,264672,"2023_12_20_0028","2023_12_20_0028_ev00137_rec0","no",65242
138,0,13.2702,108.235669453939,130.92041015625,22.6847407023112,4.29999999999886,8.49999999999973,0,133.696477925939,-16.9266650349783,10.5411141849282,843.425887680054,13.2599,13.25555,265404,"2023_12_20_0028","2023_12_20_0028_ev00138_rec0","no",65243
139,0,13.29025,117.914101373582,144.195556640625,26.2814552670433,2.15000000000032,8.10000000000066,6.45000000000095,124.479851743465,15.1034535329437,4.12120297822587,413.037773259481,13.2839,13.28155,265805,"2023_12_20_0028","2023_12_20_0028_ev00139_rec0","no",65244
140,0,13.32065,131.022132873535,139.617919921875,8.59578704833984,0.249999999999417,0.199999999999534,0,114.375337812044,18.673505367578,30.9627043627081,-138.687200546265,13.32065,13.3204,266413,"2023_12_20_0028","2023_12_20_0028_ev00140_rec0","no",65245
141,0,13.3462,122.477205912272,126.342765808105,3.86555989583333,0.300000000001077,0.250000000001194,0.0499999999998835,119.134706094378,4.7982356312455,10.2456613101019,-52.2677084604901,13.3462,13.34585,266924,"2023_12_20_0028","2023_12_20_0028_ev00141_rec0","no",65246
142,0,13.36695,118.56804947626,124.96947479248,6.40142531622024,0.150000000001427,0.300000000001077,0.249999999999417,108.816676672108,12.2117195138673,31.4325491528831,-54.7132946196056,13.36675,13.3666,267339,"2023_12_20_0028","2023_12_20_0028_ev00142_rec0","no",65247
145,0,13.48295,104.638954889207,120.69701385498,16.0580589657738,0.300000000001077,8.85000000000069,29.9999999999994,111.043534480188,7.94391035843728,4.3697891877836,256.588708786737,13.48055,13.48025,269659,"2023_12_20_0028","2023_12_20_0028_ev00145_rec0","no",65250
146,0,13.563,113.103949773879,126.19017791748,13.0862281436012,1.79999999999936,17.8000000000011,29.9999999999994,119.132471849283,6.30529533496924,3.91678112052208,291.394376046317,13.55575,13.553,271260,"2023_12_20_0028","2023_12_20_0028_ev00146_rec0","no",65251
147,0,13.60655,121.728798639207,130.462646484375,8.73384784516834,0.799999999999912,3.09999999999988,1.9000000000009,113.623398623388,13.4522345419236,11.1899617629058,-93.3051252455938,13.60635,13.6037,272131,"2023_12_20_0028","2023_12_20_0028_ev00147_rec0","no",65252
148,0,13.6427,116.824187869117,120.239250183105,3.4150623139881,0.300000000001077,0.250000000001194,0,112.294302245669,5.17530780714034,8.38408943571965,-92.035929361979,13.6427,13.6424,272854,"2023_12_20_0028","2023_12_20_0028_ev00148_rec0","no",65253
149,0,13.6734,111.301959446498,119.323722839355,8.02176339285714,0.199999999999534,0.14999999999965,0,-6591.53717179557,6701.80419525609,116436.349696887,-55.600302559989,13.6734,13.6732,273468,"2023_12_20_0028","2023_12_20_0028_ev00149_rec0","no",65254
150,0,13.69955,108.82422274635,113.37279510498,4.54857235863095,0.0999999999997669,0.0499999999998835,0,-38966.185755948,39076.3652340002,142592.784015982,-82.4056352887836,13.69955,13.69945,273991,"2023_12_20_0028","2023_12_20_0028_ev00150_rec0","no",65255
151,0,13.8159,101.638059706915,124.206535339355,22.5684756324405,1.74999999999947,17.100000000001,29.9999999999994,110.926317562316,14.0031669986054,7.415400846142,420.288630894252,13.8154,13.8131,276318,"2023_12_20_0028","2023_12_20_0028_ev00151_rec0","no",65256
152,0,13.8405,111.403684706915,118.103019714355,6.69933500744048,0.14999999999965,0.249999999999417,0,106.581051234849,6.90186615150042,8.95556995823288,-83.2722981770832,13.84035,13.8402,276810,"2023_12_20_0028","2023_12_20_0028_ev00152_rec0","no",65257
153,0,13.87105,105.808795383998,116.271965026855,10.4631696428571,0.14999999999965,0.14999999999965,0,-19001.6588267561,19107.6797014905,94104.6561432642,-83.7947300502233,13.871,13.87085,277421,"2023_12_20_0028","2023_12_20_0028_ev00153_rec0","no",65258
155,0,13.94995,111.447281247094,121.00218963623,9.5549083891369,0.20000000000131,0.150000000001427,0,104.999264687059,7.01497012789899,21.0000464579133,-80.0726754324779,13.9499,13.9497,278999,"2023_12_20_0028","2023_12_20_0028_ev00155_rec0","no",65260
156,0,13.98675,106.38281649635,119.934074401855,13.5512579055059,2.00000000000067,24.3000000000002,29.9999999999994,108.204584745037,10.7504425061598,26.0031769753179,292.270842052641,13.9842,13.98195,279735,"2023_12_20_0028","2023_12_20_0028_ev00156_rec0","no",65261
157,0,14.0099,112.47179994129,121.91771697998,9.44591703869048,0.199999999999534,0.0999999999997669,0,-30913.628894876,31026.6590892118,108529.334348194,-111.099061511812,14.0099,14.0097,280198,"2023_12_20_0028","2023_12_20_0028_ev00157_rec0","no",65262
158,0,14.04995,103.549041384742,132.598876953125,29.0498355683826,8.35000000000008,15.6000000000009,21.4499999999997,-63300.5748008663,63420.9827827939,222432.759207232,518.318540718442,14.0499,14.0412,280999,"2023_12_20_0028","2023_12_20_0028_ev00158_rec0","no",65263
159,0,14.0603,115.334639413016,122.52806854248,7.19342912946429,0.249999999999417,1.9000000000009,3.70000000000026,101.1475545265,18.6694982015668,36.2291881344004,-43.6668395996092,14.0603,14.06,281206,"2023_12_20_0028","2023_12_20_0028_ev00159_rec0","no",65264
160,0,14.0899,109.826943170457,116.882316589355,7.05537341889881,0.0499999999998835,0.199999999999534,0,-47545.8211999006,47655.9719337917,192938.539660353,-100.084758940197,14.08975,14.0897,281798,"2023_12_20_0028","2023_12_20_0028_ev00160_rec0","no",65265
161,0,14.1299,102.488192240397,109.40550994873,6.91731770833333,0.20000000000131,0.250000000001194,0.0499999999998835,102.996312009662,6.40794393908463,1e-07,17.0071919759113,14.12975,14.12955,282598,"2023_12_20_0028","2023_12_20_0028_ev00161_rec0","no",65266
162,0,14.16985,110.909590584891,122.52806854248,11.6184779575893,6.29999999999953,3.49999999999895,0.350000000000961,107.205946817709,9.0211821545207,3.12836996263384,-64.8160661969864,14.16975,14.16345,283397,"2023_12_20_0028","2023_12_20_0028_ev00162_rec0","no",65267
164,0,14.23085,101.957767668225,115.966789245605,14.0090215773809,0.499999999998835,6.3999999999993,8.65000000000116,-48528.0036826693,48637.6719740885,166350.46251995,165.225619361514,14.22485,14.2238,284617,"2023_12_20_0028","2023_12_20_0028_ev00164_rec0","no",65269
166,0,14.3531,110.611680893671,118.713371276855,8.10169038318452,0.700000000000145,0.20000000000131,0,103.900216401049,6.72085534588601,6.8606987778138,-154.305231003534,14.3531,14.35215,287062,"2023_12_20_0028","2023_12_20_0028_ev00166_rec0","no",65271
167,0,14.4263,102.633514040992,107.26927947998,4.6357654389881,0.249999999999417,1.09999999999921,0.750000000000028,99.9693956880974,8.67110780532351,1.11437013543654,-67.9686410086493,14.4259,14.4256,288526,"2023_12_20_0028","2023_12_20_0028_ev00167_rec0","no",65272
168,0,14.46975,104.181191217332,113.67797088623,9.49677966889881,5.10000000000055,3.00000000000011,0,98.8577309624211,6.34815938509263,7.93165211251589,-104.340144566127,14.46975,14.46425,289395,"2023_12_20_0028","2023_12_20_0028_ev00168_rec0","no",65273
169,0,14.4979,99.8142711094448,104.064933776855,4.25066266741071,0.350000000000961,0.150000000001427,0,97.2690016660636,3.08371485154878,3.43731672708031,-65.2553013392859,14.4979,14.49755,289958,"2023_12_20_0028","2023_12_20_0028_ev00169_rec0","no",65274
170,0,14.53315,97.0967534383138,101.16576385498,4.06901041666667,0.300000000001077,0,0.14999999999965,95.0018657532847,3.90976196494185,1.97861931063399,-52.7407328287759,14.53315,14.53285,290663,"2023_12_20_0028","2023_12_20_0028_ev00170_rec0","no",65275
171,0,14.59065,99.3347091674805,105.895988464355,6.561279296875,0.14999999999965,30.1500000000008,30.0000000000011,98.742231706353,-0.162852511129675,4.34198390713153,-17.303466796875,14.59055,14.5904,291813,"2023_12_20_0028","2023_12_20_0028_ev00171_rec0","no",65276
172,0,14.69305,100.635339282808,104.82787322998,4.19253394717262,0.300000000001077,0.14999999999965,0.14999999999965,98.5521112815796,8.24649904989905,0.195447016980989,-59.2587788899739,14.69305,14.69275,293861,"2023_12_20_0028","2023_12_20_0028_ev00172_rec0","no",65277
173,0,14.7825,97.1040195283436,118.103019714355,20.9990001860119,3.65000000000038,23.5500000000002,29.9999999999994,104.839720245449,10.8070063909553,15.1158478343316,445.310320172991,14.78175,14.77805,295650,"2023_12_20_0028","2023_12_20_0028_ev00173_rec0","no",65278
174,0,14.83295,102.749771481469,111.23656463623,8.4867931547619,0.14999999999965,0.249999999999417,0.249999999999417,100.792460641583,8.19106996029948,0.498356190035174,-53.5919552757629,14.8329,14.83275,296659,"2023_12_20_0028","2023_12_20_0028_ev00174_rec0","no",65279
175,0,14.84245,102.204814729236,107.727043151855,5.52222842261905,0.150000000001427,0.100000000001543,0.249999999999417,100.145755439251,4.45010823000079,3.07740559424387,-47.6397559756323,14.84245,14.8423,296849,"2023_12_20_0028","2023_12_20_0028_ev00175_rec0","no",65280
176,0,14.86355,100.758862813314,104.370109558105,3.61124674479167,0.0999999999997669,0.0499999999998835,0.300000000001077,97.2496221988992,5.06296406818996,7.23894198636837,-68.1991577148436,14.8633,14.86315,297271,"2023_12_20_0028","2023_12_20_0028_ev00176_rec0","no",65281
177,0,14.91285,98.7970185052781,110.01586151123,11.2188430059524,0.14999999999965,0.14999999999965,0,88.5114139804082,10.7611789968788,45.8924913974469,-70.2198573521206,14.9128,14.9126,298257,"2023_12_20_0028","2023_12_20_0028_ev00177_rec0","no",65282
178,0,14.97055,97.6053797403971,118.103019714355,20.4976399739583,8.15000000000055,14.4000000000002,10.0499999999997,103.286649427485,9.76269014901508,6.15135484644099,416.823032077611,14.96445,14.95625,299411,"2023_12_20_0028","2023_12_20_0028_ev00178_rec0","no",65283
179,0,14.98655,105.423692612421,113.37279510498,7.94910249255952,0.150000000001427,0.250000000001194,0.499999999998835,103.229188946976,6.68216599358047,1.87154624259412,-52.3979161810077,14.9865,14.98635,299731,"2023_12_20_0028","2023_12_20_0028_ev00179_rec0","no",65284
182,0,15.1411,101.151905845942,139.872814632388,38.7209087864465,1.45000000000017,23.6999999999998,30.0000000000011,108.879437614374,29.3337625376918,23.761979299066,795.428851975835,15.1405,15.13895,302822,"2023_12_20_0028","2023_12_20_0028_ev00182_rec0","no",65287
183,0,15.1929,112.584860692565,117.239750259313,4.65488956674764,0.249999999999417,0.299999999999301,0,-14667.3675033113,14779.3000081453,62146.7470542139,-124.457469674749,15.19285,15.19255,303858,"2023_12_20_0028","2023_12_20_0028_ev00183_rec0","no",65288
184,0,15.21045,110.217866728788,118.338542515965,8.12067578717743,0.0999999999997669,0.250000000001194,0.20000000000131,106.313355130019,12.4850467061372,0.30001134660026,-112.377383907817,15.2104,15.21025,304209,"2023_12_20_0028","2023_12_20_0028_ev00184_rec0","no",65289
185,0,15.23995,105.610607242717,111.864520403699,6.25391316098209,0.299999999999301,30.2499999999988,29.9999999999994,3832.02111965815,-3729.0443433088,134754.164453796,-65.0557347840059,15.23995,15.2395,304799,"2023_12_20_0028","2023_12_20_0028_ev00185_rec0","no",65290
186,0,15.29275,103.096945628786,114.822707245275,11.7257616164888,0.249999999999417,30.2000000000007,30.0000000000011,26204.8966654211,-26104.9738982652,392208.649653638,-63.8739404398858,15.2927,15.29245,305855,"2023_12_20_0028","2023_12_20_0028_ev00186_rec0","no",65291
187,0,15.3199,103.108653139939,108.844562496136,5.7359093561965,0.150000000001427,0.249999999999417,0.299999999999301,100.685488376961,4.76543653475007,6.28949710277945,-41.5421952671493,15.3197,15.31955,306398,"2023_12_20_0028","2023_12_20_0028_ev00187_rec0","no",65292
188,0,15.4927,102.907295586959,109.220735736277,6.31344014931786,0.250000000001194,0.20000000000131,0.750000000000028,100.878603606535,4.93677981558382,5.92567382662292,-30.3189843086335,15.4927,15.4924,309854,"2023_12_20_0028","2023_12_20_0028_ev00188_rec0","no",65293
189,0,15.5504,102.684561652234,132.711244328581,30.0266826763471,14.7500000000012,32.9999999999995,26.7499999999998,-47083.1188740054,47206.6320469354,129994.253860891,829.02277272653,15.54605,15.53115,311008,"2023_12_20_0028","2023_12_20_0028_ev00189_rec0","no",65294
190,0,15.65035,100.600859504138,105.858408290461,5.25754878632358,0.199999999999534,0.0499999999998835,0,99.4571118272172,2.92200152056163,5.11656454487485,-18.0457962690398,15.6502,15.65,313007,"2023_12_20_0028","2023_12_20_0028_ev00190_rec0","no",65295
192,0,16.0102,103.284867595579,110.035026301248,6.75015870566945,0.249999999997641,0.149999999997874,0,99.53492383097,3.45780338600875,4.58013542661233,-95.8602624499018,16.0102,16.00995,320204,"2023_12_20_0028","2023_12_20_0028_ev00192_rec0","no",65297
193,0,16.22915,100.38525706835,131.88140802612,31.4961509577693,1.24999999999886,24.8500000000007,30.0000000000011,104.533449296291,22.9490472049163,29.7312147592821,682.389991960598,16.22535,16.22405,324583,"2023_12_20_0028","2023_12_20_0028_ev00193_rec0","no",65298
194,0,16.31945,105.802300789474,114.009114952698,8.20681416322489,0.149999999997874,0.150000000001427,0,96.4915767930749,9.68908636123779,27.2020525925816,-102.068369201036,16.3194,16.3192,326389,"2023_12_20_0028","2023_12_20_0028_ev00194_rec0","no",65299
195,0,16.5124,98.7674054586328,140.493570334211,41.7261648755778,1.90000000000268,19.1499999999998,24.4999999999997,-184.926016320386,318.433588296471,392.184616772482,744.696731896121,16.5122,16.50995,330248,"2023_12_20_0028","2023_12_20_0028_ev00195_rec0","no",65300
196,0,16.54905,113.65218584645,119.817396456275,6.16521060982525,0.0500000000016598,0.199999999999534,0,-17430.4786438767,17542.6164933614,54428.046079195,-189.091381143175,16.5489,16.54885,330981,"2023_12_20_0028","2023_12_20_0028_ev00196_rec0","no",65301
197,0,16.66055,100.013690750787,124.007382674747,23.9936919239604,6.75000000000026,30.5999999999997,30.0000000000011,117.174191985418,5.74228515486944,1.96524500229935,715.270105652064,16.6566,16.6498,333211,"2023_12_20_0028","2023_12_20_0028_ev00197_rec0","no",65302
198,0,16.69,121.913545361788,128.857654045093,6.94410868330561,0.299999999999301,0.249999999997641,0,109.839154567441,10.9332764109992,6.34043359389586,-292.250083336687,16.69,16.6897,333800,"2023_12_20_0028","2023_12_20_0028_ev00198_rec0","no",65303
199,0,16.72995,108.400256661335,116.040536745126,7.64028008379073,0.149999999997874,0.199999999999534,0,100.160782186728,7.90686520383826,25.0563517353138,-107.471813941536,16.7298,16.72965,334599,"2023_12_20_0028","2023_12_20_0028_ev00199_rec0","no",65304
200,0,16.849,102.436783686489,108.194618248616,5.75783456212683,0.0500000000016598,30.3000000000004,29.9999999999976,11679.0684513732,-11579.7838184815,139752.393822602,-55.2611426713179,16.84875,16.84865,336980,"2023_12_20_0028","2023_12_20_0028_ev00200_rec0","no",65305
201,0,16.9257,97.2129406681799,100.965097949069,3.75215728088919,0.499999999998835,3.8000000000018,4.50000000000017,96.1484284720556,5.26404841905774,5.88246834171304,0.840859565766742,16.9257,16.9252,338514,"2023_12_20_0028","2023_12_20_0028_ev00201_rec0","no",65306
202,0,16.99225,103.713736854536,112.59181752646,8.87808067192398,0.0999999999997669,30.2000000000007,30.0000000000011,12838.6102070284,-12737.217381755,204470.711205963,-39.6957157975213,16.9921,16.992,339845,"2023_12_20_0028","2023_12_20_0028_ev00202_rec0","no",65307
203,0,17.0194,102.904927980668,108.147096134237,5.24216815356925,0.299999999999301,0.249999999997641,0,100.995614465267,2.17149383555128,3.05407644473113,-49.2956889490966,17.0194,17.0191,340388,"2023_12_20_0028","2023_12_20_0028_ev00203_rec0","no",65308
205,0,17.42875,93.3605819062948,116.602446659982,23.2418647536874,0.450000000000728,20.150000000001,30.0000000000011,81.6414021857961,27.2959070785596,106.892729690188,419.865894085226,17.4256,17.4251,348575,"2023_12_20_0028","2023_12_20_0028_ev00205_rec0","no",65310
207,0,17.532,101.239424659732,110.833006417751,9.59358175801911,0.150000000001427,0.150000000001427,0,96.6418565614891,4.27107857372447,11.0604601246552,-92.6906443786792,17.53195,17.5318,350640,"2023_12_20_0028","2023_12_20_0028_ev00207_rec0","no",65312
208,0,17.62015,102.203885039323,162.929075739707,60.7251907003833,3.45000000000084,37.6500000000028,30.0000000000011,50.155614803162,107.755583672034,147.839363176684,1770.12755251656,17.61555,17.6117,352403,"2023_12_20_0028","2023_12_20_0028_ev00208_rec0","no",65313
209,0,17.75895,119.254721303994,127.413084021649,8.15836271765524,0.299999999999301,22.949999999998,19.9999999999996,122136.541510903,-122021.89040416,319781.252366047,35.2844165255848,17.75895,17.75865,355179,"2023_12_20_0028","2023_12_20_0028_ev00209_rec0","no",65314
210,0,17.7886,117.547212670984,138.03360307368,20.4863904026953,6.29999999999953,2.84999999999869,7.44999999999862,-88870.1263762713,88998.8294139341,184965.808587226,199.999774275797,17.7885,17.7821,355772,"2023_12_20_0028","2023_12_20_0028_ev00210_rec0","no",65315
211,0,17.9095,108.137045787034,112.811825607842,4.67477982080787,0.399999999999068,1.55000000000172,2.00000000000244,103.526014935857,7.97967573764726,8.72090686527575,-68.98756967784,17.9095,17.90905,358190,"2023_12_20_0028","2023_12_20_0028_ev00211_rec0","no",65316
212,0,17.99195,105.4564077787,112.190332151073,6.73392437237284,0.299999999999301,0.250000000001194,0,104.135477886313,3.06185619072699,2.4048756706045,-29.7397466881888,17.99195,17.9916,359839,"2023_12_20_0028","2023_12_20_0028_ev00212_rec0","no",65317
215,0,18.2318,95.5694356364455,117.228387596842,21.6589519603962,1.24999999999886,16.5000000000006,23.9499999999992,90.1864097536615,20.8987098867761,53.804969279778,370.833823513423,18.2296,18.22825,364636,"2023_12_20_0028","2023_12_20_0028_ev00215_rec0","no",65320
216,0,18.29165,101.31163216594,109.079839576604,7.76820741066409,0.199999999999534,0.149999999997874,0,98.2558910004487,5.42278854014412,6.81474010211221,-53.9166827691954,18.2916,18.2914,365833,"2023_12_20_0028","2023_12_20_0028_ev00216_rec0","no",65321
217,0,18.3413,101.706339792206,108.175702374342,6.46936258213647,0.699999999998369,0.149999999997874,0,91.369249888657,11.6816952548679,33.5346624602117,-76.8453776619601,18.3413,18.34045,366826,"2023_12_20_0028","2023_12_20_0028_ev00217_rec0","no",65322
218,0,18.49165,94.8280512996117,122.469640515383,27.641589215771,2.20000000000198,16.849999999998,29.9999999999976,102.925361145387,13.1468972308677,16.8839324247723,506.839800174403,18.4894,18.48715,369833,"2023_12_20_0028","2023_12_20_0028_ev00218_rec0","no",65323
219,0,18.5652,106.283974736306,110.114472795616,3.83049805930985,0.199999999999534,0.249999999997641,0,99.0871331165592,7.41596618160846,9.05074132182726,-150.094543556822,18.56505,18.56485,371304,"2023_12_20_0028","2023_12_20_0028_ev00219_rec0","no",65324
220,0,18.6787,96.6852181374346,130.908104580714,34.2228864432798,16.5500000000023,32.2999999999993,29.9999999999976,-137482.9887363,137607.770315918,291612.273111944,1091.21811594617,18.67615,18.6595,373574,"2023_12_20_0028","2023_12_20_0028_ev00220_rec0","no",65325
221,0,18.71865,109.226202832309,116.200274879111,6.97407204680266,0.250000000001194,0.249999999997641,0.650000000000261,107.056760781014,5.60969367325283,3.75606560003322,-42.7089225068309,18.7186,18.7183,374373,"2023_12_20_0028","2023_12_20_0028_ev00221_rec0","no",65326
222,0,18.75435,106.189470164209,135.744006470898,29.5545363066888,0.650000000000261,17.2500000000007,25.9999999999998,111.740155254371,23.4764668346461,17.6501434642788,525.846929995555,18.75405,18.75335,375087,"2023_12_20_0028","2023_12_20_0028_ev00222_rec0","no",65327
223,0,18.7882,119.238384088735,124.315798058329,5.07741396959364,0.0499999999981071,30.0499999999992,29.9999999999976,24720.8320193131,-24606.9038213084,486801.912366927,-135.581356172746,18.788,18.78795,375764,"2023_12_20_0028","2023_12_20_0028_ev00223_rec0","no",65328
224,0,18.81965,118.994877202994,122.009485899569,3.01460869657519,0.250000000001194,0.250000000001194,0,106.236285994468,13.5510987388966,10.776365784637,-245.174475254543,18.81965,18.8193,376393,"2023_12_20_0028","2023_12_20_0028_ev00224_rec0","no",65329
225,0,18.8892,102.317857534432,122.700453001295,20.3825954668628,0.849999999999795,13.8999999999996,19.8499999999981,-21224.4518766208,21341.4882959088,58975.8822497066,367.062697272499,18.88305,18.8817,377784,"2023_12_20_0028","2023_12_20_0028_ev00225_rec0","no",65330
226,0,18.98915,100.89642184176,107.731452368324,6.83503052656415,0.0999999999997669,0.250000000001194,0,97.8708761056439,5.17970736511227,7.43544920187193,-51.1445607371518,18.98895,18.98885,379783,"2023_12_20_0028","2023_12_20_0028_ev00226_rec0","no",65331
228,0,19.10095,98.3666153386522,122.835768376233,24.4691530375812,1.30000000000052,14.6000000000015,20.500000000002,104.189181441989,16.4072915341899,12.6255141087952,423.497831844897,19.09935,19.098,382019,"2023_12_20_0028","2023_12_20_0028_ev00228_rec0","no",65333
231,0,19.2514,105.865543477867,113.001936101611,7.13639262374451,0.0500000000016598,30.2000000000007,30.0000000000011,3847.13662589034,-3743.80802781954,260194.411652428,-68.3939805847681,19.25125,19.25115,385028,"2023_12_20_0028","2023_12_20_0028_ev00231_rec0","no",65336
232,0,19.3942,102.918064603254,117.016696350031,14.0986317467762,1.65000000000148,13.499999999997,27.1499999999989,107.816034500326,8.04927275306424,8.41383901843909,250.850401993351,19.39335,19.39095,387884,"2023_12_20_0028","2023_12_20_0028_ev00232_rec0","no",65337
233,0,19.47125,105.342311802233,110.889776076704,5.54746427447152,0.150000000001427,0.149999999997874,0,100.552359841896,5.04960524517275,10.3308395290054,-93.4081116056678,19.47115,19.471,389425,"2023_12_20_0028","2023_12_20_0028_ev00233_rec0","no",65338
234,0,19.5184,98.869614395902,106.608117424145,7.73850302824272,0.200000000003087,0.250000000001194,0.0499999999981071,97.5888147476711,4.31185886860149,1.67704636188919,-29.5313749537211,19.5183,19.51805,390368,"2023_12_20_0028","2023_12_20_0028_ev00234_rec0","no",65339
235,0,19.6279,102.215380526159,110.049456860805,7.8340763346464,0.249999999997641,0.199999999999534,0,98.4600125755894,6.52406768459895,2.83723150285945,-92.3043358700885,19.6279,19.62765,392558,"2023_12_20_0028","2023_12_20_0028_ev00235_rec0","no",65340
236,0,19.97925,97.4519947122173,101.221844945559,3.7698502333421,0.0500000000016598,30.2499999999988,30.0000000000011,1210.41824807855,-1113.99207662178,95376.3539340195,-24.0685715072838,19.979,19.97895,399585,"2023_12_20_0028","2023_12_20_0028_ev00236_rec0","no",65341
238,0,20.11815,101.25636457439,107.454656101897,6.19829152750643,0.250000000001194,0.599999999998602,1.1499999999991,99.538717772689,5.25416236129088,4.27771699239622,-27.3115372427149,20.11815,20.11775,402363,"2023_12_20_0028","2023_12_20_0028_ev00238_rec0","no",65343
239,0,20.3752,106.065477924758,111.153888489035,5.08841056427664,0.0999999999997669,0.599999999998602,0.799999999998136,105.388762393421,3.87528613006922,1.98305357797276,-11.2172873152329,20.375,20.3749,407504,"2023_12_20_0028","2023_12_20_0028_ev00239_rec0","no",65344
240,0,20.3991,104.240348088028,110.801315923933,6.56096783590478,0.349999999997408,2.40000000000151,4.25000000000253,95.3067022256225,13.0956048373356,29.815477619627,-17.7688937076371,20.3991,20.3987,407982,"2023_12_20_0028","2023_12_20_0028_ev00240_rec0","no",65345
241,0,20.48755,98.2012392900926,107.421220202503,9.21998091241011,0.250000000001194,0.199999999999534,0,94.5655463514759,5.97898370131212,2.32939950996294,-92.9856112092652,20.48755,20.4873,409751,"2023_12_20_0028","2023_12_20_0028_ev00241_rec0","no",65346
242,0,20.759,99.2904843933272,101.643556582543,2.35307218921598,0.0499999999981071,0.299999999999301,0,96.8021046263437,3.34618132722523,3.38611778231361,-61.6601164639816,20.7587,20.75865,415180,"2023_12_20_0028","2023_12_20_0028_ev00242_rec0","no",65347
243,0,21.14825,104.904638072553,112.660133953697,7.75549588114445,0.249999999997641,0.199999999999534,0,-10279.5727727664,10384.4902078067,128147.35777813,-35.0296909622813,21.14825,21.14795,422965,"2023_12_20_0028","2023_12_20_0028_ev00243_rec0","no",65348
244,0,21.1641,105.542694541779,109.475660560149,3.93296601837039,0.0500000000016598,0.0499999999981071,0,98.9814520689836,7.44484057106469,11.2660961441706,-118.185608962478,21.1638,21.16375,423282,"2023_12_20_0028","2023_12_20_0028_ev00244_rec0","no",65349
245,0,21.25765,105.368481971227,113.958325813397,8.58984384216946,0.0999999999997669,0.250000000001194,0.450000000000728,103.332190567259,5.68087157881106,5.27707340357307,-29.4492376568799,21.2575,21.25735,425153,"2023_12_20_0028","2023_12_20_0028_ev00245_rec0","no",65350
246,0,21.2882,102.88673293277,112.693405131949,9.80667219917895,0.300000000002854,30.149999999999,29.9999999999976,26136.889980278,-26035.691618411,496922.341026127,-25.874327096583,21.2882,21.2879,425764,"2023_12_20_0028","2023_12_20_0028_ev00246_rec0","no",65351
247,0,21.5071,99.2703727240629,106.710652546488,7.44027982242491,0.150000000001427,30.149999999999,30.0000000000011,97.6966488637938,-1.15192830734589,6.08592724655747,-53.2786055016715,21.50705,21.5069,430142,"2023_12_20_0028","2023_12_20_0028_ev00247_rec0","no",65352
248,0,21.6575,98.9012528366939,105.995632016659,7.09437917996476,0.0999999999997669,0.250000000001194,0,93.4334930700356,6.61987175591407,17.4743607809619,-67.2686255675474,21.6573,21.6572,433150,"2023_12_20_0028","2023_12_20_0028_ev00248_rec0","no",65353
249,0,21.7974,99.0226112610852,126.623628182717,27.6010169216321,9.3500000000013,13.0000000000017,11.4999999999981,102.108970670071,18.5096566536517,12.0399366977414,491.128278924967,21.7966,21.7854,435948,"2023_12_20_0028","2023_12_20_0028_ev00249_rec0","no",65354
250,0,21.8679,102.966701297128,106.295282214867,3.32858091773929,0.250000000001194,0.150000000001427,0,97.3073331956574,6.18467805415592,8.64202251817159,-117.379573209096,21.8679,21.8676,437358,"2023_12_20_0028","2023_12_20_0028_ev00250_rec0","no",65355
252,0,22.14355,101.70416410183,115.858860594919,14.1546964930888,3.84999999999991,14.6000000000015,14.1999999999989,106.063798926046,6.94273712283866,6.85921466897334,251.881076298303,22.1405,22.13385,442871,"2023_12_20_0028","2023_12_20_0028_ev00252_rec0","no",65357
253,0,22.21725,111.704973235874,121.409096138501,9.70412290262759,0.199999999999534,0.249999999997641,0,106.328242905806,8.91874192672,6.50668341883955,-101.664217505676,22.21715,22.21695,444345,"2023_12_20_0028","2023_12_20_0028_ev00253_rec0","no",65358
254,0,22.47,106.280580266095,117.678267306588,11.3976870404925,0.250000000001194,30.149999999999,29.9999999999976,77540.3586670379,-77435.0773597711,445451.645337575,49.8997918612843,22.47,22.46975,449400,"2023_12_20_0028","2023_12_20_0028_ev00254_rec0","no",65359
256,0,22.9193,99.320992469636,102.301599497628,2.98060702799185,0.0500000000016598,0.399999999999068,0,94.9027113838052,5.47517217271595,9.39332492991964,-81.4508451455567,22.91885,22.9188,458386,"2023_12_20_0028","2023_12_20_0028_ev00256_rec0","no",65361
257,0,23.1663,101.652231669083,114.474904511427,12.8226728423438,0.0999999999997669,0.10000000000332,0,97.8977334136469,5.87460763435107,9.3812946038449,-58.5320295924005,23.16625,23.1661,463326,"2023_12_20_0028","2023_12_20_0028_ev00257_rec0","no",65362
258,0,23.20635,98.2913732778688,108.517103225411,10.2257299475423,0.0999999999997669,30.149999999999,30.0000000000011,11619.8170312696,-11523.8646190616,387845.956863531,-55.4828247872391,23.20625,23.20615,464127,"2023_12_20_0028","2023_12_20_0028_ev00258_rec0","no",65363
259,0,23.3297,98.4329939611977,105.717239271002,7.28424530980405,0.299999999999301,0.299999999999301,0.199999999999534,95.5505990877305,6.54599680232002,1.33592047002846,-75.2870844088997,23.3297,23.32935,466594,"2023_12_20_0028","2023_12_20_0028_ev00259_rec0","no",65364
260,0,23.41665,106.907952253174,112.571253664433,5.66330141125918,0.249999999997641,0.249999999997641,0,102.373223549589,6.11592481770024,6.84667423735503,-92.8075791449963,23.41665,23.4164,468333,"2023_12_20_0028","2023_12_20_0028_ev00260_rec0","no",65365
261,0,23.4391,103.248314133592,109.341120313829,6.09280618023715,0.0999999999997669,0.0499999999981071,0,94.7648397844275,10.2920867318206,23.366877392679,-80.2573321463558,23.4391,23.43895,468782,"2023_12_20_0028","2023_12_20_0028_ev00261_rec0","no",65366
262,0,23.52725,101.81574842721,109.330479237998,7.51473081078878,0.199999999999534,0.199999999999534,0,99.1233938020845,4.06489719499806,1.67854382116215,-72.7505903939045,23.5272,23.52695,470545,"2023_12_20_0028","2023_12_20_0028_ev00262_rec0","no",65367
263,0,23.8061,97.041167270095,100.562470212976,3.52130294288088,0.249999999997641,0.349999999997408,0.550000000000495,93.6680959219175,5.21128035342865,5.19571159982669,-72.5617298478781,23.8061,23.80575,476122,"2023_12_20_0028","2023_12_20_0028_ev00263_rec0","no",65368
264,0,23.95645,99.63874461467,109.062991163038,9.42424654836776,0.0999999999997669,0.249999999997641,0.500000000002387,97.6576547162485,6.09058209644472,4.50463553964486,-29.4527112972865,23.95625,23.95615,479129,"2023_12_20_0028","2023_12_20_0028_ev00264_rec0","no",65369
265,0,24.09995,104.0714753028,107.027504390168,2.95602908736768,0.499999999998835,1.79999999999936,1.70000000000314,100.46051117191,8.76093899866035,2.74406854218449,-82.5328258228725,24.09995,24.09945,481999,"2023_12_20_0028","2023_12_20_0028_ev00265_rec0","no",65370
267,0,24.2092,99.4590027588978,118.177103013165,18.7181002542671,9.75000000000037,8.40000000000174,2.74999999999892,97.8596024110906,9.77640758821398,20.0939024665687,166.8312744159,24.2091,24.1993,484184,"2023_12_20_0028","2023_12_20_0028_ev00267_rec0","no",65372
268,0,24.2469,100.661715097445,110.569620775896,9.90790567845123,0.199999999999534,0.199999999999534,0,97.2028480238103,4.51590937737049,4.23866123044495,-82.8947845750565,24.24685,24.24665,484938,"2023_12_20_0028","2023_12_20_0028_ev00268_rec0","no",65373
269,0,24.3058,95.4474459653663,127.418180389735,31.9707344243688,3.05000000000177,5.2500000000002,15.1000000000003,-23830.7631768535,23944.1486135871,59223.8228036324,408.311494136488,24.3057,24.3021,486116,"2023_12_20_0028","2023_12_20_0028_ev00269_rec0","no",65374
270,0,24.4562,109.341186795357,119.724451091821,10.3832642964636,0.300000000002854,0.150000000001427,0,102.473876585153,9.20140404283786,8.66674708286948,-126.926877536575,24.4562,24.4559,489124,"2023_12_20_0028","2023_12_20_0028_ev00270_rec0","no",65375
272,0,24.5362,102.408885470588,114.662202700266,12.2533172296781,2.19999999999843,7.15000000000288,5.74999999999903,100.920449380545,11.680003708307,8.67822126456498,88.2519712613177,24.53405,24.53155,490724,"2023_12_20_0028","2023_12_20_0028_ev00272_rec0","no",65377
274,0,24.82895,107.044587873386,116.178507220724,9.13391934733723,0.849999999999795,1.20000000000076,0,101.078041767547,7.58662611931912,6.51125017181282,-129.182624273684,24.82885,24.82765,496579,"2023_12_20_0028","2023_12_20_0028_ev00274_rec0","no",65379
275,0,24.8572,102.006768323231,107.059791395398,5.05302307216741,0.250000000001194,0.299999999999301,0,97.9730625341661,5.64326255942266,5.83740911573719,-86.8390510191071,24.8571,24.85685,497144,"2023_12_20_0028","2023_12_20_0028_ev00275_rec0","no",65380
276,0,24.8856,98.6007816000672,105.621921699985,7.02114009991737,0.149999999997874,0.149999999997874,0,-907.605906921881,1004.54915703319,67461.0254261821,-55.146880540612,24.8855,24.8853,497712,"2023_12_20_0028","2023_12_20_0028_ev00276_rec0","no",65381
277,1,25.04895,94.6191096846521,98.890914731864,4.27180504721188,0.40000000000262,3.25000000000131,3.59999999999872,92.389227024658,7.3582174815118,5.43559877554992,-23.4203162066139,25.04895,25.0485,979,"2023_12_20_0028","2023_12_20_0028_ev00277_rec1","no",65382
278,1,25.40865,95.5272462187466,114.129510118381,18.6022638996341,11.1999999999988,4.24999999999898,4.74999999999781,102.539945998982,14.2050724248477,0.133726185695976,370.680596985275,25.4055,25.39335,8173,"2023_12_20_0028","2023_12_20_0028_ev00278_rec1","no",65383
281,1,25.57115,94.469467119547,106.092455169812,11.6229880502649,0.599999999998602,9.79999999999848,20.0500000000012,98.2331252886818,5.98521087478643,8.31801257957982,177.950872612149,25.57,25.56915,11423,"2023_12_20_0028","2023_12_20_0028_ev00281_rec1","no",65386
283,1,25.7158,95.7840693186472,102.87422611418,7.09015679553288,0.150000000001427,1.59999999999982,3.19999999999965,94.0550508363243,5.96316240999778,10.1501100309441,8.13459969565434,25.71555,25.7154,14316,"2023_12_20_0028","2023_12_20_0028_ev00283_rec1","no",65388
284,1,25.86525,97.8582587624666,105.703761524599,7.84550276213257,0.0999999999997669,0.199999999999534,0,94.5756059239708,3.13868282090382,5.60172642566809,-79.5548497546345,25.86515,25.865,17305,"2023_12_20_0028","2023_12_20_0028_ev00284_rec1","no",65389
285,1,26.02845,89.7547501153826,97.4216189251323,7.6668688097497,0.250000000001194,0.900000000001455,2.50000000000128,50.5071096553847,43.5770666754521,71.8977174918523,-107.310003920273,26.0284,26.02815,20569,"2023_12_20_0028","2023_12_20_0028_ev00285_rec1","no",65390
286,1,26.15095,92.0259058303604,95.9358601577362,3.90995432737577,0.849999999999795,7.69999999999982,7.49999999999673,92.0004565836979,4.89192677670479,6.26228183652873,42.495817652511,26.15,26.148,23019,"2023_12_20_0028","2023_12_20_0028_ev00286_rec1","no",65391
287,1,26.5483,92.7611320718074,99.5216409674869,6.76050889567952,0.250000000001194,0.199999999999534,0.699999999998369,73.9478116816888,21.8879065421039,26.9796004471383,-166.499541510042,26.5483,26.54805,30966,"2023_12_20_0028","2023_12_20_0028_ev00287_rec1","no",65392
288,1,26.94815,103.945567852408,112.459579622696,8.51401177028801,0.0999999999997669,0.250000000001194,0,91.916960810504,14.3838127298571,30.9396853094573,-82.0497162263026,26.94795,26.94785,38963,"2023_12_20_0028","2023_12_20_0028_ev00288_rec1","no",65393
289,1,27.07525,100.319617545042,108.664283401975,8.34466585693214,0.149999999997874,0.250000000001194,0,95.7825249575954,5.38341847938493,12.3711355936369,-73.5502196310028,27.0751,27.07495,41505,"2023_12_20_0028","2023_12_20_0028_ev00289_rec1","no",65394
290,1,27.4656,91.5657408384288,115.934663047252,24.3689222088229,2.09999999999866,30.6500000000014,30.0000000000011,108.150778933513,5.19327537230295,4.26825864811838,565.815708809344,27.4648,27.46265,49312,"2023_12_20_0028","2023_12_20_0028_ev00290_rec1","no",65395
291,1,27.49755,112.672194345946,121.928891135769,9.25669678982321,0.149999999997874,1.50000000000006,0,102.743953960472,10.6131670413339,11.8617909589093,-179.875025540043,27.4975,27.4959,49951,"2023_12_20_0028","2023_12_20_0028_ev00291_rec1","no",65396
294,1,27.6446,102.765355154901,112.572529373461,9.80717421855938,0.250000000001194,0.199999999999534,0,-53488.0170383319,53590.3791560492,228792.136067644,-115.767532005702,27.6446,27.6443,52892,"2023_12_20_0028","2023_12_20_0028_ev00294_rec1","no",65399
297,1,27.92445,91.7765547117906,101.490528419455,9.71397370766431,0.0499999999981071,0.199999999999534,0,88.1771613718523,5.18883132472325,3.86863013113303,-86.3767432669303,27.9243,27.92415,58489,"2023_12_20_0028","2023_12_20_0028_ev00297_rec1","no",65402
298,1,27.98115,90.6168095145983,122.265020120363,31.6482106057651,2.90000000000035,13.6000000000003,17.1500000000009,90.2008433817699,26.2788961441816,22.1490566050401,498.956943782015,27.98095,27.97795,59623,"2023_12_20_0028","2023_12_20_0028_ev00298_rec1","no",65403
299,1,28.1948,93.3539445947882,101.926803241933,8.57285864714515,0.0999999999997669,0.250000000001194,0,86.1174702324749,9.62276567454585,10.0952484578423,-122.894426549889,28.1946,28.19445,63896,"2023_12_20_0028","2023_12_20_0028_ev00299_rec1","no",65404
300,1,28.3158,91.8258138443852,112.35411578364,20.5283019392547,1.54999999999816,10.5000000000004,30.0000000000011,100.171942426318,7.1435391725355,5.9593808983238,399.880631482052,28.31015,28.3086,66316,"2023_12_20_0028","2023_12_20_0028_ev00300_rec1","no",65405
301,1,28.3748,97.3408654409029,132.232061534604,34.8911960937013,3.29999999999941,19.599999999997,28.1999999999982,-52840.0528251678,52964.0430875115,108702.344813619,659.695229063015,28.37465,28.3713,67496,"2023_12_20_0028","2023_12_20_0028_ev00301_rec1","no",65406
302,1,28.4476,99.3014855691227,124.757431852076,25.4559462829537,8.25000000000031,28.8000000000004,29.9999999999976,108.558347515332,15.9920748156552,12.6042294568729,688.267210017093,28.44595,28.43765,68952,"2023_12_20_0028","2023_12_20_0028_ev00302_rec1","no",65407
303,1,28.50425,105.712469288922,118.379439653299,12.6669703643769,0.149999999997874,14.1500000000008,12.3500000000014,771618.969358473,-771521.400116442,742673.954877044,225.252983909537,28.50415,28.504,70085,"2023_12_20_0028","2023_12_20_0028_ev00303_rec1","no",65408
304,1,28.5276,101.958502284423,134.22210751722,32.2636052327966,5.44999999999973,28.0500000000004,30.0000000000011,-12735.5577877485,12865.7300887379,24516.2651531669,751.844433868695,28.52415,28.5186,70552,"2023_12_20_0028","2023_12_20_0028_ev00304_rec1","no",65409
305,1,28.6242,105.997470397456,111.92529106224,5.92782066478439,0.250000000001194,0.249999999997641,0,93.9655505181981,12.4574093811065,20.9882881734693,-160.534482045006,28.62415,28.6239,72484,"2023_12_20_0028","2023_12_20_0028_ev00305_rec1","no",65410
306,1,28.7441,98.1216183631274,106.093799519943,7.97218115681551,0.199999999999534,0.0999999999997669,0,-3429.87577953205,3527.42336769502,22244.5758530694,-87.6770180048728,28.7441,28.74385,74882,"2023_12_20_0028","2023_12_20_0028_ev00306_rec1","no",65411
307,1,28.93235,100.181702434707,107.542453994676,7.36075155996888,1.00000000000122,0.849999999999795,0,97.8154691497968,5.05069032129159,8.33930771450474,-26.4652998024411,28.9323,28.9313,78647,"2023_12_20_0028","2023_12_20_0028_ev00307_rec1","no",65412
308,1,28.98405,101.113016902019,110.020382540932,8.90736563891311,0.250000000001194,0.0999999999997669,0,-51208.907514054,51308.7785503319,271851.517503888,-120.903797909001,28.98405,28.9838,79681,"2023_12_20_0028","2023_12_20_0028_ev00308_rec1","no",65413
309,1,29.005,99.4715397126333,106.343880707223,6.87234099458956,0.249999999997641,1.00000000000122,1.10000000000099,87.22842273874,19.828367552016,3.80824088163969,-290.728447827119,29.005,29.0047,80100,"2023_12_20_0028","2023_12_20_0028_ev00309_rec1","no",65414
311,1,29.44715,100.464622403185,110.419440844636,9.95481844145118,0.550000000000495,2.30000000000175,0,95.8699031240644,7.21122498077358,7.38975155627562,-81.7762189940031,29.4471,29.44455,88943,"2023_12_20_0028","2023_12_20_0028_ev00311_rec1","no",65416
314,1,29.70705,92.0052285572283,118.182179342485,26.1769507852567,7.34999999999886,9.85000000000014,0,40314.2595240992,-40207.953920953,351763.257414907,665.478782949735,29.7038,29.696,94141,"2023_12_20_0028","2023_12_20_0028_ev00314_rec1","no",65419
315,1,29.73415,108.290928364128,121.727746887395,13.4368185232673,0.199999999999534,0.199999999999534,0,-119053.965834199,119164.555480628,352180.930770753,-80.8898979116176,29.73405,29.73385,94683,"2023_12_20_0028","2023_12_20_0028_ev00315_rec1","no",65420
316,1,29.7741,101.162103506924,108.321912442198,7.15980893527411,0.150000000001427,0.199999999999534,0,94.0818321041459,8.21707025452115,13.0023789115938,-114.746904982637,29.774,29.77385,95482,"2023_12_20_0028","2023_12_20_0028_ev00316_rec1","no",65421
317,1,29.81415,95.1707782326833,112.016694680856,16.8459164481728,0.199999999999534,0.800000000001688,6.9999999999979,92.4559013192074,11.3123220415841,29.8363784706912,170.812045536172,29.8139,29.81035,96283,"2023_12_20_0028","2023_12_20_0028_ev00317_rec1","no",65422
318,1,29.82705,98.0038512381497,104.066898086109,6.0630468479589,0.750000000000028,0.499999999998835,2.10000000000221,89.8207092342547,11.2093326327025,29.0774137892329,-32.3588908734544,29.82705,29.82625,96541,"2023_12_20_0028","2023_12_20_0028_ev00318_rec1","no",65423
319,1,29.87405,96.1847877156146,99.3778792521588,3.19309153654419,0.0499999999981071,0.250000000001194,0,92.9710004666407,3.52482329077459,4.58668864912335,-78.9371493712321,29.8738,29.87365,97481,"2023_12_20_0028","2023_12_20_0028_ev00319_rec1","no",65424
320,1,29.9246,93.3811662745814,116.414749826783,23.0335835522018,2.34999999999985,6.30000000000308,0,110352.135345122,-110246.541527413,177038.229053923,777.44513493734,29.92035,29.91725,98492,"2023_12_20_0028","2023_12_20_0028_ev00320_rec1","no",65425
321,1,29.9511,106.987335784173,127.77116590507,20.7838301208969,9.64999999999705,26.2499999999974,20.3500000000005,-56942.9168422186,57068.5055498051,106549.126953872,467.473887845365,29.94955,29.93955,99022,"2023_12_20_0028","2023_12_20_0028_ev00321_rec1","no",65426
322,1,29.99405,107.204291152936,110.53277589631,3.32848474337374,0.299999999999301,3.94999999999612,4.54999999999828,101.5305125022,9.39745064647159,14.8216020877028,-47.3320403517185,29.99405,29.99375,99881,"2023_12_20_0028","2023_12_20_0028_ev00322_rec1","no",65427
323,1,30.0351,103.295618126751,111.783379806981,8.48776168023073,0.199999999999534,0.249999999997641,0,98.254138921355,7.64740653912142,5.62615113186213,-106.352999276859,30.035,30.0348,100702,"2023_12_20_0028","2023_12_20_0028_ev00323_rec1","no",65428
324,1,30.0869,97.8376503013615,111.650561936324,13.8129116349624,0.199999999999534,0.299999999999301,0.699999999998369,89.0239136519101,15.9798615983781,4.92145093220335,-183.409830966328,30.0868,30.0866,101738,"2023_12_20_0028","2023_12_20_0028_ev00324_rec1","no",65429
326,1,30.2339,91.6667598054198,103.674267456163,12.0075076507436,0.199999999999534,30.149999999999,29.9999999999976,6270.34361873401,-6178.38104300407,223808.819658632,23.0805384988864,30.23385,30.2336,104678,"2023_12_20_0028","2023_12_20_0028_ev00326_rec1","no",65431
327,1,30.5834,95.1468516595902,99.0937126333958,3.94686097380561,0.300000000002854,0,0.949999999999562,90.1753667095467,6.72129893931101,21.2091997499195,-38.9024864575199,30.5834,30.5831,111668,"2023_12_20_0028","2023_12_20_0028_ev00327_rec1","no",65432
328,1,30.6067,91.7057144915384,99.240138339369,7.53442384783061,0.299999999999301,0.250000000001194,0,88.5005683058724,5.64753111268981,6.94440595963797,-55.4355290794818,30.6067,30.6064,112134,"2023_12_20_0028","2023_12_20_0028_ev00328_rec1","no",65433
330,1,31.303,89.8666672715267,96.068678524553,6.20201125302634,0.0999999999997669,0.250000000001194,0,86.4380847603355,3.49761847658596,4.49338423606062,-85.3656753722676,31.3028,31.3027,126060,"2023_12_20_0028","2023_12_20_0028_ev00330_rec1","no",65435
331,1,31.6428,91.6815906169188,98.52319243813,6.84160182121127,0.199999999999534,0.199999999999534,0,88.8274219550535,4.9491407351904,3.68459591853036,-66.0106832402795,31.64275,31.6425,132856,"2023_12_20_0028","2023_12_20_0028_ev00331_rec1","no",65436
332,1,31.72615,94.3030222928158,104.16968752369,9.86666523087384,0.350000000000961,2.05000000000055,4.04999999999944,89.6916213129382,10.681447239738,15.8229111068443,8.45247095818598,31.72615,31.7258,134523,"2023_12_20_0028","2023_12_20_0028_ev00332_rec1","no",65437
333,1,31.7732,91.1957329288126,104.697715950678,13.5019830218651,0.249999999997641,0.0999999999997669,0,90.147772126343,5.12649629204629,2.21132645017794,-18.3892777617676,31.7732,31.7729,135464,"2023_12_20_0028","2023_12_20_0028_ev00333_rec1","no",65438
334,1,31.9953,97.684400490231,117.66220067306,19.9778001828289,2.09999999999866,17.0500000000047,29.999999999994,106.746678732668,12.3435743560556,6.01533612049243,376.534260253919,31.99495,31.9928,139906,"2023_12_20_0028","2023_12_20_0028_ev00334_rec1","no",65439
335,1,32.0236,101.170424764073,119.828866366821,18.658441602748,2.9000000000039,12.2500000000016,15.7500000000041,-15.2482287630403,132.552973827869,218.214403801163,257.777024860161,32.0233,32.02035,140472,"2023_12_20_0028","2023_12_20_0028_ev00335_rec1","no",65440
336,1,32.0593,107.367093553105,109.415119193166,2.04802564006135,0.349999999997408,0.449999999993622,0,81.4114473473136,25.6880867129192,84.2435285934397,-129.275066561455,32.0593,32.0588,141186,"2023_12_20_0028","2023_12_20_0028_ev00336_rec1","no",65441
337,1,32.1059,99.5087466599241,109.305352245488,9.79660558556353,0.199999999999534,0.199999999999534,0,-28174.257878647,28273.7809052464,126624.984727376,-98.1872066792386,32.10585,32.1056,142118,"2023_12_20_0028","2023_12_20_0028_ev00337_rec1","no",65442
338,1,32.12255,95.6430087894605,104.346094254788,8.70308546532735,0.250000000001194,0.199999999999534,0,78.0899431743601,16.9229938336588,101.617503467546,-85.0938688389797,32.12255,32.1223,142451,"2023_12_20_0028","2023_12_20_0028_ev00338_rec1","no",65443
339,1,32.19405,93.5981707875072,101.858595030287,8.2604242427801,0.199999999999534,0.149999999997874,0,89.6684004994989,3.76848411557783,4.34069970796132,-100.538281660393,32.194,32.1938,143881,"2023_12_20_0028","2023_12_20_0028_ev00339_rec1","no",65444
340,1,32.3129,91.7921353487915,101.001116952643,9.20898160385141,0.300000000002854,0.10000000000332,0,90.0849754613896,4.27320915672088,3.67274539496312,-34.3597562184415,32.3129,32.3126,146258,"2023_12_20_0028","2023_12_20_0028_ev00340_rec1","no",65445
341,1,32.3329,91.6147021836272,102.206691574636,10.5919893910093,0.199999999999534,30.149999999999,30.0000000000011,27054.6296817186,-26965.4612991666,359746.98385958,-38.3515515508224,32.33285,32.33265,146658,"2023_12_20_0028","2023_12_20_0028_ev00341_rec1","no",65446
347,1,33.39345,84.9018119093615,102.500635842582,17.5988239332201,5.25000000000375,12.1499999999983,16.5000000000006,86.5580494838315,12.7435421928516,17.0978084888671,297.021161898605,33.3921,33.38565,167869,"2023_12_20_0028","2023_12_20_0028_ev00347_rec1","no",65452
348,1,33.5017,97.8000374692059,104.678828627993,6.87879115878698,4.05000000000655,0.150000000004979,0,93.0453618592849,3.99632462036871,3.43772701905267,-134.522342580627,33.5017,33.4972,170034,"2023_12_20_0028","2023_12_20_0028_ev00348_rec1","no",65453
349,1,33.58275,90.4562856370252,98.6432818874064,8.18699625038113,0.150000000004979,0.250000000001194,0,86.6196427693775,6.78748254734191,2.37071539706793,-97.2830312551256,33.5826,33.5824,171655,"2023_12_20_0028","2023_12_20_0028_ev00349_rec1","no",65454
350,1,33.65455,85.8682033817639,101.181188951729,15.312985569965,3.39999999999918,21.5000000000032,29.999999999994,93.3865972088331,5.37361270210085,5.35579840030228,342.389543120323,33.65075,33.64695,173091,"2023_12_20_0028","2023_12_20_0028_ev00350_rec1","no",65455
351,1,33.7226,91.5807566463879,101.525485227271,9.94472858088295,0.250000000001194,0.150000000004979,0,87.4292344595743,6.5912910165429,5.52063644281546,-86.9128791218127,33.72255,33.72225,174452,"2023_12_20_0028","2023_12_20_0028_ev00351_rec1","no",65456
352,1,33.7626,88.9174807572243,97.0433802954555,8.1258995382312,0.250000000001194,0.0500000000016598,0,87.1572569091615,4.52415496152891,2.51374794798533,-40.5322739901155,33.7626,33.7623,175252,"2023_12_20_0028","2023_12_20_0028_ev00352_rec1","no",65457
353,1,33.8321,89.1520626046217,95.3253030707497,6.17324046612804,0.249999999994088,0.250000000001194,0,83.8593373717146,6.81066724365077,10.1581156088193,-91.5874562866742,33.83205,33.8317,176642,"2023_12_20_0028","2023_12_20_0028_ev00353_rec1","no",65458
354,1,34.01095,85.1787317032348,106.038217930727,20.8594862274919,16.5000000000006,39.049999999996,30.0000000000011,-6325.18071714491,6426.66991845051,44028.4478677114,734.014423781605,34.0094,33.99165,180219,"2023_12_20_0028","2023_12_20_0028_ev00354_rec1","no",65459
355,1,34.0319,98.730337255194,108.415492192707,9.68515493751265,0.199999999999534,0.149999999997874,0,-10314.9583570724,10412.9181689193,79873.7078456795,-80.4664809875224,34.03185,34.03165,180638,"2023_12_20_0028","2023_12_20_0028_ev00355_rec1","no",65460
357,1,34.22245,91.3918962952806,112.737188915483,21.3452926202026,0.350000000004513,10.3000000000009,20.6500000000034,95.2956533005639,11.071744056816,20.2642894310056,297.20615305247,34.22235,34.22195,184449,"2023_12_20_0028","2023_12_20_0028_ev00357_rec1","no",65462
358,1,34.39175,91.0123099755058,97.3011878634445,6.28887788793864,0.0999999999962142,0.299999999995748,0.400000000006173,88.5728517449041,5.43785574088927,2.89904536521617,-54.8832449603476,34.3915,34.3914,187835,"2023_12_20_0028","2023_12_20_0028_ev00358_rec1","no",65463
359,1,34.43165,89.2076713288174,102.011042109381,12.8033707805639,2.0500000000041,0.300000000002854,0.0999999999962142,84.6832188770756,9.3211560284563,16.9549729479433,11.4880857457031,34.4315,34.42915,188633,"2023_12_20_0028","2023_12_20_0028_ev00359_rec1","no",65464
360,1,34.7244,83.94743963602,92.7848243188328,8.83738468281285,0.150000000004979,0.199999999999534,0.0500000000016598,79.8020610171225,7.53101352430036,1.97925567969525,-107.700910066354,34.7243,34.7241,194488,"2023_12_20_0028","2023_12_20_0028_ev00360_rec1","no",65465
361,1,34.7821,85.6480730897677,92.0404791901533,6.39240610038561,0.250000000001194,0.250000000001194,0,80.0956989239718,6.47223707887054,12.2512875854517,-92.421325356257,34.7821,34.7818,195642,"2023_12_20_0028","2023_12_20_0028_ev00361_rec1","no",65466
362,1,34.84435,87.1569505870093,98.3729278106637,11.2159772236544,0.199999999999534,30.1499999999919,29.999999999994,3789.34962164582,-3703.5209646997,168994.170615661,-28.6009466355687,34.8443,34.8441,196887,"2023_12_20_0028","2023_12_20_0028_ev00362_rec1","no",65467
363,1,34.88445,84.0092730416202,115.319222616787,31.3099495751663,0.499999999995282,18.9999999999984,26.6499999999965,-14.9234839196039,124.581114030406,222.497780128915,542.69226994719,34.8842,34.88365,197689,"2023_12_20_0028","2023_12_20_0028_ev00363_rec1","no",65468
364,1,34.94205,92.9431998378744,100.317746712322,7.37454687444716,0.0999999999962142,0.199999999999534,0.150000000004979,89.1813982412524,7.5029934917087,1.19271317305363,-102.144634044214,34.9419,34.94175,198841,"2023_12_20_0028","2023_12_20_0028_ev00364_rec1","no",65469
365,1,35.0773,87.7598277500698,94.2993087768555,6.53948102678571,0.250000000001194,1.30000000000052,1.24999999999886,85.7799911315548,7.34310965263801,2.40007662335851,-39.5115348270963,35.0772,35.07635,201546,"2023_12_20_0028","2023_12_20_0028_ev00365_rec1","no",65470
367,1,35.28175,91.1966883341471,96.2829513549805,5.08626302083333,0.10000000000332,0.199999999999534,0,87.87169008142,4.3326578415757,0.98651529804973,-94.3832363128663,35.2816,35.2815,205635,"2023_12_20_0028","2023_12_20_0028_ev00367_rec1","no",65472
368,1,35.30185,88.2321246919178,98.1140060424805,9.88188135056268,0.199999999999534,0.250000000001194,0,61.6168434856393,8.18781028350943,11.4873804805759,-691.569521095639,35.30175,35.3015,206037,"2023_12_20_0028","2023_12_20_0028_ev00368_rec1","no",65473
370,1,35.4441,86.3284080142067,95.8251876831055,9.49677966889881,0.250000000001194,0.450000000000728,1.24999999999886,85.5734146134137,5.8826782522353,3.92699818099021,2.43124116261802,35.44405,35.4438,208882,"2023_12_20_0028","2023_12_20_0028_ev00370_rec1","no",65475
371,1,35.5617,83.0296060471308,90.3320236206055,7.3024175734747,0.449999999993622,0.399999999999068,0.300000000002854,82.4929596107799,11.755744440583,0.237507032635256,-11.2642970039732,35.5617,35.56125,211234,"2023_12_20_0028","2023_12_20_0028_ev00371_rec1","no",65476
372,1,35.8416,84.1340513683501,93.5363693237305,9.4023179553804,0.0999999999962142,0.200000000006639,0,81.1409462037893,4.21941214247576,1.82289099266061,-80.1518637339273,35.84145,35.8413,216832,"2023_12_20_0028","2023_12_20_0028_ev00372_rec1","no",65477
373,1,35.9816,95.4400849115281,102.233879089355,6.79379417782738,0.300000000002854,0.250000000001194,0,-90768.0386382697,90863.7017248788,489773.909185066,-74.3698846726191,35.9816,35.98125,219632,"2023_12_20_0028","2023_12_20_0028_ev00373_rec1","no",65478
374,1,36.0005,94.619016738165,100.86058807373,6.24157133556548,0.250000000001194,0.199999999999534,0,-10094.8903272457,10186.5815378221,76301.9636210469,-146.507807758876,36.0005,36.00025,220010,"2023_12_20_0028","2023_12_20_0028_ev00374_rec1","no",65479
375,1,36.0838,93.4709745134626,96.4355392456055,2.96456473214286,0.250000000001194,0.250000000001194,0,90.7935715884435,2.30732289570953,1.16219959219366,-76.2018476213727,36.0838,36.08355,221676,"2023_12_20_0028","2023_12_20_0028_ev00375_rec1","no",65480
376,1,36.1215,94.6335489182245,107.421867370605,12.7883184523809,1.35000000000218,1.24999999999886,0.500000000002387,90.8525670146523,9.67499775491817,3.85688021693092,-68.3074213118781,36.12145,36.1194,222430,"2023_12_20_0028","2023_12_20_0028_ev00376_rec1","no",65481
377,1,36.15445,89.612680707659,95.8251876831055,6.21250697544643,0.450000000000728,1.84999999999746,2.29999999999819,87.2858061190389,7.26195390131642,5.10367842783638,-30.3813362666538,36.15445,36.15395,223089,"2023_12_20_0028","2023_12_20_0028_ev00377_rec1","no",65482
378,1,36.2119,88.3483810424805,103.60717010498,15.2587890625,7.80000000000314,11.1500000000007,9.00000000000034,90.0563317077209,6.36926556274985,18.7575081177162,256.309509277344,36.2088,36.20095,224238,"2023_12_20_0028","2023_12_20_0028_ev00378_rec1","no",65483
379,1,36.24035,92.664438520159,99.4872970581055,6.82285853794643,0.0999999999962142,0.150000000004979,0,87.0573104817582,5.99917793143438,1.91589126401782,-155.875610515049,36.24025,36.24015,224807,"2023_12_20_0028","2023_12_20_0028_ev00379_rec1","no",65484
380,1,36.26375,88.7116855439686,93.6889572143555,4.9772716703869,0.0999999999962142,0.250000000001194,0.250000000001194,86.7915374750709,4.42673447104623,1.57591519580167,-49.2146783192955,36.26355,36.26345,225275,"2023_12_20_0028","2023_12_20_0028_ev00380_rec1","no",65485
381,1,36.46035,86.6335837954567,91.0949630737305,4.46137927827381,0.250000000001194,0.250000000001194,0,81.1284789351607,5.25527585048149,17.0889264491359,-89.3617975870768,36.46035,36.46005,229207,"2023_12_20_0028","2023_12_20_0028_ev00381_rec1","no",65486
382,1,36.5278,84.0177913847424,224.914535522461,140.896744137719,1.30000000000052,30.300000000004,30.0000000000011,126.261135043512,97.813359703509,22.8891007011431,3144.47224799565,36.5269,36.52545,230556,"2023_12_20_0028","2023_12_20_0028_ev00382_rec1","no",65487
383,1,36.6437,113.07488541376,134.429931640625,21.3550462268648,1.75000000000125,15.5499999999975,18.3000000000035,109.266464967811,26.9505544701187,21.9531174007697,370.457320622035,36.64325,36.6412,232874,"2023_12_20_0028","2023_12_20_0028_ev00383_rec1","no",65488
384,1,36.7635,111.149371555873,138.85498046875,27.7056089128767,1.50000000000006,18.1499999999986,21.8500000000006,-43473.0460115344,43607.2455041255,74473.7303180703,481.828516660418,36.76225,36.7606,235270,"2023_12_20_0028","2023_12_20_0028_ev00384_rec1","no",65489
385,1,36.82115,109.979531061082,115.81420135498,5.83467029389881,0.300000000002854,0.89999999999435,1.75000000000125,104.894452525043,8.3638279624483,12.3251986286089,-56.8666003999256,36.8211,36.8207,236423,"2023_12_20_0028","2023_12_20_0028_ev00385_rec1","no",65490
386,1,36.86015,108.606240045457,114.135734558105,5.52949451264881,0.0500000000016598,0.199999999999534,0,-73436.6154383305,73543.6290196462,344343.389926607,-142.784663609096,36.86,36.8599,237203,"2023_12_20_0028","2023_12_20_0028_ev00386_rec1","no",65491
387,1,36.8834,102.350136529832,110.93138885498,8.58125232514881,0.199999999992428,0.149999999997874,0,-61558.2362583948,61660.4998711746,235640.336569581,-118.893214253017,36.88335,36.88315,237668,"2023_12_20_0028","2023_12_20_0028_ev00387_rec1","no",65492
389,1,36.96005,98.005014692034,106.96410369873,8.95908900669643,0.249999999994088,0.0999999999962142,0,94.991408315228,5.22948931727887,4.56378161443113,-65.6013488769531,36.96005,36.95975,239201,"2023_12_20_0028","2023_12_20_0028_ev00389_rec1","no",65494
390,1,37.0538,95.5563423520043,100.708000183105,5.15165783110119,0.149999999997874,0.450000000000728,0.450000000000728,93.1775814284026,6.29883295493043,1.2238145597253,-62.8618512834822,37.0537,37.05355,241076,"2023_12_20_0028","2023_12_20_0028_ev00390_rec1","no",65495
392,1,37.12,93.0204769316174,101.77611541748,8.7556384858631,0.149999999997874,30.149999999999,30.0000000000011,94.8171007888607,-4.6087100859949,32.7096601926313,-35.5546133858815,37.11995,37.11975,242400,"2023_12_20_0028","2023_12_20_0028_ev00392_rec1","no",65497
393,1,37.1833,90.7534568423317,101.013175964355,10.2597191220238,0.150000000004979,0.149999999997874,0,88.2780969740039,3.87483077115259,2.43776002769195,-63.2444101606096,37.1832,37.18305,243666,"2023_12_20_0028","2023_12_20_0028_ev00393_rec1","no",65498
394,1,37.26325,94.0958582560221,99.9450607299805,5.84920247395833,0.250000000001194,0.200000000006639,0,90.0129399264147,4.95959322885118,3.69224783189921,-102.703094482422,37.26325,37.263,245265,"2023_12_20_0028","2023_12_20_0028_ev00394_rec1","no",65499
395,1,37.32085,91.1312935238793,99.0295333862305,7.89823986235119,0.250000000001194,0.0999999999962142,0.150000000004979,88.3724034775217,6.34913491183203,1.24422732473513,-74.0102124532064,37.3208,37.32055,246417,"2023_12_20_0028","2023_12_20_0028_ev00395_rec1","no",65500
396,1,37.4209,85.8633782523019,110.32103729248,24.4576590401786,1.85000000000457,23.8499999999959,30.0000000000011,-282007.193743345,282116.22244056,599246.664464556,524.807521275112,37.41995,37.41805,248418,"2023_12_20_0028","2023_12_20_0028_ev00396_rec1","no",65501
397,1,37.4598,96.0795008341471,102.08129119873,6.00179036458333,0.850000000006901,0.700000000001921,0,91.2995549270229,6.30677764434328,6.29870306489352,-101.369222005208,37.4598,37.4589,249196,"2023_12_20_0028","2023_12_20_0028_ev00397_rec1","no",65502
398,1,37.50075,91.5890571957543,98.8769454956055,7.28788829985119,0.149999999997874,0.199999999999534,0,87.8788084860437,5.42696429022592,13.901126031768,-43.1551252092634,37.50065,37.5005,250015,"2023_12_20_0028","2023_12_20_0028_ev00398_rec1","no",65503
399,1,37.5527,89.9759852091471,95.5200119018555,5.54402669270833,0.0999999999962142,17.0999999999992,15.4500000000013,122707.840686248,-122623.183055655,257122.959238755,56.1752338409422,37.55245,37.5523,251054,"2023_12_20_0028","2023_12_20_0028_ev00399_rec1","no",65504
400,1,37.58075,87.5345789591471,110.473625183105,22.9390462239583,6.00000000000023,24.2000000000004,30.0000000000011,88.5026633821283,16.3969546267553,43.7282133902662,467.835744222005,37.58065,37.57455,251615,"2023_12_20_0028","2023_12_20_0028_ev00400_rec1","no",65505
401,1,37.64305,95.4182866414388,101.47093963623,6.05265299479167,0.199999999999534,0.0999999999962142,0,90.1724425614808,6.42577861233378,2.80262046910737,-138.702391815185,37.64305,37.6428,252861,"2023_12_20_0028","2023_12_20_0028_ev00401_rec1","no",65506
402,1,37.6807,91.748911176409,96.4355392456055,4.68662806919643,0.0499999999945544,0.250000000001194,0,-24387.5295503664,24480.2381385257,121983.720415021,-59.6847528457641,37.68045,37.6804,253614,"2023_12_20_0028","2023_12_20_0028_ev00402_rec1","no",65507
403,1,37.7597,93.6816911243257,102.38646697998,8.70477585565476,0.199999999999534,0.199999999999534,0.10000000000332,89.7031164733739,15.9505044609491,0.150637453987189,-115.781874883743,37.7597,37.7595,255194,"2023_12_20_0028","2023_12_20_0028_ev00403_rec1","no",65508
404,1,37.81015,96.0577025640578,106.96410369873,10.9064011346726,0.250000000001194,1.35000000000218,1.95000000000789,97.9167506780906,3.82385188570296,3.43770138322239,74.3971325102307,37.81005,37.80785,256203,"2023_12_20_0028","2023_12_20_0028_ev00404_rec1","no",65509
405,1,37.843,99.3419752575102,106.201164245605,6.85918898809524,1.34999999999508,0.900000000001455,0,79.5468945843651,21.1874281103334,54.0146409677536,-102.482750302269,37.84295,37.84135,256860,"2023_12_20_0028","2023_12_20_0028_ev00405_rec1","no",65510
406,1,37.9101,90.4482810610817,111.694328308105,21.2460472470238,1.60000000000338,5.59999999999405,15.1499999999984,86.8633013215097,15.775608509155,47.1476980777321,265.211377825056,37.91005,37.9082,258202,"2023_12_20_0028","2023_12_20_0028_ev00406_rec1","no",65511
407,1,37.9764,91.0295682634626,104.980461120605,13.9508928571429,1.39999999999674,7.19999999999743,3.09999999999633,313910.538987825,-313815.888130373,634733.971224717,367.237101745606,37.97335,37.9719,259528,"2023_12_20_0028","2023_12_20_0028_ev00407_rec1","no",65512
408,1,38.003,95.3020292009626,131.378173828125,36.0761446271624,0.700000000001921,17.2000000000025,24.6999999999957,96.920521197257,33.0079637861793,23.8650114796753,633.281719970703,38.00275,38.002,260060,"2023_12_20_0028","2023_12_20_0028_ev00408_rec1","no",65513
409,1,38.0629,99.7852067493257,110.01586151123,10.2306547619048,0.0999999999962142,0.150000000004979,0,-52181.5785547152,52283.7925376404,149920.488964185,-82.406725202288,38.0628,38.06265,261258,"2023_12_20_0028","2023_12_20_0028_ev00409_rec1","no",65514
410,1,38.123,91.3420101347424,94.9096603393555,3.5676502046131,0.350000000004513,0.300000000002854,0.499999999995282,90.764464480902,3.6185123647206,0.739530192115851,-12.5690641857327,38.123,38.12265,262460,"2023_12_20_0028","2023_12_20_0028_ev00410_rec1","no",65515
413,1,38.26045,93.3910475231352,99.1821212768555,5.79107375372024,0.250000000001194,0.399999999999068,0.250000000001194,89.7966787682951,9.84069409042552,0.417633941329538,-102.11435953776,38.2604,38.26015,265209,"2023_12_20_0028","2023_12_20_0028_ev00413_rec1","no",65518
415,1,38.3604,88.7116855439686,97.1984786987305,8.4867931547619,0.199999999999534,0.10000000000332,0,84.0642329492321,5.79029445756993,7.84017410645659,-94.3290980293639,38.3604,38.3602,267208,"2023_12_20_0028","2023_12_20_0028_ev00415_rec1","no",65520
416,1,38.5794,87.9560121808733,95.5200119018555,7.56399972098214,0.0999999999962142,0.10000000000332,0.0499999999945544,85.0393062333336,5.82619775525,2.38766996412603,-72.2541723251344,38.57925,38.5791,271588,"2023_12_20_0028","2023_12_20_0028_ev00416_rec1","no",65521
417,1,38.6603,87.2294031778971,91.5527267456055,4.32332356770833,0.10000000000332,0.250000000001194,0.149999999997874,83.6854078260161,5.35627717458009,3.88676662554224,-84.0085101445517,38.6601,38.66,273206,"2023_12_20_0028","2023_12_20_0028_ev00417_rec1","no",65522
418,1,38.7227,91.3492762247721,99.4872970581055,8.13802083333333,0.300000000002854,0.350000000004513,0.10000000000332,88.2213249627224,12.8686501503487,0.140374039517447,-89.6771733601889,38.7227,38.7224,274454,"2023_12_20_0028","2023_12_20_0028_ev00418_rec1","no",65523
420,1,38.7793,94.1539869762602,97.8088302612305,3.65484328497024,0.250000000001194,0.199999999999534,0,90.3028234647654,4.77159566046998,2.11587225543684,-104.556129092262,38.7793,38.77895,275586,"2023_12_20_0028","2023_12_20_0028_ev00420_rec1","no",65525
421,1,38.80265,89.7434703281948,95.0622482299805,5.31877790178571,0.0500000000016598,0.450000000000728,0.399999999999068,88.6740121830853,4.55386329482913,0.970677627405138,-25.6080608367922,38.8024,38.80235,276053,"2023_12_20_0028","2023_12_20_0028_ev00421_rec1","no",65526
422,1,38.9202,86.8225021362305,94.4518966674805,7.62939453125,1.09999999999388,1.1999999999972,0,83.3958465953058,5.11996203802116,11.5922736704706,-44.0788125991821,38.9193,38.9179,278404,"2023_12_20_0028","2023_12_20_0028_ev00422_rec1","no",65527
423,1,38.99915,86.2048844837007,92.9260177612305,6.72113327752976,0.149999999997874,0.300000000002854,0.149999999997874,83.2972744952536,11.6485503851552,0.171498878008499,-83.8372040612358,38.99905,38.9989,279983,"2023_12_20_0028","2023_12_20_0028_ev00423_rec1","no",65528
424,1,39.0506,87.3601927984328,89.7216720581055,2.36147925967262,0.300000000002854,0.250000000001194,0,80.227878562913,7.4748072592137,11.5621234112633,-132.86748474666,39.0506,39.0502,281012,"2023_12_20_0028","2023_12_20_0028_ev00424_rec1","no",65529
425,1,39.0696,81.510992867606,88.5009689331055,6.98997606549945,0.149999999997874,1.24999999999886,2.3000000000053,-121520.220116562,121605.947251208,170763.834271955,-192.167838668823,39.06945,39.0693,281392,"2023_12_20_0028","2023_12_20_0028_ev00425_rec1","no",65530
426,1,39.1557,72.0287504650298,100.86058807373,28.8318376087007,2.44999999999607,34.5999999999975,30.0000000000011,-40032.0487137805,40125.6349685894,178268.126560668,656.946007764907,39.15275,39.15025,283114,"2023_12_20_0028","2023_12_20_0028_ev00426_rec1","no",65531
427,1,39.17055,91.2112205142067,96.5881271362305,5.37690662202381,0.150000000004979,0.199999999999534,0,-69383.9811334746,69475.5795331611,184969.115699408,-156.416548601786,39.1704,39.17025,283411,"2023_12_20_0028","2023_12_20_0028_ev00427_rec1","no",65532
428,1,39.31895,85.0495761689686,90.7897872924805,5.7402111235119,0.199999999999534,30.0999999999974,29.999999999994,17088.1915099359,-17006.211606403,248896.36804262,-60.5604617255077,39.3189,39.3187,286379,"2023_12_20_0028","2023_12_20_0028_ev00428_rec1","no",65533
430,1,39.4399,85.2094301496233,94.2993087768555,9.08987862723214,0.0999999999962142,0.0999999999962142,0,81.9214694810618,5.18587167097748,2.11661672784068,-86.4556979860579,39.43985,39.43955,288798,"2023_12_20_0028","2023_12_20_0028_ev00430_rec1","no",65535
431,1,39.459,82.4192526681083,89.2639083862305,6.84465571812221,0.149999999997874,0.599999999998602,0,74.6098024992347,9.6425409371312,24.8605924985571,-63.432876423427,39.4588,39.45825,289180,"2023_12_20_0028","2023_12_20_0028_ev00431_rec1","no",65536
432,1,39.5022,78.5972936721075,92.4682540893555,13.870960417248,0.200000000006639,30.0999999999974,30.0000000000011,40004.231812464,-39927.3289143923,282852.863290011,14.0985622950964,39.50215,39.50195,290044,"2023_12_20_0028","2023_12_20_0028_ev00432_rec1","no",65537
433,1,39.53885,80.6681264241536,89.4164962768555,8.74836985270183,0.0999999999962142,0.10000000000332,0,78.4442549580476,3.8279001944093,3.65641710924734,-52.0158582051594,39.5388,39.53865,290777,"2023_12_20_0028","2023_12_20_0028_ev00433_rec1","no",65538
434,1,39.5998,83.8942693074544,90.3320236206055,6.43775431315105,0.199999999999534,0.400000000006173,0.199999999999534,82.3009215132659,10.2628534584383,0.185911707233871,-44.1854445775349,39.5997,39.59945,291996,"2023_12_20_0028","2023_12_20_0028_ev00434_rec1","no",65539
435,1,39.7092,84.533684866769,90.3320236206055,5.79833875383649,0.0999999999962142,0.0999999999962142,0,81.2492108429262,3.25224453415578,1.32750210812137,-93.6355090005059,39.70915,39.709,294184,"2023_12_20_0028","2023_12_20_0028_ev00435_rec1","no",65540
436,1,39.78205,80.8425133114769,107.116691589355,26.2741782778785,1.4499999999984,15.9999999999982,21.2999999999965,-1948.11221922957,2049.77078077518,3925.82799556356,414.405537696112,39.78195,39.7804,295641,"2023_12_20_0028","2023_12_20_0028_ev00436_rec1","no",65541
437,1,39.92205,87.4328536987305,98.4191818237305,10.986328125,0.149999999997874,0.150000000004979,0,75.8641090218151,10.5335522631697,65.864344476736,-91.5946725845337,39.92195,39.9218,298441,"2023_12_20_0028","2023_12_20_0028_ev00437_rec1","no",65542
438,1,40.25,86.2903879859006,98.3998823219498,12.1094943360492,0.849999999999795,3.39999999999918,9.89999999999469,89.8313429048043,3.54601291538035,7.4476053076901,167.855495813455,40.2459,40.24505,305000,"2023_12_20_0028","2023_12_20_0028_ev00438_rec1","no",65543
439,1,40.27515,89.2234864715576,94.7408750848944,5.51738861333682,0.399999999999068,0.349999999997408,0,86.6785214743032,4.50443748195257,6.88628658716079,-43.8899554877457,40.27515,40.2747,305503,"2023_12_20_0028","2023_12_20_0028_ev00439_rec1","no",65544
440,1,40.31135,87.4557138435021,94.9090525522246,7.45333870872251,0.799999999998136,1.84999999999746,2.40000000000151,80.5007854357112,13.4918891040243,7.3608983118429,-108.888808416795,40.31135,40.31045,306227,"2023_12_20_0028","2023_12_20_0028_ev00440_rec1","no",65545
441,1,40.488,82.481428795656,103.743813776944,21.2623849812877,8.29999999999842,16.4000000000044,24.4999999999962,78.5056094598875,19.0267316731808,51.6389017177151,430.706990592047,40.48735,40.47905,309760,"2023_12_20_0028","2023_12_20_0028_ev00441_rec1","no",65546
442,1,40.5193,91.1494698407565,96.3786841966051,5.22921435584855,0.200000000006639,0.150000000004979,0,84.085616038304,6.78011710360723,20.623217908765,-104.130874317403,40.51925,40.51905,310386,"2023_12_20_0028","2023_12_20_0028_ev00442_rec1","no",65547
443,1,40.5816,86.2966967713528,91.7238287411298,5.42713196977695,0.249999999994088,0.249999999994088,0,81.0693567199038,4.26011407310216,11.8674760422164,-109.256057699841,40.5816,40.5813,311632,"2023_12_20_0028","2023_12_20_0028_ev00443_rec1","no",65548
444,1,40.68865,95.359874307435,100.401368934162,5.04149462672657,0.249999999994088,10.5000000000004,9.9000000000018,443059.558760568,-442978.011651045,279291.11104924,299.830105892395,40.68865,40.68835,313773,"2023_12_20_0028","2023_12_20_0028_ev00444_rec1","no",65549
445,1,40.7111,89.9185336369949,132.494291463873,42.5757578268783,0.449999999993622,32.6999999999984,30.0000000000011,88.0337845372836,44.5456250059082,48.6080566525741,1051.15340048889,40.7087,40.7082,314222,"2023_12_20_0028","2023_12_20_0028_ev00445_rec1","no",65550
446,1,40.771,99.5735731451144,104.784134341055,5.2105611959404,0.500000000002387,0.649999999993156,1.1999999999972,96.3969155216179,5.90835622024647,8.35231634316978,-44.886792791768,40.77075,40.77025,315420,"2023_12_20_0028","2023_12_20_0028_ev00446_rec1","no",65551
447,1,40.88855,94.87100286847,103.848925897768,8.97792302929791,0.249999999994088,0.199999999999534,0,-4660.98630483016,4753.92546455494,47448.2012216218,-102.105378300558,40.88855,40.8883,317771,"2023_12_20_0028","2023_12_20_0028_ev00447_rec1","no",65552
448,1,40.9286,90.5458143642133,92.9036317080942,2.35781734388085,0.0499999999945544,0.300000000002854,0,-3855.16895250289,3945.63269091255,14226.8974703085,-125.784873384819,40.9283,40.92825,318572,"2023_12_20_0028","2023_12_20_0028_ev00448_rec1","no",65553
449,1,40.96005,86.6239671954505,89.9141739927002,3.29020679724962,0.249999999994088,0.199999999999534,0,82.4149836707603,4.38874229966748,8.31753859609155,-90.3007793330297,40.96005,40.95975,319201,"2023_12_20_0028","2023_12_20_0028_ev00449_rec1","no",65554
450,1,41.01905,83.4516019975203,93.0346996991045,9.58309770158421,0.250000000001194,17.7499999999924,14.0999999999991,36016.1761323495,-35934.243494692,99982.4014172099,117.962071608026,41.01895,41.01865,320381,"2023_12_20_0028","2023_12_20_0028_ev00450_rec1","no",65555
451,1,41.1896,89.6924841988828,99.6597643766623,9.96728017777954,0.149999999997874,0.250000000008299,0.399999999999068,85.04786493002,9.87056283178926,2.40550692436453,-113.943813342506,41.1895,41.18935,323792,"2023_12_20_0028","2023_12_20_0028_ev00451_rec1","no",65556
452,1,41.21465,83.8712103567284,87.5531895453777,3.68197918864928,0.0500000000016598,1.80000000000291,1.89999999999912,81.8356776772298,6.526080131482,2.90848792946642,-40.1772458639193,41.2144,41.21435,324293,"2023_12_20_0028","2023_12_20_0028_ev00452_rec1","no",65557
453,1,41.34115,91.7965612302084,108.749799273052,16.9532380428433,2.40000000000151,6.89999999999458,6.45000000000095,90.661365253137,12.5668262875994,12.1625821486233,166.583089905063,41.3379,41.33375,326823,"2023_12_20_0028","2023_12_20_0028_ev00453_rec1","no",65558
454,1,41.36395,92.529083178418,96.4141796472852,3.88509646886712,0.0500000000016598,0.300000000002854,0.800000000005241,88.4900578197772,6.02705112502808,8.39023066345863,-70.8085917206007,41.3637,41.36365,327279,"2023_12_20_0028","2023_12_20_0028_ev00454_rec1","no",65559
455,1,41.4011,99.406508403645,105.673237832395,6.26672942875044,1.35000000000218,0.150000000004979,0,81.3555252674608,17.5430401756927,45.4781794532166,-158.11418465958,41.4011,41.3993,328022,"2023_12_20_0028","2023_12_20_0028_ev00455_rec1","no",65560
456,1,41.44115,89.463172677121,96.5335433771072,7.07037069998616,0.0500000000016598,0.299999999995748,2.0500000000041,88.9106162918397,4.08103324561362,8.07817791234187,17.9627748229797,41.4409,41.44085,328823,"2023_12_20_0028","2023_12_20_0028_ev00456_rec1","no",65561
457,1,41.58915,96.4407502181294,101.658552235692,5.21780201756232,0.10000000000332,0.349999999997408,0.549999999996942,94.0942962957646,5.12464986699058,3.04550415600517,-53.4292199252336,41.58895,41.58885,331783,"2023_12_20_0028","2023_12_20_0028_ev00457_rec1","no",65562
458,1,41.621,94.2294964938225,97.4385490024038,3.20905250858127,0.299999999995748,0.550000000004047,1.80000000000291,83.6693136969226,12.3492054245342,36.0053839242296,-63.8275750968485,41.621,41.6207,332420,"2023_12_20_0028","2023_12_20_0028_ev00458_rec1","no",65563
459,1,41.7104,89.3844395239379,91.8992454527325,2.5148059287946,0.0999999999962142,0.0499999999945544,0.250000000008299,87.5758495304137,2.93226514841493,3.52501092045978,-43.8367039895431,41.7104,41.7103,334208,"2023_12_20_0028","2023_12_20_0028_ev00459_rec1","no",65564
460,1,41.7396,87.8912087094805,91.8109160255096,3.91970731602909,0.299999999995748,0.349999999997408,0.300000000002854,85.6860972290346,4.47212070515416,1.52695642245576,-58.7192467160393,41.7396,41.7393,334792,"2023_12_20_0028","2023_12_20_0028_ev00460_rec1","no",65565
461,1,41.8079,96.4399686789932,107.449174270004,11.009205591011,1.80000000000291,0.750000000003581,0,92.5876572464354,7.09043751876095,4.99665781665682,-75.3616283766933,41.80785,41.8045,336158,"2023_12_20_0028","2023_12_20_0028_ev00461_rec1","no",65566
462,1,41.8774,97.0556713965715,104.045254451323,6.98958305475196,0.0999999999962142,0.149999999997874,0,-43462.1036514172,43558.7890302587,248986.79640825,-88.871752940389,41.8773,41.8772,337548,"2023_12_20_0028","2023_12_20_0028_ev00462_rec1","no",65567
463,1,41.89845,93.9834424762068,100.812157104704,6.82871462849728,0.149999999997874,0.199999999999534,0,-21504.075929578,21596.5616152719,252613.008364715,-81.9373861091366,41.8983,41.89815,337969,"2023_12_20_0028","2023_12_20_0028_ev00463_rec1","no",65568
464,1,42.18465,86.8403505524379,91.9774481177184,5.13709756528053,0.349999999997408,0.799999999998136,1.10000000000099,85.0736395052827,6.0595048646777,2.16076696621177,-38.3996367616918,42.1844,42.18405,343693,"2023_12_20_0028","2023_12_20_0028_ev00464_rec1","no",65569
465,1,42.3086,89.8170623467853,96.2412524991004,6.42419015231503,0.10000000000332,0.300000000002854,0.450000000000728,85.7748119338646,6.82039509691521,7.64970398990556,-68.262184028173,42.3084,42.30825,346172,"2023_12_20_0028","2023_12_20_0028_ev00465_rec1","no",65570
466,1,42.3594,85.9139095306621,99.176887392836,13.2629778621739,7.69999999999982,7.64999999999816,8.50000000000506,-45323.7780707994,45416.1923114688,242607.824203558,218.139162053039,42.3581,42.3467,347188,"2023_12_20_0028","2023_12_20_0028_ev00466_rec1","no",65571
467,1,42.374,89.9741761875022,94.899221525429,4.92504533792683,0.150000000004979,0.149999999997874,0,84.5516941458858,5.85061381010561,14.3042466241698,-87.8474972432855,42.3737,42.3735,347480,"2023_12_20_0028","2023_12_20_0028_ev00467_rec1","no",65572
468,1,42.4335,85.5654155257057,99.3672248254539,13.8018092997481,3.4999999999954,4.55000000000183,24.550000000005,92.2056800455009,8.11073521151571,0.707899344534158,242.080260467736,42.43305,42.4291,348670,"2023_12_20_0028","2023_12_20_0028_ev00468_rec1","no",65573
469,1,42.4604,93.3094289473274,100.815632524061,7.50620357673408,0.149999999997874,0.149999999990769,0,88.9533645587786,5.37418311054425,7.12821529322903,-91.8705481811243,42.46035,42.46015,349208,"2023_12_20_0028","2023_12_20_0028_ev00469_rec1","no",65574
470,1,42.48745,88.5473817529914,94.0387952078568,5.49141345486544,0.249999999994088,0.299999999995748,0,82.9749226620576,5.663109251678,20.2903011474732,-76.8496665211455,42.4874,42.48715,349749,"2023_12_20_0028","2023_12_20_0028_ev00470_rec1","no",65575
471,1,42.7402,90.7180774015156,99.6718791484892,8.95380174697364,0.10000000000332,23.0499999999978,18.6999999999955,181987.903409879,-181899.16724599,642963.197645137,69.6304587745731,42.74005,42.73995,354804,"2023_12_20_0028","2023_12_20_0028_ev00471_rec1","no",65576
472,1,42.76965,87.4571352377283,103.564648564081,16.1075133263525,1.54999999999461,17.0999999999992,18.5999999999993,86.0416008572465,15.6027352812317,24.7995917124246,306.341196050289,42.7661,42.76395,355393,"2023_12_20_0028","2023_12_20_0028_ev00472_rec1","no",65577
473,1,42.9578,87.8901555636626,109.152233883639,21.2620783199763,3.90000000000157,6.29999999999598,6.3999999999993,91.7208145417547,12.7123613443481,5.59661753682939,250.234794989977,42.9567,42.9527,359156,"2023_12_20_0028","2023_12_20_0028_ev00473_rec1","no",65578
474,1,43.1975,87.3966938685108,91.4887592291537,4.09206536064293,0.10000000000332,0.500000000002387,0.250000000001194,84.1978354792666,10.2546606277343,0.338843217755724,-91.7627077295615,43.1973,43.1972,363950,"2023_12_20_0028","2023_12_20_0028_ev00474_rec1","no",65579
475,1,43.2295,81.4057803108203,109.295067104446,27.8892867936256,1.30000000000052,5.40000000000873,7.89999999999225,90.0279408882372,12.4938942180536,3.9674175061605,375.416835747952,43.22685,43.2252,364590,"2023_12_20_0028","2023_12_20_0028_ev00475_rec1","no",65580
476,1,43.267,91.9007953026034,99.78701518589,7.88621988328654,0.0999999999962142,0.249999999994088,0,86.9471356960491,4.04817182418183,8.03883215144902,-114.93037767328,43.2668,43.2667,365340,"2023_12_20_0028","2023_12_20_0028_ev00476_rec1","no",65581
477,1,43.33745,92.5913081999474,96.7891413625187,4.1978331625713,0.300000000002854,1.15000000000265,1.30000000000052,87.9312238500321,7.42831958920672,7.34618317855625,-84.4791836666038,43.3373,43.33695,366749,"2023_12_20_0028","2023_12_20_0028_ev00477_rec1","no",65582
479,1,43.4278,83.540101224183,91.6038044825783,8.06370325839528,0.199999999999534,0.149999999997874,0,82.0028131214928,4.39364828764337,3.62234227681685,-29.1885469404078,43.42775,43.42755,368556,"2023_12_20_0028","2023_12_20_0028_ev00479_rec1","no",65584
481,1,43.63315,87.7743979561934,107.152047031304,19.3776490751102,1.69999999999959,17.4000000000021,28.899999999993,-27027.0200887626,27127.5248513248,140898.702630045,323.008265048967,43.63275,43.6298,372663,"2023_12_20_0028","2023_12_20_0028_ev00481_rec1","no",65586
482,1,43.6572,95.7518383522565,104.224286381869,8.47244802961245,0.10000000000332,0.149999999997874,0,90.8004305497511,5.88041289318045,5.74265525031885,-113.754922313289,43.6571,43.657,373144,"2023_12_20_0028","2023_12_20_0028_ev00482_rec1","no",65587
483,1,43.69715,89.1182302035253,97.0477081522183,7.92947794869301,0.199999999999534,0.199999999992428,0,86.9628551615177,3.85032947763357,3.0325613147566,-51.4036969359679,43.6971,43.69685,373943,"2023_12_20_0028","2023_12_20_0028_ev00483_rec1","no",65588
484,1,43.7419,89.0833548159098,95.818313663227,6.7349588473172,0.300000000002854,0.10000000000332,0,85.8466947869197,5.55737013864003,5.58194964326817,-65.1041113650168,43.74185,43.7415,374838,"2023_12_20_0028","2023_12_20_0028_ev00484_rec1","no",65589
485,1,43.79605,85.4533693927383,95.6224847350906,10.1691153423523,0.0999999999962142,30.0999999999974,30.0000000000011,12367.0154796271,-12283.6607294796,169492.540622678,-29.6880991733875,43.796,43.7959,375921,"2023_12_20_0028","2023_12_20_0028_ev00485_rec1","no",65590
486,1,43.95935,92.1525627501051,97.7996982472435,5.64713549713836,0.200000000006639,0.600000000005707,0,91.2019442157587,2.61786055218951,2.06887120969105,-19.9059932765507,43.95805,43.9568,379187,"2023_12_20_0028","2023_12_20_0028_ev00486_rec1","no",65591
487,1,43.97925,92.1731370398488,102.357143992978,10.1840069531294,0.149999999997874,0.149999999990769,0,81.4333147272598,12.7722831600936,25.2838245404121,-96.4800036336783,43.9792,43.979,379585,"2023_12_20_0028","2023_12_20_0028_ev00487_rec1","no",65592
488,1,44.18965,90.3951914701368,96.9286180526396,6.53342658250287,0.250000000001194,0.200000000006639,0.0999999999962142,87.2330312995866,6.25639331381251,1.01373771778009,-87.2186005820677,44.1896,44.18935,383793,"2023_12_20_0028","2023_12_20_0028_ev00488_rec1","no",65593
491,1,44.6693,88.8035866842322,93.9748685328076,5.17128184857542,0.399999999999068,0.349999999997408,0,83.5001776253271,6.84284913127569,15.5183532824988,-65.9574171084769,44.6693,44.6689,393386,"2023_12_20_0028","2023_12_20_0028_ev00491_rec1","no",65596
492,1,44.8257,90.6543538722517,95.3400648173505,4.6857109450988,0.199999999999534,0.250000000001194,0,88.3632119274143,2.98011080484623,3.12342060563001,-57.9583695834461,44.82565,44.8254,396514,"2023_12_20_0028","2023_12_20_0028_ev00492_rec1","no",65597
493,1,44.9561,87.2990862031315,94.2404740960344,6.9413878929029,0.150000000004979,0.249999999994088,0,85.3514368500512,4.07783202916196,4.47433801485285,-38.1020551823215,44.95595,44.95575,399122,"2023_12_20_0028","2023_12_20_0028_ev00493_rec1","no",65598
494,1,45.1679,89.5193236138751,116.816554574017,27.2972309601422,6.59999999999883,19.8499999999981,30.0000000000011,79.3422849558574,29.9171377197006,82.7922001280016,656.299803281334,45.1634,45.15675,403358,"2023_12_20_0028","2023_12_20_0028_ev00494_rec1","no",65599
495,1,45.2159,105.092226575913,114.903384331229,9.81115775531573,0.700000000001921,0.849999999999795,0,-85123.871117417,85231.3923851348,212712.268139548,-103.680123732492,45.21585,45.21455,404318,"2023_12_20_0028","2023_12_20_0028_ev00495_rec1","no",65600
496,1,45.2758,105.152885614854,109.73395968383,4.5810740689756,0.199999999999534,0.0999999999962142,0,100.92119664333,5.52041160560914,7.7770791770698,-85.3709789149806,45.2758,45.27525,405516,"2023_12_20_0028","2023_12_20_0028_ev00496_rec1","no",65601
497,1,45.3252,95.9594923727718,125.231824794474,29.2723324217023,4.44999999999851,17.4500000000037,22.9500000000016,92.6375342340394,25.9265521490913,37.8950571286107,524.85938578895,45.3244,45.3199,406504,"2023_12_20_0028","2023_12_20_0028_ev00497_rec1","no",65602
498,1,45.3582,101.023127693466,109.063100013295,8.03997231982915,0.349999999997408,0.299999999995748,2.15000000000032,97.810158114468,7.26208401921206,13.3683451161713,-7.03241120654459,45.3582,45.35785,407164,"2023_12_20_0028","2023_12_20_0028_ev00498_rec1","no",65603
499,1,45.3876,99.7979461570657,103.16646387862,3.36851772155396,0.250000000008299,0.250000000001194,0.750000000003581,93.9800622393428,7.65137986391037,9.41787901265128,-104.178723553824,45.38745,45.3872,407752,"2023_12_20_0028","2023_12_20_0028_ev00499_rec1","no",65604
500,1,45.72345,91.7496436800072,99.4638354704018,7.71419179039461,2.15000000000032,1.1999999999972,1.1999999999972,89.6047679367039,5.93513821278816,7.12764567822833,-1.45899306327528,45.72165,45.7173,414469,"2023_12_20_0028","2023_12_20_0028_ev00500_rec1","no",65605
501,1,45.78485,104.27405083875,113.231204460772,8.95715362202229,0.150000000004979,30.1999999999936,29.999999999994,10141.6165994454,-10040.8721774291,162333.150905064,-76.5644887209231,45.78475,45.78455,415697,"2023_12_20_0028","2023_12_20_0028_ev00501_rec1","no",65606
502,1,45.81435,101.524941874159,110.768205850578,9.2432639764187,0.199999999999534,0.149999999997874,0,53.2607897588599,49.7590184307742,137.556337834816,-105.471546978481,45.8143,45.8141,416287,"2023_12_20_0028","2023_12_20_0028_ev00502_rec1","no",65607
503,1,45.87535,95.1448304156403,113.11116009385,17.9663296782099,1.85000000000457,2.74999999999892,4.50000000000017,98.351710856999,4.73524248041118,14.0470358715264,256.920378394468,45.8673,45.8654,417507,"2023_12_20_0028","2023_12_20_0028_ev00503_rec1","no",65608
504,1,45.9247,96.7796264027702,104.023496049459,7.24386964668916,0.149999999997874,12.8500000000003,12.049999999995,300474.724487819,-300394.902605897,184099.83798968,225.636997588486,45.92455,45.9244,418494,"2023_12_20_0028","2023_12_20_0028_ev00504_rec1","no",65609
505,1,45.95215,93.7102504769226,180.769030149355,87.0587796724321,0.950000000003115,30.9499999999971,30.0000000000011,134.690567806934,41.971721378687,10.8842087528652,1748.67991079242,45.95155,45.9505,419043,"2023_12_20_0028","2023_12_20_0028_ev00505_rec1","no",65610
506,1,46.0951,102.994178943054,128.265066017232,25.2708870741779,4.84999999999758,33.3499999999987,29.999999999994,-51476.2712143872,51598.771903759,197997.918288981,624.886125550068,46.09255,46.0876,421902,"2023_12_20_0028","2023_12_20_0028_ev00506_rec1","no",65611
508,1,46.12455,113.801493427466,123.577039603378,9.77554617591177,0.149999999997874,0.599999999998602,1.80000000000291,104.629041230509,14.3741884224319,15.429158082196,-82.7052454096756,46.1244,46.12425,422491,"2023_12_20_0028","2023_12_20_0028_ev00508_rec1","no",65613
509,1,46.16695,109.065376083862,111.706770863794,2.64139477993177,0.450000000000728,30.300000000004,30.0000000000011,63948.5349310227,-63846.449955273,333402.555249374,-123.284320975177,46.16695,46.1663,423339,"2023_12_20_0028","2023_12_20_0028_ev00509_rec1","no",65614
510,1,46.25725,110.338813160469,133.544651446725,23.205838286256,2.89999999999679,1.64999999999793,4.84999999999758,112.683436003392,10.8654107434268,8.74160440152357,203.249262441246,46.2572,46.2537,425145,"2023_12_20_0028","2023_12_20_0028_ev00510_rec1","no",65615
511,1,46.31825,135.979231965695,193.721687139493,57.7424551737982,0.700000000009027,15.2999999999963,19.2499999999995,122.890197076799,73.982342447931,25.2036097023699,959.40987924379,46.3177,46.3169,426365,"2023_12_20_0028","2023_12_20_0028_ev00511_rec1","no",65616
512,1,46.4054,128.373305340231,134.606221755038,6.23291641480628,0.149999999997874,0.250000000001194,0.749999999996476,115.651959880299,15.5517456191627,21.881575926842,-126.396299284628,46.40525,46.4051,428108,"2023_12_20_0028","2023_12_20_0028_ev00512_rec1","no",65617
513,1,46.4372,116.427238319668,140.837188552724,24.4099502330562,0.549999999989836,18.1499999999986,27.3500000000055,121.561245538884,15.3226145110328,19.9910665214279,448.855888188688,46.4347,46.43355,428744,"2023_12_20_0028","2023_12_20_0028_ev00513_rec1","no",65618
514,1,46.47375,127.73360090743,135.824120198291,8.09051929086181,0.10000000000332,0.149999999997874,0,116.245060630393,11.2383216080677,9.86351622599054,-237.911894048939,46.47365,46.47355,429475,"2023_12_20_0028","2023_12_20_0028_ev00514_rec1","no",65619
515,1,46.49075,119.32148193908,126.945511679745,7.62402974066489,0.10000000000332,0.149999999997874,0,115.604355408152,5.94534573082723,5.75288252044457,-76.2702527654969,46.49065,46.49055,429815,"2023_12_20_0028","2023_12_20_0028_ev00515_rec1","no",65620
516,1,46.53475,112.400164219334,120.263645989368,7.86348177003408,0.10000000000332,23.9000000000047,17.1499999999938,118.096401553181,-9.24266054335766,14.2899339048338,56.9617637558718,46.53455,46.53445,430695,"2023_12_20_0028","2023_12_20_0028_ev00516_rec1","no",65621
517,1,46.56525,115.154233604256,127.273885094728,12.1196514904711,0.300000000009959,2.94999999999845,4.9500000000009,87.5725440893691,35.5336102948157,48.0540685852623,-31.0776626637664,46.56515,46.5648,431305,"2023_12_20_0028","2023_12_20_0028_ev00517_rec1","no",65622
518,1,46.6641,102.686361956899,118.634046104993,15.9476841480936,5.15000000000043,5.64999999999571,12.2500000000016,103.461087387365,9.26962880655714,20.671405314604,213.54021925822,46.6639,46.6576,433282,"2023_12_20_0028","2023_12_20_0028_ev00518_rec1","no",65623
519,1,46.7369,99.5860574347402,107.267442019961,7.6813845852211,0.250000000001194,30.2499999999952,29.999999999994,35753.9010276622,-35656.297132093,223509.722020669,14.219361693965,46.7369,46.7366,434738,"2023_12_20_0028","2023_12_20_0028_ev00519_rec1","no",65624
520,1,46.77685,99.2405766705983,121.883147635427,22.642570964829,7.69999999999982,12.1500000000054,30.0000000000011,109.478755591714,6.29008188879083,5.19972073421172,534.389441780269,46.77335,46.76555,435537,"2023_12_20_0028","2023_12_20_0028_ev00520_rec1","no",65625
521,1,46.83675,106.881421413202,116.463917728902,9.58249631570031,0.0999999999962142,0.149999999997874,0,-18705.9196038681,18813.9360991313,126769.748656477,-31.2579047776181,46.83665,46.83655,436735,"2023_12_20_0028","2023_12_20_0028_ev00521_rec1","no",65626
522,1,46.8768,102.692921798744,107.160026902727,4.46710510398268,0.250000000001194,0.250000000001194,0.350000000004513,99.2578720113348,5.26871944352847,10.1427929253037,-50.5814460514404,46.8768,46.87655,437536,"2023_12_20_0028","2023_12_20_0028_ev00522_rec1","no",65627
523,1,46.98375,96.4113970225908,104.826126509527,8.4147294869358,0.300000000002854,0.10000000000332,0,94.2105391417697,4.72539603361214,3.73858802769456,-47.1969648441578,46.98375,46.98345,439675,"2023_12_20_0028","2023_12_20_0028_ev00523_rec1","no",65628
525,1,47.44445,92.1289620965618,97.4347911020029,5.30582900544108,0.199999999999534,0.249999999994088,0.300000000002854,88.3927096322921,7.9975671991583,0.855116203196066,-104.878983831182,47.44445,47.44425,448889,"2023_12_20_0028","2023_12_20_0028_ev00525_rec1","no",65630
526,1,47.6631,91.2640646237404,110.467973813686,19.2039091899461,6.94999999999624,37.4000000000052,30.0000000000011,98.9463948677358,8.04407645458627,24.6713103552007,525.207892042227,47.6603,47.65335,453262,"2023_12_20_0028","2023_12_20_0028_ev00526_rec1","no",65631
527,1,47.6936,101.208949013896,109.379294882418,8.1703458685229,0.349999999997408,0.149999999997874,0,85.8808165841161,16.7092739971976,45.6560002696804,-90.8992544773306,47.6936,47.6932,453872,"2023_12_20_0028","2023_12_20_0028_ev00527_rec1","no",65632
528,1,47.91345,94.8859287933967,102.812179838121,7.92625104472472,0.249999999994088,0.150000000004979,0,91.4970476242224,5.31447299457481,14.2290258472551,-33.9228023713154,47.9134,47.91315,458269,"2023_12_20_0028","2023_12_20_0028_ev00528_rec1","no",65633
529,1,48.00285,91.7881064804399,119.958906648522,28.1708001680817,5.29999999999831,16.5500000000094,30.0000000000011,93.3377976399603,18.4175406192741,41.7556634097876,559.227627606953,48.00205,47.9966,460057,"2023_12_20_0028","2023_12_20_0028_ev00529_rec1","no",65634
530,1,48.05565,97.2725812962013,104.248020242727,6.97543894652541,0.300000000002854,0.250000000001194,0.349999999997408,91.6269385756052,8.44750970062342,13.3309708952309,-66.466490957655,48.05565,48.05535,461113,"2023_12_20_0028","2023_12_20_0028_ev00530_rec1","no",65635
531,1,48.11325,101.491573517785,108.106547879469,6.61497436168403,0.299999999995748,21.2999999999965,18.2000000000073,52592.2608861949,-52493.6851290413,177963.073994329,46.6502812378372,48.11325,48.11295,462265,"2023_12_20_0028","2023_12_20_0028_ev00531_rec1","no",65636
532,1,48.1522,104.117298179738,122.557372836206,18.4400746564683,2.00000000000244,7.75000000000148,6.00000000000023,107.906147812148,7.79536055334742,6.34655618274193,249.758980402382,48.14595,48.14345,463044,"2023_12_20_0028","2023_12_20_0028_ev00532_rec1","no",65637
533,1,48.18265,107.063971157041,114.50763405343,7.4436628963888,0.199999999992428,0.349999999997408,0.600000000005707,102.067014000128,8.96754570268378,4.22072120178579,-109.867124116662,48.1826,48.18235,463653,"2023_12_20_0028","2023_12_20_0028_ev00533_rec1","no",65638
536,1,48.5129,106.617197708996,117.372324129085,10.7551264200883,0.250000000001194,0.150000000004979,0,99.8764421362346,6.61197359787753,12.2163285325259,-126.861637983566,48.51285,48.5126,470258,"2023_12_20_0028","2023_12_20_0028_ev00536_rec1","no",65641
537,1,48.5519,102.201156153645,108.47674714533,6.27559099168481,0.0500000000016598,0.300000000002854,0,96.0976809663152,8.33994629332868,16.3552740182957,-65.9648040605275,48.55165,48.55155,471038,"2023_12_20_0028","2023_12_20_0028_ev00537_rec1","no",65642
539,1,48.7926,92.220665456394,97.7237421396646,5.50307668327066,0.200000000006639,0.299999999995748,0.400000000006173,90.8508265203762,4.24522012228658,1.86927333362679,-31.8865707727313,48.79245,48.79225,475852,"2023_12_20_0028","2023_12_20_0028_ev00539_rec1","no",65644
540,1,49.017,98.0295777021267,121.880220894604,23.8506431924768,0.999999999997669,9.75000000000392,20.6500000000034,106.086717703555,12.5393282534091,7.39813917464278,354.661268198422,49.0168,49.01555,480340,"2023_12_20_0028","2023_12_20_0028_ev00540_rec1","no",65645
541,1,49.05475,104.234350960507,115.268108183444,11.0337572229369,0.0999999999962142,0.199999999999534,0,96.3991240711248,10.1986645262402,14.6772500279567,-102.411599345511,49.0546,49.05445,481095,"2023_12_20_0028","2023_12_20_0028_ev00541_rec1","no",65646
542,1,49.14175,94.0242779243189,128.751827594677,34.7275496703579,0.700000000001921,20.2500000000043,29.999999999994,104.148219730927,18.5891662737644,20.818757591893,623.286625366889,49.14145,49.1406,482835,"2023_12_20_0028","2023_12_20_0028_ev00542_rec1","no",65647
543,1,49.20265,113.786828185215,121.176325362324,7.3894971771085,1.05000000000643,4.40000000000396,5.90000000000401,90.2394493466861,29.6595486113729,48.7414833215176,-37.8848954988097,49.20245,49.2014,484053,"2023_12_20_0028","2023_12_20_0028_ev00543_rec1","no",65648
544,1,49.2512,107.027570887445,113.283111785173,6.25554089772734,0.250000000001194,0.250000000001194,0,101.162765774087,5.39447783268675,16.4604654554998,-99.4449029385018,49.2512,49.25085,485024,"2023_12_20_0028","2023_12_20_0028_ev00544_rec1","no",65649
546,1,49.30265,97.2187001179709,101.858804266827,4.64010414885655,0.300000000002854,0.250000000001194,0,-2833.27471489985,2929.71093310567,52167.5732305936,-47.0365148617155,49.30265,49.30235,486053,"2023_12_20_0028","2023_12_20_0028_ev00546_rec1","no",65651
547,1,49.37105,93.2044120457816,101.326420243379,8.12200819759759,0.0999999999962142,0.199999999999534,0,92.0801419293271,3.92972695360002,3.35195419529515,-18.8110279364997,49.3709,49.3708,487421,"2023_12_20_0028","2023_12_20_0028_ev00547_rec1","no",65652
548,1,49.41195,94.5102978694305,100.785669432525,6.27537156309434,0.250000000008299,0.450000000000728,0.800000000005241,93.2671244883639,4.5622184528601,3.32960944523677,-20.0939800113079,49.41185,49.4116,488239,"2023_12_20_0028","2023_12_20_0028_ev00548_rec1","no",65653
549,1,49.45435,94.991806304588,100.896924099296,5.9051177947081,0.300000000002854,0.250000000001194,0,91.7369452423216,5.26756304718041,8.85954302415986,-50.4969033861112,49.45435,49.45405,489087,"2023_12_20_0028","2023_12_20_0028_ev00549_rec1","no",65654
550,1,49.6013,91.6610701897014,99.0326489943343,7.37157880463286,0.299999999995748,0.249999999994088,0,89.6134422901721,3.98701682070897,2.87761995310601,-47.8859844048948,49.6013,49.601,492026,"2023_12_20_0028","2023_12_20_0028_ev00550_rec1","no",65655
552,1,49.88695,85.5527276754442,101.478857135519,15.9261294600749,0.500000000002387,38.8500000000036,30.0000000000011,92.1225837577913,8.28891362976042,18.5116812367313,418.704880479198,49.88095,49.8775,497739,"2023_12_20_0028","2023_12_20_0028_ev00552_rec1","no",65657
554,2,50.05365,106.536198787923,116.385875646399,9.84967685847619,0.199999999999534,0.450000000000728,1.85000000000457,103.013273860594,8.81084109397738,8.90020260648799,-28.5773209282488,50.0536,50.0534,1073,"2023_12_20_0028","2023_12_20_0028_ev00554_rec2","no",65659
556,2,50.1114,106.860832870851,116.936425375002,10.0755925041503,0.149999999997874,0.150000000004979,0,99.5657293404939,7.1177913633868,6.18410133670132,-173.58850658793,50.1113,50.11115,2228,"2023_12_20_0028","2023_12_20_0028_ev00556_rec2","no",65661
557,2,50.34165,99.312237669403,103.967077543865,4.6548398744625,0.200000000006639,0.300000000002854,0,97.060447684452,3.49936589553374,4.34200556813677,-50.9523468935476,50.3415,50.3413,6833,"2023_12_20_0028","2023_12_20_0028_ev00557_rec2","no",65662
558,2,50.4066,102.419836234571,105.764389658875,3.34455342430422,0.999999999997669,30.7999999999993,27.7000000000029,38223.5557245225,-38125.2701102269,196744.48147445,-36.4541920886249,50.4066,50.40495,8132,"2023_12_20_0028","2023_12_20_0028_ev00558_rec2","no",65663
559,2,50.4628,102.939462096587,106.497079649412,3.55761755282465,0.700000000001921,0.650000000000261,0.549999999996942,96.3833939610952,8.9946336884806,4.19473768968283,-157.25256559928,50.4628,50.462,9256,"2023_12_20_0028","2023_12_20_0028_ev00559_rec2","no",65664
560,2,50.50035,93.248550889251,115.394155906698,22.1456050174471,7.10000000000122,16.7000000000002,30.0000000000011,102.740352960456,8.08774242564033,6.99022995075704,444.156985276959,50.50015,50.49295,10007,"2023_12_20_0028","2023_12_20_0028_ev00560_rec2","no",65665
561,2,50.52035,102.377716348874,115.782548441782,13.4048320929081,0.199999999999534,0.149999999997874,0.700000000001921,96.3632988268029,12.2617688533631,6.46804026786063,-100.117294064868,50.5203,50.5201,10407,"2023_12_20_0028","2023_12_20_0028_ev00561_rec2","no",65666
562,2,50.5638,97.5427967148857,105.348574375972,7.80577766108625,0.199999999999534,0.599999999998602,0.94999999999601,92.6439306594454,9.42435550630732,5.01734178314617,-98.0575808076456,50.5637,50.5635,11276,"2023_12_20_0028","2023_12_20_0028_ev00562_rec2","no",65667
563,2,50.5839,95.1453471213022,98.2076669931675,3.06231987186533,0.450000000000728,30.4000000000002,30.0000000000011,18714.542225521,-18622.427699084,175615.931396571,-41.7872770321261,50.58385,50.5834,11678,"2023_12_20_0028","2023_12_20_0028_ev00563_rec2","no",65668
564,2,50.64265,105.630043772165,112.922785882648,7.29274211048208,0.399999999999068,2.94999999999845,0.89999999999435,103.876670947653,6.12712950782103,2.79946697599663,-30.7597800289444,50.6423,50.6397,12853,"2023_12_20_0028","2023_12_20_0028_ev00564_rec2","no",65669
565,2,50.66975,102.818536518231,113.150216491706,10.331679973475,0.149999999997874,7.55000000000194,7.35000000000241,2378660.61987963,-2378614.19677115,290726.826535718,1989.56582027911,50.66975,50.6696,13395,"2023_12_20_0028","2023_12_20_0028_ev00565_rec2","no",65670
566,2,50.6919,122.520574311131,302.267483090472,179.746908779341,2.09999999999866,32.199999999996,30.0000000000011,169.01191958472,127.692612122123,41.3084073041387,4518.00488045609,50.6907,50.68815,13838,"2023_12_20_0028","2023_12_20_0028_ev00566_rec2","no",65671
567,2,50.7248,232.159302157838,251.637701404372,19.4783992465339,0.900000000001455,6.90000000000168,7.3499999999953,-700707.886656578,700956.560679388,554608.135822373,-47.6395281413605,50.72405,50.72315,14496,"2023_12_20_0028","2023_12_20_0028_ev00567_rec2","no",65672
568,2,50.8635,149.250240231074,156.655645117395,7.40540488632143,0.300000000002854,0.250000000001194,0,-60886.10321285,61036.4764118443,154498.026131474,-142.671480496184,50.8635,50.8632,17270,"2023_12_20_0028","2023_12_20_0028_ev00568_rec2","no",65673
569,2,50.9341,141.385981239446,166.480507550725,25.0945263112786,7.94999999999391,15.9999999999982,14.3500000000003,91.0847431003441,74.7899894719195,63.1183118099726,401.692379368569,50.93355,50.9254,18682,"2023_12_20_0028","2023_12_20_0028_ev00569_rec2","no",65674
570,2,50.99985,125.753043707404,132.197687114606,6.44464340720172,0.10000000000332,0.250000000001194,0,-14741.1734894551,14867.4655894359,87127.9976341524,-58.7985860471995,50.99965,50.99955,19997,"2023_12_20_0028","2023_12_20_0028_ev00570_rec2","no",65675
571,2,51.0199,123.874767462157,130.395475249138,6.52070778698094,0.300000000002854,0.300000000002854,0,118.746578081708,6.09390340644471,5.35528251012846,-119.15857006883,51.0199,51.01955,20398,"2023_12_20_0028","2023_12_20_0028_ev00571_rec2","no",65676
572,2,51.05985,112.598816575907,121.077541695461,8.47872511955421,0.299999999995748,0.749999999996476,2.65000000000271,114.106929099443,3.09524136890948,4.09388534954265,60.6464676917279,51.05985,51.05955,21197,"2023_12_20_0028","2023_12_20_0028_ev00572_rec2","no",65677
573,2,51.16075,109.604027106436,115.827639916338,6.22361280990231,0.150000000004979,0.199999999999534,0,106.510943322418,4.95933562527823,2.47948307253967,-79.0932095537494,51.1606,51.16045,23215,"2023_12_20_0028","2023_12_20_0028_ev00573_rec2","no",65678
574,2,51.3902,99.9189935035333,105.047206506889,5.12821300335553,0.250000000001194,0.300000000002854,0,92.7768321619087,8.61640288149735,17.2507959879036,-90.2129977633738,51.39005,51.3896,27804,"2023_12_20_0028","2023_12_20_0028_ev00574_rec2","no",65679
575,2,51.45235,93.8787216113705,100.791705245226,6.91298363385532,0.300000000002854,21.0000000000008,15.9999999999982,47893.5248707118,-47800.1200916304,252531.30631714,72.5528667548863,51.45235,51.45205,29047,"2023_12_20_0028","2023_12_20_0028_ev00575_rec2","no",65680
576,2,51.51235,103.530499167471,109.997387153556,6.4668879860853,0.0499999999945544,1.30000000000052,1.69999999999959,101.429187153715,6.81479834425451,4.13450948195654,-32.3420787431519,51.5121,51.51205,30247,"2023_12_20_0028","2023_12_20_0028_ev00576_rec2","no",65681
577,2,51.6697,101.451154414667,106.41478885286,4.96363443819348,0.0999999999962142,0.250000000001194,0.550000000004047,98.1733294431808,5.7881057050887,4.2986898604616,-72.108984901253,51.6695,51.6694,33394,"2023_12_20_0028","2023_12_20_0028_ev00577_rec2","no",65682
578,2,51.73915,97.1377585153339,100.73798674824,3.6002282329061,0.250000000001194,0.250000000001194,0,93.0973877420431,4.64610994239845,4.37594211072024,-99.7006732170062,51.73915,51.7387,34783,"2023_12_20_0028","2023_12_20_0028_ev00578_rec2","no",65683
579,2,52.08935,92.72865133206,103.180356731616,10.4517053995563,0.199999999999534,0.0999999999962142,0,90.6857774663484,3.81257260365005,6.0926664817244,-36.9476973049059,52.0893,52.0891,41787,"2023_12_20_0028","2023_12_20_0028_ev00579_rec2","no",65684
580,2,52.17975,95.6474199559286,101.50672392119,5.85930396526136,0.299999999995748,20.4000000000022,17.6500000000033,226303.712594661,-226211.277336372,742021.695871882,42.7475475162481,52.17975,52.17945,43595,"2023_12_20_0028","2023_12_20_0028_ev00580_rec2","no",65685
581,2,52.3081,93.5815123914816,99.8417336023428,6.26022121086116,0.0499999999945544,0.249999999994088,0,90.5848521520299,3.00425061740854,8.97260229887847,-62.1356492822046,52.3079,52.30785,46162,"2023_12_20_0028","2023_12_20_0028_ev00581_rec2","no",65686
582,2,52.73805,89.7729231410755,108.721158080864,18.9482349397889,11.1500000000007,8.74999999999915,12.0000000000005,95.491428584726,6.21868056392396,7.63026782720421,343.410222069726,52.73675,52.7254,54761,"2023_12_20_0028","2023_12_20_0028_ev00582_rec2","no",65687
583,2,52.8191,99.7123078728746,110.169269861077,10.4569619882028,0.250000000001194,3.99999999999778,6.85000000000002,101.399532771388,6.23080927072019,6.54568709285023,94.1300747754052,52.81895,52.81865,56382,"2023_12_20_0028","2023_12_20_0028_ev00583_rec2","no",65688
585,2,53.11765,105.745286052894,115.481319918984,9.73603386608993,2.45000000000317,1.30000000000052,0,-46513.4385724356,46619.8934590092,161432.086747622,-105.786791678539,53.1176,53.1136,62353,"2023_12_20_0028","2023_12_20_0028_ev00585_rec2","no",65690
586,2,53.2481,92.2437595431281,101.54896206872,9.30520252559178,0.250000000001194,30.2000000000007,30.0000000000011,92.7747258885242,-0.679686206914565,10.3256470060175,10.5341213646581,53.2481,53.24775,64962,"2023_12_20_0028","2023_12_20_0028_ev00586_rec2","no",65691
587,2,53.56675,90.7729170558862,98.4241064543913,7.65118939850511,0.250000000001194,30.2000000000007,30.0000000000011,90.815046775426,-2.26321103831357,6.01306844620636,-10.823131733447,53.56675,53.5665,71335,"2023_12_20_0028","2023_12_20_0028_ev00587_rec2","no",65692
588,2,53.6476,93.4892610185545,99.7246718736231,6.23541085506857,0.199999999999534,0.149999999997874,0,90.7983646599434,3.5314493066425,2.31636615694039,-71.3819308848344,53.64755,53.6473,72952,"2023_12_20_0028","2023_12_20_0028_ev00588_rec2","no",65693
590,2,54.21655,98.0986018044649,105.673370752857,7.57476894839205,0.250000000001194,0.199999999999534,0,93.9504149771268,4.42281810287562,9.84179068270445,-81.2987648103015,54.21655,54.2163,84331,"2023_12_20_0028","2023_12_20_0028_ev00590_rec2","no",65695
591,2,54.25645,94.6033246886052,120.45246051667,25.8491358280645,3.45000000000084,11.8500000000026,22.0999999999947,73.5456579447117,36.3496723210788,128.919303757975,397.69302924359,54.25635,54.25285,85129,"2023_12_20_0028","2023_12_20_0028_ev00591_rec2","no",65696
592,2,54.2694,108.922973384175,113.840054533682,4.9170811495071,6.75000000000381,2.44999999999607,0,91.7815880550931,14.8634012334638,46.2310097473186,-199.770508777327,54.2693,54.2596,85388,"2023_12_20_0028","2023_12_20_0028_ev00592_rec2","no",65697
593,2,54.32935,99.3555015278882,104.356257281839,5.00075575395073,0.299999999995748,0.250000000001194,0,94.927679370029,6.00836681760372,3.59714024870899,-109.20045614981,54.32935,54.32905,86587,"2023_12_20_0028","2023_12_20_0028_ev00593_rec2","no",65698
594,2,54.4858,109.565635366141,121.976986432821,12.4113510666803,0.0999999999962142,0.199999999999534,0,-91564.1918543982,91675.4577633248,218914.519099458,-135.130815647095,54.48565,54.48555,89716,"2023_12_20_0028","2023_12_20_0028_ev00594_rec2","no",65699
595,2,54.4891,108.602603326508,118.581259261779,9.97865593527102,0.0999999999962142,0.149999999997874,0,74.3230517404323,35.6636374254347,78.5636042819843,-137.632658770177,54.489,54.48885,89782,"2023_12_20_0028","2023_12_20_0028_ev00595_rec2","no",65700
596,2,54.55865,102.991882104142,111.932868835151,8.94098673100829,0.199999999999534,0.149999999997874,0,99.0347182754777,5.92214823594326,5.92208985160714,-82.5583047023492,54.5586,54.55835,91173,"2023_12_20_0028","2023_12_20_0028_ev00596_rec2","no",65701
597,2,54.6666,97.1718312486053,105.002443412665,7.8306121640598,0.300000000002854,0.250000000001194,0,92.4874457231531,6.69910701651342,8.73391040903664,-81.8823192806804,54.66655,54.66625,93332,"2023_12_20_0028","2023_12_20_0028_ev00597_rec2","no",65702
598,2,54.9087,91.8919530393213,99.8926859492949,8.00073290997361,0.149999999997874,0.299999999995748,0.750000000003581,91.4556780897415,4.27731889907303,3.18359513868692,2.80191489565557,54.9085,54.90835,98174,"2023_12_20_0028","2023_12_20_0028_ev00598_rec2","no",65703
599,2,55.0767,94.1765203998901,99.3266530753079,5.15013267541784,0.250000000001194,30.2499999999952,29.999999999994,5866.66166327527,-5773.59662247766,230408.812848642,-20.4246360819127,55.07665,55.07635,101534,"2023_12_20_0028","2023_12_20_0028_ev00599_rec2","no",65704
600,2,55.10615,96.217521772683,101.850481153774,5.63295938109098,0.0999999999962142,0.300000000002854,0,92.9784601641846,4.8763082082487,7.95592691934148,-57.5681968618715,55.1059,55.1057,102123,"2023_12_20_0028","2023_12_20_0028_ev00600_rec2","no",65705
601,2,55.14515,91.8991367925169,110.251271740041,18.3521349475241,4.80000000000302,2.20000000000198,5.89999999999691,74.0246919334629,26.1428597754695,101.001820094041,199.118412933151,55.14385,55.13895,102903,"2023_12_20_0028","2023_12_20_0028_ev00601_rec2","no",65706
602,2,55.1556,95.3940219548462,102.820182081908,7.42616012706185,0.250000000001194,0.199999999999534,0,88.2943518070273,9.64210934062555,34.7180111099177,-17.9569678202547,55.15555,55.1553,103112,"2023_12_20_0028","2023_12_20_0028_ev00602_rec2","no",65707
603,2,55.57005,94.6383638090881,99.5395199561361,4.90115614704796,0.250000000001194,0.550000000004047,1.39999999999674,92.0890443834958,5.13987780141836,8.39977486549952,-33.0516634221012,55.57,55.56975,111401,"2023_12_20_0028","2023_12_20_0028_ev00603_rec2","no",65708
604,2,55.668,90.6057818254592,102.977885890209,12.3721040647501,0.300000000002854,0.300000000002854,0.10000000000332,91.3956376989546,12.191170474635,0.0978221114756165,28.0239800256756,55.668,55.6677,113360,"2023_12_20_0028","2023_12_20_0028_ev00604_rec2","no",65709
605,2,55.8549,96.5595127262316,100.81771951019,4.25820678395888,0.0500000000016598,0.800000000005241,1.14999999999554,93.4183777268362,5.71068369787367,5.94233905316476,-59.0789716708681,55.85465,55.8546,117098,"2023_12_20_0028","2023_12_20_0028_ev00605_rec2","no",65710
606,2,55.941,96.0883949556902,101.833628350834,5.7452333951434,0.300000000002854,0.250000000001194,0,86.1675821996735,8.83112299797035,47.3740818041744,-99.560450612734,55.941,55.9407,118820,"2023_12_20_0028","2023_12_20_0028_ev00606_rec2","no",65711
607,2,56.0408,90.4450852155149,95.4023011090174,4.95721589350249,0.250000000001194,30.149999999999,30.0000000000011,4714.05487430528,-4624.57232684594,93470.0220753472,-5.93353942715934,56.0408,56.04055,120816,"2023_12_20_0028","2023_12_20_0028_ev00607_rec2","no",65712
609,2,56.41545,92.1615850261622,97.0969492569487,4.9353642307865,0.250000000001194,0.250000000001194,0,87.4405279522645,5.91056796122297,10.4869949722803,-81.7231622897131,56.4154,56.4151,128309,"2023_12_20_0028","2023_12_20_0028_ev00609_rec2","no",65714
610,2,56.50475,89.8472042124558,115.11826287245,25.2710586599944,1.30000000000052,24.1499999999988,30.0000000000011,-4036.60926542036,4142.91388641598,23835.2083383613,452.623803982848,56.50365,56.50185,130095,"2023_12_20_0028","2023_12_20_0028_ev00610_rec2","no",65715
611,2,56.5271,101.620800261307,111.026716365193,9.40591610388554,0.250000000001194,0.600000000005707,1.00000000000477,97.7703592537447,9.2331517658006,4.42192121386156,-72.4221142557458,56.527,56.52675,130542,"2023_12_20_0028","2023_12_20_0028_ev00611_rec2","no",65716
612,2,56.63415,101.147531502712,109.445585303241,8.2980538005294,0.10000000000332,0.250000000001194,0,96.159808672572,4.97622923632988,3.93983045237609,-128.444208535662,56.634,56.6339,132683,"2023_12_20_0028","2023_12_20_0028_ev00612_rec2","no",65717
613,2,56.88675,89.314746384419,118.908193569847,29.5934471854276,1.40000000000384,14.0999999999991,30.0000000000011,98.4692109269138,13.8880375357534,15.2013772165121,486.413781975634,56.88655,56.885,137735,"2023_12_20_0028","2023_12_20_0028_ev00613_rec2","no",65718
614,2,56.9162,102.751239311216,107.472590467972,4.72135115675594,0.149999999997874,0.0999999999962142,0,93.4932868038068,9.2611389440608,15.0862756517135,-156.811780506055,56.9162,56.91605,138324,"2023_12_20_0028","2023_12_20_0028_ev00614_rec2","no",65719
615,2,56.9633,97.4149383683136,108.109167620656,10.6942292523424,0.10000000000332,0.149999999997874,0,94.3656226801882,5.09620831310028,3.58673370636282,-71.6532591161697,56.9632,56.96305,139266,"2023_12_20_0028","2023_12_20_0028_ev00615_rec2","no",65720
617,2,57.14405,91.995811982735,100.231948298377,8.2361363156415,0.250000000001194,0.149999999997874,0,86.5586068745974,6.91405660842785,6.13529545339475,-119.694480116077,57.144,57.14375,142881,"2023_12_20_0028","2023_12_20_0028_ev00617_rec2","no",65722
618,2,57.19555,102.235007634786,109.054701213493,6.81969357870666,1.1999999999972,1.04999999999933,0,97.7150320688597,6.45786922654103,8.92984358177308,-79.1108610998294,57.19555,57.1943,143911,"2023_12_20_0028","2023_12_20_0028_ev00618_rec2","no",65723
619,2,57.2934,95.1587250174916,103.425366320013,8.26664130252131,0.250000000001194,0.199999999999534,0,91.977815724392,4.52981445069463,3.53197466660188,-77.447954459803,57.2934,57.29315,145868,"2023_12_20_0028","2023_12_20_0028_ev00619_rec2","no",65724
620,2,57.31335,93.4840358270317,100.829672549379,7.34563672234778,0.199999999999534,30.149999999999,30.0000000000011,53424.1973472407,-53333.7423357968,529451.725556685,-44.4742254936062,57.3133,57.3131,146267,"2023_12_20_0028","2023_12_20_0028_ev00620_rec2","no",65725
621,2,57.54605,90.1194352150298,97.6420401032156,7.52260488818578,0.0999999999962142,0.199999999999534,0,88.8512282240472,2.80008667636318,3.12128936187098,-28.0098362815096,57.54595,57.5458,150921,"2023_12_20_0028","2023_12_20_0028_ev00621_rec2","no",65726
622,2,57.63525,91.3866380139836,98.7399790808256,7.35334106684196,0.399999999999068,0.450000000000728,0.700000000001921,89.1250110022033,5.60107881116173,5.77884473483548,-32.609040698947,57.63525,57.63465,152705,"2023_12_20_0028","2023_12_20_0028_ev00622_rec2","no",65727
623,2,57.71005,89.0217401216052,113.074852992657,24.0531128710516,2.25000000000364,24.9000000000024,30.0000000000011,96.4803329845634,12.9980806021361,23.1120048767598,513.934993511417,57.70855,57.70615,154201,"2023_12_20_0028","2023_12_20_0028_ev00623_rec2","no",65728
624,2,57.7425,100.137434700574,110.194070214465,10.0566355138908,0.199999999999534,0.10000000000332,0,92.1953102147184,8.54042297960028,11.436150575203,-146.648427846327,57.7425,57.74225,154850,"2023_12_20_0028","2023_12_20_0028_ev00624_rec2","no",65729
625,2,57.7625,94.7702778697193,104.411995678286,9.6417178085669,0.199999999999534,0.150000000004979,0,-65956.8919124454,66051.1255237977,397703.504693097,-89.4599079814091,57.76245,57.76225,155250,"2023_12_20_0028","2023_12_20_0028_ev00625_rec2","no",65730
626,2,57.78585,89.2123139901997,99.8040446110209,10.5917306208213,0.249999999994088,30.2000000000007,23.5500000000002,98.8332717376529,-11.5573536140894,33.3212176781217,62.3144110403467,57.78585,57.78555,155717,"2023_12_20_0028","2023_12_20_0028_ev00626_rec2","no",65731
627,2,58.2324,92.2317751617023,99.8321474992917,7.60037233758932,0.199999999999534,0.199999999999534,0,89.6626863030599,5.00172500386712,1.2907051214464,-69.1250164513841,58.23235,58.23215,164648,"2023_12_20_0028","2023_12_20_0028_ev00627_rec2","no",65732
629,2,58.6026,95.6312764457906,101.55706621909,5.92578977329909,0.199999999999534,0.249999999994088,0,87.064740176227,10.3736607601451,25.5072269816503,-72.6624932279489,58.6025,58.6023,172052,"2023_12_20_0028","2023_12_20_0028_ev00629_rec2","no",65734
630,2,58.72485,96.273832887788,100.918965584691,4.64513269690318,1.7000000000067,1.25000000000597,0,88.3764165511713,6.49047426988663,25.4795209855175,-122.010209949712,58.72485,58.72295,174497,"2023_12_20_0028","2023_12_20_0028_ev00630_rec2","no",65735
631,2,58.80135,97.2600907623557,105.320723638932,8.06063287657588,0.199999999999534,0.149999999997874,0,93.6923756919715,4.64215279499178,9.20454434059743,-64.5465377745252,58.8013,58.8011,176027,"2023_12_20_0028","2023_12_20_0028_ev00631_rec2","no",65736
632,2,58.85175,91.531855132477,115.74178361701,24.2099284845327,3.25000000000131,13.0000000000052,13.9000000000067,97.0479983705578,11.9782588473491,11.1585535533028,424.631105875476,58.8476,58.8443,177035,"2023_12_20_0028","2023_12_20_0028_ev00632_rec2","no",65737
634,2,59.0845,91.1255077529752,95.8302951300855,4.70478737711031,0.300000000002854,3.39999999999918,4.75000000000136,89.7154919021634,5.22669449229535,9.42869629663028,7.0203666099053,59.0845,59.0842,181690,"2023_12_20_0028","2023_12_20_0028_ev00634_rec2","no",65739
635,2,59.142,91.0044941639503,114.358703010412,23.3542088464619,16.4000000000044,22.1000000000018,30.0000000000011,100.329905251521,9.10612678360027,10.7235489885991,680.233505506742,59.14175,59.125,182840,"2023_12_20_0028","2023_12_20_0028_ev00635_rec2","no",65740
636,2,59.1819,100.851006425173,107.935129790904,7.08412336573066,0.199999999999534,0.199999999999534,0,98.1068172698495,4.07252284397234,3.18473543239575,-68.0868758654478,59.18185,59.18165,183638,"2023_12_20_0028","2023_12_20_0028_ev00636_rec2","no",65741
637,2,59.2419,94.5325314345337,103.201710321412,8.66917888687823,0.149999999997874,0.199999999999534,0,91.5370333564594,4.0641812595486,1.33024561679928,-82.8118067217331,59.2418,59.2416,184838,"2023_12_20_0028","2023_12_20_0028_ev00637_rec2","no",65742
638,2,59.93705,89.9042830708518,107.392581540034,17.4882984691826,2.29999999999819,34.1000000000022,30.0000000000011,98.5434512141244,5.14067519008517,12.5251917110403,379.844350253885,59.93505,59.9327,198741,"2023_12_20_0028","2023_12_20_0028_ev00638_rec2","no",65743
639,2,59.96105,99.4017105861228,108.837564510551,9.435853924428,0.199999999999534,0.250000000001194,0,92.0730117577432,7.80737112516268,16.5061929650704,-110.085656347546,59.96095,59.96075,199221,"2023_12_20_0028","2023_12_20_0028_ev00639_rec2","no",65744
640,2,60.04005,92.7298333304269,99.4872970581055,6.75746372767857,0.0500000000016598,30.2499999999952,29.999999999994,93.9771151734805,-2.27382675833732,10.7333152418095,16.5634155273437,60.03985,60.03975,200801,"2023_12_20_0028","2023_12_20_0028_ev00640_rec2","no",65745
641,2,60.0833,91.4292032150995,102.844230651855,11.4150274367559,0.149999999997874,0.149999999997874,0,89.2237558164717,4.16866246643565,1.66440303532562,-57.8037437893096,60.08325,60.0831,201666,"2023_12_20_0028","2023_12_20_0028_ev00641_rec2","no",65746
644,2,60.20325,89.8669938587007,99.7924728393555,9.92547898065476,0.149999999997874,30.2000000000007,30.0000000000011,89.2975335031298,-0.21279514569909,5.48000158274612,-16.2595105489096,60.2031,60.20295,204065,"2023_12_20_0028","2023_12_20_0028_ev00644_rec2","no",65749
645,2,60.27365,100.87512025379,107.57445526123,6.69933500744048,0.0999999999962142,1.69999999999959,2.29999999999819,97.471942705823,8.41427286472618,6.46861903942647,-45.8050682431174,60.2734,60.2733,205473,"2023_12_20_0028","2023_12_20_0028_ev00645_rec2","no",65750
646,2,60.35965,95.4836814517067,107.87963104248,12.3959495907738,0.150000000004979,0.10000000000332,0,-18581.9045767254,18675.6352331559,90950.2345394281,-143.547601727077,60.3596,60.3594,207193,"2023_12_20_0028","2023_12_20_0028_ev00646_rec2","no",65751
647,2,60.80255,86.560922895159,128.47900390625,41.918081011091,12.2,40.300000000002,30.0000000000011,-212842.163078832,212962.136227722,456156.888933084,1167.49681783404,60.79905,60.786,216051,"2023_12_20_0028","2023_12_20_0028_ev00647_rec2","no",65752
648,2,60.84015,113.714301336379,119.934074401855,6.21977306547619,0.149999999997874,0.199999999999534,0,106.180381044276,9.01336164963419,4.44762062780625,-184.764317103795,60.84005,60.8399,216803,"2023_12_20_0028","2023_12_20_0028_ev00648_rec2","no",65753
649,2,60.8625,107.821502322242,112.304679870605,4.4831775483631,0.349999999997408,0.450000000000728,0.300000000002854,105.241975768061,5.65383333998247,1.03792185250269,-69.4767179943264,60.8625,60.86215,217250,"2023_12_20_0028","2023_12_20_0028_ev00649_rec2","no",65754
651,2,60.9799,101.209360395159,107.57445526123,6.36509486607143,0.300000000002854,0.349999999997408,0.199999999999534,98.5615814515804,11.6087727861857,0.213993310967962,-75.7980346679687,60.9799,60.9796,219598,"2023_12_20_0028","2023_12_20_0028_ev00651_rec2","no",65756
652,2,61.0389,98.767954145159,105.43822479248,6.67027064732143,0.250000000001194,0.199999999999534,0,84.8862486221832,14.0096719155316,38.5319156404146,-122.808183942522,61.0389,61.03865,220778,"2023_12_20_0028","2023_12_20_0028_ev00652_rec2","no",65757
653,2,61.10225,96.2611530848912,102.539054870605,6.27790178571429,0.299999999995748,0.450000000000728,0.300000000002854,93.4658919680482,7.70816314385427,0.785949761857096,-75.4928588867186,61.10225,61.10195,222045,"2023_12_20_0028","2023_12_20_0028_ev00653_rec2","no",65758
654,2,61.1398,94.3647035871233,121.91771697998,27.5530133928571,0.750000000003581,14.2999999999986,29.999999999994,106.278505246004,12.9473204874886,6.69653059426827,475.620814732143,61.1389,61.13805,222796,"2023_12_20_0028","2023_12_20_0028_ev00654_rec2","no",65759
656,2,61.1997,102.212080819266,110.473625183105,8.26154436383929,0.10000000000332,0.250000000001194,0,99.8593302125558,5.07912798673024,4.51819470129829,-45.443398611886,61.1995,61.19935,223994,"2023_12_20_0028","2023_12_20_0028_ev00656_rec2","no",65761
657,2,61.23865,98.2011991228376,106.04857635498,7.84737723214286,0.0500000000016598,0.250000000001194,0.0500000000016598,96.2672997805941,10.5284875642083,0.0913155451863566,-55.3583417619977,61.2385,61.2384,224773,"2023_12_20_0028","2023_12_20_0028_ev00657_rec2","no",65762
658,2,61.3154,94.4010340372721,99.7924728393555,5.39143880208333,0.199999999999534,2.34999999999985,3.15000000000509,-845.998837475133,944.897954544117,1180.69696298806,-220.75392335256,61.3152,61.31495,226308,"2023_12_20_0028","2023_12_20_0028_ev00658_rec2","no",65763
659,2,61.4351,99.5672240484328,105.285636901855,5.71841285342262,0.349999999997408,1.24999999999886,1.4499999999984,98.7192268192468,5.48318507079582,2.35731342486639,-10.4767935616629,61.43505,61.4347,228702,"2023_12_20_0028","2023_12_20_0028_ev00659_rec2","no",65764
660,2,61.4818,95.8251876831055,101.623527526855,5.79833984375,0.300000000002854,0.250000000001194,0,94.5019077694384,3.54403410174392,0.928485095739834,-34.1682434082031,61.4818,61.4815,229636,"2023_12_20_0028","2023_12_20_0028_ev00660_rec2","no",65765
661,2,61.5992,95.3674240112305,103.30199432373,7.9345703125,0.199999999999534,12.7000000000024,10.6999999999999,117.057551084664,-26.4450441351561,31.1900518473898,142.807006835938,61.59905,61.59885,231984,"2023_12_20_0028","2023_12_20_0028_ev00661_rec2","no",65766
662,2,61.615,91.2112205142067,111.54174041748,20.3305199032738,2.80000000000058,29.0000000000035,30.0000000000011,-11393.6189842455,11499.8345707624,61376.8970856509,416.829790387835,61.61455,61.61175,232300,"2023_12_20_0028","2023_12_20_0028_ev00662_rec2","no",65767
663,2,61.6287,102.975020272391,110.01586151123,7.04084123883929,2.20000000000198,1.1999999999972,0,101.228585204301,2.92085801296761,5.81632378239265,-29.6985081263949,61.6285,61.626,232574,"2023_12_20_0028","2023_12_20_0028_ev00663_rec2","no",65768
665,2,61.77905,102.364668709891,104.675285339355,2.31061662946429,0.450000000000728,0.500000000002387,0.0500000000016598,102.519218943591,2.15576763383678,1e-07,6.33185250418546,61.77905,61.7786,235581,"2023_12_20_0028","2023_12_20_0028_ev00665_rec2","no",65770
666,2,61.8084,99.5163614182245,115.966789245605,16.4504278273809,2.20000000000198,6.7499999999967,30.0000000000011,106.666876698697,4.12477490571003,3.30479015375781,255.846296037946,61.8074,61.80485,236168,"2023_12_20_0028","2023_12_20_0028_ev00666_rec2","no",65771
667,2,61.8349,108.177540733701,116.882316589355,8.70477585565476,0.499999999995282,0.399999999999068,0,98.8269618318693,12.1728061818137,21.916123705299,-79.0218171619235,61.8349,61.83395,236698,"2023_12_20_0028","2023_12_20_0028_ev00667_rec2","no",65772
668,2,61.8685,104.014071146647,108.18480682373,4.17073567708333,0.299999999995748,0.249999999994088,0,94.317866479642,11.0342379038911,17.7799524601423,-129.561106363932,61.8685,61.86815,237370,"2023_12_20_0028","2023_12_20_0028_ev00668_rec2","no",65773
669,2,61.9179,94.2557122366769,99.9450607299805,5.68934849330357,0.300000000002854,30.2500000000023,29.999999999994,28493.5684237965,-28400.6899134148,335770.08865808,-2.27737426757818,61.9179,61.9176,238358,"2023_12_20_0028","2023_12_20_0028_ev00669_rec2","no",65774
670,2,61.95885,92.9623482113793,100.097648620605,7.13530040922619,0.250000000001194,30.2500000000023,30.0000000000011,94.2802973431305,-1.6093943593619,17.9232415532533,17.8041003999256,61.9587,61.9584,239177,"2023_12_20_0028","2023_12_20_0028_ev00670_rec2","no",65775
671,2,62.0413,100.351961771647,104.21752166748,3.86555989583333,0.300000000002854,0.300000000002854,0,-123383.396019907,123484.421252699,452806.414531733,-100.31255086263,62.0413,62.041,240826,"2023_12_20_0028","2023_12_20_0028_ev00671_rec2","no",65776
672,2,62.09875,99.1094603765578,107.116691589355,8.00723121279762,0.350000000004513,0.149999999997874,0,92.6950939842778,7.9465899598006,9.49078545894476,-118.852342878069,62.0987,62.09835,241975,"2023_12_20_0028","2023_12_20_0028_ev00672_rec2","no",65777
673,2,62.1348,95.7234624226888,102.38646697998,6.66300455729167,0.249999999994088,0.199999999999534,0,89.3801093709114,7.81217907829912,14.6320902552555,-89.4864400227863,62.13475,62.13445,242696,"2023_12_20_0028","2023_12_20_0028_ev00673_rec2","no",65778
674,2,62.24095,91.6689841860817,99.1821212768555,7.51313709077381,0.149999999997874,0.199999999999534,0.10000000000332,90.1222829677706,9.52719922569547,0.110953274315248,-43.9534868512835,62.24085,62.2407,244819,"2023_12_20_0028","2023_12_20_0028_ev00674_rec2","no",65779
675,2,62.3143,89.6199467976888,97.6562423706055,8.03629557291667,1.4499999999984,1.25000000000597,0.849999999999795,89.1382280863893,4.01516128403705,5.80724821191585,18.3308919270835,62.3132,62.31115,246286,"2023_12_20_0028","2023_12_20_0028_ev00675_rec2","no",65780
676,2,62.3653,95.9559773036412,102.539054870605,6.58307756696429,0.300000000002854,1.10000000000099,0.599999999998602,91.792446451258,10.7066143472023,1.24025277984811,-109.177725655692,62.36515,62.36435,247306,"2023_12_20_0028","2023_12_20_0028_ev00676_rec2","no",65781
677,2,62.41845,95.8760503133138,103.30199432373,7.42594401041667,0.250000000001194,0.250000000001194,0.199999999999534,92.223031214076,7.34415443677755,1.51843477894998,-96.5245564778645,62.4184,62.4181,248369,"2023_12_20_0028","2023_12_20_0028_ev00677_rec2","no",65782
678,2,62.4984,96.0141060238793,103.454582214355,7.44047619047619,0.0999999999962142,0.250000000001194,0,93.7660514329222,4.02703308029911,3.47543858612958,-51.3585408528646,62.4982,62.4981,249968,"2023_12_20_0028","2023_12_20_0028_ev00678_rec2","no",65783
679,2,62.55405,92.1267478579567,98.2665939331055,6.13984607514881,0.449999999993622,0.799999999998136,0,91.4970438838178,2.36528440490611,2.90915941665625,-8.22067260742186,62.55405,62.55305,251081,"2023_12_20_0028","2023_12_20_0028_ev00679_rec2","no",65784
681,2,62.7405,89.8233973185221,110.93138885498,21.1079915364583,14.2500000000041,10.0500000000068,0.399999999999068,97.3211950456775,15.0503715478422,0.09895293633491,392.39756266276,62.7404,62.7261,254810,"2023_12_20_0028","2023_12_20_0028_ev00681_rec2","no",65786
682,2,62.85635,97.6199119204567,103.759757995605,6.13984607514881,1.4499999999984,0.799999999998136,1.75000000000125,90.6546209366205,9.93559775663885,24.0009026735288,-34.1947646368117,62.85615,62.8544,257127,"2023_12_20_0028","2023_12_20_0028_ev00682_rec2","no",65787
683,2,62.8739,96.0068399338495,100.86058807373,4.85374813988095,0.350000000004513,0.0999999999962142,0.199999999999534,92.8996928725966,5.1365302889387,4.07356108118778,-71.2601797921318,62.8739,62.8735,257478,"2023_12_20_0028","2023_12_20_0028_ev00683_rec2","no",65788
684,2,62.91195,93.216661362421,116.271965026855,23.0553036644345,1.10000000000099,12.3999999999995,18.3000000000035,98.9936177621782,16.6007471937437,10.1901226846735,399.91705758231,62.9093,62.9081,258239,"2023_12_20_0028","2023_12_20_0028_ev00684_rec2","no",65789
685,2,62.9579,102.270209539504,109.252922058105,6.98271251860119,0.0999999999962142,0.149999999997874,0,97.0285548675233,6.14758122442787,1.8715471993332,-144.692920503162,62.9578,62.9577,259158,"2023_12_20_0028","2023_12_20_0028_ev00685_rec2","no",65790
686,2,62.9885,95.3310935610817,101.928703308105,6.59760974702381,0.0999999999962142,0.200000000006639,0.0499999999945544,93.4061048949405,4.43354863409455,3.42821719469768,-41.1840166364397,62.98835,62.98825,259770,"2023_12_20_0028","2023_12_20_0028_ev00686_rec2","no",65791
687,2,63.07785,101.107635134742,121.91771697998,20.8100818452381,3.20000000000675,23.8499999999959,22.7000000000004,-260816.140298191,260936.330876843,520015.216588039,458.772931780134,63.0737,63.07025,261557,"2023_12_20_0028","2023_12_20_0028_ev00687_rec2","no",65792
688,2,63.12725,98.891477675665,111.54174041748,12.6502627418155,0.250000000001194,0.199999999999534,2.70000000000437,95.0106806473673,9.25875733757157,34.6043125146773,71.7081342424667,63.12725,63.127,262545,"2023_12_20_0028","2023_12_20_0028_ev00688_rec2","no",65793
689,2,63.2001,100.824257623582,108.337394714355,7.51313709077381,0.250000000001194,0.249999999994088,0.199999999999534,97.2805532481061,14.1549230492599,0.221853654858198,-101.847330729167,63.2001,63.1998,264002,"2023_12_20_0028","2023_12_20_0028_ev00689_rec2","no",65794
690,2,63.23855,98.7606880551293,102.539054870605,3.77836681547619,0.250000000001194,0.250000000001194,0,91.094615185588,5.37916516695861,16.9172580528618,-153.531392415365,63.2385,63.23825,264771,"2023_12_20_0028","2023_12_20_0028_ev00690_rec2","no",65795
691,2,63.2777,91.538194565546,116.42455291748,24.8863583519345,2.60000000000105,6.25000000000142,15.500000000003,99.4455922979789,9.30870076538578,7.88747196500495,347.757975260417,63.27765,63.27495,265554,"2023_12_20_0028","2023_12_20_0028_ev00691_rec2","no",65796
692,2,63.3105,100.068584260486,106.811515808105,6.74293154761905,0.10000000000332,0.349999999997408,0.999999999997669,98.6434318122455,4.97585246459296,4.26999210126052,-20.0756617954798,63.31035,63.31025,266210,"2023_12_20_0028","2023_12_20_0028_ev00692_rec2","no",65797
693,2,63.3695,97.8015641712007,111.84691619873,14.0453520275298,3.39999999999918,10.2499999999992,8.69999999999749,95.3553767793501,16.0356633433336,11.7602013376195,145.611717587426,63.36705,63.36365,267390,"2023_12_20_0028","2023_12_20_0028_ev00693_rec2","no",65798
694,2,63.40805,96.9441655476888,99.1821212768555,2.23795572916667,0.300000000002854,0.599999999998602,1.04999999999222,94.4217489252928,4.00911176063301,5.81560207921602,-51.5225728352863,63.408,63.4077,268161,"2023_12_20_0028","2023_12_20_0028_ev00694_rec2","no",65799
695,2,63.4575,94.132188706171,97.9614181518555,3.82922944568452,0.250000000001194,30.2499999999952,30.0000000000011,11891.1756091404,-11799.3292582822,345010.097140367,-52.0998636881512,63.45745,63.4572,269150,"2023_12_20_0028","2023_12_20_0028_ev00695_rec2","no",65800
696,2,63.4997,93.5654336838495,98.7243576049805,5.15892392113095,0.149999999997874,0.0499999999945544,0.350000000004513,88.574618923711,7.3640281505631,5.10928585661905,-111.846560523624,63.4997,63.4995,269994,"2023_12_20_0028","2023_12_20_0028_ev00696_rec2","no",65801
697,2,63.55985,90.8624481927781,99.3347091674805,8.47226097470238,0.0999999999962142,0.249999999994088,0,84.8003452727796,7.00120197277316,23.5078671346061,-60.930705061413,63.55965,63.5595,271197,"2023_12_20_0028","2023_12_20_0028_ev00697_rec2","no",65802
699,2,63.66465,94.5245575677781,99.7924728393555,5.26791527157738,0.999999999997669,0.749999999996476,0,92.5131819876814,3.15855935548677,3.42969559741752,-48.2521057128907,63.66465,63.66365,273293,"2023_12_20_0028","2023_12_20_0028_ev00699_rec2","no",65804
700,2,63.733,89.5472858973912,113.98314666748,24.4358607700893,4.50000000000017,18.2000000000002,30.0000000000011,100.811023522909,6.84830309082661,7.64820303986052,457.580021449498,63.7329,63.72835,274660,"2023_12_20_0028","2023_12_20_0028_ev00700_rec2","no",65805
701,2,63.75725,102.517256600516,110.01586151123,7.49860491071429,0.199999999999534,0.300000000002854,0.149999999997874,98.6261115846898,14.4366670753396,0.185778181579207,-112.506866455078,63.7572,63.75695,275145,"2023_12_20_0028","2023_12_20_0028_ev00701_rec2","no",65806
702,2,63.8172,97.0168264479864,115.966789245605,18.9499627976191,2.34999999999275,17.4500000000037,30.0000000000011,104.015650870606,8.45176411564151,9.18875023945767,378.184363955543,63.8128,63.8098,276344,"2023_12_20_0028","2023_12_20_0028_ev00702_rec2","no",65807
703,2,63.8562,102.960488092332,111.23656463623,8.27607654389881,0.149999999997874,0.200000000006639,0,93.2958825136225,11.352042480676,24.0569834991509,-93.4626261393229,63.85605,63.8559,277124,"2023_12_20_0028","2023_12_20_0028_ev00703_rec2","no",65808
704,2,63.89715,100.57721056257,104.370109558105,3.79289899553571,0.349999999997408,0.199999999999534,0,-45429.381578443,45528.0559164972,194651.414096741,-161.44289289202,63.89715,63.8968,277943,"2023_12_20_0028","2023_12_20_0028_ev00704_rec2","no",65809
705,2,63.93715,97.7434354509626,102.69164276123,4.94820731026786,0.200000000006639,0.10000000000332,0,-31020.9702987487,31117.6225203579,219050.106856959,-96.0606166294642,63.93715,63.93695,278743,"2023_12_20_0028","2023_12_20_0028_ev00705_rec2","no",65810
706,2,63.95615,96.479135785784,100.86058807373,4.38145228794643,0.199999999999534,0.10000000000332,0,93.3522421387346,4.10165372620187,1.8521887830245,-85.8148847307477,63.95615,63.95595,279123,"2023_12_20_0028","2023_12_20_0028_ev00706_rec2","no",65811
708,2,64.01705,91.6035893758138,96.2829513549805,4.67936197916667,0.0999999999891088,0.250000000008299,0.200000000006639,89.2516878188428,5.09054756937791,0.868207407126549,-65.1969909667967,64.0169,64.0168,280341,"2023_12_20_0028","2023_12_20_0028_ev00708_rec2","no",65813
709,2,64.1526,93.4782406034924,98.5717697143555,5.0935291108631,0.249999999994088,0.349999999997408,0.650000000007367,91.0729491442566,5.22151126368683,3.40725136880824,-53.7687029157364,64.1526,64.1522,283052,"2023_12_20_0028","2023_12_20_0028_ev00709_rec2","no",65814
710,2,64.23245,88.1013339814686,115.356437683105,27.2551037016369,0.600000000005707,6.79999999999836,6.55000000000427,94.0602153325274,15.7962180495596,4.8920730405811,491.764613560267,64.2192,64.2184,284649,"2023_12_20_0028","2023_12_20_0028_ev00710_rec2","no",65815
712,2,64.3592,95.1567074003674,102.08129119873,6.9245837983631,0.300000000009959,0.250000000008299,0,-24291.6382026371,24388.5761007387,167134.536257685,-10.0313822428383,64.3592,64.3589,287184,"2023_12_20_0028","2023_12_20_0028_ev00712_rec2","no",65817
713,2,64.37565,89.5690841674805,94.1467208862305,4.57763671875,2.94999999999845,12.1500000000054,8.05000000001144,93.8745401374513,4.73352981847264,0.235062860681746,158.401489257812,64.37445,64.3715,287513,"2023_12_20_0028","2023_12_20_0028_ev00713_rec2","no",65818
714,2,64.4592,90.9787056332543,96.5881271362305,5.60942150297619,0.349999999997408,0.799999999998136,1.10000000000809,91.3237506089826,3.34929818496678,1.69927913020732,18.5935610816592,64.4592,64.45885,289184,"2023_12_20_0028","2023_12_20_0028_ev00714_rec2","no",65819
715,2,64.49575,92.1630783081055,96.7407150268555,4.57763671875,0.250000000008299,0.300000000009959,0.10000000000332,88.5430173543211,10.2330216410564,0.179905635149952,-105.422972106934,64.49575,64.4955,289915,"2023_12_20_0028","2023_12_20_0028_ev00715_rec2","no",65820
716,2,64.61555,91.748911176409,97.9614181518555,6.21250697544643,0.550000000004047,0.299999999995748,0.200000000006639,89.4267317935211,5.0608299431212,1.95527446736568,-58.7190900530133,64.61555,64.615,292311,"2023_12_20_0028","2023_12_20_0028_ev00716_rec2","no",65821
717,2,64.67555,90.1794357299805,94.9096603393555,4.730224609375,0.250000000008299,0.200000000006639,0.10000000000332,87.3305818379953,4.86491747337491,1.38598961132903,-77.4879447937012,64.67555,64.6753,293511,"2023_12_20_0028","2023_12_20_0028_ev00717_rec2","no",65822
718,2,64.71555,89.9977834792364,102.38646697998,12.3886835007441,0.399999999999068,0.649999999993156,1.60000000001048,90.7691816625439,4.92676946836351,6.1916292570764,60.0351606096541,64.71555,64.71365,294311,"2023_12_20_0028","2023_12_20_0028_ev00718_rec2","no",65823
719,2,64.87645,89.6199467976888,91.7053146362305,2.08536783854167,0.0500000000016598,0.550000000004047,0.300000000009959,87.7382265853947,4.82212135724312,0.504967710322605,-53.0497191111245,64.8762,64.87615,297529,"2023_12_20_0028","2023_12_20_0028_ev00719_rec2","no",65824
720,2,64.91635,94.8369994390578,106.201164245605,11.3641648065476,9.34999999999775,0.999999999990564,0,91.7727898656755,5.65603019012601,9.08939552969823,-24.7090657552083,64.9163,64.9066,298327,"2023_12_20_0028","2023_12_20_0028_ev00720_rec2","no",65825
721,2,64.9973,92.8606229509626,97.8088302612305,4.94820731026786,0.299999999995748,0.399999999999068,0.349999999997408,90.7689459080311,4.82976073803006,1.74794134987364,-52.8832768940134,64.9973,64.99695,299946,"2023_12_20_0028","2023_12_20_0028_ev00721_rec2","no",65826
722,2,65.0587,88.2282039123709,96.8279629144982,8.59975900212729,0.10000000000332,0.200000000006639,0.699999999994816,85.3506143625761,7.12828498776527,4.21072486263018,-54.5238964819294,65.05855,65.0584,301174,"2023_12_20_0028","2023_12_20_0028_ev00722_rec2","no",65827
723,2,65.1346,96.2745839285565,107.58663260891,11.3120486803538,5.70000000000448,8.30000000000553,3.39999999999918,97.8024563844844,7.12109112320599,3.42958129449787,124.995876993083,65.13225,65.12655,302692,"2023_12_20_0028","2023_12_20_0028_ev00723_rec2","no",65828
724,2,65.15865,97.2148117963262,105.478143444423,8.26333164809631,0.150000000004979,0.199999999992428,0.350000000011619,90.751765598103,9.81913513440378,10.5330936418099,-94.667747289734,65.1585,65.15835,303173,"2023_12_20_0028","2023_12_20_0028_ev00724_rec2","no",65829
725,2,65.24565,91.3523094310649,108.367786595188,17.0154771641235,6.34999999999764,11.099999999999,30.0000000000011,98.4690163636514,5.15510947294366,5.74260851512931,333.796888563169,65.24435,65.23795,304913,"2023_12_20_0028","2023_12_20_0028_ev00725_rec2","no",65830
726,2,65.27615,99.6349828202698,103.667229000771,4.03224618050101,0.250000000008299,30.1500000000061,30.0000000000011,7705.60414568201,-7608.7013911876,133987.347686748,-55.8901971331243,65.27615,65.2758,305523,"2023_12_20_0028","2023_12_20_0028_ev00726_rec2","no",65831
727,2,65.29855,97.9337094663707,101.74419410864,3.81048464226934,0.299999999995748,0.650000000007367,1.25000000001307,92.8921745138896,7.16250387002297,11.8642971274327,-71.557918140002,65.29855,65.2982,305971,"2023_12_20_0028","2023_12_20_0028_ev00727_rec2","no",65832
728,2,65.4279,96.7150275727744,99.1610901726261,2.44606259985176,0.299999999995748,0.649999999993156,0.600000000005707,92.3294646657806,6.89725666325247,2.20851979461044,-115.564797878373,65.4279,65.4276,308558,"2023_12_20_0028","2023_12_20_0028_ev00728_rec2","no",65833
729,2,65.58655,94.2663263679723,101.244007150855,6.97768078288247,0.10000000000332,0.250000000008299,0,90.9099428929645,5.75073686700745,9.92211665120947,-44.756009926143,65.5864,65.58625,311731,"2023_12_20_0028","2023_12_20_0028_ev00729_rec2","no",65834
730,2,65.65595,90.5126651453076,97.1865037481503,6.67383860284266,0.300000000009959,0.299999999995748,0.0999999999891088,88.4209080084589,10.0190313661024,0.138233508178195,-59.7657957325225,65.65595,65.65555,313119,"2023_12_20_0028","2023_12_20_0028_ev00730_rec2","no",65835
731,2,65.8158,94.0143953046961,98.6496401929463,4.63524488825016,0.10000000000332,2.34999999999275,2.20000000000198,42.4174447193638,67.961543009887,9.03123019603351,-954.73926670895,65.8156,65.81545,316316,"2023_12_20_0028","2023_12_20_0028_ev00731_rec2","no",65836
732,2,66.0514,86.4426795235057,94.5624970902714,8.11981756676566,0.299999999995748,30.2000000000078,30.0000000000011,17764.1036020573,-17679.8542207574,182134.619653874,-20.9714672456115,66.0514,66.05105,321028,"2023_12_20_0028","2023_12_20_0028_ev00732_rec2","no",65837
733,2,66.22735,94.1959880069182,100.005192790684,5.80920478376537,0.849999999999795,4.6999999999997,5.60000000000116,84.2683830404874,14.3609666141371,32.2345177930697,-6.60116512275097,66.22635,66.2247,324547,"2023_12_20_0028","2023_12_20_0028_ev00733_rec2","no",65838
734,2,66.28495,96.6993538073712,103.175834930039,6.47648112266776,0.10000000000332,0.199999999992428,0,87.5739017087344,10.1210201384546,36.6419868274507,-65.0095088348822,66.2848,66.2847,325699,"2023_12_20_0028","2023_12_20_0028_ev00734_rec2","no",65839
735,2,66.3779,100.603378142492,107.019806911145,6.4164287686532,1.39999999998963,2.049999999997,0.799999999998136,94.3161756204479,10.707196245062,3.84305730622026,-146.49014572334,66.3779,66.3761,327558,"2023_12_20_0028","2023_12_20_0028_ev00735_rec2","no",65840
736,2,66.44585,97.9430782716271,103.369956530433,5.42687825880606,0.300000000009959,0.550000000004047,0.600000000005707,95.6526633264507,6.68980302201087,1.38707566777536,-58.6472584165053,66.4458,66.44515,328917,"2023_12_20_0028","2023_12_20_0028_ev00736_rec2","no",65841
737,2,66.48485,96.0463393691284,101.471503107692,5.42516373856316,0.249999999994088,2.94999999999845,2.95000000001266,33.5398918004458,74.0376079346513,21.5170832019817,-675.853484722699,66.48485,66.4846,329697,"2023_12_20_0028","2023_12_20_0028_ev00737_rec2","no",65842
738,2,66.6682,94.3310969776482,99.811378022889,5.48028104524079,0.10000000000332,0.0500000000016598,0,-17419.7154715464,17511.4425777824,99559.757033486,-157.055055019899,66.6682,66.6681,333364,"2023_12_20_0028","2023_12_20_0028_ev00738_rec2","no",65843
739,2,66.7377,88.0495987858041,110.971226832502,22.9216280466978,1.1999999999972,20.3500000000076,30.0000000000011,76.4119222397775,29.6461738708275,79.319180530881,437.161902387066,66.7353,66.73405,334754,"2023_12_20_0028","2023_12_20_0028_ev00739_rec2","no",65844
740,2,66.7623,97.6214485433341,103.046331480355,5.42488293702131,0.299999999995748,0.149999999990769,0,-24294.3553938286,24393.2802315227,113348.427426577,-57.1046618929012,66.7623,66.762,335246,"2023_12_20_0028","2023_12_20_0028_ev00740_rec2","no",65845
741,2,66.82465,94.7797728062205,99.7548498398721,4.97507703365162,0.0500000000016598,0.200000000006639,0,90.8157392736704,4.57452729019942,2.35826450990199,-106.803599496324,66.82445,66.8244,336493,"2023_12_20_0028","2023_12_20_0028_ev00741_rec2","no",65846
742,2,66.8847,102.735260526996,106.366862338305,3.63160181130858,1.65000000001214,2.15000000000032,0,-26427.0061756026,26529.6888622634,156452.490644937,-73.3570965700446,66.88375,66.882,337694,"2023_12_20_0028","2023_12_20_0028_ev00742_rec2","no",65847
743,2,66.9047,99.5347396066623,104.698764495581,5.16402488891846,0.0500000000016598,30.3000000000111,30.0000000000011,21785.6962141197,-21688.3940924661,182472.066880203,-11.7814838843155,66.90445,66.9044,338094,"2023_12_20_0028","2023_12_20_0028_ev00743_rec2","no",65848
744,2,66.9281,100.768981269843,103.491764518236,2.72278324839353,0.399999999999068,0.849999999999795,1.49999999999295,95.0597275198646,7.22095035800511,20.9454890806541,-54.2300881031573,66.9281,66.9277,338562,"2023_12_20_0028","2023_12_20_0028_ev00744_rec2","no",65849
745,2,66.97515,97.7239823863738,171.419217639383,73.6952352530089,4.24999999999898,34.8999999999933,30.0000000000011,136.061022399421,33.458998245574,11.7512296246922,1833.16618769328,66.97395,66.9694,339503,"2023_12_20_0028","2023_12_20_0028_ev00745_rec2","no",65850
746,2,67.00565,141.336608064368,144.786629998866,3.45002193449724,0.299999999995748,1.24999999999886,1.30000000000052,133.183835312312,11.6950753095879,5.97603720391935,-174.424122920319,67.00565,67.00525,340113,"2023_12_20_0028","2023_12_20_0028_ev00746_rec2","no",65851
747,2,67.0845,115.326354455339,118.784531327063,3.45817687172415,0.10000000000332,0.399999999999068,0.599999999991496,104.009435247139,13.1497311384559,14.4410209681763,-172.283535233141,67.0843,67.0842,341690,"2023_12_20_0028","2023_12_20_0028_ev00747_rec2","no",65852
748,2,67.10455,105.730439687922,112.909693795545,7.17925410762263,0.300000000009959,0.250000000008299,1.04999999999222,105.031856515101,4.13532836912464,5.05454277606255,2.39068717674188,67.10455,67.10425,342091,"2023_12_20_0028","2023_12_20_0028_ev00748_rec2","no",65853
749,2,67.18665,120.623928607947,138.872074379913,18.248145771966,0.649999999993156,5.35000000000707,9.85000000000014,70.4278495372389,61.9007857395083,118.351373531541,141.374336328778,67.18655,67.1858,343733,"2023_12_20_0028","2023_12_20_0028_ev00749_rec2","no",65854
750,2,67.35725,106.710733728354,115.252123772504,8.54139004414998,0.650000000007367,0.199999999992428,0,101.935471289375,5.64194853832106,7.69999686157664,-99.6768700934656,67.35715,67.3564,347145,"2023_12_20_0028","2023_12_20_0028_ev00750_rec2","no",65855
751,2,67.4331,106.310798228685,116.760445894214,10.4496476655288,3.74999999999659,2.84999999999513,4.50000000000728,63.3269494833111,48.2646113674777,150.4935647955,38.4759516431257,67.4329,67.42745,348662,"2023_12_20_0028","2023_12_20_0028_ev00751_rec2","no",65856
752,2,67.4548,103.693692462562,112.847403790097,9.15371132753459,0.299999999995748,0.399999999999068,0.900000000001455,101.922307023483,6.70016894320276,3.43891814491033,-28.5019882884554,67.4548,67.45445,349096,"2023_12_20_0028","2023_12_20_0028_ev00752_rec2","no",65857
754,2,67.67715,97.6825315601582,104.416965683764,6.73443412360568,0.249999999994088,0.200000000006639,0.849999999999795,94.5825392352614,6.37692010353664,6.47410401159271,-50.4545080536727,67.67715,67.6769,353543,"2023_12_20_0028","2023_12_20_0028_ev00754_rec2","no",65859
755,2,67.76095,94.6418308124642,130.147674843548,35.5058440310842,4.64999999999804,45.2499999999958,30.0000000000011,112.077417698794,17.6612583943236,9.6958828538425,1160.28330076406,67.74985,67.74395,355219,"2023_12_20_0028","2023_12_20_0028_ev00755_rec2","no",65860
756,2,67.78415,112.78257420199,121.042034378017,8.25946017602605,0.299999999995748,0.249999999994088,0,-76855.8216113757,76971.4378744164,192680.222073196,-92.3985084780713,67.78415,67.7838,355683,"2023_12_20_0028","2023_12_20_0028_ev00756_rec2","no",65861
757,2,67.8571,102.039545516909,107.768168072649,5.72862255573992,0.049999999987449,0.750000000010687,0.950000000003115,100.137823756275,5.91148661938942,2.42743165076373,-40.8222138166621,67.85685,67.8568,357142,"2023_12_20_0028","2023_12_20_0028_ev00757_rec2","no",65862
758,2,67.90405,102.161236888777,125.979521667086,23.818284778309,3.25000000000841,11.9499999999988,13.9999999999958,107.75581318898,11.0819043221721,11.336211425862,377.864150321733,67.9012,67.8977,358081,"2023_12_20_0028","2023_12_20_0028_ev00758_rec2","no",65863
759,2,67.93815,111.268243085322,117.258422736925,5.99017965160347,0.249999999994088,0.199999999992428,0,96.5032840368429,15.594669088874,42.6778784372047,-105.611817619384,67.93815,67.9379,358763,"2023_12_20_0028","2023_12_20_0028_ev00759_rec2","no",65864
760,2,67.97,96.009150078336,103.857295245584,7.84814516724772,2.75000000000603,32.0499999999981,30.0000000000011,100.204800648601,6.34413096705772,10.8876265061777,217.804322329842,67.96965,67.9669,359400,"2023_12_20_0028","2023_12_20_0028_ev00760_rec2","no",65865
761,2,68.02405,95.4340037848004,101.332506101951,5.8985023171505,0.0500000000016598,0.250000000008299,0,91.7175653900935,4.98236522604839,6.11348188277445,-78.9478549716155,68.0238,68.02375,360481,"2023_12_20_0028","2023_12_20_0028_ev00761_rec2","no",65866
762,2,68.1735,97.2395609857815,102.910588236074,5.67102725029221,0.350000000011619,0.250000000008299,0,84.3862343920871,14.8637495139659,39.4998385561896,-71.2201179319726,68.17345,68.17305,363470,"2023_12_20_0028","2023_12_20_0028_ev00762_rec2","no",65867
763,2,68.21,95.4964094408771,98.6345362260778,3.13812678520068,0.150000000004979,30.0499999999886,30.0000000000011,75749.173593337,-75662.0184374789,424724.110306169,-169.716478361018,68.2098,68.20965,364200,"2023_12_20_0028","2023_12_20_0028_ev00763_rec2","no",65868
764,2,68.2368,92.6063273115175,97.5137127874391,4.90738547592161,0.300000000009959,30.2500000000094,30.0000000000011,32156.8705872606,-32066.3469491566,385538.036791558,-23.5634721273142,68.2368,68.2365,364736,"2023_12_20_0028","2023_12_20_0028_ev00764_rec2","no",65869
765,2,68.31675,94.4219208419304,104.979537790429,10.5576169484983,0.349999999997408,30.2000000000078,30.0000000000011,6984.73711262647,-6890.71632318165,184414.771804666,7.15668521221656,68.31675,68.3164,366335,"2023_12_20_0028","2023_12_20_0028_ev00765_rec2","no",65870
766,2,68.37335,93.9005910061006,102.183403978174,8.28281297207299,0.250000000008299,30.1000000000045,30.0000000000011,29117.6918441116,-29038.3495348176,204560.713814029,-372.30304492739,68.37335,68.3731,367467,"2023_12_20_0028","2023_12_20_0028_ev00766_rec2","no",65871
767,2,68.39435,82.4320686559459,89.403073452198,6.97100479625207,0.300000000009959,0.299999999995748,1.1999999999972,82.5705695907497,3.22179593588708,4.28940176652798,19.554804138648,68.3943,68.39395,367887,"2023_12_20_0028","2023_12_20_0028_ev00767_rec2","no",65872
768,2,68.4968,89.349042591113,94.3251263521784,4.9760837610654,0.349999999997408,3.65000000000748,5.35000000000707,89.9869104776358,3.78497381415748,4.6737508701357,39.2503370714642,68.4968,68.49645,369936,"2023_12_20_0028","2023_12_20_0028_ev00768_rec2","no",65873
769,2,68.5343,90.816911224449,97.1930329467187,6.37612172226977,0.299999999995748,4.30000000000064,4.44999999999141,-45.7529978932841,148.160925116033,69.1595932095798,-490.100891375539,68.5343,68.534,370686,"2023_12_20_0028","2023_12_20_0028_ev00769_rec2","no",65874
770,2,68.7566,97.3407919337909,103.997958433079,6.65716649928815,0.250000000008299,0.200000000006639,0,97.568821617242,1.60319925730108,2.33641760143218,12.6165761867181,68.7566,68.75635,375132,"2023_12_20_0028","2023_12_20_0028_ev00770_rec2","no",65875
771,2,68.79655,98.891069247114,108.801633667851,9.91056442073649,0.199999999992428,0.150000000004979,0,92.4394999992194,8.42625452794953,14.5723272642919,-84.9038627557735,68.79655,68.79635,375931,"2023_12_20_0028","2023_12_20_0028_ev00771_rec2","no",65876
772,2,68.9436,96.6664385538536,101.00856654526,4.34212799140624,0.399999999999068,0.250000000008299,0,92.5600278588249,5.30414355025614,13.9381783228652,-56.3648775463078,68.9436,68.94315,378872,"2023_12_20_0028","2023_12_20_0028_ev00772_rec2","no",65877
773,2,69.0035,95.0027167390322,103.001885776397,7.99916903736492,0.250000000008299,0.250000000008299,0.199999999992428,93.5764981812196,5.84384536078224,0.664130967475668,-37.5925128381364,69.0035,69.00325,380070,"2023_12_20_0028","2023_12_20_0028_ev00773_rec2","no",65878
774,2,69.2098,97.1304933669289,103.339929126038,6.20943575910916,0.199999999992428,4.85000000000468,2.54999999999939,97.6485498187696,5.29129558343544,2.35627396928658,37.4701412017292,69.20955,69.2066,384196,"2023_12_20_0028","2023_12_20_0028_ev00774_rec2","no",65879
775,2,69.30335,98.4687843257256,108.217550701404,9.74876637567799,0.200000000006639,30.1999999999936,30.0000000000011,11569.6837592777,-11473.0366188667,253831.803311415,-32.6055001073078,69.30325,69.30305,386067,"2023_12_20_0028","2023_12_20_0028_ev00775_rec2","no",65880
776,2,69.35635,101.451711165564,107.862246750408,6.41053558484381,0.300000000009959,1.69999999999959,2.64999999998849,98.5834055618135,7.12766767791647,8.6490974916116,-23.5104618596813,69.35635,69.356,387127,"2023_12_20_0028","2023_12_20_0028_ev00776_rec2","no",65881
777,2,69.41385,102.139667471466,110.24577779015,8.10611031868444,0.149999999990769,0.249999999994088,0,98.4797533612404,6.39609682480809,4.04794340375657,-82.0755806820627,69.4137,69.41355,388277,"2023_12_20_0028","2023_12_20_0028_ev00777_rec2","no",65882
778,2,69.63385,101.310163901655,128.968307152038,27.6581432503831,13.7500000000017,6.29999999999598,14.0999999999991,108.92844114496,7.4681719133535,13.4148279510216,593.709398975558,69.62965,69.6159,392677,"2023_12_20_0028","2023_12_20_0028_ev00778_rec2","no",65883
779,2,69.65615,110.353088969438,121.091215048565,10.7381260791271,0.149999999990769,0.150000000004979,0,108.10122178795,4.075689038264,3.89926215688218,-50.1048216442666,69.6561,69.6559,393123,"2023_12_20_0028","2023_12_20_0028_ev00779_rec2","no",65884
780,2,69.7561,105.212035240704,143.013060542112,37.8010253014078,4.50000000000728,33.6499999999944,29.9999999999869,97.9604020304308,36.2591342020188,80.3971582939433,909.802407573941,69.75255,69.74785,395122,"2023_12_20_0028","2023_12_20_0028_ev00780_rec2","no",65885
781,2,69.8096,118.043702970211,120.989309873636,2.94560690342563,0.500000000002387,0.349999999997408,0.649999999993156,102.550367387484,16.8892344072632,36.8370629430281,-116.409914216407,69.80955,69.80895,396192,"2023_12_20_0028","2023_12_20_0028_ev00781_rec2","no",65886
783,2,69.9032,105.311632945351,113.127828245193,7.81619529984189,0.0500000000158707,0.250000000008299,0,102.201525701556,5.74225848155232,5.07470620322719,-61.9120445631998,69.903,69.9029,398064,"2023_12_20_0028","2023_12_20_0028_ev00783_rec2","no",65888
784,2,70.29595,96.4031274962972,104.888635509713,8.48550801341536,0.299999999995748,2.049999999997,3.20000000000675,93.6754388771347,8.67481660275578,8.1942537620543,-9.76998876555006,70.29595,70.2956,405919,"2023_12_20_0028","2023_12_20_0028_ev00784_rec2","no",65889
785,2,70.59245,91.8592601434259,117.237514049911,25.3782539064849,9.74999999999682,3.30000000001007,0,58264.5314394622,-58160.2165804685,247180.31177882,643.206532877081,70.59235,70.5826,411849,"2023_12_20_0028","2023_12_20_0028_ev00785_rec2","no",65890
786,2,70.63245,110.207960341632,118.777786175554,8.569825833922,0.249999999994088,0.199999999992428,0,105.652531286239,5.98988745936183,5.32354059812764,-103.164323311491,70.63245,70.6322,412649,"2023_12_20_0028","2023_12_20_0028_ev00786_rec2","no",65891
788,2,70.70285,103.141517444863,109.73519565321,6.59367820834692,0.149999999990769,0.150000000004979,0,99.889928348576,2.14214771922359,7.78042288398956,-80.1182214952541,70.70275,70.70255,414057,"2023_12_20_0028","2023_12_20_0028_ev00788_rec2","no",65893
789,2,70.90375,98.7741844717004,107.538035576253,8.763851104553,0.150000000004979,0.199999999992428,0.149999999990769,96.4060834910141,13.0419583125802,0.164206296985924,-67.9073672044316,70.90375,70.9036,418075,"2023_12_20_0028","2023_12_20_0028_ev00789_rec2","no",65894
790,2,70.95225,96.0247227499242,103.11364112959,7.08891837966581,0.150000000004979,30.0999999999902,29.9999999999869,22433.3893898868,-22340.6739126572,356443.96953553,-70.3474485798751,70.95225,70.95205,419045,"2023_12_20_0028","2023_12_20_0028_ev00790_rec2","no",65895
791,2,71.38255,103.336875923126,115.094312076451,11.7574361533253,0.249999999994088,0.249999999994088,2.3000000000053,89.2401177295491,19.6374139745042,36.6500227075978,-18.1867094433219,71.38245,71.38205,427651,"2023_12_20_0028","2023_12_20_0028_ev00791_rec2","no",65896
792,2,71.4625,98.108839739039,102.227945877332,4.11910613829308,0.299999999995748,0.550000000004047,0.650000000007367,96.0536790027314,4.49355886062304,2.80908694978324,-47.3881091499528,71.4625,71.4622,429250,"2023_12_20_0028","2023_12_20_0028_ev00792_rec2","no",65897
793,2,71.71405,99.4787680142468,103.199592723081,3.72082470883461,0.300000000009959,30.2499999999952,30.0000000000011,36773.9125180024,-36678.3565444396,219164.142864709,-40.8143910288366,71.71405,71.71375,434281,"2023_12_20_0028","2023_12_20_0028_ev00793_rec2","no",65898
794,2,71.74245,101.785223648971,108.607422611729,6.82219896275812,0.249999999994088,0.250000000008299,0,-41557.0253600082,41660.9559571126,91968.5015447521,-137.739543992425,71.7424,71.74215,434849,"2023_12_20_0028","2023_12_20_0028_ev00794_rec2","no",65899
795,2,71.7954,88.9809731034652,99.4677210745208,10.4867479710556,0.299999999995748,1.05000000000643,1.09999999999388,82.4622154918308,15.789596241922,2.63553494077776,-150.858791499425,71.7954,71.7951,435908,"2023_12_20_0028","2023_12_20_0028_ev00795_rec2","no",65900
796,2,71.89535,89.3130549245601,98.7793980603865,9.46634313582642,0.10000000000332,0.199999999992428,0,85.7759268898614,7.13616257478946,1.1801830609848,-95.7098649997618,71.8952,71.89505,437907,"2023_12_20_0028","2023_12_20_0028_ev00796_rec2","no",65901
798,2,72.1458,105.145540888099,155.572117470705,50.4265765826065,0.900000000001455,19.3000000000012,29.4999999999987,116.061987805162,36.4982852493995,19.0147958057236,945.490084540631,72.14495,72.144,442916,"2023_12_20_0028","2023_12_20_0028_ev00798_rec2","no",65903
799,2,72.3352,97.4825217778584,101.389945475104,3.90742369724539,0.300000000009959,19.9499999999944,17.8499999999957,167910.716038476,-167816.728005886,606144.527732524,20.9928287466537,72.3352,72.3348,446704,"2023_12_20_0028","2023_12_20_0028_ev00799_rec2","no",65904
800,2,72.4151,102.277586915405,109.733801070102,7.45621415469665,0.249999999994088,1.69999999999959,2.70000000000437,-215074.673381139,215181.893079427,265729.231337111,-214.358599658894,72.4151,72.41485,448302,"2023_12_20_0028","2023_12_20_0028_ev00800_rec2","no",65905
801,2,72.52215,96.4425198795303,103.470038241769,7.02751836223847,0.249999999994088,0.249999999994088,0.399999999999068,94.9897883429088,4.89972902679287,2.04784599587582,-31.0656550166115,72.52215,72.52185,450443,"2023_12_20_0028","2023_12_20_0028_ev00801_rec2","no",65906
803,2,72.59165,94.1911749244802,102.132456956475,7.94128203199516,0.0500000000016598,0.150000000004979,0,82.9219737971565,13.8741341270786,14.0772613042417,-164.146551875583,72.5915,72.59145,451833,"2023_12_20_0028","2023_12_20_0028_ev00803_rec2","no",65908
804,2,72.73155,97.7244904868021,107.522851826721,9.79836133991901,0.199999999992428,0.0500000000016598,0,94.9727027095178,1.49875648960803,12.3010295108903,-64.8712757360467,72.73155,72.7313,454631,"2023_12_20_0028","2023_12_20_0028_ev00804_rec2","no",65909
805,2,72.7725,94.2504732619829,116.840834815881,22.5903615538983,0.500000000002387,10.0500000000068,30.0000000000011,103.30114338635,7.79924725970416,7.050197303522,457.321786032495,72.7646,72.7638,455450,"2023_12_20_0028","2023_12_20_0028_ev00805_rec2","no",65910
806,2,72.83145,102.218044570929,108.998053267191,6.78000869626204,0.150000000004979,0.10000000000332,0,-30745.619826184,30845.4611648595,335852.252446894,-112.056701981815,72.83145,72.83125,456629,"2023_12_20_0028","2023_12_20_0028_ev00806_rec2","no",65911
807,2,72.8715,95.4449418505484,119.087103704704,23.6421618541552,3.14999999999088,8.89999999999702,16.5499999999952,99.1688608479539,12.5086668933083,18.1248636042316,337.296304961565,72.87135,72.86785,457430,"2023_12_20_0028","2023_12_20_0028_ev00807_rec2","no",65912
808,2,72.9443,104.955924687854,109.387265433098,4.43134074524424,0.249999999994088,0.299999999995748,0,100.252073080844,3.39641456089609,8.51104716331481,-111.91483064093,72.94415,72.9439,458886,"2023_12_20_0028","2023_12_20_0028_ev00808_rec2","no",65913
810,2,73.1029,108.678221286671,114.786903321152,6.10868203448153,0.200000000006639,1.59999999999627,2.00000000000955,106.094085940512,7.60277221225118,4.47126616635521,-42.173072826474,73.10275,73.10245,462058,"2023_12_20_0028","2023_12_20_0028_ev00810_rec2","no",65915
812,2,73.1418,102.441734645261,109.66001791977,7.2182832745092,0.250000000008299,0.250000000008299,0.999999999990564,-64145.4330904334,64250.8561849126,208661.485055765,-47.2278917402229,73.14175,73.1415,462836,"2023_12_20_0028","2023_12_20_0028_ev00812_rec2","no",65917
815,2,73.50165,105.774345954624,116.599088757353,10.8247428027287,0.0999999999891088,0.200000000006639,0,102.20003871834,1.55409659320554,7.06861515441122,-94.3975821541286,73.5015,73.5014,470033,"2023_12_20_0028","2023_12_20_0028_ev00815_rec2","no",65920
817,2,73.58165,99.4954386779105,105.009924919366,5.51448624145549,0.0500000000016598,0.299999999995748,0,96.6788378991203,4.58611211523856,8.92246543160877,-43.194512391905,73.5814,73.58135,471633,"2023_12_20_0028","2023_12_20_0028_ev00817_rec2","no",65922
818,2,73.7711,113.968089916332,123.670913772386,9.70282385605383,1.35000000000218,0.10000000000332,0,105.334569325025,7.13997679585623,7.92968625347135,-204.477842689567,73.7711,73.76825,475422,"2023_12_20_0028","2023_12_20_0028_ev00818_rec2","no",65923
819,2,73.81445,104.239467492651,112.234625311438,7.99515781878677,0.0500000000016598,0.249999999994088,0,101.295167831209,5.3997749178088,8.26794516776907,-42.5802105844642,73.81425,73.8142,476289,"2023_12_20_0028","2023_12_20_0028_ev00819_rec2","no",65924
820,2,73.84385,102.414296121757,107.599094702093,5.18479858033562,0.150000000004979,0.0999999999891088,0,92.0152557706441,9.17400724043577,20.399813604571,-166.694331416078,73.8437,73.84335,476877,"2023_12_20_0028","2023_12_20_0028_ev00820_rec2","no",65925
821,2,73.89105,97.9249787812143,113.836911972641,15.9119331914264,1.85000000000457,1.80000000000291,5.50000000001205,101.167714154665,4.83270762433544,9.09226435005349,175.940731153041,73.88795,73.8861,477821,"2023_12_20_0028","2023_12_20_0028_ev00821_rec2","no",65926
822,2,73.94245,100.659306847837,104.530352451597,3.87104560375971,0.0500000000016598,0.249999999994088,0,97.745941094677,3.01804314915953,1.36578630800433,-82.2940445507184,73.94225,73.9422,478849,"2023_12_20_0028","2023_12_20_0028_ev00822_rec2","no",65927
823,2,74.0309,98.4975006833826,125.509228303011,27.0117276196287,5.40000000000873,1.90000000000623,8.34999999999297,103.97171701518,7.83318680436835,15.2233150314154,336.566539551871,74.03085,74.02455,480618,"2023_12_20_0028","2023_12_20_0028_ev00823_rec2","no",65928
824,2,74.05435,103.83136198542,112.157399593603,8.3260376081828,0.049999999987449,0.250000000008299,0.849999999999795,102.780467221372,5.0823293489514,4.03379610266346,-8.12131797357394,74.0541,74.05405,481087,"2023_12_20_0028","2023_12_20_0028_ev00824_rec2","no",65929
825,2,74.21095,102.924844698867,110.568195802101,7.64335110323381,0.249999999994088,0.199999999992428,0,99.8382177236894,4.29812523791332,2.63399895035703,-79.2260896679686,74.21095,74.2107,484219,"2023_12_20_0028","2023_12_20_0028_ev00825_rec2","no",65930
826,2,74.23625,101.622636042931,105.619736126786,3.99710008385495,0.199999999992428,0.200000000006639,0,97.8089676202798,4.54376164039162,2.72366915202422,-101.203200918476,74.23615,74.2359,484725,"2023_12_20_0028","2023_12_20_0028_ev00826_rec2","no",65931
828,2,74.4013,99.3222330137185,106.383682588336,7.06144957461716,0.300000000009959,0.250000000008299,0.049999999987449,95.2096969917973,6.81084750576206,4.46154257040962,-90.6460431238946,74.4013,74.401,488026,"2023_12_20_0028","2023_12_20_0028_ev00828_rec2","no",65933
829,2,74.42125,93.9337621788284,105.178239484169,11.2444773053408,0.199999999992428,0.349999999997408,1.00000000000477,93.5820926685755,6.18202371435669,3.20165159988298,11.9156787651989,74.4211,74.4209,488425,"2023_12_20_0028","2023_12_20_0028_ev00829_rec2","no",65934
830,2,74.5307,97.7816946119508,107.437808495732,9.65611388378092,0.10000000000332,0.10000000000332,0,93.8289075777297,5.23702309239102,4.46402573810736,-94.5143924577992,74.53065,74.53055,490614,"2023_12_20_0028","2023_12_20_0028_ev00830_rec2","no",65935
831,2,74.63165,96.0788109305185,102.421379040415,6.34256810989601,0.200000000006639,0.10000000000332,0,94.0972006764985,3.69502520413084,0.200853345707062,-57.8907851207995,74.6316,74.63135,492633,"2023_12_20_0028","2023_12_20_0028_ev00831_rec2","no",65936
832,2,74.73395,99.1798737103454,111.006594257983,11.8267205476377,0.150000000004979,0.199999999992428,0,95.9104093867255,6.37263850536353,3.05431658679631,-76.5410299995443,74.73385,74.7337,494679,"2023_12_20_0028","2023_12_20_0028_ev00832_rec2","no",65937
833,2,74.99385,97.8986669241092,109.929657191334,12.0309902672249,0.10000000000332,6.29999999999598,6.10000000000355,1615.82825492074,-1515.76827515426,16152.1351265527,17.0799202654776,74.9937,74.9936,499877,"2023_12_20_0028","2023_12_20_0028_ev00833_rec2","no",65938
834,3,75.12085,94.8011770633707,104.140533446565,9.33935638319457,0.0500000000016598,22.1500000000106,16.8499999999909,74963.7873117265,-74869.5735170195,311762.714419443,92.549322502697,75.12065,75.1206,2417,"2023_12_20_0028","2023_12_20_0028_ev00834_rec3","no",65939
835,3,75.21135,104.497067308275,113.322509712094,8.82544240381942,0.200000000006639,0.349999999997408,0.650000000007367,99.7121415152189,9.42213298485438,4.03862195862063,-103.333413011771,75.2112,75.21095,4227,"2023_12_20_0028","2023_12_20_0028_ev00835_rec3","no",65940
836,3,75.24085,100.598135563638,105.997055384016,5.3989198203783,0.0500000000016598,0.299999999995748,0.450000000000728,98.1140640702218,5.03584371505236,3.92888898713319,-52.7944836876761,75.2406,75.24055,4817,"2023_12_20_0028","2023_12_20_0028_ev00836_rec3","no",65941
837,3,75.3337,95.1158795142829,105.422285815084,10.3064063008009,0.10000000000332,0.199999999992428,0.0500000000016598,88.8096663879352,10.3548848252461,2.16638234186133,-164.393446707135,75.33355,75.33345,6674,"2023_12_20_0028","2023_12_20_0028_ev00837_rec3","no",65942
838,3,75.5936,96.608391831171,102.666128783477,6.05773695230567,0.299999999995748,1.75000000000125,1.69999999999959,87.8555541271234,16.664710655393,4.1402779968554,-190.719033569841,75.5936,75.5932,11872,"2023_12_20_0028","2023_12_20_0028_ev00838_rec3","no",65943
839,3,75.6902,97.8455126609011,108.973052035759,11.1275393748576,0.10000000000332,0.200000000006639,0,-4481.55621040711,4579.26023141233,29844.2998066122,-71.0444027501405,75.69005,75.68995,13804,"2023_12_20_0028","2023_12_20_0028_ev00839_rec3","no",65944
840,3,75.8216,99.0819759167523,102.677034490163,3.59505857341068,0.0999999999891088,30.1000000000045,30.0000000000011,29257.8730569675,-29163.3223841416,267517.994906978,-86.2528712431821,75.82135,75.82125,16432,"2023_12_20_0028","2023_12_20_0028_ev00840_rec3","no",65945
841,3,75.87205,100.738105573168,119.22960392821,18.4914983550421,0.399999999999068,8.89999999999702,5.70000000000448,101.317528924963,11.3725560502311,9.54185037267688,264.124622885615,75.8638,75.86025,17441,"2023_12_20_0028","2023_12_20_0028_ev00841_rec3","no",65946
844,3,76.3403,94.5770595698297,103.318719784202,8.74166021437237,0.10000000000332,1.44999999999129,2.20000000000198,94.223361792986,6.37369696287406,3.8523173714372,16.8163618765277,76.34005,76.33995,26806,"2023_12_20_0028","2023_12_20_0028_ev00844_rec3","no",65949
845,3,76.6497,101.368725317034,111.627105417549,10.258380100515,0.10000000000332,0.199999999992428,0,99.4498118923437,4.18607081865415,2.15402751547252,-46.4834486864164,76.64955,76.64945,32994,"2023_12_20_0028","2023_12_20_0028_ev00845_rec3","no",65950
846,3,76.8201,94.6123690607761,102.361895457931,7.74952639715463,0.10000000000332,30.1499999999919,22.750000000002,125.90999830356,-31.878067962748,198.691852982364,53.2952092692473,76.8199,76.8198,36402,"2023_12_20_0028","2023_12_20_0028_ev00846_rec3","no",65951
847,3,76.84005,95.5382023538863,104.061051146457,8.52284879257087,0.250000000008299,2.09999999999866,3.39999999999918,69.4957688670493,31.6943781115012,41.519156339704,-102.248544050826,76.84005,76.83975,36801,"2023_12_20_0028","2023_12_20_0028_ev00847_rec3","no",65952
848,3,76.91295,93.6842972752725,118.047596578511,24.3632993032386,3.05000000000177,38.9499999999998,30.0000000000011,99.9140858464025,14.3551864088184,37.8065538925903,667.789088478383,76.90665,76.90355,38259,"2023_12_20_0028","2023_12_20_0028_ev00848_rec3","no",65953
850,3,76.9529,103.470371660246,110.82951420344,7.35914254319347,0.0999999999891088,0.249999999994088,0,100.714665332314,4.81333428880389,4.7232421101364,-57.8946232696722,76.9527,76.9526,39058,"2023_12_20_0028","2023_12_20_0028_ev00850_rec3","no",65955
851,3,77.59025,101.824332392913,111.467785618117,9.64345322520371,0.10000000000332,0.10000000000332,0,91.4480073738153,10.9396902861782,19.6665182415093,-142.014338512947,77.5902,77.59005,51805,"2023_12_20_0028","2023_12_20_0028_ev00851_rec3","no",65956
852,3,77.73965,95.4980168536319,125.299714955602,29.8016981019706,4.950000000008,21.7500000000115,30.0000000000011,105.516093808751,15.5676825757593,15.362327272305,611.133637484637,77.7394,77.7344,54793,"2023_12_20_0028","2023_12_20_0028_ev00852_rec3","no",65957
853,3,77.8019,103.960118693188,109.137725859916,5.17760716672848,0.200000000006639,0.399999999999068,0.199999999992428,101.555862168457,4.46839637405308,5.46679418675091,-44.9964117268841,77.80155,77.80125,56038,"2023_12_20_0028","2023_12_20_0028_ev00853_rec3","no",65958
854,3,77.89015,99.1250176527042,104.353243073922,5.22822542121757,0.250000000008299,30.2499999999952,29.9999999999869,5790.10770201304,-5693.6893743449,213483.12497795,-68.1370602201977,77.8901,77.88985,57803,"2023_12_20_0028","2023_12_20_0028_ev00854_rec3","no",65959
855,3,77.9502,99.6198223730178,106.789517546966,7.1696951739482,0.300000000009959,0.349999999997408,0.350000000011619,97.5943337591922,5.60582898236989,2.06967237214232,-46.7445234430312,77.95005,77.94975,59004,"2023_12_20_0028","2023_12_20_0028_ev00855_rec3","no",65960
856,3,78.0996,98.6031795488732,104.571975695645,5.96879614677202,0.199999999992428,0.199999999992428,0,95.4425539726429,3.93616182378823,2.26402564377593,-84.6096498517603,78.09955,78.0993,61992,"2023_12_20_0028","2023_12_20_0028_ev00856_rec3","no",65961
858,3,78.26905,97.0696583748894,106.980550886477,9.91089251158738,0.10000000000332,0.149999999990769,0,95.4634366931857,3.56751760832448,2.24555544235883,-38.7631620392275,78.26895,78.26885,65381,"2023_12_20_0028","2023_12_20_0028_ev00858_rec3","no",65963
859,3,78.45235,105.385565377027,115.765847020553,10.3802816435256,0.10000000000332,0.199999999992428,0,100.397603890858,6.5884352088089,6.91421752610901,-102.693598310327,78.4522,78.4521,69047,"2023_12_20_0028","2023_12_20_0028_ev00859_rec3","no",65964
860,3,78.50045,98.1749508606598,102.93849044618,4.76353958552056,0.249999999994088,1.84999999999036,3.90000000000157,99.6563444654699,1.95646721465769,2.01311880931058,49.9031265876081,78.5004,78.5001,70009,"2023_12_20_0028","2023_12_20_0028_ev00860_rec3","no",65965
861,3,78.52895,97.4070338665365,121.84373286035,24.4366989938138,1.95000000000789,12.3499999999979,20.3500000000076,92.4994329016835,23.0073257723426,40.656869376526,367.648132790347,78.5288,78.52675,70579,"2023_12_20_0028","2023_12_20_0028_ev00861_rec3","no",65966
864,3,78.7722,97.3782167321439,107.157264861454,9.7790481293097,0.10000000000332,0.10000000000332,0,94.6097585067153,4.74143211835619,4.90113949512237,-58.9323172993537,78.77215,78.77205,75444,"2023_12_20_0028","2023_12_20_0028_ev00864_rec3","no",65969
865,3,79.0498,104.04416388278,121.554794552583,17.5106306698031,6.10000000000355,1.15000000000975,4.39999999998975,107.152115147463,5.5243227998831,8.88909836879191,200.308838818154,79.04885,79.04235,80996,"2023_12_20_0028","2023_12_20_0028_ev00865_rec3","no",65970
866,3,79.1098,106.378138533256,115.03400512807,8.65586659481407,0.349999999997408,0.0999999999891088,0,102.750587731038,5.95862772911381,4.97644771085497,-77.4407348718665,79.1098,79.10945,82196,"2023_12_20_0028","2023_12_20_0028_ev00866_rec3","no",65971
868,3,79.2616,98.8634832534544,103.937310052879,5.0738267994244,0.10000000000332,0.0500000000016598,0.199999999992428,96.3216684252736,4.61791010871554,4.36783504322626,-55.9430332453347,79.2616,79.2615,85232,"2023_12_20_0028","2023_12_20_0028_ev00868_rec3","no",65973
869,3,79.7287,98.8227241542501,108.014081547978,9.19135739372794,1.10000000000809,2.15000000000032,0,94.4410147506232,5.15529567101771,3.01633195792391,-115.813549846906,79.7287,79.7263,94574,"2023_12_20_0028","2023_12_20_0028_ev00869_rec3","no",65974
870,3,79.83905,97.053336604669,104.431133287221,7.37779668255234,0.249999999994088,30.2000000000078,30.0000000000011,2248.27675984211,-2153.14911713307,151226.916911242,-50.4918081701259,79.83905,79.8388,96781,"2023_12_20_0028","2023_12_20_0028_ev00870_rec3","no",65975
871,3,79.8991,96.5775100747195,108.391510057573,11.8139999828534,0.250000000008299,0.10000000000332,0,92.6981374497342,5.25731439959083,6.18625439340211,-82.7527901747452,79.8991,79.89885,97982,"2023_12_20_0028","2023_12_20_0028_ev00871_rec3","no",65976
872,3,80.16145,92.7098399584319,121.592243174259,28.8824032158268,1.50000000000716,32.6500000000038,30.0000000000011,108.554899695637,10.0540830005337,4.95506034887109,587.811432466999,80.1602,80.15865,103229,"2023_12_20_0028","2023_12_20_0028_ev00872_rec3","no",65977
873,3,80.1885,107.931572646033,116.023392322412,8.09181967637898,0.10000000000332,30.1000000000045,30.0000000000011,46311.6442761468,-46207.6552207125,287868.142375472,-45.4303450306973,80.18845,80.18835,103770,"2023_12_20_0028","2023_12_20_0028_ev00873_rec3","no",65978
876,3,80.3919,101.666882642254,109.778949566703,8.11206692444885,0.10000000000332,0.250000000008299,0,95.9050021290344,8.59032898340872,15.9785687184145,-54.1591510026687,80.3917,80.3916,107838,"2023_12_20_0028","2023_12_20_0028_ev00876_rec3","no",65981
878,3,80.60945,95.2508007447588,120.065382509891,24.8145817651322,0.749999999996476,3.25000000000841,30.0000000000011,105.208291591272,9.76287745448402,2.08996517775651,328.896194691113,80.60935,80.60855,112189,"2023_12_20_0028","2023_12_20_0028_ev00878_rec3","no",65983
879,3,80.6989,111.128693845533,115.044048150748,3.91535430521525,0.249999999994088,0.249999999994088,0,99.7651306954101,10.7666791472219,25.0117263334751,-152.371337669086,80.6989,80.69845,113978,"2023_12_20_0028","2023_12_20_0028_ev00879_rec3","no",65984
880,3,80.719,105.972013743726,109.865251863306,3.89323811958015,0.0500000000016598,0.299999999995748,0,102.18371306809,2.10159471685783,4.34039963467554,-102.931164317218,80.71875,80.71865,114380,"2023_12_20_0028","2023_12_20_0028_ev00880_rec3","no",65985
881,3,80.80845,98.3789841035643,110.391831402977,12.0128472994129,0.200000000006639,30.1499999999919,30.0000000000011,98.9633051322211,-3.39162327108022,28.2508799023052,-43.5135808316639,80.8084,80.8082,116169,"2023_12_20_0028","2023_12_20_0028_ev00881_rec3","no",65986
883,3,81.36925,95.9087633336586,140.606575969611,44.6978126359527,1.40000000000384,31.1000000000092,30.0000000000011,115.835269719332,21.3483187738017,11.1361226496163,1090.88052887691,81.36335,81.3617,127385,"2023_12_20_0028","2023_12_20_0028_ev00883_rec3","no",65988
886,3,81.4516,110.888848088698,126.382471147906,15.4936230592077,0.199999999992428,0.150000000004979,0,102.238033870201,13.6205767018795,11.9882724955258,-107.317107627282,81.45155,81.45135,129032,"2023_12_20_0028","2023_12_20_0028_ev00886_rec3","no",65991
887,3,81.51875,104.512911541622,122.968907368827,18.4559958272047,0.399999999999068,15.500000000003,1.35000000000218,94621.2248188447,-94510.2812695496,318575.515565636,391.057724163606,81.51865,81.51075,130375,"2023_12_20_0028","2023_12_20_0028_ev00887_rec3","no",65992
888,3,81.54925,115.976155597961,148.411761584289,32.4356059863279,1.30000000000052,10.8500000000049,16.4000000000044,111.364107299579,28.5344418134873,30.3540202788382,441.619234955235,81.54905,81.5475,130985,"2023_12_20_0028","2023_12_20_0028_ev00888_rec3","no",65993
889,3,81.5987,120.344120560131,128.406219504445,8.06209894431429,0.10000000000332,1.1999999999972,2.25000000000364,109.133105710255,16.055062032009,18.2969608675865,-97.033954417905,81.5985,81.5984,131974,"2023_12_20_0028","2023_12_20_0028_ev00889_rec3","no",65994
891,3,81.75155,99.2020413722492,110.620730399692,11.4186890274431,0.10000000000332,0.649999999993156,2.70000000000437,98.852134034843,6.34680733536994,8.18246269127246,43.0843226435038,81.75135,81.75125,135031,"2023_12_20_0028","2023_12_20_0028_ev00891_rec3","no",65996
892,3,81.8891,104.749876588734,111.231685012036,6.48180842330223,0.199999999992428,0.249999999994088,0,101.181453860316,4.09826646089217,2.98729303087111,-93.389014257303,81.88905,81.8888,137782,"2023_12_20_0028","2023_12_20_0028_ev00892_rec3","no",65997
893,3,81.9515,97.7261362833373,106.090786302885,8.36465001954718,0.249999999994088,30.2499999999952,30.0000000000011,15355.0881033666,-15258.828564492,384509.226821411,-23.6494327291467,81.9515,81.95125,139030,"2023_12_20_0028","2023_12_20_0028_ev00893_rec3","no",65998
894,3,82.09965,99.1727679557664,114.368553845891,15.1957858901243,0.599999999991496,10.9000000000066,24.6000000000066,104.3113036984,6.9101746117438,9.24315901140832,232.121156764174,82.09875,82.0981,141993,"2023_12_20_0028","2023_12_20_0028_ev00894_rec3","no",65999
895,3,82.14905,104.919066500539,126.514131594813,21.5950650942738,2.15000000000032,11.2999999999914,11.8999999999971,90.3443783477272,28.7524449506462,49.2098797406215,289.256942673962,82.14505,82.14265,142981,"2023_12_20_0028","2023_12_20_0028_ev00895_rec3","no",66000
896,3,82.1881,104.710339803847,116.110154876608,11.399815072761,0.10000000000332,0.150000000004979,0,103.453016014866,2.07215358057518,1.09740199526424,-33.7478445909406,82.188,82.1879,143762,"2023_12_20_0028","2023_12_20_0028_ev00896_rec3","no",66001
897,3,82.2514,104.092282499899,116.812623905572,12.7203414056737,0.150000000004979,13.9000000000067,9.79999999999848,115.232253473482,-13.6179162625722,13.1000548591956,176.181854177614,82.2513,82.25115,145028,"2023_12_20_0028","2023_12_20_0028_ev00897_rec3","no",66002
898,3,82.26905,101.256497098979,116.031930451224,14.7754333522445,2.65000000000271,24.7499999999974,30.0000000000011,104.484603981387,11.6878323030643,18.4328526102888,354.750245645425,82.2643,82.26165,145381,"2023_12_20_0028","2023_12_20_0028_ev00898_rec3","no",66003
899,3,82.28805,109.649854321717,122.535130889107,12.8852765673904,0.149999999990769,0.150000000004979,0,104.804610783739,6.51754525417759,5.26592778237498,-109.618459015722,82.288,82.28785,145761,"2023_12_20_0028","2023_12_20_0028_ev00899_rec3","no",66004
900,3,82.33945,103.855965875863,110.810013702573,6.95404782671012,0.0999999999891088,0.249999999994088,0,101.653758206454,2.39250670671374,13.4681195690312,-36.0257125432831,82.33925,82.33905,146789,"2023_12_20_0028","2023_12_20_0028_ev00900_rec3","no",66005
901,3,82.37145,97.6104322777145,109.433686918951,11.8232546412361,0.150000000004979,1.69999999999959,2.049999999997,65.907389379965,41.4908241534731,14.7798296837347,-415.979532756166,82.3713,82.37115,147429,"2023_12_20_0028","2023_12_20_0028_ev00901_rec3","no",66006
902,3,82.45845,98.9467464162356,128.454610835785,29.5078644195491,1.64999999999793,21.7999999999989,27.7499999999975,-57896.2145779502,58016.850223509,149453.182436413,641.680863855334,82.4514,82.4496,149169,"2023_12_20_0028","2023_12_20_0028_ev00902_rec3","no",66007
903,3,82.5113,105.224018957753,117.817792212038,12.5937732542854,0.150000000004979,0.150000000004979,0,-57430.0327621733,57535.5840283338,540201.845181012,-36.1543745469636,82.5112,82.51105,150226,"2023_12_20_0028","2023_12_20_0028_ev00903_rec3","no",66008
904,3,82.5313,103.711189780005,115.221096986555,11.5099072065498,0.200000000006639,0.150000000004979,0,92.451423965375,11.7658594924552,34.5319580604668,-100.327027120088,82.53125,82.531,150626,"2023_12_20_0028","2023_12_20_0028_ev00904_rec3","no",66009
905,3,82.57255,99.1313460547362,102.275853962361,3.1445079076247,0.349999999997408,1.30000000000052,1.30000000000052,97.2449068380248,5.23363439623538,2.44501984774791,-42.3480531697959,82.57255,82.5722,151451,"2023_12_20_0028","2023_12_20_0028_ev00905_rec3","no",66010
906,3,82.80795,100.922299508109,105.175692522375,4.25339301426575,0.250000000008299,0.250000000008299,0,98.4979434311406,2.24118945708524,5.02570445882089,-59.5063318391396,82.80795,82.80765,156159,"2023_12_20_0028","2023_12_20_0028_ev00906_rec3","no",66011
907,3,82.89935,108.294888966893,115.00871154048,6.71382257358719,0.249999999994088,0.199999999992428,0,103.839946480714,4.65237373662719,9.03422751274174,-92.0537303731671,82.89935,82.89905,157987,"2023_12_20_0028","2023_12_20_0028_ev00907_rec3","no",66012
909,3,83.1278,113.296101276405,122.248887157098,8.95278588069306,0.250000000008299,0.249999999994088,0.900000000001455,103.541278112667,13.9848627170174,13.5550001559903,-121.71443562987,83.12775,83.1275,162556,"2023_12_20_0028","2023_12_20_0028_ev00909_rec3","no",66014
910,3,83.1923,103.167458534806,132.97624126927,29.8087827344642,1.59999999999627,11.9000000000113,15.0000000000006,104.808416091542,25.8251853128875,14.8359103750028,430.285059818394,83.1918,83.19015,163846,"2023_12_20_0028","2023_12_20_0028_ev00910_rec3","no",66015
912,3,83.51105,102.472936454501,110.476458548821,8.00352209431917,0.10000000000332,1.1999999999972,2.00000000000955,101.708173233195,5.81333316925065,4.54454565213198,6.69702963287492,83.5108,83.51065,170221,"2023_12_20_0028","2023_12_20_0028_ev00912_rec3","no",66017
913,3,83.6276,99.2567559325928,127.641653552267,28.3848976196747,1.05000000000643,19.0000000000055,28.499999999994,95.7056324627729,25.9367723101751,46.5037614674582,504.256882305341,83.6268,83.62575,172552,"2023_12_20_0028","2023_12_20_0028_ev00913_rec3","no",66018
915,3,83.8005,104.977496475008,112.689934333814,7.71243785880525,0.450000000000728,0.10000000000332,0,99.9742887582003,6.28163603064249,2.17005881838429,-136.103231806076,83.80045,83.8,176010,"2023_12_20_0028","2023_12_20_0028_ev00915_rec3","no",66020
916,3,83.87795,96.2882982801805,109.231131731722,12.942833451541,0.199999999992428,30.1500000000061,30.0000000000011,101.660057946374,-5.38284648297439,32.5643660544839,57.4923070255064,83.8779,83.8777,177559,"2023_12_20_0028","2023_12_20_0028_ev00916_rec3","no",66021
917,3,83.90745,97.0836706737429,111.120575302245,14.0369046285019,0.0999999999891088,0.10000000000332,0,92.5566361487742,7.66127910056625,9.76531292522149,-63.3907209562719,83.9074,83.90725,178149,"2023_12_20_0028","2023_12_20_0028_ev00917_rec3","no",66022
918,3,84.2074,99.6751704916043,126.260909483481,26.5857389918769,5.89999999999691,10.8999999999924,16.6499999999985,96.4262358170403,21.3036559983554,34.2080131808453,405.040529231698,84.2072,84.20095,184148,"2023_12_20_0028","2023_12_20_0028_ev00918_rec3","no",66023
919,3,84.4202,103.009277289346,113.999073248021,10.9897959586747,1.89999999999202,0.500000000002387,1.24999999999886,103.371392453932,5.43351770545762,3.28238481306642,38.280888922169,84.42015,84.4181,188404,"2023_12_20_0028","2023_12_20_0028_ev00919_rec3","no",66024
921,3,84.67875,102.912631842905,108.722590876664,5.80995903375992,0.300000000009959,2.05000000001121,3.10000000000343,101.420917675922,5.48466258767338,7.53560977003965,-0.0571511979641492,84.6777,84.6774,193575,"2023_12_20_0028","2023_12_20_0028_ev00921_rec3","no",66026
922,3,84.73055,106.929521566114,113.72931289179,6.79979132567594,0.249999999994088,0.199999999992428,0,104.243743744803,3.5216690974807,1.98237937375535,-71.8808619254912,84.73055,84.7303,194611,"2023_12_20_0028","2023_12_20_0028_ev00922_rec3","no",66027
923,3,84.97045,97.3434966737286,106.993223076147,9.64972640241841,0.299999999995748,30.2500000000094,30.0000000000011,19074.6781440154,-18977.6600483271,299577.00735008,21.1454309822004,84.97045,84.97015,199409,"2023_12_20_0028","2023_12_20_0028_ev00923_rec3","no",66028
924,3,85.207,98.6952932448614,108.79515838623,10.0998651413691,0.349999999997408,0.0999999999891088,0,95.6471598333808,4.63352953196544,1.42086544062953,-82.0168994721911,85.20695,85.2059,204140,"2023_12_20_0028","2023_12_20_0028_ev00924_rec3","no",66029
928,3,85.5703,96.8424402872721,130.615234375,33.7727940877279,1.15000000000975,31.9000000000074,30.0000000000011,118.629720168933,9.68520425110748,5.16140364952561,764.73746732076,85.569,85.56755,211406,"2023_12_20_0028","2023_12_20_0028_ev00928_rec3","no",66033
929,3,85.6069,114.063073657808,130.157470703125,16.0943970453172,1.64999999999793,4.15000000000987,5.75000000000614,115.542048435435,10.7351921002541,6.57975215266591,245.244745145525,85.59855,85.5969,212138,"2023_12_20_0028","2023_12_20_0028_ev00929_rec3","no",66034
930,3,85.63015,116.896848769415,126.953117370605,10.0562686011905,0.150000000004979,0.10000000000332,0,111.591771964446,7.66518038015859,2.10783800340604,-141.85315086728,85.6301,85.62995,212603,"2023_12_20_0028","2023_12_20_0028_ev00930_rec3","no",66035
932,3,85.70685,108.707965305873,120.08666229248,11.3786969866071,0.10000000000332,0.150000000004979,0,99.5881739224426,10.418698437021,15.0903099388111,-136.11330304827,85.70675,85.70665,214137,"2023_12_20_0028","2023_12_20_0028_ev00932_rec3","no",66037
933,3,85.72785,103.716161455427,110.01586151123,6.29970005580357,0.250000000008299,0.300000000009959,0.149999999990769,101.350783703446,11.6070547445041,0.157899377951433,-67.1691894531251,85.72785,85.72755,214557,"2023_12_20_0028","2023_12_20_0028_ev00933_rec3","no",66038
934,3,85.9102,97.0749551682245,100.402824401855,3.32786923363095,0.0500000000016598,0.250000000008299,0,-20202.8613420105,20300.243006008,137743.469998831,-55.4849533807665,85.90995,85.90985,218204,"2023_12_20_0028","2023_12_20_0028_ev00934_rec3","no",66039
935,3,86.0067,101.151231674921,113.830558776855,12.6793271019345,1.24999999999886,3.2499999999942,0,-49442.2780014257,49546.1915687133,338757.260466387,30.0222124372208,86.00665,86.0033,220134,"2023_12_20_0028","2023_12_20_0028_ev00935_rec3","no",66040
936,3,86.03015,100.046785990397,106.35375213623,6.30696614583333,0.300000000009959,0.550000000004047,0.599999999991496,97.7801104165422,6.46451062395819,1.72525172740141,-54.4370015462241,86.03015,86.02985,220603,"2023_12_20_0028","2023_12_20_0028_ev00936_rec3","no",66041
937,3,86.1067,96.9441655476888,106.811515808105,9.86735026041667,0.150000000004979,0.150000000004979,0,94.0756617685091,5.74231374866796,4.20582261784374,-60.2798461914061,86.1066,86.10645,222134,"2023_12_20_0028","2023_12_20_0028_ev00937_rec3","no",66042
938,3,86.3265,97.8669589814686,101.623527526855,3.7565685453869,0.0500000000016598,0.10000000000332,0,93.8838956603076,4.52030336059404,3.03709180087211,-105.50035749163,86.32645,86.3264,226530,"2023_12_20_0028","2023_12_20_0028_ev00938_rec3","no",66043
939,3,86.48315,101.899638947986,106.201164245605,4.30152529761905,0.0500000000016598,4.89999999999213,2.70000000000437,100.111005025872,7.42064019608219,3.46336104595805,-17.6931108747209,86.4811,86.4802,229663,"2023_12_20_0028","2023_12_20_0028_ev00939_rec3","no",66044
940,3,86.50655,99.95959291004,106.201164245605,6.24157133556548,0.250000000008299,0.200000000006639,0,98.0247013590206,4.19405502604685,1.46969210740032,-50.1180376325333,86.50655,86.5063,230131,"2023_12_20_0028","2023_12_20_0028_ev00940_rec3","no",66045
941,3,86.5276,99.4800309680757,102.08129119873,2.60126023065476,0.299999999995748,0,0,77.9632928823141,20.429415951864,101.045701644335,-113.690694173177,86.5276,86.5273,230552,"2023_12_20_0028","2023_12_20_0028_ev00941_rec3","no",66046
942,3,86.6076,98.0486112322126,101.47093963623,3.42232840401786,0.250000000008299,0.400000000013279,0,90.5534431926103,5.434690757679,56.1943494754321,-97.3908560616628,86.6076,86.60715,232152,"2023_12_20_0028","2023_12_20_0028_ev00942_rec3","no",66047
944,3,86.70985,96.6898523966471,105.43822479248,8.74837239583333,0.849999999999795,0.900000000001455,1.24999999999886,82.0019887064585,19.706628234459,12.978982399284,-206.21108379364,86.70975,86.70885,234197,"2023_12_20_0028","2023_12_20_0028_ev00944_rec3","no",66049
945,3,86.8098,96.5517966860817,103.91234588623,7.36054920014881,0.10000000000332,1.04999999999222,1.15000000000975,84.5353108863078,18.7370002725897,4.71921338970155,-270.607520702907,86.80965,86.80955,236196,"2023_12_20_0028","2023_12_20_0028_ev00945_rec3","no",66050
946,3,86.92645,95.9995738438198,99.4872970581055,3.48772321428571,0.300000000009959,0.0500000000016598,0.349999999997408,92.4196576714043,5.3834630067062,3.54332799893818,-86.6165161132814,86.92645,86.92615,238529,"2023_12_20_0028","2023_12_20_0028_ev00946_rec3","no",66051
947,3,87.1025,103.214801243373,110.01586151123,6.80106026785714,0.850000000014006,2.49999999999773,3.09999999998922,101.671452684853,7.9667850783441,4.62584754749334,-3.16619873046887,87.1025,87.1015,242050,"2023_12_20_0028","2023_12_20_0028_ev00947_rec3","no",66052
948,3,87.1873,97.0531568981352,102.38646697998,5.33331008184524,0.0999999999891088,13.850000000005,12.3000000000104,142.309926017986,-49.4380844189017,92.6447780653217,91.029030936105,87.1873,87.1872,243746,"2023_12_20_0028","2023_12_20_0028_ev00948_rec3","no",66053
949,3,87.2577,103.069479442778,200.347885131836,97.2784056890578,2.39999999999441,21.6999999999956,30.0000000000011,142.887651452426,63.424443453478,9.64430662592357,2019.50095737094,87.2571,87.25455,245154,"2023_12_20_0028","2023_12_20_0028_ev00949_rec3","no",66054
950,3,87.34965,120.660683404832,127.71605682373,7.05537341889881,0.249999999994088,0.249999999994088,0,104.760052230856,17.678367611921,38.8162068070821,-105.400810532343,87.34965,87.3493,246993,"2023_12_20_0028","2023_12_20_0028_ev00950_rec3","no",66055
951,3,87.4177,110.270174662272,115.966789245605,5.69661458333333,0.249999999994088,2.24999999998943,3.5000000000025,108.283780823229,6.12275504031545,8.63559881990497,-7.08007812500014,87.4177,87.41745,248354,"2023_12_20_0028","2023_12_20_0028_ev00951_rec3","no",66056
952,3,87.4661,109.194793337867,113.37279510498,4.1780017671131,0.10000000000332,0.600000000005707,0.150000000004979,106.517842003745,10.1280577369808,0.18380839097434,-76.6737801688056,87.4661,87.4654,249322,"2023_12_20_0028","2023_12_20_0028_ev00952_rec3","no",66057
953,3,87.52955,103.832418895903,111.083976745605,7.25155784970238,0.150000000004979,0.200000000006639,0.199999999992428,102.13785602103,4.57722974226436,4.10841473786978,-30.5735270182292,87.52945,87.52925,250591,"2023_12_20_0028","2023_12_20_0028_ev00953_rec3","no",66058
955,3,87.68705,102.451861790248,104.675285339355,2.22342354910714,0.299999999995748,0.349999999997408,0.150000000004979,98.3737949913392,5.32212394469533,1.60875236784806,-112.673623221261,87.68705,87.68665,253741,"2023_12_20_0028","2023_12_20_0028_ev00955_rec3","no",66060
956,3,87.76705,99.4291683378674,107.26927947998,7.8401111421131,0.249999999994088,0.200000000006639,0,84.0471652695107,16.0810251612289,77.4415320501393,-60.1488749186196,87.767,87.76675,255341,"2023_12_20_0028","2023_12_20_0028_ev00956_rec3","no",66061
957,3,87.8294,100.417356581915,102.539054870605,2.12169828869048,0.450000000000728,0.250000000008299,0.0999999999891088,98.2575439351313,3.24631559134174,1.08549299277674,-60.0780305408295,87.8294,87.8289,256588,"2023_12_20_0028","2023_12_20_0028_ev00957_rec3","no",66062
958,3,87.8694,98.9060098557245,104.52269744873,5.61668759300595,0.149999999990769,0.249999999994088,0.10000000000332,96.7470770098842,4.85591311999712,0.72563395526366,-59.7192673456102,87.8692,87.86905,257388,"2023_12_20_0028","2023_12_20_0028_ev00958_rec3","no",66063
959,3,87.9314,99.988657270159,110.778800964355,10.7901436941964,1.64999999999793,7.19999999999743,6.55000000000427,102.144395636113,6.26739172188743,5.3387998318729,134.335654122489,87.9268,87.92465,258628,"2023_12_20_0028","2023_12_20_0028_ev00959_rec3","no",66064
960,3,87.9671,103.251131693522,106.201164245605,2.95003255208333,0.300000000009959,1.04999999999222,0.849999999999795,94.019828440964,12.165080539542,5.32394632135118,-210.838317871094,87.9671,87.9667,259342,"2023_12_20_0028","2023_12_20_0028_ev00960_rec3","no",66065
961,3,88.0893,99.9450607299805,126.647941589355,26.702880859375,0.950000000003115,15.199999999993,30.0000000000011,111.004942688476,9.71529959193668,9.85630290044119,445.114136505127,88.08905,88.08795,261786,"2023_12_20_0028","2023_12_20_0028_ev00961_rec3","no",66066
962,3,88.14695,110.277440752302,116.577140808105,6.29970005580357,0.249999999994088,1.44999999999129,2.049999999997,112.201639340544,4.09826502972712,0.879223538143086,64.1147068568638,88.1467,88.14645,262939,"2023_12_20_0028","2023_12_20_0028_ev00962_rec3","no",66067
963,3,88.20595,115.356437683105,121.765129089355,6.40869140625,0.249999999994088,0.450000000000728,0,104.775848967138,12.7207586192546,10.724956391974,-187.564849853516,88.2059,88.20535,264119,"2023_12_20_0028","2023_12_20_0028_ev00963_rec3","no",66068
965,3,88.28925,111.454547337123,119.47631072998,8.02176339285714,2.00000000000955,2.49999999999773,0.10000000000332,107.331753472917,13.5539199631645,0.162249024338046,-118.873051234654,88.2891,88.28645,265785,"2023_12_20_0028","2023_12_20_0028_ev00965_rec3","no",66070
966,3,88.3267,108.838754926409,114.440910339355,5.60215541294643,0.0500000000016598,30.2500000000094,30.0000000000011,4293.85460465118,-4187.33786126356,177965.937558929,-58.0406188964843,88.3265,88.3264,266534,"2023_12_20_0028","2023_12_20_0028_ev00966_rec3","no",66071
967,3,88.36585,105.968649364653,112.15209197998,6.18344261532738,0.399999999999068,0.249999999994088,0.200000000006639,103.048813879152,5.69344516932407,2.28272198040225,-72.7253868466332,88.36585,88.3654,267317,"2023_12_20_0028","2023_12_20_0028_ev00967_rec3","no",66072
968,3,88.38585,105.14031510126,109.71068572998,4.57037062872024,0.10000000000332,0.150000000004979,0,101.841685661662,3.56766611186805,1.2573626279166,-93.8433692568824,88.38575,88.38565,267717,"2023_12_20_0028","2023_12_20_0028_ev00968_rec3","no",66073
969,3,88.4867,104.115796407064,108.032218933105,3.91642252604167,0.299999999995748,0.10000000000332,0,101.357556191669,2.93399966673972,6.59080078677134,-62.9412333170572,88.4867,88.4864,269734,"2023_12_20_0028","2023_12_20_0028_ev00969_rec3","no",66074
970,3,88.52585,102.633514040992,110.93138885498,8.2978748139881,0.150000000004979,0.150000000004979,0,96.5283977923191,8.0789828404473,22.4079446833193,-48.2194083077565,88.52575,88.5256,270517,"2023_12_20_0028","2023_12_20_0028_ev00970_rec3","no",66075
972,3,88.5858,97.641710190546,101.47093963623,3.82922944568452,0.799999999998136,1.40000000000384,0.850000000014006,96.9225770057776,5.23266109422069,0.964347945389916,-11.4041283017115,88.5851,88.58415,271716,"2023_12_20_0028","2023_12_20_0028_ev00972_rec3","no",66077
973,3,88.64255,102.582651410784,109.863273620605,7.28062220982143,0.849999999999795,0.250000000008299,0,89.9099186916302,13.9536068947508,43.1643558635605,-77.8977530343191,88.64255,88.64125,272851,"2023_12_20_0028","2023_12_20_0028_ev00973_rec3","no",66078
974,3,88.68915,97.4164613996233,103.149406433105,5.73294503348214,0.0999999999891088,0.200000000006639,0,95.1810154170122,3.35522214472505,2.36066091932383,-57.8504289899555,88.689,88.6889,273783,"2023_12_20_0028","2023_12_20_0028_ev00974_rec3","no",66079
975,3,88.75725,98.0413451421828,118.86595916748,20.8246140252976,12.6999999999953,18.2999999999964,27.4500000000018,86.2676596315043,28.0588776220309,75.2396051443265,517.53162202381,88.7562,88.74345,275145,"2023_12_20_0028","2023_12_20_0028_ev00975_rec3","no",66080
976,3,88.79975,110.996783665248,116.11937713623,5.12259347098214,1.05000000000643,0.950000000003115,1.24999999999886,105.267851213644,9.13679616492706,7.01531153716956,-104.300907679967,88.798,88.79695,275995,"2023_12_20_0028","2023_12_20_0028_ev00976_rec3","no",66081
977,3,88.8457,104.137594677153,113.98314666748,9.84555199032738,0.149999999990769,0.0999999999891088,0,-109646.283547104,109753.425615218,274330.9600831,-89.0072413853237,88.8457,88.84545,276914,"2023_12_20_0028","2023_12_20_0028_ev00977_rec3","no",66082
978,3,88.88675,99.6471510387602,106.811515808105,7.16436476934524,0.249999999994088,0.0999999999891088,0.300000000009959,99.7236597812645,3.30191497244385,1.24574178352982,7.67880394345247,88.88675,88.88625,277735,"2023_12_20_0028","2023_12_20_0028_ev00978_rec3","no",66083
979,3,88.92555,97.9032894316174,112.915031433105,15.0117420014881,5.15000000000043,35.4499999999973,30.0000000000011,107.564901687374,4.74719662142428,0.980258391579567,374.107905796596,88.9225,88.9166,278511,"2023_12_20_0028","2023_12_20_0028_ev00979_rec3","no",66084
980,3,88.9457,108.889617556617,118.86595916748,9.9763416108631,2.70000000000437,1.30000000000052,0.599999999991496,104.388156460579,9.30163357496338,4.8420562575584,-80.7791210356211,88.9456,88.94265,278914,"2023_12_20_0028","2023_12_20_0028_ev00980_rec3","no",66085
981,3,89.0067,101.747051057361,107.26927947998,5.52222842261905,0.299999999995748,11.7000000000047,10.7500000000016,343121.886177584,-343029.458479244,324950.816703367,197.020221964518,89.0067,89.0064,280134,"2023_12_20_0028","2023_12_20_0028_ev00981_rec3","no",66086
982,3,89.02905,100.831523713611,126.953117370605,26.1215936569941,1.80000000000291,32.1500000000015,30.0000000000011,-208141.946244428,208268.673489485,513189.811160136,650.749035571871,89.0282,89.02635,280581,"2023_12_20_0028","2023_12_20_0028_ev00982_rec3","no",66087
983,3,89.16905,98.5790358043852,104.675285339355,6.09624953497024,0.299999999995748,0.249999999994088,0.199999999992428,96.7910377057296,4.71661375002383,1.27181633306981,-45.5008007231212,89.16905,89.1687,283381,"2023_12_20_0028","2023_12_20_0028_ev00983_rec3","no",66088
984,3,89.4665,101.834244137719,107.87963104248,6.0453869047619,0.299999999995748,0.799999999998136,0.950000000003115,98.3647284655725,8.14769629998268,2.64878294734618,-80.7480585007443,89.4665,89.46605,289330,"2023_12_20_0028","2023_12_20_0028_ev00984_rec3","no",66089
985,3,89.4889,99.501829238165,104.370109558105,4.86828031994048,0.299999999995748,0.250000000008299,0,-8047.45904122554,8145.8176619699,87580.0378257353,-74.373336065383,89.4889,89.48855,289778,"2023_12_20_0028","2023_12_20_0028_ev00985_rec3","no",66090
987,3,89.65585,98.3465209234328,103.91234588623,5.56582496279762,0.10000000000332,0.200000000006639,0,93.5715568167032,5.80743159788817,10.4407073425809,-84.9391392299107,89.6557,89.6556,293117,"2023_12_20_0028","2023_12_20_0028_ev00987_rec3","no",66092
988,3,89.7222,94.3719696771531,108.947746276855,14.5757765997024,3.55000000000416,9.39999999999941,30.0000000000011,100.307435058347,7.31632750552249,3.56679775659826,272.889636811756,89.71915,89.71555,294444,"2023_12_20_0028","2023_12_20_0028_ev00988_rec3","no",66093
989,3,89.82885,100.235704331171,112.15209197998,11.9163876488095,3.70000000000914,18.4500000000014,12.4500000000012,85.4286879259518,23.2150259080763,65.9125619802028,208.792368570963,89.8225,89.81665,296577,"2023_12_20_0028","2023_12_20_0028_ev00989_rec3","no",66094
990,3,89.8792,99.65441712879,104.21752166748,4.56310453869048,0.249999999994088,0.199999999992428,0.650000000007367,97.2920141085543,4.37546968914005,8.39373382422457,-34.039088657924,89.8792,89.87895,297584,"2023_12_20_0028","2023_12_20_0028_ev00990_rec3","no",66095
991,3,89.9663,111.083976745605,118.86595916748,7.781982421875,0.150000000004979,0.200000000006639,0,108.254442368356,4.58643357121616,2.30331602365526,-72.998046875,89.9662,89.966,299326,"2023_12_20_0028","2023_12_20_0028_ev00991_rec3","no",66096
992,3,90.00535,110.686213998638,120.805555104872,10.1193411062339,0.199999999992428,0.0999999999891088,0,-71791.3865333931,71901.4713579167,224108.438882686,-161.76983886498,90.00535,90.00515,300107,"2023_12_20_0028","2023_12_20_0028_ev00992_rec3","no",66097
993,3,90.04635,100.990962363837,108.079827828718,7.0888654648808,0.150000000004979,15.6499999999937,14.4499999999965,386267.56554244,-386175.706725392,475250.443762361,91.662118745199,90.04635,90.0462,300927,"2023_12_20_0028","2023_12_20_0028_ev00993_rec3","no",66098
994,3,90.07575,96.9697243214781,131.212145481055,34.2424211595772,2.05000000001121,28.5499999999956,30.0000000000011,-58225.0202618985,58350.2367600708,123355.299473246,787.616741069751,90.07245,90.0703,301515,"2023_12_20_0028","2023_12_20_0028_ev00994_rec3","no",66099
995,3,90.1167,109.770051841797,114.808195658914,5.03814381711689,0.150000000004979,0.399999999999068,0.849999999999795,106.060030859019,6.42260134227936,5.92160400419806,-72.3472302781712,90.11655,90.11635,302334,"2023_12_20_0028","2023_12_20_0028_ev00995_rec3","no",66100
996,3,90.14625,106.422705752791,110.044132941472,3.62142718868066,0.10000000000332,0.250000000008299,0.600000000005707,104.674580869436,3.85010158993217,2.77177697602181,-40.8713602863168,90.14625,90.14585,302925,"2023_12_20_0028","2023_12_20_0028_ev00996_rec3","no",66101
997,3,90.18525,103.2984205013,110.280153915514,6.98173341421483,0.0999999999891088,0.199999999992428,0,100.613062370723,5.09092470872587,2.12730302236659,-68.2650502635188,90.1851,90.18495,303705,"2023_12_20_0028","2023_12_20_0028_ev00997_rec3","no",66102
998,3,90.2157,100.791965346571,104.479000705471,3.68703535889958,0.249999999994088,0.199999999992428,0,97.4240236026765,4.68818167839211,4.14002802859225,-80.7664491046693,90.2157,90.21545,304314,"2023_12_20_0028","2023_12_20_0028_ev00998_rec3","no",66103
999,3,90.2685,99.2385667946997,105.538334437685,6.29976764298563,0.200000000006639,0.10000000000332,0,93.396666617218,6.4873897355693,11.7280044884908,-104.408452010977,90.2685,90.26825,305370,"2023_12_20_0028","2023_12_20_0028_ev00999_rec3","no",66104
1001,3,90.4556,103.90429190461,111.064640127581,7.16034822297058,0.250000000008299,0.200000000006639,0,98.890633332279,5.12124885418624,19.2887714230917,-71.1035338593641,90.4556,90.45535,309112,"2023_12_20_0028","2023_12_20_0028_ev01001_rec3","no",66106
1002,3,90.67095,93.4908906493955,99.482921965305,5.99203131590954,0.150000000004979,1.54999999999461,0.649999999993156,82.2744177011352,22.3606858830691,1.24803468978481,-302.496314464113,90.66965,90.66905,313419,"2023_12_20_0028","2023_12_20_0028_ev01002_rec3","no",66107
1003,3,90.79065,93.751044436627,101.23503851701,7.48399408038318,0.399999999999068,0.299999999995748,0.699999999994816,92.76132308941,4.68815788697913,3.07231992750545,-13.289455512077,90.7906,90.7902,315813,"2023_12_20_0028","2023_12_20_0028_ev01003_rec3","no",66108
1004,3,91.2082,97.0315568056666,124.003389670703,26.9718328650369,9.39999999999941,22.8500000000054,30.0000000000011,107.009380453413,9.10261170404677,16.5740259041666,645.523582000863,91.2056,91.19615,324164,"2023_12_20_0028","2023_12_20_0028_ev01004_rec3","no",66109
1005,3,91.23525,109.707146090371,117.225726896164,7.51858080579302,0.150000000004979,0.10000000000332,0,103.903596345143,8.42756943785017,12.1990035002824,-79.2172360236429,91.2352,91.23505,324705,"2023_12_20_0028","2023_12_20_0028_ev01005_rec3","no",66110
1006,3,91.2817,105.847063888415,110.519013260719,4.67194937230367,0.299999999995748,1.50000000000716,1.30000000000052,99.8389954957609,10.259469818063,4.56070361206085,-131.111000180965,91.2817,91.2809,325634,"2023_12_20_0028","2023_12_20_0028_ev01006_rec3","no",66111
1007,3,91.32485,103.017495932557,119.316821043282,16.2993251107245,8.15000000000055,14.2000000000024,10.1999999999975,1205355.22163545,-1205278.99269207,375101.432919983,676.781483102467,91.3248,91.316,326497,"2023_12_20_0028","2023_12_20_0028_ev01007_rec3","no",66112
1008,3,91.35525,98.8055493558625,250.975169762432,152.16962040657,4.44999999999141,34.5999999999975,30.0000000000011,210.321157168357,41.9168447814785,4.62704343424783,4251.45200686963,91.35245,91.34755,327105,"2023_12_20_0028","2023_12_20_0028_ev01008_rec3","no",66113
1009,3,91.38155,185.23924538825,258.764167206062,73.5249218178121,0.799999999998136,1.40000000000384,0,379799.870255832,-379578.074656705,270112.025376757,1818.58752244248,91.3807,91.37975,327631,"2023_12_20_0028","2023_12_20_0028_ev01009_rec3","no",66114
1010,3,91.408,219.941801906943,312.103378476602,92.1615765696582,1.69999999999959,31.400000000005,30.0000000000011,278.338600897263,37.0641321808884,4.77220640184339,2075.62357459441,91.4072,91.4053,328160,"2023_12_20_0028","2023_12_20_0028_ev01010_rec3","no",66115
1011,3,91.429,261.533249583805,296.80371135983,35.2704617760253,3.10000000000343,8.75000000000625,7.14999999999577,150.819224223644,145.964224645978,43.3429664997181,-78.1597012892814,91.4286,91.4255,328580,"2023_12_20_0028","2023_12_20_0028_ev01011_rec3","no",66116
1012,3,91.4898,205.440510871739,223.297568089508,17.8570572177685,0.650000000007367,7.14999999999577,7.75000000000148,171.238127854428,53.5338250362815,28.5961448555756,-16.4364236492333,91.4894,91.4887,329796,"2023_12_20_0028","2023_12_20_0028_ev01012_rec3","no",66117
1013,3,91.51905,185.761986657921,207.765895922759,22.0039092648388,1.1999999999972,7.49999999999318,8.59999999998706,-148.109986023393,353.832925579323,252.957161691226,24.1788031024449,91.51855,91.5173,330381,"2023_12_20_0028","2023_12_20_0028_ev01013_rec3","no",66118
1014,3,91.56145,160.641180225142,172.092630215163,11.4514499900204,0.199999999992428,0.849999999999795,1.4500000000055,156.120220436708,11.4077875793452,5.55728393516837,-69.8501307022944,91.56135,91.56115,331229,"2023_12_20_0028","2023_12_20_0028_ev01014_rec3","no",66119
1015,3,91.58585,152.909964081055,167.316798679226,14.4068345981712,1.04999999999222,2.44999999999607,2.15000000000032,151.849250757493,16.7263101004828,2.22057925669625,20.1343437459462,91.58555,91.58445,331717,"2023_12_20_0028","2023_12_20_0028_ev01015_rec3","no",66120
1016,3,91.60915,145.085702478929,161.777289903624,16.6915874246948,0.399999999999068,5.70000000000448,7.80000000000314,102.534626755218,54.990177170863,64.3572689491377,59.5451045464342,91.6081,91.6077,332183,"2023_12_20_0028","2023_12_20_0028_ev01016_rec3","no",66121
1017,3,91.6448,142.26268351739,147.399668615845,5.13698509845523,0.300000000009959,0.250000000008299,0,140.258015435067,2.14631747881022,2.71593437637701,-52.7328035426846,91.6448,91.6444,332896,"2023_12_20_0028","2023_12_20_0028_ev01017_rec3","no",66122
1018,3,91.6692,136.064835089864,150.224298848673,14.1594637588091,1.00000000000477,7.24999999999909,8.7999999999937,112.761779963242,33.596484937633,54.0561880860944,96.3806937358359,91.6683,91.6672,333384,"2023_12_20_0028","2023_12_20_0028_ev01018_rec3","no",66123
1019,3,91.7376,135.810845184913,155.108895123535,19.2980499386217,1.64999999999793,8.44999999999629,8.65000000000293,136.832214968654,18.285814795665,7.90761897632561,181.744853786112,91.73755,91.7348,334752,"2023_12_20_0028","2023_12_20_0028_ev01019_rec3","no",66124
1020,3,91.7576,138.064944336341,143.190812653415,5.12586831707458,0.250000000008299,0.799999999998136,1.40000000000384,134.96438358588,6.03963170851135,7.32054263031274,-47.843603293629,91.75735,91.7571,335152,"2023_12_20_0028","2023_12_20_0028_ev01020_rec3","no",66125
1021,3,91.78465,135.740633718423,142.608109978303,6.86747625987951,0.200000000006639,0.199999999992428,0,116.247249449325,20.4213892150509,47.2431547395256,-130.142454065867,91.7846,91.78435,335693,"2023_12_20_0028","2023_12_20_0028_ev01021_rec3","no",66126
1022,3,91.84455,117.589610243839,125.350566278078,7.76095603423958,0.10000000000332,30.1000000000045,30.0000000000011,2065.77828007206,-1950.44502380083,76989.9815384097,-55.4136658597952,91.8445,91.84435,336891,"2023_12_20_0028","2023_12_20_0028_ev01022_rec3","no",66127
1023,3,91.8785,114.814251683223,139.62169245987,24.8074407766469,1.4500000000055,17.55,26.5500000000003,111.399520844253,23.5432062444527,42.4067150911664,420.377504864214,91.87845,91.8768,337570,"2023_12_20_0028","2023_12_20_0028_ev01023_rec3","no",66128
1025,3,91.9256,121.936718920357,129.305554689172,7.3688357688154,0.200000000006639,0.10000000000332,0,115.218189070471,8.01609444156014,7.85977477464596,-139.248869060849,91.9256,91.92535,338512,"2023_12_20_0028","2023_12_20_0028_ev01025_rec3","no",66130
1026,3,91.9561,116.085408457839,121.153551089949,5.06814263210964,0.10000000000332,0.200000000006639,0.599999999991496,112.641121794573,5.74477685378491,7.60935787364923,-59.3689357467819,91.95595,91.95585,339122,"2023_12_20_0028","2023_12_20_0028_ev01026_rec3","no",66131
1027,3,92.00785,107.649768781594,133.130008870021,25.4802400884266,5.40000000000873,29.4999999999987,30.0000000000011,93.2284054402205,37.9657039324369,82.4590583683914,645.290856755766,92.00685,92.00105,340157,"2023_12_20_0028","2023_12_20_0028_ev01027_rec3","no",66132
1028,3,92.0788,119.137689467595,135.596130025065,16.4584405574706,0.749999999996476,3.30000000001007,6.05000000000189,124.12451290861,7.34599124015968,3.18086292790778,181.942100587296,92.07875,92.07795,341576,"2023_12_20_0028","2023_12_20_0028_ev01028_rec3","no",66133
1029,3,92.1078,118.148552873927,137.877381076119,19.7288282021917,1.80000000000291,14.3999999999949,21.1000000000041,-74752.2831856955,74884.1363383383,246422.545168019,314.440435073375,92.10665,92.1043,342156,"2023_12_20_0028","2023_12_20_0028_ev01029_rec3","no",66134
1031,3,92.2079,110.771540538671,117.925626146283,7.15408560761165,0.10000000000332,3.39999999999918,6.00000000000023,108.763751195292,6.84223901304498,15.550919489015,32.9718494333172,92.2077,92.20755,344158,"2023_12_20_0028","2023_12_20_0028_ev01031_rec3","no",66136
1032,3,92.236,110.577368734569,115.342658744005,4.76529000943633,0.0500000000016598,29.6000000000021,26.9499999999994,42946.398059795,-42841.022119822,165795.201633986,-38.6976713750889,92.2358,92.2357,344720,"2023_12_20_0028","2023_12_20_0028_ev01032_rec3","no",66137
1033,3,92.2773,104.865236383004,146.949110279836,42.0838738968317,15.500000000003,27.7499999999975,30.0000000000011,104.533606960025,39.0426640859798,41.679604813367,1112.96647233123,92.2761,92.25935,345546,"2023_12_20_0028","2023_12_20_0028_ev01033_rec3","no",66138
1034,3,92.32785,119.33215816049,125.028036185751,5.69587802526109,0.249999999994088,0.200000000006639,0,113.050961030543,7.12968561748907,18.0434886056325,-82.8290462792955,92.32785,92.32755,346557,"2023_12_20_0028","2023_12_20_0028_ev01034_rec3","no",66139
1035,3,92.37485,115.504599260212,128.165730211285,12.6611309510725,4.39999999998975,1.69999999999959,3.20000000000675,112.860997935749,8.65323724439859,19.3918858793586,81.1474530824493,92.37475,92.3703,347497,"2023_12_20_0028","2023_12_20_0028_ev01035_rec3","no",66140
1036,3,92.4748,121.361336782432,124.276854830685,2.91551804825313,0.10000000000332,0.200000000006639,0,-70634.9584965216,70754.465753028,287070.449089048,-165.738644305319,92.47465,92.4745,349496,"2023_12_20_0028","2023_12_20_0028_ev01036_rec3","no",66141
1037,3,92.4877,115.330388139871,124.113129523416,8.78274138354462,0.10000000000332,0.600000000005707,1.1999999999972,113.181618344002,7.10909360462676,4.28964849761533,-31.5550021487131,92.4875,92.4874,349754,"2023_12_20_0028","2023_12_20_0028_ev01037_rec3","no",66142
1038,3,92.5853,105.937368642788,116.70155564222,10.764186999432,0.200000000006639,30.1500000000061,30.0000000000011,107.302936073701,-3.55575891214148,19.3358063682852,-11.9793777615647,92.58525,92.58505,351706,"2023_12_20_0028","2023_12_20_0028_ev01038_rec3","no",66143
1039,3,92.76415,106.366800009943,132.362983287638,25.9961832776957,5.74999999999193,15.349999999998,25.1499999999965,114.507528400915,10.9822484354333,12.5507969727174,471.186152521619,92.7636,92.7578,355283,"2023_12_20_0028","2023_12_20_0028_ev01039_rec3","no",66144
1041,3,92.8757,106.124469252529,111.302241676271,5.17777242374204,0.299999999995748,0.249999999994088,0,103.671480130385,4.31281176883583,3.11004644142671,-59.1588569705399,92.8757,92.87535,357514,"2023_12_20_0028","2023_12_20_0028_ev01041_rec3","no",66146
1042,3,92.9051,104.792172900417,109.540578142475,4.74840524205725,0.10000000000332,0.199999999992428,0.700000000009027,102.470552723433,4.51257965640463,6.76064800090841,-38.4886428998261,92.90495,92.90475,358102,"2023_12_20_0028","2023_12_20_0028_ev01042_rec3","no",66147
1043,3,93.0475,117.299754256705,123.326059164161,6.02630490745662,2.20000000000198,2.60000000000105,0.149999999990769,111.844933469361,14.3603962979375,0.224416015706104,-160.864954293123,93.04745,93.0445,360950,"2023_12_20_0028","2023_12_20_0028_ev01043_rec3","no",66148
1044,3,93.1274,112.509557545077,121.260310784908,8.75075323983131,0.249999999994088,0.199999999992428,0,106.921473973722,6.05272958197454,11.2020709956938,-102.692696632199,93.1274,93.1271,362548,"2023_12_20_0028","2023_12_20_0028_ev01044_rec3","no",66149
1045,3,93.1487,109.041306499246,113.389717410147,4.34841091090098,0.0500000000016598,1.10000000000809,1.1999999999972,104.884963769347,7.54558775383685,4.4233690370896,-89.6582167561012,93.14845,93.1484,362974,"2023_12_20_0028","2023_12_20_0028_ev01045_rec3","no",66150
1046,3,93.20405,102.413088126392,110.862553112231,8.44946498583865,0.249999999994088,30.1999999999936,30.0000000000011,5142.86683723029,-5041.69164361092,294625.768035678,-27.5370960240164,93.204,93.2037,364081,"2023_12_20_0028","2023_12_20_0028_ev01046_rec3","no",66151
1047,3,93.3073,100.306209816982,108.644145458632,8.33793564164996,0.10000000000332,20.7999999999942,18.250000000009,98471.3622800094,-98376.3784346637,213527.449312713,49.4233509699762,93.30715,93.307,366146,"2023_12_20_0028","2023_12_20_0028_ev01047_rec3","no",66152
1048,3,93.34495,109.586671224483,118.885966875921,9.29929565143837,1.75000000000125,2.25000000000364,0,106.523825616704,5.11150974138432,4.66032339428912,-63.9544782599094,93.3449,93.34075,366899,"2023_12_20_0028","2023_12_20_0028_ev01048_rec3","no",66153
1049,3,93.4249,102.522402248946,109.528204123168,7.00580187422267,0.10000000000332,0.249999999994088,0,99.3652277161409,4.99259498984518,3.02905439013527,-77.8529138971151,93.4247,93.4246,368498,"2023_12_20_0028","2023_12_20_0028_ev01049_rec3","no",66154
1050,3,93.45675,101.517308482873,108.820985553191,7.30367707031873,0.550000000004047,0.450000000000728,0.399999999999068,98.6249373236767,7.30171461300266,1.42130812240993,-74.6128829581997,93.45675,93.4561,369135,"2023_12_20_0028","2023_12_20_0028_ev01050_rec3","no",66155
1051,3,93.50595,102.528247805973,108.854773147579,6.32652534160633,2.74999999999181,3.09999999998922,3.10000000000343,97.363218957608,8.84389662702947,18.8240154921372,8.50165084536393,93.50075,93.498,370119,"2023_12_20_0028","2023_12_20_0028_ev01051_rec3","no",66156
1052,3,93.52485,100.391557490624,109.907965627704,9.51640813708046,0.0999999999891088,0.200000000006639,0,98.1274119991063,5.08907912912248,3.86971493713586,-46.1166393901904,93.5247,93.52455,370497,"2023_12_20_0028","2023_12_20_0028_ev01052_rec3","no",66157
1054,3,93.8942,98.5737454998397,106.635322355309,8.06157685546881,0.199999999992428,0.450000000000728,1.90000000000623,97.1600339683564,5.59082496839416,7.92544675317533,2.90243322458457,93.8941,93.89385,377884,"2023_12_20_0028","2023_12_20_0028_ev01054_rec3","no",66159
1055,3,93.94705,100.15325282873,106.655327677186,6.50207484845585,0.300000000009959,0.250000000008299,0,97.6157695563217,3.98561227614799,3.09162078010052,-61.5366903773095,93.94705,93.94675,378941,"2023_12_20_0028","2023_12_20_0028_ev01055_rec3","no",66160
1056,3,94.05635,102.90635127191,105.270118024759,2.36376675284916,0.950000000003115,2.3000000000053,1.35000000000218,100.545862886079,5.56663217818667,2.46446337848744,-53.2457677983292,94.0563,94.0548,381127,"2023_12_20_0028","2023_12_20_0028_ev01056_rec3","no",66161
1057,3,94.114,99.2763873833191,128.480146643533,29.2037592602141,0.650000000007367,18.3499999999981,30.0000000000011,110.870412272381,12.3217204217675,10.5600290386358,624.868184165942,94.1068,94.10595,382280,"2023_12_20_0028","2023_12_20_0028_ev01057_rec3","no",66162
1058,3,94.1404,112.587321982963,121.475438382674,8.88811639971047,0.249999999994088,0.200000000006639,0,99.6503386762537,13.4348786202622,26.3871708644902,-145.457842763335,94.14025,94.14,382808,"2023_12_20_0028","2023_12_20_0028_ev01058_rec3","no",66163
1059,3,94.32685,98.7496989538859,104.389490298736,5.63979134485004,0.349999999997408,4.30000000000064,5.45000000001039,95.0254822573122,9.14540333528469,11.9749727625146,-7.76160678145129,94.32685,94.3265,386537,"2023_12_20_0028","2023_12_20_0028_ev01059_rec3","no",66164
1060,3,94.3802,102.355973350615,134.735845822084,32.3798724714692,2.75000000000603,8.39999999999463,10.3000000000009,106.429274387552,21.1058998194436,10.5086875200487,397.625519150014,94.3801,94.37735,387604,"2023_12_20_0028","2023_12_20_0028_ev01060_rec3","no",66165
1061,3,94.42435,107.709364300971,114.57539974998,6.86603544900899,0.250000000008299,0.299999999995748,0,102.426455897436,7.436776858474,11.6421632302274,-76.4035776515463,94.4243,94.424,388487,"2023_12_20_0028","2023_12_20_0028_ev01061_rec3","no",66166
1062,3,94.5162,105.829112475346,108.538633811493,2.70952133614699,0.249999999994088,0.0500000000016598,0,-11424.3702165765,11528.4154201492,55145.6033711709,-146.288436925885,94.5158,94.51555,390324,"2023_12_20_0028","2023_12_20_0028_ev01062_rec3","no",66167
1063,3,94.58425,114.098912569244,120.944756544274,6.84584397503012,0.150000000004979,0.10000000000332,0,109.327669267689,3.7733816595609,6.33802286421603,-119.023271474895,94.58425,94.5841,391685,"2023_12_20_0028","2023_12_20_0028_ev01063_rec3","no",66168
1064,3,94.62665,107.009981419625,115.497916347847,8.48793492822234,0.10000000000332,0.149999999990769,0,103.106230735048,6.78153848812246,6.96254250544524,-69.191271252409,94.62655,94.6264,392533,"2023_12_20_0028","2023_12_20_0028_ev01064_rec3","no",66169
1065,3,94.68425,101.835082660783,144.677090752527,42.8420080917442,4.6000000000106,29.7000000000054,30.0000000000011,63.7006636134056,72.770729453859,103.966295270583,1043.17968053457,94.67985,94.6752,393685,"2023_12_20_0028","2023_12_20_0028_ev01065_rec3","no",66170
1066,3,94.7321,117.020186182951,119.346431577587,2.32624539463561,0.049999999987449,0.0500000000016598,0,-13671.183785081,13787.7297372354,50030.9890164933,-137.543017254858,94.73185,94.7318,394642,"2023_12_20_0028","2023_12_20_0028_ev01066_rec3","no",66171
1067,3,95.064,103.394229366192,108.710335038754,5.31610567256239,0.0500000000016598,0.249999999994088,0,98.8179958892086,5.4057682750784,5.47731700509748,-105.732838232719,95.06375,95.0637,401280,"2023_12_20_0028","2023_12_20_0028_ev01067_rec3","no",66172
1068,3,95.23445,103.376236972113,107.515048819826,4.1388118477126,0.299999999995748,0.10000000000332,0.200000000006639,99.8098323878875,5.33683986316849,3.81746394375359,-85.5347775910719,95.2344,95.2341,404689,"2023_12_20_0028","2023_12_20_0028_ev01068_rec3","no",66173
1069,3,95.42385,101.082197405158,109.750267106159,8.66806970100129,0.250000000008299,0.600000000005707,0.649999999993156,90.5477972900784,16.1842699186691,3.98795652356411,-249.860020645658,95.4238,95.4235,408477,"2023_12_20_0028","2023_12_20_0028_ev01069_rec3","no",66174
1070,3,95.5288,101.093643654011,115.812973845049,14.7193301910378,2.19999999998777,9.34999999999775,10.7500000000016,103.590865451378,10.623617288375,8.38586506679319,189.697272429256,95.52805,95.52585,410576,"2023_12_20_0028","2023_12_20_0028_ev01070_rec3","no",66175
1071,3,95.66615,102.508672996021,108.990699725232,6.48202672921062,0.0500000000016598,0.300000000009959,0,94.7581921122208,9.9241589654474,1.87720815152426,-211.196007495746,95.6659,95.66585,413323,"2023_12_20_0028","2023_12_20_0028_ev01071_rec3","no",66176
1072,3,95.7555,102.155657529516,109.042910558658,6.88725302914204,0.799999999998136,0.600000000005707,0.249999999994088,102.726353641793,10.4065919321335,0.146740081575402,21.1976519686716,95.7555,95.7546,415110,"2023_12_20_0028","2023_12_20_0028_ev01072_rec3","no",66177
1073,3,95.95295,99.8737744969299,108.367920530499,8.49414603356924,0.10000000000332,0.600000000005707,0.799999999998136,88.864792305935,16.6593077901598,4.80490225471813,-248.972449027137,95.9528,95.9527,419059,"2023_12_20_0028","2023_12_20_0028_ev01073_rec3","no",66178
1074,3,95.994,90.201872064861,114.80446943398,24.6025973691195,1.49999999999295,30.5000000000035,30.0000000000011,-171943.480081609,172056.889296039,377283.449523077,706.176514313286,95.98355,95.98135,419880,"2023_12_20_0028","2023_12_20_0028_ev01074_rec3","no",66179
1075,3,96.08245,101.372577796447,107.663491018709,6.29091322226208,0.150000000004979,0.199999999992428,0,98.0295745502194,5.09242951202205,4.09548278471436,-78.039699195162,96.08235,96.0822,421649,"2023_12_20_0028","2023_12_20_0028_ev01075_rec3","no",66180
1076,3,96.22575,95.129158810478,123.68912448804,28.5599656775618,2.39999999999441,11.7000000000047,30.0000000000011,106.096345657064,12.8562235892014,7.18124388347816,493.791190082781,96.2246,96.22215,424515,"2023_12_20_0028","2023_12_20_0028_ev01076_rec3","no",66181
1078,3,96.5456,102.994307116177,107.689674950023,4.69536783384565,0.299999999995748,0.249999999994088,0,100.571023649424,3.68010618048326,2.80260501228454,-60.9621978966317,96.5456,96.5452,430912,"2023_12_20_0028","2023_12_20_0028_ev01078_rec3","no",66183
1079,3,96.7041,105.168959769151,112.072284753974,6.9033249848235,0.249999999994088,0.249999999994088,0,99.0205821982432,8.04202998417255,7.65109613463811,-122.909522817511,96.70405,96.7038,434082,"2023_12_20_0028","2023_12_20_0028_ev01079_rec3","no",66184
1082,3,97.36505,114.488367228616,124.033575097184,9.5452078685685,0.0999999999891088,0.199999999992428,0,94.424994928524,22.6054252077977,56.7725823685171,-73.1643703501787,97.3649,97.36475,447301,"2023_12_20_0028","2023_12_20_0028_ev01082_rec3","no",66187
1083,3,97.485,107.707561892832,118.498411659675,10.7908497668432,0.199999999992428,0.450000000000728,0.749999999996476,93.6770476692599,20.3213406322546,6.23725375670703,-293.59811861221,97.48495,97.48475,449700,"2023_12_20_0028","2023_12_20_0028_ev01083_rec3","no",66188
1084,3,97.56495,106.767787695606,128.977394142914,22.2096064473073,6.29999999999598,3.99999999999068,6.45000000000095,108.260092883128,12.2380894135672,10.7801672191942,228.706276340273,97.56485,97.55595,451299,"2023_12_20_0028","2023_12_20_0028_ev01084_rec3","no",66189
1085,3,97.74155,108.088021214882,119.655069918028,11.5670487031451,3.20000000000675,5.60000000000116,4.59999999999638,98.4279555129738,14.367340663572,152.740649606865,156.906635318808,97.7381,97.7333,454831,"2023_12_20_0028","2023_12_20_0028_ev01085_rec3","no",66190
1086,3,97.77195,110.864298377323,118.733859725884,7.86956134856092,0.0500000000016598,0.249999999994088,0,108.045172599065,2.8980920089654,3.80787223442274,-71.3425756561676,97.77175,97.7717,455439,"2023_12_20_0028","2023_12_20_0028_ev01086_rec3","no",66191
1087,3,97.8214,104.234775547242,113.106634799115,8.87185925187261,0.10000000000332,30.0500000000028,30.0000000000011,5379.66794402609,-5276.91849574407,74847.3923989586,-12.3607630077641,97.8214,97.8213,456428,"2023_12_20_0028","2023_12_20_0028_ev01087_rec3","no",66192
1088,3,97.8648,104.882618262089,113.590258357524,8.70764009543545,0.149999999990769,1.10000000000809,1.99999999999534,103.904572737817,6.39558727785595,4.7769462170684,3.52316907931318,97.86465,97.8645,457296,"2023_12_20_0028","2023_12_20_0028_ev01088_rec3","no",66193
1089,3,98.114,119.048445053057,121.206772936386,2.15832788332918,0.499999999988177,0.450000000000728,0,112.730188364786,6.6974056937334,7.48158223692305,-138.924600423197,98.114,98.1134,462280,"2023_12_20_0028","2023_12_20_0028_ev01089_rec3","no",66194
1090,3,98.1447,112.7621864015,120.188256478329,7.42607007682865,0.349999999997408,0.299999999995748,0.699999999994816,107.111465621245,9.09796573607123,8.85029304680737,-88.9674757637559,98.1447,98.14435,462894,"2023_12_20_0028","2023_12_20_0028_ev01090_rec3","no",66195
1091,3,98.18225,108.565076555876,166.419986273402,57.8549097175259,0.900000000001455,30.8500000000009,30.0000000000011,-39941.1551097688,40099.2276631907,69128.276565979,1269.36921915734,98.18195,98.18095,463645,"2023_12_20_0028","2023_12_20_0028_ev01091_rec3","no",66196
1092,3,98.2622,119.688215864481,129.598811820591,9.9105959561092,0.149999999990769,0.10000000000332,0,-1379.50327241153,1496.93440822807,172093.379908992,-70.992832321583,98.2622,98.26205,465244,"2023_12_20_0028","2023_12_20_0028_ev01092_rec3","no",66197
1093,3,98.30115,116.018802543784,147.803703441368,31.7849008975837,6.24999999999432,17.7000000000049,21.6000000000065,-142684.09503256,142822.940890559,279008.375900059,581.872230635179,98.30105,98.2947,466023,"2023_12_20_0028","2023_12_20_0028_ev01093_rec3","no",66198
1094,3,98.41255,116.905175644013,124.244484704557,7.33930906054374,0.049999999987449,0.249999999994088,0,-51157.1254531132,51274.6277577489,167975.859868006,-117.643587938315,98.41235,98.41225,468251,"2023_12_20_0028","2023_12_20_0028_ev01094_rec3","no",66199
1095,3,98.43155,113.27283740814,120.894178462288,7.62134105414823,0.300000000009959,0.250000000008299,0,109.310713721932,6.11773563163534,1.92738915201048,-105.294954925855,98.43155,98.43125,468631,"2023_12_20_0028","2023_12_20_0028_ev01095_rec3","no",66200
1096,3,98.48105,114.176168094624,125.559654612146,11.3834865175227,0.0999999999891088,0.10000000000332,0,109.688817206985,5.99084613701787,19.7950782275675,-41.0088904987196,98.481,98.48085,469621,"2023_12_20_0028","2023_12_20_0028_ev01096_rec3","no",66201
1098,3,98.5126,112.196355641314,118.571927231746,6.37557159043159,0.300000000009959,0.299999999995748,0.349999999997408,109.283168631811,6.40634426289772,1.86177543377559,-74.0260606215785,98.5126,98.5123,470252,"2023_12_20_0028","2023_12_20_0028_ev01098_rec3","no",66203
1102,3,98.86425,105.073112376348,134.298190388557,29.2250780122085,4.19999999999732,16.9499999999942,22.0999999999947,91.6212223888167,36.0382530306807,55.9128054910373,567.94551649591,98.8618,98.8572,477285,"2023_12_20_0028","2023_12_20_0028_ev01102_rec3","no",66207
1104,3,99.01125,108.486338887775,117.256905691178,8.77056680340318,0.150000000004979,0.200000000006639,0,105.128311091215,5.02386309601003,5.56486302873906,-71.0409920576298,99.0111,99.01095,480225,"2023_12_20_0028","2023_12_20_0028_ev01104_rec3","no",66209
1105,3,99.0712,121.12912014054,127.763756381509,6.63463624096929,0.150000000004979,1.1999999999972,1.60000000001048,113.35093867186,12.3017199075971,8.82116473655057,-127.512615700075,99.07115,99.0707,481424,"2023_12_20_0028","2023_12_20_0028_ev01105_rec3","no",66210
1106,3,99.14065,113.385603960174,127.114943260098,13.7293392999236,0.249999999994088,0.0999999999891088,0,107.681661994783,7.67454577897669,4.47683822558571,-134.80768252994,99.1406,99.14035,482813,"2023_12_20_0028","2023_12_20_0028_ev01106_rec3","no",66211
1107,3,99.16405,108.94171830386,119.080424431036,10.1387061271761,0.150000000004979,0.200000000006639,0,105.401564605092,6.4826185264944,3.15641169352025,-83.4851609936777,99.1639,99.16375,483281,"2023_12_20_0028","2023_12_20_0028_ev01107_rec3","no",66212
1108,3,99.2322,107.006535153977,120.06680082885,13.0602656748732,0.399999999999068,3.74999999999659,6.55000000000427,110.209201053764,7.15833999016818,4.42032055956113,132.854080684757,99.2322,99.23175,484644,"2023_12_20_0028","2023_12_20_0028_ev01108_rec3","no",66213
1109,3,99.3205,108.702975519973,118.243730378554,9.54075485858098,0.599999999991496,0.450000000000728,0,105.26587066881,5.54014074368514,5.94796028112098,-67.8719551539706,99.3205,99.31985,486410,"2023_12_20_0028","2023_12_20_0028_ev01109_rec3","no",66214
1110,3,99.70035,104.402409256319,112.614526033381,8.21211677706174,0.10000000000332,0.249999999994088,0.500000000002387,101.159713538833,6.67761147712103,8.36622090038715,-40.6039042565926,99.70015,99.70005,494007,"2023_12_20_0028","2023_12_20_0028_ev01110_rec3","no",66215
1111,3,99.77075,108.164012803721,120.306047000559,12.1420341968381,0.249999999994088,30.1499999999919,27.7999999999849,116031.221035911,-115925.690938368,452358.071265192,37.947527609645,99.7707,99.77045,495415,"2023_12_20_0028","2023_12_20_0028_ev01111_rec3","no",66216
