"Event.Number","Record","Event.Time..s.","Baseline..pA.","Peak..pA.","Amplitude..pA.","Rise.Time..ms.","Half.Width..ms.","Decay.Time..ms.","Decay.Fit.b0","Decay.Fit.b1","Decay.Fit.Tau..ms.","AUC..pA.ms.","rise_max_time","baseline_time","event_index","file_prefix","event_id","noise","event_entry_number"
1,0,0.26205,-39.8942323400799,-52.3117059477075,-12.4174736076276,3.34999999999996,7.05,5.75000000000003,-39.5746605898419,-12.0312510683276,6.43458847457689,-98.6488663894184,0.262,0.25855,5241,"2023_02_28_0011","2023_02_28_0011_ev00001_rec0","no",7088
2,0,0.52435,-39.1366487559844,-56.9945521324909,-17.8579033765065,0.900000000000012,6.64999999999993,7.79999999999992,-38.1150962118661,-15.3046177483909,11.1754215828562,-159.694632995232,0.52275,0.5217,10487,"2023_02_28_0011","2023_02_28_0011_ev00002_rec0","no",7089
3,0,1.20725,-42.2664695545442,-55.3581523860414,-13.0916828314972,1.80000000000002,4.39999999999996,5.05,-38.6369028601706,-16.4924020264108,7.55828812160444,-26.2815597097414,1.20695,1.20475,24145,"2023_02_28_0011","2023_02_28_0011_ev00003_rec0","no",7090
4,0,1.41835,-40.4844505118636,-75.007970744926,-34.5235202330623,2.80000000000014,9.70000000000004,8.00000000000001,-42.5037992666266,-30.1374498517803,7.74923153988516,-437.775473057749,1.4159,1.41295,28367,"2023_02_28_0011","2023_02_28_0011_ev00004_rec0","no",7091
5,0,1.91755,-46.1042003312767,-70.1661109066198,-24.0619105753431,6.59999999999994,21.45,18.2,-4.47372278771775,-65.7459845652615,69.2251642590491,-505.773785806611,1.91465,1.90735,38351,"2023_02_28_0011","2023_02_28_0011_ev00005_rec0","no",7092
6,0,1.9627,-44.4933604418034,-47.9864574705044,-3.49309702870101,0.350000000000072,0.250000000000083,0.799999999999912,-42.5134228488047,-3.73203058196041,6.15811072642655,35.3604320823411,1.9627,1.96235,39254,"2023_02_28_0011","2023_02_28_0011_ev00006_rec0","no",7093
7,0,2.3326,-48.7484289355447,-53.4552392492402,-4.70681031369553,0.14999999999965,0.150000000000095,0,-41.3847832840459,-7.35991948166268,6.37172182997916,174.141926791828,2.3325,2.3321,46652,"2023_02_28_0011","2023_02_28_0011_ev00007_rec0","no",7094
8,0,2.44845,-40.354286173356,-61.3628202669121,-21.0085340935561,0.799999999999912,6.54999999999983,7.24999999999998,-41.1305470667924,-22.3030195850698,6.27489656563991,-189.679010470245,2.44765,2.44675,48969,"2023_02_28_0011","2023_02_28_0011_ev00008_rec0","no",7095
9,0,2.481,-41.5679718335876,-97.9062695293639,-56.3382976957763,1.39999999999985,7.44999999999996,8.19999999999999,-43.1045715591215,-59.9250248970662,7.26236430508298,-561.244661894379,2.48015,2.47865,49620,"2023_02_28_0011","2023_02_28_0011_ev00009_rec0","no",7096
10,0,2.5445,-45.9764697412293,-51.5670425566939,-5.59057281546465,0.350000000000072,3.50000000000028,2.14999999999987,-40.9059270127776,-9.59143079222214,7.29714807024225,69.835095715351,2.54385,2.54135,50890,"2023_02_28_0011","2023_02_28_0011_ev00010_rec0","no",7097
11,0,2.6501,-42.0220875157246,-51.2255881091457,-9.20350059342113,0.449999999999839,1.65000000000015,1.40000000000029,-40.5082276956753,-8.86207106262943,2.40131903385657,19.7584142888072,2.64995,2.6493,53002,"2023_02_28_0011","2023_02_28_0011_ev00011_rec0","no",7098
12,0,2.90635,-39.3596467270175,-46.9919687254081,-7.63232199839056,0.399999999999956,30.1999999999998,29.9999999999998,-4659.06229379056,4618.1369101455,289241.597886984,-56.0729720084197,2.90625,2.90585,58127,"2023_02_28_0011","2023_02_28_0011_ev00012_rec0","no",7099
13,0,2.95715,-41.4855566435956,-145.415609384896,-103.930052741301,2.40000000000018,5.80000000000025,5.69999999999959,-47.4859808972622,-94.2217156053452,5.35904363931718,-884.676941963406,2.9566,2.95385,59143,"2023_02_28_0011","2023_02_28_0011_ev00013_rec0","no",7100
14,0,3.0064,-44.5621253107389,-49.3200380149439,-4.757912704205,0.199999999999978,0.199999999999978,0.199999999999978,-42.0911050573664,-4.58332750493776,2.25317460268193,63.0837812121505,3.00635,3.0061,60128,"2023_02_28_0011","2023_02_28_0011_ev00014_rec0","no",7101
15,0,3.04755,-43.7110000046597,-48.2252268578829,-4.51422685322323,0.0499999999998835,0.249999999999861,0,-42.6589187963299,-2.34124179562686,2.37565134983624,25.581475648287,3.04755,3.04715,60951,"2023_02_28_0011","2023_02_28_0011_ev00015_rec0","no",7102
16,0,3.1273,-43.7595528580077,-46.6897590091737,-2.93020615116597,0.14999999999965,0.0999999999997669,0,-41.6723153998677,-2.08653671707631,2.40690389978968,57.2373345773856,3.1273,3.1271,62546,"2023_02_28_0011","2023_02_28_0011_ev00016_rec0","no",7103
17,0,3.16225,-42.9453196426224,-56.5907769211481,-13.6454572785256,2.39999999999974,2.95000000000023,2.80000000000014,-42.0313206036522,-9.68582948661338,5.77303255043734,-58.6731463906084,3.161,3.1585,63245,"2023_02_28_0011","2023_02_28_0011_ev00017_rec0","no",7104
18,0,3.4428,-40.7578945569094,-46.6401639679448,-5.88226941103544,0.350000000000072,1.34999999999996,2.00000000000022,-41.1145596501079,-3.93608727586749,2.58781357540903,-22.1617584457745,3.4428,3.44245,68856,"2023_02_28_0011","2023_02_28_0011_ev00018_rec0","no",7105
19,0,3.5741,-41.6942357401854,-121.138058838562,-79.4438230983766,1.85000000000013,6.49999999999995,7.09999999999988,-43.8623148821664,-83.756855270541,6.30994498122092,-706.788428212566,3.5736,3.57155,71482,"2023_02_28_0011","2023_02_28_0011_ev00019_rec0","no",7106
20,0,3.64955,-45.0055861601053,-84.6938353450341,-39.6882491849288,2.10000000000043,8.04999999999989,7.24999999999998,-39.8942534242101,-47.861212842388,8.21823467602812,-327.941232519926,3.6481,3.64595,72991,"2023_02_28_0011","2023_02_28_0011_ev00020_rec0","no",7107
21,0,5.06955,-39.5596429392621,-67.5013450788372,-27.9417021395751,1.59999999999982,31.9500000000001,0,-55125.437504679,55075.4753455874,474020.401827603,-428.019888987675,5.06835,5.06595,101391,"2023_02_28_0011","2023_02_28_0011_ev00021_rec0","no",7108
22,0,5.0957,-45.0700612895246,-79.5069001779096,-34.436838888385,1.19999999999987,4.50000000000017,5.19999999999943,-42.7160702971857,-36.0864502949881,5.9734423304042,-172.285953374022,5.09565,5.09435,101914,"2023_02_28_0011","2023_02_28_0011_ev00022_rec0","no",7109
23,0,5.59425,-43.0825804452322,-54.2222160084166,-11.1396355631844,2.14999999999943,4.50000000000017,5.5499999999995,-41.863765860505,-10.1650635998944,8.62936091196614,-63.290960210155,5.5941,5.5916,111885,"2023_02_28_0011","2023_02_28_0011_ev00023_rec0","no",7110
24,0,6.01815,-49.189743198595,-81.2756919306844,-32.0859487320893,2.95000000000023,4.59999999999994,4.34999999999963,-44.4643754052712,-34.2232442946362,6.01182539174861,-124.699948514435,6.0176,6.01345,120363,"2023_02_28_0011","2023_02_28_0011_ev00024_rec0","no",7111
25,0,6.36945,-42.823287977542,-47.5730133972849,-4.74972541974294,0.499999999999723,3.05,4.55000000000005,-38.9093828961862,-7.68475271331291,14.938294391092,14.4219292466751,6.36885,6.3682,127389,"2023_02_28_0011","2023_02_28_0011_ev00025_rec0","no",7112
26,0,6.6464,-39.9058555952266,-78.9402661790647,-39.034410583838,5.95000000000034,12.6999999999997,9.10000000000011,-41.7378301409819,-39.9321725859977,7.89421613840844,-573.232261111847,6.645,6.6387,132928,"2023_02_28_0011","2023_02_28_0011_ev00026_rec0","no",7113
27,0,6.69305,-43.5372368947257,-51.0241886256897,-7.48695173096402,0.200000000000422,0.0999999999997669,0,-40.9612881558373,-2.78965081228847,4.29893227494856,64.9546306895175,6.69305,6.69285,133861,"2023_02_28_0011","2023_02_28_0011_ev00027_rec0","no",7114
28,0,7.21955,-37.4098668247783,-53.0364287197012,-15.6265618949229,1.34999999999952,7.04999999999956,8.90000000000057,-38.0158630958377,-12.8527993775018,9.78773142416664,-153.488781304393,7.2192,7.2178,144391,"2023_02_28_0011","2023_02_28_0011_ev00028_rec0","no",7115
29,0,7.56925,-41.5327084234927,-74.6079355751343,-33.0752271516417,1.14999999999998,5.09999999999966,4.85000000000024,-41.0029617598675,-34.1563523124776,4.91745894817023,-196.462619688142,7.56845,7.5673,151385,"2023_02_28_0011","2023_02_28_0011_ev00029_rec0","no",7116
30,0,8.6075,-40.3389991399012,-55.5721511867189,-15.2331520468177,5.64999999999927,10.4500000000005,9.90000000000002,-41.6415778956195,-9.64304181565714,12.3575112783304,-208.189606252179,8.60645,8.6001,172150,"2023_02_28_0011","2023_02_28_0011_ev00030_rec0","no",7117
31,0,8.639,-44.5820999112837,-49.092107728416,-4.51000781713231,0.14999999999965,0.14999999999965,0,-40.9034681273715,-4.39921981032157,3.6528621211724,93.6215483826541,8.63895,8.63875,172780,"2023_02_28_0011","2023_02_28_0011_ev00031_rec0","no",7118
32,0,8.907,-40.2699037925899,-49.4904200266399,-9.22051623405003,1.99999999999889,3.80000000000003,4.09999999999933,-40.5671479418297,-7.2460895655277,4.87618690229486,-55.5971055068024,8.9069,8.9049,178140,"2023_02_28_0011","2023_02_28_0011_ev00032_rec0","no",7119
33,0,9.18845,-41.5150556430836,-56.5074218449754,-14.9923662018917,2.7500000000007,3.59999999999872,3.39999999999918,-40.9900238143888,-11.3259668175698,5.45212033970197,-73.1625452693775,9.1879,9.185,183769,"2023_02_28_0011","2023_02_28_0011_ev00033_rec0","no",7120
34,0,9.6451,-39.7465957454603,-44.9081018736221,-5.16150612816178,0.600000000000378,4.59999999999994,5.69999999999915,-39.920899057091,-5.19771196182637,5.21003512661897,-43.5363978641857,9.6433,9.6427,192902,"2023_02_28_0011","2023_02_28_0011_ev00034_rec0","no",7121
35,0,9.8559,-49.159501382616,-54.4238159464295,-5.26431456381352,0.450000000000728,1.79999999999936,0.250000000001194,-44.235405487028,-7.24875188749845,5.05639836998957,104.230662615858,9.85535,9.84885,197118,"2023_02_28_0011","2023_02_28_0011_ev00035_rec0","no",7122
36,0,9.8884,-47.6829272212974,-53.7862015148128,-6.10327429351536,0.199999999999534,0.14999999999965,0,-34.5830194012759,-13.547640269939,45.7021426553881,94.267893227858,9.8884,9.88815,197768,"2023_02_28_0011","2023_02_28_0011_ev00036_rec0","no",7123
37,0,10.2575,-42.5211555844262,-44.5556602478027,-2.03450466337658,0.0999999999997669,0.350000000000961,0.400000000000844,-40.6831182203599,-2.99962989075816,2.73418306147924,46.4121286483038,10.2574,10.2573,205150,"2023_02_28_0011","2023_02_28_0011_ev00037_rec0","no",7124
38,0,10.3939,-41.5039035252162,-46.9970664978027,-5.4931629725865,0.0999999999997669,0.550000000000495,1.30000000000052,-40.9690532840747,-3.53069363208412,4.03679559483339,0.610349941253634,10.3937,10.3936,207878,"2023_02_28_0011","2023_02_28_0011_ev00038_rec0","no",7125
39,0,10.49435,-40.1378795078823,-53.7109336853027,-13.5730541774205,2.05000000000055,6.94999999999979,6.34999999999941,-42.0504488607388,-12.281605353892,4.63572806766667,-138.129772990091,10.4933,10.4912,209887,"2023_02_28_0011","2023_02_28_0011_ev00039_rec0","no",7126
40,0,10.6565,-43.2477642240978,-46.3867149353027,-3.13895071120489,0.14999999999965,1.04999999999933,1.59999999999982,-40.0937691667552,-5.27159715116189,8.01099041524487,53.3577751386733,10.6565,10.65635,213130,"2023_02_28_0011","2023_02_28_0011_ev00040_rec0","no",7127
41,0,10.7239,-41.184195745559,-79.345703125,-38.161507379441,3.29999999999941,7.04999999999956,7.4500000000004,-40.6920466964362,-35.8744240400521,8.28160906825937,-347.254419644674,10.72365,10.7201,214478,"2023_02_28_0011","2023_02_28_0011_ev00041_rec0","no",7128
42,0,10.81305,-39.9634931655157,-46.3867149353027,-6.42322176978702,0.299999999999301,0.450000000000728,1.35000000000041,-40.2941615212838,-3.19924483759949,3.01052726592721,-20.6349606196087,10.81305,10.81275,216261,"2023_02_28_0011","2023_02_28_0011_ev00042_rec0","no",7129
43,0,10.93305,-41.7073542277018,-45.1660118103027,-3.45865758260091,0.249999999999417,1.35000000000041,1.74999999999947,-40.4503617606103,-3.87475967015814,4.12371117520896,20.5230690956115,10.93295,10.93265,218661,"2023_02_28_0011","2023_02_28_0011_ev00043_rec0","no",7130
44,0,10.9764,-43.3349576677595,-50.6591758728027,-7.32421820504324,0.500000000000611,3.84999999999991,2.60000000000105,-40.5527203684421,-8.87446199711238,5.4531609983127,25.8178597722736,10.975,10.97395,219528,"2023_02_28_0011","2023_02_28_0011_ev00044_rec0","no",7131
45,0,11.03415,-42.0851901826404,-46.3867149353027,-4.3015247526623,0.199999999999534,0.0999999999997669,0,-40.0051484295702,-3.29141863222555,2.71743888883726,53.0002789633615,11.03415,11.0339,220683,"2023_02_28_0011","2023_02_28_0011_ev00045_rec0","no",7132
46,0,11.20995,-45.7763633728027,-77.5146484375,-31.7382850646973,0.999999999999446,2.85000000000046,3.00000000000011,-49.5177524901217,-27.1810831719582,2.46511635287446,-204.803479766846,11.2096,11.2086,224199,"2023_02_28_0011","2023_02_28_0011_ev00046_rec0","no",7133
47,0,11.3782,-43.7709225245884,-61.6455039978027,-17.8745814732143,1.04999999999933,4.19999999999909,4.59999999999994,-43.8425923177105,-14.257104926924,5.90688274515103,-108.723236301967,11.37715,11.37595,227564,"2023_02_28_0011","2023_02_28_0011_ev00047_rec0","no",7134
48,0,11.41175,-48.1015121823265,-51.8798789978027,-3.77836681547619,0.549999999998718,1.34999999999863,1.09999999999921,-42.0238540171856,-8.3851920720773,9.71579905982712,103.886911900838,11.41155,11.4104,228235,"2023_02_28_0011","2023_02_28_0011_ev00048_rec0","no",7135
49,0,11.43535,-43.974373227074,-48.8281211853027,-4.8537479582287,0.350000000000961,0.250000000001194,0.0999999999997669,-41.3744246725194,-9.18798135268708,0.131168898477248,75.9851068996248,11.43535,11.435,228707,"2023_02_28_0011","2023_02_28_0011_ev00049_rec0","no",7136
50,0,11.50385,-41.6492251441592,-94.6044845581055,-52.9552594139462,7.24999999999909,7.7000000000016,5.90000000000046,-46.0811780756863,-45.8233019371187,5.34138639372459,-636.079316062019,11.5029,11.4953,230077,"2023_02_28_0011","2023_02_28_0011_ev00050_rec0","no",7137
51,0,11.5362,-46.2995218549456,-48.8281211853027,-2.52859933035715,0.350000000000961,0.350000000000961,0.249999999999417,-43.0104659972753,-4.57858344716657,3.2447020552656,83.2170650209698,11.5362,11.53585,230724,"2023_02_28_0011","2023_02_28_0011_ev00051_rec0","no",7138
52,0,11.66125,-41.4748393467494,-53.1005821228027,-11.6257427760533,1.25000000000064,1.80000000000113,3.94999999999968,-43.1495991363659,-5.33710320415882,5.55507336182408,-86.417756666456,11.66125,11.66,233225,"2023_02_28_0011","2023_02_28_0011_ev00052_rec0","no",7139
53,0,11.75695,-41.5039037068685,-56.1523399353027,-14.6484362284342,1.19999999999898,5.64999999999927,5.94999999999857,-42.0614699862728,-10.568608086312,7.64146600750935,-122.253386211395,11.75525,11.754,235139,"2023_02_28_0011","2023_02_28_0011_ev00053_rec0","no",7140
54,0,11.99785,-42.3758341471354,-45.1660118103027,-2.79017766316732,0.199999999999534,0.600000000000378,0.549999999998718,-41.1044485999704,-4.57023837765818,0.804980784910064,33.7219171841939,11.99775,11.99755,239957,"2023_02_28_0011","2023_02_28_0011_ev00054_rec0","no",7141
55,0,12.3688,-41.7945469447545,-70.1904296875,-28.3958827427455,5.74999999999903,20.4999999999984,18.1500000000003,-37.47126087462,-33.030735872764,22.680977341073,-589.334397547586,12.3642,12.3577,247376,"2023_02_28_0011","2023_02_28_0011_ev00055_rec0","no",7142
56,0,12.41705,-42.1723839896066,-45.1660118103027,-2.99362782069615,0.299999999999301,0.250000000001194,0,-39.8598226367082,-2.97570822840532,2.52746014165911,60.9973566872734,12.417,12.4167,248341,"2023_02_28_0011","2023_02_28_0011_ev00056_rec0","no",7143
57,0,12.64995,-41.4457749866304,-46.9970664978027,-5.55129151117234,0.299999999999301,0.249999999999417,0.899999999999679,-40.7228632750721,-3.27801500408563,5.47246063995361,3.08954437346693,12.64995,12.6496,252999,"2023_02_28_0011","2023_02_28_0011_ev00057_rec0","no",7144
58,0,12.6916,-44.1778237479074,-48.8281211853027,-4.65029743739537,0.600000000000378,0.14999999999965,0,-41.5487658709442,-3.90785219401053,6.14236806269914,55.1372570310321,12.6916,12.6907,253832,"2023_02_28_0011","2023_02_28_0011_ev00058_rec0","no",7145
59,0,12.85,-40.573844183059,-46.9970664978027,-6.42322231474377,0.700000000000145,2.34999999999985,3.00000000000011,-41.3936291657379,-4.02709491661288,3.1318592446572,-40.9858228093102,12.84965,12.84895,257000,"2023_02_28_0011","2023_02_28_0011_ev00059_rec0","no",7146
60,0,13.01365,-44.0034375871931,-47.6074180603027,-3.60398047310965,0.14999999999965,0.399999999999068,0.500000000000611,-41.1621387674422,-4.82836962166831,3.3728303885945,67.9706132207599,13.01345,13.0133,260273,"2023_02_28_0011","2023_02_28_0011_ev00060_rec0","no",7147
61,0,13.37005,-42.7536704653785,-50.6591758728027,-7.9055054074242,0.199999999999534,0.14999999999965,0,-40.9448235078171,-4.41407941984587,2.75783414601841,41.4348585991632,13.37005,13.36985,267401,"2023_02_28_0011","2023_02_28_0011_ev00061_rec0","no",7148
62,0,13.4131,-42.3758336021787,-47.6074180603027,-5.23158445812407,0.199999999999534,0.249999999999417,0.20000000000131,-40.7095796673026,-4.00703481787432,1.93336921783606,41.0918901761373,13.413,13.4128,268262,"2023_02_28_0011","2023_02_28_0011_ev00062_rec0","no",7149
63,0,13.60855,-39.6147212073916,-42.7246055603027,-3.10988435291109,0.350000000000961,2.05000000000055,2.64999999999915,-39.3642805354734,-2.88609473763392,3.68519637316746,-4.28044856843499,13.60855,13.6082,272171,"2023_02_28_0011","2023_02_28_0011_ev00063_rec0","no",7150
64,0,13.71465,-44.0325017656599,-47.6074180603027,-3.57491629464285,0.100000000001543,0.199999999999534,0,9841.6731923401,-9884.0261514693,84668.0024871029,102.624028260367,13.7144,13.71425,274293,"2023_02_28_0011","2023_02_28_0011_ev00064_rec0","no",7151
65,0,13.8082,-40.9226165044875,-43.9453086853027,-3.0226921808152,0.0999999999997669,0.14999999999965,0.599999999998602,-39.3153547077,-3.14301442814358,4.17315695313638,34.8859293256487,13.8082,13.8081,276164,"2023_02_28_0011","2023_02_28_0011_ev00065_rec0","no",7152
66,0,13.8912,-42.724605741955,-46.9970664978027,-4.27246075584775,0.349999999999184,0.950000000001339,1.34999999999863,-41.088634964824,-4.56102169308791,3.84324158524773,31.0821273758299,13.8911,13.89075,277824,"2023_02_28_0011","2023_02_28_0011_ev00066_rec0","no",7153
67,0,14.2423,-45.3985266912551,-53.7109336853027,-8.31240699404762,1.29999999999875,7.20000000000098,5.75000000000081,-30.6917759486447,-19.8906638319911,51.1720938641914,-22.0002744493031,14.2394,14.23735,284846,"2023_02_28_0011","2023_02_28_0011_ev00067_rec0","no",7154
68,0,14.5096,-44.2359524681455,-49.4384727478027,-5.20252027965727,0.199999999999534,0.14999999999965,0,-42.1996394780518,-3.40087530312349,3.99696416244909,47.2506421452477,14.5096,14.50925,290192,"2023_02_28_0011","2023_02_28_0011_ev00068_rec0","no",7155
69,0,14.607,-41.7654822213309,-47.6074180603027,-5.84193583897182,0.150000000001427,0.0499999999998835,0.0499999999998835,-41.124648499508,-2.84277234134029,4.06159578227811,7.45280986513404,14.607,14.60685,292140,"2023_02_28_0011","2023_02_28_0011_ev00069_rec0","no",7156
70,0,14.66885,-41.2423241024926,-68.9697265625,-27.7274024600074,1.20000000000076,4.6999999999997,4.89999999999924,-43.0517265418923,-24.7739727780748,4.54493284445805,-203.680839207059,14.668,14.6666,293377,"2023_02_28_0011","2023_02_28_0011_ev00070_rec0","no",7157
71,0,14.87075,-42.5502199445452,-47.6074180603027,-5.05719811575754,0.400000000000844,0.20000000000131,0,-41.3431877604385,-3.07229111038153,1.32827042206165,31.3546155384608,14.87075,14.87035,297415,"2023_02_28_0011","2023_02_28_0011_ev00071_rec0","no",7158
72,0,14.9907,-42.6083486647833,-49.4384727478027,-6.83012408301944,0.350000000000961,1.20000000000076,0.400000000000844,-40.8535597634181,-4.89259710174465,3.14533708638416,32.8562944415343,14.98965,14.9893,299814,"2023_02_28_0011","2023_02_28_0011_ev00072_rec0","no",7159
73,0,15.3459,-43.5298530564177,-58.5592685369704,-15.0294154805527,2.25000000000009,6.29999999999953,6.00000000000023,-41.6385340678791,-13.4064517931254,10.2076040337748,-104.542510684677,15.3448,15.34245,306918,"2023_02_28_0011","2023_02_28_0011_ev00073_rec0","no",7160
74,0,15.5247,-45.1019762872643,-49.8809326573802,-4.77895637011591,2.34999999999985,3.80000000000003,3.84999999999991,-44.9764506593893,-3.6494595136961,5.83232622794015,-32.2993388177424,15.524,15.5205,310494,"2023_02_28_0011","2023_02_28_0011_ev00074_rec0","no",7161
75,0,15.55515,-43.6769480839123,-54.0460309329249,-10.3690828490126,1.50000000000006,5.5499999999995,5.09999999999877,-42.3174982670067,-9.73764978146016,8.12411531364924,-55.932306723989,15.5541,15.55225,311103,"2023_02_28_0011","2023_02_28_0011_ev00075_rec0","no",7162
76,0,15.6089,-40.7965903090177,-45.6827144740947,-4.88612416507701,0.199999999999534,0.399999999999068,1.25000000000064,-40.0683576761801,-3.26597410639873,5.02984164647919,4.15144913238138,15.60885,15.60865,312178,"2023_02_28_0011","2023_02_28_0011_ev00076_rec0","no",7163
77,0,15.9683,-43.1769385641492,-57.3869768306588,-14.2100382665096,1.10000000000099,2.29999999999997,3.59999999999872,-41.3328972930522,-12.2006476435608,6.64381366449022,-32.7388518173109,15.96825,15.96705,319366,"2023_02_28_0011","2023_02_28_0011_ev00077_rec0","no",7164
78,0,16.417,-42.4807577364498,-57.7626521000242,-15.2818943635744,3.94999999999968,14.1500000000008,15.5999999999992,-40.418469013617,-16.9413979759944,19.8340593014012,-259.704544370703,16.4156,16.41075,328340,"2023_02_28_0011","2023_02_28_0011_ev00078_rec0","no",7165
79,0,16.88945,-48.0982270344151,-53.7874852966376,-5.68925826222249,2.74999999999892,10.4500000000023,7.64999999999816,-40.9827812686671,-14.2234922083932,17.675286090759,-14.7672461292528,16.88915,16.88435,337789,"2023_02_28_0011","2023_02_28_0011_ev00079_rec0","no",7166
80,0,16.98165,-42.813726588932,-55.2044046365469,-12.3906780476149,1.95000000000078,5.70000000000093,4.89999999999924,-44.2546400339313,-9.85191576698716,4.26847195356633,-114.872010274478,16.98035,16.9782,339633,"2023_02_28_0011","2023_02_28_0011_ev00080_rec0","no",7167
81,0,17.7116,-46.7534170399257,-53.3757378183878,-6.62232077846207,0.849999999999795,1.1999999999972,2.00000000000244,-43.3502804248601,-7.42333734482866,8.47813606657271,38.2391716132974,17.7115,17.7102,354232,"2023_02_28_0011","2023_02_28_0011_ev00081_rec0","no",7168
82,0,17.74625,-47.3974553778192,-50.1692567864267,-2.77180140860744,0.949999999999562,10.9500000000011,9.85000000000014,-52774.3361330336,52737.6908783634,44043.4066429029,-217.914554040151,17.74605,17.745,354925,"2023_02_28_0011","2023_02_28_0011_ev00082_rec0","no",7169
83,0,17.76845,-41.2695700559238,-100.605207849619,-59.3356377936949,1.34999999999863,5.5499999999995,6.09999999999999,-45.7351473202408,-54.270044546808,5.40137518499598,-508.471493011602,17.7677,17.76625,355369,"2023_02_28_0011","2023_02_28_0011_ev00083_rec0","no",7170
84,0,17.8041,-45.8432868125352,-50.6580578031649,-4.81477099062965,0.199999999999534,0.0499999999981071,0,-43.7489848503587,-3.90116966712692,2.13375286703508,53.887747371217,17.8041,17.80385,356082,"2023_02_28_0011","2023_02_28_0011_ev00084_rec0","no",7171
85,0,17.8716,-42.9566264581995,-53.9533953608194,-10.9967689026199,0.849999999999795,5.2500000000002,9.39999999999941,-46.304049670057,-8.35612135389646,3.83570437726378,-139.880402411592,17.87135,17.87035,357432,"2023_02_28_0011","2023_02_28_0011_ev00085_rec0","no",7172
86,0,17.8998,-43.5667102589755,-58.2744528183581,-14.7077425593827,1.84999999999746,5.19999999999854,5.64999999999927,-48.4454933767805,-8.94356926006295,2.04938085159395,-194.58750964502,17.89845,17.8963,357996,"2023_02_28_0011","2023_02_28_0011_ev00086_rec0","no",7173
87,0,17.9115,-45.7337202084587,-53.353213008164,-7.61949279970531,0.600000000002154,4.50000000000017,5.99999999999667,-48.0659571151814,-6.60025112237536,2.30094692125702,-93.5242696134633,17.91075,17.91005,358230,"2023_02_28_0011","2023_02_28_0011_ev00087_rec0","no",7174
88,0,18.1497,-44.0930537893776,-60.0533668043846,-15.960313015007,1.20000000000076,6.00000000000023,7.99999999999912,-41.9966119289737,-15.4632717329783,12.1631519835585,-122.326758951908,18.1496,18.1482,362994,"2023_02_28_0011","2023_02_28_0011_ev00088_rec0","no",7175
89,0,18.1909,-43.7511997458463,-49.3753639564353,-5.62416421058897,0.550000000000495,2.34999999999985,1.84999999999746,-43.5233121267724,-7.0725291853373,1.64477046992846,-9.54853913902005,18.19055,18.1897,363818,"2023_02_28_0011","2023_02_28_0011_ev00089_rec0","no",7176
90,0,18.3918,-43.7420460386142,-51.1811526590909,-7.43910662047661,0.949999999999562,4.04999999999944,6.19999999999976,-43.4342264408853,-5.6013118150383,10.2955398578081,-49.495730461953,18.39165,18.3907,367836,"2023_02_28_0011","2023_02_28_0011_ev00090_rec0","no",7177
91,0,18.74095,-44.5363809349,-53.3480593627737,-8.81167842787368,0.350000000000961,1.90000000000268,2.44999999999962,-44.804517124234,-7.26710333486691,2.77800006816089,-31.1783910110606,18.74075,18.7404,374819,"2023_02_28_0011","2023_02_28_0011_ev00091_rec0","no",7178
92,0,18.7643,-45.2010397260241,-53.2715808817511,-8.07054115572697,0.149999999997874,1.25000000000242,1.50000000000006,-43.8846185912421,-8.18911090726697,2.34584588306655,18.5979289831266,18.76415,18.764,375286,"2023_02_28_0011","2023_02_28_0011_ev00092_rec0","no",7179
93,0,18.8114,-44.8494287455428,-59.6068287581136,-14.7574000125708,0.849999999999795,4.89999999999924,5.05000000000067,-44.2699455659029,-11.6295287787304,7.67906727634179,-95.4175156746375,18.80985,18.8087,376228,"2023_02_28_0011","2023_02_28_0011_ev00093_rec0","no",7180
94,0,18.87355,-45.4409427917158,-82.0273335502111,-36.5863907584953,2.80000000000058,8.59999999999772,7.95000000000101,-45.9254968618692,-38.1508995372826,7.42632551312845,-390.068338210057,18.8728,18.8698,377471,"2023_02_28_0011","2023_02_28_0011_ev00094_rec0","no",7181
95,0,19.1219,-43.7608307644909,-56.4291234514888,-12.6682926869979,0.350000000000961,4.15000000000276,6.65000000000049,-43.358756153948,-9.85176135935936,10.0958731170264,-92.607301968854,19.12175,19.1201,382438,"2023_02_28_0011","2023_02_28_0011_ev00095_rec0","no",7182
96,0,19.16835,-44.8559837356605,-50.6027366876703,-5.74675295200981,0.0999999999997669,0.0499999999981071,0,-43.5181759606564,-3.28657703439666,4.59941813918721,24.0059808141361,19.16815,19.16805,383367,"2023_02_28_0011","2023_02_28_0011_ev00096_rec0","no",7183
97,0,19.65055,-43.5819430311845,-48.9993729007923,-5.41742986960787,0.300000000002854,30.3999999999967,29.9999999999976,-22417.7175320149,22374.7680622897,613544.056536512,0.640606189228976,19.65035,19.64995,393011,"2023_02_28_0011","2023_02_28_0011_ev00097_rec0","no",7184
98,0,19.68435,-49.2665013649825,-53.5935429737387,-4.32704160875625,4.04999999999944,1.45000000000195,0,-44.166446076532,-5.67109656749484,13.9360135730038,80.6939051903277,19.6835,19.67945,393687,"2023_02_28_0011","2023_02_28_0011_ev00098_rec0","no",7185
99,0,19.9643,-45.3853685234999,-52.8757385902001,-7.49037006670025,0.250000000001194,0.0499999999981071,0,-42.9150978050342,-3.49291129873496,9.88257066115084,40.3872578937631,19.9643,19.96395,399286,"2023_02_28_0011","2023_02_28_0011_ev00099_rec0","no",7186
100,0,20.0082,-41.8969866231477,-51.8903922298058,-9.99340560665804,1.30000000000052,7.20000000000098,7.85000000000124,-41.4692391214474,-8.62176877066917,10.619901409273,-96.0171986036522,20.00705,20.00475,400164,"2023_02_28_0011","2023_02_28_0011_ev00100_rec0","no",7187
101,0,20.04085,-42.4154206470547,-71.4035793480037,-28.988158700949,0.700000000001921,3.10000000000343,4.14999999999921,-43.81647919872,-23.1680382857835,4.53607263901699,-162.37564608653,20.04065,20.03995,400817,"2023_02_28_0011","2023_02_28_0011_ev00101_rec0","no",7188
102,0,20.225,-48.0620122341804,-55.4150840288378,-7.35307179465742,0.199999999999534,30.0499999999992,30.0000000000011,-27836.9623386521,27791.9946335801,184664.281692233,24.5100018379144,20.225,20.22465,404500,"2023_02_28_0011","2023_02_28_0011_ev00102_rec0","no",7189
103,0,20.25045,-45.7086298586603,-59.6418674665339,-13.9332376078736,0.250000000001194,2.90000000000035,2.60000000000105,-42.2534074032545,-13.0659918638753,6.21438813242146,4.28192147292928,20.249,20.24865,405009,"2023_02_28_0011","2023_02_28_0011_ev00103_rec0","no",7190
104,0,20.68725,-40.5463063669254,-60.7399272659406,-20.1936208990153,1.04999999999933,3.09999999999988,3.55000000000061,-41.4933293764566,-15.5902776501901,4.08336326789555,-109.288585731275,20.6871,20.686,413745,"2023_02_28_0011","2023_02_28_0011_ev00104_rec0","no",7191
105,0,20.76035,-43.1883055801408,-52.7816467191235,-9.59334113898269,0.450000000000728,0.299999999999301,1.50000000000006,-42.0850694864602,-5.76528988484785,7.05030997641289,-9.69185052308736,20.7603,20.75985,415207,"2023_02_28_0011","2023_02_28_0011_ev00105_rec0","no",7192
106,0,20.91295,-45.7476630336482,-77.7733174171995,-32.0256543835513,6.89999999999813,20.1999999999991,21.6999999999992,272.751521578924,-349.524356194987,384.774864799327,-654.649533129168,20.9126,20.90545,418259,"2023_02_28_0011","2023_02_28_0011_ev00106_rec0","no",7193
107,0,20.96885,-46.1146102648145,-59.6865665208924,-13.5719562560779,1.79999999999936,4.45000000000206,3.64999999999682,-42.7823617949911,-13.7970054678558,7.26271700147258,-15.1071839057856,20.96825,20.96645,419377,"2023_02_28_0011","2023_02_28_0011_ev00107_rec0","no",7194
108,0,21.05685,-44.0802851966268,-61.6008507233557,-17.5205655267289,1.75000000000125,5.95000000000212,7.00000000000145,-41.076947920993,-17.1696213688064,11.7802389672889,-117.268943189311,21.05665,21.05445,421137,"2023_02_28_0011","2023_02_28_0011_ev00108_rec0","no",7195
109,0,21.3199,-43.496282631637,-49.3802592286565,-5.88397659701944,2.75000000000247,8.39999999999819,8.15000000000055,-42.7075479691504,-7.36095985086038,8.97613659141513,-53.2748913194082,21.31985,21.3168,426398,"2023_02_28_0011","2023_02_28_0011_ev00109_rec0","no",7196
110,0,21.4195,-41.2036764519717,-53.2608864436399,-12.0572099916682,0.949999999999562,4.30000000000064,4.94999999999735,-41.5227872637185,-9.58115749797537,5.90173335684127,-81.2974423188832,21.41835,21.4165,428390,"2023_02_28_0011","2023_02_28_0011_ev00110_rec0","no",7197
111,0,21.5229,-44.1398506939839,-59.1265136620288,-14.986662968045,2.75000000000247,9.6000000000025,10.7000000000035,-28.2487251016968,-26.606349994017,49.5918033378014,-162.079746789278,21.52085,21.5174,430458,"2023_02_28_0011","2023_02_28_0011_ev00111_rec0","no",7198
112,0,21.70905,-43.814640122706,-72.9757857156969,-29.1611455929908,2.10000000000221,6.94999999999979,5.5499999999995,-43.5314850687681,-25.617513548225,6.62773328772683,-254.78481318782,21.70665,21.70445,434181,"2023_02_28_0011","2023_02_28_0011_ev00112_rec0","no",7199
113,0,21.86165,-42.9373142105378,-52.248761046666,-9.3114468361282,0.199999999999534,4.6999999999997,5.85000000000235,-43.2463772828035,-8.22227259814576,6.0515430708786,-65.8918276170972,21.8609,21.8607,437233,"2023_02_28_0011","2023_02_28_0011_ev00113_rec0","no",7200
114,0,21.92905,-42.2872255195878,-55.5830033762648,-13.295777856677,2.00000000000244,5.50000000000139,6.75000000000026,-46.1939994897445,-11.9399770288706,2.73484989965105,-172.948335528155,21.9286,21.92655,438581,"2023_02_28_0011","2023_02_28_0011_ev00114_rec0","no",7201
115,0,21.95865,-44.0198198994249,-51.9295854805612,-7.90976558113628,0.350000000000961,13.2000000000012,8.90000000000057,-40.5054463604409,-11.3029106327047,15.7968471673375,-96.968593975666,21.95295,21.9511,439173,"2023_02_28_0011","2023_02_28_0011_ev00115_rec0","no",7202
116,0,22.396,-45.7334719795456,-49.9075826965768,-4.1741107170312,1.04999999999933,12.2,10.8500000000014,-267670.978748749,267635.710453269,241620.047755597,-184.444901222569,22.3959,22.39455,447920,"2023_02_28_0011","2023_02_28_0011_ev00116_rec0","no",7203
117,0,22.4255,-42.9104973634126,-72.562392827613,-29.6518954642004,6.09999999999999,19.7000000000003,14.5999999999979,-38.6009596334438,-33.0077370934406,18.9818285461309,-619.135089078436,22.42,22.41305,448510,"2023_02_28_0011","2023_02_28_0011_ev00117_rec0","no",7204
118,0,22.62025,-45.0033831872058,-51.5075370446987,-6.50415385749286,0.799999999998136,2.25000000000009,2.70000000000081,-43.3306168914862,-6.16926609586276,6.50979411223407,7.55574816117402,22.6202,22.6193,452405,"2023_02_28_0011","2023_02_28_0011_ev00118_rec0","no",7205
119,0,22.72945,-43.2760044214095,-59.1027960255432,-15.8267916041337,1.69999999999959,10.7500000000016,12.2,-44.1311307402603,-15.2530666451639,10.9215973362508,-215.548554471796,22.72855,22.72675,454589,"2023_02_28_0011","2023_02_28_0011_ev00119_rec0","no",7206
120,0,22.986,-43.1750617855063,-61.0399405329599,-17.8648787474537,0.999999999997669,4.04999999999944,5.2500000000002,-41.9833444544933,-15.8042965714148,7.42346513126285,-89.9366879156015,22.9859,22.9849,459720,"2023_02_28_0011","2023_02_28_0011_ev00120_rec0","no",7207
121,0,23.4437,-45.0429132479397,-51.429449065541,-6.38653581760139,0.249999999997641,1.4499999999984,1.20000000000076,-43.0844163741337,-5.50146058773768,5.05142046174377,25.1795138043864,23.44295,23.44215,468874,"2023_02_28_0011","2023_02_28_0011_ev00121_rec0","no",7208
122,0,23.52745,-43.3334750931712,-57.3800444628998,-14.0465693697286,1.29999999999697,1.75000000000125,2.15000000000032,-42.6929708648022,-9.64490442646244,4.31820992453672,-31.5839383408522,23.5274,23.526,470549,"2023_02_28_0011","2023_02_28_0011_ev00122_rec0","no",7209
123,0,23.6353,-51.2998939116863,-55.014122765362,-3.71422885367564,0.350000000000961,0.0999999999997669,0.650000000000261,-41.4527058640719,-11.6772797771417,15.8368103401905,137.414371265723,23.635,23.6344,472706,"2023_02_28_0011","2023_02_28_0011_ev00123_rec0","no",7210
124,0,23.8633,-42.6453541996737,-65.734903649164,-23.0895494494904,0.450000000000728,9.19999999999988,11.5499999999997,-45.2284267239671,-24.9277161694455,8.08721790570213,-298.499148467011,23.8626,23.86155,477266,"2023_02_28_0011","2023_02_28_0011_ev00124_rec0","no",7211
125,0,24.09225,-56.11041896637,-58.6422846100485,-2.53186564367848,0.550000000000495,0.199999999999534,0.0500000000016598,-45.2018950250828,-11.9751117883633,3.53091557023025,285.661420432767,24.09215,24.09155,481845,"2023_02_28_0011","2023_02_28_0011_ev00125_rec0","no",7212
126,0,24.28605,-42.5077432621416,-66.0169155488024,-23.5091722866607,7.69999999999982,7.25000000000264,0,-324087.485688101,324032.961275346,510578.734147124,-798.923350785487,24.28415,24.27625,485721,"2023_02_28_0011","2023_02_28_0011_ev00126_rec0","no",7213
127,0,24.3127,-55.4000617919916,-87.3950055624482,-31.9949437704566,2.70000000000081,6.65000000000049,5.39999999999807,-44.7678703066066,-41.3392585991017,8.81778836103706,-110.019225831124,24.3122,24.3094,486254,"2023_02_28_0011","2023_02_28_0011_ev00127_rec0","no",7214
128,0,24.43735,-43.4831638717435,-82.4360491278434,-38.9528852560999,2.85000000000224,9.40000000000296,10.349999999999,-44.9450710592142,-38.2187587954577,9.58461492201501,-468.948871153464,24.43695,24.43405,488747,"2023_02_28_0011","2023_02_28_0011_ev00128_rec0","no",7215
129,0,24.58375,-41.5507157590208,-59.2079905767469,-17.657274817726,1.45000000000195,8.50000000000151,12.4500000000012,-39.3442392728331,-15.730058819479,21.1956212614731,-209.211249417726,24.58345,24.5817,491675,"2023_02_28_0011","2023_02_28_0011_ev00129_rec0","no",7216
130,0,24.6573,-45.6023932924095,-59.4884578857977,-13.8860645933881,1.25000000000242,4.4000000000004,2.19999999999843,-45.6431998779101,-9.64233028766598,3.48090328895013,-70.0413520392036,24.6543,24.65295,493146,"2023_02_28_0011","2023_02_28_0011_ev00130_rec0","no",7217
131,0,24.6878,-46.8698102123164,-59.9548771862653,-13.085066973949,1.29999999999697,3.25000000000131,3.04999999999822,-48.6870524604202,-10.5437866309517,2.46197780969778,-95.6117212305054,24.6875,24.68615,493756,"2023_02_28_0011","2023_02_28_0011_ev00131_rec0","no",7218
132,0,24.72775,-46.4739070451882,-62.9417247690401,-16.4678177238519,2.19999999999843,2.19999999999843,3.40000000000273,-43.0173921618604,-14.6563834969115,7.87909392447641,-29.265878217373,24.72765,24.7254,494555,"2023_02_28_0011","2023_02_28_0011_ev00132_rec0","no",7219
133,0,24.7895,-48.8700561973858,-90.2258058313532,-41.3557496339675,0.849999999999795,3.99999999999778,4.55000000000183,-51.0874717426031,-42.6227300991648,3.8345620836848,-263.097542263507,24.78915,24.78825,495790,"2023_02_28_0011","2023_02_28_0011_ev00133_rec0","no",7220
134,0,24.8433,-51.91931421445,-56.7248609795615,-4.80554676511147,0.0500000000016598,0.0999999999997669,0.0999999999997669,-43.6992392288391,-10.49328852565,2.40843797253509,221.213121336587,24.8433,24.8425,496866,"2023_02_28_0011","2023_02_28_0011_ev00134_rec0","no",7221
135,0,24.8611,-46.0857609304448,-51.9271169233223,-5.84135599287752,0.250000000001194,0.450000000000728,0.350000000000961,-43.3626379644677,-5.67843811313898,2.48354692348695,65.8991641463265,24.86105,24.8606,497222,"2023_02_28_0011","2023_02_28_0011_ev00135_rec0","no",7222
136,0,24.8809,-44.0973854632954,-50.9163419596075,-6.81895649631207,0.399999999999068,1.25000000000242,1.15000000000265,-43.0741378935997,-5.19388755416335,3.03100629021972,10.6766364878062,24.8808,24.8796,497618,"2023_02_28_0011","2023_02_28_0011_ev00136_rec0","no",7223
137,0,24.92,-46.0530387816307,-51.5208304880162,-5.46779170638547,0.150000000001427,22.2000000000016,19.8999999999998,-114058.482645822,114017.220920926,332688.536875623,-11.9108032316086,24.9198,24.91965,498400,"2023_02_28_0011","2023_02_28_0011_ev00137_rec0","no",7224
138,1,25.0178,-44.5104550752353,-63.9099043890589,-19.3994493138236,2.05000000000055,2.55000000000294,3.94999999999968,-44.9484301747609,-14.2044256986349,5.2879100251994,-116.949598832267,25.01705,25.0147,356,"2023_02_28_0011","2023_02_28_0011_ev00138_rec1","no",7225
139,1,25.48475,-42.7093794235608,-54.6498222118653,-11.9404427883044,2.05000000000055,3.75000000000014,6.54999999999717,-42.3680450744145,-7.18383133381904,15.9648523879748,-159.731998152857,25.4774,25.47485,9695,"2023_02_28_0011","2023_02_28_0011_ev00139_rec1","no",7226
140,1,25.5857,-41.9800725534572,-59.3162155725723,-17.3361430191152,1.1999999999972,6.54999999999717,6.09999999999999,-42.7379381070182,-16.2088191352561,5.79111459602384,-155.201299715595,25.5843,25.583,11714,"2023_02_28_0011","2023_02_28_0011_ev00140_rec1","no",7227
141,1,25.95195,-43.0077393929618,-54.3384407294171,-11.3307013364553,4.00000000000134,7.89999999999935,7.44999999999862,-43.5486542608146,-8.04974746349089,9.4547049784932,-194.420522946469,25.94435,25.93645,19039,"2023_02_28_0011","2023_02_28_0011_ev00141_rec1","no",7228
142,1,26.06885,-40.8013656917958,-68.2599178519113,-27.4585521601155,2.70000000000081,5.85000000000235,6.29999999999953,-42.0147364927133,-22.8561510328266,6.73042508662561,-238.996021285137,26.0686,26.0658,21377,"2023_02_28_0011","2023_02_28_0011_ev00142_rec1","no",7229
143,1,26.1154,-42.4807921299204,-46.965320587105,-4.48452845718458,0.150000000001427,0.449999999997175,0.799999999998136,-41.692423463829,-3.33712592271559,2.5724347379342,14.3938008866474,26.1154,26.115,22308,"2023_02_28_0011","2023_02_28_0011_ev00143_rec1","no",7230
144,1,26.16195,-42.9794585943353,-99.2814339212564,-56.3019753269211,2.25000000000009,5.94999999999857,6.00000000000023,-44.1447316596488,-54.2886712487426,5.91915125952513,-449.337399197263,26.1616,26.1591,23239,"2023_02_28_0011","2023_02_28_0011_ev00144_rec1","no",7231
145,1,26.1904,-43.8206376112956,-48.6391494080532,-4.81851179675763,0.0999999999997669,1.84999999999746,2.44999999999962,-41.1733497239311,-6.26086526516557,7.14351541774914,33.8221285113457,26.19015,26.19005,23808,"2023_02_28_0011","2023_02_28_0011_ev00145_rec1","no",7232
146,1,26.2341,-42.20463479463,-44.8168018334933,-2.61216703886335,0.299999999999301,30.1000000000009,29.9999999999976,-5827.4404254721,5786.55378670191,115909.599678771,16.1352970484879,26.23375,26.23345,24682,"2023_02_28_0011","2023_02_28_0011_ev00146_rec1","no",7233
147,1,26.3292,-41.6362135681467,-51.2033463497086,-9.56713278156186,0.249999999997641,0.199999999999534,1.89999999999912,-43.9985129398785,-1.88609775367331,4.06411750350751,-80.2791944755868,26.32915,26.3289,26584,"2023_02_28_0011","2023_02_28_0011_ev00147_rec1","no",7234
148,1,26.3554,-44.6626656397558,-50.4855191177713,-5.82285347801558,0.849999999999795,1.69999999999959,0,11598.8835839787,-11643.3235946378,186399.276579987,30.0793611325971,26.35425,26.35315,27108,"2023_02_28_0011","2023_02_28_0011_ev00148_rec1","no",7235
149,1,26.37545,-45.3314547315386,-48.6325279892453,-3.30107325770675,1.25000000000242,1.99999999999889,0.0499999999981071,-42.6188304043005,-4.03181057803555,1.72952732608985,72.5583882837215,26.3746,26.37315,27509,"2023_02_28_0011","2023_02_28_0011_ev00149_rec1","no",7236
150,1,26.4225,-44.9194832763779,-131.699833694631,-86.7803504182532,4.04999999999944,11.6499999999995,11.3500000000002,-39.9647236117422,-101.88186170364,11.233592456151,-1208.44513465702,26.42135,26.41675,28450,"2023_02_28_0011","2023_02_28_0011_ev00150_rec1","no",7237
151,1,26.5166,-42.9217674332244,-49.5231698167069,-6.60140238348256,0.250000000001194,0.150000000001427,0,1793.99947895387,-1836.32541752184,165656.308572696,22.356658362895,26.5166,26.51635,30332,"2023_02_28_0011","2023_02_28_0011_ev00151_rec1","no",7238
152,1,26.6322,-42.3273390980397,-66.8897346624951,-24.5623955644554,0.599999999998602,2.20000000000198,2.69999999999726,-44.8455452616562,-18.9477580023968,2.55035287030031,-134.979088473535,26.63215,26.6315,32644,"2023_02_28_0011","2023_02_28_0011_ev00152_rec1","no",7239
153,1,27.00955,-46.5466228273521,-50.5706994371365,-4.02407660978438,0.399999999999068,22.2000000000016,18.2499999999983,-46500.2263191316,46454.62796424,347675.731678739,-32.5561480172007,27.00955,27.009,40191,"2023_02_28_0011","2023_02_28_0011_ev00153_rec1","no",7240
154,1,27.03465,-49.2360622902561,-58.4279236848838,-9.19186139462764,0.550000000000495,1.89999999999912,2.30000000000175,-44.8540282975083,-11.1882744702988,6.30260839236937,56.6356208556844,27.0344,27.03355,40693,"2023_02_28_0011","2023_02_28_0011_ev00154_rec1","no",7241
155,1,27.43005,-47.6298640351205,-51.9716172172606,-4.34175318214009,1.1499999999991,1.75000000000125,1.79999999999936,-40.0302828468369,-9.94221098504868,23.5862653958522,55.8585126948235,27.42885,27.42735,48601,"2023_02_28_0011","2023_02_28_0011_ev00155_rec1","no",7242
156,1,27.9981,-42.2689984585727,-79.2040359212592,-36.9350374626864,12.5500000000009,23.7499999999997,20.8499999999994,-5.22993012295024,-73.0867066144265,57.009091584163,-905.508642775158,27.9978,27.98435,59962,"2023_02_28_0011","2023_02_28_0011_ev00156_rec1","no",7243
157,1,28.07685,-45.2855560003936,-58.9999832964035,-13.7144272960099,1.59999999999982,4.99999999999901,4.6999999999997,-41.1291248855656,-16.6690986233387,7.96697869185511,-20.1560557351979,28.07665,28.07505,61537,"2023_02_28_0011","2023_02_28_0011_ev00157_rec1","no",7244
158,1,28.45145,-41.6127536716345,-58.369561556905,-16.7568078852705,2.34999999999985,14.249999999997,15.9500000000001,-40.1211806735757,-15.5523938679292,22.6670454625289,-275.778054634857,28.44895,28.44495,69029,"2023_02_28_0011","2023_02_28_0011_ev00158_rec1","no",7245
159,1,28.6455,-41.4275270679122,-67.0232239400399,-25.5956968721276,1.70000000000314,6.94999999999979,7.64999999999816,-42.2523119043605,-23.4791754589223,7.67883302556393,-247.57843507541,28.64465,28.6423,72910,"2023_02_28_0011","2023_02_28_0011_ev00159_rec1","no",7246
160,1,28.76355,-46.2950213153648,-57.3025918552043,-11.0075705398395,2.44999999999962,6.90000000000168,7.35000000000241,-25.7919990015147,-29.1433587109483,43.1382551340914,-29.1828096947262,28.7635,28.761,75271,"2023_02_28_0011","2023_02_28_0011_ev00160_rec1","no",7247
161,1,28.9203,-37.4450300455317,-42.0073214623113,-4.56229141677959,1.45000000000195,1.45000000000195,0,-1225.15827241241,1184.48607374582,153763.039407027,-108.52989445988,28.9201,28.91865,78406,"2023_02_28_0011","2023_02_28_0011_ev00161_rec1","no",7248
162,1,29.3332,-46.8294212068847,-49.6353540196715,-2.80593281278686,0.0500000000016598,0.10000000000332,0,-40.802719487693,-7.06862544809642,4.04360939797108,152.075671326355,29.3332,29.33305,86664,"2023_02_28_0011","2023_02_28_0011_ev00162_rec1","no",7249
163,1,29.44345,-41.0942818373132,-105.338156546203,-64.2438747088903,2.50000000000128,7.25000000000264,6.85000000000002,-44.3195423999998,-61.63406519691,6.23687907775502,-626.680581044394,29.44285,29.44005,88869,"2023_02_28_0011","2023_02_28_0011_ev00163_rec1","no",7250
164,1,29.51205,-42.721269502523,-47.3710024701112,-4.64973296758816,0.349999999997408,0.249999999997641,0,-41.2200919361747,-2.68112676465008,1.8269963654446,38.8476385224658,29.51205,29.5117,90241,"2023_02_28_0011","2023_02_28_0011_ev00164_rec1","no",7251
165,1,29.69515,-43.6506106670687,-53.4093228173914,-9.75871215032272,1.54999999999816,3.65000000000038,2.49999999999773,-42.4322930404379,-8.62280150399975,4.27789708190806,-11.6374468956861,29.6942,29.69255,93903,"2023_02_28_0011","2023_02_28_0011_ev00165_rec1","no",7252
166,1,29.73925,-42.1620522455145,-63.8437913195928,-21.6817390740783,9.00000000000034,14.0499999999975,8.19999999999865,-41.7180012012706,-23.503214285524,8.02570433767083,-320.43026984437,29.73815,29.7291,94785,"2023_02_28_0011","2023_02_28_0011_ev00166_rec1","no",7253
167,1,29.8643,-40.1326170794595,-50.1868145046138,-10.0541974251542,1.64999999999793,3.24999999999775,7.14999999999932,-43.579606579025,-4.74639980426467,2.50774766318413,-127.388006372285,29.86385,29.8617,97286,"2023_02_28_0011","2023_02_28_0011_ev00167_rec1","no",7254
168,1,29.8868,-45.4752868767695,-49.6435228831459,-4.16823600637643,0.350000000000961,0.199999999999534,0,-41.5126800704255,-4.1504062249668,10.4521851978891,77.8923353826369,29.8868,29.8864,97736,"2023_02_28_0011","2023_02_28_0011_ev00168_rec1","no",7255
169,1,29.958,-42.1384066262078,-67.6194876945579,-25.4810810683502,2.69999999999726,6.29999999999953,6.1499999999981,-40.5656977467248,-24.6206185232369,7.61408561900133,-192.478234521547,29.9575,29.9542,99160,"2023_02_28_0011","2023_02_28_0011_ev00169_rec1","no",7256
170,1,30.0618,-46.9412938803049,-58.1206311344346,-11.1793372541297,1.7999999999958,4.45000000000206,6.34999999999764,-36.1150880356169,-19.5607704983121,23.7391436970182,-28.6022656153077,30.06105,30.0571,101236,"2023_02_28_0011","2023_02_28_0011_ev00170_rec1","no",7257
171,1,30.3648,-46.5961800352302,-57.3554095787764,-10.7592295435462,1.40000000000029,3.00000000000011,1.30000000000052,-42.6925808738248,-9.68011771645244,6.32541591342789,37.2500122596956,30.36475,30.3612,107296,"2023_02_28_0011","2023_02_28_0011_ev00171_rec1","no",7258
172,1,30.47455,-42.7139596616741,-73.1564903499951,-30.4425306883209,6.30000000000308,11.3000000000021,9.89999999999824,-52.9532288295615,-24.26344109286,3.13048026826891,-554.384923991553,30.47405,30.46605,109491,"2023_02_28_0011","2023_02_28_0011_ev00172_rec1","no",7259
173,1,30.5004,-49.3802613093488,-69.7802906962069,-20.400029386858,1.69999999999959,7.54999999999839,9.10000000000011,-35.3206493431874,-31.1696515717872,24.8686362863791,-152.134371429173,30.4999,30.4978,110008,"2023_02_28_0011","2023_02_28_0011_ev00173_rec1","no",7260
174,1,30.5931,-42.8694508927959,-53.1079921423383,-10.2385412495424,3.8000000000018,18.3,19.05,-24.4523294524433,-30.1821825415875,62.0486992323973,-198.326573912454,30.59225,30.58845,111862,"2023_02_28_0011","2023_02_28_0011_ev00174_rec1","no",7261
175,1,30.75495,-42.8831080812894,-56.906884421718,-14.0237763404286,4.24999999999898,12.3500000000014,12.1000000000002,-34.2256927957267,-17.6139925303066,50.3433910453068,-207.96857074087,30.7513,30.74705,115099,"2023_02_28_0011","2023_02_28_0011_ev00175_rec1","no",7262
176,1,30.9398,-41.834420916005,-59.1061035426797,-17.2716826266747,1.55000000000172,4.74999999999781,6.1499999999981,-43.637364237524,-13.4646104908186,5.71954884210015,-146.194434366522,30.93975,30.93805,118796,"2023_02_28_0011","2023_02_28_0011_ev00176_rec1","no",7263
177,1,30.97065,-45.0423840236757,-51.1160201882569,-6.07363616458116,0.250000000001194,0.249999999997641,0,-43.0182662196648,-2.95825111311917,4.65494053202032,45.8413369377195,30.97055,30.9703,119413,"2023_02_28_0011","2023_02_28_0011_ev00177_rec1","no",7264
178,1,31.0611,-46.042347761118,-54.4899375775885,-8.44758981647052,0.299999999999301,14.3000000000022,7.44999999999862,-68128.0716913173,68081.1999081848,221345.040840807,-183.628739334314,31.06035,31.05515,121222,"2023_02_28_0011","2023_02_28_0011_ev00178_rec1","no",7265
179,1,31.0841,-44.1032024581163,-68.5816913029526,-24.4784888448363,1.85000000000102,5.29999999999831,6.70000000000215,-42.1491807164249,-25.6692291815878,7.91423212722956,-170.705134706865,31.08395,31.082,121682,"2023_02_28_0011","2023_02_28_0011_ev00179_rec1","no",7266
180,1,31.1779,-42.2011526742306,-57.8537793357215,-15.6526266614909,3.05000000000177,10.5000000000004,7.85000000000124,-43.3321431015371,-14.6652934567167,6.83393998656101,-211.206152122004,31.1737,31.16905,123558,"2023_02_28_0011","2023_02_28_0011_ev00180_rec1","no",7267
181,1,31.21235,-42.8106103015732,-50.0361894299239,-7.22557912835066,0.199999999999534,0.150000000001427,0,-41.7739551888325,-3.28928642046223,1.80507539236866,24.4590167741083,31.21235,31.21215,124247,"2023_02_28_0011","2023_02_28_0011_ev00181_rec1","no",7268
182,1,31.2767,-44.2596361409862,-127.933762096709,-83.6741259557232,0.949999999999562,4.050000000003,4.64999999999804,-47.7054672430412,-73.4575946576893,4.7562908698588,-526.17961174673,31.2763,31.2752,125534,"2023_02_28_0011","2023_02_28_0011_ev00182_rec1","no",7269
183,1,31.32625,-43.9320442236944,-48.8887760592863,-4.9567318355919,0.0999999999997669,1.40000000000384,2.3500000000034,-43.479900816583,-3.81074916534091,4.60239544293781,-5.04790056099801,31.3261,31.326,126525,"2023_02_28_0011","2023_02_28_0011_ev00183_rec1","no",7270
184,1,31.36195,-42.7858060574682,-58.1305327305578,-15.3447266730896,1.39999999999674,6.3999999999993,7.45000000000218,-47.8917879881934,-8.41749428922872,2.77326666285195,-209.126097810729,31.3601,31.3584,127239,"2023_02_28_0011","2023_02_28_0011_ev00184_rec1","no",7271
185,1,31.38195,-43.993360883236,-58.7833876225239,-14.7900267392878,1.54999999999816,3.45000000000084,4.30000000000064,-44.1018068940785,-10.0275963486488,6.8328312903551,-82.2061944395565,31.3819,31.38035,127639,"2023_02_28_0011","2023_02_28_0011_ev00185_rec1","no",7272
186,1,31.41025,-45.2717190372469,-50.0107320517676,-4.73901301452072,0.250000000001194,0.300000000002854,0,22229.4036553075,-22274.3535189363,189829.311491961,61.2847958318916,31.41015,31.4099,128205,"2023_02_28_0011","2023_02_28_0011_ev00186_rec1","no",7273
187,1,31.42965,-42.9153680275059,-46.5636349058513,-3.64826687834541,0.0499999999981071,0.349999999997408,0.199999999999534,-42.0612972573142,-2.45261671744173,1.79658709796032,20.0561105379407,31.42965,31.4291,128593,"2023_02_28_0011","2023_02_28_0011_ev00187_rec1","no",7274
188,1,31.5779,-43.7285408510754,-76.2783116237018,-32.5497707726264,7.60000000000005,22.1499999999999,19.3499999999993,-24.1079048371893,-52.0744902607543,38.9042810255576,-744.521193547389,31.5746,31.56645,131558,"2023_02_28_0011","2023_02_28_0011_ev00188_rec1","no",7275
189,1,31.77215,-50.4182048014499,-52.9150344865103,-2.49682968506043,1.55000000000172,3.05000000000177,0,-39.908983981283,-9.81129984739852,26.6135714147254,141.042824042025,31.77005,31.7678,135443,"2023_02_28_0011","2023_02_28_0011_ev00189_rec1","no",7276
190,1,31.8581,-42.9502614427988,-62.2814043120274,-19.3311428692286,1.95000000000078,4.74999999999781,4.14999999999921,-47.3318721973774,-16.4283760627739,2.32306287540931,-205.514458915891,31.8578,31.8557,137162,"2023_02_28_0011","2023_02_28_0011_ev00190_rec1","no",7277
191,1,31.8823,-44.5425201154196,-59.9619292799364,-15.4194091645168,0.949999999999562,3.34999999999752,3.24999999999775,-43.3022598405871,-13.6113044680645,4.81811042367216,-48.186832708079,31.88145,31.8805,137646,"2023_02_28_0011","2023_02_28_0011_ev00191_rec1","no",7278
192,1,31.968,-45.4904361225101,-48.6587117645559,-3.16827564204588,0.299999999999301,0.499999999998835,0,-41.839622738542,-4.13505693825556,8.08652232815506,75.9228576906339,31.968,31.96625,139360,"2023_02_28_0011","2023_02_28_0011_ev00192_rec1","no",7279
193,1,32.18915,-49.7538339308907,-54.954399975408,-5.20056604451724,2.49999999999773,2.0500000000041,0,-32.7210916433976,-18.0186265058384,43.1084603041037,122.842055112645,32.189,32.1855,143783,"2023_02_28_0011","2023_02_28_0011_ev00193_rec1","no",7280
194,1,32.2253,-40.9143434755745,-66.145413421597,-25.2310699460225,1.69999999999959,5.49999999999784,5.89999999999691,-41.7607891738988,-20.2199488168071,6.77378576182533,-210.731521431377,32.224,32.2222,144506,"2023_02_28_0011","2023_02_28_0011_ev00194_rec1","no",7281
195,1,32.27245,-48.0106989335882,-54.12786850723,-6.11716957364187,1.40000000000384,0.0500000000016598,0,-42.9185512317947,-6.39158502530701,6.69356445121735,111.558720043135,32.27245,32.27025,145449,"2023_02_28_0011","2023_02_28_0011_ev00195_rec1","no",7282
196,1,32.29695,-43.6525809344795,-46.5319294974154,-2.87934856293585,0.249999999994088,0.450000000000728,0.550000000004047,-41.4649507651087,-4.55088796046053,1.70667244812947,56.9353909401155,32.2969,32.29665,145939,"2023_02_28_0011","2023_02_28_0011_ev00196_rec1","no",7283
197,1,32.36465,-40.8849845376546,-73.0646142942997,-32.1796297566451,9.39999999999941,21.9999999999985,21.4500000000015,-46.6539216223789,-21.6530481112137,17.0009821910542,-734.276022638731,32.3617,32.3514,147293,"2023_02_28_0011","2023_02_28_0011_ev00197_rec1","no",7284
198,1,32.6857,-41.9097582596469,-52.2233372206089,-10.313578960962,2.69999999999726,8.74999999999915,9.79999999999848,-41.5203985011018,-14.6371995408152,7.85345833558492,-126.136739265463,32.6848,32.6821,153714,"2023_02_28_0011","2023_02_28_0011_ev00198_rec1","no",7285
199,1,32.75165,-41.0893761024349,-54.9077522618045,-13.8183761593696,1.69999999999959,4.59999999999638,6.34999999999764,-40.7346734131671,-11.8899378265027,8.14231896471099,-101.563397582062,32.75145,32.74925,155033,"2023_02_28_0011","2023_02_28_0011_ev00199_rec1","no",7286
200,1,33.60575,-42.6042951491453,-47.8457633773203,-5.24146822817499,0.149999999997874,0.0500000000016598,0.549999999996942,-40.8810824170309,-3.94717531345201,7.40930612275694,20.7238228582286,33.60515,33.605,172115,"2023_02_28_0011","2023_02_28_0011_ev00200_rec1","no",7287
201,1,33.8041,-47.4149216039011,-76.3016993406864,-28.8867777367853,8.04999999999723,17.8000000000011,14.0999999999991,-30.533168738744,-44.0445931682637,30.0872610873846,-507.188616613093,33.8027,33.7941,176082,"2023_02_28_0011","2023_02_28_0011_ev00201_rec1","no",7288
202,1,33.89845,-44.8279262542563,-47.0639511487668,-2.23602489451046,0.199999999999534,30.2000000000007,30.0000000000011,-24269.0921085342,24227.1058356623,366521.81855843,55.22073021555,33.89845,33.8982,177969,"2023_02_28_0011","2023_02_28_0011_ev00202_rec1","no",7289
203,1,33.9624,-42.1102311854583,-65.4868680787029,-23.3766368932446,2.25000000000364,8.39999999999463,9.10000000000366,-38.9547572330832,-26.9281070352843,11.0445902067543,-223.048149757567,33.9621,33.95975,179248,"2023_02_28_0011","2023_02_28_0011_ev00203_rec1","no",7290
204,1,34.06135,-48.7066246557024,-55.0039351356915,-6.29731047998909,0.94999999999601,3.90000000000157,0,-36.5569534883095,-14.0844653101046,25.0664071690756,110.413791891391,34.05835,34.05695,181227,"2023_02_28_0011","2023_02_28_0011_ev00204_rec1","no",7291
205,1,34.12395,-42.3016619281297,-51.9252572926871,-9.62359536455739,1.10000000000099,10.0499999999997,10.8000000000033,-40.705776116398,-14.0932207498323,10.7365879848093,-108.374972281181,34.1232,34.12205,182479,"2023_02_28_0011","2023_02_28_0011_ev00205_rec1","no",7292
206,1,34.43015,-41.0402047890436,-55.8409142637709,-14.8007094747273,1.60000000000338,12.0999999999967,14.1500000000008,-41.8074941162722,-13.6336027214051,13.3317669000873,-219.629363703635,34.4287,34.4265,188603,"2023_02_28_0011","2023_02_28_0011_ev00206_rec1","no",7293
207,1,34.57155,-43.1135121596358,-69.3666565986182,-26.2531444389824,8.89999999999702,23.8999999999976,28.6000000000044,-50.1707943281794,-19.9734747180547,14.1681893788248,-643.176995921311,34.57085,34.5607,191431,"2023_02_28_0011","2023_02_28_0011_ev00207_rec1","no",7294
208,1,34.73135,-46.6706523724004,-51.158945469594,-4.4882930971936,0.149999999997874,0.0500000000016598,0,-40.8620676121984,-6.84182418877644,9.1409869812741,113.816374692467,34.73135,34.7312,194627,"2023_02_28_0011","2023_02_28_0011_ev00208_rec1","no",7295
209,1,34.7875,-45.2386314541835,-52.7645769522889,-7.52594549810535,0.750000000003581,1.04999999999933,0,-43.1498125972851,-4.87980323928287,4.60859283108948,35.3274929854444,34.78695,34.78495,195750,"2023_02_28_0011","2023_02_28_0011_ev00209_rec1","no",7296
210,1,34.8418,-44.3929346678916,-49.4286471073476,-5.03571243945601,0.149999999997874,0.10000000000332,0,-42.4558553918199,-3.65000067930334,3.5768994773962,44.7638170120331,34.8418,34.84165,196836,"2023_02_28_0011","2023_02_28_0011_ev00210_rec1","no",7297
211,1,34.96835,-44.8646720675088,-61.4039639941556,-16.5392919266469,1.84999999999746,4.34999999999519,5.34999999999286,-42.2653844880119,-17.1332555358262,7.91477016578879,-69.6379299471138,34.96815,34.96625,199367,"2023_02_28_0011","2023_02_28_0011_ev00211_rec1","no",7298
212,1,35.19005,-42.0851905459449,-55.5419883728027,-13.4567978268578,6.7499999999967,9.74999999999682,8.09999999999889,-40.8119238653473,-9.92337411069073,17.5368780896619,-149.139374732971,35.1899,35.18275,203801,"2023_02_28_0011","2023_02_28_0011_ev00212_rec1","no",7299
213,1,35.3835,-43.0733782450358,-48.2177696228027,-5.14439137776693,0.10000000000332,0.199999999999534,0.199999999999534,-42.8311393068307,-6.60105775082524,0.173050125660433,5.0986111323038,35.3833,35.38315,207670,"2023_02_28_0011","2023_02_28_0011_ev00213_rec1","no",7300
214,1,35.4108,-42.6955417451404,-46.9970664978027,-4.3015247526623,0.149999999997874,13.300000000001,12.3999999999995,-347083.652075614,347048.001522749,498155.735892886,-102.012284950983,35.4108,35.4106,208216,"2023_02_28_0011","2023_02_28_0011_ev00214_rec1","no",7301
215,1,35.444,-42.550219762893,-72.021484375,-29.471264612107,7.74999999999437,19.6499999999986,16.1500000000032,-39.6263408506479,-30.7285595817645,20.2171570421503,-597.717313130697,35.44115,35.43285,208880,"2023_02_28_0011","2023_02_28_0011_ev00215_rec1","no",7302
216,1,35.776,-40.719165802002,-61.0351524353027,-20.3159866333008,1.4499999999984,2.80000000000058,3.34999999999752,-43.7111099280703,-15.2440809217269,2.76288589260479,-149.810762786865,35.77585,35.7743,215520,"2023_02_28_0011","2023_02_28_0011_ev00216_rec1","no",7303
217,1,35.8063,-43.8871803283691,-49.4384727478027,-5.55129241943359,0.250000000001194,0.249999999994088,0,-42.4388399028409,-3.33658775161219,4.17063817400585,28.2425628662109,35.8062,35.8058,216126,"2023_02_28_0011","2023_02_28_0011_ev00217_rec1","no",7304
218,1,35.9506,-44.2940811883836,-79.345703125,-35.0516219366164,6.00000000000023,28.7499999999952,21.4500000000015,114741.113577739,-114815.672620775,142382.358346425,-920.366645772117,35.9419,35.93565,219012,"2023_02_28_0011","2023_02_28_0011_ev00218_rec1","no",7305
219,1,36.0265,-41.7654825846354,-58.5937461853027,-16.8282636006673,6.29999999999598,19.5000000000078,16.7000000000002,-45.8083731888114,-10.8751680889278,10.396536639691,-351.152654488882,36.0213,36.0146,220530,"2023_02_28_0011","2023_02_28_0011_ev00219_rec1","no",7306
220,1,36.0632,-50.7173045930408,-60.4248008728027,-9.7074962797619,0.999999999997669,1.95000000000078,2.54999999999939,-44.8819486938223,-12.8527759637589,8.23884614197905,67.9684591656639,36.0632,36.0621,221264,"2023_02_28_0011","2023_02_28_0011_ev00220_rec1","no",7307
221,1,36.09555,-44.4975315275646,-67.138671875,-22.6411403474354,0.749999999996476,4.54999999999472,4.50000000000017,-44.257711874495,-18.3578909165427,5.9432900833334,-141.499846585592,36.0941,36.09315,221911,"2023_02_28_0011","2023_02_28_0011_ev00221_rec1","no",7308
222,1,36.15005,-44.0615661257789,-50.0488243103027,-5.98725818452381,0.450000000000728,1.50000000000716,0.750000000003581,-43.4149752059042,-3.9601886128598,2.35770607956351,5.87534990764798,36.1491,36.14865,223001,"2023_02_28_0011","2023_02_28_0011_ev00222_rec1","no",7309
223,1,36.25255,-46.9680021376837,-54.3212852478027,-7.35328311011905,0.300000000002854,0.0500000000016598,0,-45.9007206211398,-3.77291937723927,1.42685164073236,25.7604676473707,36.25255,36.2522,225051,"2023_02_28_0011","2023_02_28_0011_ev00223_rec1","no",7310
224,1,36.2886,-45.2532048906599,-52.4902305603027,-7.23702566964285,0.150000000004979,0.149999999997874,0,-43.7472378029627,-4.17057206647348,2.86563025704337,32.2832315172469,36.2885,36.28835,225772,"2023_02_28_0011","2023_02_28_0011_ev00224_rec1","no",7311
225,1,36.35665,-48.5665419442313,-116.577140808105,-68.0105988638742,1.54999999999461,3.69999999999493,3.95000000000323,-50.1504859111318,-67.8448098704108,3.75685884305313,-367.939538410732,36.3564,36.3547,227133,"2023_02_28_0011","2023_02_28_0011_ev00225_rec1","no",7312
226,1,36.38375,-46.2123287745884,-56.7626914978027,-10.5503627232143,1.10000000000099,6.79999999999836,7.04999999999956,-43.3561923713688,-14.6765500155362,9.09796508015144,-52.8215692247663,36.38355,36.38225,227675,"2023_02_28_0011","2023_02_28_0011_ev00226_rec1","no",7313
227,1,36.5984,-45.7472991943359,-97.0458908081055,-51.2985916137695,0.999999999997669,7.89999999999935,9.25000000000154,-45.7646904708375,-50.9009208011033,9.36537605452922,-528.077627277374,36.59745,36.5963,231968,"2023_02_28_0011","2023_02_28_0011_ev00227_rec1","no",7314
228,1,36.68575,-43.2477640424456,-57.3730430603027,-14.1252790178571,1.04999999999222,8.30000000000553,9.24999999999443,-44.2683005271549,-11.999827343318,8.84462349612335,-154.508318792071,36.6843,36.6832,233715,"2023_02_28_0011","2023_02_28_0011_ev00228_rec1","no",7315
229,1,36.75,-45.8926208132789,-48.8281211853027,-2.93550037202381,0.200000000006639,0.10000000000332,0.299999999995748,-44.1062875124503,-3.15047672388497,3.34134882678008,42.5553041367303,36.75,36.7498,235000,"2023_02_28_0011","2023_02_28_0011_ev00229_rec1","no",7316
230,1,36.7838,-43.3349574861072,-66.5283203125,-23.1933628263928,1.84999999999746,10.0499999999926,11.3500000000002,-46.3211335229938,-17.6482078878032,9.89314197027522,-319.625849850973,36.7819,36.78,235676,"2023_02_28_0011","2023_02_28_0011_ev00230_rec1","no",7317
231,1,36.86205,-44.090630485898,-71.4111328125,-27.320502326602,1.64999999999793,16.7500000000018,20.2999999999989,-45.4294616315652,-29.584852280695,16.6932448673832,-513.175642058963,36.8608,36.859,237241,"2023_02_28_0011","2023_02_28_0011_ev00231_rec1","no",7318
232,1,36.92245,-48.2468339829218,-66.5283203125,-18.2814863295782,2.54999999999939,9.09999999999656,9.85000000000014,-40.0660628688138,-24.8765652468838,19.3056922319806,-166.844692738851,36.92165,36.919,238449,"2023_02_28_0011","2023_02_28_0011_ev00232_rec1","no",7319
233,1,36.9898,-47.3167744591123,-68.359375,-21.0426005408877,0.799999999998136,6.80000000000547,11.8500000000026,95820.8988674833,-95881.1235357669,221825.172508191,-218.201417641413,36.98885,36.9878,239796,"2023_02_28_0011","2023_02_28_0011_ev00233_rec1","no",7320
234,1,37.1257,-43.6837296258836,-142.2119140625,-98.5281844366164,4.30000000000064,11.2999999999985,9.95000000000346,-46.4722195628271,-104.723419340701,8.75704470800227,-1331.98111144929,37.12445,37.1197,242514,"2023_02_28_0011","2023_02_28_0011_ev00234_rec1","no",7321
235,1,37.1582,-50.3104035513742,-81.1767501831055,-30.8663466317313,1.95000000000078,11.1500000000007,12.9500000000036,-51.9586674598327,-28.8876197988821,11.9602465692251,-428.734960610526,37.1571,37.1549,243164,"2023_02_28_0011","2023_02_28_0011_ev00235_rec1","no",7322
236,1,37.2655,-46.2123287745884,-85.4492111206055,-39.236882346017,7.64999999999816,24.0499999999955,17.7499999999995,-24.1290751157822,-61.526375229784,34.2014224248332,-936.713121550424,37.25885,37.2509,245310,"2023_02_28_0011","2023_02_28_0011_ev00236_rec1","no",7323
237,1,37.36655,-45.5729128519694,-48.8281211853027,-3.25520833333334,0.0500000000016598,0.149999999997874,0,-42.7381809557018,-3.43003200578398,3.83457630758236,71.6959523836771,37.36655,37.36635,247331,"2023_02_28_0011","2023_02_28_0011_ev00237_rec1","no",7324
238,1,37.44495,-37.2314453125,-41.5039024353027,-4.27245712280273,0.300000000002854,32.199999999996,29.999999999994,-42.2423950690025,-2.86417993738803,5.39578506248469,-178.9549700737,37.4431,37.4427,248899,"2023_02_28_0011","2023_02_28_0011_ev00238_rec1","no",7325
239,1,37.81535,-43.8581157865978,-54.3212852478027,-10.4631694612049,0.750000000003581,2.49999999999773,5.85000000000235,-42.0180157422371,-7.54166611828091,21.0889253887829,-73.5517181260245,37.8144,37.8136,256307,"2023_02_28_0011","2023_02_28_0011_ev00239_rec1","no",7326
240,1,37.88915,-45.7472991943359,-53.1005821228027,-7.3532829284668,1.75000000000125,1.30000000000052,5.69999999999737,-13.2956891489696,-36.3211875439522,176.796429392107,-37.6804846763611,37.8881,37.88635,257783,"2023_02_28_0011","2023_02_28_0011_ev00240_rec1","no",7327
241,1,38.04335,-45.4275910513742,-73.8525390625,-28.4249480111258,7.8500000000048,18.7999999999988,14.0500000000046,-47.2011548774871,-25.1203496621096,13.3311448169253,-586.818203898838,38.0389,38.03055,260867,"2023_02_28_0011","2023_02_28_0011_ev00241_rec1","no",7328
242,1,38.08485,-46.7354872567313,-61.0351524353027,-14.2996651785714,1.64999999999793,4.40000000000396,4.1000000000011,-48.9032530017291,-8.72826358536015,3.98060485166962,-118.955339894976,38.0837,38.08205,261697,"2023_02_28_0011","2023_02_28_0011_ev00242_rec1","no",7329
243,1,38.1139,-45.776363554455,-59.2040977478027,-13.4277341933477,1.74999999999415,10.150000000003,18.3999999999997,-50.4652715817475,-5.79221368399511,6.07709707314702,-213.043206646329,38.11135,38.1095,262278,"2023_02_28_0011","2023_02_28_0011_ev00243_rec1","no",7330
244,1,38.1422,-51.6182997567313,-57.9833946228027,-6.36509486607143,0.550000000004047,2.20000000000198,2.0500000000041,-45.2873024282572,-11.3412130280464,7.66622466341324,101.682390294756,38.14205,38.14125,262844,"2023_02_28_0011","2023_02_28_0011_ev00244_rec1","no",7331
245,1,38.18545,-44.5265958876837,-48.8281211853027,-4.30152529761905,0.199999999999534,0.250000000001194,0.350000000004513,-43.7172317534835,-2.70732950067311,2.86699982587379,16.0711302984328,38.18545,38.1851,263709,"2023_02_28_0011","2023_02_28_0011_ev00245_rec1","no",7332
246,1,38.226,-43.7709227062407,-64.0869140625,-20.3159913562593,1.99999999999534,5.44999999999618,7.54999999999484,-45.9215287792668,-13.2403345385758,8.37078983132824,-194.758818476541,38.22585,38.2238,264520,"2023_02_28_0011","2023_02_28_0011_ev00246_rec1","no",7333
247,1,38.37955,-42.8117993672689,-54.3212852478027,-11.5094858805339,1.64999999999793,9.9000000000018,11.3000000000056,-44.1380924812424,-7.69901058358946,11.6832408903685,-157.115367444356,38.377,38.37535,267591,"2023_02_28_0011","2023_02_28_0011_ev00247_rec1","no",7334
248,1,38.4295,-44.8753682091123,-54.9316368103027,-10.0562686011905,0.900000000001455,3.65000000000038,3.70000000000203,-44.7176453086532,-8.72156038614802,4.55980913434177,-52.9661644163585,38.42795,38.4266,268590,"2023_02_28_0011","2023_02_28_0011_ev00248_rec1","no",7335
249,1,38.5043,-43.6256010872977,-51.8798789978027,-8.25427791050502,0.300000000002854,0.150000000004979,0.94999999999601,-44.1845043836106,-3.08197713421658,4.60117711184876,-32.0485361099244,38.5043,38.504,270086,"2023_02_28_0011","2023_02_28_0011_ev00249_rec1","no",7336
250,1,38.53815,-43.5965365455264,-63.4765586853027,-19.8800221397763,2.20000000000198,9.85000000000014,11.2000000000023,-44.9252013472393,-17.7573740816863,10.3636156988642,-249.021253136226,38.5376,38.53475,270763,"2023_02_28_0011","2023_02_28_0011_ev00250_rec1","no",7337
251,1,38.58465,-49.5256658281599,-56.1523399353027,-6.62667410714285,0.199999999999534,0.149999999997874,0,-43.586767445299,-7.54603654675362,6.45063787308516,129.479539162772,38.58465,38.58425,271693,"2023_02_28_0011","2023_02_28_0011_ev00251_rec1","no",7338
252,1,38.6302,-45.1369474501837,-53.1005821228027,-7.96363467261905,1.05000000000643,2.15000000000032,1.65000000000504,-44.2741667301914,-8.7746577986576,1.9788069519573,2.67755036126989,38.62975,38.6284,272604,"2023_02_28_0011","2023_02_28_0011_ev00252_rec1","no",7339
253,1,38.64655,-45.2822692507789,-48.8281211853027,-3.54585193452381,0.0500000000016598,0.199999999999534,0.399999999999068,-44.0826390497409,-3.33382635864524,1.47403133408111,30.8212972550165,38.64645,38.64635,272931,"2023_02_28_0011","2023_02_28_0011_ev00253_rec1","no",7340
254,1,38.6898,-46.1251356942313,-54.9316368103027,-8.80650111607143,0.799999999998136,8.20000000000221,8.04999999999723,-45.1779857640368,-8.93863293260073,10.661315551405,-81.7151750837054,38.6876,38.6868,273796,"2023_02_28_0011","2023_02_28_0011_ev00254_rec1","no",7341
255,1,38.8351,-44.7881753104074,-78.125,-33.3368246895926,2.89999999999679,7.75000000000148,7.40000000000407,-42.7548148064017,-34.5597546569015,8.40299755225993,-291.433446543557,38.83455,38.8315,276702,"2023_02_28_0011","2023_02_28_0011_ev00255_rec1","no",7342
256,1,38.86535,-48.0143191019694,-51.8798789978027,-3.86555989583334,0.250000000001194,30.2999999999969,28.1999999999982,-35202.8250178602,35158.9337651667,178369.573288009,35.1511556307474,38.86525,38.865,277307,"2023_02_28_0011","2023_02_28_0011_ev00256_rec1","no",7343
257,1,38.89505,-44.4684675307501,-75.68359375,-31.2151262192499,2.45000000000317,9.50000000000273,12.0000000000005,-38.974104286686,-33.397584225168,17.8214263433119,-362.197885131836,38.89485,38.89195,277901,"2023_02_28_0011","2023_02_28_0011_ev00257_rec1","no",7344
258,1,38.93215,-45.7182346525646,-53.7109336853027,-7.99269903273809,1.60000000000338,11.2499999999969,9.35000000000485,-25.1905559037085,-26.100572735047,88.5573177317709,-88.407245526995,38.9278,38.9262,278643,"2023_02_28_0011","2023_02_28_0011_ev00258_rec1","no",7345
259,1,38.96265,-44.0325019473121,-50.6591758728027,-6.62667392549061,0.149999999997874,0.149999999997874,0.0500000000016598,-43.7793938879772,-2.7374949312588,3.90513377789747,-3.73186522438414,38.9626,38.96245,279253,"2023_02_28_0011","2023_02_28_0011_ev00259_rec1","no",7346
260,1,39.017,-46.9098734174456,-90.3320236206055,-43.4221502031599,4.15000000000276,12.9000000000019,18.4500000000014,-56.6525322727673,-33.9582861708601,10.9645193087604,-730.444811194284,39.0164,39.01155,280340,"2023_02_28_0011","2023_02_28_0011_ev00260_rec1","no",7347
261,1,39.0451,-56.3848548162551,-64.697265625,-8.31241080874489,0.599999999998602,5.04999999999711,3.54999999999706,-47.1609488484198,-23.2974719669309,5.5493640176862,131.692783319382,39.0436,39.04255,280902,"2023_02_28_0011","2023_02_28_0011_ev00261_rec1","no",7348
262,1,39.0764,-50.1360173906599,-61.0351524353027,-10.8991350446429,0.199999999999534,3.39999999999918,4.89999999999924,-36.5627470144282,-20.7648960544039,29.7397830648934,8.19178989955365,39.07555,39.07525,281528,"2023_02_28_0011","2023_02_28_0011_ev00262_rec1","no",7349
263,1,39.13485,-45.5438484918504,-59.2040977478027,-13.6602492559524,2.54999999999939,7.50000000000028,5.34999999999286,-77513.0067025101,77468.8957357272,63906.6983008927,-513.914563169933,39.13485,39.13215,282697,"2023_02_28_0011","2023_02_28_0011_ev00263_rec1","no",7350
264,1,39.15605,-46.0670069739932,-110.473625183105,-64.4066182091123,2.54999999999939,6.00000000000023,5.70000000000448,-45.1108776077451,-58.6109647849018,6.60306460226521,-509.202504357838,39.15465,39.1518,283121,"2023_02_28_0011","2023_02_28_0011_ev00264_rec1","no",7351
265,1,39.19275,-44.6428533281599,-48.2177696228027,-3.57491629464285,0.349999999997408,0.800000000005241,0.650000000000261,-44.0237711343193,-4.96841489508848,0.673317087251484,13.482223565238,39.19275,39.19235,283855,"2023_02_28_0011","2023_02_28_0011_ev00265_rec1","no",7352
266,1,39.2378,-43.218700045631,-55.5419883728027,-12.3232883271717,0.999999999997669,2.94999999999845,5.20000000000209,-43.3074216431153,-8.20663567099599,8.5619661184367,-77.4289011183239,39.23775,39.23675,284756,"2023_02_28_0011","2023_02_28_0011_ev00266_rec1","no",7353
267,1,39.30855,-46.1251356942313,-50.6591758728027,-4.53404017857143,0.649999999993156,3.34999999999752,1.00000000000477,-44.5322763873387,-5.27013074811069,2.06548019036563,31.5464518955775,39.3063,39.30565,286171,"2023_02_28_0011","2023_02_28_0011_ev00267_rec1","no",7354
268,1,39.567,-45.1660118103027,-51.8798789978027,-6.7138671875,0.299999999995748,0.349999999997408,0.10000000000332,-44.4031018078971,-6.42303269609054,0.164839853150215,20.5841010093689,39.567,39.56665,291340,"2023_02_28_0011","2023_02_28_0011_ev00268_rec1","no",7355
269,1,39.7067,-45.5729128519694,-72.021484375,-26.4485715230306,1.55000000000172,7.14999999999577,7.75000000000148,-45.9656872647132,-27.7765455300254,7.13052671073112,-244.959530131022,39.70595,39.7043,294134,"2023_02_28_0011","2023_02_28_0011_ev00269_rec1","no",7356
270,1,39.84685,-44.5847246079218,-50.0488243103027,-5.46409970238095,0.150000000004979,0.199999999999534,0,-43.1653015563998,-2.44213340641668,2.6617638488138,35.1954746791296,39.84675,39.8466,296937,"2023_02_28_0011","2023_02_28_0011_ev00270_rec1","no",7357
271,1,39.91205,-45.7763633728027,-53.1005821228027,-7.32421875,0.450000000000728,5.09999999999877,6.55000000000427,-42.1105118872532,-9.86041947409665,15.0147505180736,-26.7028837203979,39.9112,39.90975,298241,"2023_02_28_0011","2023_02_28_0011_ev00271_rec1","no",7358
272,1,39.9608,-43.974373227074,-62.8662071228027,-18.8918338957287,1.30000000000052,6.59999999999883,6.49999999999551,-44.4444823708807,-16.7746362991948,6.88410928377388,-167.082282525017,39.9591,39.95765,299216,"2023_02_28_0011","2023_02_28_0011_ev00272_rec1","no",7359
273,1,40.004,-45.950749533517,-69.1072842204918,-23.1565346869748,4.84999999999758,34.2000000000056,30.0000000000011,-58.7041078191279,-10.8727741625098,5.94252508911961,-541.998354230233,40.0028,39.9973,300080,"2023_02_28_0011","2023_02_28_0011_ev00273_rec1","no",7360
274,1,40.0273,-55.5046988625461,-65.3499454786582,-9.84524661611208,1.39999999999674,5.00000000000256,4.1000000000011,-43.0839963800908,-21.9492524372534,13.1944681619911,91.9908056051022,40.0267,40.0247,300546,"2023_02_28_0011","2023_02_28_0011_ev00274_rec1","no",7361
275,1,40.05675,-44.8112817179582,-47.4465664686031,-2.63528475064494,1.14999999999554,5.04999999999711,5.15000000000043,-44.376802197396,-4.09310009324421,4.84035596608578,-12.1111657691828,40.0555,40.05435,301135,"2023_02_28_0011","2023_02_28_0011_ev00275_rec1","no",7362
276,1,40.1343,-41.6719035621933,-50.5822660816327,-8.91036251943935,0.94999999999601,12.6500000000007,22.3000000000013,-44.8715805093134,-5.86769158221928,5.43609786138827,-166.908116296187,40.13,40.1288,302686,"2023_02_28_0011","2023_02_28_0011_ev00276_rec1","no",7363
277,1,40.1626,-45.8494768616271,-48.0907800327956,-2.24130317116849,0.0500000000016598,0.200000000006639,0.149999999997874,-43.5898930819748,-3.70538442176151,0.949629669968676,64.1370404891017,40.1626,40.16245,303252,"2023_02_28_0011","2023_02_28_0011_ev00277_rec1","no",7364
278,1,40.18235,-44.9964376364609,-50.0666299191573,-5.0701922826964,0.550000000004047,10.0000000000051,9.6499999999935,-912344.401479397,912320.92200265,375757.942008168,-447.728488171908,40.18235,40.18165,303647,"2023_02_28_0011","2023_02_28_0011_ev00278_rec1","no",7365
279,1,40.2077,-46.9531819518496,-140.774741026066,-93.821559074216,2.70000000000437,5.44999999999618,6.00000000000023,-46.8194335020703,-97.3162937530214,5.83265628074096,-698.428885669893,40.20715,40.2041,304154,"2023_02_28_0011","2023_02_28_0011_ev00279_rec1","no",7366
280,1,40.24515,-45.1134991378861,-61.5771926893446,-16.4636935514585,1.65000000000504,5.34999999999286,4.89999999999924,-46.9283208726631,-15.1278155001834,3.88134967632369,-148.100329037925,40.24405,40.2421,304903,"2023_02_28_0011","2023_02_28_0011_ev00280_rec1","no",7367
281,1,40.27625,-49.4227689283903,-54.1922972432771,-4.76952831488686,0.250000000001194,0.199999999999534,0,-43.4577143139611,-7.52056158537301,4.72619777784489,142.607317673561,40.27625,40.27595,305525,"2023_02_28_0011","2023_02_28_0011_ev00281_rec1","no",7368
282,1,40.29925,-43.9519678714138,-47.5729360426012,-3.62096817118742,0.199999999999534,0.700000000001921,1.1999999999972,-42.1753767815211,-4.10521562610913,4.44379604970161,34.0686943500084,40.299,40.2988,305985,"2023_02_28_0011","2023_02_28_0011_ev00282_rec1","no",7369
283,1,40.37725,-48.7790524354761,-80.1500593238479,-31.3710068883718,12.1000000000038,21.9000000000023,13.1500000000031,-43.3323062763844,-34.9989323043892,18.2798593634865,-699.228941441721,40.3724,40.3602,307545,"2023_02_28_0011","2023_02_28_0011_ev00283_rec1","no",7370
284,1,40.43305,-45.5001537759991,-69.4935454232232,-23.9933916472241,2.60000000000105,14.1500000000008,18.1500000000057,160545.255897275,-160609.108174585,307951.844954593,-354.094445818991,40.43295,40.43015,308661,"2023_02_28_0011","2023_02_28_0011_ev00284_rec1","no",7371
285,1,40.4779,-45.3098438857262,-67.5840115273581,-22.2741676416318,1.10000000000099,2.65000000000271,3.00000000000011,-45.3043784585045,-18.7255179480435,3.6429916373233,-82.469266130387,40.47785,40.47665,309558,"2023_02_28_0011","2023_02_28_0011_ev00285_rec1","no",7372
286,1,40.5903,-51.179333036813,-64.3760433615813,-13.1967103247682,2.24999999999653,4.19999999999732,5.04999999999711,-44.1762381834289,-19.5949863137578,10.0662547206383,7.60831407362856,40.59015,40.587,311806,"2023_02_28_0011","2023_02_28_0011_ev00286_rec1","no",7373
287,1,40.62565,-46.8565336882852,-66.7064169279888,-19.8498832397036,1.00000000000477,3.65000000000038,3.75000000000369,-45.1921841264709,-18.1735441437138,5.31222446072945,-70.3964751027196,40.62495,40.62385,312513,"2023_02_28_0011","2023_02_28_0011_ev00287_rec1","no",7374
288,1,40.6831,-46.3474529763479,-53.0917889176817,-6.74433594133384,0.399999999999068,5.65000000000282,9.70000000000226,-45.6412204373977,-5.56659428691985,17.5164772409556,-60.1759210375984,40.68305,40.68255,313662,"2023_02_28_0011","2023_02_28_0011_ev00288_rec1","no",7375
289,1,40.7578,-43.9335077158087,-55.8218294808896,-11.8883217650809,2.60000000000105,3.39999999999918,4.3500000000023,-44.2755458667566,-10.0288328795451,4.80302144898274,-79.003936077852,40.75755,40.75495,315156,"2023_02_28_0011","2023_02_28_0011_ev00289_rec1","no",7376
290,1,40.82135,-47.4243476607696,-56.933870688506,-9.50952302773638,1.09999999999388,4.64999999999804,4.24999999999898,-44.3993510132545,-12.2719067568123,6.77588113956821,-3.14302279652358,40.82085,40.81965,316427,"2023_02_28_0011","2023_02_28_0011_ev00290_rec1","no",7377
291,1,40.86705,-49.476481009093,-55.3877316119139,-5.91125060282092,0.250000000001194,0.149999999997874,0,-43.3230563284151,-5.57707662946905,29.7398853461259,78.3460504875296,40.86705,40.86665,317341,"2023_02_28_0011","2023_02_28_0011_ev00291_rec1","no",7378
292,1,41.03155,-45.8931854811696,-76.2339867482469,-30.3408012670773,1.49999999999295,6.00000000000023,7.50000000000028,-42.7593908762902,-30.4111792545588,10.0177565675436,-219.772634716231,41.0315,41.02995,320631,"2023_02_28_0011","2023_02_28_0011_ev00292_rec1","no",7379
293,1,41.1159,-43.9467346701373,-49.4093627800798,-5.46262810994249,0.349999999997408,2.74999999999892,2.89999999999679,-43.8582183236106,-4.88552174869994,3.47663881193275,-18.6917915061327,41.11585,41.11495,322318,"2023_02_28_0011","2023_02_28_0011_ev00293_rec1","no",7380
294,1,41.38585,-47.3969587044721,-53.4703649711964,-6.07340626672428,0.0999999999962142,0.0500000000016598,0,-43.4277617626887,-4.28489316183575,9.09551695971534,81.3085966794963,41.38585,41.3857,327717,"2023_02_28_0011","2023_02_28_0011_ev00294_rec1","no",7381
295,1,41.5853,-45.8311337115575,-52.7032404845445,-6.872106772987,2.09999999999866,25.9999999999962,19.3499999999958,-85584.8605715903,85540.0606673231,463702.515629275,-57.8632479499817,41.58515,41.583,331706,"2023_02_28_0011","2023_02_28_0011_ev00295_rec1","no",7382
296,1,41.6064,-48.4281149006654,-52.6926516669044,-4.26453676623898,0.350000000004513,2.94999999999845,3.80000000000535,-47.3416983207001,-4.21122744926681,8.28925244491595,-3.48484498003538,41.6062,41.6051,332128,"2023_02_28_0011","2023_02_28_0011_ev00296_rec1","no",7383
297,1,41.6344,-48.4156858699333,-52.830194771117,-4.41450890118369,0.0999999999962142,0.250000000001194,0,-43.8208481632517,-5.59177063388981,20.1342186526174,49.5800328545425,41.6342,41.6341,332688,"2023_02_28_0011","2023_02_28_0011_ev00297_rec1","no",7384
298,1,41.7055,-43.8556367523283,-79.5226851630258,-35.6670484106975,13.3500000000026,24.4500000000016,23.2499999999973,26.5375746636825,-104.120094108708,105.947100178058,-905.852863170343,41.70245,41.68785,334110,"2023_02_28_0011","2023_02_28_0011_ev00298_rec1","no",7385
299,1,41.81975,-46.6154672168582,-50.1283101451795,-3.51284292832123,0.200000000006639,0.999999999997669,0.950000000003115,-44.0540676093784,-5.02583612533097,3.5708017523441,58.4233885124924,41.81975,41.8192,336395,"2023_02_28_0011","2023_02_28_0011_ev00299_rec1","no",7386
300,1,41.9505,-43.2514514044872,-66.4589008309344,-23.2074494264472,2.15000000000032,6.3999999999993,6.59999999999883,-44.4737867953147,-22.1861532084785,5.96592131860269,-202.126367908032,41.95025,41.948,339010,"2023_02_28_0011","2023_02_28_0011_ev00300_rec1","no",7387
301,1,41.9813,-44.301253536552,-46.8131204802945,-2.51186694374247,0.199999999992428,1.39999999999674,1.50000000000006,-43.0629802531027,-3.2204947759663,3.78939042719143,23.6922611539451,41.981,41.9807,339626,"2023_02_28_0011","2023_02_28_0011_ev00301_rec1","no",7388
302,1,42.12535,-44.4762067915339,-58.7387693979703,-14.2625626064363,1.84999999999746,3.19999999999965,3.79999999999825,-41.9403643863424,-12.5322595915771,8.0800410622699,-35.9126858798972,42.12525,42.12325,342507,"2023_02_28_0011","2023_02_28_0011_ev00302_rec1","no",7389
303,1,42.30835,-43.5596294910414,-70.0632171787723,-26.5035876877309,1.50000000000006,5.64999999999571,5.34999999999997,-43.7039068750882,-22.0599982826338,6.48413883166994,-193.222162419062,42.3071,42.3055,346167,"2023_02_28_0011","2023_02_28_0011_ev00303_rec1","no",7390
304,1,42.3401,-44.6573382704111,-49.8978224968153,-5.24048422640418,0.299999999995748,0.900000000001455,1.05000000000643,-43.0377476571716,-5.547300159951,2.34527043269268,34.5702219779003,42.3401,42.3398,346802,"2023_02_28_0011","2023_02_28_0011_ev00304_rec1","no",7391
305,1,42.39375,-45.3545645938824,-73.5225548421952,-28.1679902483129,5.39999999999452,22.9499999999945,18.1499999999986,-30.154778395053,-43.7491201262653,33.939574095299,-650.477535728879,42.38725,42.38125,347875,"2023_02_28_0011","2023_02_28_0011_ev00305_rec1","no",7392
306,1,42.4734,-43.3795098534291,-62.9891131753817,-19.6096033219525,2.24999999999653,9.69999999999516,8.25000000000387,-44.3124058812843,-21.5647391852616,6.71521003489422,-236.535798886294,42.47145,42.46915,349468,"2023_02_28_0011","2023_02_28_0011_ev00306_rec1","no",7393
307,1,42.5443,-44.0902064866117,-64.0581333805244,-19.9679268939127,2.59999999999394,4.50000000000017,4.15000000000987,-45.8264019878984,-19.6880223932205,3.32989077166984,-153.26049446463,42.54345,42.5408,350886,"2023_02_28_0011","2023_02_28_0011_ev00307_rec1","no",7394
308,1,42.57125,-42.3942349844608,-56.2012921775998,-13.807057193139,0.550000000004047,3.5000000000025,5.25000000000375,-42.2007645605869,-11.1206435250537,7.07626469107863,-78.2185416891,42.5711,42.57055,351425,"2023_02_28_0011","2023_02_28_0011_ev00308_rec1","no",7395
309,1,42.6777,-46.0867187096349,-54.1498625266243,-8.06314381698933,0.299999999995748,2.49999999999773,3.34999999999752,-42.4428800121743,-10.8786837591627,6.72920284628917,34.5895683141663,42.6776,42.6772,353554,"2023_02_28_0011","2023_02_28_0011_ev00309_rec1","no",7396
310,1,42.81335,-43.4013246520105,-74.9163169213754,-31.5149922693649,9.54999999999728,24.3499999999983,21.6999999999956,26.0987059893337,-102.202599241992,94.1296177024334,-784.948659514731,42.81105,42.80135,356267,"2023_02_28_0011","2023_02_28_0011_ev00310_rec1","no",7397
311,1,42.9523,-42.5022434683743,-55.7688969826181,-13.2666535142438,4.1000000000011,8.80000000000081,10.3000000000009,-45.8927467934608,-7.11105389769755,6.6839121071447,-185.67807568177,42.95085,42.94655,359046,"2023_02_28_0011","2023_02_28_0011_ev00311_rec1","no",7398
312,1,42.9824,-44.3425326274181,-57.704653257702,-13.362120630284,1.49999999999295,3.00000000000011,3.39999999999918,-46.016627309492,-9.3626618289494,3.20934072832221,-95.4224308180972,42.98185,42.9803,359648,"2023_02_28_0011","2023_02_28_0011_ev00312_rec1","no",7399
313,1,43.0077,-43.1272547400109,-53.1235446172778,-9.99628987726687,2.24999999999653,4.70000000000681,4.14999999999566,-42.107329211218,-9.2977849423381,6.14835152498223,-43.6709689319833,43.0075,43.00515,360154,"2023_02_28_0011","2023_02_28_0011_ev00313_rec1","no",7400
314,1,43.06645,-42.5210546785562,-50.658122468445,-8.1370677898888,0.249999999994088,3.39999999999918,3.99999999999778,-43.0403793296963,-6.36079142920049,4.25317548663159,-47.0482642649179,43.0662,43.0654,361329,"2023_02_28_0011","2023_02_28_0011_ev00314_rec1","no",7401
315,1,43.3141,-44.8685796848057,-56.3617748448516,-11.4931951600459,2.29999999999109,5.24999999999665,5.25000000000375,-42.2663806332144,-11.9952573744058,9.36530715488471,-51.375761770338,43.31355,43.3112,366282,"2023_02_28_0011","2023_02_28_0011_ev00315_rec1","no",7402
316,1,43.41985,-44.9694874065396,-57.3360405661375,-12.3665531595979,2.80000000000058,1.69999999999959,1.80000000000291,-43.0148007005099,-8.42034767143582,7.17618002660353,-13.6412989080374,43.41985,43.417,368397,"2023_02_28_0011","2023_02_28_0011_ev00316_rec1","no",7403
317,1,43.4734,-41.6221995120605,-63.872359795168,-22.2501602831075,1.4500000000055,16.3999999999973,24.1499999999988,-41.9884696817315,-18.621929717521,28.0024115849364,-382.845859668493,43.47305,43.4713,369468,"2023_02_28_0011","2023_02_28_0011_ev00317_rec1","no",7404
318,1,43.5649,-42.4476992520888,-66.3785118021071,-23.9308125500183,2.19999999999487,7.49999999999318,7.50000000000739,-42.8383365622245,-22.6188114764134,7.62984550613888,-228.29046997029,43.564,43.56165,371298,"2023_02_28_0011","2023_02_28_0011_ev00318_rec1","no",7405
319,1,43.64405,-45.0797325593899,-50.4335101393836,-5.3537775799937,0.450000000000728,0.199999999992428,0,-42.1317267129026,-4.15918189220499,8.92383781939779,50.1665562396536,43.64405,43.6429,372881,"2023_02_28_0011","2023_02_28_0011_ev00319_rec1","no",7406
320,1,43.80075,-41.7912492596512,-66.2193904744598,-24.4281412148086,2.00000000000244,6.94999999999624,8.20000000000221,-43.5930891301268,-21.8856043901705,7.41036466591142,-242.716968009619,43.8007,43.79855,376015,"2023_02_28_0011","2023_02_28_0011_ev00320_rec1","no",7407
321,1,44.07585,-42.4740039096121,-57.4433688156796,-14.9693649060675,2.15000000000032,8.15000000000055,8.24999999998965,-41.7317449809251,-15.4803189928883,9.14319649190035,-150.555780400414,44.0743,44.072,381517,"2023_02_28_0011","2023_02_28_0011_ev00321_rec1","no",7408
322,1,44.12695,-42.8777226148608,-56.9476308519009,-14.0699082370401,6.1499999999981,2.80000000000769,3.70000000000203,-44.1107037704811,-6.80670201544775,6.89872884370946,-164.946204732119,44.1236,44.11475,382539,"2023_02_28_0011","2023_02_28_0011_ev00322_rec1","no",7409
323,1,44.24145,-47.9184193907839,-58.3583463890392,-10.4399269982553,1.35000000000218,2.20000000000198,2.15000000000032,-43.3286100693438,-11.8631539038703,6.40797322412523,56.54050656716,44.24145,44.2401,384829,"2023_02_28_0011","2023_02_28_0011_ev00323_rec1","no",7410
324,1,44.37445,-42.1937449049292,-52.4887914107647,-10.2950465058355,1.65000000000504,7.54999999999484,8.94999999999868,-43.3228607395241,-8.77063044301196,7.53771513135066,-112.354266700818,44.3742,44.37255,387489,"2023_02_28_0011","2023_02_28_0011_ev00324_rec1","no",7411
325,1,44.45285,-45.0800397072364,-57.4257533364263,-12.34571362919,1.69999999999959,3.14999999999799,2.80000000000058,-42.5807730532538,-10.8254396527137,6.55104107639468,-16.5584333855761,44.452,44.4498,389057,"2023_02_28_0011","2023_02_28_0011_ev00325_rec1","no",7412
326,1,44.50725,-43.8762248708675,-77.4205191265168,-33.5442942556493,3.55000000000416,6.29999999999598,7.69999999999982,-41.7966660709645,-30.6025787282458,10.303004984572,-308.296192233939,44.5065,44.5015,390145,"2023_02_28_0011","2023_02_28_0011_ev00326_rec1","no",7413
327,1,44.56,-44.9659197090093,-80.9584057324362,-35.9924860234269,13.5500000000022,20.4000000000022,14.0999999999991,-26.3801228911961,-48.5902645160059,33.534565060151,-752.085659331764,44.55875,44.5446,391200,"2023_02_28_0011","2023_02_28_0011_ev00327_rec1","no",7414
328,1,44.744,-45.1632615117505,-49.9208239899309,-4.75756247818043,0.10000000000332,0.150000000004979,0,-41.8983651371403,-2.97645788729704,6.21093375152226,78.9913942444665,44.7439,44.7438,394880,"2023_02_28_0011","2023_02_28_0011_ev00328_rec1","no",7415
329,1,44.8818,-42.8213463076983,-93.78876855246,-50.9674222447618,2.049999999997,7.39999999999696,7.09999999999411,-45.1751543298621,-52.3842359112465,6.16643300279236,-504.562861645332,44.88095,44.87845,397636,"2023_02_28_0011","2023_02_28_0011_ev00329_rec1","no",7416
330,1,44.97785,-43.61758190033,-55.0385622141097,-11.4209803137798,1.24999999999886,4.15000000000987,4.25000000000608,-42.7324726323985,-11.7008105236513,5.103235056075,-45.8788511382124,44.9776,44.97625,399557,"2023_02_28_0011","2023_02_28_0011_ev00330_rec1","no",7417
331,1,45.05155,-40.6607352084499,-53.2179451273208,-12.5572099188709,5.90000000000401,2.40000000000151,3.54999999999706,-43.9045641006418,-7.39982402923635,2.12983549526333,-157.749378139649,45.0515,45.0455,401031,"2023_02_28_0011","2023_02_28_0011_ev00331_rec1","no",7418
332,1,45.07235,-45.069266697664,-48.4426068246511,-3.37334012698713,0.299999999995748,0.200000000006639,0.199999999992428,-43.1158726259367,-3.46389457057485,2.55792677242872,48.8194385850229,45.07225,45.07195,401447,"2023_02_28_0011","2023_02_28_0011_ev00332_rec1","no",7419
333,1,45.2197,-42.5922105789279,-73.1168369095486,-30.5246263306206,1.75000000000125,3.94999999999612,4.75000000000136,-42.4279449598697,-25.6914457668876,5.90251750123798,-175.920537067726,45.2196,45.21765,404394,"2023_02_28_0011","2023_02_28_0011_ev00333_rec1","no",7420
334,1,45.30345,-41.7243882486012,-66.1900721361716,-24.4656838875703,2.60000000000105,6.90000000000168,7.5999999999965,-41.7036516049568,-22.8379895816524,8.25046206908789,-227.609176930842,45.3032,45.30045,406069,"2023_02_28_0011","2023_02_28_0011_ev00334_rec1","no",7421
335,1,45.332,-44.1391175603713,-46.191227059917,-2.05210949954569,0.0499999999945544,0.149999999997874,0.399999999999068,-42.6527648231903,-2.55759273347302,2.95283248739971,36.8711944914127,45.332,45.33175,406640,"2023_02_28_0011","2023_02_28_0011_ev00335_rec1","no",7422
336,1,45.35675,-44.9587666585981,-48.8383546770944,-3.87958801849629,0.10000000000332,24.9999999999915,22.1000000000018,-53.6122758163687,12.7612692786829,38.7487957418589,6.20748799017088,45.35655,45.35605,407135,"2023_02_28_0011","2023_02_28_0011_ev00336_rec1","no",7423
337,1,45.3755,-43.0325757225139,-58.5877559262119,-15.555180203698,1.54999999999461,12.8500000000003,9.79999999999848,-554409.679553909,554369.998269574,595731.823126989,-332.897774613257,45.37525,45.3735,407510,"2023_02_28_0011","2023_02_28_0011_ev00337_rec1","no",7424
338,1,45.4014,-44.6865082081968,-81.8394640441339,-37.1529558359371,2.39999999999441,7.84999999999769,6.79999999999836,-42.4312235259826,-37.3588659879724,8.03242649858104,-347.16248698125,45.3992,45.39675,408028,"2023_02_28_0011","2023_02_28_0011_ev00338_rec1","no",7425
339,1,45.46815,-41.7681785988712,-94.9650710279068,-53.1968924290356,3.99999999999778,8.50000000000506,7.30000000000075,-42.6558187562355,-51.5418718949542,7.25172713080525,-574.620814019486,45.4669,45.46285,409363,"2023_02_28_0011","2023_02_28_0011_ev00339_rec1","no",7426
340,1,45.5152,-43.7999763235263,-49.4492136975377,-5.64923737401138,0.199999999992428,0.0999999999962142,0,-41.2217080092799,-3.90813851910868,4.4888895025912,59.4109552610536,45.5152,45.515,410304,"2023_02_28_0011","2023_02_28_0011_ev00340_rec1","no",7427
341,1,45.5348,-42.3642548537337,-45.7525514061305,-3.38829655239672,0.400000000006173,22.9500000000016,20.6000000000017,-215056.356669562,215017.426448118,944812.584201113,-0.0764813829756399,45.53475,45.53435,410696,"2023_02_28_0011","2023_02_28_0011_ev00341_rec1","no",7428
342,1,45.584,-60.6068190198787,-64.3939450841389,-3.78712606426019,0.10000000000332,1.10000000000099,0.350000000004513,145508.683655647,-145570.89498994,259362.244878271,199.675047444868,45.58255,45.58235,411680,"2023_02_28_0011","2023_02_28_0011_ev00342_rec1","no",7429
343,1,45.6191,-53.1717429479355,-57.6573041265697,-4.48556117863424,0.0500000000016598,0.199999999999534,0,-34.032773937184,-19.8029242245961,36.1716118621855,169.395137284405,45.61885,45.61875,412382,"2023_02_28_0011","2023_02_28_0011_ev00343_rec1","no",7430
344,1,45.6854,-42.0107718367398,-74.3745066532796,-32.3637348165398,2.60000000000105,7.8500000000048,7.99999999999557,-44.7255301908848,-30.5727514243035,6.71354793177699,-357.540817479245,45.68435,45.6814,413708,"2023_02_28_0011","2023_02_28_0011_ev00344_rec1","no",7431
345,1,45.71505,-45.4350565331374,-57.4168613617014,-11.981804828564,1.55000000000882,1.50000000000006,3.70000000000203,-43.4274162817208,-8.74149365231254,12.0980413095155,-46.9795850232384,45.71495,45.7133,414301,"2023_02_28_0011","2023_02_28_0011_ev00345_rec1","no",7432
346,1,45.8326,-40.8780464124191,-46.8917285882832,-6.01368217586411,0.300000000002854,0.250000000008299,1.49999999999295,-41.0075212542376,-2.90180633929657,4.64423487695235,-18.5231845863515,45.8326,45.83225,416652,"2023_02_28_0011","2023_02_28_0011_ev00346_rec1","no",7433
347,1,45.9055,-42.1124822602811,-65.4880394317906,-23.3755571715095,2.9000000000039,11.8500000000026,15.0500000000022,-38.8070043554456,-22.6161141308141,23.6399632033797,-337.192898450758,45.90545,45.90245,418110,"2023_02_28_0011","2023_02_28_0011_ev00347_rec1","no",7434
348,1,45.9991,-45.3494102080667,-69.6738600736227,-24.3244498655559,6.95000000000334,20.8499999999958,16.5999999999968,-23.3542361296735,-47.3330250208121,39.2083042427391,-503.321477015832,45.9969,45.98875,419982,"2023_02_28_0011","2023_02_28_0011_ev00348_rec1","no",7435
349,1,46.55935,-43.6393257820878,-49.5349898582008,-5.895664076113,0.149999999997874,1.69999999999959,1.35000000000218,-41.1785074484583,-6.91718622290629,3.40399605098268,44.1981566532834,46.5592,46.5574,431187,"2023_02_28_0011","2023_02_28_0011_ev00349_rec1","no",7436
350,1,46.63335,-43.2073430064898,-69.1457250754316,-25.9383820689418,4.24999999999898,22.1499999999963,18.5000000000031,-6.98572054511605,-60.1962362842963,67.7344514667295,-581.898046364424,46.62725,46.6217,432667,"2023_02_28_0011","2023_02_28_0011_ev00350_rec1","no",7437
351,1,46.6728,-51.6239729770336,-57.5694241788961,-5.94545120186252,0.450000000000728,0.0500000000016598,0.500000000002387,-41.2758220343831,-13.3466445188079,8.08748275777299,203.591758599752,46.6728,46.6722,433456,"2023_02_28_0011","2023_02_28_0011_ev00351_rec1","no",7438
352,1,47.0093,-42.4008560663504,-60.7950197186131,-18.3941636522627,17.9500000000061,23.8000000000014,20.3500000000005,-28.7352121712578,-31.7643871178787,46.3221214921141,-492.118187402999,47.00905,46.9911,440186,"2023_02_28_0011","2023_02_28_0011_ev00352_rec1","no",7439
353,1,47.1257,-42.5597098404473,-53.5209475518511,-10.9612377114038,0.800000000005241,3.2499999999942,3.30000000000297,-44.3174518373716,-8.78781538839386,2.47703462234813,-87.9036753228343,47.12465,47.12375,442514,"2023_02_28_0011","2023_02_28_0011_ev00353_rec1","no",7440
354,1,47.3769,-43.0577259808269,-133.305633272185,-90.2479072913577,5.39999999999452,13.1999999999977,10.7499999999945,-40.9465042862434,-100.19532680026,10.3608628090572,-1361.3125631182,47.3753,47.36945,447538,"2023_02_28_0011","2023_02_28_0011_ev00354_rec1","no",7441
355,1,47.4462,-46.428746259934,-53.023872731743,-6.59512647180897,0.149999999997874,0.0999999999962142,0,-43.2188365520873,-3.2775955391921,2.31400104248003,88.6415345485822,47.4462,47.44605,448924,"2023_02_28_0011","2023_02_28_0011_ev00355_rec1","no",7442
356,1,47.49495,-45.0307165587664,-59.3136465567792,-14.2829299980128,5.09999999999877,13.7,8.05000000000433,-41.1186822272565,-14.1844661088746,18.5995641649469,-162.751447438159,47.4939,47.48355,449899,"2023_02_28_0011","2023_02_28_0011_ev00356_rec1","no",7443
357,1,47.5762,-47.1485025118533,-58.4817624057779,-11.3332598939246,2.00000000000244,16.1999999999978,14.8999999999972,-44.6120410279261,-15.7989263757637,17.4422417957445,-195.089854128741,47.5725,47.5702,451524,"2023_02_28_0011","2023_02_28_0011_ev00357_rec1","no",7444
358,1,47.7092,-44.2815100878517,-80.4511214980739,-36.1696114102221,6.05000000000189,10.150000000003,7.10000000000122,-46.2503079426523,-33.9700656506255,6.51592514524989,-441.207812107804,47.70865,47.70225,454184,"2023_02_28_0011","2023_02_28_0011_ev00358_rec1","no",7445
359,1,47.99905,-44.1128129915675,-62.3046140548598,-18.1918010632923,2.60000000000105,5.09999999999877,5.49999999999784,-42.0871470993881,-16.2992828198339,8.84577522749682,-110.044089179248,47.9989,47.996,459981,"2023_02_28_0011","2023_02_28_0011_ev00359_rec1","no",7446
360,1,48.1007,-42.7765514657721,-61.3984260763794,-18.6218746106073,2.6499999999956,5.79999999999359,6.05000000000189,-42.4600384730915,-14.7360418148063,8.46881956741688,-152.698608989078,48.09985,48.0972,462014,"2023_02_28_0011","2023_02_28_0011_ev00360_rec1","no",7447
361,1,48.2938,-40.7895227799524,-50.6710148370726,-9.88149205712021,0.800000000005241,5.44999999999618,4.79999999999592,-40.9630674417947,-7.43916944805444,6.33990026400823,-70.5289633600216,48.29255,48.29065,465876,"2023_02_28_0011","2023_02_28_0011_ev00361_rec1","no",7448
362,1,48.3861,-41.35946857713,-54.3076581847455,-12.9481896076156,2.6499999999956,6.9999999999979,8.04999999999723,-41.9152981582074,-12.1767104158804,7.63881820047609,-133.313066807541,48.38585,48.3828,467722,"2023_02_28_0011","2023_02_28_0011_ev00362_rec1","no",7449
363,1,48.45025,-44.9435365967057,-49.7032554862637,-4.75971888955796,0.0999999999962142,0.249999999994088,0,-43.3255458032087,-2.44488489483369,2.97702732067444,40.3007111813267,48.45005,48.4499,469005,"2023_02_28_0011","2023_02_28_0011_ev00363_rec1","no",7450
364,1,48.54325,-43.6184287699521,-50.5551821553817,-6.93675338542959,1.20000000000431,5.84999999999525,6.45000000000095,-43.1435537549295,-10.1046988926745,5.3809849201428,-52.798263356022,48.5425,48.54125,470865,"2023_02_28_0011","2023_02_28_0011_ev00364_rec1","no",7451
365,1,48.6002,-50.782927181932,-60.3688908082576,-9.58596362632556,1.59999999999627,2.00000000000244,1.84999999999746,-43.382040295605,-13.7588794950719,8.07592390593715,97.3381583417522,48.59915,48.59285,472004,"2023_02_28_0011","2023_02_28_0011_ev00365_rec1","no",7452
366,1,48.67875,-43.5147266157162,-75.5135172729149,-31.9987906571987,10.150000000003,20.150000000001,15.7000000000025,-5.45162158357724,-64.0519165575096,62.9140368011713,-642.03821753085,48.67735,48.66595,473575,"2023_02_28_0011","2023_02_28_0011_ev00366_rec1","no",7453
367,1,48.75635,-43.180682647474,-50.3546299607602,-7.17394731328618,0.199999999992428,13.7,12.5500000000045,-1002124.53356478,1002089.36331545,1179570.82205701,-142.525949950437,48.75625,48.75605,475127,"2023_02_28_0011","2023_02_28_0011_ev00367_rec1","no",7454
368,1,48.78275,-41.8107158248507,-74.1241008860624,-32.3133850612117,2.84999999999513,9.09999999999656,9.95000000000346,-41.2324224249521,-31.5501323037701,10.7717676289677,-375.920956634858,48.7824,48.77895,475655,"2023_02_28_0011","2023_02_28_0011_ev00368_rec1","no",7455
369,1,48.83555,-43.5359859800089,-46.0249575212943,-2.48897154128534,0.0500000000016598,0.999999999997669,0.900000000001455,-41.6768320145597,-4.7177006157044,1.74654152291681,46.7286269126001,48.83555,48.83515,476711,"2023_02_28_0011","2023_02_28_0011_ev00369_rec1","no",7456
370,1,48.8972,-44.1882944800571,-47.7664870827139,-3.57819260265673,0.0499999999945544,0.300000000002854,0.299999999995748,-41.8065415670996,-4.3964994458856,1.61712055036828,63.4444141349819,48.89695,48.8969,477944,"2023_02_28_0011","2023_02_28_0011_ev00370_rec1","no",7457
371,1,48.96505,-47.4463875091946,-96.9128430031566,-49.466455493962,1.4499999999984,8.40000000000174,8.69999999999749,-43.3998721272965,-58.3408662982856,9.06001234763964,-482.622279293652,48.9639,48.9624,479301,"2023_02_28_0011","2023_02_28_0011_ev00371_rec1","no",7458
372,1,49.04645,-50.6991141397025,-56.7213293780639,-6.02221523836145,0.399999999999068,0.149999999990769,0,-43.6896710735017,-8.59830089600179,9.88783869706767,126.566263981046,49.04645,49.0448,480929,"2023_02_28_0011","2023_02_28_0011_ev00372_rec1","no",7459
373,1,49.0844,-46.1990389066477,-125.739720165376,-79.540681258728,3.95000000000323,10.8999999999924,9.69999999999516,-42.0260505208592,-89.480092199597,9.92712745028432,-1011.24188747986,49.08265,49.0784,481688,"2023_02_28_0011","2023_02_28_0011_ev00373_rec1","no",7460
374,1,49.1561,-44.2704778214488,-47.2178506478336,-2.94737282638472,0.249999999994088,0.349999999997408,0.300000000002854,-42.4450869647094,-3.5510653980621,1.39608115238152,48.8665296589017,49.1561,49.15585,483122,"2023_02_28_0011","2023_02_28_0011_ev00374_rec1","no",7461
375,1,49.17605,-43.8499472273803,-48.3128178064575,-4.46287057907716,0.10000000000332,0.399999999999068,0.750000000003581,-42.3581275738289,-3.89835677922406,3.59139977477856,29.2291570279957,49.17585,49.17555,483521,"2023_02_28_0011","2023_02_28_0011_ev00375_rec1","no",7462
376,1,49.19495,-43.2506225987863,-48.3318156684241,-5.08119306963786,0.350000000004513,30.1499999999919,29.999999999994,-3790.57748585206,3748.26176459236,160407.823772791,15.2457659828936,49.19495,49.19405,483899,"2023_02_28_0011","2023_02_28_0011_ev00376_rec1","no",7463
377,1,49.5349,-42.1420080170712,-65.7711583777747,-23.6291503607035,1.15000000000265,3.90000000000157,5.70000000000448,-47.5390496874509,-13.6152440125317,4.05729565871354,-237.929716790304,49.5348,49.53355,490698,"2023_02_28_0011","2023_02_28_0011_ev00377_rec1","no",7464
378,1,49.66805,-47.3226152127058,-53.9729133682491,-6.65029815554333,2.0500000000041,1.49999999999295,0.10000000000332,-43.4600443271036,-6.41762700244899,6.96598666028136,68.0371725238103,49.668,49.66555,493361,"2023_02_28_0011","2023_02_28_0011_ev00378_rec1","no",7465
379,1,49.72285,-43.9777405889568,-51.8267920155989,-7.84905142664213,0.650000000000261,5.20000000000209,6.3999999999993,-40.7701535584639,-9.78322155434626,13.6481520280562,-29.2710610220494,49.7223,49.72165,494457,"2023_02_28_0011","2023_02_28_0011_ev00379_rec1","no",7466
380,1,49.8406,-42.1121044972234,-61.1242454672259,-19.0121409700025,1.89999999999912,6.89999999999458,7.05000000000666,-41.0914558532231,-17.5807617476931,9.04467400787106,-154.810225165871,49.8396,49.8374,496812,"2023_02_28_0011","2023_02_28_0011_ev00380_rec1","no",7467
381,2,50.11455,-41.795627703493,-75.1066446205245,-33.3110169170315,2.29999999999819,8.20000000000221,7.84999999999769,-44.0291905563964,-30.8708082010586,7.03852353960249,-371.699302908809,50.113,50.11035,2291,"2023_02_28_0011","2023_02_28_0011_ev00381_rec2","no",7468
382,2,50.1444,-43.767929505784,-47.539378183825,-3.77144867804103,0.300000000002854,0.249999999994088,0.300000000002854,-41.7870382664996,-3.57031331857984,5.40366585632218,39.3311677997556,50.14435,50.144,2888,"2023_02_28_0011","2023_02_28_0011_ev00382_rec2","no",7469
383,2,50.25045,-42.6104707204018,-61.7066947863852,-19.0962240659835,2.45000000000317,6.9999999999979,7.79999999999603,-41.7780128056992,-18.1552722819251,9.35901833852279,-169.725909725275,50.2503,50.24765,5009,"2023_02_28_0011","2023_02_28_0011_ev00383_rec2","no",7470
384,2,50.28545,-44.92482758327,-57.4614108810278,-12.5365832977578,0.600000000005707,6.35000000000474,4.85000000000468,-41.8210766438844,-15.7644335205919,6.80239209848881,-42.3138465493711,50.28305,50.2824,5709,"2023_02_28_0011","2023_02_28_0011_ev00384_rec2","no",7471
385,2,50.4374,-47.6294320288749,-89.0512512605875,-41.4218192317126,1.04999999999933,4.25000000000608,4.90000000000634,-43.9329561544898,-42.5092823324391,6.12167104036016,-178.556196792475,50.43725,50.43605,8748,"2023_02_28_0011","2023_02_28_0011_ev00385_rec2","no",7472
386,2,50.4969,-44.2901840390358,-50.7954009484925,-6.50521690945678,1.74999999999415,9.45000000000107,8.10000000000599,-42.3386874136759,-10.4331633589389,9.25817223729323,-55.9457378552177,50.4952,50.49345,9938,"2023_02_28_0011","2023_02_28_0011_ev00386_rec2","no",7473
387,2,50.62655,-42.4227359710523,-66.7487624333681,-24.3260264623157,1.35000000000218,4.24999999999898,5.84999999999525,-43.0410554534094,-21.2813913531046,6.2612215189864,-167.437103653638,50.62635,50.6248,12531,"2023_02_28_0011","2023_02_28_0011_ev00387_rec2","no",7474
388,2,50.69155,-43.2994951824189,-55.1999888650416,-11.9004936826227,4.60000000000349,1.04999999999933,1.84999999999746,-43.340316063408,-6.46491029361054,4.66883610705592,-67.223107793702,50.6914,50.68665,13831,"2023_02_28_0011","2023_02_28_0011_ev00388_rec2","no",7475
389,2,50.88905,-41.5052777378464,-53.2308848816528,-11.7256071438064,0.900000000001455,2.25000000000364,2.60000000000105,-41.9110940703306,-9.34762063857525,3.01915568128804,-53.6131865274698,50.8883,50.8873,17781,"2023_02_28_0011","2023_02_28_0011_ev00389_rec2","no",7476
390,2,50.97935,-42.2493951636501,-54.1697667342014,-11.9203715705513,1.10000000000099,5.94999999999857,7.6000000000036,-41.9092321443843,-9.09140824579344,11.6855733102091,-101.502894209624,50.97865,50.97735,19587,"2023_02_28_0011","2023_02_28_0011_ev00390_rec2","no",7477
391,2,51.24345,-42.8149069040234,-70.4200287253003,-27.6051218212769,0.699999999994816,4.04999999999944,4.50000000000017,-43.2997361763695,-28.5923205739595,4.17152356487839,-156.599439558219,51.24305,51.24235,24869,"2023_02_28_0011","2023_02_28_0011_ev00391_rec2","no",7478
392,2,51.4019,-44.1075453122988,-91.1502283478986,-47.0426830355998,1.94999999999368,4.04999999999944,4.6999999999997,-42.0443203417486,-43.3800442830788,5.83590958234431,-241.236667478061,51.40145,51.39925,28038,"2023_02_28_0011","2023_02_28_0011_ev00392_rec2","no",7479
393,2,51.48345,-42.8316662162277,-52.9395505206764,-10.1078843044487,0.399999999999068,5.04999999999711,6.19999999999976,-41.92781640808,-9.79533504749381,8.31303032361451,-72.6182875976603,51.48145,51.48055,29669,"2023_02_28_0011","2023_02_28_0011_ev00393_rec2","no",7480
394,2,51.55005,-45.6816054631177,-51.9021831728361,-6.22057770971836,0.199999999999534,0.0500000000016598,0.750000000003581,-41.9282256119116,-6.38383919563134,14.4237071445292,31.6133385102993,51.55005,51.54985,31001,"2023_02_28_0011","2023_02_28_0011_ev00394_rec2","no",7481
395,2,51.5865,-42.4664820785278,-49.8460961260649,-7.3796140475371,0.399999999999068,3.84999999999991,5.24999999999665,-42.240722224322,-6.66199929613852,6.44844947514252,-38.2424853954339,51.58645,51.5859,31730,"2023_02_28_0011","2023_02_28_0011_ev00395_rec2","no",7482
396,2,51.6871,-40.5057552406338,-83.3844598211191,-42.8787045804853,1.69999999999959,7.89999999999935,8.64999999999583,-40.4517402745743,-44.4292159392528,8.43674668486835,-432.91265013441,51.6863,51.68445,33742,"2023_02_28_0011","2023_02_28_0011_ev00396_rec2","no",7483
397,2,51.87675,-42.9625922625886,-48.7179653413575,-5.75537307876886,0.250000000001194,13.3499999999955,11.9499999999988,-154426.935133653,154389.202360504,250267.016684295,-121.725113925021,51.87675,51.87645,37535,"2023_02_28_0011","2023_02_28_0011_ev00397_rec2","no",7484
398,2,51.8981,-41.5691088856201,-64.7048743463908,-23.1357654607706,1.84999999999746,7.64999999999816,8.49999999999795,-41.4159678284345,-24.596691674444,8.16962101399809,-224.328017635551,51.8977,51.8958,37962,"2023_02_28_0011","2023_02_28_0011_ev00398_rec2","no",7485
399,2,51.98815,-39.8081395170484,-79.4027627712873,-39.594623254239,5.29999999999831,15.7999999999987,8.54999999999961,-614007.328200272,613960.23608085,713209.616161622,-693.559381304882,51.98785,51.9823,39763,"2023_02_28_0011","2023_02_28_0011_ev00399_rec2","no",7486
400,2,52.0167,-43.5439291978708,-79.7191771574316,-36.1752479595609,13.3999999999972,21.3499999999982,17.2999999999988,-36.6503056977516,-42.2880323712086,23.522208089101,-836.241550548207,52.0165,52.00145,40334,"2023_02_28_0011","2023_02_28_0011_ev00400_rec2","no",7487
401,2,52.0933,-46.8732005315835,-49.9553686073277,-3.08216807574426,0.10000000000332,2.69999999999726,3.55000000000416,-41.095863721509,-8.52384435419089,17.1226093407458,51.7361850175872,52.093,52.0929,41866,"2023_02_28_0011","2023_02_28_0011_ev00401_rec2","no",7488
402,2,52.16545,-41.756376335783,-64.5950427197704,-22.8386663839874,0.999999999997669,6.54999999999717,7.6000000000036,-42.2040996246172,-20.9572789881402,7.87506953072466,-200.971602764757,52.16475,52.1637,43309,"2023_02_28_0011","2023_02_28_0011_ev00402_rec2","no",7489
403,2,52.25895,-43.8467840939742,-48.0257046442676,-4.17892055029343,0.650000000000261,0.94999999999601,0.149999999997874,-41.7602773987416,-3.69257271105062,9.91422291194416,24.7283471391875,52.25875,52.2575,45179,"2023_02_28_0011","2023_02_28_0011_ev00403_rec2","no",7490
404,2,52.28375,-42.4114578750873,-45.318368472992,-2.90691059790468,0.0999999999962142,30.0999999999974,30.0000000000011,-2623.08662406979,2582.05334679745,150854.483925822,33.2896437625573,52.28375,52.2835,45675,"2023_02_28_0011","2023_02_28_0011_ev00404_rec2","no",7491
405,2,52.4691,-40.9917004312066,-72.7902422440762,-31.7985418128695,2.34999999999985,9.9000000000018,10.0499999999997,-41.8753528518254,-37.8060293882191,8.06976242593939,-390.504564385137,52.46825,52.46575,49382,"2023_02_28_0011","2023_02_28_0011_ev00405_rec2","no",7492
406,2,52.50495,-47.7732765587079,-50.2815526568908,-2.50827609818292,0.0500000000016598,0.10000000000332,0,-40.4960786012395,-7.37318388122295,13.7782764455319,128.222980506328,52.50495,52.5047,50099,"2023_02_28_0011","2023_02_28_0011_ev00406_rec2","no",7493
407,2,52.80575,-40.5515028182412,-55.1200708199786,-14.5685680017375,3.5000000000025,7.15000000000288,7.09999999999411,-41.3810519650984,-10.3045833434633,8.69257700991961,-160.093008450855,52.80435,52.80055,56115,"2023_02_28_0011","2023_02_28_0011_ev00407_rec2","no",7494
408,2,52.89535,-42.6959901375426,-49.2191233311154,-6.52313319357274,1.69999999999959,1.80000000000291,1.39999999999674,-39.9456014397174,-6.48118943910973,6.19377376941907,36.2025787374792,52.8953,52.8936,57907,"2023_02_28_0011","2023_02_28_0011_ev00408_rec2","no",7495
409,2,52.961,-40.0340103188763,-46.7073294924877,-6.67331917361147,0.650000000000261,26.9499999999994,13.5000000000005,-37992.3181439091,37950.7564439203,544058.562078252,-84.2540895984957,52.95995,52.9592,59220,"2023_02_28_0011","2023_02_28_0011_ev00409_rec2","no",7496
410,2,52.98115,-41.621303159159,-51.6319699624806,-10.0106668033216,0.450000000000728,1.15000000000265,1.84999999999746,-40.0939117775414,-6.18913688721498,11.1405893371734,-25.7751194171501,52.98035,52.97985,59623,"2023_02_28_0011","2023_02_28_0011_ev00410_rec2","no",7497
411,2,53.132,-40.6143734747304,-48.6817787485252,-8.06740527379484,0.250000000001194,10.2000000000046,13.3500000000026,-35.0932663396425,-13.1271846595883,30.726196883015,-92.0652711119423,53.13115,53.1307,62640,"2023_02_28_0011","2023_02_28_0011_ev00411_rec2","no",7498
412,2,53.3325,-43.5753668034641,-48.3829595171636,-4.80759271369953,0.399999999999068,0.349999999997408,0.300000000002854,-39.1377726260504,-6.33840951683219,16.4415175612006,44.1934144989274,53.3325,53.33195,66650,"2023_02_28_0011","2023_02_28_0011_ev00412_rec2","no",7499
413,2,53.43555,-43.0232506353246,-49.0423526652946,-6.01910202996994,0.350000000004513,0.799999999998136,0,-39.8950391329895,-3.88654657087228,10.1106158504206,54.284794108737,53.4348,53.43445,68711,"2023_02_28_0011","2023_02_28_0011_ev00413_rec2","no",7500
414,2,53.6096,-41.8052333715281,-65.519501256548,-23.7142678850199,6.95000000000334,22.7999999999966,19.6499999999986,-2.90133234129314,-64.5449420596347,64.8850688466968,-543.989521547434,53.60625,53.59925,72192,"2023_02_28_0011","2023_02_28_0011_ev00414_rec2","no",7501
415,2,53.8677,-40.004341416747,-60.3722881549567,-20.3679467382098,0.599999999998602,4.1000000000011,4.19999999999732,-40.7679898743496,-15.9040051902258,4.93866285961491,-126.50752754444,53.86665,53.86595,77354,"2023_02_28_0011","2023_02_28_0011_ev00415_rec2","no",7502
416,2,53.9158,-38.525373848938,-59.8361386061046,-21.3107647571666,1.30000000000052,3.14999999999799,4.60000000000349,-41.5029699934506,-14.1876325203856,4.35396644860935,-169.170343818662,53.9157,53.9143,78316,"2023_02_28_0011","2023_02_28_0011_ev00416_rec2","no",7503
417,2,54.00785,-41.2476365258059,-58.4496904200975,-17.2020538942917,2.34999999999985,4.50000000000017,5.45000000000329,-40.5335811025604,-13.6621368589868,8.2973832509682,-110.677750425476,54.00765,54.0052,80157,"2023_02_28_0011","2023_02_28_0011_ev00417_rec2","no",7504
418,2,54.31795,-42.2653373796734,-48.3278236229295,-6.06248624325612,0.399999999999068,0.249999999994088,0,-40.8628633401823,-2.69138675234754,4.73050405252747,28.3856749531622,54.31795,54.31755,86359,"2023_02_28_0011","2023_02_28_0011_ev00418_rec2","no",7505
419,2,54.3662,-41.7966963147168,-69.091839155256,-27.2951428405391,6.64999999999338,17.0499999999976,14.9000000000044,-33.3788142811466,-33.1405930554724,25.585739958647,-519.814952557055,54.3629,54.35515,87324,"2023_02_28_0011","2023_02_28_0011_ev00419_rec2","no",7506
420,2,54.80665,-41.7018620576237,-79.6443102958189,-37.9424482381952,3.90000000000157,9.89999999999469,10.4000000000042,-41.9755593295531,-35.5781821794533,10.9308714797208,-463.0807700023,54.8066,54.80255,96133,"2023_02_28_0011","2023_02_28_0011_ev00420_rec2","no",7507
421,2,54.8999,-41.3621254710514,-70.7630624014308,-29.4009369303794,2.54999999999939,7.89999999999935,8.1999999999951,-39.6719101647356,-32.2613090644627,8.72020577285817,-272.7834741589,54.8998,54.89695,97998,"2023_02_28_0011","2023_02_28_0011_ev00421_rec2","no",7508
422,2,54.93395,-41.9756240813092,-45.1456200587729,-3.16999597746371,0.0500000000016598,22.2999999999942,18.3500000000052,-45.2414614546666,6.17300599413593,16.9872794919643,-11.3446974531769,54.9339,54.93375,98679,"2023_02_28_0011","2023_02_28_0011_ev00422_rec2","no",7509
423,2,54.951,-37.4861329239499,-52.1947137944956,-14.7085808705457,2.3000000000053,6.45000000000095,7.30000000000075,-39.3432056107816,-12.7127160494237,5.7802863371031,-152.020035189154,54.9508,54.94805,99020,"2023_02_28_0011","2023_02_28_0011_ev00423_rec2","no",7510
424,2,55.1556,-40.6488105546276,-53.431783516375,-12.7829729617474,2.65000000000271,9.9000000000018,10.1000000000013,-40.6242631352042,-13.2061393374252,9.90286620977244,-159.149128415154,55.15495,55.1516,103112,"2023_02_28_0011","2023_02_28_0011_ev00424_rec2","no",7511
425,2,55.29935,-43.2049510777197,-48.685764552369,-5.48081347464928,0.799999999998136,4.55000000000183,4.25000000000608,-40.0267153967646,-10.1238165570068,6.42476136135359,23.5905887224636,55.29875,55.29785,105987,"2023_02_28_0011","2023_02_28_0011_ev00425_rec2","no",7512
426,2,55.5339,-45.0513865829795,-68.5418429092225,-23.490456326243,8.50000000000506,20.2999999999989,16.299999999994,-24.4416457981471,-44.6976474846448,38.633017585221,-466.474588147188,55.53305,55.5236,110678,"2023_02_28_0011","2023_02_28_0011_ev00426_rec2","no",7513
427,2,55.7986,-41.0355464214242,-50.9318992639147,-9.89635284249056,2.00000000000244,8.20000000000221,7.3499999999953,-40.5841482174502,-11.2719180446144,7.30685369869158,-95.7631625120039,55.79755,55.79505,115972,"2023_02_28_0011","2023_02_28_0011_ev00427_rec2","no",7514
428,2,56.1654,-46.7971146258443,-49.3774064668901,-2.58029184104583,0.94999999999601,0.0500000000016598,0,14.8938706138448,-61.2099784077718,302.539407586872,102.810707601152,56.1654,56.16445,123308,"2023_02_28_0011","2023_02_28_0011_ev00428_rec2","no",7515
429,2,56.18545,-43.1805167367534,-47.5645504261215,-4.38403368936817,0.0999999999962142,0.10000000000332,0,-41.0144164879774,-3.50215713927141,2.21128198532455,56.4918586576915,56.1853,56.1852,123709,"2023_02_28_0011","2023_02_28_0011_ev00429_rec2","no",7516
430,2,56.26025,-42.8794135492844,-66.449641054446,-23.5702275051616,6.1499999999981,23.0000000000032,16.7500000000018,-36.8289099660276,-29.646679810919,24.0340690372783,-554.486393647563,56.254,56.24625,125205,"2023_02_28_0011","2023_02_28_0011_ev00430_rec2","no",7517
431,2,56.37375,-39.3069691181545,-61.6016442556805,-22.2946751375261,5.25000000000375,15.2500000000018,14.249999999997,-36.869413817423,-24.2003919811816,17.4204403208252,-380.140285229515,56.37265,56.36705,127475,"2023_02_28_0011","2023_02_28_0011_ev00431_rec2","no",7518
432,2,56.7229,-42.7540051271698,-64.8498002798939,-22.0957951527241,6.30000000000308,15.900000000002,14.6500000000032,-37.4868153367175,-25.9148382499252,22.3499199178589,-405.709634735616,56.71925,56.7125,134458,"2023_02_28_0011","2023_02_28_0011_ev00432_rec2","no",7519
433,2,56.76315,-43.1259984333017,-47.8594177177921,-4.73341928449047,0.250000000001194,0.199999999999534,0,-38.3200401682461,-5.76567143728583,31.333607882426,31.8790339914812,56.76305,56.7628,135263,"2023_02_28_0011","2023_02_28_0011_ev00433_rec2","no",7520
434,2,56.81255,-55.0670989120574,-109.668673474043,-54.6015745619854,5.00000000000256,10.5500000000021,8.49999999999795,-42.9368312507086,-70.6814231469984,10.8625007094167,-579.386962498235,56.8114,56.8042,136251,"2023_02_28_0011","2023_02_28_0011_ev00434_rec2","no",7521
435,2,57.3758,-41.7517140797455,-60.8020872274229,-19.0503731476774,2.94999999999845,16.9999999999959,16.7000000000002,-42.6073770934482,-15.6797935643787,17.975181014307,-371.516315758884,57.3707,57.36735,147516,"2023_02_28_0011","2023_02_28_0011_ev00435_rec2","no",7522
436,2,57.5245,-41.6950748088496,-50.991129410035,-9.29605460118545,0.599999999998602,8.69999999999749,9.79999999999848,-42.6102193455888,-8.07360797854575,8.40919690304042,-107.563929971503,57.52325,57.52225,150490,"2023_02_28_0011","2023_02_28_0011_ev00436_rec2","no",7523
437,2,57.907,-42.56416162685,-53.0487620200105,-10.4846003931605,1.59999999999627,8.00000000000267,8.95000000000579,-40.5674195269983,-11.3228520871769,13.6603301600693,-93.3466857742842,57.90655,57.9048,158140,"2023_02_28_0011","2023_02_28_0011_ev00437_rec2","no",7524
438,2,58.1106,-42.4299867407744,-105.06674063301,-62.6367538922361,2.0500000000041,7.44999999999862,9.35000000000485,-46.2045427437585,-52.2037820503354,9.42772387164383,-678.605180040096,58.1102,58.10795,162212,"2023_02_28_0011","2023_02_28_0011_ev00438_rec2","no",7525
439,2,58.1841,-45.2448202795796,-107.921324875672,-62.6765045960922,1.00000000000477,6.70000000000215,8.35000000000008,-45.0581581240337,-59.618183580835,8.90038892909638,-566.140139891553,58.1837,58.1826,163682,"2023_02_28_0011","2023_02_28_0011_ev00439_rec2","no",7526
440,2,58.25525,-44.3200363636997,-54.9202773105593,-10.6002409468596,0.450000000000728,3.69999999999493,4.30000000000064,-43.7562597737023,-9.4999806887361,5.73835326299298,-49.5657497925288,58.2545,58.2529,165105,"2023_02_28_0011","2023_02_28_0011_ev00440_rec2","no",7527
441,2,58.36795,-46.3190828323494,-67.3031545607292,-20.9840717283797,5.74999999999903,15.8999999999949,14.8500000000027,-31.0793123152354,-34.6588902481585,36.2588825873567,-383.768979188381,58.36445,58.35805,167359,"2023_02_28_0011","2023_02_28_0011_ev00441_rec2","no",7528
442,2,58.5129,-44.6042189811674,-94.1130378595144,-49.508818878347,2.24999999999653,8.65000000000293,11.2499999999969,-47.429300203847,-41.4805124888205,11.4452425252837,-597.697472866453,58.5126,58.5103,170258,"2023_02_28_0011","2023_02_28_0011_ev00442_rec2","no",7529
443,2,58.6622,-42.8331286441837,-56.6583109640969,-13.8251823199131,2.25000000000364,6.34999999999764,7.5999999999965,-42.6023265365178,-11.1027513494551,10.4000756438802,-143.263137703677,58.66015,58.65775,173244,"2023_02_28_0011","2023_02_28_0011_ev00443_rec2","no",7530
444,2,58.81355,-44.1697694601432,-46.3211675367991,-2.15139807665589,0.0500000000016598,30.2500000000023,30.0000000000011,-10139.7894837728,10097.515898088,283011.597888963,40.6338327353007,58.81355,58.8129,176271,"2023_02_28_0011","2023_02_28_0011_ev00444_rec2","no",7531
445,2,58.85065,-43.1833450301949,-46.1243092803249,-2.94096425013002,0.250000000001194,30.2000000000078,30.0000000000011,-28772.7493524622,28731.8805728068,268146.880047797,21.5050373302827,58.85065,58.85035,177013,"2023_02_28_0011","2023_02_28_0011_ev00445_rec2","no",7532
446,2,58.88185,-41.2014540259802,-95.8362436744816,-54.6347896485014,1.80000000000291,9.89999999999469,12.0500000000021,-42.2381679526058,-52.0473428933893,12.0926803360948,-690.554482804396,58.8814,58.87935,177637,"2023_02_28_0011","2023_02_28_0011_ev00446_rec2","no",7533
447,2,59.14415,-41.876807956631,-58.1170553329567,-16.2402473763257,0.999999999997669,7.6000000000036,19.4000000000045,-47.8278148934192,-8.50868474827942,3.88868616358654,-241.45609180529,59.1427,59.1414,182883,"2023_02_28_0011","2023_02_28_0011_ev00447_rec2","no",7534
448,2,59.17385,-44.9902336108887,-57.14532787366,-12.1550942627713,2.39999999999441,14.3999999999949,12.1499999999983,-8.98276812657895,-46.5513740503978,87.4658137204968,-146.385035052001,59.17115,59.1681,183477,"2023_02_28_0011","2023_02_28_0011_ev00448_rec2","no",7535
449,2,59.3407,-44.523445811365,-48.0312160697898,-3.50777025842476,0.199999999999534,0.0500000000016598,0,-40.483255035062,-4.15312701800537,11.8174057268203,75.0573097103608,59.34055,59.3403,186814,"2023_02_28_0011","2023_02_28_0011_ev00449_rec2","no",7536
450,2,59.452,-40.8220028553236,-47.3682696545513,-6.54626679922773,1.15000000000265,8.90000000000413,6.70000000000215,-182153.298678066,182113.354384855,368444.024534777,-204.411223796278,59.4517,59.4504,189040,"2023_02_28_0011","2023_02_28_0011_ev00450_rec2","no",7537
451,2,59.4784,-46.3867218262426,-59.0350572795527,-12.6483354533101,1.24999999999886,7.89999999999935,4.59999999999638,-44.3930020972974,-15.0244906176051,5.64898519090428,-76.6838499004774,59.4745,59.47295,189568,"2023_02_28_0011","2023_02_28_0011_ev00451_rec2","no",7538
452,2,59.5184,-46.0991030037222,-51.1057811210477,-5.00667811732547,0.0500000000016598,0.10000000000332,0,-43.2417739775452,-3.7402104108549,8.21999271276677,55.303914734572,59.5184,59.51805,190368,"2023_02_28_0011","2023_02_28_0011_ev00452_rec2","no",7539
453,2,59.657,-42.1682274052914,-48.6034437476564,-6.435216342365,0.149999999997874,0.549999999996942,0.700000000001921,-40.6172859798143,-5.56978530756963,1.95568648841665,34.4462175822163,59.65685,59.6567,193140,"2023_02_28_0011","2023_02_28_0011_ev00453_rec2","no",7540
454,2,59.7422,-40.1561829921344,-64.1705771599164,-24.014394167782,1.75000000000125,5.70000000000448,5.90000000000401,-42.2787228370071,-20.9737774470844,5.23030732927615,-212.341007371477,59.74175,59.73985,194844,"2023_02_28_0011","2023_02_28_0011_ev00454_rec2","no",7541
455,2,59.79035,-40.8133799347409,-59.4884165876281,-18.6750366528872,8.09999999999889,19.599999999997,30.0000000000011,-49.5486192631153,-9.37012648241622,5.41889770257923,-408.676851554293,59.7902,59.78095,195807,"2023_02_28_0011","2023_02_28_0011_ev00455_rec2","no",7542
456,2,59.86095,-41.5284791762113,-57.2325759332232,-15.704096757012,1.20000000000431,7.04999999999956,9.29999999999609,-41.5324375441869,-12.9955033041736,11.5699524400207,-156.86826584248,59.86055,59.8591,197219,"2023_02_28_0011","2023_02_28_0011_ev00456_rec2","no",7543
457,2,59.91025,-43.0323898152781,-48.2597999485006,-5.22741013322248,0.349999999997408,0.0999999999962142,0.599999999998602,-40.8130890635516,-4.80092526178655,4.2434484442103,45.507671278344,59.91025,59.90985,198205,"2023_02_28_0011","2023_02_28_0011_ev00457_rec2","no",7544
458,2,59.9769,-42.3988550649259,-52.2431037093964,-9.84424864447054,1.14999999999554,30.7999999999993,30.0000000000011,-47.6809346024705,-3.98993696537621,1.06839941512579,-180.005555322677,59.9755,59.9739,199538,"2023_02_28_0011","2023_02_28_0011_ev00458_rec2","no",7545
459,2,60.00055,-43.5320400000417,-59.8144493103027,-16.2824093102611,1.00000000000477,5.44999999999618,5.25000000000375,-44.0844288825755,-16.3898920881955,4.79358983367501,-124.186516155868,59.99925,59.99805,200011,"2023_02_28_0011","2023_02_28_0011_ev00459_rec2","no",7546
460,2,60.0336,-48.0143191019694,-57.3730430603027,-9.35872395833334,2.40000000000151,3.45000000000084,2.00000000000244,46258.3449460218,-46310.3203880229,184603.580182405,-15.1926689783733,60.0336,60.0297,200672,"2023_02_28_0011","2023_02_28_0011_ev00460_rec2","no",7547
461,2,60.07415,-46.4157792954218,-64.697265625,-18.2814863295782,3.84999999999991,10.1000000000013,10.8999999999924,-37.4787734100798,-25.9209220304865,21.6995664094976,-187.892372485569,60.07385,60.06985,201483,"2023_02_28_0011","2023_02_28_0011_ev00461_rec2","no",7548
462,2,60.1569,-43.5965365455264,-59.2040977478027,-15.6075612022763,2.70000000000437,7.84999999999769,9.49999999999562,-39.6211464497982,-16.2919926844555,18.4803343774376,-142.650056861696,60.15635,60.15355,203138,"2023_02_28_0011","2023_02_28_0011_ev00462_rec2","no",7549
463,2,60.39595,-41.7364180428641,-74.462890625,-32.7264725821359,1.14999999999554,5.99999999999312,6.00000000000023,-43.5265304575619,-31.0938222402705,5.44942391446869,-273.98535660335,60.3948,60.3935,207919,"2023_02_28_0011","2023_02_28_0011_ev00463_rec2","no",7550
464,2,60.47155,-44.8753682091123,-63.4765586853027,-18.6011904761905,1.69999999999959,6.49999999999551,7.44999999999862,-41.7099440133668,-22.5364900015932,9.20410380423468,-121.858872522627,60.4715,60.46965,209431,"2023_02_28_0011","2023_02_28_0011_ev00464_rec2","no",7551
465,2,60.5417,-45.4857197716123,-54.9316368103027,-9.44591703869047,0.599999999998602,2.69999999999726,2.0500000000041,-42.5284061999186,-9.10707433303547,5.9798007695432,19.9047167278472,60.54035,60.53915,210834,"2023_02_28_0011","2023_02_28_0011_ev00465_rec2","no",7552
466,2,60.56915,-41.8817398434594,-49.4384727478027,-7.55673290434338,0.300000000002854,0.250000000001194,0.149999999997874,-41.2778231835197,-3.61152426360574,2.82777623154004,6.69351294835411,60.56915,60.56885,211383,"2023_02_28_0011","2023_02_28_0011_ev00466_rec2","no",7553
467,2,60.72895,-47.752739860898,-53.1005821228027,-5.34784226190476,0.350000000004513,0.0999999999962142,0,-41.4047658092455,-7.30617056371128,13.6043088073674,100.63533699399,60.7282,60.72635,214579,"2023_02_28_0011","2023_02_28_0011_ev00467_rec2","no",7554
468,2,60.74905,-42.8408635457357,-46.3867149353027,-3.54585138956705,0.399999999999068,0.999999999997669,1.15000000000265,-42.0744167081027,-3.35003193709232,2.43711432577707,13.6173748970032,60.74905,60.74865,214981,"2023_02_28_0011","2023_02_28_0011_ev00468_rec2","no",7555
469,2,60.92155,-41.4167108081636,-75.0732421875,-33.6565313793364,0.900000000001455,7.30000000000075,4.30000000000064,-570.000920901659,527.036559847772,206.358505801647,-1181.35720913751,60.9209,60.91995,218431,"2023_02_28_0011","2023_02_28_0011_ev00469_rec2","no",7556
470,2,60.94125,-45.1078830900646,-151.9775390625,-106.869655972435,1.55000000000172,8.04999999999723,8.40000000000174,-67.5106861237999,-97.4699399981697,4.82935942585415,-1396.06878183002,60.93975,60.93795,218825,"2023_02_28_0011","2023_02_28_0011_ev00470_rec2","no",7557
471,2,60.9637,-55.716374533517,-88.5009689331055,-32.7845943995884,0.900000000001455,10.6500000000054,14.4999999999982,40059.0507480372,-40138.4963071425,50141.0964989785,-398.080067498343,60.96275,60.9617,219274,"2023_02_28_0011","2023_02_28_0011_ev00471_rec2","no",7558
472,2,61.1154,-42.3467690604074,-51.2695274353027,-8.92275837489537,0.650000000000261,1.74999999999415,4.1000000000011,-41.0316138192518,-6.31207767403279,13.0651947825533,-39.5362560680934,61.11535,61.1146,222308,"2023_02_28_0011","2023_02_28_0011_ev00472_rec2","no",7559
473,2,61.15985,-40.3122656685965,-79.9560546875,-39.6437890189035,1.55000000000172,6.90000000000168,8.74999999999915,-45.921927450823,-32.1160332914078,6.90255350466877,-428.963753877367,61.1597,61.1581,223197,"2023_02_28_0011","2023_02_28_0011_ev00473_rec2","no",7560
474,2,61.2834,-39.8472355433873,-83.6181564331055,-43.7709208897182,1.55000000000172,7.84999999999769,9.45000000000107,-45.810171162858,-37.3745786634339,7.29471465711723,-513.002636132921,61.28275,61.2811,225668,"2023_02_28_0011","2023_02_28_0011_ev00474_rec2","no",7561
475,2,61.3454,-42.9861848013742,-64.0869140625,-21.1007292611258,1.69999999999959,5.74999999999903,6.85000000000002,-43.8372849917585,-19.2617904218633,6.70944602966546,-176.443919699533,61.3452,61.3432,226908,"2023_02_28_0011","2023_02_28_0011_ev00475_rec2","no",7562
476,2,61.505,-41.5039031619117,-48.2177696228027,-6.713866460891,0.250000000008299,12.9500000000036,11.0500000000044,-223678.642808894,223640.866132592,398490.08054074,-142.257688658578,61.5048,61.50445,230100,"2023_02_28_0011","2023_02_28_0011_ev00476_rec2","no",7563
477,2,61.5387,-43.3640218462263,-79.345703125,-35.9816812787737,9.34999999999775,21.3999999999999,19.3999999999974,-29.9515171015195,-48.3191165542116,32.742171133879,-749.921577317374,61.53735,61.52765,230774,"2023_02_28_0011","2023_02_28_0011_ev00477_rec2","no",7564
478,2,61.5889,-45.0206900097075,-49.4384727478027,-4.41778273809524,0.150000000004979,30.2499999999952,30.0000000000011,-89895.6921525426,89854.1451929186,594702.196599703,35.8305288496471,61.5887,61.58855,231778,"2023_02_28_0011","2023_02_28_0011_ev00478_rec2","no",7565
479,2,61.61955,-43.2768287658691,-61.6455039978027,-18.3686752319336,1.35000000000218,9.95000000000346,11.2999999999985,-41.5286977694848,-18.1724998671372,14.9897294582832,-218.442633247375,61.6182,61.61675,232391,"2023_02_28_0011","2023_02_28_0011_ev00479_rec2","no",7566
480,2,61.65655,-49.8453737894694,-54.3212852478027,-4.47591145833334,0.10000000000332,14.2999999999986,11.650000000003,-49390.8732185486,49342.2958489704,196488.257477697,-76.1006703694662,61.65635,61.6562,233131,"2023_02_28_0011","2023_02_28_0011_ev00480_rec2","no",7567
481,2,61.67875,-45.1369474501837,-64.697265625,-19.5603181748163,1.40000000000384,9.050000000002,10.2999999999938,-43.6085465727797,-19.0679428761182,13.2835071008579,-215.932213528951,61.6777,61.676,233575,"2023_02_28_0011","2023_02_28_0011_ev00481_rec2","no",7568
482,2,61.7123,-44.8172398521787,-53.7109336853027,-8.89369383312407,0.599999999998602,2.25000000000364,5.94999999999857,26133.6021709208,-26183.3620931762,94649.2937542289,-27.8058692205519,61.71215,61.71155,234246,"2023_02_28_0011","2023_02_28_0011_ev00482_rec2","no",7569
483,2,61.7443,-42.3177047002883,-45.1660118103027,-2.84830711001442,0.349999999997408,1.1999999999972,1.85000000000457,-40.8284133922093,-3.68035041658397,4.94618356542957,25.2430977503458,61.74415,61.74365,234886,"2023_02_28_0011","2023_02_28_0011_ev00483_rec2","no",7570
484,2,61.8917,-45.5729130336217,-57.9833946228027,-12.4104815891811,1.1999999999972,8.44999999999629,8.24999999999676,-36.4313522866691,-19.2841746615304,24.3178309738917,-85.0982659612383,61.88995,61.88875,237834,"2023_02_28_0011","2023_02_28_0011_ev00484_rec2","no",7571
485,2,62.0001,-47.0551952180408,-67.138671875,-20.0834766569592,1.30000000000052,6.90000000000168,7.69999999999982,-42.3373682651979,-26.5923650488365,9.82534426437308,-129.411981310163,61.99975,61.99835,240002,"2023_02_28_0011","2023_02_28_0011_ev00485_rec2","no",7572
486,2,62.08785,-44.7591109502883,-68.9697265625,-24.2106156122117,5.49999999999784,18.5000000000031,12.6999999999953,-36.4181163239615,-29.953750936332,23.1317290016965,-437.698380456652,62.08145,62.07575,241757,"2023_02_28_0011","2023_02_28_0011_ev00486_rec2","no",7573
487,2,62.2275,-39.4403355916341,-54.3212852478027,-14.8809496561686,2.44999999999607,10.2000000000046,11.8000000000009,-43.0633985950071,-9.63228212543984,7.227798198185,-233.463012091319,62.22425,62.2213,244550,"2023_02_28_0011","2023_02_28_0011_ev00487_rec2","no",7574
488,2,62.2531,-42.753670102074,-45.7763633728027,-3.0226932707287,0.849999999999795,0.449999999993622,0,-14.8657824256109,-28.0450946033966,193.47531025075,55.9430456706456,62.253,62.25195,245062,"2023_02_28_0011","2023_02_28_0011_ev00488_rec2","no",7575
489,2,62.26455,-40.719166528611,-45.1660118103027,-4.44684528169178,0.199999999999534,0.250000000001194,0,-39.7244589481452,-2.52639123552283,4.65932526063964,17.3339870134989,62.26455,62.26425,245291,"2023_02_28_0011","2023_02_28_0011_ev00489_rec2","no",7576
490,2,62.3204,-44.4684671674456,-50.0488243103027,-5.58035714285715,0.0999999999962142,0.699999999994816,0.94999999999601,-42.0382802722007,-5.38618791609477,5.3883043198718,42.9861722128731,62.3199,62.31925,246408,"2023_02_28_0011","2023_02_28_0011_ev00490_rec2","no",7577
491,2,62.4175,-41.329517364502,-64.697265625,-23.367748260498,1.14999999999554,8.35000000000008,10.4499999999987,-42.7174481827483,-18.226156970801,11.3446457555033,-272.942649078369,62.41665,62.4154,248350,"2023_02_28_0011","2023_02_28_0011_ev00491_rec2","no",7578
492,2,62.637,-44.9625612894694,-63.4765586853027,-18.5139973958333,2.15000000000032,10.6500000000054,11.5499999999997,-39.7617361268083,-19.8917324589588,23.0863122887587,-236.028038914998,62.63455,62.63215,252740,"2023_02_28_0011","2023_02_28_0011_ev00492_rec2","no",7579
493,2,62.81065,-41.213260105678,-57.9833946228027,-16.7701345171247,1.89999999999912,7.09999999999411,9.39999999999941,-42.9695661050543,-11.7664853126362,9.67276376535318,-179.732512024471,62.8106,62.80855,256213,"2023_02_28_0011","2023_02_28_0011_ev00493_rec2","no",7580
494,2,62.84935,-43.7127939860026,-64.0869140625,-20.3741200764974,0.450000000000728,3.54999999999706,4.099999999994,-42.7723957899808,-20.2206179506511,4.7021612570406,-81.4056450843812,62.8488,62.84835,256987,"2023_02_28_0011","2023_02_28_0011_ev00494_rec2","no",7581
495,2,62.97255,-44.9625612894694,-62.2558555603027,-17.2932942708333,4.15000000000276,9.45000000000107,12.3499999999979,-16.967021245475,-41.5777743929753,65.017940605966,-185.312908045451,62.97195,62.96775,259451,"2023_02_28_0011","2023_02_28_0011_ev00495_rec2","no",7582
496,2,63.13555,-40.9807457696824,-51.2695274353027,-10.2887816656203,1.55000000000172,6.59999999999883,30.0000000000011,-45.3081214420595,-4.55656850279722,2.48753798154187,-157.281007112776,63.1342,63.13185,262711,"2023_02_28_0011","2023_02_28_0011_ev00496_rec2","no",7583
497,2,63.16055,-40.5157152811686,-58.5937461853027,-18.0780309041341,1.50000000000006,4.50000000000017,4.94999999999379,-42.6258247022877,-11.2683163116426,5.5107165995004,-151.790047645569,63.1599,63.15835,263211,"2023_02_28_0011","2023_02_28_0011_ev00497_rec2","no",7584
498,2,63.207,-45.5729128519694,-50.0488243103027,-4.47591145833334,0.199999999992428,30.8499999999938,29.999999999994,-41574.2627140749,41531.2968307527,392601.963325857,29.9529905319213,63.2062,63.206,264140,"2023_02_28_0011","2023_02_28_0011_ev00498_rec2","no",7585
499,2,63.23815,-41.9689327421642,-64.697265625,-22.7283328828358,1.50000000000006,8.15000000000055,7.80000000000314,-41.2975294990867,-22.5441592208006,8.5533186094679,-221.378134450458,63.23605,63.2345,264763,"2023_02_28_0011","2023_02_28_0011_ev00499_rec2","no",7586
500,2,63.26695,-42.0851900009882,-46.3867149353027,-4.30152493431454,0.150000000004979,0.799999999998136,1.14999999999554,-41.2154490025949,-3.57660429788941,3.01295962344747,14.1027368318468,63.26675,63.2666,265339,"2023_02_28_0011","2023_02_28_0011_ev00500_rec2","no",7587
501,2,63.3277,-43.3640218462263,-67.138671875,-23.7746500287737,6.29999999999598,22.9500000000016,22.6499999999987,71663.0104952428,-71726.9293521726,138304.036561737,-549.003966958182,63.32355,63.317,266554,"2023_02_28_0011","2023_02_28_0011_ev00501_rec2","no",7588
502,2,63.42485,-42.8117988223121,-46.3867149353027,-3.57491611299061,0.0500000000016598,0.0999999999962142,0,-41.6387943655428,-2.44522470131994,3.82118051962754,25.3055933861505,63.4247,63.42465,268497,"2023_02_28_0011","2023_02_28_0011_ev00502_rec2","no",7589
503,2,63.52765,-44.6428533281599,-50.0488243103027,-5.40597098214285,0.150000000004979,1.00000000000477,0,-42.2435563366917,-4.38634689254477,1.76768184997779,62.2209638323104,63.5266,63.52635,270553,"2023_02_28_0011","2023_02_28_0011_ev00503_rec2","no",7590
504,2,63.7834,-42.6664777483259,-59.8144493103027,-17.1479715619768,1.4499999999984,6.45000000000095,9.00000000000034,-42.857614213127,-14.5185315884439,10.5081875028243,-164.31678609848,63.78325,63.7817,275668,"2023_02_28_0011","2023_02_28_0011_ev00504_rec2","no",7591
505,2,63.86325,-42.6955417451404,-67.7490234375,-25.0534816923596,7.64999999999816,17.8000000000011,13.7,-40.3302374075056,-23.0551581614251,20.0344759427987,-457.123511972881,63.85845,63.85015,277265,"2023_02_28_0011","2023_02_28_0011_ev00505_rec2","no",7592
506,2,63.90735,-43.9743734087263,-46.3867149353027,-2.41234152657645,0.149999999997874,0.250000000001194,0.399999999999068,-41.2317649470204,-4.19503862112364,2.62270599987224,70.3880487305778,63.90705,63.9069,278147,"2023_02_28_0011","2023_02_28_0011_ev00506_rec2","no",7593
507,2,64.2072,-42.433962504069,-46.3867149353027,-3.95275243123373,0.149999999990769,0.349999999997408,0.649999999993156,-40.486932900879,-4.40267081371246,2.52153205289247,46.4680744489033,64.20705,64.2069,284144,"2023_02_28_0011","2023_02_28_0011_ev00507_rec2","no",7594
508,2,64.2495,-41.6782895042783,-47.6074180603027,-5.92912855602446,0.149999999990769,0.200000000006639,0.200000000006639,-40.8891672730606,-6.99516492133023,0.206600115809796,20.6909056981405,64.24935,64.2492,284990,"2023_02_28_0011","2023_02_28_0011_ev00508_rec2","no",7595
509,2,64.34495,-40.5447801862444,-47.6074180603027,-7.06263787405832,0.450000000000728,5.84999999999525,3.74999999999659,-41.2776497538616,-6.84407891526525,2.89469773101324,-62.3691836220879,64.3422,64.34135,286899,"2023_02_28_0011","2023_02_28_0011_ev00509_rec2","no",7596
510,2,64.44935,-46.3576505751837,-49.4384727478027,-3.08082217261905,0.600000000005707,0.849999999999795,0,36770.4712776785,-36815.317506617,277973.779379241,105.058199414753,64.4492,64.4484,288987,"2023_02_28_0011","2023_02_28_0011_ev00510_rec2","no",7597
511,2,64.46405,-43.364021664574,-45.7763633728027,-2.4123417082287,0.349999999997408,0.0500000000016598,0,-41.3452999331859,-2.7824922128331,5.20287797090541,46.1236631892976,64.46405,64.4637,289281,"2023_02_28_0011","2023_02_28_0011_ev00511_rec2","no",7598
512,2,64.5657,-42.0270616440546,-45.1660118103027,-3.13895016624814,0.249999999994088,11.8499999999955,11.2000000000023,-341490.545546574,341456.734086971,408209.28834267,-130.183659403665,64.5657,64.56545,291314,"2023_02_28_0011","2023_02_28_0011_ev00512_rec2","no",7599
513,2,64.60255,-42.4048979622977,-78.7353515625,-36.3304536002023,12.7999999999986,15.7999999999987,4.85000000000468,-43.7326121721965,-31.9198167553506,5.02082514908437,-492.284160614014,64.60175,64.5886,292051,"2023_02_28_0011","2023_02_28_0011_ev00513_rec2","no",7600
514,2,64.80235,-41.3295175461542,-45.1660118103027,-3.83649426414853,0.0500000000016598,2.49999999999773,2.34999999999275,-40.2418659854368,-5.03230286310675,3.37568235144646,13.9181928452992,64.8015,64.80145,296047,"2023_02_28_0011","2023_02_28_0011_ev00514_rec2","no",7601
515,2,64.8489,-43.6256010872977,-50.0488243103027,-6.42322322300502,1.24999999999886,0.0500000000016598,0,35842.790855185,-35888.1925461392,218121.799903045,19.4287947790963,64.8489,64.84715,296978,"2023_02_28_0011","2023_02_28_0011_ev00515_rec2","no",7602
516,2,64.8658,-43.3058929443359,-48.2177696228027,-4.9118766784668,0.699999999994816,0.599999999991496,0,-39.6946536233629,-4.64166405213785,8.8030747353067,68.0919502258301,64.8658,64.86505,297316,"2023_02_28_0011","2023_02_28_0011_ev00516_rec2","no",7603
517,2,64.88215,-42.2305116199312,-44.5556602478027,-2.32514862787156,0.299999999995748,0.249999999994088,0.200000000006639,-40.074271898795,-3.48785044963779,1.3024109895922,59.717769654592,64.88215,64.88185,297643,"2023_02_28_0011","2023_02_28_0011_ev00517_rec2","no",7604
518,2,64.98275,-43.5384078252883,-81.1767501831055,-37.6383423578172,12.2500000000088,20.5500000000001,13.7,-40.1350453468565,-42.4883127854208,15.3018443658707,-737.234447538281,64.98135,64.96865,299655,"2023_02_28_0011","2023_02_28_0011_ev00518_rec2","no",7605
519,2,65.0631,-39.6323100250201,-57.0842674140518,-17.4519573890317,3.95000000000323,6.70000000000925,6.45000000000095,-41.3369703761271,-12.1261241401095,6.89969696146132,-180.16472041974,65.06295,65.0588,301262,"2023_02_28_0011","2023_02_28_0011_ev00519_rec2","no",7606
520,2,65.21145,-43.1848491526987,-56.1262565140063,-12.9414073613077,3.29999999999586,6.3999999999993,4.59999999999638,-40.4102880242539,-14.6206383619247,6.96574479748429,-55.4876107706456,65.21095,65.2071,304229,"2023_02_28_0011","2023_02_28_0011_ev00520_rec2","no",7607
521,2,65.41675,-40.9302879551795,-45.5214120927156,-4.59112413753616,0.300000000009959,0.199999999992428,0,-38.6758059551969,-3.39899170572954,6.28246377856359,45.5287542690386,65.4167,65.4163,308335,"2023_02_28_0011","2023_02_28_0011_ev00521_rec2","no",7608
522,2,65.6253,-41.4107815564354,-58.7628400123431,-17.3520584559077,2.05000000001121,10.6499999999983,13.3500000000026,-36.6670625349732,-21.3701836306399,20.5911637645506,-220.00635944786,65.6251,65.6229,312506,"2023_02_28_0011","2023_02_28_0011_ev00522_rec2","no",7609
523,2,65.65785,-45.3835039725992,-48.0497677705365,-2.66626379793728,0.249999999994088,0.249999999994088,0,-39.5005157154585,-6.66175491651034,4.52507466586574,146.28108962904,65.65785,65.6576,313157,"2023_02_28_0011","2023_02_28_0011_ev00523_rec2","no",7610
524,2,65.71635,-38.5359258945138,-75.523395797738,-36.9874699032242,15.6999999999954,25.2499999999998,18.400000000014,-26.4973237736175,-47.0028131658557,30.5217104153108,-934.249893002779,65.71525,65.69935,314327,"2023_02_28_0011","2023_02_28_0011_ev00524_rec2","no",7611
525,2,65.75685,-42.4918628639338,-46.170030586486,-3.67816772255227,0.299999999995748,0.649999999993156,0.550000000004047,-40.5663192961791,-4.12264819151063,2.36226330906913,46.7535246832587,65.75675,65.7563,315137,"2023_02_28_0011","2023_02_28_0011_ev00525_rec2","no",7612
526,2,65.8765,-41.0346911237825,-43.5886347022848,-2.55394357850227,0.349999999997408,1.15000000000975,1.05000000000643,-38.9774707464539,-4.77151469613202,2.29343012235829,49.9782626813121,65.8765,65.87615,317530,"2023_02_28_0011","2023_02_28_0011_ev00526_rec2","no",7613
527,2,65.92485,-38.316832977107,-51.0406903906878,-12.7238574135808,1.59999999999627,5.04999999999711,5.64999999998861,-40.9673468523264,-6.45268752784112,4.94054936117197,-138.800345895889,65.9232,65.9208,318497,"2023_02_28_0011","2023_02_28_0011_ev00527_rec2","no",7614
528,2,66.1336,-39.7360375214356,-59.1837483677502,-19.4477108463147,0.999999999990564,4.49999999999307,5.2999999999912,-40.6381376452023,-16.2980854890115,5.54519655404664,-137.1459446232,66.13305,66.13195,322672,"2023_02_28_0011","2023_02_28_0011_ev00528_rec2","no",7615
529,2,66.19895,-40.177420844926,-72.5509533949343,-32.3735325500083,2.64999999998849,13.3999999999901,15.500000000003,-31.1036247890977,-35.8006917385722,29.1801009129219,-503.266899773873,66.1972,66.19415,323979,"2023_02_28_0011","2023_02_28_0011_ev00529_rec2","no",7616
530,2,66.24575,-41.5986432373747,-46.9088809588361,-5.31023772146134,0.450000000000728,0.650000000007367,1.39999999998963,-40.5126643396199,-3.98881260172592,5.17638083668077,9.99636233939083,66.24575,66.2453,324915,"2023_02_28_0011","2023_02_28_0011_ev00530_rec2","no",7617
531,2,66.4339,-40.8907447711132,-59.9100200961036,-19.0192753249904,2.79999999999347,12.9000000000019,15.1000000000039,-43.7987355424942,-15.1540418383023,11.6093309724239,-300.162513733543,66.4332,66.43025,328678,"2023_02_28_0011","2023_02_28_0011_ev00531_rec2","no",7618
532,2,66.55355,-42.0302104680184,-78.2600815637098,-36.2298710956914,8.65000000000293,24.0500000000026,15.1499999999913,-37.7508262021407,-40.3294390893405,18.3570643242738,-877.749687979157,66.54845,66.53915,331071,"2023_02_28_0011","2023_02_28_0011_ev00532_rec2","no",7619
533,2,66.87585,-40.2982325200094,-65.3633560016773,-25.0651234816679,2.25000000000364,6.85000000000002,7.09999999999411,-41.225662993278,-24.4489793247358,6.62744176594716,-234.465472851262,66.8753,66.87295,337517,"2023_02_28_0011","2023_02_28_0011_ev00533_rec2","no",7620
534,2,66.92095,-41.5471768856492,-48.6325259019256,-7.08534901627641,0.0500000000016598,0.550000000004047,1.95000000000789,-41.951474958224,-3.33385658774305,4.77493324990346,-32.9566680491653,66.91985,66.9198,338419,"2023_02_28_0011","2023_02_28_0011_ev00534_rec2","no",7621
535,2,66.9532,-44.4865813860471,-55.5125461945935,-11.0259648085464,0.650000000007367,2.89999999999679,1.59999999999627,-41.459601238344,-8.55860734898808,8.68405630354979,3.53142023379453,66.95305,66.95,339064,"2023_02_28_0011","2023_02_28_0011_ev00535_rec2","no",7622
536,2,66.97155,-40.4019708573058,-45.3782584145018,-4.97628755719603,0.250000000008299,3.19999999999254,4.90000000000634,-39.5046338507693,-4.67908204118808,9.14894749014161,-16.1184364873411,66.9715,66.97115,339431,"2023_02_28_0011","2023_02_28_0011_ev00536_rec2","no",7623
537,2,67.0261,-56.1028876742423,-89.3147997339823,-33.2119120597399,1.1999999999972,3.60000000000582,3.90000000000157,-57.7718564373806,-35.5421237301342,3.22879694956481,-183.048843972392,67.0258,67.0215,340522,"2023_02_28_0011","2023_02_28_0011_ev00537_rec2","no",7624
538,2,67.04735,-51.0170301500638,-71.6821461600947,-20.6651160100309,3.05000000000177,5.5499999999995,3.39999999999918,-41.6864529063378,-23.9527819078276,9.88974561271644,-4.05147957148688,67.0462,67.0431,340947,"2023_02_28_0011","2023_02_28_0011_ev00538_rec2","no",7625
539,2,67.32015,-42.3209647503191,-44.9945961456111,-2.67363139529194,0.0500000000016598,1.00000000000477,0.650000000007367,-40.3859712121382,-3.77548739572036,2.53830070124547,46.9658942984559,67.3198,67.31925,346403,"2023_02_28_0011","2023_02_28_0011_ev00539_rec2","no",7626
540,2,67.36745,-41.9270562067039,-67.7012779439923,-25.7742217372883,2.60000000000105,9.69999999999516,8.15000000000055,-41.3117970110271,-25.9806617437935,8.67699004874765,-293.961393835946,67.3653,67.3626,347349,"2023_02_28_0011","2023_02_28_0011_ev00540_rec2","no",7627
541,2,67.6645,-41.4340303806171,-44.7241301877324,-3.29009980711527,0.699999999994816,31.0499999999934,30.0000000000011,-26459.4952259467,26419.6381873882,651334.1155182,29.0671614972457,67.66425,67.66295,353290,"2023_02_28_0011","2023_02_28_0011_ev00541_rec2","no",7628
542,2,67.71855,-43.2767497749158,-69.089393022226,-25.8126432473102,7.04999999999245,23.7000000000052,21.6500000000082,301897.415626942,-301966.159869044,411072.694713146,-577.471612280663,67.717,67.70935,354371,"2023_02_28_0011","2023_02_28_0011_ev00542_rec2","no",7629
543,2,67.8937,-40.4787241299877,-53.0369612958269,-12.5582371658392,10.5500000000092,12.5000000000028,11.3000000000056,-42.1869804031607,-8.42336896373433,10.7135360973973,-229.545913019843,67.89305,67.88105,357874,"2023_02_28_0011","2023_02_28_0011_ev00543_rec2","no",7630
544,2,67.9392,-43.8238590602982,-49.8422402072756,-6.0183811469774,1.80000000000291,16.1499999999961,18.1999999999931,15970.2426806837,-16022.1656868688,49637.6795521804,-131.323525656219,67.9352,67.93295,358784,"2023_02_28_0011","2023_02_28_0011_ev00544_rec2","no",7631
545,2,68.0148,-42.0247366176939,-46.3279450407468,-4.30320842305291,0.500000000002387,0.850000000014006,0.550000000004047,-40.7887349354334,-4.29907844828041,1.29858076955832,29.4269310114004,68.01465,68.0141,360296,"2023_02_28_0011","2023_02_28_0011_ev00545_rec2","no",7632
546,2,68.1257,-42.4096383775739,-73.5333666877409,-31.123728310167,11.0000000000099,23.6000000000018,20.6500000000034,2117.31912162583,-2189.12071163523,2518.31415308275,-714.380787412999,68.12545,68.1133,362514,"2023_02_28_0011","2023_02_28_0011_ev00546_rec2","no",7633
547,2,68.46895,-41.9597271717089,-44.0884924465648,-2.12876527485592,0.399999999984857,1.59999999999627,1.90000000000623,-41.0089306355796,-2.7263566880231,4.20706918108156,15.0593698050827,68.4685,68.46795,369379,"2023_02_28_0011","2023_02_28_0011_ev00547_rec2","no",7634
548,2,68.7995,-40.6861610208709,-47.0039737194849,-6.31781269861396,0.400000000013279,19.1499999999962,30.0000000000011,-43.3371573632059,-4.28701686205477,8.2680766321815,-123.460799389518,68.79815,68.79755,375990,"2023_02_28_0011","2023_02_28_0011_ev00548_rec2","no",7635
549,2,68.8297,-42.3645750002941,-54.4028139158039,-12.0382389155098,2.70000000000437,3.2499999999942,3.64999999999327,-41.6477505706415,-9.05458375199725,6.55493921925869,-53.4918992446634,68.82965,68.82695,376594,"2023_02_28_0011","2023_02_28_0011_ev00549_rec2","no",7636
550,2,69.00235,-59.1817351265931,-106.812993310955,-47.6312581843621,8.09999999999889,9.74999999999682,6.40000000001351,-51.4026682349715,-59.5745970914568,7.50010797342734,-436.107976009655,69.0019,68.99335,380047,"2023_02_28_0011","2023_02_28_0011_ev00550_rec2","no",7637
551,2,69.16135,-42.0717603870366,-66.7089937651819,-24.6372333781453,9.050000000002,20.7500000000067,17.3500000000075,-38.8993341599083,-27.2908128523374,21.7750425142122,-542.417849991899,69.1595,69.1493,383227,"2023_02_28_0011","2023_02_28_0011_ev00551_rec2","no",7638
552,2,69.2474,-42.8920726328937,-46.3614689748276,-3.4693963419339,0.249999999994088,0.150000000004979,0,604.930395006166,-646.455483183279,58858.4503487682,45.0595753495413,69.24735,69.247,384948,"2023_02_28_0011","2023_02_28_0011_ev00552_rec2","no",7639
553,2,69.29055,-43.5651636310429,-114.137609615056,-70.5724459840131,1.94999999999368,8.89999999999702,9.95000000000346,-43.783434512428,-77.4556921571828,9.07798549787711,-802.951372619918,69.28995,69.28765,385811,"2023_02_28_0011","2023_02_28_0011_ev00553_rec2","no",7640
554,2,69.363,-41.3895700263296,-45.0700763224583,-3.68050629612873,0.299999999995748,3.14999999999088,4.00000000000489,-41.5564738847975,-3.87248323044173,3.41468963636729,-19.5647751579901,69.363,69.36255,387260,"2023_02_28_0011","2023_02_28_0011_ev00554_rec2","no",7641
555,2,69.72755,-39.5878936421573,-51.5848580119081,-11.9969643697508,10.8500000000049,10.8000000000033,20.700000000005,-43.4780973931187,-6.70357049935686,8.28000460213227,-282.426559040903,69.7257,69.7138,394551,"2023_02_28_0011","2023_02_28_0011_ev00555_rec2","no",7642
556,2,69.7594,-45.9975826013434,-48.9701653004571,-2.97258269911373,0.199999999992428,30.1500000000061,30.0000000000011,-38161.9445074309,38118.4098981069,626953.285679761,46.2215560447506,69.7594,69.7591,395188,"2023_02_28_0011","2023_02_28_0011_ev00556_rec2","no",7643
557,2,69.9102,-42.7218171854933,-62.690280992262,-19.9684638067687,1.10000000000809,9.09999999998945,9.69999999999516,-40.6315571046549,-22.6194722047437,11.1410132191221,-208.111734618321,69.9088,69.9074,398204,"2023_02_28_0011","2023_02_28_0011_ev00557_rec2","no",7644
558,2,69.94475,-40.714120807665,-51.8878275155789,-11.1737067079139,2.29999999999109,6.54999999999006,8.30000000000553,-42.2959801593639,-7.60967545820016,7.58175205892816,-122.824495397902,69.9447,69.94205,398895,"2023_02_28_0011","2023_02_28_0011_ev00558_rec2","no",7645
559,2,70.39775,-40.6947553138322,-62.4532563620279,-21.7585010481956,1.55000000000882,8.1000000000131,9.85000000000014,-40.9104829471807,-22.5444304589886,9.29967786634039,-233.620084228559,70.39745,70.39575,407955,"2023_02_28_0011","2023_02_28_0011_ev00559_rec2","no",7646
560,2,70.6083,-41.482462691636,-54.3701015728584,-12.8876388812224,3.00000000000011,6.65000000000759,9.54999999999018,-41.8228513138014,-9.90872134022705,11.8597673258871,-140.961509580368,70.6082,70.6049,412166,"2023_02_28_0011","2023_02_28_0011_ev00560_rec2","no",7647
561,2,70.7024,-39.5801047400657,-46.6768122010347,-7.096707460969,2.49999999999773,20.2500000000043,24.5000000000033,-41.7625090705132,-6.99582747063907,8.88806366451411,-162.160279056962,70.6989,70.6961,414048,"2023_02_28_0011","2023_02_28_0011_ev00561_rec2","no",7648
562,2,70.7959,-41.9755382734441,-50.4447241985624,-8.46918592511828,0.399999999999068,5.60000000000116,6.45000000000095,-41.8078775651893,-8.98085659005141,6.46794755074135,-65.7692588960448,70.7946,70.7941,415918,"2023_02_28_0011","2023_02_28_0011_ev00562_rec2","no",7649
563,2,70.99275,-41.0619467384611,-75.8668551145148,-34.8049083760537,1.95000000000789,6.04999999998768,7.09999999999411,-48.6801737758575,-28.4697010755976,4.21375778969853,-402.843506041703,70.99245,70.99035,419855,"2023_02_28_0011","2023_02_28_0011_ev00563_rec2","no",7650
564,2,71.01655,-47.0156778555158,-52.7714715093467,-5.75579365383096,0.349999999997408,6.19999999999266,6.35000000001185,-40.4049614125356,-15.1114583295539,11.63253214319,28.5218799354719,71.0158,71.01525,420331,"2023_02_28_0011","2023_02_28_0011_ev00564_rec2","no",7651
565,2,71.19495,-39.7610170619066,-48.6152678341473,-8.85425077224075,1.30000000000052,7.30000000000075,8.49999999999795,-40.3477607647063,-6.86460703877934,9.08551991889487,-96.9884418548359,71.19415,71.19275,423899,"2023_02_28_0011","2023_02_28_0011_ev00565_rec2","no",7652
566,2,71.2372,-41.9677542747959,-52.5118933214472,-10.5441390466513,3.14999999999088,2.35000000000696,3.39999999999918,-41.4180091187552,-6.71606776510043,8.32232121023738,-56.4893227967547,71.237,71.23365,424744,"2023_02_28_0011","2023_02_28_0011_ev00566_rec2","no",7653
567,2,71.2741,-43.1568841125006,-91.6123595187908,-48.4554754062902,1.94999999999368,8.09999999999889,7.45000000000573,-45.5061017490922,-44.393910699856,7.13476692863254,-522.463953108126,71.27205,71.2697,425482,"2023_02_28_0011","2023_02_28_0011_ev00567_rec2","no",7654
568,2,71.36625,-42.1504926075366,-47.7422197293397,-5.59172712180312,0.550000000004047,1.04999999999222,0.950000000003115,-41.4251213549779,-4.37492566907425,2.1021411195523,9.56275133719467,71.36605,71.3655,427325,"2023_02_28_0011","2023_02_28_0011_ev00568_rec2","no",7655
569,2,71.75115,-40.849010447533,-59.2117708104219,-18.3627603628889,3.34999999999752,20.3999999999951,22.4999999999937,-25.8820510741927,-30.9143396812439,64.0865041403847,-372.48999018914,71.74875,71.7449,435023,"2023_02_28_0011","2023_02_28_0011_ev00569_rec2","no",7656
570,2,71.7816,-46.9803322381184,-57.9432277206105,-10.962895482492,0.300000000009959,0.649999999993156,1.54999999999461,-42.037589378131,-10.8300476176908,8.26205430478124,57.2319183170726,71.78135,71.78105,435632,"2023_02_28_0011","2023_02_28_0011_ev00570_rec2","no",7657
571,2,71.8806,-41.227893384505,-75.104858653422,-33.876965268917,4.59999999999638,11.4999999999839,12.1000000000038,-39.9442470857768,-36.7970877825034,12.3301107516625,-465.651597377273,71.8804,71.8747,437612,"2023_02_28_0011","2023_02_28_0011_ev00571_rec2","no",7658
572,2,72.21355,-40.7062932420405,-58.1049513360543,-17.3986580940138,3.45000000000084,6.69999999999504,7.64999999999816,-40.3822855141808,-14.36610133169,10.1499574524703,-169.844426992836,72.21315,72.2095,444271,"2023_02_28_0011","2023_02_28_0011_ev00572_rec2","no",7659
573,2,72.33355,-44.6500925635999,-49.9173358569335,-5.26724329333359,0.249999999994088,1.75000000000125,0,-33.520697404205,-12.0758431387987,57.779970752249,48.9816592395845,72.3333,72.33155,446671,"2023_02_28_0011","2023_02_28_0011_ev00573_rec2","no",7660
574,2,72.40655,-44.3705377721514,-49.4967384687888,-5.12620069663742,0.249999999994088,0.249999999994088,0,-30.6635762763017,-14.61155535053,79.3035369711095,44.9566655985278,72.4065,72.40625,448131,"2023_02_28_0011","2023_02_28_0011_ev00574_rec2","no",7661
575,2,72.48015,-46.6515261779233,-67.657696816349,-21.0061706384258,5.49999999998363,14.3999999999949,8.65000000000293,-49.7846241390555,-18.2733021093914,6.32712988022463,-387.70531324256,72.4736,72.46675,449603,"2023_02_28_0011","2023_02_28_0011_ev00575_rec2","no",7662
576,2,72.5094,-52.294087701926,-57.6115880616517,-5.31750035972573,0.349999999997408,0.0500000000016598,1.54999999999461,-20.3975067349731,-34.555977267163,77.809692410092,91.6223572941279,72.50865,72.5074,450188,"2023_02_28_0011","2023_02_28_0011_ev00576_rec2","no",7663
577,2,72.5722,-42.9493549413831,-64.7736045975157,-21.8242496561325,1.00000000000477,5.35000000000707,5.5499999999995,-42.9138857480857,-22.2068393461616,5.50603671020169,-148.665571220004,72.5716,72.5705,451444,"2023_02_28_0011","2023_02_28_0011_ev00577_rec2","no",7664
578,2,72.7242,-44.8475366195262,-64.1635229913907,-19.3159863718645,4.49999999999307,5.74999999999193,6.70000000000925,-40.7198065003497,-20.6144475030785,11.1398214745477,-116.250772629207,72.7241,72.71945,454484,"2023_02_28_0011","2023_02_28_0011_ev00578_rec2","no",7665
579,2,72.99855,-41.5012241122301,-47.2915917258721,-5.79036761364203,0.599999999991496,0.900000000001455,0.500000000002387,-41.4544501787692,-5.21183414652753,0.58407429099223,-4.16203014885553,72.99855,72.99795,459971,"2023_02_28_0011","2023_02_28_0011_ev00579_rec2","no",7666
580,2,73.1896,-41.5428959159637,-43.7132150064093,-2.17031909044555,0.299999999995748,3.10000000000343,3.69999999999493,-40.8201930377132,-3.07535081308711,5.29125728619337,4.12041187556598,73.1896,73.1892,463792,"2023_02_28_0011","2023_02_28_0011_ev00580_rec2","no",7667
581,2,73.238,-40.0779576192721,-51.0230845025488,-10.9451268832767,3.2499999999942,0.550000000004047,3.45000000000084,-41.4803097169478,-4.37493090801489,6.87819822562053,-104.438975182826,73.2353,73.23205,464760,"2023_02_28_0011","2023_02_28_0011_ev00581_rec2","no",7668
582,2,73.38865,-51.5765202118369,-55.8678178482727,-4.29129763643584,1.44999999999129,1.59999999999627,0.450000000000728,-35.0289702700968,-18.3763764601885,34.7242990302653,126.623394410678,73.3886,73.3862,467773,"2023_02_28_0011","2023_02_28_0011_ev00582_rec2","no",7669
583,2,73.7115,-40.5208085328947,-57.1099633249867,-16.5891547920919,1.35000000000218,3.10000000000343,3.59999999999161,-41.8421149559043,-12.3094946046263,3.84694714142866,-103.042771882781,73.7114,73.7097,474230,"2023_02_28_0011","2023_02_28_0011_ev00583_rec2","no",7670
584,2,73.9809,-41.8334823969693,-47.6311516569159,-5.79766925994659,0.150000000004979,0.199999999992428,0.199999999992428,-40.1765665522932,-5.53499412264649,0.510591714730027,46.450633235708,73.9809,73.98075,479618,"2023_02_28_0011","2023_02_28_0011_ev00584_rec2","no",7671
585,2,74.10285,-40.4258262442246,-46.4746771167777,-6.04885087255312,6.00000000000023,10.8000000000033,4.44999999999141,-40.6346690430661,-6.56853191317024,3.80778431428099,-75.4457875406512,74.10115,74.09515,482057,"2023_02_28_0011","2023_02_28_0011_ev00585_rec2","no",7672
586,2,74.34655,-43.9366456859979,-56.3535568817933,-12.4169111957954,1.24999999999886,2.34999999999275,2.70000000000437,-41.9836529930056,-10.2385426017573,5.99892582386278,-14.9497498068874,74.34635,74.34505,486931,"2023_02_28_0011","2023_02_28_0011_ev00586_rec2","no",7673
587,2,74.5093,-40.3864942823258,-52.3949281750947,-12.0084338927688,2.24999999998943,6.65000000000759,9.55000000000439,-44.218583989153,-6.60772085499854,4.015635710466,-160.167049536174,74.50915,74.5069,490186,"2023_02_28_0011","2023_02_28_0011_ev00587_rec2","no",7674
588,2,74.5508,-42.3773079017294,-66.5614111016907,-24.1841031999613,1.1999999999972,6.40000000001351,8.09999999999889,-38.681417162126,-24.8079134902194,11.9864973857177,-186.791664894685,74.5505,74.5493,491016,"2023_02_28_0011","2023_02_28_0011_ev00588_rec2","no",7675
589,2,74.58635,-42.1367995026392,-47.4238324907744,-5.2870329881352,0.200000000006639,0.10000000000332,0,2856.57781060396,-2897.65108490174,58322.0190886202,53.8655061529914,74.58635,74.58615,491727,"2023_02_28_0011","2023_02_28_0011_ev00589_rec2","no",7676
590,2,74.7259,-42.4281779636787,-76.7391737406237,-34.310995776945,13.6499999999842,34.4999999999942,30.0000000000011,-57.7812903309185,-18.8704798504494,9.59020646053555,-1010.39587653114,74.7236,74.70885,494518,"2023_02_28_0011","2023_02_28_0011_ev00590_rec2","no",7677
591,2,74.8397,-39.1894200446319,-46.4630617160188,-7.2736416713869,0.199999999992428,3.00000000001432,4.50000000000728,-40.3166543768663,-4.52303718850395,4.23612615614503,-56.3480980239196,74.83935,74.83905,496794,"2023_02_28_0011","2023_02_28_0011_ev00591_rec2","no",7678
592,2,74.9469,-42.3841255167943,-44.8246830165583,-2.44055749976395,0.699999999994816,0.150000000004979,0,-39.3745733127413,-3.57422634313412,2.0024453402952,82.9411111427076,74.94665,74.94565,498938,"2023_02_28_0011","2023_02_28_0011_ev00592_rec2","no",7679
593,3,75.17615,-39.741585434655,-61.9937807778603,-22.2521953432053,2.84999999999513,4.99999999999545,4.59999999999638,-40.5166413266344,-17.1867420077065,5.5283420393249,-169.374578898438,75.175,75.17185,3523,"2023_02_28_0011","2023_02_28_0011_ev00593_rec3","no",7680
594,3,75.26335,-44.6412414508819,-50.9050929820263,-6.26385153114437,0.349999999997408,1.49999999999295,2.39999999999441,-42.931915840542,-5.7690864713291,6.72865845395852,11.7829007183596,75.26335,75.2625,5267,"2023_02_28_0011","2023_02_28_0011_ev00594_rec3","no",7681
595,3,75.3058,-42.0929555343032,-44.672449965718,-2.57949443141482,0.250000000008299,0.200000000006639,0,-39.9518760900571,-3.00222704253305,2.08953203827358,57.3383481607757,75.30575,75.3055,6116,"2023_02_28_0011","2023_02_28_0011_ev00595_rec3","no",7682
596,3,75.32515,-40.5051648244108,-43.2213832408799,-2.71621841646901,0.250000000008299,16.9999999999959,15.4500000000013,-139694.314911507,139656.525565719,580102.752205662,-27.1865907274248,75.3251,75.3247,6503,"2023_02_28_0011","2023_02_28_0011_ev00596_rec3","no",7683
597,3,75.3656,-45.4442221642728,-50.3117119781035,-4.86748981383066,0.0500000000016598,0.10000000000332,0,-40.855104691993,-5.51183290222509,4.49915477614243,112.681682465642,75.3656,75.36545,7312,"2023_02_28_0011","2023_02_28_0011_ev00597_rec3","no",7684
598,3,75.42205,-40.5368881623729,-54.7210157011528,-14.1841275387798,1.24999999999886,2.94999999999845,4.14999999999566,-41.8413042897081,-7.70538629200829,6.22092988339509,-103.09629929817,75.42125,75.41985,8441,"2023_02_28_0011","2023_02_28_0011_ev00598_rec3","no",7685
599,3,75.4465,-43.9782108686257,-48.9604022279047,-4.98219135927902,0.0500000000016598,30.1000000000045,30.0000000000011,-3740.43289124854,3699.20756526364,229176.851939182,75.1436464045411,75.4465,75.44635,8930,"2023_02_28_0011","2023_02_28_0011_ev00599_rec3","no",7686
600,3,75.49665,-42.8515560529455,-132.24017873271,-89.3886226797643,2.35000000000696,8.89999999999702,9.39999999999941,-42.8806651533001,-92.5239705187216,9.14923546101871,-1007.65360201378,75.49575,75.4931,9933,"2023_02_28_0011","2023_02_28_0011_ev00600_rec3","no",7687
601,3,75.57205,-47.6217319000259,-75.0919841010362,-27.4702522010103,4.3500000000023,15.349999999998,16.6499999999985,50345.4294532877,-50416.4154217103,63597.2957059123,-433.995549515132,75.57145,75.56675,11441,"2023_02_28_0011","2023_02_28_0011_ev00601_rec3","no",7688
602,3,75.62685,-43.0763915690785,-60.9471485171166,-17.8707569480382,3.65000000000748,10.4500000000058,11.3999999999947,-44.1198480855652,-14.6948035019897,11.7549845031708,-237.413330629151,75.62675,75.62295,12537,"2023_02_28_0011","2023_02_28_0011_ev00602_rec3","no",7689
603,3,75.72535,-50.5872697820798,-55.3244525299467,-4.73718274786693,0.199999999992428,0.849999999999795,0,-43.0123857813661,-9.22730201703907,9.55765682921575,140.897249640187,75.7246,75.7237,14507,"2023_02_28_0011","2023_02_28_0011_ev00603_rec3","no",7690
604,3,75.78525,-44.2958237483456,-47.7071727315922,-3.41134898324657,0.250000000008299,0.199999999992428,0.499999999988177,-42.9618050380123,-3.17472026047559,2.42271829579216,32.1286006349952,75.7852,75.78495,15705,"2023_02_28_0011","2023_02_28_0011_ev00604_rec3","no",7691
605,3,75.8336,-44.4379732725282,-60.6002452059632,-16.162271933435,0.950000000003115,4.950000000008,5.34999999999286,-43.9942379414948,-17.3863645366839,5.38542444344904,-97.535522959447,75.83305,75.8319,16672,"2023_02_28_0011","2023_02_28_0011_ev00605_rec3","no",7692
606,3,75.9588,-46.3394972728326,-73.8619875017673,-27.5224902289347,6.69999999999504,9.75000000001103,9.9000000000018,-42.779512210888,-31.3584683637565,12.0043307638281,-338.116482881768,75.95785,75.9499,19176,"2023_02_28_0011","2023_02_28_0011_ev00606_rec3","no",7693
607,3,76.0365,-43.1412831729584,-70.5235558756223,-27.3822727026638,2.65000000000271,17.55,0,-146709.110048671,146654.371321197,1124992.70338288,-453.84258562916,76.03625,76.03355,20730,"2023_02_28_0011","2023_02_28_0011_ev00607_rec3","no",7694
608,3,76.0639,-46.6025528914427,-86.7490571841944,-40.1465042927517,1.59999999999627,7.39999999998986,8.44999999999629,-44.0777629860852,-44.5014304615443,9.00135649296636,-354.327749581117,76.0638,76.06215,21278,"2023_02_28_0011","2023_02_28_0011_ev00608_rec3","no",7695
609,3,76.11505,-43.9750854888317,-46.1260525427789,-2.15096705394724,0.549999999989836,0.550000000004047,1.15000000000975,-41.9047386707559,-3.24735641161922,9.15000740318902,32.2975656927759,76.11505,76.1145,22301,"2023_02_28_0011","2023_02_28_0011_ev00609_rec3","no",7696
610,3,76.1518,-44.5679126936798,-46.9688727348031,-2.40096004112328,0.150000000004979,30.1499999999919,30.0000000000011,-39505.5820932814,39463.3579765092,457688.990001318,29.5888333852064,76.15045,76.1503,23036,"2023_02_28_0011","2023_02_28_0011_ev00610_rec3","no",7697
611,3,76.3443,-42.8478022027842,-54.5649357217982,-11.717133519014,2.3000000000053,15.6500000000079,17.949999999999,53753.896397159,-53807.5556074215,149222.660941944,-181.761697041782,76.34415,76.3407,26886,"2023_02_28_0011","2023_02_28_0011_ev00611_rec3","no",7698
612,3,76.40415,-45.4587851503251,-48.4944895376002,-3.03570438727508,0.150000000004979,0.10000000000332,0,-38.9193367340527,-7.66635237531112,26.6859499838781,57.8885910345209,76.40415,76.404,28083,"2023_02_28_0011","2023_02_28_0011_ev00612_rec3","no",7699
613,3,76.46425,-39.843502579379,-52.8397400906404,-12.9962375112614,3.54999999998995,13.6499999999984,15.749999999997,-42.6170050500199,-10.5018474213305,9.59262444252815,-229.478911634301,76.4634,76.45955,29285,"2023_02_28_0011","2023_02_28_0011_ev00613_rec3","no",7700
614,3,76.49075,-37.676809300084,-42.7499221298733,-5.07311282978935,0.500000000002387,35.0500000000125,30.0000000000011,-41.1551334523102,-3.10354537598311,7.03272868191434,-161.413564080333,76.4896,76.4849,29815,"2023_02_28_0011","2023_02_28_0011_ev00614_rec3","no",7701
615,3,76.6205,-42.5790465943573,-46.3295607308858,-3.75051413652847,0.10000000000332,0.299999999995748,0.949999999988904,-41.2830600704019,-3.33376635823319,4.40569464319599,23.1705805773548,76.6203,76.6202,32410,"2023_02_28_0011","2023_02_28_0011_ev00615_rec3","no",7702
616,3,76.78865,-39.2622437889149,-44.4285462208816,-5.16630243196678,0.950000000003115,18.0000000000007,30.0000000000011,-41.7070027379589,-3.55221733715503,5.27030510466875,-103.212953478958,76.7877,76.78675,35773,"2023_02_28_0011","2023_02_28_0011_ev00616_rec3","no",7703
617,3,76.8514,-44.0761887269526,-57.6721490241936,-13.595960297241,4.85000000000468,6.3999999999993,8.09999999999889,-36.5600195478326,-17.0009915595183,26.7230794747188,-190.576360926534,76.8408,76.83565,37028,"2023_02_28_0011","2023_02_28_0011_ev00617_rec3","no",7704
618,3,76.90495,-40.280370310239,-53.3475092463479,-13.0671389361089,0.350000000011619,5.30000000000541,8.25000000000387,-41.218924780583,-9.56618035376777,9.17872424671586,-118.125740555567,76.9047,76.90435,38099,"2023_02_28_0011","2023_02_28_0011_ev00618_rec3","no",7705
619,3,77.539,-43.9328726535538,-47.283566321586,-3.35069366803221,0.450000000000728,0.250000000008299,1.14999999999554,-35.6749181736267,-9.8971020841517,28.0700224912087,64.2918054831978,77.5389,77.53835,50780,"2023_02_28_0011","2023_02_28_0011_ev00619_rec3","no",7706
620,3,77.9143,-39.9925760221625,-44.2623160646898,-4.26974004252726,0.650000000007367,5.49999999999784,4.59999999999638,-37.2459021525649,-5.81949489974539,15.5312382259957,-8.13824187397035,77.9123,77.91055,58286,"2023_02_28_0011","2023_02_28_0011_ev00620_rec3","no",7707
621,3,78.1435,-37.4320307464647,-40.5255760697841,-3.09354532331942,0.399999999999068,30.3000000000111,30.0000000000011,-40.1161433561176,-3.38177514394711,2.69789969260521,-91.720003228123,78.1435,78.1431,62870,"2023_02_28_0011","2023_02_28_0011_ev00621_rec3","no",7708
622,3,78.2011,-42.533282337624,-49.3475614685074,-6.81427913088345,1.60000000001048,8.54999999999961,8.89999999999702,-38.3817297478785,-10.5692087060091,19.3057610257389,-51.2452542928343,78.20055,78.1981,64022,"2023_02_28_0011","2023_02_28_0011_ev00622_rec3","no",7709
623,3,78.5522,-39.8624891110178,-46.2489367653536,-6.38644765433577,1.50000000000716,10.0500000000068,7.90000000000646,-39.9790817307332,-5.82143886882329,8.31416317945902,-75.9966034968417,78.54815,78.54555,71044,"2023_02_28_0011","2023_02_28_0011_ev00623_rec3","no",7710
624,3,78.92585,-41.4290325675657,-46.0050987574532,-4.57606618988751,3.10000000000343,0.199999999992428,0,-39.509309308723,-3.32192942812626,2.24933716601887,45.3468812455576,78.9256,78.92215,78517,"2023_02_28_0011","2023_02_28_0011_ev00624_rec3","no",7711
625,3,79.2978,-42.4818574703298,-46.0332803026807,-3.55142283235087,0.0500000000016598,0.0500000000016598,0,-39.9573506080396,-2.7670847307309,4.74121462412371,62.3449725148585,79.2977,79.29755,85956,"2023_02_28_0011","2023_02_28_0011_ev00625_rec3","no",7712
626,3,79.88245,-38.5215044638273,-54.455968046867,-15.9344635830398,8.65000000000293,16.6000000000111,15.049999999988,-36.4801901512915,-14.6443766297402,24.580431683247,-270.550833017994,79.88195,79.87325,97649,"2023_02_28_0011","2023_02_28_0011_ev00626_rec3","no",7713
627,3,80.23505,-39.6226776887608,-53.8926925751176,-14.2700148863568,3.94999999998902,5.64999999998861,6.34999999999764,-42.5606636531911,-8.96448680333434,4.73258866588666,-172.959905960458,80.23435,80.2304,104701,"2023_02_28_0011","2023_02_28_0011_ev00627_rec3","no",7714
628,3,80.34695,-42.5752514656385,-50.9887854317426,-8.41353396610405,3.15000000000509,7.75000000000148,10.2999999999867,29512.5971788317,-29560.7438965809,124069.540284605,-74.2843724701169,80.34685,80.34295,106939,"2023_02_28_0011","2023_02_28_0011_ev00628_rec3","no",7715
629,3,80.39035,-41.8477242332945,-46.5482528167335,-4.70052858343894,1.54999999999461,12.0500000000021,13.8000000000034,-42.1050772948692,-6.63536227843546,9.20450367981115,-76.5081647832054,80.39035,80.3888,107807,"2023_02_28_0011","2023_02_28_0011_ev00629_rec3","no",7716
630,3,80.50735,-43.6244314104401,-47.2092403568066,-3.58480894636649,0.149999999990769,0.250000000008299,0.149999999990769,-41.0504007731756,-3.95062706284377,10.3274280189449,37.8457076877746,80.5072,80.507,110147,"2023_02_28_0011","2023_02_28_0011_ev00630_rec3","no",7717
631,3,80.8386,-43.1175895551698,-74.7995856746441,-31.6819961194743,4.10000000000821,10.0999999999942,9.6499999999935,-42.827183874699,-32.7893847893345,9.62602888890698,-394.155044390213,80.8379,80.83305,116772,"2023_02_28_0011","2023_02_28_0011_ev00631_rec3","no",7718
632,3,81.1178,-45.119067801405,-52.9138773993397,-7.79480959793473,0.200000000006639,30.1000000000045,30.0000000000011,-36611.6517852702,36568.6049087242,296275.193237033,5.91768866843772,81.1178,81.1175,122356,"2023_02_28_0011","2023_02_28_0011_ev00632_rec3","no",7719
633,3,81.1433,-42.3364944521188,-51.4671084218094,-9.13061396969056,0.950000000003115,6.10000000000355,7.24999999999909,-42.661902098373,-8.18614962712868,7.33006508915097,-79.58494590774,81.1425,81.1413,122866,"2023_02_28_0011","2023_02_28_0011_ev00633_rec3","no",7720
634,3,81.4217,-41.2387128551445,-60.5459810021012,-19.3072681469566,3.69999999999493,8.35000000000719,7.69999999999982,-41.6042760504552,-17.1352174619298,8.32023394656556,-198.202025319922,81.42165,81.4177,128434,"2023_02_28_0011","2023_02_28_0011_ev00634_rec3","no",7721
635,3,81.4861,-47.1287261779988,-53.6768594919151,-6.54813331391632,0.449999999986517,0.199999999992428,0,-38.4135616807333,-9.95706395050834,35.1442137433624,60.2323387449722,81.4861,81.4852,129722,"2023_02_28_0011","2023_02_28_0011_ev00635_rec3","no",7722
636,3,81.675,-46.2451821137348,-59.4415404353762,-13.1963583216413,3.55000000000416,6.95000000000334,8.75000000000625,-41.3712229600914,-15.299169985271,19.5010059796942,-120.374678371723,81.6746,81.6706,133500,"2023_02_28_0011","2023_02_28_0011_ev00636_rec3","no",7723
637,3,82.2824,-45.2677557033799,-62.3560402687318,-17.0882845653519,0.849999999999795,8.09999999999889,8.89999999999702,-40.7230975596229,-23.0361682067153,11.8411409488987,-135.529848133223,82.28155,82.2807,145648,"2023_02_28_0011","2023_02_28_0011_ev00637_rec3","no",7724
638,3,82.37735,-42.9556401823717,-50.5928630752174,-7.63722289284568,0.349999999997408,0.199999999992428,0,-41.9867206330506,-1.78367482961424,6.45553852618819,16.8153005904584,82.37735,82.377,147547,"2023_02_28_0011","2023_02_28_0011_ev00638_rec3","no",7725
639,3,82.448,-43.3391655291579,-53.082397197016,-9.74323166785806,1.54999999999461,1.55000000000882,2.20000000000198,-42.0988784127976,-6.88495319779885,6.30712118436097,-19.2063002931543,82.4476,82.4458,148960,"2023_02_28_0011","2023_02_28_0011_ev00639_rec3","no",7726
640,3,82.64445,-45.777406122331,-53.8198152024488,-8.04240908011788,1.10000000000809,2.20000000000198,2.20000000000198,-42.0042641110182,-9.23658896899991,7.03619204101394,43.2359911296933,82.6444,82.6433,152889,"2023_02_28_0011","2023_02_28_0011_ev00640_rec3","no",7727
641,3,82.9284,-43.4149901229137,-48.7119877684537,-5.29699764554,0.10000000000332,0.149999999990769,0,-32.4151743491209,-12.1013173267698,109.132597113015,11.6824313714062,82.9282,82.9281,158568,"2023_02_28_0011","2023_02_28_0011_ev00641_rec3","no",7728
642,3,82.9399,-41.8504797226461,-47.164564882342,-5.31408515969594,0.749999999996476,1.85000000000457,1.55000000000882,-42.3458824174296,-3.13499748603488,2.03568481068798,-25.4417179180586,82.9394,82.9386,158798,"2023_02_28_0011","2023_02_28_0011_ev00642_rec3","no",7729
643,3,83.05465,-48.4971665722244,-51.7600325468709,-3.26286597464651,0.249999999994088,0.299999999995748,0,-40.2427851661832,-8.77336146579202,14.515871357123,136.214503722032,83.05465,83.05405,161093,"2023_02_28_0011","2023_02_28_0011_ev00643_rec3","no",7730
644,3,83.12745,-50.4596693667571,-70.1759782622843,-19.7163088955272,1.69999999999959,5.65000000000282,7.000000000005,-42.0655732269236,-26.4855964049256,13.3504099045998,-79.1977304886589,83.1272,83.12545,162549,"2023_02_28_0011","2023_02_28_0011_ev00644_rec3","no",7731
645,3,83.18155,-49.8524444938278,-53.2415096570156,-3.38906516318779,0.349999999997408,0.699999999994816,0,-44.4968826035353,-5.86779649329122,9.02549362568547,108.34718289173,83.1814,83.1804,163631,"2023_02_28_0011","2023_02_28_0011_ev00645_rec3","no",7732
646,3,83.1998,-44.5026556628336,-48.590047294477,-4.08739163164342,0.400000000013279,0.500000000002387,0.900000000001455,-42.9006257583829,-3.45335294919494,8.86894958000548,16.5327658654354,83.19965,83.19925,163996,"2023_02_28_0011","2023_02_28_0011_ev00646_rec3","no",7733
647,3,83.32395,-42.2659468515281,-52.3537163111945,-10.0877694596664,1.00000000000477,10.3500000000025,16.050000000007,25045.0786025462,-25094.1449728187,131465.629959566,-128.15981276441,83.3237,83.32235,166479,"2023_02_28_0011","2023_02_28_0011_ev00647_rec3","no",7734
648,3,83.36075,-45.0700270547067,-48.3222126839145,-3.25218562920781,0.150000000004979,0.200000000006639,0.250000000008299,-42.0129914102016,-5.43732719295699,1.0298092522096,85.3348388525586,83.3605,83.36025,167215,"2023_02_28_0011","2023_02_28_0011_ev00648_rec3","no",7735
649,3,83.5596,-41.6957514807493,-53.8269984466776,-12.1312469659283,0.550000000004047,5.65000000000282,6.94999999998913,-42.0734933049863,-13.2105934844954,5.95052148588623,-97.1409959022354,83.5594,83.5588,171192,"2023_02_28_0011","2023_02_28_0011_ev00649_rec3","no",7736
650,3,83.67805,-44.968137260898,-47.7853660666497,-2.81722880575169,0.600000000005707,0.150000000004979,0,-41.3948566604198,-4.2125081606208,7.98480013777705,74.6885111267976,83.67805,83.67645,173561,"2023_02_28_0011","2023_02_28_0011_ev00650_rec3","no",7737
651,3,83.8533,-41.540419054126,-47.1789849271913,-5.63856587306528,2.84999999999513,5.25000000000375,5.94999999999857,-39.6467868311684,-6.87496312676073,10.8596359308463,-24.1536773613198,83.85305,83.8502,177066,"2023_02_28_0011","2023_02_28_0011_ev00651_rec3","no",7738
652,3,83.9415,-39.1133214456089,-102.488245565438,-63.3749241198286,10.4000000000042,13.8000000000034,10.3000000000009,-43.3804314218862,-63.2818276775819,8.633757502125,-1017.90995968727,83.94015,83.92865,178830,"2023_02_28_0011","2023_02_28_0011_ev00652_rec3","no",7739
653,3,84.0155,-40.4050586274791,-100.139483082199,-59.7344244547204,3.44999999998663,10.0000000000051,10.7500000000016,-43.8493899150855,-54.7144159628021,9.98254832324696,-780.165063676036,84.01515,84.01135,180310,"2023_02_28_0011","2023_02_28_0011_ev00653_rec3","no",7740
654,3,84.0627,-47.7169689916692,-54.7045846865082,-6.98761569483896,0.399999999999068,0.249999999994088,0,-40.3786064756947,-9.13906531735578,20.092681234527,76.7201501174044,84.0627,84.06225,181254,"2023_02_28_0011","2023_02_28_0011_ev00654_rec3","no",7741
655,3,84.0835,-43.1307554916246,-47.5443064905555,-4.41355099893092,0.0500000000016598,0.200000000006639,0.550000000004047,-42.1960830211803,-3.11647818229558,2.77989702032478,18.7995541841451,84.08335,84.0833,181670,"2023_02_28_0011","2023_02_28_0011_ev00655_rec3","no",7742
656,3,84.23025,-46.3252329113035,-53.5182599658915,-7.19302705458802,0.149999999990769,2.34999999999275,0,38911.2020651019,-38959.6578831975,169603.100378067,25.0748694952323,84.22885,84.22525,184605,"2023_02_28_0011","2023_02_28_0011_ev00656_rec3","no",7743
657,3,84.4276,-41.7736392222812,-56.6354064456297,-14.8617672233485,2.9999999999859,8.89999999999702,16.8500000000051,19067.1682890567,-19117.5512633956,103591.936778462,-251.630780415537,84.4223,84.41875,188552,"2023_02_28_0011","2023_02_28_0011_ev00657_rec3","no",7744
658,3,84.6651,-41.5333534289162,-50.9699276668897,-9.43657423797354,0.649999999993156,2.15000000000032,3.30000000001007,-40.9679024342555,-6.24711335442853,7.61542588722268,-35.810138494546,84.6646,84.6639,193302,"2023_02_28_0011","2023_02_28_0011_ev00658_rec3","no",7745
659,3,84.73655,-41.141178666527,-46.117364785116,-4.97618611858898,0.149999999990769,1.99999999999534,3.70000000000914,-41.3678371094317,-3.235186571895,5.32402679776876,-24.4605416764346,84.73655,84.7364,194731,"2023_02_28_0011","2023_02_28_0011_ev00659_rec3","no",7746
660,3,85.0403,-42.6374128432501,-46.9970664978027,-4.35965365455264,0.199999999992428,1.49999999999295,2.65000000000271,-41.0295387635145,-4.23184902737071,9.72136536673217,7.62066406976599,85.04005,85.03955,200806,"2023_02_28_0011","2023_02_28_0011_ev00660_rec3","no",7747
661,3,85.61895,-42.0561263674781,-46.9970664978027,-4.94094013032459,0.149999999990769,1.15000000000975,2.39999999999441,-42.0771265863302,-3.00795908539564,4.72686770065788,-16.0573164304098,85.6188,85.61865,212379,"2023_02_28_0011","2023_02_28_0011_ev00661_rec3","no",7748
662,3,85.705,-46.9680021376837,-52.4902305603027,-5.52222842261905,0.450000000000728,0.649999999993156,1.40000000000384,9558.76213062857,-9608.08480787823,42645.2412175839,28.5273932048252,85.70475,85.7043,214100,"2023_02_28_0011","2023_02_28_0011_ev00662_rec3","no",7749
663,3,86.03215,-42.724605741955,-79.9560546875,-37.231448945545,3.44999999998663,6.99999999999079,6.85000000000002,-45.4669814096872,-32.158947070394,6.38790046020164,-361.251843011947,86.0319,86.0282,220643,"2023_02_28_0011","2023_02_28_0011_ev00663_rec3","no",7750
664,3,86.1096,-41.532967703683,-49.4384727478027,-7.9055050441197,0.600000000005707,3.04999999998756,2.54999999999939,-40.680028872529,-6.52429606570145,4.68476143833216,-14.7443529810225,86.1083,86.1077,222192,"2023_02_28_0011","2023_02_28_0011_ev00664_rec3","no",7751
665,3,86.1392,-39.0624989100865,-42.1142539978027,-3.05175508771624,0.0500000000016598,11.7999999999938,16.1999999999978,-39.810319308788,-3.9830767219886,6.91156902127762,-54.2296972683498,86.13815,86.1379,222784,"2023_02_28_0011","2023_02_28_0011_ev00665_rec3","no",7752
666,3,86.17565,-39.7600430079869,-48.8281211853027,-9.06807817731585,0.399999999999068,30.9000000000026,30.0000000000011,-44.5995261133339,-8.54127773579815,1.17464880828048,-165.021559361049,86.17495,86.17445,223513,"2023_02_28_0011","2023_02_28_0011_ev00666_rec3","no",7753
667,3,86.2558,-40.7482305254255,-158.0810546875,-117.332824162075,0.900000000001455,5.89999999999691,6.60000000000593,-49.7622080994429,-111.006603902556,5.6379780852875,-1045.71674643925,86.255,86.25395,225116,"2023_02_28_0011","2023_02_28_0011_ev00667_rec3","no",7754
668,3,86.29535,-50.5719827924456,-54.9316368103027,-4.35965401785715,0.349999999997408,0.349999999997408,0.550000000004047,-41.4600122664684,-11.1037726230556,16.2021916194477,120.867045130048,86.29525,86.2949,225907,"2023_02_28_0011","2023_02_28_0011_ev00668_rec3","no",7755
669,3,86.3754,-42.8117993672689,-81.1767501831055,-38.3649508158366,3.5000000000025,15.2499999999947,16.5499999999952,-37.4386668382308,-45.4095607690672,19.6349781886742,-642.852801386515,86.3742,86.37055,227508,"2023_02_28_0011","2023_02_28_0011_ev00669_rec3","no",7756
670,3,86.4457,-43.6546654474168,-68.9697265625,-25.3150611150832,5.60000000000116,11.950000000013,9.45000000000107,-44.0822931534514,-25.1395354358151,9.11994143940606,-328.842161941528,86.44525,86.43945,228914,"2023_02_28_0011","2023_02_28_0011_ev00670_rec3","no",7757
671,3,86.4829,-49.5256658281599,-51.8798789978027,-2.35421316964285,0.10000000000332,0.150000000004979,0.0500000000016598,-50.1525781689412,-1.73084674127758,1e-07,-19.7884699685232,86.4825,86.4824,229658,"2023_02_28_0011","2023_02_28_0011_ev00671_rec3","no",7758
672,3,86.506,-43.8581156049456,-62.8662071228027,-19.0080915178571,6.60000000000593,11.7500000000064,8.44999999999629,-44.5948609185918,-16.315313371531,8.85592386659529,-229.875837530409,86.50515,86.4985,230120,"2023_02_28_0011","2023_02_28_0011_ev00672_rec3","no",7759
673,3,86.55035,-44.9916256495884,-61.0351524353027,-16.0435267857143,1.95000000000789,12.8500000000003,14.4999999999982,-30.5851782370003,-28.5294994727093,42.850578040101,-218.069893973214,86.54895,86.54695,231007,"2023_02_28_0011","2023_02_28_0011_ev00673_rec3","no",7760
674,3,86.59575,-44.3522099086217,-50.0488243103027,-5.69661440168108,0.749999999996476,9.24999999999443,8.49999999999795,-44.6249853363843,-5.68939832616899,7.50217704680879,-64.081822844914,86.5929,86.59215,231915,"2023_02_28_0011","2023_02_28_0011_ev00674_rec3","no",7761
675,3,86.68275,-50.223210471017,-65.91796875,-15.694758278983,0.649999999993156,5.04999999999711,4.80000000000302,-44.4315737047482,-19.024120006615,9.7442585609027,-29.782983480181,86.6813,86.6806,233655,"2023_02_28_0011","2023_02_28_0011_ev00675_rec3","no",7762
676,3,86.77315,-44.5847246079218,-58.5937461853027,-14.0090215773809,2.45000000001028,15.500000000003,15.9999999999911,87257.1914146283,-87312.9518922714,233316.334995342,-209.987095424107,86.77065,86.7678,235463,"2023_02_28_0011","2023_02_28_0011_ev00676_rec3","no",7763
677,3,86.82975,-45.0206900097075,-68.9697265625,-23.9490365527925,16.7500000000018,19.1999999999979,5.94999999999857,-44.9180880614212,-17.3154847199024,9.04600172180604,-338.583089101882,86.8287,86.8117,236595,"2023_02_28_0011","2023_02_28_0011_ev00677_rec3","no",7764
678,3,86.8604,-46.0088782537551,-54.9316368103027,-8.92275855654762,1.69999999999959,7.000000000005,9.39999999999941,-48.4745930625591,-6.11449032353544,4.72520579110953,-114.363897414435,86.86025,86.85815,237208,"2023_02_28_0011","2023_02_28_0011_ev00678_rec3","no",7765
679,3,86.8825,-50.9207551138742,-54.9316368103027,-4.01088169642857,0.500000000002387,0.349999999997408,0,-46.2282213010764,-6.09624586306305,4.02239783389774,115.7640725817,86.88225,86.88175,237650,"2023_02_28_0011","2023_02_28_0011_ev00679_rec3","no",7766
680,3,86.90075,-45.5147841317313,-52.4902305603027,-6.97544642857143,0.300000000009959,0.150000000004979,0.0500000000016598,-42.4543858674307,-5.64950137706035,18.0952770409633,8.08933431080403,86.90075,86.9004,238015,"2023_02_28_0011","2023_02_28_0011_ev00680_rec3","no",7767
681,3,86.9487,-43.8581157865978,-53.1005821228027,-9.24246633620489,1.90000000000623,16.9499999999942,13.9999999999958,84.8703207334145,-136.97015966227,390.093425603532,-129.335673818134,86.94435,86.9419,238974,"2023_02_28_0011","2023_02_28_0011_ev00681_rec3","no",7768
682,3,87.0293,-45.2532048906599,-54.3212852478027,-9.06808035714285,0.399999999999068,0.600000000005707,2.25000000000364,-42.1624533147945,-7.84499735253379,11.479146874817,6.31931296757298,87.0292,87.0288,240586,"2023_02_28_0011","2023_02_28_0011_ev00682_rec3","no",7769
683,3,87.1032,-46.0960713341123,-50.6591758728027,-4.56310453869047,0.849999999999795,0.699999999994816,0,-37.9717267011541,-6.63308525047775,37.1138824283777,105.425863188789,87.103,87.102,242064,"2023_02_28_0011","2023_02_28_0011_ev00683_rec3","no",7770
684,3,87.15655,-46.1251356942313,-51.2695274353027,-5.14439174107143,0.549999999989836,0.250000000008299,0.200000000006639,-43.3204835002203,-7.57370909654098,0.398581934230227,80.1522271020071,87.1565,87.1556,243131,"2023_02_28_0011","2023_02_28_0011_ev00684_rec3","no",7771
685,3,87.24195,-42.2014474414644,-53.7109336853027,-11.5094862438384,3.60000000000582,11.5499999999997,2.09999999999866,-232686.55636463,232641.105894391,478835.859000104,-361.567896098182,87.2389,87.2353,244839,"2023_02_28_0011","2023_02_28_0011_ev00685_rec3","no",7772
686,3,87.2658,-49.0315717061361,-61.0351524353027,-12.0035807291667,2.049999999997,17.8000000000083,16.3500000000028,14.4238120077321,-77.0973667611687,128.513526720739,-201.950076675415,87.2629,87.26045,245316,"2023_02_28_0011","2023_02_28_0011_ev00686_rec3","no",7773
687,3,87.31725,-43.8871801467169,-46.9970664978027,-3.10988635108585,0.0500000000016598,0.299999999995748,0.500000000002387,-42.3349850592637,-3.4450025909952,2.10671483438398,38.9716614269074,87.3171,87.31705,246345,"2023_02_28_0011","2023_02_28_0011_ev00687_rec3","no",7774
688,3,87.34195,-43.3930860246931,-46.9970664978027,-3.60398047310965,0.0999999999891088,0.249999999994088,0.0500000000016598,-42.9167495301571,-3.56493322273168,0.0731953129660358,13.3136407170978,87.3418,87.3416,246839,"2023_02_28_0011","2023_02_28_0011_ev00688_rec3","no",7775
689,3,87.36575,-42.4920910426549,-48.2177696228027,-5.72567858014788,0.799999999998136,1.69999999999959,0.049999999987449,-44.2616707291925,-3.95834208773277,1e-07,-61.3127162115914,87.3648,87.36395,247315,"2023_02_28_0011","2023_02_28_0011_ev00689_rec3","no",7776
690,3,87.39875,-43.9162443251837,-52.4902305603027,-8.57398623511905,0.249999999994088,0.0999999999891088,0,-42.1191225405487,-4.04526775874605,8.02810136921476,21.4298665455408,87.39875,87.3985,247975,"2023_02_28_0011","2023_02_28_0011_ev00690_rec3","no",7777
691,3,87.4405,-39.0043701898484,-53.7109336853027,-14.7065634954543,1.80000000000291,12.2999999999962,17.0999999999992,-43.470818297801,-9.35406426117006,7.55629144894341,-245.240623605819,87.43875,87.43685,248810,"2023_02_28_0011","2023_02_28_0011_ev00691_rec3","no",7778
692,3,87.4816,-45.2241405305408,-54.3212852478027,-9.0971447172619,1.15000000000975,8.15000000000055,6.95000000000334,-43.6274187659605,-10.3553693842034,9.41657928191754,-75.9560738427299,87.47955,87.4782,249632,"2023_02_28_0011","2023_02_28_0011_ev00692_rec3","no",7779
693,3,87.51935,-42.6664772033691,-46.3867149353027,-3.72023773193359,0.150000000004979,0.299999999995748,0.299999999995748,-42.0249744392822,-4.10545494223373,0.442183743855656,17.1544975280762,87.51935,87.5192,250387,"2023_02_28_0011","2023_02_28_0011_ev00693_rec3","no",7780
694,3,87.6224,-41.5910964239211,-48.2177696228027,-6.6266731988816,0.500000000002387,5.45000000001039,5.15000000000043,-41.9665555031962,-6.37901799060739,4.60038896664496,-51.993218658084,87.62085,87.62025,252448,"2023_02_28_0011","2023_02_28_0011_ev00694_rec3","no",7781
695,3,87.6676,-42.1433194478353,-56.1523399353027,-14.0090204874674,3.45000000000084,14.4999999999982,16.3500000000028,33425.3314532462,-33478.480584615,94019.5325391259,-207.15110502243,87.6664,87.66285,253352,"2023_02_28_0011","2023_02_28_0011_ev00695_rec3","no",7782
696,3,87.7014,-44.0034375871931,-47.6074180603027,-3.60398047310965,0.249999999994088,0.149999999990769,0,-41.5690963902919,-3.55575038944468,3.05458227095473,61.3882660593306,87.7014,87.70115,254028,"2023_02_28_0011","2023_02_28_0011_ev00696_rec3","no",7783
697,3,87.7824,-43.5965365455264,-61.6455039978027,-18.0489674522763,1.20000000001141,10.7500000000016,15.3000000000105,-46.4601396932004,-14.0524971971695,11.7375683318512,-253.928042934054,87.7822,87.7809,255648,"2023_02_28_0011","2023_02_28_0011_ev00697_rec3","no",7784
698,3,87.91515,-43.9453086853027,-46.3867149353027,-2.44140625,0.199999999992428,2.65000000000271,3.29999999999586,-42.5643098529096,-3.96387438154807,6.00391703713665,17.2576773643494,87.91515,87.91495,258303,"2023_02_28_0011","2023_02_28_0011_ev00698_rec3","no",7785
699,3,87.96085,-41.4748384384882,-45.1660118103027,-3.69117337181454,0.200000000006639,0.600000000005707,1.60000000001048,-40.5145303267108,-3.12331179274335,5.36109683969049,10.9899365198046,87.9607,87.9605,259217,"2023_02_28_0011","2023_02_28_0011_ev00699_rec3","no",7786
700,3,88.03775,-44.2940810067313,-48.8281211853027,-4.53404017857143,0.249999999994088,0.349999999997408,0,-43.4043858822657,-2.10196671259405,3.77385163028197,18.0097194944109,88.0376,88.03735,260755,"2023_02_28_0011","2023_02_28_0011_ev00700_rec3","no",7787
701,3,88.0723,-46.0670069739932,-48.2177696228027,-2.15076264880953,0.899999999987244,3.00000000000011,2.75000000000603,-42.0201686326254,-5.90352523119028,13.9731322982208,48.6115890321277,88.0721,88.0711,261446,"2023_02_28_0011","2023_02_28_0011_ev00701_rec3","no",7788
702,3,88.145,-40.9807446797689,-54.9316368103027,-13.9508921305339,0.699999999994816,3.39999999999918,3.5000000000025,-42.121965029832,-12.7459229146983,3.02399996443571,-85.29008547465,88.1445,88.14375,262900,"2023_02_28_0011","2023_02_28_0011_ev00702_rec3","no",7789
703,3,88.1635,-42.8117986406599,-48.2177696228027,-5.40597098214285,0.200000000006639,0.349999999997408,0.349999999997408,-41.896875042932,-4.29216382568589,0.949362781052765,21.3884372438704,88.16275,88.16255,263270,"2023_02_28_0011","2023_02_28_0011_ev00703_rec3","no",7790
704,3,88.25725,-46.2123287745884,-53.1005821228027,-6.88825334821428,1.40000000000384,1.94999999999368,1.40000000000384,-45.7797347528439,-4.19886992286501,4.1110840969205,-9.27298485892156,88.25655,88.25505,265145,"2023_02_28_0011","2023_02_28_0011_ev00704_rec3","no",7791
705,3,88.3004,-48.4502845037551,-52.4902305603027,-4.03994605654762,0.550000000004047,0.749999999996476,0.749999999996476,-43.4437874664288,-7.25253574441038,6.92817239414918,99.8041018258958,88.3002,88.29935,266008,"2023_02_28_0011","2023_02_28_0011_ev00705_rec3","no",7792
706,3,88.4014,-45.5438484918504,-49.4384727478027,-3.89462425595238,0.250000000008299,0.950000000003115,1.15000000000975,-42.6493311956683,-5.6294644338224,4.37666702155431,61.3882785933359,88.40125,88.401,268028,"2023_02_28_0011","2023_02_28_0011_ev00706_rec3","no",7793
707,3,88.4509,-42.608348483131,-60.4248008728027,-17.8164523896717,1.14999999999554,7.94999999999391,10.2499999999992,-40.1110911589774,-17.3608327484366,15.8556000714316,-178.836632882981,88.45025,88.44895,269018,"2023_02_28_0011","2023_02_28_0011_ev00707_rec3","no",7794
708,3,88.5508,-45.1078832717169,-50.6591758728027,-5.55129260108585,0.900000000001455,0.200000000006639,0.10000000000332,-43.461995233135,-7.65777539738661,0.148584023299757,47.7207684244427,88.5508,88.54965,271016,"2023_02_28_0011","2023_02_28_0011_ev00708_rec3","no",7795
709,3,88.6801,-45.4275910513742,-48.2177696228027,-2.79017857142857,0.200000000006639,0.649999999993156,0.0500000000016598,-41.8766269249737,-4.62404108464126,5.08373168575125,82.8988026482719,88.67905,88.6787,273602,"2023_02_28_0011","2023_02_28_0011_ev00709_rec3","no",7796
710,3,88.7157,-41.8817398434594,-68.359375,-26.4776351565406,3.00000000000011,33.9000000000027,30.0000000000011,-56.0580148353602,-8.0760260743077,14.6855288931194,-634.490237472171,88.71315,88.70965,274314,"2023_02_28_0011","2023_02_28_0011_ev00710_rec3","no",7797
711,3,88.78345,-46.3576505751837,-53.1005821228027,-6.74293154761905,2.49999999999773,2.40000000000862,0.649999999993156,46065.6642506249,-46114.6464745165,223254.218224989,7.2501018660408,88.78345,88.78095,275669,"2023_02_28_0011","2023_02_28_0011_ev00711_rec3","no",7798
712,3,88.79795,-45.3694623311361,-49.4384727478027,-4.06901041666666,0.149999999990769,1.54999999999461,2.25000000000364,-42.8657360981847,-5.84844181273336,5.93535396976513,39.5863776524862,88.7978,88.7976,275959,"2023_02_28_0011","2023_02_28_0011_ev00712_rec3","no",7799
713,3,88.8872,-45.7182346525646,-62.8662071228027,-17.1479724702381,0.799999999998136,4.30000000000064,3.80000000001246,-42.6922765452017,-18.6321114541513,5.55374451030133,-38.6388972509475,88.8863,88.88535,277744,"2023_02_28_0011","2023_02_28_0011_ev00713_rec3","no",7800
714,3,88.95245,-43.2477642240978,-72.021484375,-28.7737201509022,6.99999999999079,25.9499999999946,20.2000000000027,-21.5267454064717,-51.5597907706829,43.4352897249367,-749.978258073898,88.9451,88.9377,279049,"2023_02_28_0011","2023_02_28_0011_ev00714_rec3","no",7801
715,3,89.05645,-45.8635564531599,-48.2177696228027,-2.35421316964285,0.950000000003115,1.75000000000125,1.00000000000477,-41.8263653581005,-5.57702440491161,7.64689166804765,78.9925570351738,89.0561,89.05495,281129,"2023_02_28_0011","2023_02_28_0011_ev00715_rec3","no",7802
716,3,89.1404,-41.2423241024926,-45.1660118103027,-3.92368770781017,0.349999999997408,0.250000000008299,0.10000000000332,-39.2691021709324,-3.54920618827638,2.3701106551597,50.3256284668332,89.1404,89.14005,282808,"2023_02_28_0011","2023_02_28_0011_ev00716_rec3","no",7803
717,3,89.2027,-39.2659492492676,-53.7109336853027,-14.4449844360352,1.10000000000809,6.64999999999338,8.90000000001123,-41.0069454627317,-8.89687762407666,9.87416225920939,-155.751478767395,89.2013,89.20015,284054,"2023_02_28_0011","2023_02_28_0011_ev00717_rec3","no",7804
718,3,89.27645,-42.8989919026693,-45.1660118103027,-2.26701990763346,0.199999999992428,0.749999999996476,0.849999999999795,-41.1543036791516,-3.13237066323361,4.30677818747664,38.269017537435,89.276,89.2758,285529,"2023_02_28_0011","2023_02_28_0011_ev00718_rec3","no",7805
719,3,89.30025,-37.2314453125,-41.5039024353027,-4.27245712280273,0.499999999988177,30.399999999986,30.0000000000011,-40.3351860537497,-4.42646380869248,2.22147089434202,-105.651782608032,89.30025,89.29975,286005,"2023_02_28_0011","2023_02_28_0011_ev00719_rec3","no",7806
720,3,89.3689,-39.4403352283296,-59.2040977478027,-19.7637625194731,1.35000000000218,5.20000000000209,8.75000000000625,-41.802782141729,-12.308398238785,9.60120155955468,-194.643225792476,89.3687,89.3673,287378,"2023_02_28_0011","2023_02_28_0011_ev00720_rec3","no",7807
721,3,89.4801,-41.4748391650972,-53.7109336853027,-12.2360945202055,1.85000000000457,4.30000000000064,4.15000000000987,-40.813061087942,-10.327134710498,6.05242294605076,-56.6878412746247,89.47985,89.478,289602,"2023_02_28_0011","2023_02_28_0011_ev00721_rec3","no",7808
722,3,89.53585,-43.480278923398,-48.8281211853027,-5.34784226190476,0.900000000001455,0.199999999992428,0,-41.1283438936997,-3.1528988344004,3.11899928633451,60.2104207947142,89.5358,89.53475,290717,"2023_02_28_0011","2023_02_28_0011_ev00722_rec3","no",7809
723,3,89.55825,-41.4457748049781,-44.5556602478027,-3.10988544282459,0.600000000005707,1.14999999999554,1.09999999999388,-39.6683054230946,-4.08494524408106,3.24350458548215,39.0094364120847,89.55825,89.55765,291165,"2023_02_28_0011","2023_02_28_0011_ev00723_rec3","no",7810
724,3,89.776,-39.2659492492676,-53.7109336853027,-14.4449844360352,0.649999999993156,4.90000000000634,5.89999999999691,-43.0181470293631,-11.5276817890874,2.98230802530242,-165.613739013672,89.77505,89.7743,295520,"2023_02_28_0011","2023_02_28_0011_ev00724_rec3","no",7811
725,3,89.7997,-42.898991721017,-50.0488243103027,-7.14983258928572,0.149999999990769,0.200000000006639,0.0500000000016598,-42.1104741116991,-3.56170262800036,1.77183856932169,15.9999117442539,89.79955,89.79935,295994,"2023_02_28_0011","2023_02_28_0011_ev00725_rec3","no",7812
726,3,89.8723,-41.1841953822545,-49.4384727478027,-8.25427736554827,1.95000000000789,1.69999999999959,0,-40.3876343732529,-3.60504103090805,11.1298990436299,-21.9072621890476,89.87165,89.8695,297446,"2023_02_28_0011","2023_02_28_0011_ev00726_rec3","no",7813
727,3,90.13205,-39.191412444837,-46.275010027992,-7.083597583155,1.15000000000975,3.65000000000748,21.499999999989,-42.3423352438213,-5.90601857586939,0.613209056244313,-118.888213285173,90.1299,90.12875,302641,"2023_02_28_0011","2023_02_28_0011_ev00727_rec3","no",7814
728,3,90.2416,-43.0955483012661,-48.0225533696967,-4.92700506843056,0.299999999995748,0.0999999999891088,0,-39.8222351840196,-4.61415207319751,10.2434779096396,52.9375729076742,90.2416,90.2413,304832,"2023_02_28_0011","2023_02_28_0011_ev00728_rec3","no",7815
729,3,90.3339,-44.0015346744004,-46.6649114049678,-2.66337673056739,0.399999999999068,8.89999999999702,8.30000000000553,-184795.968787407,184756.369141239,285168.121332219,-160.325723231316,90.3339,90.3335,306678,"2023_02_28_0011","2023_02_28_0011_ev00729_rec3","no",7816
730,3,90.35395,-42.9955258074624,-71.0544450563067,-28.0589192488443,1.24999999999886,6.60000000000593,8.54999999999961,-43.3804784113213,-24.6879365400727,9.43519922799791,-262.833606626735,90.3536,90.35225,307079,"2023_02_28_0011","2023_02_28_0011_ev00730_rec3","no",7817
731,3,90.4039,-41.5183409687839,-44.2621754059999,-2.74383443721602,0.499999999988177,2.49999999999773,3.35000000001173,-40.7755204792053,-3.33251995579351,5.25405332668179,3.0593044844094,90.4039,90.4033,308078,"2023_02_28_0011","2023_02_28_0011_ev00731_rec3","no",7818
732,3,90.5051,-44.5935606250646,-50.0679915154226,-5.47443089035804,0.450000000000728,0.0500000000016598,0,-40.8060262657694,-4.28235195302703,8.55329880138123,78.5039716164883,90.5051,90.50385,310102,"2023_02_28_0011","2023_02_28_0011_ev00732_rec3","no",7819
733,3,90.632,-40.9108204071105,-43.7997022551268,-2.8888818480163,0.849999999999795,1.40000000000384,0.350000000011619,-39.133310175584,-6.7215473478487,0.381134045530415,44.1130973917766,90.6306,90.62925,312640,"2023_02_28_0011","2023_02_28_0011_ev00733_rec3","no",7820
734,3,90.9023,-39.6007805317142,-49.8076517637277,-10.2068712320135,2.94999999999845,15.4499999999871,16.050000000007,-39.6239152398028,-7.09822930009792,25.2144768886277,-185.167845437043,90.896,90.8927,318046,"2023_02_28_0011","2023_02_28_0011_ev00734_rec3","no",7821
735,3,91.12865,-44.5593287629916,-49.2700807473733,-4.71075198438169,0.249999999994088,0.649999999993156,1.05000000000643,-41.3702399862242,-6.09348977499656,4.8997045894912,65.1499303125433,91.12865,91.1284,322573,"2023_02_28_0011","2023_02_28_0011_ev00735_rec3","no",7822
736,3,91.45505,-39.6507210524162,-57.9160375931646,-18.2653165407483,1.94999999999368,6.79999999999836,30.0000000000011,-47.1760743346583,-8.10988420812435,3.10041994322117,-279.077278027227,91.45495,91.4527,329101,"2023_02_28_0011","2023_02_28_0011_ev00736_rec3","no",7823
737,3,91.48775,-51.2703176510653,-55.2068420222172,-3.93652437115186,0.150000000004979,7.5999999999965,3.60000000000582,-43.6304547585675,-12.0205448088102,12.9405851071553,76.4319569329307,91.48385,91.4829,329755,"2023_02_28_0011","2023_02_28_0011_ev00737_rec3","no",7824
738,3,91.51655,-45.0072384810826,-52.2637711918632,-7.2565327107806,0.199999999992428,0.0500000000016598,0,23924.7581028437,-23972.0487580765,101863.066409645,36.7673368904609,91.51655,91.51635,330331,"2023_02_28_0011","2023_02_28_0011_ev00738_rec3","no",7825
739,3,91.6436,-39.0991510435728,-55.2026189749485,-16.1034679313758,1.04999999999222,4.84999999999047,5.64999999998861,-41.0956370435482,-12.0589986976645,5.08252974089223,-141.231238879153,91.64295,91.6418,332872,"2023_02_28_0011","2023_02_28_0011_ev00739_rec3","no",7826
740,3,91.68155,-42.7371274411207,-49.1441688217383,-6.40704138061766,2.9999999999859,2.3000000000053,3.84999999999991,-38.914544024367,-7.84542269045786,16.1939595545967,-8.01758948423016,91.68125,91.67815,333631,"2023_02_28_0011","2023_02_28_0011_ev00740_rec3","no",7827
741,3,91.80235,-44.0439304278478,-48.3206541566943,-4.27672372884643,0.250000000008299,0.250000000008299,0,-36.6244112016533,-8.27098889090375,33.4005204298533,56.3506089980305,91.80175,91.8012,336047,"2023_02_28_0011","2023_02_28_0011_ev00741_rec3","no",7828
742,3,92.1016,-36.7842142426296,-66.0452440350714,-29.2610297924418,14.4500000000107,27.6000000000067,19.299999999987,-35.4143866781254,-30.604124038062,20.9724310162043,-804.144660579046,92.10025,92.0841,342032,"2023_02_28_0011","2023_02_28_0011_ev00742_rec3","no",7829
743,3,92.1413,-39.7718458909886,-42.7499023435926,-2.97805645260402,0.199999999992428,2.65000000000271,3.39999999999918,-37.9393134119077,-4.58014376509908,7.68723650957065,19.4735659980469,92.1412,92.141,342826,"2023_02_28_0011","2023_02_28_0011_ev00743_rec3","no",7830
744,3,92.28695,-40.8851737738341,-45.691406457783,-4.80623268394888,1.30000000001473,0.600000000005707,0,-36.7041243819209,-5.5291745136757,19.5409495921518,38.1849641881013,92.28695,92.2856,345739,"2023_02_28_0011","2023_02_28_0011_ev00744_rec3","no",7831
745,3,92.35015,-41.3673949482081,-44.2637870755516,-2.89639212734349,0.450000000000728,30.4000000000002,30.0000000000011,-26598.6946954118,26560.3044387308,493537.651098535,64.581586042591,92.35015,92.34965,347003,"2023_02_28_0011","2023_02_28_0011_ev00745_rec3","no",7832
746,3,92.46145,-40.982267359859,-44.0436771710453,-3.06140981118627,0.0500000000016598,0.399999999999068,0,-39.3054245453337,-1.94980526759157,6.60721022878592,37.0760243038091,92.46145,92.461,349229,"2023_02_28_0011","2023_02_28_0011_ev00746_rec3","no",7833
747,3,92.4812,-37.9162895991103,-41.5450526226113,-3.62876302350091,0.0500000000016598,5.20000000000209,6.7499999999967,-35.5625150318153,-5.48080292775563,17.0753992595168,-9.88791739498684,92.4804,92.48035,349624,"2023_02_28_0011","2023_02_28_0011_ev00747_rec3","no",7834
748,3,92.60765,-41.5046228738654,-46.6277246276585,-5.12310175379319,0.349999999997408,0.049999999987449,0,-38.200615104748,-5.01199528678168,5.63539127698897,67.370792619105,92.60715,92.60655,352153,"2023_02_28_0011","2023_02_28_0011_ev00748_rec3","no",7835
749,3,92.76875,-35.7921884585346,-43.2701443121729,-7.47795585363824,0.699999999994816,4.94999999999379,5.04999999999711,-37.4155492322381,-4.64855025497184,3.59577660466077,-74.3637901037627,92.7687,92.766,355375,"2023_02_28_0011","2023_02_28_0011_ev00749_rec3","no",7836
750,3,92.81075,-39.5199398736501,-41.9736389276382,-2.45369905398805,0.299999999995748,0.650000000007367,0,-33.1857951403243,-7.0400255381816,37.086723528778,43.3529200937608,92.81075,92.81,356215,"2023_02_28_0011","2023_02_28_0011_ev00750_rec3","no",7837
751,3,92.89065,-40.2767972189518,-43.8101206081794,-3.53332338922754,0.450000000000728,7.30000000000075,6.7499999999967,-39.5709723236833,-5.72302986147162,6.46252248580562,-21.6077516913821,92.89,92.8871,357813,"2023_02_28_0011","2023_02_28_0011_ev00751_rec3","no",7838
752,3,92.91575,-37.8520227514131,-43.5886299332754,-5.73660718186235,0.149999999990769,1.54999999999461,2.79999999999347,-36.0582098241669,-5.37913354837103,8.87985383217898,5.7357936588105,92.9155,92.91525,358315,"2023_02_28_0011","2023_02_28_0011_ev00752_rec3","no",7839
753,3,93.03895,-36.1495060449513,-46.5345602113111,-10.3850541663598,1.7999999999887,8.25000000000387,7.44999999999152,-36.3713708204872,-9.62554660754536,7.60745524001902,-104.32520781136,93.037,93.0352,360779,"2023_02_28_0011","2023_02_28_0011_ev00753_rec3","no",7840
754,3,93.3414,-38.3709311916336,-43.7542441865915,-5.38331299495788,0.250000000008299,0.0500000000158707,0,-36.0858459262828,-3.58787803626804,6.82719337935973,43.7716599949999,93.3414,93.3411,366828,"2023_02_28_0011","2023_02_28_0011_ev00754_rec3","no",7841
755,3,93.46015,-36.2782094225501,-45.8359633617981,-9.55775393924805,2.65000000000271,9.95000000000346,15.1000000000039,-32.6183310189949,-10.3380028339992,41.7171202809978,-157.743405382808,93.45485,93.4521,369203,"2023_02_28_0011","2023_02_28_0011_ev00755_rec3","no",7842
756,3,93.475,-38.5527201428674,-42.5070741096963,-3.95435396682885,0.250000000008299,0.399999999999068,1.85000000000457,-34.2003192156092,-6.36020747094191,20.7618223826696,28.7063547589049,93.4749,93.47465,369500,"2023_02_28_0011","2023_02_28_0011_ev00756_rec3","no",7843
757,3,93.58445,-37.682364427277,-44.7979770493427,-7.11561262206573,0.199999999992428,0.249999999994088,0.550000000004047,-36.2882720805948,-4.55256250969404,4.31302946425119,20.3806458580219,93.58425,93.584,371689,"2023_02_28_0011","2023_02_28_0011_ev00757_rec3","no",7844
758,3,93.6411,-36.6939177730196,-41.9258670548792,-5.23194928185961,0.349999999997408,30.1499999999919,21.9500000000039,-2609.97688005102,2572.22538161619,64247.7573991366,-51.365574063247,93.64105,93.6406,372822,"2023_02_28_0011","2023_02_28_0011_ev00758_rec3","no",7845
759,3,93.6593,-37.7542823964746,-42.6367188970912,-4.88243650061658,0.249999999994088,2.35000000000696,3.55000000000416,-36.6699088341398,-4.2145826941283,9.4345413420338,-8.65436562071901,93.65895,93.6584,373186,"2023_02_28_0011","2023_02_28_0011_ev00759_rec3","no",7846
760,3,94.2165,-40.4284306901051,-46.2641416005274,-5.8357109104223,3.10000000000343,5.70000000000448,0,-37.4952602408447,-4.36959325681977,18.8333193285708,17.2748972549281,94.2164,94.21065,384330,"2023_02_28_0011","2023_02_28_0011_ev00760_rec3","no",7847
761,3,94.738,-42.0960914055671,-44.6156291776025,-2.51953777203538,0.349999999997408,0.399999999999068,0.249999999994088,-38.3226993421026,-4.84394022334865,8.420746718501,72.7287584093822,94.738,94.73755,394760,"2023_02_28_0011","2023_02_28_0011_ev00761_rec3","no",7848
762,3,94.7867,-41.8251717819792,-49.3896329098696,-7.56446112789039,1.00000000000477,2.74999999999181,2.49999999999773,-38.3335576233814,-10.1624182837685,5.23124987889839,46.8108902343189,94.78665,94.78565,395734,"2023_02_28_0011","2023_02_28_0011_ev00762_rec3","no",7849
763,3,94.8154,-38.0842217627798,-46.0393518828467,-7.95513012006688,0.749999999996476,2.3000000000053,3.5000000000025,-37.2690751459613,-5.96209999996995,7.59070287071037,-24.5423981863889,94.8152,94.81445,396308,"2023_02_28_0011","2023_02_28_0011_ev00763_rec3","no",7850
764,3,95.0792,-36.7663336332075,-48.6813768016753,-11.9150431684677,5.79999999999359,3.00000000000011,4.44999999999141,-39.1037114602877,-5.13624980350392,4.87248452041163,-133.432324388449,95.07905,95.0732,401584,"2023_02_28_0011","2023_02_28_0011_ev00764_rec3","no",7851
765,3,95.41145,-40.2686414227946,-43.5018147046069,-3.23317328181231,0.0999999999891088,0.799999999998136,1.59999999999627,-38.3723190541604,-3.94057679542074,6.55166931450581,30.5895184400981,95.41125,95.41115,408229,"2023_02_28_0011","2023_02_28_0011_ev00765_rec3","no",7852
766,3,95.5185,-40.9417096271115,-45.6532291992817,-4.71151957217015,0.349999999997408,0.150000000004979,0,-36.9264177020748,-5.35550216415326,14.3447121610782,52.0903846693491,95.5185,95.5181,410370,"2023_02_28_0011","2023_02_28_0011_ev00766_rec3","no",7853
767,3,95.7077,-42.3877168185031,-45.9997760839689,-3.61205926546581,0.349999999997408,0.10000000000332,0,-35.9483615860575,-5.75140115667057,26.6217183758528,88.6406475183939,95.7073,95.7069,414154,"2023_02_28_0011","2023_02_28_0011_ev00767_rec3","no",7854
768,3,96.0634,-39.5760706602787,-43.5109072508156,-3.93483659053698,0.200000000006639,2.65000000000271,0,-36.6302585093478,-4.21496222090237,9.23972266967866,48.736095339209,96.06295,96.0607,421268,"2023_02_28_0011","2023_02_28_0011_ev00768_rec3","no",7855
769,3,96.15765,-40.9778623193719,-43.9918642186904,-3.01400189931852,0.250000000008299,1.59999999999627,2.54999999999939,-38.2984897041876,-4.70225579321685,11.8338867900756,28.4618316301679,96.15765,96.1574,423153,"2023_02_28_0011","2023_02_28_0011_ev00769_rec3","no",7856
770,3,96.25425,-37.0298265457283,-42.094533071617,-5.06470652588878,1.15000000000975,14.8499999999956,19.1499999999962,-37.8377294107036,-4.048656039986,14.3334901432909,-88.6842542870293,96.2523,96.25115,425085,"2023_02_28_0011","2023_02_28_0011_ev00770_rec3","no",7857
771,3,96.48535,-36.2301964326019,-48.1789123325272,-11.9487158999253,0.500000000002387,3.60000000000582,5.20000000000209,-36.8618656685839,-9.44793723707192,5.68261327650941,-90.8260745860612,96.48385,96.48335,429707,"2023_02_28_0011","2023_02_28_0011_ev00771_rec3","no",7858
772,3,96.91025,-40.5877149141241,-47.0477465363838,-6.4600316222597,0.10000000000332,1.35000000000218,3.64999999999327,-35.8225097613412,-8.46395397349737,21.6715999372195,3.69186086540445,96.91,96.9098,438205,"2023_02_28_0011","2023_02_28_0011_ev00772_rec3","no",7859
773,3,97.121,-36.5885266892696,-39.4549515918775,-2.86642490260786,1.35000000000218,1.99999999999534,2.09999999999866,-36.3522201630216,-4.64998132921405,1.63500404370811,-3.80747477362281,97.121,97.11955,442420,"2023_02_28_0011","2023_02_28_0011_ev00773_rec3","no",7860
774,3,97.46485,-40.0785024609543,-44.3817311428441,-4.30322868188976,0.349999999997408,0.10000000000332,0,-37.5068400229304,-3.53788117559131,4.21587237232242,61.7955845296022,97.46485,97.4645,449297,"2023_02_28_0011","2023_02_28_0011_ev00774_rec3","no",7861
775,3,98.46165,-45.8669236467033,-50.879365275043,-5.01244162833975,0.600000000005707,1.40000000000384,0,-24.3691100640891,-22.2464900818325,64.7109230264205,108.123157007665,98.46155,98.4585,469233,"2023_02_28_0011","2023_02_28_0011_ev00775_rec3","no",7862
776,3,98.629,-36.6090513348854,-61.9907888371923,-25.3817375023069,1.95000000000789,9.55000000000439,11.3499999999931,-38.3553768193928,-22.9109405066166,10.3279510031014,-318.85159188674,98.6284,98.62585,472580,"2023_02_28_0011","2023_02_28_0011_ev00776_rec3","no",7863
777,3,98.68475,-41.7251904940075,-45.1284692444115,-3.40327875040393,0.400000000013279,0.199999999992428,0,-37.7818255442053,-5.06053823763241,9.08767024813917,73.3416638023695,98.6847,98.6843,473695,"2023_02_28_0011","2023_02_28_0011_ev00777_rec3","no",7864
778,3,98.7193,-37.0388606876333,-41.0309897487116,-3.99212906107825,1.24999999999886,3.19999999999254,2.65000000001692,-37.8004528351483,-4.05845116867759,1.52318695968604,-35.1102322111867,98.719,98.71755,474386,"2023_02_28_0011","2023_02_28_0011_ev00778_rec3","no",7865
779,3,98.80645,-40.4229937645706,-45.2371561842055,-4.81416241963498,1.89999999999202,2.49999999999773,0,-35.2361518988361,-4.94981563693789,15.2397976405227,87.6578665987251,98.8063,98.8024,476129,"2023_02_28_0011","2023_02_28_0011_ev00779_rec3","no",7866
780,3,99.20915,-36.8200585754419,-41.7279158524417,-4.90785727699977,0.249999999994088,0.299999999995748,0.550000000004047,-35.5397171277587,-4.01641503208226,2.10942794072668,28.8280820314012,99.20915,99.2088,484183,"2023_02_28_0011","2023_02_28_0011_ev00780_rec3","no",7867
781,3,99.3734,-40.6379294858052,-44.6617706168508,-4.02384113104563,1.75000000000125,2.049999999997,0,11591.1425188516,-11633.22810455,156134.20496691,-20.347698717594,99.37225,99.3694,487468,"2023_02_28_0011","2023_02_28_0011_ev00781_rec3","no",7868
782,3,99.38965,-41.6076066081661,-44.9663712218439,-3.35876461367788,0.10000000000332,0.300000000009959,0,-34.165452566131,-8.1399506357375,24.9394707903262,80.467216718327,99.38955,99.3893,487793,"2023_02_28_0011","2023_02_28_0011_ev00782_rec3","no",7869
783,3,99.7918,-40.9758534576825,-45.684954289671,-4.70910083198847,0.549999999989836,1.54999999999461,0.250000000008299,-37.657604419947,-5.15388018848905,12.7733477310011,35.8963889451482,99.7909,99.7891,495836,"2023_02_28_0011","2023_02_28_0011_ev00783_rec3","no",7870
784,3,99.825,-41.0496762233975,-44.1401522518144,-3.09047602841692,0.150000000004979,0.799999999998136,1.69999999999959,-36.6280301718959,-6.178683325251,16.3766576671778,46.7789776458688,99.82485,99.82465,496500,"2023_02_28_0011","2023_02_28_0011_ev00784_rec3","no",7871
785,3,99.91705,-36.4581366771359,-41.8240105264028,-5.36587384926691,0.950000000003115,1.59999999999627,2.74999999999181,-36.2976237867389,-3.9194659510977,4.59404202674563,-16.5450065269185,99.91705,99.9161,498341,"2023_02_28_0011","2023_02_28_0011_ev00785_rec3","no",7872
