"Event.Number","Record","Event.Time..s.","Baseline..pA.","Peak..pA.","Amplitude..pA.","Rise.Time..ms.","Half.Width..ms.","Decay.Time..ms.","Decay.Fit.b0","Decay.Fit.b1","Decay.Fit.Tau..ms.","AUC..pA.ms.","rise_max_time","baseline_time","event_index","file_prefix","event_id","noise","event_entry_number"
1,0,0.00309999999999999,-116.788470756952,-121.701409981071,-4.9129392241188,0.25,1.25,1.15,-115.533990221023,-5.29383966691785,2.10362447923344,21.8889744442692,0.00219999999999999,0.00194999999999999,62,"2023_08_31_0032","2023_08_31_0032_ev00001_rec0","no",49658
2,0,0.0483,-114.929005123156,-125.250361608771,-10.3213564856154,0.850000000000004,1.84999999999999,1.25,-113.807471462177,-11.7204106346434,1.42914203739582,10.1390108214693,0.04805,0.0472,966,"2023_08_31_0032","2023_08_31_0032_ev00002_rec0","no",49659
3,0,0.07965,-115.050676585572,-121.257071974199,-6.20639538862747,0.950000000000006,29.7,24.55,-43530.9850333099,43418.2321167164,232128.817362407,-18.2472862822174,0.0794,0.078,1593,"2023_08_31_0032","2023_08_31_0032_ev00003_rec0","no",49660
4,0,0.12175,-115.405859011279,-123.644511204225,-8.23865219294512,0.650000000000012,0.299999999999995,0,18813.4497876114,-18930.5764558444,212348.02115858,-14.6917001242613,0.1217,0.12095,2435,"2023_08_31_0032","2023_08_31_0032_ev00004_rec0","no",49661
5,0,0.13945,-113.424306367995,-125.725965517626,-12.3016591496317,1.5,1.90000000000001,1.09999999999999,-115.502838810691,-10.7955684124824,0.762718721147253,-82.1739307275429,0.13935,0.13785,2789,"2023_08_31_0032","2023_08_31_0032_ev00005_rec0","no",49662
6,0,0.1714,-117.90033624595,-121.179715209798,-3.27937896384756,0.649999999999984,2.45000000000001,1.3,-114.337547818803,-9.8993528922571,1.76147014969612,86.6358759861016,0.17135,0.16935,3428,"2023_08_31_0032","2023_08_31_0032_ev00006_rec0","no",49663
7,0,0.26275,-114.064392516122,-126.849743153016,-12.785350636894,3.49999999999995,3.19999999999998,1.19999999999998,-116.826156444852,-9.90583689818844,0.74666308390635,-118.279209206443,0.26255,0.259,5255,"2023_08_31_0032","2023_08_31_0032_ev00007_rec0","no",49664
8,0,0.28495,-118.245633874837,-128.713576657174,-10.4679427823364,2,25.8,21.5,-171737.876678363,171625.189290161,391670.78109056,-41.190822702178,0.2849,0.28285,5699,"2023_08_31_0032","2023_08_31_0032_ev00008_rec0","no",49665
9,0,0.31,-118.133782838734,-148.052809154325,-29.9190263155909,0.5,2,1.94999999999995,-118.008921799349,-34.0418248530188,1.74907153738149,-74.0070923487811,0.3097,0.30915,6200,"2023_08_31_0032","2023_08_31_0032_ev00009_rec0","no",49666
10,0,0.3579,-114.553227775104,-130.368672974652,-15.8154451995478,2.79999999999997,4.45000000000001,2.44999999999995,-115.689027041101,-18.2292142984861,1.80449916342682,-105.794911565817,0.3568,0.35395,7158,"2023_08_31_0032","2023_08_31_0032_ev00010_rec0","no",49667
11,0,0.39445,-120.648897010791,-127.71385356245,-7.06495655165884,0.5,1.59999999999999,0.5,-118.016737388869,-12.4819827543104,0.547717331289788,64.6907057116308,0.39355,0.3929,7889,"2023_08_31_0032","2023_08_31_0032_ev00011_rec0","no",49668
12,0,0.4354,-120.668571417722,-129.996611145206,-9.32803972748354,1.20000000000003,2.05,0,37397.5208190217,-37518.6763164268,187146.476925125,59.7855825934561,0.43525,0.43145,8708,"2023_08_31_0032","2023_08_31_0032_ev00012_rec0","no",49669
13,0,0.49615,-114.961459533793,-127.649146337245,-12.6876868034526,3.45000000000006,2.30000000000008,6.44999999999996,14383.5846893413,-14504.6904157205,64481.3836176847,-123.588573962692,0.4941,0.48925,9923,"2023_08_31_0032","2023_08_31_0032_ev00013_rec0","no",49670
14,0,0.53345,-115.081387209419,-122.821105243614,-7.7397180341954,0.699999999999923,3.09999999999999,3.80000000000003,-114.96467289923,-6.18572187393705,5.22138003486451,-34.1272904331597,0.5331,0.5324,10669,"2023_08_31_0032","2023_08_31_0032_ev00014_rec0","no",49671
15,0,0.58485,-117.690693859846,-126.280421771293,-8.589727911447,0.499999999999945,2.59999999999994,1.85000000000002,-115.137641111292,-12.903403131074,2.30075367175364,38.4774221937072,0.5843,0.5828,11697,"2023_08_31_0032","2023_08_31_0032_ev00015_rec0","no",49672
16,0,0.6016,-116.542887879848,-125.245933549534,-8.70304566968602,0.399999999999956,0.800000000000023,1.25000000000008,-115.580545577345,-6.01851020299959,3.45969897507211,4.61723163921009,0.60135,0.60095,12032,"2023_08_31_0032","2023_08_31_0032_ev00016_rec0","no",49673
17,0,0.6285,-119.599954789127,-124.737715752059,-5.13776096293171,0.799999999999912,1.30000000000008,0.800000000000023,-115.986280299382,-11.2818980431926,1.11520016155345,93.5335929069716,0.62795,0.62695,12570,"2023_08_31_0032","2023_08_31_0032_ev00017_rec0","no",49674
18,0,0.64825,-115.043855217826,-127.264693638875,-12.2208384210481,1,1.45000000000006,1.74999999999992,-115.784889976104,-9.45743316089672,1.91418467882492,-48.197161885634,0.64805,0.64665,12965,"2023_08_31_0032","2023_08_31_0032_ev00018_rec0","no",49675
19,0,0.67365,-114.217959759867,-130.127201030508,-15.9092412706409,2.24999999999997,2.50000000000006,1.29999999999997,-117.661405772062,-16.9743095597931,0.668116687645187,-141.285034258195,0.6734,0.66915,13473,"2023_08_31_0032","2023_08_31_0032_ev00019_rec0","no",49676
20,0,0.69655,-118.388471216853,-126.106849241721,-7.718378024868,0.249999999999972,0.55000000000005,0.300000000000078,-116.237702569924,-6.87941605203505,0.913309573462961,54.8091495451161,0.69645,0.69555,13931,"2023_08_31_0032","2023_08_31_0032_ev00020_rec0","no",49677
21,0,0.73855,-114.703753551362,-127.890824884014,-13.1870713326523,2.80000000000002,4.85000000000002,3.14999999999999,-110.717643778476,-15.859831321827,5.42360453438684,4.95679345228937,0.7383,0.7349,14771,"2023_08_31_0032","2023_08_31_0032_ev00021_rec0","no",49678
22,0,0.81755,-117.092058272153,-126.954836962675,-9.86277869052161,2.85000000000002,4.34999999999997,1.35000000000007,-116.376144979751,-8.64021325696016,1.98807784185105,-20.6996825545488,0.81735,0.81205,16351,"2023_08_31_0032","2023_08_31_0032_ev00022_rec0","no",49679
23,0,0.8781,-115.446759279676,-129.596853546607,-14.1500942669306,0.299999999999967,1.44999999999995,1.65000000000004,-119.746921245571,-11.3337166101086,0.655118387827615,-143.421518393789,0.87775,0.8774,17562,"2023_08_31_0032","2023_08_31_0032_ev00023_rec0","no",49680
24,0,0.9001,-118.480218231563,-130.936721339009,-12.4565031074468,1.40000000000007,2.69999999999992,1.29999999999997,-117.197652176223,-17.0400057810151,1.20538825499342,0.0863277344452271,0.8997,0.8974,18002,"2023_08_31_0032","2023_08_31_0032_ev00024_rec0","no",49681
25,0,0.93225,-116.398376629679,-128.638372638606,-12.2399960089273,0.349999999999961,0.349999999999961,0.0499999999999945,-115.672431952739,-12.9674669575878,1e-07,16.9724959052405,0.93215,0.9313,18645,"2023_08_31_0032","2023_08_31_0032_ev00025_rec0","no",49682
26,0,0.96775,-114.11597115398,-132.030671738001,-17.9147005840209,1.95000000000001,5.40000000000007,7.24999999999998,-116.296645909242,-13.9469147083691,6.34429835581515,-219.095550772863,0.96245,0.95965,19355,"2023_08_31_0032","2023_08_31_0032_ev00026_rec0","no",49683
27,0,0.999,-121.34402511638,-128.455409858939,-7.11138474255938,0.399999999999956,0.750000000000028,1.1500000000001,-111.438648686857,-14.1086954311924,9.833148980984,162.132706742232,0.9989,0.99805,19980,"2023_08_31_0032","2023_08_31_0032_ev00027_rec0","no",49684
28,0,1.031,-115.829902152453,-118.671572955824,-2.8416708033716,0.099999999999989,0.899999999999901,0.799999999999912,-114.938269930598,-3.83595145942474,1.14138121335249,21.6911176016155,1.03075,1.03055,20620,"2023_08_31_0032","2023_08_31_0032_ev00028_rec0","no",49685
29,0,1.06285,-116.930898723168,-122.597213160171,-5.66631443700273,1.54999999999994,1.50000000000006,0.900000000000123,-115.19314455349,-6.86347336574016,1.5299656046937,34.9878624044451,1.06225,1.0604,21257,"2023_08_31_0032","2023_08_31_0032_ev00029_rec0","no",49686
30,0,1.0949,-115.061030209373,-123.009510456468,-7.94848024709475,0.799999999999912,1.80000000000002,2.34999999999985,-115.230528415399,-4.89424199094712,4.14947284353578,-34.1519787400097,1.09475,1.09265,21898,"2023_08_31_0032","2023_08_31_0032_ev00030_rec0","no",49687
31,0,1.13245,-116.082725391071,-119.358413604374,-3.27568821330276,0.250000000000083,0.699999999999923,0.55000000000005,-114.97886861663,-5.0890505974624,0.699135143764959,28.1663561338913,1.13245,1.13215,22649,"2023_08_31_0032","2023_08_31_0032_ev00031_rec0","no",49688
32,0,1.14635,-113.945439186161,-124.313912972961,-10.3684737868,1.80000000000002,31.0999999999999,21.7499999999999,-138832.20410007,138718.233918883,790654.726857497,-88.3310030157284,1.1463,1.1445,22927,"2023_08_31_0032","2023_08_31_0032_ev00032_rec0","no",49689
33,0,1.17395,-111.068580191829,-126.881954157252,-15.8133739654229,7.75000000000015,6.09999999999999,5.34999999999997,-110.938332776774,-9.84510864815011,10.7114165867778,-171.026084277878,1.1735,1.1654,23479,"2023_08_31_0032","2023_08_31_0032_ev00033_rec0","no",49690
34,0,1.21875,-109.492066969209,-121.098459071408,-11.6063921021994,2.09999999999999,1.60000000000005,0.499999999999945,-112.491154875537,-10.5089123433091,0.24964984151996,-109.243881428208,1.2185,1.2162,24375,"2023_08_31_0032","2023_08_31_0032_ev00034_rec0","no",49691
35,0,1.2701,-113.398619283378,-128.08606963665,-14.6874503532718,4.44999999999984,5.64999999999993,3.60000000000005,-114.313765074008,-9.58693793898245,4.76780582066843,-101.335578012287,1.27,1.2655,25402,"2023_08_31_0032","2023_08_31_0032_ev00035_rec0","no",49692
36,0,1.298,-111.243516791472,-126.651851571738,-15.4083347802668,2.04999999999989,7.9499999999999,16,-116.395489091,-8.31035181078965,5.89409727056827,-224.685889304821,1.2977,1.29545,25960,"2023_08_31_0032","2023_08_31_0032_ev00036_rec0","no",49693
37,0,1.32135,-117.23727707061,-128.193515282601,-10.9562382119911,1.39999999999985,1.60000000000005,0.850000000000017,-113.771300485735,-14.6591973648971,1.2396428012575,77.5464234221019,1.32125,1.3198,26427,"2023_08_31_0032","2023_08_31_0032_ev00037_rec0","no",49694
38,0,1.3462,-112.656516873049,-121.123879913061,-8.46736304001229,0.650000000000039,30.6,30,-161.883050942939,50.4250529936233,384.19457759531,-27.0784536001827,1.34585,1.34515,26924,"2023_08_31_0032","2023_08_31_0032_ev00038_rec0","no",49695
39,0,1.3657,-112.321450420059,-124.033933337052,-11.7124829169933,1.40000000000007,1.89999999999979,2.14999999999987,-114.729888220027,-7.30519860060789,1.61711286870331,-97.3425114327277,1.3655,1.36355,27314,"2023_08_31_0032","2023_08_31_0032_ev00039_rec0","no",49696
40,0,1.39075,-114.814323744259,-122.749547733615,-7.93522398935684,0.099999999999989,0.699999999999923,2.44999999999984,-113.647135056659,-5.53727733792285,8.23236409284986,-12.1769901401348,1.3901,1.38995,27815,"2023_08_31_0032","2023_08_31_0032_ev00040_rec0","no",49697
41,0,1.41235,-114.290990960017,-124.394377570131,-10.1033866101134,0.950000000000006,31.0999999999999,30,-40710.9335953013,40597.9098301482,249946.954196439,-41.0976328922449,1.4123,1.41095,28247,"2023_08_31_0032","2023_08_31_0032_ev00041_rec0","no",49698
42,0,1.4508,-112.706533624895,-128.391475917932,-15.6849422930366,1.95000000000012,3.64999999999993,5.64999999999993,-113.204143541074,-11.4830238297226,7.29475537801977,-126.991357999104,1.44965,1.44765,29016,"2023_08_31_0032","2023_08_31_0032_ev00042_rec0","no",49699
43,0,1.4977,-116.653352663373,-124.638426768453,-7.98507410507995,0.800000000000134,31.45,30,-35055.6477698945,34941.7366955392,238927.170400148,8.99687115322249,1.49725,1.49615,29954,"2023_08_31_0032","2023_08_31_0032_ev00043_rec0","no",49700
44,0,1.52255,-115.742642823021,-126.5313231154,-10.7886802923799,0.399999999999956,1.90000000000001,1.40000000000007,-115.049414567021,-10.5723367014129,1.72602896424893,-10.8926744294207,1.52105,1.5206,30451,"2023_08_31_0032","2023_08_31_0032_ev00044_rec0","no",49701
45,0,1.5809,-109.089033363636,-119.798875903465,-10.7098425398284,3.24999999999998,5.84999999999991,0,-1708.2156939594,1594.38243543688,8380.01014964619,-255.395391764448,1.58085,1.5776,31618,"2023_08_31_0032","2023_08_31_0032_ev00045_rec0","no",49702
46,0,1.5972,-116.569683641355,-125.951339312726,-9.38165567137102,1.00000000000011,2.54999999999983,2.34999999999985,-117.396124867352,-6.58496167125078,2.58755051143849,-50.8791713079144,1.59675,1.5957,31944,"2023_08_31_0032","2023_08_31_0032_ev00046_rec0","no",49703
47,0,1.6273,-119.985713129249,-124.159005175507,-4.17329204625744,0.099999999999989,1.44999999999995,1.05000000000022,-113.73442312726,-10.6388749392261,3.31953025718115,149.073401165475,1.6267,1.62655,32546,"2023_08_31_0032","2023_08_31_0032_ev00047_rec0","no",49704
48,0,1.65365,-111.498930475775,-117.126207384179,-5.6272769084039,0.750000000000028,20.6999999999999,17.15,-192941.008530472,192831.742595538,765461.457620847,-52.7897601762471,1.65315,1.652,33073,"2023_08_31_0032","2023_08_31_0032_ev00048_rec0","no",49705
49,0,1.69645,-114.146044313143,-119.096874153177,-4.95082984003405,0.250000000000083,30.6,30,-16932.8356884703,16818.2485650021,437437.644913753,-33.7081098329397,1.696,1.69565,33929,"2023_08_31_0032","2023_08_31_0032_ev00049_rec0","no",49706
50,0,1.72525,-114.577263190379,-122.581229091433,-8.00396590105353,0.99999999999989,30.1499999999999,28.0999999999998,-17830.6135368051,17717.8529444258,104160.593394345,-25.9466370648237,1.7252,1.7241,34505,"2023_08_31_0032","2023_08_31_0032_ev00050_rec0","no",49707
51,0,1.7494,-115.379981286852,-125.115072297268,-9.73509101041513,1.60000000000005,3.44999999999995,1.84999999999991,-115.112442778803,-13.553793500944,1.47735798545144,-25.1703738975656,1.7489,1.74725,34988,"2023_08_31_0032","2023_08_31_0032_ev00051_rec0","no",49708
52,0,1.8111,-113.233115648363,-127.148996621905,-13.9158809735418,2.14999999999987,31.8499999999999,29.9999999999998,-42323.6542822757,42210.2429629419,358407.393787024,-81.9460670335816,1.8108,1.80855,36222,"2023_08_31_0032","2023_08_31_0032_ev00052_rec0","no",49709
53,0,1.83005,-112.672976473602,-123.909611143974,-11.2366346703726,0.499999999999945,3.80000000000003,6.10000000000022,-112.366073467834,-8.3459154319345,9.78582664069712,-71.9308033551004,1.83,1.82945,36601,"2023_08_31_0032","2023_08_31_0032_ev00053_rec0","no",49710
54,0,1.89555,-120.940558632622,-127.531858665679,-6.59130003305738,1.30000000000008,3.05,0.199999999999978,-115.220737430291,-8.826601844046,2.49782551413275,150.47862720323,1.89535,1.8913,37911,"2023_08_31_0032","2023_08_31_0032_ev00054_rec0","no",49711
55,0,1.96015,-113.699796685168,-120.228123062113,-6.52832637694493,0.700000000000145,1.85000000000013,1.60000000000005,-114.551634554396,-3.89653003335446,1.77057068148001,-38.377149719984,1.95975,1.959,39203,"2023_08_31_0032","2023_08_31_0032_ev00055_rec0","no",49712
56,0,2.01585,-113.461982235747,-118.95094019484,-5.48895795909381,1.05000000000022,2.49999999999995,2.8999999999999,-114.289529373193,-7.20853498103348,1.63059184370148,-44.4818211431622,2.01545,2.0144,40317,"2023_08_31_0032","2023_08_31_0032_ev00056_rec0","no",49713
57,0,2.04995,-117.42535297209,-128.063906305197,-10.6385533331076,0.950000000000006,2.49999999999995,1.04999999999977,-115.227670363361,-7.29038948606449,6.12159208080306,10.1611048739873,2.04915,2.0473,40999,"2023_08_31_0032","2023_08_31_0032_ev00057_rec0","no",49714
58,0,2.0786,-112.751360955558,-122.340911078771,-9.58955012321273,0.700000000000145,31.05,30.0000000000002,-117.902043151284,-5.28766320373119,1.97241804534905,-173.658677387342,2.07815,2.0774,41572,"2023_08_31_0032","2023_08_31_0032_ev00058_rec0","no",49715
59,0,2.0999,-116.842204992655,-122.479348910782,-5.63714391812697,1.39999999999985,5.59999999999983,3.40000000000007,-114.17179906808,-5.8977060842586,15.7023218778435,-22.4862506823922,2.0975,2.09515,41998,"2023_08_31_0032","2023_08_31_0032_ev00059_rec0","no",49716
60,0,2.18935,-115.968787246712,-120.955958741708,-4.98717149499632,0.549999999999606,3.20000000000009,4,-115.301500544807,-4.72599150239155,6.32721591184373,-14.8640366572199,2.189,2.1875,43787,"2023_08_31_0032","2023_08_31_0032_ev00060_rec0","no",49717
61,0,2.2301,-114.723936545811,-138.667973475175,-23.9440369293636,1.04999999999977,2.80000000000014,3.24999999999998,-113.771478052506,-20.2584511754759,4.4581549692063,-81.6796700187105,2.22975,2.22865,44602,"2023_08_31_0032","2023_08_31_0032_ev00061_rec0","no",49718
62,0,2.2742,-112.763441536091,-129.998460874296,-17.2350193382054,3.95000000000012,33.3000000000001,25.4999999999996,-14854.6901233223,14736.9171833455,274658.90345719,-218.056269388204,2.2741,2.27005,45484,"2023_08_31_0032","2023_08_31_0032_ev00062_rec0","no",49719
63,0,2.2977,-119.014505375079,-125.560697213153,-6.54619183807404,1.24999999999975,0.199999999999978,0,46735.6547806928,-46856.0271279484,248599.926212288,38.6314695058071,2.2974,2.29615,45954,"2023_08_31_0032","2023_08_31_0032_ev00063_rec0","no",49720
64,0,2.3388,-115.353191988554,-127.020779767613,-11.6675877790593,2.39999999999974,3.44999999999995,4.39999999999996,-118.867686634945,-9.03670645654058,1.8169937194099,-138.210151914433,2.33855,2.3357,46776,"2023_08_31_0032","2023_08_31_0032_ev00064_rec0","no",49721
65,0,2.35675,-121.297208571039,-126.048037005159,-4.75082843412009,0.250000000000306,0.599999999999934,0,-116.097854469761,-5.2121611493519,6.69376344871326,118.851368102412,2.35635,2.35605,47135,"2023_08_31_0032","2023_08_31_0032_ev00065_rec0","no",49722
66,0,2.37925,-114.128780480845,-122.411669997225,-8.28288951638029,1.1000000000001,0.399999999999956,5.1000000000001,17838.5059371911,-17956.4552302583,121310.092643761,-56.0123431569628,2.3792,2.37775,47585,"2023_08_31_0032","2023_08_31_0032_ev00066_rec0","no",49723
67,0,2.42735,-118.824503864177,-125.474699862374,-6.65019599819662,0.249999999999861,1.95000000000034,1.70000000000003,-118.331066257254,-11.7980169851189,1.24208346265792,-4.48271759484128,2.42695,2.42655,48547,"2023_08_31_0032","2023_08_31_0032_ev00067_rec0","no",49724
68,0,2.45205,-113.491780205676,-129.12336783124,-15.6315876255639,2.95000000000023,6.99999999999967,1.99999999999978,-117.591834172716,-14.5257059131794,0.923757070810463,-205.137979638507,2.44825,2.44485,49041,"2023_08_31_0032","2023_08_31_0032_ev00068_rec0","no",49725
69,0,2.5018,-119.157912451512,-130.319710830454,-11.1617983789421,0.750000000000028,1.74999999999992,1.9499999999999,-117.468685422816,-10.6680998701783,3.17888172382883,10.4580243791096,2.5016,2.5007,50036,"2023_08_31_0032","2023_08_31_0032_ev00069_rec0","no",49726
70,0,2.565,-110.326445724719,-121.800495122815,-11.4740493980966,2.95000000000023,11.4000000000001,0,-102164.827613527,102049.554177391,838969.111222766,-263.535582533792,2.5612,2.5582,51300,"2023_08_31_0032","2023_08_31_0032_ev00070_rec0","no",49727
71,0,2.5984,-118.263574513337,-126.005787251203,-7.74221273786569,1.74999999999992,2.09999999999999,1.65000000000015,-118.137272887103,-10.1135795923405,1.36263499324209,-20.9532028725267,2.59765,2.5959,51968,"2023_08_31_0032","2023_08_31_0032_ev00071_rec0","no",49728
72,0,2.61035,-117.327198631821,-128.713623414471,-11.3864247826502,1.2500000000002,0.399999999999956,0,16090.0167228626,-16211.3539284039,52996.7830276162,9.38090574670806,2.61035,2.60895,52207,"2023_08_31_0032","2023_08_31_0032_ev00072_rec0","no",49729
73,0,2.6518,-116.623555050767,-127.539365010372,-10.9158099596051,1.65000000000015,3.64999999999993,3.49999999999984,-114.77865694764,-9.37617862448486,7.53492226257648,-26.8554607053169,2.65135,2.64895,53036,"2023_08_31_0032","2023_08_31_0032_ev00073_rec0","no",49730
74,0,2.68365,-112.660490515478,-122.798866476905,-10.1383759614268,2.29999999999997,1.04999999999977,4.10000000000021,-113.746073678621,-3.82903227234271,11.274730826593,-90.4239964916378,2.6834,2.6809,53673,"2023_08_31_0032","2023_08_31_0032_ev00074_rec0","no",49731
75,0,2.7105,-113.450574251195,-118.782156173604,-5.33158192240941,0.350000000000072,0.299999999999745,0.900000000000123,-112.613585820371,-3.3867794938515,4.78404762298708,6.62997533216705,2.71045,2.7101,54210,"2023_08_31_0032","2023_08_31_0032_ev00075_rec0","no",49732
76,0,2.731,-112.403653472975,-117.387951625925,-4.98429815294961,0.150000000000095,0.900000000000123,1.24999999999975,-112.470048996758,-3.22402440075137,2.07863566469052,-9.97775111886047,2.7308,2.73065,54620,"2023_08_31_0032","2023_08_31_0032_ev00076_rec0","no",49733
77,0,2.76675,-114.940793964919,-123.321414110568,-8.38062014564876,0.750000000000028,1.30000000000008,1.1000000000001,-112.194674577143,-9.56563301821708,2.2180849610157,57.7247287674533,2.76665,2.76585,55335,"2023_08_31_0032","2023_08_31_0032_ev00077_rec0","no",49734
78,0,2.80945,-118.08574096793,-124.121014620571,-6.03527365264092,0.950000000000006,25.55,21.3000000000001,-35591.0163951701,35475.6624475594,152048.289025529,-27.4726423167618,2.80725,2.80605,56189,"2023_08_31_0032","2023_08_31_0032_ev00078_rec0","no",49735
79,0,2.8368,-113.137442448144,-125.747478975929,-12.6100365277844,5.30000000000008,5.30000000000008,29.9999999999998,-117.840210362458,-1.48178289557069,2.66538446436467,-207.359301371365,2.83605,2.8302,56736,"2023_08_31_0032","2023_08_31_0032_ev00079_rec0","no",49736
80,0,2.8815,-114.296441206384,-129.358630314518,-15.0621891081335,3.34999999999974,2.34999999999985,3.19999999999965,-115.972203910873,-11.762851963714,2.88478168468694,-110.935134103487,2.8813,2.87795,57630,"2023_08_31_0032","2023_08_31_0032_ev00080_rec0","no",49737
81,0,2.9089,-109.550488715238,-122.560185994768,-13.009697279529,1.2500000000002,4.35000000000008,30.0000000000002,-114.594825001505,-10.9821707773894,1.27922397919571,-185.281237400797,2.90825,2.90695,58178,"2023_08_31_0032","2023_08_31_0032_ev00081_rec0","no",49738
82,0,2.9361,-115.066198909733,-118.896935906704,-3.8307369969715,0.799999999999912,26.8999999999999,21.35,-26227.0864384308,26113.7568987921,176739.198195867,-21.2479441185159,2.93445,2.9336,58722,"2023_08_31_0032","2023_08_31_0032_ev00082_rec0","no",49739
83,0,2.9652,-115.237895266731,-125.277208822617,-10.0393135558862,0.55000000000005,1.35000000000041,1.14999999999998,-114.544023375327,-13.0144032676352,1.07477483646576,-9.20791907120847,2.9635,2.96275,59304,"2023_08_31_0032","2023_08_31_0032_ev00083_rec0","no",49740
84,0,2.9795,-115.071221288216,-120.871154807342,-5.79993351912566,0.449999999999839,3.05,1.04999999999977,-113.585663586093,-10.428779295834,0.997097659103858,24.2967511352354,2.9782,2.97715,59590,"2023_08_31_0032","2023_08_31_0032_ev00084_rec0","no",49741
85,0,3.0012,-114.925138662507,-121.14208070319,-6.21694204068298,0.399999999999956,32.6,29.9999999999998,-48137.5270280444,48026.533325915,333548.77929388,45.0702108313926,3.00115,2.9984,60024,"2023_08_31_0032","2023_08_31_0032_ev00085_rec0","no",49742
86,0,3.04155,-114.959349563185,-123.792632061603,-8.83328249841776,1.19999999999987,2.65000000000004,2.65000000000004,-117.105150755117,-5.50671291663248,1.67887251896854,-83.2605300549814,3.0415,3.03895,60831,"2023_08_31_0032","2023_08_31_0032_ev00086_rec0","no",49743
87,0,3.06845,-114.244053712425,-120.251221228507,-6.00716751608161,0.699999999999701,4.29999999999975,1.44999999999973,-115.092462064853,-7.29418670227926,0.880385891586319,-54.7685650975382,3.06535,3.06465,61369,"2023_08_31_0032","2023_08_31_0032_ev00087_rec0","no",49744
88,0,3.08675,-113.956468901603,-120.926621702981,-6.97015280137873,0.649999999999817,30.3999999999998,29.5999999999998,-17731.4417432016,17617.6831765201,187754.571003674,-40.1621731152063,3.08665,3.086,61735,"2023_08_31_0032","2023_08_31_0032_ev00088_rec0","no",49745
89,0,3.11325,-115.47650026234,-122.239915006886,-6.76341474454537,0.449999999999839,31.0000000000001,29.9999999999998,-3719.02568448791,3603.68614618188,248503.268028317,-8.37653743935987,3.11235,3.1115,62265,"2023_08_31_0032","2023_08_31_0032_ev00089_rec0","no",49746
90,0,3.1296,-112.951850329634,-120.951564750531,-7.99971442089654,1.30000000000008,30.8999999999999,29.7999999999998,-6685.98608116255,6571.14553354788,182843.251050919,-89.367853337338,3.1285,3.12715,62592,"2023_08_31_0032","2023_08_31_0032_ev00090_rec0","no",49747
91,0,3.15405,-113.905751015878,-124.156943914565,-10.2511928986862,2.2000000000002,1.99999999999978,0.599999999999934,-114.282678922389,-12.3180691179799,0.467022243678531,-31.2721204630987,3.154,3.1512,63081,"2023_08_31_0032","2023_08_31_0032_ev00091_rec0","no",49748
92,0,3.1984,-115.477672213168,-122.159096695447,-6.68142448227977,0.350000000000072,30.3,29.9999999999998,-14695.3570979705,14581.8814671684,99456.6152897584,-7.27140467315644,3.19835,3.198,63968,"2023_08_31_0032","2023_08_31_0032_ev00092_rec0","no",49749
93,0,3.242,-117.310979760495,-122.017837517267,-4.70685775677183,0.600000000000378,30.6999999999999,30.0000000000002,-62994.4042516594,62882.0035567851,328914.874336282,58.6172269033039,3.24185,3.24125,64840,"2023_08_31_0032","2023_08_31_0032_ev00093_rec0","no",49750
94,0,3.29355,-111.729252901812,-130.385831397214,-18.6565784954023,1.2500000000002,2.14999999999987,1.7999999999998,-118.093190125311,-15.128129641644,0.536322802903704,-265.204493558235,3.2901,3.2884,65871,"2023_08_31_0032","2023_08_31_0032_ev00094_rec0","no",49751
95,0,3.3094,-113.728473593775,-127.555651585015,-13.8271779912404,1.65000000000015,3.44999999999995,3.05,-116.654215498205,-12.9347075629156,1.72621095002551,-141.395561333163,3.3069,3.3052,66188,"2023_08_31_0032","2023_08_31_0032_ev00095_rec0","no",49752
96,0,3.33015,-116.969702860446,-127.898450827486,-10.92874796704,0.799999999999912,30.5999999999997,29.9999999999998,-119.842285386736,3.79167319092104,6.03488886403475,-68.9564215636027,3.3301,3.3289,66603,"2023_08_31_0032","2023_08_31_0032_ev00096_rec0","no",49753
97,0,3.343,-118.249135242868,-126.289868230929,-8.04073298806148,1.14999999999998,3.40000000000007,1.90000000000001,-118.145028981348,-13.9302560375806,1.25557677951645,-35.1346356239422,3.34145,3.34025,66860,"2023_08_31_0032","2023_08_31_0032_ev00097_rec0","no",49754
98,0,3.40355,-113.975533916117,-125.953364402479,-11.9778304863622,1.2500000000002,2.04999999999966,1.45000000000017,-115.162486118696,-11.5201240232237,1.13251447140622,-57.6944091129952,3.40345,3.4021,68071,"2023_08_31_0032","2023_08_31_0032_ev00098_rec0","no",49755
99,0,3.44515,-116.443853485714,-118.773449609751,-2.32959612403741,1.14999999999998,30.3,30.0000000000002,-17697.3216814164,17582.9328536327,252543.996754739,27.0101405166369,3.4449,3.4437,68903,"2023_08_31_0032","2023_08_31_0032_ev00099_rec0","no",49756
100,0,3.4824,-120.145608520393,-128.580993925426,-8.43538540503256,1.05000000000022,2.14999999999987,1.59999999999982,-114.553778080523,-13.6976054735856,3.53175339608907,112.667534203546,3.48215,3.48055,69648,"2023_08_31_0032","2023_08_31_0032_ev00100_rec0","no",49757
101,0,3.49945,-117.37800816725,-120.941321537156,-3.56331336990621,0.500000000000167,31.2000000000001,30.0000000000002,-60688.6806876659,60575.446558374,468293.105829528,61.442569285645,3.4986,3.49805,69989,"2023_08_31_0032","2023_08_31_0032_ev00101_rec0","no",49758
102,0,3.534,-115.497887755137,-121.693264183035,-6.19537642789737,1.14999999999998,4.1500000000001,3.05,-115.204226034793,-9.8516605112488,2.28134804738751,-26.5773669026865,3.53355,3.5314,70680,"2023_08_31_0032","2023_08_31_0032_ev00102_rec0","no",49759
103,0,3.59235,-117.296956013613,-130.768848462459,-13.471892448846,5.2500000000002,3.05,2.65000000000004,-115.830256334368,-17.9899289694885,2.56034580561868,-50.830643752998,3.5919,3.5865,71847,"2023_08_31_0032","2023_08_31_0032_ev00103_rec0","no",49760
104,0,3.61325,-115.085425079964,-125.435645839427,-10.3502207594622,0.249999999999861,30.3,22.6499999999996,-84476.2801869869,84361.5615707571,455821.227364975,-75.0430730341545,3.6131,3.61285,72265,"2023_08_31_0032","2023_08_31_0032_ev00104_rec0","no",49761
105,0,3.64925,-116.611280183182,-124.786171647859,-8.1748914646768,0.299999999999745,0.800000000000356,4,-116.238203511955,-4.46710756573368,14.5742286609359,-52.534404200054,3.6486,3.64825,72985,"2023_08_31_0032","2023_08_31_0032_ev00105_rec0","no",49762
106,0,3.70295,-119.49434833446,-137.024141457058,-17.5297931225983,0.450000000000284,2.49999999999995,3.44999999999995,-119.028183071648,-13.9163483195482,4.96322897448289,-62.0070309785207,3.7028,3.7022,74059,"2023_08_31_0032","2023_08_31_0032_ev00106_rec0","no",49763
107,0,3.75065,-120.742663897345,-130.903125162085,-10.1604612647397,0.950000000000006,2.09999999999999,2.99999999999967,-121.871886979875,-6.15854783140221,3.54866688197902,-61.4213240131279,3.75035,3.74925,75013,"2023_08_31_0032","2023_08_31_0032_ev00107_rec0","no",49764
108,0,3.77585,-119.97718923711,-128.663725719996,-8.68653648288597,1.14999999999998,1.50000000000006,1.70000000000003,-118.834395503839,-7.39901865323705,3.16505103105507,2.6720588714841,3.77565,3.7745,75517,"2023_08_31_0032","2023_08_31_0032_ev00108_rec0","no",49765
109,0,3.794,-121.432962546787,-126.764582759117,-5.33162021232981,1.04999999999977,1.54999999999994,0.650000000000261,-117.897509518218,-9.53072414078081,1.2268328120696,90.5669780710672,3.794,3.79295,75880,"2023_08_31_0032","2023_08_31_0032_ev00109_rec0","no",49766
110,0,3.84925,-119.479421539365,-131.500885679906,-12.021464140541,0.599999999999934,1.64999999999971,1.60000000000027,-119.279157086208,-14.8132908270505,1.36197783546493,-19.4957846804183,3.8492,3.8485,76985,"2023_08_31_0032","2023_08_31_0032_ev00110_rec0","no",49767
111,0,3.8903,-121.442954953849,-130.763648068016,-9.32069311416686,0.150000000000095,0.250000000000306,0,-116.126992574489,-8.7152898953689,1.53174749174048,144.021817700812,3.89015,3.88995,77806,"2023_08_31_0032","2023_08_31_0032_ev00111_rec0","no",49768
112,0,3.95705,-124.994632971315,-132.531413092635,-7.53678012131917,1.34999999999996,1.14999999999998,0.55000000000005,-117.887165968465,-17.676740667268,0.971264751764743,190.416487605916,3.95675,3.95525,79141,"2023_08_31_0032","2023_08_31_0032_ev00112_rec0","no",49769
113,0,3.9855,-120.574906663738,-127.934965290343,-7.36005862660443,1.05000000000022,1.1000000000001,1.19999999999987,-120.253494709469,-7.18978623695756,1.3945606035934,-2.00121971117542,3.98545,3.9842,79710,"2023_08_31_0032","2023_08_31_0032_ev00113_rec0","no",49770
114,0,4.01265,-118.265685703027,-129.120073738124,-10.8543880350962,0.949999999999562,3.94999999999968,2.95000000000023,-118.347429653836,-9.70795462649972,3.28918149045422,-57.3279058482131,4.011,4.01,80253,"2023_08_31_0032","2023_08_31_0032_ev00114_rec0","no",49771
115,0,4.0434,-121.555016231426,-127.553197005416,-5.9981807739899,0.199999999999534,0.449999999999839,0.450000000000728,-117.824583913886,-7.25389489898293,2.28939261801766,93.3983413024123,4.04325,4.04305,80868,"2023_08_31_0032","2023_08_31_0032_ev00115_rec0","no",49772
116,0,4.0827,-116.59836863781,-126.064799034416,-9.46643039660674,1.04999999999933,1.24999999999975,1.29999999999963,-116.294681324063,-8.45839192139264,1.6043560832924,-11.9497302538864,4.08265,4.08085,81654,"2023_08_31_0032","2023_08_31_0032_ev00116_rec0","no",49773
117,0,4.1094,-114.645174482353,-128.57258248996,-13.9274080076072,0.650000000000261,1.34999999999952,1.69999999999959,-116.404915068581,-10.5744065666536,1.47508281788077,-72.7228362699772,4.10935,4.10865,82188,"2023_08_31_0032","2023_08_31_0032_ev00117_rec0","no",49774
118,0,4.17645,-117.12970351919,-124.163849178458,-7.03414565926798,0.0999999999997669,1.80000000000025,1.59999999999982,-116.199226823043,-5.09898326948195,4.37122321031948,-3.05842645702358,4.17565,4.17465,83529,"2023_08_31_0032","2023_08_31_0032_ev00118_rec0","no",49775
119,0,4.22705,-117.437959954243,-121.741698398433,-4.30373844418997,0.449999999999839,30.4000000000002,30.0000000000002,-127.365385016797,13.50330229961,63.270782092546,21.6336477427027,4.2267,4.22575,84541,"2023_08_31_0032","2023_08_31_0032_ev00119_rec0","no",49776
120,0,4.24655,-114.701168151368,-126.443064968744,-11.7418968173764,2.09999999999955,3.05,4.09999999999933,-112.984922078262,-10.3013001800016,7.70643434614177,-42.1260346594509,4.2461,4.2437,84931,"2023_08_31_0032","2023_08_31_0032_ev00120_rec0","no",49777
121,0,4.32035,-116.458786461238,-123.241494556679,-6.78270809544107,0.850000000000684,1.85000000000013,1.59999999999982,-116.950259882108,-8.22272856192843,1.12849878339284,-29.2685170310226,4.32015,4.31925,86407,"2023_08_31_0032","2023_08_31_0032_ev00121_rec0","no",49778
122,0,4.34105,-115.883054610153,-121.8125428575,-5.92948824734663,0.449999999999839,1.45000000000017,1.55000000000083,-114.843629453675,-6.38119377079541,2.25335697852466,14.1461146720313,4.34105,4.3406,86821,"2023_08_31_0032","2023_08_31_0032_ev00122_rec0","no",49779
123,0,4.3905,-112.279678165588,-122.039217752593,-9.75953958700531,3.40000000000007,14.2499999999997,30.0000000000002,-116.341807268897,-4.58307430656101,5.95748444246317,-188.173394031561,4.3889,4.38485,87810,"2023_08_31_0032","2023_08_31_0032_ev00123_rec0","no",49780
124,0,4.4185,-116.514771089857,-124.309985386508,-7.79521429665128,0.250000000000306,0.399999999999956,0.350000000000072,-101.678616452573,-17.8707800206464,42.0136364980432,59.1342947560659,4.41825,4.4179,88370,"2023_08_31_0032","2023_08_31_0032_ev00124_rec0","no",49781
125,0,4.52785,-118.897162614716,-121.533486443876,-2.63632382916077,0.650000000000261,30.9499999999998,29.9999999999994,-118.626603238227,4.11321933450102,21.6168016960639,71.736863547532,4.52705,4.5262,90557,"2023_08_31_0032","2023_08_31_0032_ev00125_rec0","no",49782
126,0,4.5467,-112.602327996056,-133.577345116465,-20.9750171204097,1.90000000000001,1.19999999999987,1.59999999999982,-117.322348409426,-6.10314418355349,2.27940070532859,-178.227480078471,4.5465,4.5445,90934,"2023_08_31_0032","2023_08_31_0032_ev00126_rec0","no",49783
127,0,4.5838,-114.89663786872,-126.015024218918,-11.1183863501976,2.2000000000002,1.75000000000036,1.30000000000052,-115.530484666586,-12.2811664954395,1.01839141033647,-45.3762277709534,4.58355,4.58135,91676,"2023_08_31_0032","2023_08_31_0032_ev00127_rec0","no",49784
128,0,4.6352,-116.398212276158,-126.592371539955,-10.1941592637967,1.90000000000001,30.5,30.0000000000002,-122.646134086527,6.80427003452567,72.0649979842884,-35.7174923651393,4.63495,4.63215,92704,"2023_08_31_0032","2023_08_31_0032_ev00128_rec0","no",49785
129,0,4.6788,-117.412327011983,-130.059487622744,-12.6471606107613,3.40000000000007,4.4000000000004,1.74999999999947,-115.913799446046,-14.2105411962559,2.09414925988158,-14.8446607700143,4.67855,4.6747,93576,"2023_08_31_0032","2023_08_31_0032_ev00129_rec0","no",49786
130,0,4.7229,-120.477340487753,-128.355785651227,-7.87844516347459,1.20000000000076,30.5499999999999,30.0000000000002,-18876.2339762383,18761.260489062,82334.1468694972,56.8919194937918,4.7226,4.7213,94458,"2023_08_31_0032","2023_08_31_0032_ev00130_rec0","no",49787
131,0,4.74415,-116.968498017926,-130.174887634078,-13.2063896161518,2.55000000000027,2.69999999999992,2.34999999999985,-115.645035277435,-9.65921912109805,5.37312193460417,-38.6513201098131,4.74365,4.74,94883,"2023_08_31_0032","2023_08_31_0032_ev00131_rec0","no",49788
132,0,4.78815,-116.399228519377,-130.751156535273,-14.3519280158957,0.449999999999839,0.500000000000611,0,34869.9862619255,-34991.5907578782,209413.602731378,-87.0700341908785,4.788,4.7875,95763,"2023_08_31_0032","2023_08_31_0032_ev00132_rec0","no",49789
133,0,4.8086,-122.056753691233,-126.647551558127,-4.59079786689396,0.300000000000189,0.949999999999562,0.750000000000028,-115.232168818066,-13.3923703343238,1.63629696038894,181.74426149096,4.80855,4.80825,96172,"2023_08_31_0032","2023_08_31_0032_ev00133_rec0","no",49790
134,0,4.85725,-117.729719493713,-130.051437371764,-12.3217178780513,1.24999999999975,1.99999999999978,1.1000000000001,-116.715832084117,-8.40541962121611,2.6354771890656,-11.5848611108067,4.8565,4.85385,97145,"2023_08_31_0032","2023_08_31_0032_ev00134_rec0","no",49791
135,0,4.8816,-115.970413965127,-128.908373396734,-12.937959431607,4.30000000000064,0.900000000000567,0,-115.2149642913,-1.53819782703999,13.7573342996484,-19.860214040522,4.8815,4.87675,97632,"2023_08_31_0032","2023_08_31_0032_ev00135_rec0","no",49792
136,0,4.94025,-118.249323117318,-124.752560666065,-6.50323754874711,0.799999999999912,1.29999999999963,2.65000000000004,-118.107439337786,-4.03754876965666,5.74150936656132,-22.0700563064578,4.94015,4.93935,98805,"2023_08_31_0032","2023_08_31_0032_ev00136_rec0","no",49793
137,0,4.96985,-116.755528266039,-123.767697857573,-7.01216959153339,0.59999999999949,1.40000000000029,1.75000000000036,-117.213066170116,-5.26250156220246,1.94768491366334,-27.2115700639283,4.96975,4.9691,99397,"2023_08_31_0032","2023_08_31_0032_ev00137_rec0","no",49794
138,0,5.01885,-118.289609204467,-132.864005193124,-14.5743959886563,2.2499999999992,0.949999999999562,0.650000000000261,-119.430193796484,-16.7772748830527,0.483718888348257,-61.5838178059289,5.01865,5.0163,100377,"2023_08_31_0032","2023_08_31_0032_ev00138_rec0","no",49795
139,0,5.04015,-116.581516103852,-128.079238145946,-11.4977220420948,1.6500000000006,2.55000000000027,2.89999999999946,-115.93536364233,-10.141059592771,4.01781460251892,-43.6283080660052,5.03895,5.0371,100803,"2023_08_31_0032","2023_08_31_0032_ev00139_rec0","no",49796
140,0,5.0707,-113.802658964717,-117.912143635797,-4.10948467107978,1.24999999999975,15.9500000000001,8.89999999999969,-24691.4110662533,24576.9066342134,267098.587770809,-68.1494649172446,5.07045,5.06915,101414,"2023_08_31_0032","2023_08_31_0032_ev00140_rec0","no",49797
141,0,5.0932,-116.685191168789,-128.120491232207,-11.4353000634177,0.649999999999373,1.30000000000052,1.45000000000017,-116.247399761822,-10.6682181549358,1.75027994566964,-11.2922784804304,5.09295,5.09195,101864,"2023_08_31_0032","2023_08_31_0032_ev00141_rec0","no",49798
142,0,5.1176,-114.951894235702,-121.817798710486,-6.86590447478447,0.350000000000072,30.85,20.2,-18952.6326473749,18836.5561003877,268682.515440512,-70.9297741252562,5.117,5.11665,102352,"2023_08_31_0032","2023_08_31_0032_ev00142_rec0","no",49799
143,0,5.1483,-119.361337932427,-124.543387114645,-5.18204918221782,0.399999999999956,0.849999999999795,0.59999999999949,-116.8432170052,-8.53791224319701,0.940446146694438,65.4318069579584,5.1483,5.1479,102966,"2023_08_31_0032","2023_08_31_0032_ev00143_rec0","no",49800
144,0,5.1745,-118.180554899647,-121.414811127859,-3.23425622821243,0.299999999999301,2.14999999999943,2.45000000000051,-115.947067510471,-5.52744348163632,5.10896852442167,37.2348123670742,5.1745,5.1741,103490,"2023_08_31_0032","2023_08_31_0032_ev00144_rec0","no",49801
145,0,5.20975,-121.069682091262,-123.619852624279,-2.55017053301685,1.05000000000022,1.19999999999987,0.350000000000072,-118.004932573099,-7.63968239554151,0.524002322662468,88.7032078580268,5.2095,5.20785,104195,"2023_08_31_0032","2023_08_31_0032_ev00145_rec0","no",49802
146,0,5.2439,-120.989284857954,-124.923112564826,-3.93382770687248,0.0999999999997669,0.249999999999417,0,-109.067450949501,-8.44801723601933,47.7749002476029,168.469206957486,5.2437,5.24345,104878,"2023_08_31_0032","2023_08_31_0032_ev00146_rec0","no",49803
147,0,5.2556,-116.063441441376,-122.271129573064,-6.20768813168822,1.34999999999952,30.5,30.0000000000002,-9984.56595004872,9869.93789023036,134982.211524406,6.17605216827009,5.25555,5.2542,105112,"2023_08_31_0032","2023_08_31_0032_ev00147_rec0","no",49804
148,0,5.2759,-113.590130131625,-122.857479891235,-9.26734975961003,0.550000000000495,3.40000000000007,7.85000000000036,-116.923751968714,-4.08322414778753,2.08825379645514,-115.656222093163,5.2753,5.2744,105518,"2023_08_31_0032","2023_08_31_0032_ev00148_rec0","no",49805
149,0,5.313,-117.000534264598,-125.279583829073,-8.27904956447478,0.14999999999965,2.55000000000027,1.90000000000001,-112.863192423758,-15.2764234881459,2.55122647932515,77.3468881215662,5.3121,5.31185,106260,"2023_08_31_0032","2023_08_31_0032_ev00149_rec0","no",49806
150,0,5.36245,-115.326779908211,-125.275594926823,-9.9488150186112,1.35000000000041,3.64999999999949,2.64999999999915,-115.275671977757,-9.12452033347438,2.93955264453855,-47.3937440241897,5.361,5.3591,107249,"2023_08_31_0032","2023_08_31_0032_ev00150_rec0","no",49807
151,0,5.4158,-115.262100116885,-139.049789227348,-23.7876891104628,7.64999999999993,1.9499999999999,0.949999999999562,-115.968615929169,-21.622597527348,0.945607704233592,-137.90729288817,5.41575,5.408,108316,"2023_08_31_0032","2023_08_31_0032_ev00151_rec0","no",49808
152,0,5.4427,-112.626103545803,-127.930446045721,-15.3043424999179,0.700000000000145,3.5999999999996,5.2500000000002,-115.752836353152,-8.69821346772836,4.23908007523692,-148.751459622473,5.44135,5.44055,108854,"2023_08_31_0032","2023_08_31_0032_ev00152_rec0","no",49809
153,0,5.47835,-114.628582064117,-131.427729021574,-16.7991469574574,2.09999999999955,1.05000000000022,0,-116.627440932642,-2.21949867723779,2.36571982378257,-86.506590659849,5.47825,5.4761,109567,"2023_08_31_0032","2023_08_31_0032_ev00153_rec0","no",49810
154,0,5.4951,-114.793507013592,-125.696855835493,-10.9033488219017,1.49999999999917,1.64999999999971,1.3999999999994,-116.132549991592,-14.0094065274774,0.834013923765209,-62.4539013919782,5.49505,5.4935,109902,"2023_08_31_0032","2023_08_31_0032_ev00154_rec0","no",49811
155,0,5.5438,-120.272483420847,-128.046729181156,-7.77424576030919,0.14999999999965,0.649999999999373,0.550000000000495,-114.272732405802,-13.01439031631,1.43775579527518,159.481198761037,5.54365,5.54345,110876,"2023_08_31_0032","2023_08_31_0032_ev00155_rec0","no",49812
156,0,5.59975,-114.583488127259,-123.538168140835,-8.95468001357604,1.14999999999998,0.700000000000145,1.9499999999999,26649.156793296,-26767.2733391653,234605.848990613,-62.2672454536671,5.5995,5.5983,111995,"2023_08_31_0032","2023_08_31_0032_ev00156_rec0","no",49813
157,0,5.6155,-119.154166435778,-122.435746892449,-3.28158045667163,0.250000000000306,0.549999999999606,0.349999999999184,-114.193080136219,-8.50433068147955,1.09860944283071,138.499431211068,5.6155,5.6152,112310,"2023_08_31_0032","2023_08_31_0032_ev00157_rec0","no",49814
158,0,5.6894,-119.208621533213,-123.15166529866,-3.94304376544729,0.249999999999417,0.249999999999417,0,-114.391310378003,-5.23733560286983,1.88558992030652,133.689204697199,5.6894,5.68915,113788,"2023_08_31_0032","2023_08_31_0032_ev00158_rec0","no",49815
159,0,5.72255,-113.881959282092,-127.594475794669,-13.712516512577,2.05000000000055,1.64999999999971,1.60000000000071,-115.659137556189,-12.4986165650676,1.18511626300778,-103.169126751286,5.7223,5.7164,114451,"2023_08_31_0032","2023_08_31_0032_ev00159_rec0","no",49816
160,0,5.74655,-116.688651998718,-119.968034751423,-3.27938275270471,0.799999999999912,1.9499999999999,0.650000000000261,-113.183524530811,-9.31731865337934,0.947577940262859,85.4004898261722,5.74505,5.7442,114931,"2023_08_31_0032","2023_08_31_0032_ev00160_rec0","no",49817
161,0,5.80365,-113.591821308528,-125.841389846348,-12.2495685378193,3.49999999999984,2.34999999999985,1.99999999999978,-114.143690934651,-7.93755626609736,2.90867361801528,-66.3073327697257,5.8035,5.79915,116073,"2023_08_31_0032","2023_08_31_0032_ev00161_rec0","no",49818
162,0,5.82605,-116.646105481857,-122.084868075615,-5.43876259375821,0.150000000000539,30.1499999999999,30.0000000000002,-29469.3899248258,29356.7594950918,222229.435853128,60.5184969332904,5.826,5.8254,116521,"2023_08_31_0032","2023_08_31_0032_ev00162_rec0","no",49819
163,0,5.85615,-115.514615960685,-123.413670033327,-7.89905407264276,0.899999999999679,0.95000000000045,0.700000000000145,-114.737275968531,-5.35599217593018,1.85879501119705,6.09500343001215,5.85555,5.85465,117123,"2023_08_31_0032","2023_08_31_0032_ev00163_rec0","no",49820
164,0,5.87975,-113.886931742086,-120.522938149463,-6.63600640737714,0.600000000000378,1.99999999999978,1.69999999999959,-111.723093397691,-11.4093072473838,1.86810491624097,37.6969974591683,5.87935,5.87875,117595,"2023_08_31_0032","2023_08_31_0032_ev00164_rec0","no",49821
165,0,5.9232,-109.247295581699,-118.720611868348,-9.47331628664904,1.85000000000013,33.8000000000003,30.0000000000002,-114.535584706356,-2.83501278468575,6.06445121014631,-212.771061230818,5.9202,5.9182,118464,"2023_08_31_0032","2023_08_31_0032_ev00165_rec0","no",49822
166,0,5.95765,-118.10074215609,-124.822657158117,-6.72191500202665,0.799999999999912,30.4500000000001,30.0000000000002,-72005.5246502451,71889.8412785955,831424.612927834,31.1044416409447,5.95745,5.9564,119153,"2023_08_31_0032","2023_08_31_0032_ev00166_rec0","no",49823
167,0,6.01115,-118.165650701424,-132.55606749526,-14.3904167938359,0.900000000000567,5.55000000000039,5.94999999999946,-114.642032927223,-21.7955199889842,6.57642514374138,-52.8471460060089,6.0104,6.0094,120223,"2023_08_31_0032","2023_08_31_0032_ev00167_rec0","no",49824
168,0,6.055,-116.454176403168,-128.461121630301,-12.0069452271329,2.29999999999997,2.84999999999958,3.24999999999953,-115.99896922234,-9.07469922225471,5.30060026592765,-51.9291549976821,6.0548,6.05245,121100,"2023_08_31_0032","2023_08_31_0032_ev00168_rec0","no",49825
169,0,6.0889,-117.85417865209,-125.794633970206,-7.94045531811668,0.549999999999606,0.500000000000611,0,-112.875662479942,-6.92926396862151,20.4796516387973,36.9826663056813,6.08875,6.0882,121778,"2023_08_31_0032","2023_08_31_0032_ev00169_rec0","no",49826
170,0,6.14165,-117.138003189015,-126.626722763472,-9.48871957445739,1.00000000000033,0.700000000000145,0.449999999999839,-113.846586848318,-14.2668736288535,0.583340965860497,85.1326345284491,6.1416,6.1402,122833,"2023_08_31_0032","2023_08_31_0032_ev00170_rec0","no",49827
171,0,6.18985,-111.687890046889,-132.541651462,-20.853761415111,1.80000000000025,2.34999999999985,1.84999999999924,-113.444648455967,-22.363179563523,1.41510181969511,-107.179455778718,6.1896,6.18775,123797,"2023_08_31_0032","2023_08_31_0032_ev00171_rec0","no",49828
172,0,6.22415,-113.558086070152,-126.764506124285,-13.2064200541327,1.29999999999963,3.75000000000014,6.14999999999988,-117.24849001106,-8.21750114281446,3.19468035049524,-146.127207325665,6.2241,6.2228,124483,"2023_08_31_0032","2023_08_31_0032_ev00172_rec0","no",49829
173,0,6.248,-112.281253336796,-135.184041307063,-22.9027879702673,0.499999999999723,2.35000000000074,2.05000000000055,-113.588977436886,-18.5932323530822,2.15640911673917,-101.329170927362,6.24735,6.2468,124960,"2023_08_31_0032","2023_08_31_0032_ev00173_rec0","no",49830
174,0,6.29195,-110.408835030792,-125.145129190349,-14.736294159557,1.29999999999963,3.25000000000042,3.55000000000061,-115.505692241849,-12.2711093184455,0.998447646339261,-189.952860256728,6.29105,6.28905,125839,"2023_08_31_0032","2023_08_31_0032_ev00174_rec0","no",49831
175,0,6.32915,-116.820920150121,-121.254364324321,-4.43344417420008,0.59999999999949,3.60000000000049,3.60000000000049,-115.002339249665,-7.8520653516078,4.3840850034215,16.9463003802701,6.3288,6.32805,126583,"2023_08_31_0032","2023_08_31_0032_ev00175_rec0","no",49832
176,0,6.3487,-110.461045416711,-126.952316921317,-16.4912715046058,1.49999999999917,2.95000000000023,1.75000000000036,-112.707838246764,-17.8090180663705,1.15606179525316,-108.356485350258,6.34835,6.3468,126974,"2023_08_31_0032","2023_08_31_0032_ev00176_rec0","no",49833
177,0,6.3793,-111.187883950377,-120.703941763663,-9.51605781328674,0.949999999999562,0.700000000000145,0,-110.99407332335,-1.44299506867345,6.21609418627863,-10.6861404832248,6.3791,6.3781,127586,"2023_08_31_0032","2023_08_31_0032_ev00177_rec0","no",49834
178,0,6.40225,-111.166273237009,-120.900642446088,-9.73436920907864,0.399999999999956,30.8000000000002,30.0000000000002,-33892.5614476263,33781.8431069617,307807.431729985,-42.4991705455849,6.40175,6.40135,128045,"2023_08_31_0032","2023_08_31_0032_ev00178_rec0","no",49835
179,0,6.4634,-116.895412509372,-121.954210884916,-5.05879837554475,0.199999999999534,30.5499999999999,30.0000000000002,-11531.5704664485,11417.6498176923,184551.211319224,58.773774618356,6.4633,6.4621,129268,"2023_08_31_0032","2023_08_31_0032_ev00179_rec0","no",49836
180,0,6.5108,-117.773093618167,-120.764248749914,-2.9911551317477,0.399999999999956,1.05000000000022,0.449999999999839,-117.369206293585,-5.18729314661226,0.355996851311907,8.06059868416401,6.51045,6.51005,130216,"2023_08_31_0032","2023_08_31_0032_ev00180_rec0","no",49837
181,0,6.54115,-118.13479360332,-128.147532465705,-10.012738862385,1.54999999999994,2.60000000000016,1.85000000000013,-117.890580839024,-14.4718760871332,1.41841707393667,-24.2303149818633,6.5408,6.53915,130823,"2023_08_31_0032","2023_08_31_0032_ev00181_rec0","no",49838
182,0,6.5811,-114.859518108525,-123.068689045988,-8.20917093746333,0.399999999999956,30.5,30.0000000000002,-12076.5224364888,11962.7226526204,164474.766105777,-6.47861904287831,6.5805,6.58005,131622,"2023_08_31_0032","2023_08_31_0032_ev00182_rec0","no",49839
183,0,6.6834,-116.47834366086,-123.043151724845,-6.56480806398453,0.150000000000539,0.400000000000844,0.699999999999257,-113.233900911555,-7.3740131486678,2.74795185419131,75.9784817910015,6.6834,6.6829,133668,"2023_08_31_0032","2023_08_31_0032_ev00183_rec0","no",49840
184,0,6.725,-115.422625596183,-124.723335012964,-9.30070941678144,0.999999999999446,2.2000000000002,1.74999999999947,-113.853372130075,-9.45468824944394,2.79375061574203,11.2413612833463,6.72445,6.72335,134500,"2023_08_31_0032","2023_08_31_0032_ev00184_rec0","no",49841
185,0,6.74995,-115.135552421678,-121.076663449257,-5.9411110275787,0.700000000000145,0.549999999999606,0.650000000000261,-113.319787033952,-4.59684831441668,4.72197894197481,23.7788748952024,6.74865,6.74785,134999,"2023_08_31_0032","2023_08_31_0032_ev00185_rec0","no",49842
186,0,6.7841,-109.455072785146,-122.735803947865,-13.2807311627196,1.25000000000064,30.4000000000002,29.4499999999998,-27671.6476806298,27559.4082349347,381114.129758516,-125.150105017983,6.784,6.7827,135682,"2023_08_31_0032","2023_08_31_0032_ev00186_rec0","no",49843
187,0,6.80745,-109.854357642631,-123.049092060393,-13.194734417762,1.1000000000001,2.15000000000032,12.9999999999999,-115.894120834602,-10.8967391851465,0.370982441990158,-204.289301953567,6.80685,6.80535,136149,"2023_08_31_0032","2023_08_31_0032_ev00187_rec0","no",49844
188,0,6.87825,-114.402364136502,-120.675770101619,-6.27340596511701,1.80000000000025,31.0000000000006,30.0000000000002,-71167.6170818523,71057.4236657381,361038.658536365,31.3367103181713,6.87815,6.87635,137565,"2023_08_31_0032","2023_08_31_0032_ev00188_rec0","no",49845
189,0,6.90855,-111.380835738276,-123.243542908037,-11.8627071697613,2.69999999999992,4.1500000000001,1.9499999999999,-113.571983997034,-10.6736425933286,1.23665454703938,-110.483449661286,6.90755,6.9045,138171,"2023_08_31_0032","2023_08_31_0032_ev00189_rec0","no",49846
190,0,6.97495,-116.361062912771,-127.116638058592,-10.7555751458208,0.249999999999417,0.300000000000189,0.399999999999956,-114.397058573273,-7.91063058289257,1.35528871259702,46.4345118323361,6.9749,6.9746,139499,"2023_08_31_0032","2023_08_31_0032_ev00190_rec0","no",49847
191,0,7.0461,-113.595755366473,-124.681299127719,-11.0855437612461,4.99999999999989,4.95000000000001,2.25000000000009,-115.694591383457,-4.6927529446664,2.61596782473392,-120.179297358801,7.0455,7.04045,140922,"2023_08_31_0032","2023_08_31_0032_ev00191_rec0","no",49848
192,0,7.06455,-111.162128379416,-123.120721230033,-11.9585928506164,2.7500000000007,2.94999999999934,5.5499999999995,-112.698734827435,-6.3723225673598,7.00420367592329,-110.8872517748,7.0645,7.06175,141291,"2023_08_31_0032","2023_08_31_0032_ev00192_rec0","no",49849
193,0,7.12935,-115.473727667616,-126.519133384778,-11.0454057171622,0.59999999999949,1.05000000000022,0.59999999999949,-116.373593201401,-9.61445587165343,0.537218330218124,-38.0231765380085,7.12915,7.1285,142587,"2023_08_31_0032","2023_08_31_0032_ev00193_rec0","no",49850
194,0,7.15115,-116.247193770645,-122.182117230288,-5.93492345964341,0.649999999999373,2.7500000000007,2.39999999999974,-111.940514569383,-10.2394275964135,5.30815245253252,71.1351866895736,7.1506,7.14995,143023,"2023_08_31_0032","2023_08_31_0032_ev00194_rec0","no",49851
195,0,7.19435,-118.978942300373,-126.653332103598,-7.67438980322444,0.59999999999949,0.849999999999795,1.50000000000006,-115.152849267671,-7.92321388216741,8.69048384039855,44.2076127362779,7.19355,7.1918,143887,"2023_08_31_0032","2023_08_31_0032_ev00195_rec0","no",49852
196,0,7.23725,-117.152477815549,-123.686806434135,-6.53432861858636,0.449999999999839,0.300000000000189,0,-112.537689607518,-7.05508097459922,5.52216272223494,96.8292155795856,7.23705,7.2366,144745,"2023_08_31_0032","2023_08_31_0032_ev00196_rec0","no",49853
197,0,7.2963,-117.358486489777,-126.799124597403,-9.44063810762603,0.500000000000611,0.600000000000378,0.499999999999723,-114.749936533271,-11.0539447597417,0.836646162392497,66.4145215759481,7.29625,7.2945,145926,"2023_08_31_0032","2023_08_31_0032_ev00197_rec0","no",49854
198,0,7.31575,-116.722074943892,-124.130031518535,-7.40795657464267,0.14999999999965,0.399999999999956,0.249999999999417,-116.249990656537,-3.98974743889983,1.12703623750864,9.73690345684776,7.31545,7.3153,146315,"2023_08_31_0032","2023_08_31_0032_ev00198_rec0","no",49855
199,0,7.37715,-113.127045203882,-127.820120525299,-14.6930753214168,3.14999999999976,31.1500000000002,30.0000000000002,-37711.5100487225,37595.8058793468,480163.088413757,-134.743896545847,7.37695,7.3738,147543,"2023_08_31_0032","2023_08_31_0032_ev00199_rec0","no",49856
200,0,7.42915,-117.223097531009,-127.505474320834,-10.282376789825,1.54999999999994,4.90000000000013,4.59999999999994,-113.560727405868,-13.4909646806872,7.75141521866786,-10.2338419717294,7.42885,7.4273,148583,"2023_08_31_0032","2023_08_31_0032_ev00200_rec0","no",49857
201,0,7.50315,-114.78606412778,-120.907813462599,-6.12174933481897,0.14999999999965,32.0499999999999,29.9999999999994,-25071.493045771,24957.9125453982,491426.754132023,-8.15212414924195,7.4997,7.4981,150063,"2023_08_31_0032","2023_08_31_0032_ev00201_rec0","no",49858
202,0,7.5322,-112.250547887184,-136.377943242848,-24.1273953556639,1.05000000000022,1.84999999999924,1.45000000000017,-116.393746203282,-22.0877981028325,0.950488207524876,-166.299550591041,7.53185,7.53075,150644,"2023_08_31_0032","2023_08_31_0032_ev00202_rec0","no",49859
203,0,7.5621,-114.67530768053,-120.799431379902,-6.12412369937245,1.14999999999998,22.1499999999999,18.6999999999999,-49025.0579878066,48912.9484391208,189320.866559662,-48.5299236940611,7.5616,7.5598,151242,"2023_08_31_0032","2023_08_31_0032_ev00203_rec0","no",49860
204,0,7.58395,-117.571547181915,-124.518590957874,-6.9470437759587,1.34999999999952,0.700000000000145,0.649999999999373,-116.84287190823,-3.96640623595017,3.59531143261232,2.92500685445714,7.5839,7.58255,151679,"2023_08_31_0032","2023_08_31_0032_ev00204_rec0","no",49861
205,0,7.6023,-116.202846515496,-124.248837629061,-8.04599111356488,0.14999999999965,2.09999999999955,2.84999999999958,-113.429960798707,-8.64677919836886,7.02353380394556,20.1875837261754,7.602,7.6018,152046,"2023_08_31_0032","2023_08_31_0032_ev00205_rec0","no",49862
206,0,7.6736,-111.479421769393,-124.213669950318,-12.7342481809256,2.89999999999946,4.6999999999997,2.74999999999981,-110.14994744717,-14.4984392064586,3.13322661875463,-34.0320305309799,7.6727,7.66975,153472,"2023_08_31_0032","2023_08_31_0032_ev00206_rec0","no",49863
207,0,7.735,-111.990465946155,-122.2568006801,-10.2663347339451,0.350000000000072,30.5500000000007,30.0000000000002,-113.049955142006,0.0907196513844289,51.8370489606451,-36.5551406522919,7.7342,7.7338,154700,"2023_08_31_0032","2023_08_31_0032_ev00207_rec0","no",49864
208,0,7.756,-114.09557529622,-122.792841797351,-8.69726650113077,1.04999999999933,1.1000000000001,1.00000000000033,-112.379823266702,-9.0336051803151,1.61576888864046,29.7513457643459,7.75575,7.7547,155120,"2023_08_31_0032","2023_08_31_0032_ev00208_rec0","no",49865
209,0,7.7941,-117.459428454382,-125.837508825823,-8.37808037144055,1.14999999999998,1.00000000000033,0,43033.7063948101,-43148.478496706,647140.249028059,104.447694531281,7.79375,7.79135,155882,"2023_08_31_0032","2023_08_31_0032_ev00209_rec0","no",49866
210,0,7.81325,-113.359514071714,-123.250886989692,-9.89137291797708,0.549999999999606,2.95000000000023,1.6500000000006,-112.571217077785,-10.5702837861819,1.89921250717808,-8.47025606295319,7.811,7.81035,156265,"2023_08_31_0032","2023_08_31_0032_ev00210_rec0","no",49867
211,0,7.83675,-108.786911206118,-120.719565441647,-11.9326542355295,1.05000000000022,2.00000000000067,1.19999999999987,-112.44207433844,-11.5015712204596,0.438248668728761,-131.809608761368,7.83575,7.83465,156735,"2023_08_31_0032","2023_08_31_0032_ev00211_rec0","no",49868
212,0,7.88255,-115.809080594562,-131.953174205024,-16.1440936104624,1.19999999999987,2.25000000000009,1.80000000000025,-117.432946273744,-15.786743040333,1.40748548845817,-88.5289295432589,7.88225,7.88045,157651,"2023_08_31_0032","2023_08_31_0032_ev00212_rec0","no",49869
213,0,7.90175,-121.319784269041,-127.856999224479,-6.53721495543854,0.600000000000378,1.34999999999952,1.00000000000033,-111.283374556356,-13.8734333691722,9.49744877447324,168.736963809327,7.90145,7.9003,158035,"2023_08_31_0032","2023_08_31_0032_ev00213_rec0","no",49870
214,0,7.9394,-117.334908744779,-122.190944174169,-4.85603542938941,0.14999999999965,30.1499999999999,30.0000000000002,-26037.1939520664,25927.1184338958,190411.630838406,156.103957199911,7.93935,7.9391,158788,"2023_08_31_0032","2023_08_31_0032_ev00214_rec0","no",49871
215,0,7.9802,-110.742158585707,-121.926600623731,-11.1844420380244,1.19999999999987,1.85000000000013,0.849999999999795,-111.953631535252,-9.95020854433945,0.694128238878645,-53.4918350355532,7.98005,7.9788,159604,"2023_08_31_0032","2023_08_31_0032_ev00215_rec0","no",49872
216,0,8.03525,-115.226237364006,-120.064442073014,-4.8382047090079,0.400000000000844,1.10000000000099,1.19999999999898,-113.690721743615,-5.18151324094065,2.69973767213618,30.0649059798333,8.03525,8.03485,160705,"2023_08_31_0032","2023_08_31_0032_ev00216_rec0","no",49873
217,0,8.05385,-109.782040149301,-122.390805933541,-12.6087657842397,1.59999999999982,7.30000000000075,11.2500000000004,-109.320546276362,-10.1899800027432,16.3627322637936,-140.581820164664,8.0538,8.05215,161077,"2023_08_31_0032","2023_08_31_0032_ev00217_rec0","no",49874
218,0,8.1124,-114.982021740411,-129.827654166338,-14.8456324259265,0.999999999999446,2.00000000000067,2.15000000000032,-111.10902937757,-12.1294770004826,8.41077102470658,0.653938789525505,8.11185,8.11055,162248,"2023_08_31_0032","2023_08_31_0032_ev00218_rec0","no",49875
219,0,8.16925,-112.030259336244,-128.200149654935,-16.1698903186912,0.849999999999795,3.00000000000011,3.29999999999941,-113.931778510192,-14.1258020871741,2.63918788677044,-106.346697722331,8.16895,8.16805,163385,"2023_08_31_0032","2023_08_31_0032_ev00219_rec0","no",49876
220,0,8.19955,-113.768157559026,-119.477471192297,-5.70931363327038,0.400000000000844,2.09999999999866,1.80000000000113,-112.951132576451,-9.13680965276203,1.59397713893558,5.67198179478034,8.1992,8.1988,163991,"2023_08_31_0032","2023_08_31_0032_ev00220_rec0","no",49877
221,0,8.24315,-113.265904385507,-130.402560123894,-17.1366557383875,1.69999999999959,1.80000000000113,0,-71.5368741290294,-47.2461195866698,170.918762842914,-62.9253860439449,8.2429,8.24115,164863,"2023_08_31_0032","2023_08_31_0032_ev00221_rec0","no",49878
222,0,8.2882,-111.607865057208,-119.95558263245,-8.34771757524287,1.1499999999991,2.4999999999995,3.39999999999918,-110.735148865317,-7.4938241796214,5.32369046239869,-21.0528653873099,8.28795,8.2867,165764,"2023_08_31_0032","2023_08_31_0032_ev00222_rec0","no",49879
223,0,8.31975,-110.465513703238,-116.443663695463,-5.97814999222477,0.999999999999446,1.99999999999889,2.00000000000067,-110.682922860033,-9.376047462499,1.28153548008338,-27.5188857108849,8.31885,8.3178,166395,"2023_08_31_0032","2023_08_31_0032_ev00223_rec0","no",49880
224,0,8.35945,-111.73737715458,-120.647857784596,-8.91048063001668,1.05000000000111,2.80000000000058,3.05,-112.571651057096,-6.69613667685784,3.06773643887133,-54.0200457191802,8.35895,8.3573,167189,"2023_08_31_0032","2023_08_31_0032_ev00224_rec0","no",49881
225,0,8.41845,-115.98933878912,-122.973779523093,-6.98444073397245,0.249999999999417,0.799999999999912,0.899999999999679,-113.348790881867,-7.45511302666136,2.56615095582303,58.2399295942391,8.41835,8.41805,168369,"2023_08_31_0032","2023_08_31_0032_ev00225_rec0","no",49882
226,0,8.4427,-111.587727120921,-124.0414095702,-12.4536824492782,0.949999999999562,0.899999999999679,0.600000000000378,-112.815885977938,-14.3250187731129,0.426555682444118,-52.1718860524365,8.4424,8.4414,168854,"2023_08_31_0032","2023_08_31_0032_ev00226_rec0","no",49883
227,0,8.4822,-110.120934875465,-127.231657819909,-17.1107229444433,1.40000000000029,2.7500000000007,3.80000000000003,-115.532274759387,-11.4662232254697,1.51169114176768,-195.908606920432,8.482,8.48055,169644,"2023_08_31_0032","2023_08_31_0032_ev00227_rec0","no",49884
228,0,8.5386,-111.236212913182,-127.58406910947,-16.3478561962877,0.949999999999562,1.69999999999959,1.25000000000064,-114.245290330284,-16.529140288598,0.748584036292811,-113.87127139343,8.53855,8.53735,170772,"2023_08_31_0032","2023_08_31_0032_ev00228_rec0","no",49885
229,0,8.57045,-115.457383399464,-119.932512538794,-4.47512913933033,0.150000000001427,1.59999999999982,0.999999999999446,-111.397763403336,-9.00861313519351,2.16386496372885,99.9996783163001,8.5702,8.56935,171409,"2023_08_31_0032","2023_08_31_0032_ev00229_rec0","no",49886
230,0,8.60215,-113.747283903336,-122.249653030276,-8.50236912693947,0.949999999999562,1.34999999999863,0.849999999999795,-111.845279828943,-10.625207671664,1.16714980130782,39.9626666028896,8.60185,8.6009,172043,"2023_08_31_0032","2023_08_31_0032_ev00230_rec0","no",49887
231,0,8.6501,-115.164655281816,-119.422657539341,-4.25800225752506,0.550000000000495,1.25000000000064,1.74999999999947,-109.735380861527,-8.04611118424605,12.4687037293473,68.7492758581293,8.6495,8.64895,173002,"2023_08_31_0032","2023_08_31_0032_ev00231_rec0","no",49888
232,0,8.674,-114.205626820915,-116.301366195491,-2.09573937457537,0.249999999999417,30.149999999999,29.9999999999994,-61225.2464108281,61115.7666279922,664471.203666181,100.307205621878,8.674,8.6736,173480,"2023_08_31_0032","2023_08_31_0032_ev00232_rec0","no",49889
233,0,8.74535,-111.248466191163,-119.504673444149,-8.25620725298552,1.40000000000029,30.4500000000001,23.6000000000001,-21222.9023651104,21111.205528849,191010.795195353,-70.9372574757637,8.74525,8.7438,174907,"2023_08_31_0032","2023_08_31_0032_ev00233_rec0","no",49890
234,0,8.83735,-115.65496352512,-133.793819719277,-18.1388561941572,0.550000000000495,1.65000000000148,1.74999999999947,-110.666321334551,-19.1671427890027,3.53244531284193,73.336103444651,8.83715,8.83655,176747,"2023_08_31_0032","2023_08_31_0032_ev00234_rec0","no",49891
235,0,8.88795,-113.085386638615,-118.640439167539,-5.55505252892381,0.650000000000261,30.3000000000004,26.5999999999984,-86414.0143496629,86304.6712736742,396122.297416624,11.8775648914692,8.88795,8.8873,177759,"2023_08_31_0032","2023_08_31_0032_ev00235_rec0","no",49892
236,0,8.9292,-115.413030618032,-119.007141551052,-3.59411093302043,0.999999999999446,2.10000000000043,0.449999999998951,-114.857834780964,-7.53783036877092,0.310200570803264,4.14199544465094,8.9279,8.9268,178584,"2023_08_31_0032","2023_08_31_0032_ev00236_rec0","no",49893
237,0,8.9505,-115.886346912976,-123.287949216751,-7.40160230377428,1.50000000000006,0.450000000000728,0,23383.9836326481,-23499.4447438941,148881.776239131,73.3411680271769,8.95035,8.94665,179010,"2023_08_31_0032","2023_08_31_0032_ev00237_rec0","no",49894
238,0,8.99715,-109.745658102844,-120.385902997308,-10.6402448944638,2.4999999999995,2.44999999999962,21.1500000000004,8146.91513853252,-8261.66467694769,163768.19817476,-146.663562647821,8.99685,8.99435,179943,"2023_08_31_0032","2023_08_31_0032_ev00238_rec0","no",49895
239,0,9.0151,-115.366670134386,-124.827546494594,-9.46087636020711,1.64999999999971,3.00000000000011,2.25000000000009,-110.886322859645,-19.3104183215537,2.55171848872458,75.6525061488231,9.015,9.0128,180302,"2023_08_31_0032","2023_08_31_0032_ev00239_rec0","no",49896
240,0,9.05555,-116.69125180205,-123.064521509859,-6.37326970780896,0.349999999999184,0.299999999999301,0,-115.547234993799,-1.41478005634105,2.16606952547617,29.8167029612031,9.0555,9.05515,181111,"2023_08_31_0032","2023_08_31_0032_ev00240_rec0","no",49897
241,0,9.08985,-112.393278091891,-123.88720435235,-11.4939262604594,0.849999999999795,1.70000000000137,1.30000000000052,-112.271048096965,-13.375619760408,1.18129727186702,-19.351343161261,9.0896,9.0887,181797,"2023_08_31_0032","2023_08_31_0032_ev00241_rec0","no",49898
242,0,9.1334,-110.631867066442,-115.972391424916,-5.34052435847433,1.10000000000099,31.2000000000001,24.4499999999999,-14671.3546417667,14561.2169278117,144017.825289088,-43.6110414093118,9.132,9.13085,182668,"2023_08_31_0032","2023_08_31_0032_ev00242_rec0","no",49899
243,0,9.21575,-111.671299559436,-124.851344177015,-13.1800446175792,0.999999999999446,4.74999999999959,8.049999999999,-111.850843670155,-8.81370026027972,12.7834526772358,-124.517892533232,9.21455,9.21335,184315,"2023_08_31_0032","2023_08_31_0032_ev00243_rec0","no",49900
244,0,9.24345,-112.789345766387,-115.145127849743,-2.35578208335554,0.350000000000961,17.7999999999994,15.5499999999993,-96881.5180359498,96771.1530068047,456513.615769078,-26.1509861500647,9.2434,9.2422,184869,"2023_08_31_0032","2023_08_31_0032_ev00244_rec0","no",49901
245,0,9.2667,-110.868111413682,-122.099498945894,-11.2313875322122,1.1499999999991,5.8499999999988,8.05000000000078,-114.43716415276,-6.31193927794689,3.38161945124462,-145.689626789322,9.26565,9.2645,185334,"2023_08_31_0032","2023_08_31_0032_ev00245_rec0","no",49902
246,0,9.28845,-116.575980232773,-119.630655417738,-3.05467518496536,0.0499999999998835,0.650000000000261,0.550000000000495,-112.284185196636,-7.23211360321108,1.90182701243578,114.28094856262,9.28825,9.2882,185769,"2023_08_31_0032","2023_08_31_0032_ev00246_rec0","no",49903
247,0,9.3309,-116.145645177527,-124.511483192044,-8.3658380145168,0.300000000001077,0.500000000000611,0.449999999998951,-115.920406250308,-7.76437552791974,0.557339026944091,1.0282481917071,9.33085,9.33055,186618,"2023_08_31_0032","2023_08_31_0032_ev00247_rec0","no",49904
248,0,9.3584,-112.375671173095,-123.605367146272,-11.2296959731764,2.25000000000009,3.99999999999956,3.70000000000026,-114.667630873694,-11.0305159923359,2.0802373972607,-117.615335729209,9.3571,9.3538,187168,"2023_08_31_0032","2023_08_31_0032_ev00248_rec0","no",49905
249,0,9.3844,-112.900910109676,-124.671348189891,-11.7704380802152,1.20000000000076,30.7499999999994,29.9999999999994,-23743.8945955853,23630.0557830364,223851.290225457,-82.8151867942255,9.38435,9.38295,187688,"2023_08_31_0032","2023_08_31_0032_ev00249_rec0","no",49906
250,0,9.42725,-115.92220451314,-121.958261288268,-6.0360567751277,0.0999999999997669,1.50000000000006,1.45000000000017,-114.137729381315,-7.26547549107806,2.4565929959558,32.7253316122299,9.4268,9.4267,188545,"2023_08_31_0032","2023_08_31_0032_ev00250_rec0","no",49907
251,0,9.4483,-112.012890378117,-121.485628810344,-9.47273843222739,0.500000000000611,1.69999999999959,0.799999999999912,-113.355082512084,-8.02911119395895,0.595608782228173,-57.0054720733924,9.4469,9.4464,188966,"2023_08_31_0032","2023_08_31_0032_ev00251_rec0","no",49908
252,0,9.46705,-114.099778509569,-120.030433898683,-5.93065538911394,1.45000000000017,2.29999999999997,1.54999999999994,-111.931924665252,-7.01818501511502,3.27959226855033,36.098402576222,9.46685,9.4652,189341,"2023_08_31_0032","2023_08_31_0032_ev00252_rec0","no",49909
253,0,9.50575,-111.563588135394,-118.892129236271,-7.32854110087662,0.300000000001077,4.15000000000099,6.24999999999964,-113.426589833086,-3.13864178569804,4.79328501535711,-77.433515348972,9.5054,9.50415,190115,"2023_08_31_0032","2023_08_31_0032_ev00253_rec0","no",49910
254,0,9.53305,-114.886780181967,-118.502515925345,-3.61573574337794,0.300000000001077,30.3000000000004,29.9999999999994,-35054.1546971581,34943.1972143158,292754.967333055,62.6299239953924,9.53305,9.53275,190661,"2023_08_31_0032","2023_08_31_0032_ev00254_rec0","no",49911
255,0,9.57955,-110.495696028265,-123.388935766785,-12.8932397385204,1.69999999999959,3.05,3.24999999999953,-112.017804270607,-12.8403103287953,2.35479425633254,-100.196872572977,9.57825,9.5758,191591,"2023_08_31_0032","2023_08_31_0032_ev00255_rec0","no",49912
256,0,9.62205,-112.470694324273,-121.044689324753,-8.57399500048049,0.700000000000145,1.64999999999971,0.700000000000145,-111.17201035947,-9.21052562333825,0.934905106775657,25.608391563674,9.622,9.62065,192441,"2023_08_31_0032","2023_08_31_0032_ev00256_rec0","no",49913
257,0,9.6762,-114.241010633879,-130.056424984527,-15.8154143506479,3.59999999999872,4.39999999999863,3.39999999999918,-115.16436755845,-8.75682805260149,5.88152234889918,-116.338872881364,9.676,9.67225,193524,"2023_08_31_0032","2023_08_31_0032_ev00257_rec0","no",49914
258,0,9.71585,-117.748066020997,-131.357919318514,-13.6098532975169,2.34999999999985,31.7500000000006,29.9999999999994,-156485.697836289,156370.579296444,810938.805435864,-27.054635011758,9.7158,9.71195,194317,"2023_08_31_0032","2023_08_31_0032_ev00258_rec0","no",49915
259,0,9.74325,-120.579581700803,-124.732489066705,-4.15290736590208,0.499999999998835,2.50000000000128,1.64999999999971,-114.578789253645,-13.6571284012874,2.80608924159902,139.333876858796,9.7429,9.74205,194865,"2023_08_31_0032","2023_08_31_0032_ev00259_rec0","no",49916
260,0,9.77655,-117.906432696874,-121.618368269239,-3.71193557236502,0.999999999999446,3.29999999999941,0,81073.7703797533,-81190.7802187105,669642.368629148,76.5927165531663,9.7759,9.7732,195531,"2023_08_31_0032","2023_08_31_0032_ev00260_rec0","no",49917
261,0,9.79395,-118.560708400045,-123.55014135186,-4.98943295181539,0.750000000000028,0.999999999999446,0,-114.821550583937,-4.08492395798972,1.93472573151713,101.89270758067,9.79365,9.7929,195879,"2023_08_31_0032","2023_08_31_0032_ev00261_rec0","no",49918
262,0,9.8625,-118.645416926148,-129.978409333334,-11.3329924071858,1.19999999999898,0.550000000000495,0,63062.9794599852,-63184.8913297143,156627.129798607,77.3235730317742,9.8625,9.8612,197250,"2023_08_31_0032","2023_08_31_0032_ev00262_rec0","no",49919
263,0,9.90625,-112.584255749125,-121.22254028038,-8.63828453125511,1.69999999999959,2.25000000000009,2.4999999999995,-111.266986616058,-8.21030314245837,4.14678363651004,-12.4033175422461,9.90505,9.9033,198125,"2023_08_31_0032","2023_08_31_0032_ev00263_rec0","no",49920
264,0,9.94015,-109.688583282918,-124.339693194679,-14.6511099117617,1.45000000000017,6.44999999999918,13.0499999999998,-113.139044844883,-5.70622917414708,12.2937797832827,-187.510404798587,9.93915,9.93765,198803,"2023_08_31_0032","2023_08_31_0032_ev00264_rec0","no",49921
265,0,9.97365,-112.486885525865,-122.883482028154,-10.3965965022887,1.40000000000029,9.6500000000006,14.2500000000005,-111.798796131552,-9.09996896070718,20.4721599339989,-129.866337045479,9.9736,9.9722,199473,"2023_08_31_0032","2023_08_31_0032_ev00265_rec0","no",49922
266,0,10.0257,-116.279231116885,-127.563468933105,-11.2842378162202,0.799999999999912,0.299999999999301,0.250000000001194,-114.66836738929,-10.1033220315368,0.476057981153718,38.3489699590773,10.02565,10.0242,200514,"2023_08_31_0032","2023_08_31_0032_ev00266_rec0","no",49923
267,0,10.03845,-111.461813427153,-126.037590026855,-14.5757765997024,2.39999999999974,3.90000000000157,1.84999999999924,-113.953527709502,-12.5208316669501,1.27739684026786,-112.235296340216,10.038,10.03555,200769,"2023_08_31_0032","2023_08_31_0032_ev00267_rec0","no",49924
268,0,10.08305,-116.104844956171,-120.69701385498,-4.59216889880952,0.700000000000145,0.499999999998835,0.700000000000145,-108.662167823633,-9.37855850381561,26.7451895434672,51.7440069289436,10.08285,10.08215,201661,"2023_08_31_0032","2023_08_31_0032_ev00268_rec0","no",49925
269,0,10.11855,-112.78424181257,-118.86595916748,-6.08171735491071,0.450000000000728,2.54999999999939,2.59999999999927,-113.849557537395,-7.58464507754692,1.39132741806793,-46.0553850446427,10.1182,10.11775,202371,"2023_08_31_0032","2023_08_31_0032_ev00269_rec0","no",49926
270,0,10.1466,-112.580791291736,-121.91771697998,-9.33692568824405,0.500000000000611,1.35000000000041,1.45000000000017,-113.387381352712,-7.45720774899592,1.4200178957884,-43.4610275995165,10.1457,10.1452,202932,"2023_08_31_0032","2023_08_31_0032_ev00270_rec0","no",49927
271,0,10.18395,-114.00494493757,-127.258293151855,-13.2533482142857,1.54999999999994,3.39999999999918,1.74999999999947,-115.755245146246,-12.0234191823053,1.32530982790069,-94.5685258047919,10.18225,10.1806,203679,"2023_08_31_0032","2023_08_31_0032_ev00271_rec0","no",49928
272,0,10.21065,-115.748806544713,-124.206535339355,-8.45772879464286,0.199999999999534,1.64999999999971,1.59999999999982,-114.451857365267,-9.39925765527983,2.11445358015533,15.1029314313615,10.2102,10.20995,204213,"2023_08_31_0032","2023_08_31_0032_ev00272_rec0","no",49929
273,0,10.26325,-110.880526224772,-118.408195495605,-7.52766927083333,0.500000000000611,16.2499999999994,11.4999999999998,-31326.3457247672,31216.4269913161,95704.9024023321,-129.857382329305,10.2619,10.2614,205265,"2023_08_31_0032","2023_08_31_0032_ev00273_rec0","no",49930
274,0,10.28685,-111.926843189058,-127.10570526123,-15.1788620721726,5.05000000000067,4.05000000000122,3.24999999999953,-112.823517153988,-14.0903385262246,2.97391662581217,-110.664005515689,10.28675,10.28155,205737,"2023_08_31_0032","2023_08_31_0032_ev00274_rec0","no",49931
275,0,10.35965,-112.072164989653,-124.206535339355,-12.1343703497024,0.949999999999562,1.24999999999886,2.34999999999985,-105.598876053331,-12.5084646455922,17.9133719245133,3.46992129371282,10.3596,10.35825,207193,"2023_08_31_0032","2023_08_31_0032_ev00275_rec0","no",49932
276,0,10.4246,-108.780626206171,-121.459953308105,-12.6793271019345,0.950000000001339,4.34999999999874,5.09999999999877,-111.383536981628,-8.22908112268606,3.72831805921767,-124.762217203776,10.4239,10.4229,208492,"2023_08_31_0032","2023_08_31_0032_ev00276_rec0","no",49933
277,0,10.45885,-112.856902712867,-126.80052947998,-13.9436267671131,3.40000000000096,3.49999999999895,2.10000000000043,-115.484776374148,-12.7867565339572,1.29675431296246,-133.817221650623,10.45765,10.45415,209177,"2023_08_31_0032","2023_08_31_0032_ev00277_rec0","no",49934
278,0,10.4787,-117.05670275007,-124.35912322998,-7.30242047991071,0.799999999999912,0.150000000001427,0.14999999999965,-113.43347637436,-6.53669588673185,4.30212455771029,78.3021109444756,10.4786,10.4778,209574,"2023_08_31_0032","2023_08_31_0032_ev00278_rec0","no",49935
279,0,10.50315,-115.349171593076,-118.25560760498,-2.90643601190476,0.249999999999417,31.1000000000003,29.9999999999994,-114.373695939505,2.09676073307372,17.3851264263576,56.3866751534599,10.50225,10.50185,210063,"2023_08_31_0032","2023_08_31_0032_ev00279_rec0","no",49936
280,0,10.5214,-113.786962236677,-125.88500213623,-12.0980398995536,0.799999999999912,30.9500000000007,29.9999999999994,-6263.36596973263,6149.73020331677,157532.902103082,-25.3731863839285,10.5208,10.51975,210428,"2023_08_31_0032","2023_08_31_0032_ev00280_rec0","no",49937
281,0,10.5439,-113.946816217332,-122.375480651855,-8.42866443452381,0.750000000000028,3.05,0,-95.4381210554026,-18.5728835419702,136.631329040536,34.4701494489397,10.5423,10.5405,210878,"2023_08_31_0032","2023_08_31_0032_ev00281_rec0","no",49938
282,0,10.60985,-111.839650108701,-122.83324432373,-10.9935942150298,1.1499999999991,33.0499999999994,29.9999999999994,-20492.7236169135,20382.0486894201,257893.790187204,-26.5007019042968,10.6088,10.6057,212197,"2023_08_31_0032","2023_08_31_0032_ev00282_rec0","no",49939
283,0,10.6332,-107.865098862421,-117.492668151855,-9.62756928943452,1.35000000000041,31.5500000000011,30.0000000000011,-113.029737626389,-5.20299857327243,1.7362619254902,-177.363077799479,10.6329,10.6315,212664,"2023_08_31_0032","2023_08_31_0032_ev00283_rec0","no",49940
284,0,10.65735,-111.636199587867,-121.61254119873,-9.9763416108631,1.50000000000006,1.40000000000029,0.700000000000145,-111.783209023156,-4.95614648638448,2.09143303406542,-24.83149937221,10.65715,10.6556,213147,"2023_08_31_0032","2023_08_31_0032_ev00284_rec0","no",49941
285,0,10.7337,-112.900499253046,-141.448974609375,-28.548475356329,0.999999999999446,5.70000000000093,7.35000000000063,-111.384496875939,-23.5638032561428,11.0020282629388,-230.027386529105,10.73315,10.7321,214674,"2023_08_31_0032","2023_08_31_0032_ev00285_rec0","no",49942
286,0,10.77265,-114.658893040248,-135.650634765625,-20.9917417253767,0.999999999999446,6.80000000000014,8.3000000000002,-110.646834057023,-25.4159404168214,10.7808077485726,-156.047868728638,10.77205,10.77095,215453,"2023_08_31_0032","2023_08_31_0032_ev00286_rec0","no",49943
287,0,10.80495,-109.885071890695,-122.985832214355,-13.1007603236607,0.749999999998252,30.5999999999997,21.3000000000001,-55951.5376038101,55838.5979056962,664191.048202581,-136.069706508091,10.8049,10.8041,216099,"2023_08_31_0032","2023_08_31_0032_ev00287_rec0","no",49944
288,0,10.86845,-118.778766087123,-173.034652709961,-54.2558866228376,3.20000000000142,1.74999999999947,0,142984.298707597,-143118.774999818,212368.754624613,-264.24577015468,10.8682,10.86275,217369,"2023_08_31_0032","2023_08_31_0032_ev00288_rec0","no",49945
289,0,10.9206,-114.847811381022,-144.04296875,-29.1951573689779,1.55000000000172,3.54999999999883,3.19999999999965,-119.422692177549,-30.7564637819899,2.00852639712575,-239.470213953654,10.92,10.91835,218412,"2023_08_31_0032","2023_08_31_0032_ev00289_rec0","no",49946
290,0,10.93425,-117.318281991141,-132.293701171875,-14.9754191807338,0.799999999999912,2.34999999999985,2.10000000000043,-116.898685653355,-19.5605249480669,1.77317484931536,-33.7121306283135,10.93385,10.933,218685,"2023_08_31_0032","2023_08_31_0032_ev00290_rec0","no",49947
291,0,10.98035,-120.253782363165,-141.754150390625,-21.50036802746,3.94999999999968,5.50000000000139,1.99999999999889,-118.339813478247,-28.6593891823911,1.87358364392301,-75.4939938136511,10.97975,10.97575,219607,"2023_08_31_0032","2023_08_31_0032_ev00291_rec0","no",49948
292,0,11.0088,-117.558062962123,-123.901359558105,-6.34329659598214,0.550000000000495,31.1500000000002,12.0000000000005,-120.704645624468,2.31011576874881,11.3224759604919,-84.4879394531249,11.0073,11.0057,220176,"2023_08_31_0032","2023_08_31_0032_ev00292_rec0","no",49949
293,0,11.04245,-118.945886157808,-153.1982421875,-34.2523560296922,1.50000000000006,1.35000000000041,5.95000000000034,190075.37525056,-190211.482677297,252922.154340175,-218.582234954834,11.04205,11.0404,220849,"2023_08_31_0032","2023_08_31_0032_ev00293_rec0","no",49950
294,0,11.0973,-115.50902557373,-138.5498046875,-23.0407791137695,8.29999999999842,33.8999999999992,29.9999999999994,-128.844190894917,-5.97391323852693,1.83133328053953,-551.6358959198,11.096,11.0864,221946,"2023_08_31_0032","2023_08_31_0032_ev00294_rec0","no",49951
295,0,11.11525,-121.423622857957,-157.928466796875,-36.5048439389183,1.25000000000064,2.85000000000046,4.24999999999898,-121.065060913294,-23.8193522578629,7.88330559679109,-210.508887663342,11.11475,11.11345,222305,"2023_08_31_0032","2023_08_31_0032_ev00295_rec0","no",49952
296,0,11.1768,-116.315561567034,-129.241943359375,-12.926381792341,0.449999999998951,30.3500000000003,28.2499999999999,-89572.5114354177,89455.9815709184,552988.497354166,-84.0127180916923,11.1766,11.1761,223536,"2023_08_31_0032","2023_08_31_0032_ev00296_rec0","no",49953
297,0,11.2147,-117.180226280576,-142.059326171875,-24.8790998912993,1.25000000000064,2.95000000000023,3.24999999999953,-114.1481482351,-20.9009415530542,6.07106595453054,-59.6215624673025,11.2144,11.21295,224294,"2023_08_31_0032","2023_08_31_0032_ev00297_rec0","no",49954
298,0,11.26275,-114.680691310338,-159.60693359375,-44.9262422834124,1.9000000000009,3.05,2.29999999999997,-115.273883240928,-46.7607679585994,2.1601072009659,-179.896250098092,11.2623,11.26025,225255,"2023_08_31_0032","2023_08_31_0032_ev00298_rec0","no",49955
299,0,11.31215,-110.967719305129,-122.52806854248,-11.5603492373512,2.15000000000032,26.3500000000008,18.3999999999997,-40193.990899483,40083.469977069,156286.519320255,-118.397848946708,11.3119,11.3095,226243,"2023_08_31_0032","2023_08_31_0032_ev00299_rec0","no",49956
300,0,11.34055,-113.234739394415,-122.52806854248,-9.29332914806548,0.799999999999912,2.25000000000009,1.9000000000009,-113.309909291684,-9.4702919442399,1.82915788306571,-27.0707266671319,11.34025,11.3394,226811,"2023_08_31_0032","2023_08_31_0032_ev00300_rec0","no",49957
301,0,11.3984,-123.363669985817,-136.260986328125,-12.8973163423084,1.69999999999959,0.899999999999679,0.650000000000261,-115.300304943987,-20.6659400188887,1.35264918869477,208.232904243469,11.3982,11.39635,227968,"2023_08_31_0032","2023_08_31_0032_ev00301_rec0","no",49958
302,0,11.42405,-115.501759483701,-123.74877166748,-8.24701218377976,0.799999999999912,2.04999999999878,0.799999999999912,-110.764934003045,-9.92522924992255,3.3303673387748,98.2593333743868,11.4229,11.42205,228481,"2023_08_31_0032","2023_08_31_0032_ev00302_rec0","no",49959
303,0,11.4548,-107.756107511975,-177.764877319336,-70.0087698073614,0.899999999999679,2.7500000000007,3.24999999999953,-114.579207915019,-60.6679452231565,2.82454964107702,-423.832329704648,11.45455,11.45355,229096,"2023_08_31_0032","2023_08_31_0032_ev00303_rec0","no",49960
304,0,11.4991,-113.176610674177,-129.39453125,-16.2179205758231,10.9999999999992,10.1999999999993,1.54999999999994,-116.464357190749,-12.8413107721072,0.981968661048502,-200.713024466378,11.49905,11.48745,229982,"2023_08_31_0032","2023_08_31_0032_ev00304_rec0","no",49961
305,0,11.51675,-118.706105186826,-127.563468933105,-8.85736374627976,0.349999999999184,0.949999999999562,0.700000000000145,-115.235177517431,-14.7637009657884,0.901647134930025,86.8139698210218,11.51655,11.51615,230335,"2023_08_31_0032","2023_08_31_0032_ev00305_rec0","no",49962
306,0,11.5961,-114.767884390695,-121.91771697998,-7.14983258928571,1.65000000000148,0.100000000001543,2.29999999999997,-109.266103931605,-9.04954804635657,21.9446983675954,11.0893249511721,11.5961,11.5944,231922,"2023_08_31_0032","2023_08_31_0032_ev00306_rec0","no",49963
307,0,11.6152,-109.950466700963,-119.018547058105,-9.06808035714286,3.00000000000011,2.60000000000105,0.0499999999998835,-112.365717371901,-6.65142500016573,1e-07,-99.3210928780694,11.61455,11.61155,232304,"2023_08_31_0032","2023_08_31_0032_ev00307_rec0","no",49964
308,0,11.65535,-114.368249439058,-121.30736541748,-6.93911597842262,0.449999999998951,30.9000000000008,30.0000000000011,-118.872776050341,-1.70914393703505,1.4225599258186,-144.994110616048,11.65455,11.65365,233107,"2023_08_31_0032","2023_08_31_0032_ev00308_rec0","no",49965
309,0,11.68045,-112.936829703195,-129.69970703125,-16.7628773280552,3.09999999999988,7.4500000000004,6.65000000000049,-114.319220973812,-13.7071144777469,6.34745517471061,-165.713184683663,11.6797,11.6766,233609,"2023_08_31_0032","2023_08_31_0032_ev00309_rec0","no",49966
310,0,11.72265,-111.883246648879,-126.49535369873,-14.6121070498512,2.09999999999866,0.700000000000145,0,-108.144467072955,-8.75722173486046,12.8902536805113,-3.43377249581471,11.7226,11.7203,234453,"2023_08_31_0032","2023_08_31_0032_ev00310_rec0","no",49967
311,0,11.7935,-115.930458795457,-126.342765808105,-10.4123070126488,0.400000000000844,3.30000000000119,3.15000000000154,-110.390322575517,-15.5205543315774,6.29439770432258,59.0079125540597,11.79275,11.79235,235870,"2023_08_31_0032","2023_08_31_0032_ev00311_rec0","no",49968
312,0,11.82985,-113.060353233701,-119.323722839355,-6.26336960565476,0.300000000001077,2.04999999999878,0.999999999999446,-110.492748546171,-12.2466766308001,1.09223032687752,57.4190048944383,11.82945,11.82835,236597,"2023_08_31_0032","2023_08_31_0032_ev00312_rec0","no",49969
313,0,11.84305,-110.371899922689,-115.81420135498,-5.44230143229167,0.650000000000261,1.95000000000078,1.55000000000172,-110.496741082383,-6.68715762730204,1.22712655022062,-15.4101053873699,11.84275,11.84195,236861,"2023_08_31_0032","2023_08_31_0032_ev00313_rec0","no",49970
314,0,11.8994,-110.284706842332,-119.018547058105,-8.73384021577381,0.750000000000028,1.84999999999924,1.85000000000102,-111.22313634778,-4.09958481290228,3.14253491995182,-47.8333972749256,11.89935,11.89785,237988,"2023_08_31_0032","2023_08_31_0032_ev00314_rec0","no",49971
315,0,11.9268,-112.268349420457,-122.375480651855,-10.1071312313988,0.650000000000261,0.600000000000378,0.550000000000495,-111.037951562485,-9.90302808513634,0.793128704112659,22.2460428873698,11.92615,11.92545,238536,"2023_08_31_0032","2023_08_31_0032_ev00315_rec0","no",49972
316,0,11.98915,-112.558993021647,-124.206535339355,-11.6475423177083,1.09999999999921,0.999999999999446,0,7389.0503037405,-7504.31187837858,37863.4176698214,2.14894612630222,11.98905,11.98795,239783,"2023_08_31_0032","2023_08_31_0032_ev00316_rec0","no",49973
317,0,12.00215,-109.558097839355,-125.88500213623,-16.326904296875,2.4999999999995,2.25000000000009,0.849999999999795,-111.708486501135,-13.5371349584039,0.691717787404585,-99.9755859375,12.002,11.9994,240043,"2023_08_31_0032","2023_08_31_0032_ev00317_rec0","no",49974
318,0,12.0244,-110.974985395159,-120.239250183105,-9.26426478794643,1.79999999999936,2.55000000000116,1.10000000000099,-111.800300180051,-3.99994260795797,2.54329065642633,-49.5981488909041,12.0242,12.0212,240488,"2023_08_31_0032","2023_08_31_0032_ev00318_rec0","no",49975
319,0,12.0781,-112.123027619861,-124.66429901123,-12.5412713913691,0.249999999999417,2.25000000000009,2.74999999999892,-111.440273061259,-12.6014079450804,3.19168736735604,-27.8047834123885,12.0775,12.07725,241562,"2023_08_31_0032","2023_08_31_0032_ev00319_rec0","no",49976
320,0,12.15415,-117.289217631022,-121.30736541748,-4.01814778645833,0.799999999999912,1.05000000000111,0,-107.956625910378,-10.2630754184816,20.6633989023565,114.659627278646,12.1535,12.15265,243083,"2023_08_31_0032","2023_08_31_0032_ev00320_rec0","no",49977
321,0,12.20005,-111.5708047776,-118.86595916748,-7.29515438988095,0.650000000000261,4.25000000000075,5.85000000000058,-111.43411665738,-6.51637398179036,7.05651488886336,-44.5224217006137,12.20005,12.19935,244001,"2023_08_31_0032","2023_08_31_0032_ev00321_rec0","no",49978
322,0,12.2519,-111.665263947986,-122.52806854248,-10.8628045944941,3.80000000000003,3.29999999999941,1.1499999999991,-112.378006441955,-12.9435543247209,0.845460870368245,-66.5533883231028,12.25005,12.2461,245038,"2023_08_31_0032","2023_08_31_0032_ev00322_rec0","no",49979
323,0,12.27015,-113.932284037272,-121.30736541748,-7.37508138020833,0.600000000000378,3.05,2.10000000000043,-110.287260439007,-13.9413721669021,2.65918480181653,65.8594767252605,12.2692,12.2686,245403,"2023_08_31_0032","2023_08_31_0032_ev00323_rec0","no",49980
324,0,12.3151,-115.029463631766,-120.39183807373,-5.36237444196429,1.35000000000041,2.85000000000046,0.799999999999912,-113.818483210038,-6.30207995147776,1.17522295869867,26.2271336146761,12.3145,12.31275,246302,"2023_08_31_0032","2023_08_31_0032_ev00324_rec0","no",49981
325,0,12.3395,-113.961348397391,-119.628898620605,-5.66755022321429,0.700000000000145,2.34999999999985,0.499999999998835,-113.724128413864,-8.91488916764333,0.372775107579278,-5.05556379045779,12.33815,12.3374,246790,"2023_08_31_0032","2023_08_31_0032_ev00325_rec0","no",49982
326,0,12.3585,-112.617121741885,-121.91771697998,-9.30059523809524,1.89999999999912,4.79999999999947,4.19999999999909,-112.729967565624,-12.1762671310471,3.23532820088699,-59.1846647716705,12.3573,12.35535,247170,"2023_08_31_0032","2023_08_31_0032_ev00326_rec0","no",49983
327,0,12.3729,-113.481786455427,-122.680656433105,-9.19886997767857,0.299999999999301,0.300000000001077,0,-108.124997794799,-8.69029670903659,14.0220212224554,50.9916033063617,12.3727,12.37235,247458,"2023_08_31_0032","2023_08_31_0032_ev00327_rec0","no",49984
328,0,12.4037,-112.7915079026,-117.34008026123,-4.54857235863095,0.0999999999997669,0.500000000000611,0.400000000000844,-109.84211184347,-10.245693483318,0.499072783473735,80.0852094377791,12.40295,12.40285,248074,"2023_08_31_0032","2023_08_31_0032_ev00328_rec0","no",49985
329,0,12.45445,-113.39459337507,-122.83324432373,-9.43865094866071,0.949999999999562,6.94999999999979,4.09999999999933,-110.840105778534,-13.8063079919335,4.96033441900516,-16.2816728864395,12.4515,12.4505,249089,"2023_08_31_0032","2023_08_31_0032_ev00329_rec0","no",49986
330,0,12.47265,-112.878700982957,-117.187492370605,-4.30879138764881,0.249999999999417,0.550000000000495,0.299999999999301,-112.372506920678,-6.67760458112188,0.27136214578261,11.8301009223575,12.47255,12.4723,249453,"2023_08_31_0032","2023_08_31_0032_ev00330_rec0","no",49987
331,0,12.4943,-115.334639413016,-130.92041015625,-15.5857707432338,0.400000000000844,30.2999999999987,29.9999999999994,-94542.336174684,94429.5156375264,642713.692462386,5.47898336138027,12.49425,12.4937,249886,"2023_08_31_0032","2023_08_31_0032_ev00331_rec0","no",49988
332,0,12.52045,-114.564433869861,-133.819580078125,-19.2551462082636,0.399999999999068,2.54999999999939,2.7500000000007,-108.250816266328,-21.103476423108,6.13803145395289,46.7767162141345,12.51985,12.51935,250409,"2023_08_31_0032","2023_08_31_0032_ev00332_rec0","no",49989
333,0,12.5668,-113.786962236677,-121.765129089355,-7.97816685267857,1.04999999999933,1.15000000000087,0.650000000000261,-109.351623362266,-15.2522035800517,0.893785463082796,113.669804164342,12.56675,12.5657,251336,"2023_08_31_0032","2023_08_31_0032_ev00333_rec0","no",49990
334,0,12.6339,-110.168449401855,-123.291007995605,-13.12255859375,1.70000000000137,1.59999999999982,3.09999999999988,-107.917411035917,-8.85204650598699,14.1038480755701,-57.1823120117188,12.63365,12.63175,252678,"2023_08_31_0032","2023_08_31_0032_ev00334_rec0","no",49991
335,0,12.6766,-109.776080540248,-116.42455291748,-6.64847237723214,0.199999999999534,3.30000000000119,3.94999999999968,-110.662619332903,-7.30432955448482,2.56482214995404,-51.8657139369418,12.6757,12.6755,253532,"2023_08_31_0032","2023_08_31_0032_ev00335_rec0","no",49992
336,0,12.6967,-109.790612720308,-115.356437683105,-5.56582496279762,0.650000000000261,4.45000000000029,1.75000000000125,-107.907574324907,-7.92712817328606,2.50513176850325,16.7870294480096,12.6937,12.69295,253934,"2023_08_31_0032","2023_08_31_0032_ev00336_rec0","no",49993
337,0,12.7177,-110.400964282808,-115.20384979248,-4.80288550967262,0.249999999999417,1.20000000000076,0.949999999999562,-109.426821130013,-7.31634406689682,0.976145370108434,19.3288893926711,12.717,12.71675,254354,"2023_08_31_0032","2023_08_31_0032_ev00337_rec0","no",49994
338,0,12.7589,-111.919577099028,-116.882316589355,-4.96273949032738,0.299999999999301,4.49999999999839,2.54999999999939,-109.704612960337,-6.93930068765289,4.69270908915387,21.9355991908483,12.75665,12.7561,255178,"2023_08_31_0032","2023_08_31_0032_ev00338_rec0","no",49995
339,0,12.8016,-108.19207291376,-113.98314666748,-5.79107375372024,0.450000000000728,0.349999999999184,0.0499999999998835,-110.852802053873,-3.13276304501129,1e-07,-82.6570420038133,12.8016,12.80115,256032,"2023_08_31_0032","2023_08_31_0032_ev00339_rec0","no",49996
340,0,12.85005,-111.687062218076,-123.291007995605,-11.6039457775298,1.34999999999863,1.1499999999991,0.399999999999068,-110.813653921664,-14.4196074978927,0.40608563834686,11.9276500883558,12.84985,12.8484,257001,"2023_08_31_0032","2023_08_31_0032_ev00340_rec0","no",49997
341,0,12.8762,-114.862343561082,-119.47631072998,-4.61396716889881,0.450000000000728,0.350000000000961,0,-111.0071906603,-5.29876568667428,2.12566414710124,103.013356526693,12.87615,12.87555,257524,"2023_08_31_0032","2023_08_31_0032_ev00341_rec0","no",49998
342,0,12.89985,-110.568084353492,-118.56078338623,-7.9926990327381,0.300000000001077,0.299999999999301,0.500000000000611,-107.856491808557,-6.24304986488758,5.00782669296469,40.1916503906248,12.89825,12.8978,257997,"2023_08_31_0032","2023_08_31_0032_ev00342_rec0","no",49999
343,0,12.9561,-107.262013389951,-120.544425964355,-13.2824125744048,2.4999999999995,6.50000000000084,5.39999999999985,-109.704638309176,-13.0937084326593,3.24791138159594,-150.08054460798,12.95465,12.9521,259122,"2023_08_31_0032","2023_08_31_0032_ev00343_rec0","no",50000
344,0,12.99455,-112.907765343076,-119.323722839355,-6.41595749627976,0.249999999999417,1.50000000000006,1.05000000000111,-109.486982429716,-8.05977018589995,3.15300490253693,69.2656380789622,12.99305,12.9928,259891,"2023_08_31_0032","2023_08_31_0032_ev00344_rec0","no",50001
345,0,13.0259,-107.371004740397,-121.61254119873,-14.2415364583333,0.500000000000611,1.35000000000041,0.650000000000261,-111.287707694083,-10.8200830628187,0.313892888108915,-135.25390625,13.02465,13.02415,260518,"2023_08_31_0032","2023_08_31_0032_ev00345_rec0","no",50002
346,0,13.0478,-107.000434148879,-123.291007995605,-16.2905738467262,0.750000000000028,2.95000000000023,3.3499999999993,-111.20505264465,-14.2702397395179,1.61947633380328,-161.663237072173,13.0475,13.0467,260956,"2023_08_31_0032","2023_08_31_0032_ev00346_rec0","no",50003
347,0,13.0913,-112.856902712867,-124.816886901855,-11.9599841889881,5.90000000000046,8.75000000000092,5.30000000000008,-110.138861640035,-13.4581962551974,8.33392192047392,-95.3892321995329,13.089,13.0831,261826,"2023_08_31_0032","2023_08_31_0032_ev00347_rec0","no",50004
348,0,13.13245,-108.046751113165,-117.64525604248,-9.59850492931548,0.599999999998602,3.14999999999976,3.14999999999976,-109.161231256233,-9.02902656061073,2.39001057378429,-63.4431384858633,13.13185,13.13125,262649,"2023_08_31_0032","2023_08_31_0032_ev00348_rec0","no",50005
349,0,13.15355,-107.334674290248,-116.271965026855,-8.93729073660714,2.7999999999988,2.25000000000009,1.99999999999889,-109.430730253894,-9.46218343457851,0.962234803544956,-89.4977024623325,13.1532,13.15035,263071,"2023_08_31_0032","2023_08_31_0032_ev00349_rec0","no",50006
350,0,13.1897,-107.196618579683,-116.72972869873,-9.53311011904762,2.25000000000009,11.6500000000013,17.0500000000011,-110.093449689264,-7.50415918404717,6.87872854508753,-163.246881394159,13.18905,13.1868,263794,"2023_08_31_0032","2023_08_31_0032_ev00350_rec0","no",50007
351,0,13.2267,-108.359192984445,-125.57982635498,-17.2206333705357,1.15000000000087,2.59999999999927,4.04999999999944,-111.091990358854,-8.72165913240542,4.63887538494699,-134.971618652344,13.2266,13.22535,264534,"2023_08_31_0032","2023_08_31_0032_ev00351_rec0","no",50008
352,0,13.27875,-113.656172616141,-123.901359558105,-10.2451869419643,1.10000000000099,0.449999999998951,0.199999999999534,-110.778891164261,-12.7912714562424,0.323666243125308,74.1086687360489,13.27865,13.27655,265575,"2023_08_31_0032","2023_08_31_0032_ev00352_rec0","no",50009
353,0,13.33445,-111.992237999326,-116.11937713623,-4.12713913690476,1.00000000000122,2.69999999999904,1.10000000000099,-108.840975892578,-9.82274984397511,1.47898092272934,73.6748831612724,13.334,13.3321,266689,"2023_08_31_0032","2023_08_31_0032_ev00353_rec0","no",50010
354,0,13.3764,-109.71068572998,-127.258293151855,-17.547607421875,2.59999999999927,4.70000000000148,2.44999999999962,-111.617039669371,-19.787609425895,1.6788454684803,-121.261600112915,13.3756,13.37265,267528,"2023_08_31_0032","2023_08_31_0032_ev00354_rec0","no",50011
355,0,13.49185,-114.244725908552,-126.037590026855,-11.7928641183036,1.50000000000006,3.75000000000014,4.55000000000005,-106.848225270784,-16.8008233498056,12.7046978736736,19.3525041852679,13.4918,13.49025,269837,"2023_08_31_0032","2023_08_31_0032_ev00355_rec0","no",50012
356,0,13.5679,-111.926843189058,-117.03490447998,-5.10806129092262,0.350000000000961,1.04999999999933,0.650000000000261,-108.831829000223,-7.20960596132574,1.80092234248873,76.7780485607329,13.5674,13.567,271358,"2023_08_31_0032","2023_08_31_0032_ev00356_rec0","no",50013
357,0,13.59875,-110.749736604236,-115.50902557373,-4.75928896949405,0.14999999999965,30.3500000000003,29.9999999999994,-111.770178990505,1.36060587836169,6.88672409804773,-23.730512328375,13.59845,13.5983,271975,"2023_08_31_0032","2023_08_31_0032_ev00357_rec0","no",50014
358,0,13.61565,-105.503619602748,-130.31005859375,-24.8064389910017,0.950000000001339,4.04999999999944,3.14999999999976,-109.077875206679,-23.5473419645353,2.19511447462687,-200.710848835536,13.61455,13.61355,272313,"2023_08_31_0032","2023_08_31_0032_ev00358_rec0","no",50015
359,0,13.69635,-115.102124532064,-122.22289276123,-7.12076822916667,1.45000000000017,1.69999999999959,0.399999999999068,-110.456525548214,-10.8354718899753,1.02135446079104,125.317891438802,13.69615,13.6939,273927,"2023_08_31_0032","2023_08_31_0032_ev00359_rec0","no",50016
360,0,13.70795,-105.939585004534,-118.408195495605,-12.4686104910714,1.80000000000113,2.29999999999997,19.8499999999999,-110.999098187374,-9.21168924547419,0.569563391772015,-173.99161202567,13.7076,13.7058,274159,"2023_08_31_0032","2023_08_31_0032_ev00360_rec0","no",50017
361,0,13.74855,-107.872364952451,-121.765129089355,-13.8927641369048,2.54999999999939,4.50000000000017,5.00000000000078,-110.429870614211,-11.4970956043731,3.34597505234947,-133.161272321428,13.74835,13.74575,274971,"2023_08_31_0032","2023_08_31_0032_ev00361_rec0","no",50018
362,0,13.7786,-114.6225625901,-121.459953308105,-6.83739071800595,0.250000000001194,0.899999999999679,0.949999999999562,-111.387296516057,-9.12470264272521,2.04711643529481,76.6214643205916,13.77845,13.77775,275572,"2023_08_31_0032","2023_08_31_0032_ev00362_rec0","no",50019
363,0,13.8135,-108.787892296201,-116.72972869873,-7.94183640252976,1.64999999999971,31.7000000000007,29.9999999999994,-113.097714636455,-4.5070025577641,0.986138054077817,-148.907983144124,13.8126,13.81075,276270,"2023_08_31_0032","2023_08_31_0032_ev00363_rec0","no",50020
364,0,13.833,-107.988622392927,-126.953117370605,-18.9644949776786,2.54999999999939,4.74999999999959,4.64999999999982,-113.252859325754,-15.0820717516831,2.17002492683333,-228.156502314976,13.832,13.8293,276660,"2023_08_31_0032","2023_08_31_0032_ev00364_rec0","no",50021
365,0,13.86675,-113.111215863909,-117.03490447998,-3.92368861607143,0.0999999999997669,0.649999999998485,0,-111.729041656905,-3.06458507542574,0.250850903395539,40.266854422433,13.86675,13.86595,277335,"2023_08_31_0032","2023_08_31_0032_ev00365_rec0","no",50022
366,0,13.87755,-110.62621307373,-120.08666229248,-9.46044921875,0.500000000000611,0.300000000001077,0.549999999998718,-94.9277495326219,-19.3438729381412,72.7844360143878,-7.91168212890625,13.8775,13.87695,277551,"2023_08_31_0032","2023_08_31_0032_ev00366_rec0","no",50023
367,0,13.95265,-109.492703029088,-121.61254119873,-12.1198381696429,0.849999999999795,4.20000000000087,4.85000000000113,-108.892221287151,-13.0550014336331,5.15393814567669,-57.7065604073662,13.95235,13.95145,279053,"2023_08_31_0032","2023_08_31_0032_ev00367_rec0","no",50024
368,0,13.99465,-112.588057381766,-117.492668151855,-4.90461077008929,0.199999999999534,0.400000000000844,0.350000000000961,-109.713117032723,-6.14628769525579,1.23900202025623,77.8012956891739,13.9946,13.9942,279893,"2023_08_31_0032","2023_08_31_0032_ev00368_rec0","no",50025
369,0,14.01105,-112.333744230725,-118.25560760498,-5.92186337425595,0.300000000001077,0.700000000000145,0.550000000000495,-108.724498373112,-9.17867565639339,1.18947792596746,95.5198378789994,14.01085,14.01045,280221,"2023_08_31_0032","2023_08_31_0032_ev00369_rec0","no",50026
370,0,14.03825,-105.082186381022,-116.271965026855,-11.1897786458333,2.39999999999974,31.5499999999993,29.6000000000003,-110.730710282455,-6.95873399968029,0.856326743404878,-194.398244222005,14.03795,14.0355,280765,"2023_08_31_0032","2023_08_31_0032_ev00370_rec0","no",50027
371,0,14.0759,-113.154812404088,-122.22289276123,-9.06808035714286,0.14999999999965,2.70000000000081,3.60000000000049,-112.273417789719,-8.53971683887321,5.12953824175298,-22.127423967634,14.07525,14.0751,281518,"2023_08_31_0032","2023_08_31_0032_ev00371_rec0","no",50028
372,0,14.1058,-112.268349420457,-115.966789245605,-3.69843982514881,0.299999999999301,0.299999999999301,0.350000000000961,-109.219004565497,-5.16391832738563,2.24984965096328,78.9804004487537,14.10565,14.10535,282116,"2023_08_31_0032","2023_08_31_0032_ev00372_rec0","no",50029
373,0,14.13795,-110.582616533552,-115.356437683105,-4.77382114955357,0.499999999998835,0.650000000000261,0.600000000000378,-110.193490686322,-3.7263455659395,1.06908929776226,6.34602137974338,14.1379,14.13735,282759,"2023_08_31_0032","2023_08_31_0032_ev00373_rec0","no",50030
374,0,14.15905,-105.736134483701,-121.00218963623,-15.2660551525298,5.05000000000067,4.64999999999982,2.7500000000007,-109.689360747743,-10.9622636203214,1.47675484795235,-195.594605945405,14.1574,14.1523,283181,"2023_08_31_0032","2023_08_31_0032_ev00374_rec0","no",50031
375,0,14.191,-111.788787478492,-117.187492370605,-5.3987048921131,0.400000000000844,0.549999999998718,0.500000000000611,-109.818028908217,-6.07870951610023,1.17119171818769,50.69096883138,14.1908,14.19035,283820,"2023_08_31_0032","2023_08_31_0032_ev00375_rec0","no",50032
376,0,14.21855,-107.625317891439,-117.492668151855,-9.86735026041667,1.50000000000006,4.79999999999947,7.14999999999932,-109.685391045528,-5.65047963127624,5.63243443556852,-101.978302001953,14.2184,14.2168,284371,"2023_08_31_0032","2023_08_31_0032_ev00376_rec0","no",50033
377,0,14.2521,-109.020407177153,-119.78148651123,-10.7610793340774,0.799999999999912,4.14999999999921,1.04999999999933,-110.877141615394,-9.27117087402571,0.70435448618342,-84.1282435825892,14.2514,14.24825,285042,"2023_08_31_0032","2023_08_31_0032_ev00377_rec0","no",50034
378,0,14.27035,-106.913241068522,-120.544425964355,-13.6311848958333,4.04999999999944,3.49999999999895,0.500000000000611,-109.99383925919,-12.0486942524724,0.279298261741217,-120.721181233724,14.27035,14.26625,285407,"2023_08_31_0032","2023_08_31_0032_ev00378_rec0","no",50035
379,0,14.32115,-110.124852861677,-120.08666229248,-9.96180943080357,1.04999999999933,1.20000000000076,1.04999999999933,-107.777785263372,-12.0099242649791,1.51100456186898,45.6161499023438,14.32095,14.3198,286423,"2023_08_31_0032","2023_08_31_0032_ev00379_rec0","no",50036
380,0,14.41655,-109.7397500901,-117.492668151855,-7.75291806175595,1.99999999999889,3.09999999999988,2.15000000000032,-107.33833140788,-11.5926165721342,2.72265687100777,27.6066008068267,14.41625,14.41425,288331,"2023_08_31_0032","2023_08_31_0032_ev00380_rec0","no",50037
381,0,14.43295,-105.45275697254,-115.81420135498,-10.3614443824405,0.20000000000131,1.50000000000006,1.70000000000137,-106.680923594059,-5.91619574861072,2.07609362004079,-54.6491713750932,14.4324,14.4322,288659,"2023_08_31_0032","2023_08_31_0032_ev00381_rec0","no",50038
382,0,14.4556,-106.847846258254,-114.440910339355,-7.59306408110119,0.450000000000728,30.5499999999999,29.9999999999994,-42902.3462471396,42796.961800444,315347.000031089,-22.6998102097284,14.45485,14.45435,289112,"2023_08_31_0032","2023_08_31_0032_ev00382_rec0","no",50039
383,0,14.49495,-111.171169825963,-113.525382995605,-2.35421316964286,0.700000000000145,23.950000000001,20.6499999999998,-42399.4322181455,42290.2358329533,306608.506000588,-5.69370814732155,14.4945,14.4938,289899,"2023_08_31_0032","2023_08_31_0032_ev00383_rec0","no",50040
384,0,14.5244,-111.033114115397,-122.83324432373,-11.8001302083333,0.949999999999562,4.35000000000052,3.94999999999968,-110.284053249858,-13.3363078092945,4.11135765541926,-48.8637288411457,14.52355,14.52255,290488,"2023_08_31_0032","2023_08_31_0032_ev00384_rec0","no",50041
385,0,14.555,-110.575350443522,-113.220207214355,-2.64485677083333,0.700000000000145,16.9999999999995,15.8500000000004,-113.229009259397,-0.294545650348104,0.505210559967283,-83.3549499511717,14.5543,14.55355,291100,"2023_08_31_0032","2023_08_31_0032_ev00385_rec0","no",50042
386,0,14.5887,-117.093033200219,-120.849601745605,-3.7565685453869,0.0999999999997669,30.3000000000004,29.9999999999994,-17640.4920947769,17530.2731489703,120981.548495337,140.784672328404,14.5887,14.5883,291774,"2023_08_31_0032","2023_08_31_0032_ev00386_rec0","no",50043
387,0,14.61565,-109.347381228492,-121.61254119873,-12.2651599702381,0.899999999999679,1.79999999999936,1.69999999999959,-110.835070343582,-9.08269413875339,1.54596275057181,-68.2365780784972,14.6154,14.6144,292313,"2023_08_31_0032","2023_08_31_0032_ev00387_rec0","no",50044
388,0,14.63725,-110.153917221796,-116.577140808105,-6.42322358630952,0.499999999998835,2.59999999999927,3.25000000000131,-109.136971390017,-6.45139435763643,5.07582241414119,-5.53930373418882,14.63725,14.63675,292745,"2023_08_31_0032","2023_08_31_0032_ev00388_rec0","no",50045
389,0,14.6897,-111.599869137719,-120.544425964355,-8.9445568266369,0.750000000000028,1.40000000000029,0.750000000000028,-109.345820096615,-13.8250764355424,0.848943854400405,47.3502022879466,14.6892,14.6884,293794,"2023_08_31_0032","2023_08_31_0032_ev00389_rec0","no",50046
390,0,14.71675,-110.909590584891,-118.56078338623,-7.65119280133929,0.849999999999795,1.50000000000006,0.599999999998602,-108.019542274787,-13.2000124909055,0.73067718438511,71.5746198381695,14.71655,14.71555,294335,"2023_08_31_0032","2023_08_31_0032_ev00390_rec0","no",50047
391,0,14.75445,-109.267454238165,-117.64525604248,-8.37780180431548,1.79999999999936,2.54999999999939,2.44999999999962,-110.483565888423,-5.48888873079407,2.30433127377867,-65.2558462960381,14.75275,14.75015,295089,"2023_08_31_0032","2023_08_31_0032_ev00391_rec0","no",50048
392,0,14.77485,-105.830593654088,-119.78148651123,-13.9508928571429,1.99999999999889,4.55000000000005,9.99999999999979,-108.110788894888,-6.27096031814177,12.8784947334238,-161.965506417411,14.7743,14.7722,295497,"2023_08_31_0032","2023_08_31_0032_ev00392_rec0","no",50049
393,0,14.8201,-107.567189171201,-122.680656433105,-15.1134672619048,1.25000000000064,1.50000000000006,1.54999999999994,-106.10755962053,-13.4758655056051,2.42731682522023,1.91515967959458,14.8199,14.8186,296402,"2023_08_31_0032","2023_08_31_0032_ev00393_rec0","no",50050
394,0,14.85975,-106.252026875814,-121.765129089355,-15.5131022135417,2.70000000000081,5.5499999999995,3.60000000000049,-108.49651488626,-12.8670669504463,2.77025759985172,-149.848937988281,14.85795,14.85335,297195,"2023_08_31_0032","2023_08_31_0032_ev00394_rec0","no",50051
395,0,14.8964,-111.926843189058,-114.135734558105,-2.20889136904762,0.249999999999417,0.500000000000611,0.300000000001077,-107.458894999495,-7.44321539020491,0.808250354865409,127.328055245536,14.8964,14.89615,297928,"2023_08_31_0032","2023_08_31_0032_ev00395_rec0","no",50052
396,0,14.9406,-108.279265994117,-112.609855651855,-4.3305896577381,0.0999999999997669,1.40000000000029,2.05000000000055,-106.950894028726,-4.81994492540623,4.08996898068187,19.0969194684708,14.94035,14.9402,298812,"2023_08_31_0032","2023_08_31_0032_ev00396_rec0","no",50053
397,0,14.98875,-113.99767884754,-116.882316589355,-2.88463774181548,0.14999999999965,0.300000000001077,0.0499999999998835,-111.899935202305,-4.13252499669491,0.271066917710074,61.3544616142594,14.9886,14.9884,299775,"2023_08_31_0032","2023_08_31_0032_ev00397_rec0","no",50054
398,0,15.0137,-112.768905285187,-124.214603482019,-11.4456981968325,0.450000000000728,1.1499999999991,1.10000000000099,-110.745174100043,-12.5674278872654,1.54284693012091,36.8362948671086,15.0135,15.01305,300274,"2023_08_31_0032","2023_08_31_0032_ev00398_rec0","no",50055
399,0,15.0554,-104.841163326382,-119.214388709933,-14.3732253835509,2.05000000000055,5.75000000000081,5.5499999999995,-108.707910540308,-9.19920706923971,2.99746670669535,-183.96797318916,15.05375,15.05125,301108,"2023_08_31_0032","2023_08_31_0032_ev00399_rec0","no",50056
400,0,15.10415,-112.484780878313,-119.509366866561,-7.02458598824832,0.300000000001077,0.449999999998951,0.849999999999795,-105.466740900614,-10.7100876105212,7.92202178098936,125.291790868979,15.10395,15.10365,302083,"2023_08_31_0032","2023_08_31_0032_ev00400_rec0","no",50057
401,0,15.1488,-108.999224986547,-124.586353686403,-15.5871286998551,3.3499999999993,1.20000000000076,0.600000000000378,-110.963988685848,-15.6898005524417,0.41836032204366,-90.199969255693,15.14875,15.1442,302976,"2023_08_31_0032","2023_08_31_0032_ev00401_rec0","no",50058
402,0,15.18755,-109.48626297135,-121.12251298225,-11.6362500108999,0.600000000000378,1.64999999999971,1.30000000000052,-109.905790790661,-10.4184883668658,1.34124580100657,-33.9766581813031,15.18735,15.1867,303751,"2023_08_31_0032","2023_08_31_0032_ev00402_rec0","no",50059
403,0,15.2385,-111.157968177524,-117.616669862451,-6.45870168492765,1.35000000000041,2.14999999999854,1.20000000000076,-108.893287426641,-9.23529182476499,1.73440636617938,47.7331249115673,15.2384,15.23705,304770,"2023_08_31_0032","2023_08_31_0032_ev00403_rec0","no",50060
404,0,15.25745,-110.35771840547,-113.177695409872,-2.81997700440205,0.250000000001194,1.59999999999982,1.20000000000076,-108.882437702528,-6.295062819092,1.32294131407975,33.7626753720588,15.2571,15.25685,305149,"2023_08_31_0032","2023_08_31_0032_ev00404_rec0","no",50061
405,0,15.31435,-112.376500053875,-120.763522694952,-8.38702264107692,0.500000000000611,30.5999999999997,29.9999999999994,-47305.9301267502,47194.1208841047,567886.37681923,-24.6943001005089,15.3143,15.3135,306287,"2023_08_31_0032","2023_08_31_0032_ev00405_rec0","no",50062
406,0,15.3372,-113.657273416115,-123.068687742522,-9.41141432640681,1.15000000000087,2.2000000000002,1.54999999999994,-111.44981191473,-11.3538855376064,2.27197030653616,35.1046143310766,15.3371,15.3354,306744,"2023_08_31_0032","2023_08_31_0032_ev00406_rec0","no",50063
407,0,15.3626,-111.132057030834,-118.558301569929,-7.42624453909421,0.199999999999534,0.449999999998951,0.700000000000145,-109.122713253513,-6.34342577995132,2.50420770260731,42.8091683344999,15.3625,15.36225,307252,"2023_08_31_0032","2023_08_31_0032_ev00407_rec0","no",50064
408,0,15.3797,-110.755893866746,-116.276385845608,-5.52049197886194,0.849999999999795,2.14999999999854,0,10182.6893621157,-10293.6927453182,67101.7596505639,52.0049005827339,15.3791,15.3769,307594,"2023_08_31_0032","2023_08_31_0032_ev00408_rec0","no",50065
409,0,15.39675,-109.265496692188,-115.014180800875,-5.74868410868696,1.29999999999875,2.74999999999892,1.50000000000006,-107.115768935306,-10.0527767974598,1.74410913970904,41.7912493376732,15.39635,15.395,307935,"2023_08_31_0032","2023_08_31_0032_ev00409_rec0","no",50066
410,0,15.4649,-107.852678071923,-120.203251444951,-12.3505733730277,3.70000000000026,10.6000000000002,17.9000000000009,28679.2478230431,-28794.7725895665,166341.615037071,-198.235429368886,15.46335,15.4589,309298,"2023_08_31_0032","2023_08_31_0032_ev00410_rec0","no",50067
411,0,15.481,-111.397448194391,-118.041440594503,-6.64399240011207,0.550000000000495,2.25000000000009,2.39999999999974,-109.498719760592,-7.22676255346657,4.71580277921092,18.9831160438706,15.4807,15.48015,309620,"2023_08_31_0032","2023_08_31_0032_ev00411_rec0","no",50068
412,0,15.5054,-108.877899153353,-117.775425907301,-8.89752675394875,0.650000000000261,30.3000000000004,30.0000000000011,-5147.11127357033,5037.25937836708,128411.751973373,-51.3258897247472,15.50515,15.50445,310108,"2023_08_31_0032","2023_08_31_0032_ev00412_rec0","no",50069
413,0,15.5626,-108.628926464735,-117.044770694479,-8.41584422974361,0.550000000000495,1.59999999999982,1.40000000000029,-106.972402516258,-10.9548402361392,1.70624747530526,17.288484011909,15.56125,15.5607,311252,"2023_08_31_0032","2023_08_31_0032_ev00413_rec0","no",50070
414,0,15.596,-108.413236956587,-121.78850989182,-13.3752729352325,2.44999999999962,4.64999999999982,2.7500000000007,-107.636052118768,-14.9900398744111,2.83575964507064,-58.3020321569663,15.5943,15.5912,311920,"2023_08_31_0032","2023_08_31_0032_ev00414_rec0","no",50071
415,0,15.62505,-107.30736613814,-118.356425664373,-11.0490595262327,0.550000000000495,3.80000000000003,4.6999999999997,-108.669239434999,-10.7344949896179,3.44610759486552,-84.5777898761114,15.62475,15.62415,312501,"2023_08_31_0032","2023_08_31_0032_ev00415_rec0","no",50072
416,0,15.67405,-110.311082812941,-114.81175101916,-4.50066820621913,0.299999999999301,2.14999999999854,1.59999999999982,-109.155257966448,-8.52548789273049,1.46568392529772,18.1576748270656,15.67315,15.67285,313481,"2023_08_31_0032","2023_08_31_0032_ev00416_rec0","no",50073
417,0,15.69365,-108.725674610013,-117.323487419336,-8.59781280932376,0.450000000000728,2.09999999999866,1.10000000000099,-108.661487950444,-10.2715262169875,0.956490532983093,-14.5539467533147,15.6933,15.69215,313873,"2023_08_31_0032","2023_08_31_0032_ev00417_rec0","no",50074
418,0,15.7315,-109.731918259652,-119.841906818883,-10.1099885592307,0.900000000001455,2.50000000000128,2.90000000000035,-109.377410280271,-11.0235063217153,2.91451526438835,-28.1211748357652,15.73125,15.73035,314630,"2023_08_31_0032","2023_08_31_0032_ev00418_rec0","no",50075
419,0,15.8217,-105.938166499149,-112.978963297444,-7.04079679829522,0.14999999999965,30.4500000000001,25.8000000000003,-32231.2700978193,32123.7220329517,832126.362025058,-68.9270060035472,15.82135,15.8212,316434,"2023_08_31_0032","2023_08_31_0032_ev00419_rec0","no",50076
420,0,15.85035,-107.197044824283,-116.714902009929,-9.51785718564669,1.80000000000113,23.6499999999999,16.9499999999996,-43382.6208781281,43275.2393424465,219610.57450693,-115.010284699133,15.8502,15.84655,317007,"2023_08_31_0032","2023_08_31_0032_ev00420_rec0","no",50077
421,0,15.87865,-109.328345778334,-117.048153177294,-7.7198073989605,1.35000000000041,6.3000000000013,4.45000000000029,-107.933716264417,-11.6137406050169,4.43162493180593,-27.6025788195087,15.8784,15.8754,317573,"2023_08_31_0032","2023_08_31_0032_ev00421_rec0","no",50078
422,0,15.91115,-105.31202966443,-116.034371877923,-10.7223422134931,0.650000000000261,1.54999999999994,1.79999999999936,-106.940472143652,-7.19285874430845,1.61298222763375,-64.9474519494976,15.9111,15.9104,318223,"2023_08_31_0032","2023_08_31_0032_ev00422_rec0","no",50079
423,0,15.94545,-107.965183410135,-116.598179772846,-8.63299636271097,1.40000000000029,0.750000000000028,0.599999999998602,-108.538932091596,-7.63029483007644,0.570469214750028,-29.2164634660179,15.9454,15.9436,318909,"2023_08_31_0032","2023_08_31_0032_ev00423_rec0","no",50080
424,0,16.03175,-108.256763886742,-119.006495844103,-10.7497319573612,0.949999999999562,2.65000000000271,1.59999999999982,-108.0293264923,-13.9108159158984,1.32462045891173,-28.6783274106233,16.03085,16.02955,320635,"2023_08_31_0032","2023_08_31_0032_ev00424_rec0","no",50081
425,0,16.0773,-111.203043862175,-118.736906050281,-7.53386218810587,0.199999999999534,30.3000000000004,30.0000000000011,-54715.1933205221,54605.8452774675,467546.830958554,1.11618753291413,16.0771,16.07685,321546,"2023_08_31_0032","2023_08_31_0032_ev00425_rec0","no",50082
426,0,16.1063,-112.852019018083,-121.681935158067,-8.82991613998369,3.05000000000177,0.899999999997902,0.500000000002387,-108.240355304022,-16.7375498859386,0.688228612157928,117.661314537161,16.10595,16.10265,322126,"2023_08_31_0032","2023_08_31_0032_ev00426_rec0","no",50083
427,0,16.13295,-105.949014759043,-117.850319755815,-11.9013049967718,1.20000000000076,2.69999999999726,3.5000000000025,-105.164213205164,-11.4303768170499,4.4491666161582,-35.0889801066953,16.13275,16.1315,322659,"2023_08_31_0032","2023_08_31_0032_ev00427_rec0","no",50084
428,0,16.17785,-108.35340841388,-114.155360389974,-5.80195197609439,2.20000000000198,32.8499999999998,4.99999999999901,-110.91946698234,0.58237727321889,15.2036939272048,-96.0996672139636,16.1739,16.1717,323557,"2023_08_31_0032","2023_08_31_0032_ev00428_rec0","no",50085
429,0,16.1929,-109.328611385706,-119.627095266521,-10.2984838808145,1.35000000000218,2.60000000000105,1.40000000000029,-109.666514140351,-10.2289539638862,1.29332791551164,-39.9330174845718,16.1922,16.1908,323858,"2023_08_31_0032","2023_08_31_0032_ev00429_rec0","no",50086
430,0,16.2178,-111.228084390323,-115.392568591165,-4.16448420084221,2.30000000000175,1.54999999999816,0,1156.41594377086,-1264.27076068673,49144.5697859065,104.144527049468,16.21775,16.21485,324356,"2023_08_31_0032","2023_08_31_0032_ev00430_rec0","no",50087
431,0,16.234,-107.491919368203,-118.814046544107,-11.3221271759039,0.800000000001688,0.699999999998369,0,-108.040029065237,-2.03882432474652,1.23465843652586,-24.1135682256793,16.23395,16.23305,324680,"2023_08_31_0032","2023_08_31_0032_ev00431_rec0","no",50088
432,0,16.27355,-108.405516209626,-115.879022732876,-7.47350652324963,1.90000000000268,7.89999999999935,6.9999999999979,-107.4624498569,-8.06076697464123,8.99041057326881,-53.397075747804,16.2729,16.27025,325471,"2023_08_31_0032","2023_08_31_0032_ev00432_rec0","no",50089
433,0,16.3088,-107.495774821926,-113.904164734253,-6.40838991232791,0.450000000000728,18.1500000000021,6.25000000000142,-110.917636474737,2.48662264063813,7.26049370520252,-87.2129941529265,16.3087,16.3082,326176,"2023_08_31_0032","2023_08_31_0032_ev00433_rec0","no",50090
434,0,16.325,-108.538114367277,-123.447751978034,-14.9096376107567,2.10000000000221,3.29999999999941,3.00000000000011,-106.213269309262,-17.6462014165798,3.67778386123286,-22.179693553151,16.3247,16.32125,326500,"2023_08_31_0032","2023_08_31_0032_ev00434_rec0","no",50091
435,0,16.37145,-108.297415376374,-119.946708311107,-11.6492929347337,0.699999999998369,3.59999999999872,3.29999999999941,-107.309234884095,-16.7056334822102,2.87752673552844,-32.2688394122532,16.37085,16.37015,327429,"2023_08_31_0032","2023_08_31_0032_ev00435_rec0","no",50092
436,0,16.39465,-107.522236796615,-115.438251181302,-7.91601438468668,0.550000000000495,0.900000000001455,0.450000000000728,-106.455435721936,-4.51360838434359,3.55769605270914,9.08687433993435,16.3939,16.3933,327893,"2023_08_31_0032","2023_08_31_0032_ev00436_rec0","no",50093
437,0,16.4265,-105.140551686267,-117.981684999676,-12.8411333134095,3.35000000000107,25.6499999999988,13.2500000000029,-37298.5359826121,37191.1754393546,194409.409169803,-193.273208276239,16.4243,16.4207,328530,"2023_08_31_0032","2023_08_31_0032_ev00437_rec0","no",50094
438,0,16.4514,-108.551253646646,-117.163584447001,-8.61233080035471,0.849999999999795,4.00000000000134,3.19999999999965,-108.930429848749,-10.0343633012306,2.49414369506615,-48.2427787813301,16.4503,16.44885,329028,"2023_08_31_0032","2023_08_31_0032_ev00438_rec0","no",50095
439,0,16.47265,-110.872553030155,-117.289802503192,-6.41724947303743,0.650000000000261,1.4499999999984,1.45000000000195,-108.564505337432,-7.658824830028,2.95114691858091,43.8692293276332,16.47255,16.4718,329453,"2023_08_31_0032","2023_08_31_0032_ev00439_rec0","no",50096
440,0,16.51905,-108.594674831635,-118.740842555952,-10.1461677243178,0.750000000000028,2.50000000000128,2.39999999999796,-108.671922254206,-15.6397410143259,1.65738597386056,-34.0775745876365,16.519,16.5182,330381,"2023_08_31_0032","2023_08_31_0032_ev00440_rec0","no",50097
441,0,16.5593,-108.309669678731,-118.997325055707,-10.6876553769756,1.59999999999982,3.8000000000018,3.10000000000343,-105.716768544587,-10.0488902718316,7.28768415694645,-8.15515401546193,16.5591,16.5563,331186,"2023_08_31_0032","2023_08_31_0032_ev00441_rec0","no",50098
442,0,16.62845,-106.205085461905,-120.168864295709,-13.9637788338035,1.20000000000076,4.30000000000064,4.59999999999994,-109.889028340693,-10.4429405888646,2.3440063239537,-155.622685421276,16.62775,16.6263,332569,"2023_08_31_0032","2023_08_31_0032_ev00442_rec0","no",50099
443,0,16.66175,-108.092022129954,-119.95371618484,-11.8616940548857,1.7499999999977,3.00000000000011,3.70000000000203,-106.287847311213,-11.0437974193594,6.38643113475014,-35.137269418968,16.66055,16.6585,333235,"2023_08_31_0032","2023_08_31_0032_ev00443_rec0","no",50100
444,0,16.6912,-110.12887755298,-112.658077746191,-2.52920019321067,0.349999999997408,30.2500000000023,30.0000000000011,-64187.9702357315,64084.3239941549,305620.327657541,99.8341637054315,16.69115,16.69075,333824,"2023_08_31_0032","2023_08_31_0032_ev00444_rec0","no",50101
445,0,16.72385,-105.184298656036,-118.304058259078,-13.1197596030414,3.79999999999825,4.30000000000064,3.39999999999918,-108.658871543155,-11.5744047903328,1.60724077485957,-181.184380015922,16.71965,16.71585,334477,"2023_08_31_0032","2023_08_31_0032_ev00445_rec0","no",50102
446,0,16.8082,-106.654521183908,-119.003052100923,-12.348530917015,1.84999999999746,2.80000000000058,2.39999999999796,-108.227839703967,-7.7611140885932,2.51240371376296,-81.8110631122981,16.8077,16.80565,336164,"2023_08_31_0032","2023_08_31_0032_ev00446_rec0","no",50103
447,0,16.8319,-108.142157058519,-115.328732755014,-7.18657569649471,0.149999999997874,0.399999999999068,1.05000000000288,-103.869698926041,-8.01538764295983,7.34249134733697,68.4562638634536,16.8317,16.83155,336638,"2023_08_31_0032","2023_08_31_0032_ev00447_rec0","no",50104
448,0,16.8659,-106.103768601696,-117.050889896687,-10.9471212949911,1.34999999999863,2.90000000000035,1.89999999999912,-107.337527380114,-9.8615350974967,1.50040881028332,-67.87096737371,16.86585,16.8631,337318,"2023_08_31_0032","2023_08_31_0032_ev00448_rec0","no",50105
449,0,16.9148,-113.176033733673,-117.745042145754,-4.5690084120815,0.450000000000728,1.79999999999936,0.699999999998369,-110.063367924025,-9.88607515258468,0.997155376793736,81.6168140597402,16.91445,16.9119,338296,"2023_08_31_0032","2023_08_31_0032_ev00449_rec0","no",50106
450,0,16.93165,-104.95434871354,-114.338340511032,-9.38399179749187,0.950000000003115,8.90000000000057,12.4999999999993,-107.660677964333,-9.26854723034797,5.02212951757086,-138.281207248843,16.9313,16.9302,338633,"2023_08_31_0032","2023_08_31_0032_ev00450_rec0","no",50107
451,0,16.9783,-111.298699161033,-122.226308054855,-10.9276088938218,0.900000000001455,1.99999999999889,0.949999999999562,-109.543150940833,-14.9588639551082,1.02249319419932,27.8373662612738,16.97815,16.97615,339566,"2023_08_31_0032","2023_08_31_0032_ev00451_rec0","no",50108
452,0,16.9933,-107.97513268836,-113.838628367714,-5.8634956793539,0.300000000002854,30.3500000000021,26.8000000000015,-29735.8259514954,29626.967181699,617356.568698226,-50.71530737223,16.99305,16.99275,339866,"2023_08_31_0032","2023_08_31_0032_ev00452_rec0","no",50109
453,0,17.0311,-111.785786524583,-115.277460780137,-3.49167425555318,0.150000000001427,5.00000000000256,4.85000000000113,-99.9518236604373,-16.3664334529915,22.0234800110576,84.1689789506238,17.03025,17.03005,340622,"2023_08_31_0032","2023_08_31_0032_ev00453_rec0","no",50110
454,0,17.08155,-103.606810142497,-119.594817736951,-15.9880075944542,7.99999999999912,7.45000000000218,21.3499999999982,10048.7335124798,-10159.7904250136,141214.5876815,-286.815834501043,17.07825,17.07025,341631,"2023_08_31_0032","2023_08_31_0032_ev00454_rec0","no",50111
455,0,17.1033,-111.955603174229,-119.641057813225,-7.68545463899592,0.199999999999534,0.550000000000495,0.450000000000728,-106.672680059557,-13.7547013548608,0.808699184307987,145.844213752304,17.1032,17.103,342066,"2023_08_31_0032","2023_08_31_0032_ev00455_rec0","no",50112
456,0,17.18725,-108.830260153727,-121.730562404058,-12.9003022503312,2.80000000000058,4.50000000000017,3.04999999999822,-112.240066643731,-12.9541233937615,1.3466277869172,-148.783792502372,17.1868,17.18395,343745,"2023_08_31_0032","2023_08_31_0032_ev00456_rec0","no",50113
457,0,17.2093,-113.493318546282,-123.442683427865,-9.94936488158238,3.65000000000038,31.3000000000017,30.0000000000011,-100755.969841764,100646.307246666,408957.091251743,-10.3501900816336,17.20925,17.20555,344186,"2023_08_31_0032","2023_08_31_0032_ev00457_rec0","no",50114
458,0,17.23435,-110.396670728454,-124.919825155223,-14.523154426769,3.59999999999872,5.44999999999973,4.64999999999804,-107.372682937835,-16.7028120993575,6.74655450032454,-49.0856856527214,17.2341,17.23045,344687,"2023_08_31_0032","2023_08_31_0032_ev00458_rec0","no",50115
459,0,17.26835,-109.127705914513,-118.983261282465,-9.85555536795232,0.899999999997902,1.95000000000078,4.24999999999898,-104.045172637892,-10.2366837208579,26.7746642053956,-42.3654746787343,17.268,17.26685,345367,"2023_08_31_0032","2023_08_31_0032_ev00459_rec0","no",50116
460,0,17.2833,-108.491042217703,-114.441513133516,-5.95047091581299,1.75000000000125,2.74999999999892,1.45000000000195,-109.228767396698,-8.26854178083057,0.830440936851336,-39.6550873142641,17.28295,17.28095,345666,"2023_08_31_0032","2023_08_31_0032_ev00460_rec0","no",50117
461,0,17.3119,-111.966152590902,-117.733493762728,-5.76734117182626,0.299999999999301,2.34999999999985,2.10000000000221,-107.213929664537,-10.5864283519639,4.83664999074998,87.0242909562346,17.31125,17.3107,346238,"2023_08_31_0032","2023_08_31_0032_ev00461_rec0","no",50118
462,0,17.342,-108.416191331321,-112.773038315914,-4.35684698459316,0.750000000000028,3.35000000000107,3.49999999999895,-104.570729179512,-8.51802454989028,7.84097435977009,43.8308911286869,17.3413,17.34055,346840,"2023_08_31_0032","2023_08_31_0032_ev00462_rec0","no",50119
463,0,17.39105,-106.542367415086,-114.051165632047,-7.50879821696117,1.34999999999863,4.20000000000087,4.24999999999898,-105.198010541319,-9.33102683950843,5.21640091701584,-13.8567636692415,17.3909,17.38945,347821,"2023_08_31_0032","2023_08_31_0032_ev00463_rec0","no",50120
464,0,17.4338,-110.794869801016,-116.304038715529,-5.50916891451264,0.199999999999534,30.3500000000021,30.0000000000011,-15571.6501458656,15465.3095126853,339155.487978727,110.172108636009,17.43355,17.4328,348676,"2023_08_31_0032","2023_08_31_0032_ev00464_rec0","no",50121
465,0,17.4652,-107.210055318095,-112.084510680359,-4.87445536226464,0.199999999999534,1.24999999999886,1.4499999999984,-106.002544973903,-5.84211414576317,2.16385663160802,22.315352616359,17.4651,17.4649,349304,"2023_08_31_0032","2023_08_31_0032_ev00465_rec0","no",50122
466,0,17.5236,-111.252362521066,-116.879683582965,-5.62732106189947,2.59999999999749,0.550000000000495,0.700000000001921,-99.7981446990764,-13.7592580509487,44.1311410971441,39.1952433234272,17.52335,17.51885,350472,"2023_08_31_0032","2023_08_31_0032_ev00466_rec0","no",50123
467,0,17.56185,-111.351286134441,-115.772322678574,-4.4210365441331,0.650000000000261,1.05000000000288,0.650000000000261,-107.177199358102,-9.14586417315679,1.47734221889304,108.399008644546,17.56125,17.5606,351237,"2023_08_31_0032","2023_08_31_0032_ev00467_rec0","no",50124
468,0,17.57875,-109.481240925218,-115.452398204667,-5.97115727944848,0.450000000000728,1.64999999999793,0.450000000000728,-105.943060907639,-11.2845086741789,0.672967513069372,94.6024131579799,17.57865,17.5772,351575,"2023_08_31_0032","2023_08_31_0032_ev00468_rec0","no",50125
469,0,17.59445,-107.490178957394,-113.488709308139,-5.99853035074523,1.1499999999991,1.00000000000122,0.650000000000261,-102.846266119587,-7.6730899195365,6.01055696109924,91.2350319630636,17.59445,17.5933,351889,"2023_08_31_0032","2023_08_31_0032_ev00469_rec0","no",50126
470,0,17.70025,-104.608124884536,-116.249354943022,-11.6412300584856,1.10000000000099,30.5999999999997,30.0000000000011,-107.174751874064,0.016739165710292,25.4690772451628,-82.3859015637082,17.7002,17.69905,354005,"2023_08_31_0032","2023_08_31_0032_ev00470_rec0","no",50127
471,0,17.7197,-111.933206494129,-118.185626683791,-6.2524201896622,0.750000000000028,0.699999999998369,0.599999999998602,-105.708458770591,-13.001359504868,1.46570980266804,166.584626251106,17.71965,17.7187,354394,"2023_08_31_0032","2023_08_31_0032_ev00471_rec0","no",50128
472,0,17.7334,-107.885055392906,-112.549521978255,-4.66446658534838,0.250000000001194,0.199999999999534,0,-104.882381642884,-4.09508387274173,3.43530390252921,74.2186184925043,17.73265,17.7323,354668,"2023_08_31_0032","2023_08_31_0032_ev00472_rec0","no",50129
473,0,17.78115,-108.478012306489,-116.744351840153,-8.266339533664,2.25000000000009,3.34999999999752,1.75000000000125,-108.05203554726,-9.93369978599474,1.66592390264942,-11.9492376151979,17.78105,17.7785,355623,"2023_08_31_0032","2023_08_31_0032_ev00473_rec0","no",50130
474,0,17.8302,-113.151466272037,-117.848668208824,-4.69720193678721,0.150000000001427,1.54999999999816,1.59999999999982,-111.875369333171,-6.99054739538188,1.92185050632634,23.0743654969302,17.83,17.82985,356604,"2023_08_31_0032","2023_08_31_0032_ev00474_rec0","no",50131
475,0,17.8492,-111.836956507654,-117.318791356296,-5.48183484864143,1.00000000000122,2.44999999999962,2.79999999999703,-105.815265627166,-9.77570093842405,14.4321009996323,52.6136341006742,17.84915,17.84815,356984,"2023_08_31_0032","2023_08_31_0032_ev00475_rec0","no",50132
476,0,17.9485,-105.696793456351,-115.988773365316,-10.2919799089655,1.04999999999933,30.7499999999976,27.0499999999991,-61378.3221512508,61272.7007761222,426499.355414517,-69.1495601719391,17.94845,17.94735,358970,"2023_08_31_0032","2023_08_31_0032_ev00476_rec0","no",50133
477,0,17.9757,-107.510620426537,-115.026599005765,-7.51597857922795,0.399999999999068,0.799999999998136,1.50000000000006,-105.386176414687,-6.97945138206955,4.21243772272211,31.2877517068637,17.9754,17.97495,359514,"2023_08_31_0032","2023_08_31_0032_ev00477_rec0","no",50134
478,0,18.02675,-109.518995543671,-115.741746354186,-6.22275081051545,1.15000000000265,0.499999999998835,0.549999999996942,-106.563665931481,-9.36980947025567,0.944023269495925,76.6848285668596,18.02675,18.02395,360535,"2023_08_31_0032","2023_08_31_0032_ev00478_rec0","no",50135
479,0,18.09575,-103.228751000002,-116.004614380116,-12.7758633801144,3.84999999999991,5.79999999999714,7.14999999999932,-107.243282606359,-6.54302769903021,3.2273067575026,-168.318023945641,18.0957,18.09135,361915,"2023_08_31_0032","2023_08_31_0032_ev00479_rec0","no",50136
480,0,18.1488,-105.710755599807,-112.206293863673,-6.49553826386571,0.599999999998602,30.9500000000007,30.0000000000011,-22670.8859902022,22564.9013317964,468647.706040892,-36.4250983869185,18.14815,18.14745,362976,"2023_08_31_0032","2023_08_31_0032_ev00480_rec0","no",50137
481,0,18.17455,-106.385041246437,-116.389322587763,-10.0042813413263,1.30000000000052,1.20000000000076,0.299999999999301,-104.59332806537,-5.83825779369283,4.93489398351878,16.8853582792808,18.1744,18.17285,363491,"2023_08_31_0032","2023_08_31_0032_ev00481_rec0","no",50138
482,0,18.2661,-109.823966955374,-113.833389524792,-4.00942256941784,0.0999999999997669,28.7999999999968,26.250000000001,-23944.4333860033,23838.8580763756,109198.656708118,28.762009661574,18.266,18.2658,365322,"2023_08_31_0032","2023_08_31_0032_ev00482_rec0","no",50139
483,0,18.31145,-110.84451011896,-114.155253488793,-3.31074336983266,0.450000000000728,27.549999999998,23.850000000003,-88259.9296542872,88152.4355454858,459691.320798485,7.86484389540318,18.3103,18.3087,366229,"2023_08_31_0032","2023_08_31_0032_ev00483_rec0","no",50140
484,0,18.3388,-110.023781167281,-119.590797561457,-9.56701639417545,2.85000000000224,0.199999999999534,0.0999999999997669,-111.193751751271,-2.46077512657532,2.54661615642076,-54.0257326153399,18.3387,18.3358,366776,"2023_08_31_0032","2023_08_31_0032_ev00484_rec0","no",50141
485,0,18.3585,-110.507831854119,-117.071201045171,-6.56336919105188,1.00000000000122,4.59999999999994,5.8499999999988,10091.5002623372,-10205.9741767484,38861.1964359251,-11.9141663367077,18.35785,18.35555,367170,"2023_08_31_0032","2023_08_31_0032_ev00485_rec0","no",50142
486,0,18.4511,-107.068796231749,-117.224598053994,-10.1558018222453,2.75000000000247,2.19999999999843,1.80000000000291,-106.893314749647,-11.2476110135039,1.72623665391374,-31.5160986754314,18.45045,18.4475,369022,"2023_08_31_0032","2023_08_31_0032_ev00486_rec0","no",50143
487,0,18.49235,-108.059440853473,-114.469024056321,-6.40958320284845,0.249999999997641,0.199999999999534,0,8206.55706436567,-8313.70043836767,107480.372315191,61.3417678787556,18.4923,18.492,369847,"2023_08_31_0032","2023_08_31_0032_ev00487_rec0","no",50144
488,0,18.51435,-108.785844808586,-111.587141019342,-2.80129621075599,0.199999999999534,0.450000000000728,0.200000000003087,-104.720534307892,-6.10484364822341,1.0642582122371,114.285793787768,18.51395,18.5137,370287,"2023_08_31_0032","2023_08_31_0032_ev00488_rec0","no",50145
489,0,18.57515,-107.977825941069,-112.859821915753,-4.88199597468387,0.0999999999997669,30.2499999999988,30.0000000000011,-10216.4889493896,10110.9947847475,242000.129929021,53.6988200734756,18.57475,18.5746,371503,"2023_08_31_0032","2023_08_31_0032_ev00489_rec0","no",50146
490,0,18.60685,-109.54157265297,-117.867257058628,-8.32568440565802,1.4499999999984,1.95000000000078,2.10000000000221,-105.303185096562,-12.7117313424548,3.7644392123621,74.0465217123806,18.60675,18.60505,372137,"2023_08_31_0032","2023_08_31_0032_ev00490_rec0","no",50147
491,0,18.6468,-104.099211845475,-110.897578463879,-6.79836661840353,0.199999999999534,5.34999999999997,6.85000000000002,-100.637669297051,-9.49838432848866,14.7849502100729,-24.1844863683707,18.6465,18.6457,372936,"2023_08_31_0032","2023_08_31_0032_ev00491_rec0","no",50148
492,0,18.6922,-102.739692244044,-110.574644423462,-7.83495217941794,1.04999999999933,6.59999999999883,29.9999999999976,-106.090116166176,-4.62189065886155,2.93539301149795,-123.29369941424,18.69165,18.69055,373844,"2023_08_31_0032","2023_08_31_0032_ev00492_rec0","no",50149
493,0,18.7206,-106.445057083875,-110.198966184039,-3.75390910016418,1.04999999999933,2.74999999999892,2.05000000000055,-106.854024019303,-3.54893195692721,1.59521146000463,-22.7151022700744,18.72055,18.7192,374412,"2023_08_31_0032","2023_08_31_0032_ev00493_rec0","no",50150
494,0,18.7433,-108.616497866194,-111.7720887905,-3.15559092430623,0.650000000000261,1.79999999999936,1.04999999999933,-105.882197546188,-9.04635935366322,1.25746367695432,67.698767109095,18.74325,18.7422,374866,"2023_08_31_0032","2023_08_31_0032_ev00494_rec0","no",50151
495,0,18.7588,-103.622239894451,-111.721277565477,-8.09903767102553,1.20000000000076,3.59999999999872,4.20000000000087,-104.733622751983,-5.94227002693713,3.65004541270095,-63.1761837577816,18.75845,18.7571,375176,"2023_08_31_0032","2023_08_31_0032_ev00495_rec0","no",50152
496,0,18.78885,-103.831791135852,-107.00134161693,-3.16955048107818,0.500000000002387,24.2000000000004,21.2999999999965,-34245.7678477853,34144.7916436385,180586.706615519,-4.14920312795008,18.78765,18.78715,375777,"2023_08_31_0032","2023_08_31_0032_ev00496_rec0","no",50153
497,0,18.8414,-107.670939806683,-111.639012453094,-3.96807264641136,0.0999999999997669,2.60000000000105,2.15000000000032,-106.59349784381,-7.55595530810325,1.97394901767646,11.0710535807018,18.83985,18.83965,376828,"2023_08_31_0032","2023_08_31_0032_ev00497_rec0","no",50154
498,0,18.88915,-107.496362014368,-112.044379667836,-4.54801765346782,0.199999999999534,0.650000000000261,0,-104.718916080228,-3.70182413751815,4.92781698846356,63.0564887161922,18.8891,18.88815,377783,"2023_08_31_0032","2023_08_31_0032_ev00498_rec0","no",50155
499,0,18.92335,-109.320152808852,-114.690839128671,-5.37068631981927,1.05000000000288,0.399999999999068,0.399999999999068,-104.83360709355,-8.22886942403267,1.59574828332224,119.092904822183,18.92325,18.9217,378467,"2023_08_31_0032","2023_08_31_0032_ev00499_rec0","no",50156
500,0,18.9539,-102.766279578122,-109.369124788443,-6.60284521032126,2.19999999999843,11.1500000000007,30.0000000000011,-105.596941175425,-3.39752468142012,4.69152773480351,-117.812351341117,18.95265,18.9504,379078,"2023_08_31_0032","2023_08_31_0032_ev00500_rec0","no",50157
501,0,18.98605,-104.879154351569,-108.116634688214,-3.23748033664502,0.399999999999068,2.70000000000081,2.90000000000035,-104.356329420896,-5.38652761556336,2.54564524365891,0.165585484285218,18.98605,18.98565,379721,"2023_08_31_0032","2023_08_31_0032_ev00501_rec0","no",50158
502,0,19.02825,-103.483698120965,-110.078588047464,-6.59488992649911,0.700000000001921,2.44999999999962,29.9999999999976,-106.144643166633,-3.30964139981826,1.21066655603659,-87.2378088823291,19.028,19.0273,380565,"2023_08_31_0032","2023_08_31_0032_ev00502_rec0","no",50159
503,0,19.05065,-106.841151337137,-111.970473046125,-5.12932170898794,0.299999999999301,2.20000000000198,1.90000000000268,-104.841123639256,-7.90968532462852,2.66290402538594,36.5316628725357,19.05045,19.0496,381013,"2023_08_31_0032","2023_08_31_0032_ev00503_rec0","no",50160
504,0,19.14505,-107.036662805689,-112.546462257998,-5.50979945230911,0.699999999998369,2.39999999999796,1.99999999999889,-104.983280680257,-7.09226562313281,3.59218572784082,32.9787398762393,19.14495,19.14395,382901,"2023_08_31_0032","2023_08_31_0032_ev00504_rec0","no",50161
505,0,19.1645,-105.810948248442,-111.320294879148,-5.50934663070582,0.149999999997874,1.09999999999744,1.20000000000076,-104.354218347977,-7.01559221791167,1.70966223448326,30.1474036314811,19.1643,19.16415,383290,"2023_08_31_0032","2023_08_31_0032_ev00505_rec0","no",50162
506,0,19.1793,-102.718773415723,-108.593801236975,-5.87502782125271,0.450000000000728,3.45000000000084,5.40000000000163,-103.784720030716,-3.8252296589049,4.37709742217175,-50.6829010502339,19.1792,19.17875,383586,"2023_08_31_0032","2023_08_31_0032_ev00506_rec0","no",50163
507,0,19.2373,-103.0719654968,-114.75358682713,-11.6816213303298,2.25000000000009,11.5000000000016,12.95,-105.636158617634,-7.40868730182796,8.99255127518949,-184.564559744915,19.23485,19.2323,384746,"2023_08_31_0032","2023_08_31_0032_ev00507_rec0","no",50164
508,0,19.26785,-103.781103674226,-110.155780440389,-6.37467676616369,0.300000000002854,18.8999999999986,29.9999999999976,-106.455096748267,-4.23853759690482,8.46549262391296,-121.805382611473,19.2669,19.26655,385357,"2023_08_31_0032","2023_08_31_0032_ev00508_rec0","no",50165
509,0,19.3174,-101.316166532533,-109.345163908166,-8.0289973756331,1.25000000000242,4.00000000000134,9.04999999999845,-102.432894655983,-3.58379575749811,13.7627307487301,-84.7261895140877,19.3172,19.31585,386348,"2023_08_31_0032","2023_08_31_0032_ev00509_rec0","no",50166
510,0,19.3804,-108.531239024243,-113.845469847021,-5.31423082277841,0.350000000000961,30.3000000000004,30.0000000000011,-40586.2187371775,40479.5717600051,404979.326640678,10.4932289633991,19.38035,19.38,387608,"2023_08_31_0032","2023_08_31_0032_ev00510_rec0","no",50167
511,0,19.4238,-106.492229573291,-113.598896174804,-7.1066666015128,0.600000000002154,30.3499999999985,29.9999999999976,-107.011220030842,2.16305411996973,9.52403868256549,1.25794732459077,19.4238,19.42315,388476,"2023_08_31_0032","2023_08_31_0032_ev00511_rec0","no",50168
512,0,19.44255,-103.426672503337,-113.275857251174,-9.8491847478368,3.34999999999752,28.6000000000008,0,-3058.67487285669,2950.78026852725,169005.50009905,-173.843887395814,19.44095,19.43725,388851,"2023_08_31_0032","2023_08_31_0032_ev00512_rec0","no",50169
513,0,19.4601,-106.733319529075,-115.748389050911,-9.01506952183603,2.40000000000151,0.650000000000261,1.69999999999959,-95.0466691176272,-15.782475303715,34.0179721736731,12.7611654782978,19.45805,19.4556,389202,"2023_08_31_0032","2023_08_31_0032_ev00513_rec0","no",50170
514,0,19.5103,-104.081806648265,-112.138678506932,-8.05687185866648,1.10000000000099,1.65000000000148,1.55000000000172,-104.877841813385,-7.85983443497928,1.21135919027049,-38.0848113310451,19.51015,19.509,390206,"2023_08_31_0032","2023_08_31_0032_ev00514_rec0","no",50171
515,0,19.54945,-105.857517087344,-113.999205477687,-8.14168839034282,2.90000000000035,2.64999999999915,2.90000000000035,-102.935612221537,-7.65512190374588,11.3056333660143,-7.32842689835237,19.5488,19.54545,390989,"2023_08_31_0032","2023_08_31_0032_ev00515_rec0","no",50172
516,0,19.585,-108.454324739155,-111.036858702878,-2.58253396372245,0.299999999999301,0.249999999997641,0.199999999999534,-103.568499577221,-6.46897637940246,1.75039636814494,134.962981761432,19.585,19.5845,391700,"2023_08_31_0032","2023_08_31_0032_ev00516_rec0","no",50173
517,0,19.61985,-101.285918541025,-108.764354452897,-7.47843591187224,3.75000000000014,7.85000000000124,25.3499999999995,-104.72134491489,-4.48233018172303,0.743747030198755,-139.187154485959,19.6167,19.61275,392397,"2023_08_31_0032","2023_08_31_0032_ev00517_rec0","no",50174
518,0,19.63995,-103.844298638243,-110.023978978502,-6.17968034025881,0.699999999998369,0.750000000000028,1.40000000000029,-103.454982202433,-3.52268466340298,5.02685450710385,-9.40396808478661,19.6397,19.63895,392799,"2023_08_31_0032","2023_08_31_0032_ev00518_rec0","no",50175
519,0,19.68775,-107.432185541809,-113.105828327826,-5.67364278601764,0.900000000001455,4.55000000000183,5.15000000000043,-99.9137990548053,-14.5883667704321,12.3161065024372,57.99707381887,19.6875,19.68645,393755,"2023_08_31_0032","2023_08_31_0032_ev00519_rec0","no",50176
520,0,19.7214,-104.482046471634,-109.961977397873,-5.4799309262383,0.849999999999795,3.19999999999965,2.25000000000009,-102.899490893769,-7.02052707876729,3.35950618928046,18.6448682300274,19.72115,19.71975,394428,"2023_08_31_0032","2023_08_31_0032_ev00520_rec0","no",50177
521,0,19.7446,-105.261161731493,-111.327367909911,-6.06620617841793,1.09999999999744,30.2500000000023,30.0000000000011,-19789.2970112768,19688.3638024578,102338.805150587,39.48793491549,19.74455,19.74345,394892,"2023_08_31_0032","2023_08_31_0032_ev00521_rec0","no",50178
522,0,19.7624,-100.748026754105,-109.833069847828,-9.08504309372286,4.74999999999781,9.19999999999988,12.2,-103.817547931443,-4.14180238535898,4.59916487760491,-138.374347924012,19.7621,19.757,395248,"2023_08_31_0032","2023_08_31_0032_ev00522_rec0","no",50179
523,0,19.8145,-103.908795888113,-112.435963942429,-8.52716805431656,1.24999999999886,20.2500000000008,11.4999999999981,-113.770458969247,8.63662562140754,45.5481484277691,-114.968151197733,19.8138,19.81255,396290,"2023_08_31_0032","2023_08_31_0032_ev00523_rec0","no",50180
524,0,19.8396,-109.367394742049,-114.581684534419,-5.2142897923701,0.299999999999301,1.1499999999991,0,-102.702580995691,-8.33595073680235,3.15303431502416,168.738163121263,19.83955,19.8376,396792,"2023_08_31_0032","2023_08_31_0032_ev00524_rec0","no",50181
525,0,19.8916,-106.678803234596,-110.585185115569,-3.90638188097265,0.650000000000261,1.50000000000006,0.950000000003115,-104.348641874433,-7.67398029823285,1.32589106787626,56.4357761480699,19.89155,19.89035,397832,"2023_08_31_0032","2023_08_31_0032_ev00525_rec0","no",50182
526,0,19.9129,-103.533734540948,-114.514472394178,-10.98073785323,0.750000000000028,2.19999999999843,2.15000000000032,-104.35568123239,-10.5840639618814,1.81330294875192,-50.3469789585615,19.91275,19.91195,398258,"2023_08_31_0032","2023_08_31_0032_ev00526_rec0","no",50183
527,0,19.9486,-103.775741997684,-116.635837299736,-12.8600953020519,1.95000000000078,6.90000000000168,12.4499999999976,-101.84780777853,-10.3575083920205,28.5004094617662,-154.117744856436,19.94815,19.94535,398972,"2023_08_31_0032","2023_08_31_0032_ev00527_rec0","no",50184
528,0,19.98195,-104.720078315276,-107.302025849858,-2.58194753458234,0.150000000001427,10.6499999999983,8.30000000000197,-108476.315996877,108372.058385831,634805.897746056,-64.3526151275397,19.98165,19.98145,399639,"2023_08_31_0032","2023_08_31_0032_ev00528_rec0","no",50185
529,0,20.00685,-106.254348903565,-116.382557220834,-10.1282083172684,1.50000000000006,5.79999999999714,5.94999999999857,-106.085875195691,-8.67605370781844,7.45550947947534,-70.1167315631568,20.0064,20.00395,400137,"2023_08_31_0032","2023_08_31_0032_ev00529_rec0","no",50186
530,0,20.03785,-103.5269591964,-115.752042734832,-12.2250835384313,3.00000000000011,4.99999999999901,4.20000000000087,-105.959365283118,-8.54209219769616,2.98000813393249,-131.692516657669,20.037,20.034,400757,"2023_08_31_0032","2023_08_31_0032_ev00530_rec0","no",50187
531,0,20.0648,-107.071535663658,-112.037581905347,-4.9660462416887,0.150000000001427,30.1000000000009,30.0000000000011,-6896.85766087927,6792.65140915639,252184.691372567,72.8197394242659,20.0646,20.06445,401296,"2023_08_31_0032","2023_08_31_0032_ev00531_rec0","no",50188
532,0,20.092,-106.131724610681,-111.336213724879,-5.20448911419827,0.800000000001688,31.0000000000024,30.0000000000011,-20550.24746264,20446.290810444,305228.972908517,34.7431827605587,20.0919,20.09,401840,"2023_08_31_0032","2023_08_31_0032_ev00532_rec0","no",50189
533,0,20.1351,-108.524268736685,-111.435364467458,-2.91109573077279,0.600000000002154,2.20000000000198,1.24999999999886,-104.854083407546,-6.25843552022448,4.53568649580132,78.8994377366215,20.1347,20.1338,402702,"2023_08_31_0032","2023_08_31_0032_ev00533_rec0","no",50190
534,0,20.18165,-107.481253305085,-112.899217435793,-5.41796413070759,0.450000000000728,0.949999999999562,1.1499999999991,-104.366248490786,-8.49084144856114,2.30849977147699,68.1226640096132,20.18165,20.17855,403633,"2023_08_31_0032","2023_08_31_0032_ev00534_rec0","no",50191
535,0,20.2063,-103.252090022144,-114.017232062549,-10.7651420404046,1.79999999999936,1.50000000000006,1.7499999999977,-102.677593032952,-6.78848645559752,4.33078474601726,-26.1281984593354,20.20615,20.2043,404126,"2023_08_31_0032","2023_08_31_0032_ev00535_rec0","no",50192
536,0,20.23895,-103.440560423498,-115.828709763329,-12.3881493398316,1.75000000000125,2.34999999999985,2.64999999999915,-106.797413330432,-9.20161287895967,1.31915867703406,-127.565378821172,20.23885,20.23605,404779,"2023_08_31_0032","2023_08_31_0032_ev00536_rec0","no",50193
537,0,20.27105,-107.864028384606,-110.199182689991,-2.33515430538526,0.299999999999301,1.35000000000218,1.34999999999863,-104.604880578642,-7.49576011098909,2.28852505899093,75.4979781302341,20.26965,20.2693,405421,"2023_08_31_0032","2023_08_31_0032_ev00537_rec0","no",50194
538,0,20.3204,-104.420713073804,-112.051182246442,-7.63046917263834,1.99999999999889,6.00000000000023,4.04999999999944,-104.595738400917,-10.3091667451852,2.97959252850233,-51.2981269210824,20.31985,20.31715,406408,"2023_08_31_0032","2023_08_31_0032_ev00538_rec0","no",50195
539,0,20.3682,-104.67708338512,-113.430862492092,-8.75377910697149,3.00000000000011,1.59999999999982,1.04999999999933,-105.08540841129,-7.8647805248635,1.03149862387453,-33.9787217994565,20.36815,20.36515,407364,"2023_08_31_0032","2023_08_31_0032_ev00539_rec0","no",50196
540,0,20.40655,-102.281131581076,-113.647554720763,-11.3664231396874,1.45000000000195,12.2,0,-13496.257112735,13388.9022783833,229070.452962051,-195.25155042625,20.4059,20.40435,408131,"2023_08_31_0032","2023_08_31_0032_ev00540_rec0","no",50197
541,0,20.49365,-104.351680047202,-117.576365245465,-13.2246851982635,1.1499999999991,1.1999999999972,4.34999999999874,-100.981887026241,-10.0988048126577,21.5736087610352,-72.2704859887299,20.49355,20.49235,409873,"2023_08_31_0032","2023_08_31_0032_ev00541_rec0","no",50198
542,0,20.52995,-102.846596160653,-110.965633418099,-8.1190372574459,1.69999999999959,4.00000000000134,3.59999999999872,-104.305014380696,-4.96371107204462,3.07706812794772,-69.4369646473014,20.5298,20.5277,410599,"2023_08_31_0032","2023_08_31_0032_ev00542_rec0","no",50199
543,0,20.56495,-104.339824053061,-108.438199693827,-4.09837564076633,0.450000000000728,4.59999999999994,5.49999999999784,-100.654364904351,-6.95216718004161,18.8828735799639,-3.79692744967835,20.56255,20.56205,411299,"2023_08_31_0032","2023_08_31_0032_ev00543_rec0","no",50200
544,0,20.5952,-102.55626219829,-107.338760114713,-4.78249791642338,0.550000000000495,1.04999999999933,0.900000000001455,-103.059291152185,-6.84694153561524,0.519304063976026,-20.9092505027154,20.59505,20.5945,411904,"2023_08_31_0032","2023_08_31_0032_ev00544_rec0","no",50201
545,0,20.6344,-103.11561193444,-106.569680726285,-3.45406879184473,0.750000000000028,4.15000000000276,5.39999999999807,-103.379532778706,-3.08467904872917,4.86102326096548,-27.4127840318708,20.6338,20.63275,412688,"2023_08_31_0032","2023_08_31_0032_ev00545_rec0","no",50202
546,0,20.68555,-106.120717657945,-109.549920700084,-3.42920304213936,0.250000000001194,1.10000000000099,0.849999999999795,-103.185960499574,-8.23940342805017,1.28213465455432,76.397104236706,20.68525,20.685,413711,"2023_08_31_0032","2023_08_31_0032_ev00546_rec0","no",50203
547,0,20.7085,-104.347591627574,-106.422832996914,-2.07524136934011,0.350000000000961,30.2499999999988,30.0000000000011,-105.45353006029,4.00798559658497,14.8231823260676,17.8249963174938,20.70835,20.7079,414170,"2023_08_31_0032","2023_08_31_0032_ev00547_rec0","no",50204
548,0,20.7234,-100.737498484437,-109.649079220537,-8.91158073609957,1.20000000000076,6.90000000000168,9.10000000000011,-100.534681307975,-7.8784056534128,11.216584418647,-86.5455884260343,20.72285,20.7216,414468,"2023_08_31_0032","2023_08_31_0032_ev00548_rec0","no",50205
549,0,20.753,-101.795798935469,-106.67886469095,-4.88306575548042,0.150000000001427,30.1000000000009,30.0000000000011,-104.863482845982,5.41047089387383,29.9929855394704,10.1575301228766,20.75295,20.7528,415060,"2023_08_31_0032","2023_08_31_0032_ev00549_rec0","no",50206
550,0,20.77065,-103.794131442628,-108.45767686068,-4.66354541805246,0.900000000001455,23.9000000000011,20.0499999999977,-100602.434649405,100501.638082854,426805.99808294,-17.8111380717646,20.77065,20.76905,415413,"2023_08_31_0032","2023_08_31_0032_ev00550_rec0","no",50207
551,0,20.7969,-103.378420462174,-114.350981980214,-10.9725615180397,3.8000000000018,32.2999999999993,20.9499999999991,-39033.0590651356,38927.6728467082,397430.020546942,-126.754734890723,20.79665,20.79255,415938,"2023_08_31_0032","2023_08_31_0032_ev00551_rec0","no",50208
552,0,20.82115,-107.430420505952,-115.140009249899,-7.70958874394695,0.599999999998602,0.550000000000495,0.349999999997408,-102.423025378943,-8.02423375317264,17.4244283923172,31.8749097268113,20.8211,20.8199,416423,"2023_08_31_0032","2023_08_31_0032_ev00552_rec0","no",50209
553,0,20.86475,-100.439800538472,-108.821293280115,-8.38149274164216,1.04999999999933,0.599999999998602,1.04999999999933,-102.40317811271,-1.70995154505249,2.5194611932499,-68.7538229233029,20.86455,20.86345,417295,"2023_08_31_0032","2023_08_31_0032_ev00553_rec0","no",50210
554,0,20.89395,-104.102939942697,-110.757180450458,-6.65424050776119,0.700000000001921,2.65000000000271,2.70000000000081,-101.494061071864,-9.0800830138204,4.66337376836618,30.9493546113635,20.8936,20.89245,417879,"2023_08_31_0032","2023_08_31_0032_ev00554_rec0","no",50211
555,0,20.9196,-101.285034881399,-106.746319821686,-5.4612849402864,1.50000000000006,32.3499999999974,21.6999999999992,-14674.0005371848,14571.2849290773,535509.300755125,-65.2023454265938,20.9189,20.91705,418392,"2023_08_31_0032","2023_08_31_0032_ev00555_rec0","no",50212
556,0,20.95545,-102.134179995246,-108.23202471593,-6.09784472068364,0.649999999996709,30.899999999999,29.9999999999976,-15708.8197752758,15607.0319834194,287685.083933053,-23.4920551574779,20.9542,20.9535,419109,"2023_08_31_0032","2023_08_31_0032_ev00556_rec0","no",50213
557,0,20.97985,-105.386938056947,-108.387376699891,-3.00043864294425,0.949999999999562,30.5499999999981,29.9999999999976,-37493.5098780278,37390.8588397038,343911.305350836,31.8277302899754,20.9797,20.97865,419597,"2023_08_31_0032","2023_08_31_0032_ev00557_rec0","no",50214
558,0,21.0109,-106.087861295558,-110.491882478727,-4.40402118316878,0.849999999999795,2.90000000000035,2.49999999999773,-103.324912645306,-9.49741131014566,3.2380235526894,48.1651512710828,21.01035,21.00835,420218,"2023_08_31_0032","2023_08_31_0032_ev00558_rec0","no",50215
559,0,21.0409,-101.501474848778,-109.699156476708,-8.19768162792975,1.40000000000029,5.69999999999737,30.0000000000011,-105.127644633794,-6.76530915142747,1.73400674681226,-130.841393284543,21.04055,21.0391,420818,"2023_08_31_0032","2023_08_31_0032_ev00559_rec0","no",50216
560,0,21.06785,-103.09337034425,-110.363434207595,-7.27006386334537,0.699999999998369,10.8500000000014,30.0000000000011,-106.577270133125,-2.66214411532566,3.64920505244587,-123.860043278905,21.0668,21.06595,421357,"2023_08_31_0032","2023_08_31_0032_ev00560_rec0","no",50217
561,0,21.1103,-107.990452437669,-114.667776148587,-6.67732371091788,0.350000000000961,0.899999999997902,0.899999999997902,-102.816958322797,-12.1869181157337,1.96334320431567,130.214249246154,21.1103,21.10995,422206,"2023_08_31_0032","2023_08_31_0032_ev00561_rec0","no",50218
562,0,21.15315,-102.099788573326,-111.520756677432,-9.42096810410669,2.30000000000175,10.4500000000023,0,-12006.6695297875,11900.7241155549,112548.597120946,-187.416650129648,21.15185,21.1495,423063,"2023_08_31_0032","2023_08_31_0032_ev00562_rec0","no",50219
563,0,21.17555,-106.676197886585,-112.90915678762,-6.23295890103439,0.900000000001455,3.19999999999965,3.25000000000131,-104.713058192504,-7.1262919459553,6.36418047294929,5.41053783841314,21.17465,21.173,423511,"2023_08_31_0032","2023_08_31_0032_ev00563_rec0","no",50220
564,0,21.20175,-107.475809967244,-110.285410667001,-2.80960069975694,0.199999999999534,30.5500000000016,30.0000000000011,-27621.5992156368,27516.5270739902,470366.211898327,44.0362607803675,21.20135,21.201,424035,"2023_08_31_0032","2023_08_31_0032_ev00564_rec0","no",50221
565,0,21.26425,-104.832621020981,-109.493432383872,-4.660811362891,0.600000000002154,34.2999999999982,30.0000000000011,-3025.74292682084,2921.47563473127,222649.338823682,0.812321668756851,21.26325,21.25975,425285,"2023_08_31_0032","2023_08_31_0032_ev00565_rec0","no",50222
566,0,21.2897,-101.68765837969,-108.192312440632,-6.50465406094206,0.199999999999534,30.7999999999993,29.9999999999976,-104.135720643918,0.380225005326997,22.8050913327224,-85.320430520249,21.2866,21.2857,425794,"2023_08_31_0032","2023_08_31_0032_ev00566_rec0","no",50223
567,0,21.31485,-102.741894402121,-105.869080546968,-3.12718614484741,0.650000000000261,31.3499999999998,29.9999999999976,-33074.6956685469,32972.8375224248,500599.339604754,-8.65859956664139,21.3137,21.31305,426297,"2023_08_31_0032","2023_08_31_0032_ev00567_rec0","no",50224
568,0,21.3573,-104.490925525141,-110.46892562702,-5.97800010187898,0.699999999998369,0.650000000000261,0.550000000000495,-101.497893721915,-8.23595633533301,1.18944384788084,78.8563505094928,21.35725,21.3563,427146,"2023_08_31_0032","2023_08_31_0032_ev00568_rec0","no",50225
569,0,21.4024,-103.394176750217,-111.651073620216,-8.25689686999884,0.799999999998136,3.29999999999941,4.050000000003,-99.3272021184812,-9.23347710949832,15.6049550169553,-13.0368401591435,21.4007,21.3998,428048,"2023_08_31_0032","2023_08_31_0032_ev00569_rec0","no",50226
570,0,21.473,-104.777639991679,-109.833988003194,-5.05634801151487,0.650000000000261,2.44999999999962,1.40000000000029,-103.525802137523,-7.96518067455544,1.51545272744296,19.9888282917586,21.4727,21.4716,429460,"2023_08_31_0032","2023_08_31_0032_ev00570_rec0","no",50227
571,0,21.498,-105.524385804238,-113.569691569714,-8.04530576547631,1.10000000000099,2.10000000000221,1.45000000000195,-106.161657009187,-8.25105427744045,1.14241953569497,-34.1096478771973,21.4979,21.4966,429960,"2023_08_31_0032","2023_08_31_0032_ev00571_rec0","no",50228
572,0,21.51795,-104.849758784498,-114.782752421492,-9.93299363699353,1.79999999999936,1.35000000000218,1.50000000000006,-105.151541691837,-8.6671728525612,1.57033388304265,-36.9922485192626,21.51735,21.5153,430359,"2023_08_31_0032","2023_08_31_0032_ev00572_rec0","no",50229
573,0,21.5701,-105.024524316054,-114.174129324107,-9.14960500805249,3.14999999999799,3.09999999999988,5.05000000000067,-105.305150264449,-5.08237698712496,10.2567325777376,-73.738155544621,21.57,21.5668,431402,"2023_08_31_0032","2023_08_31_0032_ev00573_rec0","no",50230
574,0,21.6131,-106.053160439916,-117.109353788949,-11.0561933490329,1.04999999999933,2.15000000000032,2.19999999999843,-102.204350464047,-12.833495223119,4.61873874636768,35.5638392412099,21.6112,21.6094,432262,"2023_08_31_0032","2023_08_31_0032_ev00574_rec0","no",50231
575,0,21.6834,-107.549960388781,-115.260364256755,-7.71040386797377,1.55000000000172,2.25000000000009,1.4499999999984,-102.001214762031,-13.9584061656858,2.84957444851523,119.549629280952,21.6833,21.68165,433668,"2023_08_31_0032","2023_08_31_0032_ev00575_rec0","no",50232
576,0,21.72965,-105.650246780025,-109.281318989395,-3.63107220936978,0.699999999998369,1.79999999999936,1.59999999999982,-104.181633169659,-5.31986376912425,2.47915849597279,29.4743005211508,21.7296,21.72875,434593,"2023_08_31_0032","2023_08_31_0032_ev00576_rec0","no",50233
577,0,21.78785,-103.644074725544,-112.187868181807,-8.54379345626265,0.949999999999562,2.74999999999892,3.29999999999941,-104.383441630279,-8.34737138615051,2.65352184735385,-50.0876003834442,21.7876,21.7865,435757,"2023_08_31_0032","2023_08_31_0032_ev00577_rec0","no",50234
578,0,21.81275,-105.86875379973,-110.118118989658,-4.24936518992791,0.299999999999301,0.299999999999301,1.10000000000099,-104.502056384527,-3.54322970419955,6.01543550596875,19.0190620880859,21.81275,21.81245,436255,"2023_08_31_0032","2023_08_31_0032_ev00578_rec0","no",50235
579,0,21.84385,-104.592201865875,-112.268533523335,-7.67633165746088,1.89999999999912,6.85000000000002,6.4499999999974,-101.809561671441,-9.03928072165344,13.618988964124,-44.6532900961687,21.8426,21.8405,436877,"2023_08_31_0032","2023_08_31_0032_ev00579_rec0","no",50236
580,0,21.90405,-103.480557109021,-108.236520906708,-4.75596379768758,1.69999999999959,2.40000000000151,1.89999999999912,-99.9952537816492,-6.84541060726543,7.06296796144379,49.4537973391649,21.9035,21.9015,438081,"2023_08_31_0032","2023_08_31_0032_ev00580_rec0","no",50237
581,0,21.97805,-102.388156498485,-109.558253142646,-7.17009664416013,1.85000000000102,4.20000000000087,24.9499999999969,-105.40219998777,-5.90688542312377,0.726178479493892,-114.390497836738,21.97695,21.9745,439561,"2023_08_31_0032","2023_08_31_0032_ev00581_rec0","no",50238
582,0,22.00395,-104.992782281452,-110.912490397321,-5.91970811586931,0.599999999998602,2.50000000000128,3.54999999999706,-105.719467488943,-4.07768725748043,3.4681581739634,-44.7026101076652,22.00235,22.00175,440079,"2023_08_31_0032","2023_08_31_0032_ev00582_rec0","no",50239
583,0,22.0642,-105.700663770703,-115.6176844993,-9.9170207285968,4.4000000000004,4.00000000000134,1.4499999999984,-104.212659209535,-15.0012899255651,1.35730291317937,-6.00052670206159,22.06365,22.0592,441284,"2023_08_31_0032","2023_08_31_0032_ev00583_rec0","no",50240
584,0,22.1051,-102.175649347053,-105.811387655998,-3.63573830894414,1.30000000000052,10.4000000000006,11.8500000000026,-101.201244099698,-5.01399433243937,15.3842438016886,-43.9578892530466,22.1043,22.103,442102,"2023_08_31_0032","2023_08_31_0032_ev00584_rec0","no",50241
585,0,22.14605,-103.843736595509,-108.017126770825,-4.17339017531656,0.149999999997874,6.3999999999993,5.44999999999973,-97.0234628014377,-10.3432643371977,25.7694043583012,11.1367127407402,22.14555,22.1431,442921,"2023_08_31_0032","2023_08_31_0032_ev00585_rec0","no",50242
586,0,22.17965,-102.266185383786,-108.622528889208,-6.35634350542189,0.550000000000495,0.800000000001688,0.399999999999068,-99.7912967396808,-8.25228194559431,0.735888734951602,65.8701748706068,22.1795,22.17875,443593,"2023_08_31_0032","2023_08_31_0032_ev00586_rec0","no",50243
587,0,22.2167,-103.158823381954,-108.720432207112,-5.56160882515854,1.79999999999936,30.4000000000002,24.799999999999,-69731.7303697719,69629.4201609657,594367.750290278,-30.5415389488278,22.21665,22.2146,444334,"2023_08_31_0032","2023_08_31_0032_ev00587_rec0","no",50244
588,0,22.2457,-107.325252267164,-112.242295371186,-4.91704310402173,1.59999999999982,0.350000000000961,0.449999999997175,-101.274802877024,-8.85266848429799,3.69524196919156,148.873367420466,22.2456,22.24325,444914,"2023_08_31_0032","2023_08_31_0032_ev00588_rec0","no",50245
589,0,22.3261,-101.46822179339,-106.815849082769,-5.34762728937827,4.00000000000134,1.64999999999793,0,-102.663080111311,-0.715580257545082,0.776739707534446,-53.5039083589537,22.32585,22.3216,446522,"2023_08_31_0032","2023_08_31_0032_ev00589_rec0","no",50246
590,0,22.3535,-100.650706664958,-110.163497796634,-9.512791131676,2.60000000000105,25.8499999999984,14.2000000000024,-40318.6870672529,40216.239567661,331405.563813203,-122.374322454475,22.35345,22.35085,447070,"2023_08_31_0032","2023_08_31_0032_ev00590_rec0","no",50247
591,0,22.38645,-103.68718767858,-109.778204764639,-6.09101708605859,1.95000000000078,3.90000000000157,1.40000000000029,-102.478122227542,-9.58011318291792,1.39394761093715,5.32749548020863,22.385,22.38215,447729,"2023_08_31_0032","2023_08_31_0032_ev00591_rec0","no",50248
592,0,22.4858,-102.397943517312,-127.793781210062,-25.3958376927508,0.650000000000261,2.90000000000035,3.39999999999918,-108.864991647745,-22.6952827374641,1.67277611267642,-250.472143593704,22.48545,22.4847,449716,"2023_08_31_0032","2023_08_31_0032_ev00592_rec0","no",50249
593,0,22.5623,-103.781388257139,-111.43419381544,-7.6528055583014,2.05000000000055,3.59999999999872,2.65000000000271,-105.139467718347,-5.79004962086876,1.92354179709717,-66.1931128611254,22.56155,22.559,451246,"2023_08_31_0032","2023_08_31_0032_ev00593_rec0","no",50250
594,0,22.5964,-104.400276798666,-115.557069455231,-11.1567926565653,0.549999999996942,3.40000000000273,3.69999999999848,-102.5144561476,-15.8753257480061,3.82530321188976,-10.5285032317932,22.5961,22.5955,451928,"2023_08_31_0032","2023_08_31_0032_ev00594_rec0","no",50251
595,0,22.6571,-104.80348703807,-109.490082368213,-4.68659533014259,0.499999999998835,2.64999999999915,2.05000000000055,-103.94998603158,-5.85281022948624,2.51421287188945,6.05750854995596,22.6566,22.6558,453142,"2023_08_31_0032","2023_08_31_0032_ev00595_rec0","no",50252
596,0,22.68805,-102.780566736916,-115.346381763315,-12.5658150263999,4.64999999999804,4.85000000000113,4.30000000000064,-103.271097201025,-13.1821592340489,3.73875149430155,-94.4655397483778,22.6873,22.68245,453761,"2023_08_31_0032","2023_08_31_0032_ev00596_rec0","no",50253
597,0,22.72055,-99.6335148727514,-109.814826260878,-10.1813113881269,3.65000000000038,13.8999999999996,14.5499999999998,-101.618219500574,-5.66123487050131,12.5979289195029,-182.295549490676,22.71625,22.71165,454411,"2023_08_31_0032","2023_08_31_0032_ev00597_rec0","no",50254
598,0,22.7591,-102.36763744148,-110.543274235194,-8.17563679371349,1.04999999999933,30.9999999999988,24.0000000000009,-52016.6699339731,51913.9603079155,464410.132282249,-65.7667371226617,22.7589,22.7578,455182,"2023_08_31_0032","2023_08_31_0032_ev00598_rec0","no",50255
599,0,22.78585,-104.77487355379,-110.67170352722,-5.89682997343,0.249999999997641,1.69999999999959,0.750000000000028,-101.660617779056,-6.95077355508113,2.7679190754147,67.2640014543787,22.78565,22.7829,455717,"2023_08_31_0032","2023_08_31_0032_ev00599_rec0","no",50256
600,0,22.816,-100.989951016998,-109.374549001736,-8.38459798473815,1.90000000000268,9.39999999999941,11.7499999999993,-99.539449046656,-8.54900014268588,18.6312745531359,-99.3779812082846,22.81525,22.8131,456320,"2023_08_31_0032","2023_08_31_0032_ev00600_rec0","no",50257
601,0,22.86445,-102.490160484684,-110.014553012933,-7.52439252824925,1.75000000000125,4.94999999999735,3.29999999999941,-102.627170990154,-12.7438841456466,2.10886523967511,-53.0495315387808,22.86305,22.86125,457289,"2023_08_31_0032","2023_08_31_0032_ev00601_rec0","no",50258
602,0,22.92325,-106.168167949799,-111.687400473286,-5.51923252348733,1.30000000000052,2.34999999999985,0.999999999997669,-104.232844898563,-7.49611377926027,1.57821945095442,37.162223836549,22.92265,22.9199,458465,"2023_08_31_0032","2023_08_31_0032_ev00602_rec0","no",50259
603,0,22.94745,-105.271586414317,-112.552199290898,-7.28061287658092,0.250000000001194,0.0999999999997669,0,-104.007689211969,-3.56298372294538,3.62669235230377,23.5625788842413,22.9474,22.9462,458949,"2023_08_31_0032","2023_08_31_0032_ev00603_rec0","no",50260
604,0,22.98435,-103.701997598706,-109.940189706499,-6.23819210779237,0.450000000000728,30.149999999999,29.9999999999976,-16932.7956724313,16829.5833859348,271750.296211341,-16.8975131093436,22.98355,22.983,459687,"2023_08_31_0032","2023_08_31_0032_ev00604_rec0","no",50261
605,0,23.02075,-102.292755709557,-109.514631579958,-7.22187587040007,1.10000000000099,22.6499999999987,11.3999999999983,-26266.5269662784,26162.5834300641,292284.022863129,-96.0660124946866,23.0205,23.0194,460415,"2023_08_31_0032","2023_08_31_0032_ev00605_rec0","no",50262
606,0,23.0484,-106.413334784859,-111.55699028432,-5.14365549946099,2.10000000000221,1.64999999999793,0,48449.8728446639,-48557.4395689517,280953.700161836,35.3547438889898,23.04835,23.04515,460968,"2023_08_31_0032","2023_08_31_0032_ev00606_rec0","no",50263
607,0,23.0871,-98.753637645454,-109.11162631649,-10.3579886710363,1.85000000000102,8.29999999999842,29.9999999999976,-103.773432517769,-7.47418250346285,1.7466839236902,-186.03238077085,23.08565,23.08375,461742,"2023_08_31_0032","2023_08_31_0032_ev00607_rec0","no",50264
608,0,23.1429,-104.090453041896,-110.370108394298,-6.27965535240288,1.85000000000102,1.50000000000006,0.499999999998835,-104.052543626054,-6.93723413911595,0.465476753338051,-10.3725134083027,23.1424,23.14055,462858,"2023_08_31_0032","2023_08_31_0032_ev00608_rec0","no",50265
609,0,23.196,-102.091049299828,-108.870167552199,-6.77911825237072,4.24999999999898,0.399999999999068,0.399999999999068,-103.262236940308,-1.99378169182775,1.05539954693501,-54.8787445083916,23.1958,23.1915,463920,"2023_08_31_0032","2023_08_31_0032_ev00609_rec0","no",50266
610,0,23.2357,-102.328671071486,-112.658939284448,-10.3302682129612,4.44999999999851,2.54999999999939,3.55000000000061,-99.9865070766291,-7.50272594649668,17.9435155910505,-71.0619719521454,23.23555,23.23105,464714,"2023_08_31_0032","2023_08_31_0032_ev00610_rec0","no",50267
611,0,23.27575,-102.200230013803,-110.045592712305,-7.84536269850213,2.00000000000244,2.85000000000224,2.05000000000055,-101.787138388602,-9.29529190467992,1.991015279229,-25.0380314892773,23.27375,23.27175,465515,"2023_08_31_0032","2023_08_31_0032_ev00611_rec0","no",50268
612,0,23.29485,-100.686138525495,-108.404601939424,-7.71846341392909,0.999999999997669,3.64999999999682,3.35000000000107,-101.458246669312,-8.6530495291452,2.36313426670519,-54.610006063141,23.294,23.29295,465897,"2023_08_31_0032","2023_08_31_0032_ev00612_rec0","no",50269
613,0,23.35415,-103.078297698137,-106.337944511709,-3.25964681357246,0.549999999996942,0.949999999999562,0,19238.6369972927,-19342.7806861661,113321.556381012,40.0069360112295,23.3536,23.3527,467083,"2023_08_31_0032","2023_08_31_0032_ev00613_rec0","no",50270
614,0,23.37495,-101.222165508044,-103.659586797184,-2.43742128914084,0.549999999996942,31.4500000000031,30.0000000000011,-22004.9359719259,21905.5142594914,267733.597442663,13.3216979386724,23.37415,23.3732,467499,"2023_08_31_0032","2023_08_31_0032_ev00614_rec0","no",50271
615,0,23.4134,-100.385992705217,-106.029650171743,-5.64365746652551,0.500000000002387,22.2000000000016,14.8999999999972,-42285.6266103726,42184.986238828,342914.605676826,-72.7784513480619,23.41125,23.41075,468268,"2023_08_31_0032","2023_08_31_0032_ev00615_rec0","no",50272
616,0,23.4384,-105.190194912683,-109.9811232047,-4.79092829201662,0.399999999999068,0.650000000000261,0,-101.236165416298,-4.33450111223417,9.90472905479645,76.1421361358935,23.4384,23.43745,468768,"2023_08_31_0032","2023_08_31_0032_ev00616_rec0","no",50273
617,0,23.49145,-101.599450299256,-107.211404556005,-5.61195425674929,1.40000000000029,3.69999999999848,2.90000000000035,-101.580640311932,-5.11570870580755,3.2496322342393,-23.0356924385308,23.4907,23.4892,469829,"2023_08_31_0032","2023_08_31_0032_ev00617_rec0","no",50274
618,0,23.5396,-103.488455107567,-109.484958208521,-5.99650310095384,1.10000000000099,3.15000000000154,1.70000000000314,-103.611686485314,-6.96823531610888,1.42897267954699,-22.9625738958296,23.53845,23.5371,470792,"2023_08_31_0032","2023_08_31_0032_ev00618_rec0","no",50275
619,0,23.5614,-104.746380972634,-109.38482263522,-4.63844166258563,0.350000000000961,0.750000000000028,0.949999999999562,-102.788667024336,-5.04354683631423,3.01826803209406,42.5330957093136,23.5613,23.5609,471228,"2023_08_31_0032","2023_08_31_0032_ev00619_rec0","no",50276
620,0,23.6011,-105.554281739342,-110.004110754723,-4.4498290153807,1.30000000000052,3.00000000000011,1.64999999999793,-103.688409370688,-8.74419962113583,1.81403248240601,37.8787865858101,23.60085,23.59925,472022,"2023_08_31_0032","2023_08_31_0032_ev00620_rec0","no",50277
621,0,23.62165,-104.641472604518,-109.701258981908,-5.05978637738994,2.05000000000055,31.0499999999969,27.0499999999991,-47563.7095763439,47460.8574642089,350904.676107511,-15.7556557065886,23.6214,23.61925,472433,"2023_08_31_0032","2023_08_31_0032_ev00621_rec0","no",50278
622,0,23.64415,-106.102840627732,-115.12314832573,-9.0203076979976,1.20000000000076,1.99999999999889,1.90000000000268,-102.735464496387,-12.8181934446907,2.93119752904707,56.1491951837385,23.6441,23.64255,472883,"2023_08_31_0032","2023_08_31_0032_ev00622_rec0","no",50279
623,0,23.66715,-102.095921573601,-107.167429779628,-5.07150820602655,1.4499999999984,24.3500000000019,16.1499999999997,-19306.577016362,19204.7392356352,145485.557429387,-65.2825740431505,23.6644,23.66255,473343,"2023_08_31_0032","2023_08_31_0032_ev00623_rec0","no",50280
624,0,23.7075,-107.218607297805,-111.99699599438,-4.77838869657472,0.900000000001455,0.900000000001455,0.799999999998136,-101.773111194132,-8.51860043383175,4.76768745445654,121.010566553475,23.7075,23.70635,474150,"2023_08_31_0032","2023_08_31_0032_ev00624_rec0","no",50281
625,0,23.7392,-105.724513773098,-109.387011310171,-3.66249753707358,0.350000000000961,1.45000000000195,0.700000000001921,-102.530380147329,-9.21878873328107,0.965545139127736,81.4209320899803,23.73725,23.73605,474784,"2023_08_31_0032","2023_08_31_0032_ev00625_rec0","no",50282
626,0,23.7759,-102.477082988721,-107.935959596804,-5.45887660808268,0.849999999999795,2.15000000000032,1.65000000000148,-100.510331990825,-5.92897049533809,4.21633053855857,30.3353228758626,23.7755,23.77465,475518,"2023_08_31_0032","2023_08_31_0032_ev00626_rec0","no",50283
627,0,23.81605,-103.434054797518,-108.345043523295,-4.91098872577663,0.10000000000332,33.1499999999991,21.3500000000018,-53735.2944328791,53632.5417160193,458137.801011996,-44.5432693004929,23.8127,23.8091,476321,"2023_08_31_0032","2023_08_31_0032_ev00627_rec0","no",50284
628,0,23.84655,-105.931319267264,-109.432301095169,-3.50098182790403,0.350000000000961,2.25000000000009,1.45000000000195,-101.324930150445,-8.73693711249386,3.74063768657901,101.779234727397,23.8457,23.84535,476931,"2023_08_31_0032","2023_08_31_0032_ev00628_rec0","no",50285
629,0,23.91455,-103.054594058915,-115.705329455195,-12.6507353962802,2.25000000000009,5.15000000000043,3.65000000000038,-105.344927245614,-9.13332793796604,2.72626713864904,-122.172719483524,23.91365,23.9103,478291,"2023_08_31_0032","2023_08_31_0032_ev00629_rec0","no",50286
630,0,23.94425,-105.224003547299,-108.67196210849,-3.44795856119114,0.550000000000495,1.20000000000076,0.750000000000028,-103.015459051044,-7.85563519337008,0.907061284233532,55.0903873665598,23.94365,23.9431,478885,"2023_08_31_0032","2023_08_31_0032_ev00630_rec0","no",50287
631,0,23.97475,-102.74727006731,-110.597386534744,-7.85011646743389,1.99999999999889,32,30.0000000000011,-17153.1511059179,17050.798732982,165121.512307627,-48.2846758439007,23.97425,23.9721,479495,"2023_08_31_0032","2023_08_31_0032_ev00631_rec0","no",50288
632,0,24.0145,-103.87133639986,-112.257570424276,-8.38623402441634,1.34999999999863,3.29999999999941,2.94999999999845,-106.687043533419,-4.86743256614004,1.03862072405053,-104.396895408794,24.01425,24.01155,480290,"2023_08_31_0032","2023_08_31_0032_ev00632_rec0","no",50289
633,0,24.0348,-105.37259282725,-110.003861639391,-4.63126881214107,1.10000000000099,2.60000000000105,2.40000000000151,-104.670783449773,-3.86378540152996,5.07957176011639,-2.65031731052486,24.0343,24.0331,480696,"2023_08_31_0032","2023_08_31_0032_ev00633_rec0","no",50290
634,0,24.0609,-104.737149969246,-110.699912856931,-5.96276288768522,0.399999999999068,1.04999999999933,0.750000000000028,-102.886060289039,-6.09832184054664,1.88443603097729,38.0777483831412,24.06085,24.0588,481218,"2023_08_31_0032","2023_08_31_0032_ev00634_rec0","no",50291
635,0,24.08555,-100.784833639559,-108.834061816509,-8.04922817694992,3.59999999999872,28.7500000000023,14.0999999999991,-28448.2283855083,28345.5539720343,366937.937910532,-106.907753177348,24.08535,24.08135,481711,"2023_08_31_0032","2023_08_31_0032_ev00635_rec0","no",50292
636,0,24.1233,-103.754787280632,-109.147872156679,-5.3930848760469,0.149999999997874,0.750000000000028,1.85000000000102,-96.6462692968602,-9.72751306377091,27.6916395990214,33.1226223054852,24.1231,24.1223,482466,"2023_08_31_0032","2023_08_31_0032_ev00636_rec0","no",50293
637,0,24.24375,-103.990597295856,-108.746319732875,-4.75572243701905,3.79999999999825,3.79999999999825,0.650000000000261,-103.46831305837,-6.28411396248983,0.664228585892072,-3.98384176859289,24.2437,24.23985,484875,"2023_08_31_0032","2023_08_31_0032_ev00637_rec0","no",50294
638,0,24.26495,-104.620744882271,-110.370409324214,-5.74966444194327,1.10000000000099,31.0499999999969,29.9999999999976,-7008.01830018388,6904.21204699074,379628.875471246,13.123451849937,24.2645,24.26325,485299,"2023_08_31_0032","2023_08_31_0032_ev00638_rec0","no",50295
639,0,24.29435,-103.583911703515,-109.297913597926,-5.71400189441165,1.69999999999959,1.20000000000076,1.00000000000122,-102.372369353647,-5.93858759700368,1.71867831939881,20.9796233606847,24.29435,24.2925,485887,"2023_08_31_0032","2023_08_31_0032_ev00639_rec0","no",50296
640,0,24.315,-102.284648243593,-105.915889278444,-3.63124103485023,0.199999999999534,30.7500000000012,30.0000000000011,-35781.9891909624,35681.4654635399,395539.851877735,8.15336965683261,24.31395,24.3137,486300,"2023_08_31_0032","2023_08_31_0032_ev00640_rec0","no",50297
641,0,24.3541,-104.77064408383,-108.881415858234,-4.11077177440391,0.200000000003087,0.199999999999534,0,-99.8078850103501,-6.44124802792971,18.6331373412576,52.0168624446937,24.354,24.35375,487082,"2023_08_31_0032","2023_08_31_0032_ev00641_rec0","no",50298
642,0,24.40195,-102.448734536008,-107.083263763727,-4.63452922771921,0.699999999998369,3.29999999999941,3.34999999999752,-102.482185195531,-8.30452762925385,2.08618175279237,-21.7887219791871,24.4019,24.4012,488039,"2023_08_31_0032","2023_08_31_0032_ev00642_rec0","no",50299
643,0,24.4392,-105.028662969385,-108.499743958638,-3.47108098925324,1.20000000000076,1.60000000000338,0.299999999999301,-100.941385087934,-5.81365313407425,3.70996182226495,97.9065372143439,24.43905,24.43675,488784,"2023_08_31_0032","2023_08_31_0032_ev00643_rec0","no",50300
644,0,24.4701,-101.390359814002,-108.477297522188,-7.08693770818556,1.00000000000122,30.7499999999976,0,-104.275816535978,0.153932190451619,78.8484205485552,-91.0193063995379,24.46835,24.4673,489402,"2023_08_31_0032","2023_08_31_0032_ev00644_rec0","no",50301
645,0,24.49065,-103.413822155695,-109.840950456175,-6.42712830048049,2.05000000000055,2.40000000000151,1.79999999999936,-102.211583461306,-6.50082201584379,3.04974671283235,5.05957827249986,24.4901,24.488,489813,"2023_08_31_0032","2023_08_31_0032_ev00645_rec0","no",50302
646,0,24.5351,-102.154842492964,-111.198838389851,-9.04399589688643,0.949999999999562,1.35000000000218,1.35000000000218,-102.906683494954,-9.51276563855476,1.04199007165559,-37.9375602483242,24.5349,24.5339,490702,"2023_08_31_0032","2023_08_31_0032_ev00646_rec0","no",50303
647,0,24.5603,-103.326768104465,-107.389467932436,-4.0626998279709,2.30000000000175,16.3499999999992,13.4000000000007,-90352.1887446787,90252.657496953,228564.920807758,-77.6019771306754,24.55945,24.5571,491206,"2023_08_31_0032","2023_08_31_0032_ev00647_rec0","no",50304
648,0,24.5831,-101.599243705539,-115.542549365886,-13.9433056603468,3.55000000000061,5.90000000000046,6.1499999999981,-103.168403312394,-15.7864540365469,4.15309162156625,-142.914829440018,24.58225,24.57865,491662,"2023_08_31_0032","2023_08_31_0032_ev00648_rec0","no",50305
649,0,24.60795,-106.083149901048,-109.630013594802,-3.54686369375423,0.300000000002854,1.15000000000265,0,23527.8981242174,-23633.4133022879,193220.329893956,69.3529275844337,24.60765,24.6064,492159,"2023_08_31_0032","2023_08_31_0032_ev00649_rec0","no",50306
650,0,24.69235,-102.094861179608,-106.397051762067,-4.30219058245946,4.79999999999947,30.7500000000012,30.0000000000011,-102.634411267088,0.193866383944276,84.6489661673245,-26.7084701529695,24.692,24.68705,493847,"2023_08_31_0032","2023_08_31_0032_ev00650_rec0","no",50307
651,0,24.7448,-104.534627010251,-111.006879062042,-6.47225205179056,0.199999999999534,1.54999999999816,1.4499999999984,-103.472927695604,-9.31884323916055,1.47033835336147,15.6682828862995,24.7445,24.74425,494896,"2023_08_31_0032","2023_08_31_0032_ev00651_rec0","no",50308
652,0,24.7636,-105.661918870643,-107.939017807652,-2.2770989370082,0.0999999999997669,0.299999999999301,0,34430.1162969131,-34534.537046347,157598.129488364,135.232935193969,24.76335,24.7632,495272,"2023_08_31_0032","2023_08_31_0032_ev00652_rec0","no",50309
653,0,24.89335,-102.477466338022,-110.360616983821,-7.88315064579929,3.65000000000038,33.5500000000017,18.0499999999988,-52505.1719049374,52401.0299965561,755382.181636128,-104.622520887838,24.89315,24.88915,497867,"2023_08_31_0032","2023_08_31_0032_ev00653_rec0","no",50310
654,0,24.92125,-104.946885725254,-110.784194970048,-5.83730924479393,3.04999999999822,3.99999999999778,2.40000000000151,-100.569685430346,-9.92140039190996,5.77875248188437,62.1782868407004,24.92115,24.9181,498425,"2023_08_31_0032","2023_08_31_0032_ev00654_rec0","no",50311
655,1,25.0059,-100.155304605978,-108.766290048637,-8.61098544265853,3.44999999999729,12.4999999999993,14.9499999999989,-83.3070050435495,-23.2506519481722,100.48449141304,-126.184363729418,25.0051,25.0009,118,"2023_08_31_0032","2023_08_31_0032_ev00655_rec1","no",50312
656,1,25.1113,-100.947804791705,-108.806680155049,-7.85887536334415,1.94999999999723,1.94999999999723,1.85000000000102,-101.92573902204,-7.2404972210226,1.40124412725472,-51.9870151933387,25.11115,25.10845,2226,"2023_08_31_0032","2023_08_31_0032_ev00656_rec1","no",50313
657,1,25.18155,-103.284347643944,-109.328817311828,-6.04446966788399,0.349999999997408,1.24999999999886,1.1499999999991,-102.352357501785,-7.06444482410322,1.40558568264164,15.3409788544114,25.18125,25.18085,3631,"2023_08_31_0032","2023_08_31_0032_ev00657_rec1","no",50314
658,1,25.21145,-101.478996958885,-105.573461642507,-4.09446468362212,0.699999999998369,1.24999999999886,1.25000000000242,-102.895389764986,-4.69328626755561,0.322045523310084,-46.2289266502885,25.21135,25.21065,4229,"2023_08_31_0032","2023_08_31_0032_ev00658_rec1","no",50315
659,1,25.2397,-101.39788205472,-113.512876545966,-12.1149944912456,2.34999999999985,7.85000000000124,9.80000000000203,-98.3452966160961,-13.2472517219703,17.3627727478858,-116.926877191549,25.2396,25.23615,4794,"2023_08_31_0032","2023_08_31_0032_ev00659_rec1","no",50316
660,1,25.2812,-100.796446057543,-110.977202121325,-10.1807560637821,3.15000000000154,6.55000000000072,4.6500000000016,-100.794395062819,-11.296791867846,4.22766636608317,-77.0897770969335,25.2802,25.27635,5624,"2023_08_31_0032","2023_08_31_0032_ev00660_rec1","no",50317
661,1,25.33085,-99.425693316196,-107.76159933138,-8.33590601518392,4.45000000000206,28.0499999999968,13.9999999999993,-90027.8005566276,89927.0092806043,731975.35321246,-118.959653173423,25.3302,25.3255,6617,"2023_08_31_0032","2023_08_31_0032_ev00661_rec1","no",50318
662,1,25.35905,-102.032487725571,-109.609106429065,-7.57661870349445,1.1999999999972,9.6500000000006,10.1000000000013,-102.947158258584,-5.7461351985283,9.08974807269612,-100.052779085573,25.35645,25.3543,7181,"2023_08_31_0032","2023_08_31_0032_ev00662_rec1","no",50319
663,1,25.41475,-104.345331635526,-111.032859534019,-6.68752789849376,0.499999999998835,4.1000000000011,5.5499999999995,-102.49832063396,-7.69077162509927,9.63284397816724,-17.4153494176838,25.4147,25.4141,8295,"2023_08_31_0032","2023_08_31_0032_ev00663_rec1","no",50320
664,1,25.44925,-104.296823932012,-111.677557756503,-7.38073382449092,1.89999999999912,3.09999999999988,1.10000000000099,-103.743208137453,-6.31363847581316,1.65908699722148,-7.32300646431683,25.448,25.44575,8985,"2023_08_31_0032","2023_08_31_0032_ev00664_rec1","no",50321
665,1,25.47335,-106.620903291476,-108.826610573799,-2.20570728232292,0.450000000000728,1.1499999999991,0.499999999998835,-102.257781075373,-6.32633765744863,2.54212233004784,113.521460633635,25.47335,25.4725,9467,"2023_08_31_0032","2023_08_31_0032_ev00665_rec1","no",50322
666,1,25.5266,-103.815178752761,-111.55071002042,-7.735531267659,0.750000000000028,2.29999999999819,2.65000000000271,-102.963917399321,-8.1150140989849,3.39137318627926,-5.86505166064732,25.52645,25.52555,10532,"2023_08_31_0032","2023_08_31_0032_ev00666_rec1","no",50323
667,1,25.56375,-102.405222139066,-110.086017916018,-7.68079577695234,1.00000000000122,1.34999999999863,4.3500000000023,-98.5279481541514,-7.8451447508331,28.1528725187076,-34.584260739813,25.5635,25.5625,11275,"2023_08_31_0032","2023_08_31_0032_ev00667_rec1","no",50324
668,1,25.5795,-103.954093087986,-107.315423322238,-3.36133023425285,0.350000000000961,30.3000000000004,30.0000000000011,-7975.14161933007,7872.97184506787,660246.83694947,47.2158747021221,25.5795,25.57915,11590,"2023_08_31_0032","2023_08_31_0032_ev00668_rec1","no",50325
669,1,25.61045,-104.335456544349,-109.002290795743,-4.66683425139333,1.79999999999936,2.80000000000058,2.09999999999866,-103.21638791171,-6.5819549155701,2.48123410364955,11.0966209570037,25.61005,25.60825,12209,"2023_08_31_0032","2023_08_31_0032_ev00669_rec1","no",50326
670,1,25.63255,-103.743445663324,-107.929247791739,-4.18580212841528,0.700000000001921,1.00000000000122,0.950000000003115,-103.220839816425,-5.33620366426206,1.01594925592652,5.44440237079697,25.6319,25.63035,12651,"2023_08_31_0032","2023_08_31_0032_ev00670_rec1","no",50327
671,1,25.6958,-100.996484393555,-110.598015668318,-9.60153127476337,5.60000000000116,6.24999999999787,7.00000000000145,-103.559491925356,-5.76959659774767,3.96542550786514,-135.818543866758,25.6953,25.68965,13916,"2023_08_31_0032","2023_08_31_0032_ev00671_rec1","no",50328
672,1,25.7119,-105.606767679649,-108.687559074291,-3.08079139464192,0.949999999999562,0.899999999997902,0.599999999998602,-102.961463622728,-4.418411169948,3.76445391093706,61.1065754059051,25.71185,25.7109,14238,"2023_08_31_0032","2023_08_31_0032_ev00672_rec1","no",50329
673,1,25.7318,-103.303910574455,-108.740073887273,-5.43616331281817,0.699999999998369,2.60000000000105,2.40000000000151,-99.4901947067175,-9.74774279046144,4.65229620912793,66.3058752284221,25.73165,25.73095,14636,"2023_08_31_0032","2023_08_31_0032_ev00673_rec1","no",50330
674,1,25.77685,-101.515992723446,-106.943643342012,-5.42765061856662,0.199999999999534,0.399999999999068,0,76101.8590508603,-76205.092341858,871168.097847296,-14.1488900201078,25.77655,25.77635,15537,"2023_08_31_0032","2023_08_31_0032_ev00674_rec1","no",50331
675,1,25.7899,-101.080193861467,-105.664297464632,-4.58410360316458,0.249999999997641,5.29999999999831,5.10000000000232,-93.3277258980811,-12.8141483949843,16.6975334710575,48.0094229905554,25.7888,25.78855,15798,"2023_08_31_0032","2023_08_31_0032_ev00675_rec1","no",50332
676,1,25.8401,-104.024149507188,-106.599730103891,-2.57558059670305,1.1499999999991,1.34999999999863,0.550000000000495,-99.6090286122082,-8.63721985530767,1.14703104418422,123.0408255416,25.8399,25.83875,16802,"2023_08_31_0032","2023_08_31_0032_ev00676_rec1","no",50333
677,1,25.8721,-99.8230170990918,-109.036186583043,-9.21316948395113,3.09999999999988,5.2500000000002,9.69999999999871,-103.181506522121,-6.91290935671212,1.96817717516708,-132.724716616836,25.87205,25.86795,17442,"2023_08_31_0032","2023_08_31_0032_ev00677_rec1","no",50334
678,1,25.89175,-104.976705732761,-107.547744171314,-2.57103843855316,0.150000000001427,30.8500000000009,30.0000000000011,-90668.5593148348,90568.4284074059,487667.475513397,58.1925637574805,25.89045,25.8902,17835,"2023_08_31_0032","2023_08_31_0032_ev00678_rec1","no",50335
679,1,25.92205,-98.8598287194931,-112.020782641735,-13.1609539222419,6.15000000000165,6.85000000000002,3.15000000000154,-103.679243906509,-9.45662697751015,0.604551595568831,-220.53290514137,25.92,25.91385,18441,"2023_08_31_0032","2023_08_31_0032_ev00679_rec1","no",50336
680,1,25.97655,-100.034466073193,-106.282993625575,-6.2485275523815,3.65000000000038,23.1500000000011,11.45,-32350.7210683409,32249.4023025653,359487.286583314,-93.2326502687766,25.97635,25.97245,19531,"2023_08_31_0032","2023_08_31_0032_ev00680_rec1","no",50337
681,1,26.0072,-105.826349364164,-111.372624997741,-5.54627563357742,1.4499999999984,1.00000000000122,0,18418.6880091081,-18523.776866946,291848.779105169,47.4739062570202,26.00715,26.00545,20144,"2023_08_31_0032","2023_08_31_0032_ev00681_rec1","no",50338
682,1,26.0287,-104.915989776111,-109.904504520083,-4.98851474397246,0.800000000001688,1.75000000000125,1.64999999999793,-99.5715297848573,-12.082694692713,3.2009616703243,119.323546874527,26.0285,26.0277,20574,"2023_08_31_0032","2023_08_31_0032_ev00682_rec1","no",50339
683,1,26.07955,-101.144736665624,-110.112571786782,-8.96783512115854,1.15000000000265,3.8000000000018,5.8499999999988,-100.185033348755,-7.84625464453314,9.62078122016313,-47.9806981093448,26.07955,26.0784,21591,"2023_08_31_0032","2023_08_31_0032_ev00683_rec1","no",50340
684,1,26.1405,-104.630307065133,-107.426862421325,-2.79655535619237,0.450000000000728,30.899999999999,30.0000000000011,-105.765410777427,5.60601820203413,40.3621956427217,82.8278400590683,26.1405,26.13935,22810,"2023_08_31_0032","2023_08_31_0032_ev00684_rec1","no",50341
685,1,26.15905,-99.270786808341,-109.028800742577,-9.75801393423646,3.55000000000061,3.75000000000014,5.09999999999877,-99.2032430294877,-6.27355461851732,9.55124864713638,-77.6960253984923,26.15885,26.15455,23181,"2023_08_31_0032","2023_08_31_0032_ev00685_rec1","no",50342
686,1,26.2383,-101.928424861499,-107.977430270995,-6.04900540949583,2.59999999999749,4.90000000000279,3.60000000000227,-101.277098808089,-7.36650281494534,3.84098765811648,-20.1796929893602,26.2382,26.23505,24766,"2023_08_31_0032","2023_08_31_0032_ev00686_rec1","no",50343
687,1,26.26365,-100.292576184715,-110.902757579973,-10.6101813952577,0.999999999997669,3.89999999999802,7.44999999999862,-99.1165815807791,-8.0498070379486,16.3841722827508,-82.1316500823659,26.26345,26.26245,25273,"2023_08_31_0032","2023_08_31_0032_ev00687_rec1","no",50344
688,1,26.3393,-106.936646917477,-109.736957214055,-2.80031029657812,0.550000000000495,0.250000000001194,0,-103.879916426214,-1.61359241457683,1.40796131016386,88.4095234635495,26.33915,26.33815,26786,"2023_08_31_0032","2023_08_31_0032_ev00688_rec1","no",50345
689,1,26.35755,-100.911659637413,-107.674308359468,-6.76264872205461,1.90000000000268,6.55000000000072,7.69999999999982,-101.376429686131,-5.1039245709286,8.40421222824945,-64.4861050441163,26.3575,26.3555,27151,"2023_08_31_0032","2023_08_31_0032_ev00689_rec1","no",50346
690,1,26.3921,-102.960612562041,-110.660809198642,-7.70019663660078,0.849999999999795,1.20000000000076,1.35000000000218,-101.738444431407,-6.20923360629882,3.19209801766387,12.5377320047983,26.39195,26.39045,27842,"2023_08_31_0032","2023_08_31_0032_ev00690_rec1","no",50347
691,1,26.4101,-99.3880488292938,-106.433921378787,-7.04587254949335,3.35000000000107,35.0500000000018,12.0000000000005,-103.877098018914,2.82533923146586,29.5790062709224,-106.0007309536,26.40795,26.40425,28202,"2023_08_31_0032","2023_08_31_0032_ev00691_rec1","no",50348
692,1,26.44955,-98.6363308613889,-108.380377082917,-9.74404622152854,5.40000000000163,11.9000000000007,30.0000000000011,-103.255561542365,-5.51837635850365,2.35726427875236,-192.302356714193,26.44885,26.44345,28991,"2023_08_31_0032","2023_08_31_0032_ev00692_rec1","no",50349
693,1,26.46435,-104.336920029471,-106.649851023703,-2.31293099423192,0.150000000001427,1.20000000000076,0.900000000001455,-101.988323575748,-4.79604221146975,2.1983095262891,59.0456292763565,26.46405,26.4638,29287,"2023_08_31_0032","2023_08_31_0032_ev00693_rec1","no",50350
694,1,26.47665,-104.259240688795,-109.249637593182,-4.99039690438757,0.250000000001194,0.550000000000495,0.450000000000728,-101.866284325145,-6.06489816573836,1.20701066708064,63.1767678166664,26.4765,26.47625,29533,"2023_08_31_0032","2023_08_31_0032_ev00694_rec1","no",50351
695,1,26.5266,-104.872932642084,-118.777466583958,-13.904533941874,1.04999999999933,3.8000000000018,3.5000000000025,-102.911713132126,-20.8403192054432,3.23050069668937,-21.6697600056436,26.5262,26.52515,30532,"2023_08_31_0032","2023_08_31_0032_ev00695_rec1","no",50352
696,1,26.5555,-103.648348913729,-107.385327846268,-3.73697893253897,0.0999999999997669,1.24999999999886,0,-95.2157288961669,-9.25376859824874,15.9473229103519,123.132205335229,26.55255,26.55245,31110,"2023_08_31_0032","2023_08_31_0032_ev00696_rec1","no",50353
697,1,26.6699,-97.2431411964236,-108.466847697908,-11.2237065014847,1.99999999999889,1.45000000000195,0,-49437.2493583595,49333.7480339167,499644.17732967,-245.451997191938,26.66985,26.66765,33398,"2023_08_31_0032","2023_08_31_0032_ev00697_rec1","no",50354
698,1,26.69965,-101.958829310002,-114.30524418935,-12.3464148793475,4.14999999999921,6.90000000000168,5.49999999999784,-101.059475049243,-11.0788726537308,7.76584243240819,-94.7687855842278,26.69895,26.694,33993,"2023_08_31_0032","2023_08_31_0032_ev00698_rec1","no",50355
699,1,26.74155,-101.778882205875,-104.696659005101,-2.91777679922551,0.0999999999997669,0.299999999999301,0,-99.8478010852311,-1.78876336217773,3.60509926644306,50.5970273050315,26.7413,26.74105,34831,"2023_08_31_0032","2023_08_31_0032_ev00699_rec1","no",50356
700,1,26.8009,-101.160589108839,-110.193235971989,-9.03264686315004,2.05000000000055,4.1000000000011,1.35000000000218,-99.9970306978925,-8.31546253564192,2.24351844833787,-4.02475553846231,26.79915,26.7971,36018,"2023_08_31_0032","2023_08_31_0032_ev00700_rec1","no",50357
701,1,26.85175,-103.325468155622,-105.466914188625,-2.14144603300286,1.09999999999744,2.05000000000055,1.59999999999982,-101.989764807639,-6.03768965401625,1.54194265500819,28.6078587958914,26.85175,26.8499,37035,"2023_08_31_0032","2023_08_31_0032_ev00701_rec1","no",50358
702,1,26.88095,-99.8297425601552,-106.979382222872,-7.14963966271671,2.20000000000198,5.39999999999807,30.0000000000011,-102.793032573684,-4.50986472139492,1.71935751883132,-107.660406827312,26.8805,26.87805,37619,"2023_08_31_0032","2023_08_31_0032_ev00702_rec1","no",50359
703,1,26.90935,-102.042929491362,-108.376451143445,-6.3335216520824,0.750000000000028,3.09999999999988,0.949999999999562,-100.712020719495,-7.06795263867023,1.48926270116844,14.7659584725439,26.90735,26.90585,38187,"2023_08_31_0032","2023_08_31_0032_ev00703_rec1","no",50360
704,1,26.92215,-99.993650941315,-104.989320383569,-4.99566944225442,0.350000000000961,1.50000000000006,1.50000000000006,-100.309863212147,-5.77507617930979,1.14407440765612,-20.2499715187802,26.92135,26.9208,38443,"2023_08_31_0032","2023_08_31_0032_ev00704_rec1","no",50361
705,1,26.98255,-106.976356011162,-112.26373869402,-5.28738268285809,0.750000000000028,1.1499999999991,0.399999999999068,-103.469174248377,-5.91333686088722,5.26764791705225,72.8037984292598,26.98255,26.98075,39651,"2023_08_31_0032","2023_08_31_0032_ev00705_rec1","no",50362
706,1,27.01345,-103.75690264593,-109.093192683927,-5.33629003799645,0.199999999999534,0.900000000001455,1.00000000000122,-100.328875299188,-6.68448355842294,4.59707304169714,68.483460661512,27.0125,27.01205,40269,"2023_08_31_0032","2023_08_31_0032_ev00706_rec1","no",50363
707,1,27.04665,-99.7533651578239,-107.64957899432,-7.89621383649639,1.75000000000125,20.5500000000001,11.099999999999,-26624.7273277297,26523.5968519953,190850.653057866,-119.683945737707,27.04585,27.04405,40933,"2023_08_31_0032","2023_08_31_0032_ev00707_rec1","no",50364
708,1,27.0669,-100.346955591324,-108.015918570951,-7.66896297962758,1.30000000000052,7.75000000000148,9.79999999999848,-100.710940542854,-6.60114577873448,9.99270114204492,-88.8073354561648,27.06635,27.06365,41338,"2023_08_31_0032","2023_08_31_0032_ev00708_rec1","no",50365
709,1,27.11845,-106.483440973811,-109.491638153869,-3.00819718005746,0.650000000000261,0.849999999999795,0,4264.59112698128,-4369.29879878918,44301.5265603775,95.6771409884113,27.11795,27.1173,42369,"2023_08_31_0032","2023_08_31_0032_ev00709_rec1","no",50366
710,1,27.1499,-103.725971949546,-109.381377293552,-5.6554053440054,0.249999999997641,1.00000000000122,0.750000000000028,-102.52943667912,-8.10190245879162,0.834316231222985,26.2694612463129,27.1496,27.14915,42998,"2023_08_31_0032","2023_08_31_0032_ev00710_rec1","no",50367
711,1,27.2075,-103.300343124201,-112.315447780809,-9.0151046566084,1.40000000000029,31.7500000000024,30.0000000000011,-26401.9466527318,26298.2103150038,318714.632853636,-65.1488029669276,27.2061,27.20445,44150,"2023_08_31_0032","2023_08_31_0032_ev00711_rec1","no",50368
712,1,27.22925,-101.554709249561,-109.314110587792,-7.75940133823049,1.1499999999991,8.00000000000267,8.25000000000031,-102.967085988736,-7.03322950455715,5.24559908619877,-97.1693450234089,27.22755,27.2263,44585,"2023_08_31_0032","2023_08_31_0032_ev00712_rec1","no",50369
713,1,27.2537,-103.175131891383,-108.719273872968,-5.5441419815849,0.0999999999997669,30.3000000000004,30.0000000000011,-28526.5213792404,28424.6130671036,375801.189863139,2.51417658235335,27.25345,27.2533,45074,"2023_08_31_0032","2023_08_31_0032_ev00713_rec1","no",50370
714,1,27.33145,-105.466176161251,-107.828637517503,-2.36246135625242,1.4499999999984,0.399999999999068,0,-98.9569874108659,-6.68931213995244,25.684898656314,72.5685149133155,27.3311,27.32945,46629,"2023_08_31_0032","2023_08_31_0032_ev00714_rec1","no",50371
715,1,27.38545,-104.856469614931,-111.711705091259,-6.85523547632734,0.999999999997669,1.65000000000148,4.45000000000206,106752.753585066,-106861.352928359,392677.772726624,6.13063489070738,27.38525,27.3841,47709,"2023_08_31_0032","2023_08_31_0032_ev00715_rec1","no",50372
716,1,27.48475,-104.935470728016,-110.713863611022,-5.77839288300595,1.34999999999863,26.2999999999991,20.9999999999972,-32496.9187429972,32393.2741931972,198401.307407395,-41.7626934019012,27.48445,27.4831,49695,"2023_08_31_0032","2023_08_31_0032_ev00716_rec1","no",50373
717,1,27.5094,-106.955692750372,-113.846378959271,-6.89068620889859,1.10000000000099,3.24999999999775,1.40000000000029,-102.193202898231,-10.2112293303149,4.26545418707561,92.7204585994107,27.5074,27.50555,50188,"2023_08_31_0032","2023_08_31_0032_ev00717_rec1","no",50374
718,1,27.54205,-105.904140756075,-108.721190294901,-2.81704953882523,0.949999999999562,30.9999999999988,30.0000000000011,-106.774454105971,2.44593996243004,56.1204456794548,29.4661332650484,27.54085,27.53925,50841,"2023_08_31_0032","2023_08_31_0032_ev00718_rec1","no",50375
719,1,27.55855,-104.888068015329,-107.013229780066,-2.12516176473662,1.00000000000122,5.29999999999831,4.89999999999924,-103.332915237199,-6.27315038041696,4.98240314561584,12.6078898468512,27.55825,27.55705,51171,"2023_08_31_0032","2023_08_31_0032_ev00719_rec1","no",50376
720,1,27.61165,-106.603378925124,-114.209706122152,-7.60632719702754,2.05000000000055,30.6500000000014,30.0000000000011,-29812.1740593943,29707.5487917138,252698.990964822,-1.15703557733438,27.6116,27.6088,52233,"2023_08_31_0032","2023_08_31_0032_ev00720_rec1","no",50377
721,1,27.6379,-105.111385812067,-110.627972997646,-5.51658718557948,0.749999999996476,2.60000000000105,1.80000000000291,-103.395425684711,-9.37023726103595,1.95606697292584,26.7717721632107,27.6379,27.63615,52758,"2023_08_31_0032","2023_08_31_0032_ev00721_rec1","no",50378
722,1,27.68315,-103.151127046662,-106.196762430656,-3.04563538399391,2.09999999999866,22.1499999999999,16.9999999999995,-94067.4012374874,93964.9668349163,866403.85058907,-34.2916900516272,27.6831,27.6806,53663,"2023_08_31_0032","2023_08_31_0032_ev00722_rec1","no",50379
723,1,27.7118,-106.178128507967,-110.86449705798,-4.68636855001265,0.750000000000028,1.20000000000076,0.849999999999795,-104.672013463341,-5.55192094847027,1.54020975257428,34.4999973585929,27.7118,27.71095,54236,"2023_08_31_0032","2023_08_31_0032_ev00723_rec1","no",50380
724,1,27.7957,-104.220012503254,-112.562207638667,-8.34219513541345,6.45000000000095,5.64999999999927,3.59999999999872,-102.244011909377,-11.3479574935434,4.47837078845571,-28.2698668552595,27.79525,27.7877,55914,"2023_08_31_0032","2023_08_31_0032_ev00724_rec1","no",50381
725,1,27.83775,-104.832793640047,-109.103787896919,-4.27099425687192,0.499999999998835,0.550000000000495,0.750000000000028,-101.996554436305,-5.61554714625171,3.16868320888879,66.1910437682658,27.83765,27.83705,56755,"2023_08_31_0032","2023_08_31_0032_ev00725_rec1","no",50382
726,1,27.86395,-101.717347934197,-107.757001880391,-6.03965394619422,2.80000000000058,4.74999999999781,5.95000000000212,-103.897842698519,-4.54623096958803,1.34316509171398,-83.8595011661051,27.8637,27.86075,57279,"2023_08_31_0032","2023_08_31_0032_ev00726_rec1","no",50383
727,1,27.88565,-102.440342036699,-112.488436788676,-10.048094751977,2.34999999999985,3.60000000000227,2.94999999999845,-103.387870753164,-8.00715500230886,2.80053703655567,-64.9275629841676,27.8856,27.88295,57713,"2023_08_31_0032","2023_08_31_0032_ev00727_rec1","no",50384
728,1,28.0269,-98.715678831273,-109.674389837314,-10.9587110060407,3.99999999999778,6.65000000000049,29.9999999999976,-103.014270578381,-8.11780852917061,1.80079197245639,-177.612103503382,28.0264,28.0221,60538,"2023_08_31_0032","2023_08_31_0032_ev00728_rec1","no",50385
729,1,28.0535,-103.964594103119,-108.962193314946,-4.9975992118266,1.10000000000099,0.699999999998369,0,-95.5723945365622,-9.70665279450438,27.3755029423523,70.758022298812,28.0532,28.0521,61070,"2023_08_31_0032","2023_08_31_0032_ev00729_rec1","no",50386
730,1,28.12165,-106.130141650735,-109.265303062392,-3.13516141165641,0.949999999999562,0.949999999999562,0.800000000001688,-102.794805845134,-5.04311491560958,7.08184526927009,62.4533383094269,28.1216,28.1206,62433,"2023_08_31_0032","2023_08_31_0032_ev00730_rec1","no",50387
731,1,28.169,-102.230202225825,-106.90218265491,-4.67198042908507,0.299999999999301,1.10000000000099,0.949999999999562,-99.6478073753656,-6.28213715282317,2.56061257273295,59.203118698267,28.1687,28.1684,63380,"2023_08_31_0032","2023_08_31_0032_ev00731_rec1","no",50388
732,1,28.20085,-100.007406889622,-103.511083442212,-3.50367655258998,2.34999999999985,34.6499999999992,30.0000000000011,-101.783117157476,-2.37263225147788,8.05797825215259,-91.4947324422217,28.19815,28.1951,64017,"2023_08_31_0032","2023_08_31_0032_ev00732_rec1","no",50389
733,1,28.2587,-100.440836724641,-117.157041323989,-16.716204599348,6.19999999999976,5.05000000000067,3.39999999999918,-103.353786861996,-10.7926568515825,2.84284799194107,-170.821687862778,28.25855,28.252,65174,"2023_08_31_0032","2023_08_31_0032_ev00733_rec1","no",50390
734,1,28.29375,-107.152727252024,-110.270356726982,-3.11762947495794,0.10000000000332,1.55000000000172,0.949999999999562,-101.621887169134,-9.73501845845499,2.52450682120862,139.382243732621,28.2934,28.29205,65875,"2023_08_31_0032","2023_08_31_0032_ev00734_rec1","no",50391
735,1,28.3138,-100.651458188641,-105.546441771196,-4.89498358255454,0.550000000000495,30.4000000000002,22.1499999999999,-15819.4150103763,15718.1701486922,285852.394446337,-44.7447356250242,28.3138,28.31325,66276,"2023_08_31_0032","2023_08_31_0032_ev00735_rec1","no",50392
736,1,28.3363,-100.833713069476,-106.744231367474,-5.91051829799777,1.00000000000122,2.85000000000224,4.99999999999901,-102.964021491907,-3.66425210709176,1.19593255634844,-74.1067464575125,28.33605,28.33465,66726,"2023_08_31_0032","2023_08_31_0032_ev00736_rec1","no",50393
737,1,28.35845,-103.271074901486,-108.011528378848,-4.74045347736234,0.250000000001194,30.2499999999988,29.9999999999976,-3957.12495083969,3854.68416248971,179093.107087277,14.2549156871362,28.35835,28.3581,67169,"2023_08_31_0032","2023_08_31_0032_ev00737_rec1","no",50394
738,1,28.39355,-100.184750415453,-108.748764688531,-8.56401427307731,0.750000000000028,2.60000000000105,3.79999999999825,-99.9880244535509,-6.51564229496242,5.78074763590904,-37.2417995876905,28.3932,28.3924,67871,"2023_08_31_0032","2023_08_31_0032_ev00738_rec1","no",50395
739,1,28.49815,-103.471512444605,-107.28270326301,-3.811190818405,0.40000000000262,30.3000000000004,30.0000000000011,-34773.3396812429,34672.1615512787,474478.63567821,34.8034236144503,28.4981,28.4977,69963,"2023_08_31_0032","2023_08_31_0032_ev00739_rec1","no",50396
740,1,28.5244,-101.117887798282,-106.461490012031,-5.34360221374946,2.54999999999939,1.50000000000006,0,64795.7062720532,-64898.7157935839,322302.119382133,7.93176323905909,28.52045,28.51705,70488,"2023_08_31_0032","2023_08_31_0032_ev00740_rec1","no",50397
741,1,28.58705,-95.0738936289609,-106.862378441046,-11.7884848120847,4.75000000000136,7.20000000000098,6.04999999999833,-97.3296472265872,-8.5510099911511,4.30209513991169,-154.160386461366,28.58615,28.5811,71741,"2023_08_31_0032","2023_08_31_0032_ev00741_rec1","no",50398
742,1,28.61895,-96.6420564262395,-106.464005023989,-9.82194859774974,0.249999999997641,7.10000000000122,9.04999999999845,-98.1513093015909,-8.74368698242442,6.40255685429463,-112.081717820829,28.6177,28.6174,72379,"2023_08_31_0032","2023_08_31_0032_ev00742_rec1","no",50399
743,1,28.6747,-103.503618818701,-106.623270923386,-3.11965210468536,0.0499999999981071,0.250000000001194,0,16553.0916113923,-16654.701614715,274558.367804948,83.3556006922603,28.6745,28.67445,73494,"2023_08_31_0032","2023_08_31_0032_ev00743_rec1","no",50400
744,1,28.69355,-101.494478924853,-105.357448702378,-3.86296977752446,0.0999999999997669,0.849999999999795,0.950000000003115,-99.4219289317922,-4.83630535638436,2.98680353075703,46.459482394549,28.6933,28.6932,73871,"2023_08_31_0032","2023_08_31_0032_ev00744_rec1","no",50401
745,1,28.7159,-100.370491172615,-104.526664753641,-4.15617358102539,0.299999999999301,0.350000000000961,0.650000000000261,-98.5697856857578,-4.15154628446803,2.98456953586054,41.074224512126,28.71585,28.71555,74318,"2023_08_31_0032","2023_08_31_0032_ev00745_rec1","no",50402
746,1,28.7543,-98.9128647975184,-107.939837546001,-9.02697274848225,1.85000000000102,2.15000000000032,2.34999999999985,-99.9500565385043,-7.8483388996323,1.92051629894891,-55.4838268164889,28.7541,28.75205,75086,"2023_08_31_0032","2023_08_31_0032_ev00746_rec1","no",50403
747,1,28.82545,-100.749208532555,-105.28635157986,-4.53714304730465,1.00000000000122,2.74999999999892,1.75000000000125,-99.8861335290517,-7.3309335873073,1.6447159322745,-0.375619115666169,28.82345,28.8195,76509,"2023_08_31_0032","2023_08_31_0032_ev00747_rec1","no",50404
748,1,28.8668,-101.807699037089,-110.594642577881,-8.78694354079178,3.19999999999965,6.45000000000095,2.49999999999773,-100.809306303066,-8.03211499726092,3.96322517134273,-60.4136941364812,28.86155,28.85805,77336,"2023_08_31_0032","2023_08_31_0032_ev00748_rec1","no",50405
749,1,28.9352,-101.737661841181,-106.982417389528,-5.24475554834716,0.650000000000261,2.64999999999915,2.40000000000151,-97.9160212387431,-10.102167146345,4.26096720593653,66.0272507939581,28.93435,28.9334,78704,"2023_08_31_0032","2023_08_31_0032_ev00749_rec1","no",50406
750,1,29.01495,-102.441241094887,-106.023462271981,-3.58222117709393,1.00000000000122,29.0999999999997,17.4500000000002,-28051.4470425825,27948.4500598104,634479.469362026,-43.6922301236132,29.0134,29.01175,80299,"2023_08_31_0032","2023_08_31_0032_ev00750_rec1","no",50407
751,1,29.03495,-103.670784487903,-105.738518438937,-2.06773395103384,0.750000000000028,4.20000000000087,3.90000000000157,-102.224361720757,-4.42012705196853,5.61355430357496,17.0016832594574,29.03465,29.03385,80699,"2023_08_31_0032","2023_08_31_0032_ev00751_rec1","no",50408
752,1,29.0835,-101.707282480782,-108.102548781303,-6.3952663005213,0.249999999997641,1.09999999999744,1.99999999999889,-98.6572095164786,-6.98436961720321,7.89296413056899,36.6177312216046,29.08345,29.0832,81670,"2023_08_31_0032","2023_08_31_0032_ev00752_rec1","no",50409
753,1,29.1507,-102.959615489636,-108.76273263195,-5.80311714231443,0.0999999999997669,2.74999999999892,4.74999999999781,-97.7300612566796,-9.01854135970309,23.5582903609912,1.98257561907272,29.15045,29.1503,83014,"2023_08_31_0032","2023_08_31_0032_ev00753_rec1","no",50410
754,1,29.19265,-95.3850540891383,-107.826673361099,-12.4416192719603,3.59999999999872,32.350000000001,29.9999999999976,42679.9118746841,-42785.1716315935,334930.408478125,-282.860991403024,29.19125,29.18735,83853,"2023_08_31_0032","2023_08_31_0032_ev00754_rec1","no",50411
755,1,29.21305,-103.591012760371,-110.646557922617,-7.05554516224521,0.299999999999301,0.399999999999068,0.350000000000961,-100.829447444037,-6.21839795642071,2.28306437165732,65.9699018825212,29.2128,29.2125,84261,"2023_08_31_0032","2023_08_31_0032_ev00755_rec1","no",50412
756,1,29.3078,-102.730456227097,-106.867122453722,-4.13666622662495,0.949999999999562,2.90000000000035,2.15000000000032,-101.828976269081,-4.81389216214237,3.11625728067943,8.14941849136755,29.3076,29.3049,86156,"2023_08_31_0032","2023_08_31_0032_ev00756_rec1","no",50413
757,1,29.37785,-103.861132325594,-110.329952381306,-6.46882005571133,0.849999999999795,0.750000000000028,1.20000000000076,-101.081631944059,-6.54435735404901,5.10514870600017,43.8289174678255,29.3773,29.3759,87557,"2023_08_31_0032","2023_08_31_0032_ev00757_rec1","no",50414
758,1,29.4256,-101.103628894016,-115.676823890176,-14.5731949961598,3.74999999999659,6.29999999999953,5.74999999999903,-105.189197700783,-10.4232359228552,2.77254788102252,-191.90375108902,29.42515,29.42065,88512,"2023_08_31_0032","2023_08_31_0032_ev00758_rec1","no",50415
759,1,29.47575,-102.523754359666,-112.725886801651,-10.2021324419846,1.05000000000288,4.59999999999994,3.34999999999752,-101.566795256893,-10.8849344846091,4.03622115473663,-31.8365032390229,29.47435,29.4733,89515,"2023_08_31_0032","2023_08_31_0032_ev00759_rec1","no",50416
760,1,29.5083,-98.8330445217561,-102.032979898,-3.19993537624367,0.849999999999795,7.89999999999935,3.44999999999729,-25028.8888792131,24929.6015519785,117602.522665588,-139.963650777951,29.50075,29.4997,90166,"2023_08_31_0032","2023_08_31_0032_ev00760_rec1","no",50417
761,1,29.5474,-104.618574166022,-110.451276460654,-5.83270229463237,2.20000000000198,4.04999999999944,5.05000000000067,-103.424306038057,-5.31698349743538,10.8968106322678,-29.2364629224567,29.54705,29.5448,90948,"2023_08_31_0032","2023_08_31_0032_ev00761_rec1","no",50418
762,1,29.57085,-102.903606530722,-105.319558802078,-2.41595227135596,0.399999999999068,1.75000000000125,1.99999999999889,-101.920046237436,-3.14318309937538,3.88455969696757,15.8563297820536,29.57085,29.5704,91417,"2023_08_31_0032","2023_08_31_0032_ev00762_rec1","no",50419
763,1,29.6062,-100.803410490324,-110.707895859914,-9.9044853695905,2.049999999997,4.09999999999755,29.9999999999976,-104.470503088255,-4.60795366312583,1.28524692167508,-135.692527692173,29.60495,29.6029,92124,"2023_08_31_0032","2023_08_31_0032_ev00763_rec1","no",50420
764,1,29.6345,-105.083192793226,-108.064667775629,-2.98147498240303,0.450000000000728,0.299999999999301,0,-98.9944883056114,-6.7509018623622,17.9825340781593,82.5784670670635,29.63425,29.63365,92690,"2023_08_31_0032","2023_08_31_0032_ev00764_rec1","no",50421
765,1,29.69025,-103.487701711108,-109.268301981773,-5.78060027066505,1.4499999999984,3.75000000000014,2.30000000000175,-104.594019680423,-4.65517700773534,1.52780578809436,-53.5780935619057,29.68865,29.6864,93805,"2023_08_31_0032","2023_08_31_0032_ev00765_rec1","no",50422
766,1,29.72265,-104.879468577651,-110.379043353469,-5.49957477581857,0.549999999996942,0.499999999998835,0,-103.088971500457,-3.42291582652464,2.65897035192139,42.1944305724198,29.72245,29.72185,94453,"2023_08_31_0032","2023_08_31_0032_ev00766_rec1","no",50423
767,1,29.7479,-104.820715116798,-109.070345240053,-4.24963012325462,1.24999999999886,1.50000000000006,0.249999999997641,-102.770599143399,-4.05657892736221,2.06797822689752,50.9433503367559,29.74785,29.74615,94958,"2023_08_31_0032","2023_08_31_0032_ev00767_rec1","no",50424
768,1,29.7735,-100.742468514112,-108.068748043596,-7.32627952948403,2.94999999999845,30.6499999999978,29.9999999999976,-12723.6312827835,12623.0106803747,295819.315995858,-31.4885589894284,29.77295,29.76965,95470,"2023_08_31_0032","2023_08_31_0032_ev00768_rec1","no",50425
769,1,29.81185,-101.358063084654,-113.899878035102,-12.5418149504486,3.39999999999918,0.949999999999562,6.04999999999833,-93.7484256426116,-13.8849873901086,48.4513619468891,-105.911832311169,29.8118,29.80835,96237,"2023_08_31_0032","2023_08_31_0032_ev00769_rec1","no",50426
770,1,29.85425,-103.000306683093,-110.543008579904,-7.54270189681154,1.80000000000291,3.29999999999941,2.50000000000128,-102.800353831274,-8.24088592007367,2.46283571365323,-25.2233294444094,29.8542,29.8522,97085,"2023_08_31_0032","2023_08_31_0032_ev00770_rec1","no",50427
771,1,29.8744,-106.220933059638,-109.896700535513,-3.67576747587489,0.0999999999997669,0.299999999999301,0,-99.839108524158,-6.11408728959876,5.74572253478058,155.321364952534,29.87415,29.87405,97488,"2023_08_31_0032","2023_08_31_0032_ev00771_rec1","no",50428
772,1,29.8905,-102.170336608479,-104.63809263492,-2.4677560264409,0.999999999997669,0.750000000000028,0,-99.2225939790342,-0.947975589196869,0.867830614965748,84.6288931808258,29.8905,29.8895,97810,"2023_08_31_0032","2023_08_31_0032_ev00772_rec1","no",50429
773,1,29.941,-105.823197552085,-113.416715058001,-7.59351750591628,1.10000000000099,0.349999999997408,0.600000000002154,-101.549768133414,-7.95306218619655,4.97163601864701,77.0503611405804,29.9403,29.93585,98820,"2023_08_31_0032","2023_08_31_0032_ev00773_rec1","no",50430
774,1,29.9817,-104.491457276673,-111.14251338857,-6.65105611189728,1.89999999999912,6.35000000000119,2.09999999999866,-103.90101956773,-8.84610542336691,1.96806708099881,-22.3135270461181,29.979,29.9751,99634,"2023_08_31_0032","2023_08_31_0032_ev00774_rec1","no",50431
775,1,30.00675,-102.573648617011,-109.011679354847,-6.43803073783573,0.599999999998602,4.4000000000004,5.80000000000069,-102.960742945592,-6.08950651658515,5.19115609600807,-47.6968226701068,30.0064,30.0057,100135,"2023_08_31_0032","2023_08_31_0032_ev00775_rec1","no",50432
776,1,30.0534,-105.4252544894,-109.813333881679,-4.38807939227864,0.40000000000262,2.39999999999796,2.25000000000009,-102.942960797433,-7.93717715304741,3.42274939351173,42.7633166774997,30.05205,30.0514,101068,"2023_08_31_0032","2023_08_31_0032_ev00776_rec1","no",50433
777,1,30.0997,-103.994101661236,-108.095935322492,-4.10183366125615,0.150000000001427,30.3000000000004,29.9999999999976,-18700.9713050567,18600.0152156846,413447.307142438,69.1809260437046,30.09945,30.0991,101994,"2023_08_31_0032","2023_08_31_0032_ev00777_rec1","no",50434
778,1,30.16675,-106.855322207034,-110.92006934428,-4.06474713724639,0.399999999999068,30.6500000000014,30.0000000000011,-9221.78731886245,9115.55381884329,356632.829757125,4.91899146725404,30.16645,30.16605,103335,"2023_08_31_0032","2023_08_31_0032_ev00778_rec1","no",50435
779,1,30.1952,-106.956579295332,-110.56546406283,-3.60888476749832,0.350000000000961,0.150000000001427,0,11521.7304736118,-11628.7656810433,253613.28934662,17.481996945359,30.1952,30.19485,103904,"2023_08_31_0032","2023_08_31_0032_ev00779_rec1","no",50436
780,1,30.21375,-108.149027284827,-115.363724216247,-7.21469693141981,1.1999999999972,1.80000000000291,0.900000000001455,-103.205046596945,-11.8331751341255,2.06029077741309,115.874400401999,30.21305,30.2118,104275,"2023_08_31_0032","2023_08_31_0032_ev00780_rec1","no",50437
781,1,30.25485,-101.41363113333,-108.448720595433,-7.03508946210241,2.09999999999866,4.50000000000017,2.39999999999796,-101.008859460198,-8.31706750110219,2.36307667895351,-24.8330049081908,30.2532,30.2506,105097,"2023_08_31_0032","2023_08_31_0032_ev00781_rec1","no",50438
782,1,30.27375,-100.730415904566,-106.186304952695,-5.45588904812874,0.599999999998602,30.4000000000002,30.0000000000011,-21137.6761096835,21036.4736952928,457768.512375519,-37.2326029992767,30.2736,30.27295,105475,"2023_08_31_0032","2023_08_31_0032_ev00782_rec1","no",50439
783,1,30.45555,-101.719799460868,-111.350861781451,-9.63106232058293,2.94999999999845,3.35000000000107,2.00000000000244,-99.6445150885661,-7.68038236147494,6.44401187038742,-2.82974133875891,30.45535,30.45225,109111,"2023_08_31_0032","2023_08_31_0032_ev00783_rec1","no",50440
784,1,30.48965,-103.291207015224,-107.267610218555,-3.97640320333076,3.14999999999799,3.94999999999968,0.349999999997408,-100.128386034619,-5.97483664386026,1.47449070988234,75.5467775878811,30.48935,30.48535,109793,"2023_08_31_0032","2023_08_31_0032_ev00784_rec1","no",50441
785,1,30.5592,-105.080072193269,-109.522004817422,-4.44193262415349,2.25000000000009,1.50000000000006,1.30000000000052,-101.489871599662,-10.6539208562215,1.8286058004682,79.5971813936984,30.55905,30.55525,111184,"2023_08_31_0032","2023_08_31_0032_ev00785_rec1","no",50442
786,1,30.58935,-101.052473847351,-110.107852789146,-9.05537894179506,3.00000000000011,1.15000000000265,0.550000000000495,-99.5121580065831,-7.72178502114625,1.1814815507053,24.8006450107261,30.5893,30.5863,111787,"2023_08_31_0032","2023_08_31_0032_ev00786_rec1","no",50443
787,1,30.62305,-100.178467252349,-109.747150901423,-9.56868364907476,1.34999999999863,30.8500000000009,19.4500000000026,-58681.0894195536,58579.0896629708,663392.893234473,-103.077174632347,30.62285,30.62035,112461,"2023_08_31_0032","2023_08_31_0032_ev00787_rec1","no",50444
788,1,30.65495,-103.431938046051,-106.094110098745,-2.66217205269362,0.0500000000016598,25.6000000000007,23.3500000000006,-37290.1429517688,37189.8412512975,210875.306254625,13.4140779859113,30.6547,30.6546,113099,"2023_08_31_0032","2023_08_31_0032_ev00788_rec1","no",50445
789,1,30.6895,-104.121112643566,-112.92608977304,-8.80497712947344,1.34999999999863,1.85000000000102,2.45000000000317,-98.7754025044131,-12.7197965379445,6.28102700956222,76.0967861731593,30.68945,30.68775,113790,"2023_08_31_0032","2023_08_31_0032_ev00789_rec1","no",50446
790,1,30.7302,-98.1233819657041,-102.735446466979,-4.61206450127459,0.500000000002387,15.4999999999994,8.44999999999985,-59761.4000207528,59662.3334907505,661730.816409086,-70.5397349304124,30.73005,30.72955,114604,"2023_08_31_0032","2023_08_31_0032_ev00790_rec1","no",50447
791,1,30.79395,-104.06812371329,-112.038877019606,-7.97075330631621,1.20000000000076,8.84999999999891,8.35000000000008,-97.3884062812334,-15.6500487958683,17.2097494248502,-37.0696169964352,30.7923,30.7908,115879,"2023_08_31_0032","2023_08_31_0032_ev00791_rec1","no",50448
792,1,30.8509,-101.696971883694,-105.014278914302,-3.31730703060794,0.149999999997874,1.10000000000099,1.00000000000122,-99.191234025597,-6.26065047849791,1.95715170153069,61.848612498826,30.85065,30.8505,117018,"2023_08_31_0032","2023_08_31_0032_ev00792_rec1","no",50449
793,1,30.89665,-101.835160962673,-105.559022414545,-3.72386145187208,0.550000000000495,0.849999999999795,0.550000000000495,-99.1965376291611,-5.43863408102326,1.80058744712296,68.2490068793319,30.89665,30.8961,117933,"2023_08_31_0032","2023_08_31_0032_ev00793_rec1","no",50450
794,1,30.9284,-100.308430605873,-105.82794356137,-5.51951295549767,0.199999999999534,0.250000000001194,0.199999999999534,-98.286220863266,-4.52237478666792,1.67472570945206,51.6891548056603,30.92825,30.92805,118568,"2023_08_31_0032","2023_08_31_0032_ev00794_rec1","no",50451
795,1,30.9787,-98.5878418398806,-104.882492424793,-6.2946505849127,1.24999999999886,3.15000000000154,3.25000000000131,-98.1897855323104,-5.57974561826125,4.55737909196709,-24.6729920623079,30.9773,30.9758,119574,"2023_08_31_0032","2023_08_31_0032_ev00795_rec1","no",50452
796,1,31.0053,-96.2544589313659,-99.2777829876392,-3.02332405627335,1.70000000000314,10.9999999999992,7.64999999999816,-21356.513569867,21260.60349791,111334.052719745,-86.7642349157939,31.0039,31.0021,120106,"2023_08_31_0032","2023_08_31_0032_ev00796_rec1","no",50453
797,1,31.04135,-99.9630854148062,-105.264058395914,-5.30097298110756,0.299999999999301,4.50000000000017,3.49999999999895,-101.143451425721,-4.95315494610699,1.89286572670863,-55.7138324849611,31.03905,31.0387,120827,"2023_08_31_0032","2023_08_31_0032_ev00797_rec1","no",50454
798,1,31.05295,-100.146310908474,-106.503175840755,-6.35686493228131,1.20000000000076,1.04999999999933,1.59999999999982,-98.7898148585214,-4.18415762706667,13.2789604863455,-15.1477572626875,31.0527,31.0515,121059,"2023_08_31_0032","2023_08_31_0032_ev00798_rec1","no",50455
799,1,31.09125,-100.14118899846,-102.288599347794,-2.14741034933421,0.0499999999981071,2.44999999999962,2.15000000000032,-97.0082056786429,-7.65974562183741,3.24963218729952,67.1017390808496,31.09055,31.0905,121825,"2023_08_31_0032","2023_08_31_0032_ev00799_rec1","no",50456
800,1,31.14305,-101.274970478415,-107.447153322024,-6.17218284360874,0.899999999997902,2.15000000000032,1.40000000000029,-100.005860285199,-9.02390479372152,1.51140991533208,19.1925462025737,31.14255,31.14145,122861,"2023_08_31_0032","2023_08_31_0032_ev00800_rec1","no",50457
801,1,31.1678,-100.440643929441,-104.999029560604,-4.55838563116268,1.30000000000052,2.54999999999939,3.35000000000107,-100.424933623355,-3.93287257152986,4.00254707425868,-20.7393545052557,31.16755,31.16575,123356,"2023_08_31_0032","2023_08_31_0032_ev00801_rec1","no",50458
802,1,31.19895,-100.642264263014,-104.883947198597,-4.2416829355836,0.550000000000495,2.25000000000009,1.55000000000172,-100.172502135962,-4.03826884135394,2.29510117574492,-0.390177371834023,31.1982,31.197,123979,"2023_08_31_0032","2023_08_31_0032_ev00802_rec1","no",50459
803,1,31.22375,-98.7899705018826,-104.498169618609,-5.70819911672594,1.40000000000029,4.00000000000134,30.0000000000011,-101.039881881839,-2.92781791096588,1.86368381881765,-79.0145150851847,31.22365,31.22225,124475,"2023_08_31_0032","2023_08_31_0032_ev00803_rec1","no",50460
804,1,31.25375,-102.150342042722,-105.527454809047,-3.37711276632454,0.499999999998835,0.750000000000028,0.199999999999534,-101.846326796548,-4.78096069693416,0.193306058284003,7.47894841475298,31.25375,31.253,125075,"2023_08_31_0032","2023_08_31_0032_ev00804_rec1","no",50461
805,1,31.3127,-100.630155090151,-103.547469713957,-2.91731462380548,0.200000000003087,1.4499999999984,1.30000000000052,-99.579919686707,-4.12229011422588,1.99605675026286,20.8499268565105,31.3119,31.3117,126254,"2023_08_31_0032","2023_08_31_0032_ev00805_rec1","no",50462
806,1,31.3337,-100.284793415493,-106.686875235737,-6.40208182024415,0.450000000000728,30.3000000000004,30.0000000000011,-84158.3101662017,84061.3355785153,484248.67111492,13.0551037104778,31.3319,31.3311,126674,"2023_08_31_0032","2023_08_31_0032_ev00806_rec1","no",50463
807,1,31.3612,-100.030021117193,-107.258284385193,-7.22826326799922,2.64999999999915,1.40000000000029,0.900000000001455,7714.00253389303,-7816.84576330169,50590.5762929463,-24.0749151341433,31.361,31.35825,127224,"2023_08_31_0032","2023_08_31_0032_ev00807_rec1","no",50464
808,1,31.37815,-96.5367363095054,-103.393793954157,-6.85705764465115,2.09999999999866,6.45000000000095,29.9999999999976,-99.3506521420988,-3.63829050307894,3.45919219009334,-107.263750717876,31.3781,31.37595,127563,"2023_08_31_0032","2023_08_31_0032_ev00808_rec1","no",50465
809,1,31.44145,-102.946257360419,-107.703523196277,-4.75726583585741,0.550000000000495,2.09999999999866,1.55000000000172,-96.1038897006583,-9.46656277232081,16.1080498247431,72.6447028104185,31.44115,31.4396,128829,"2023_08_31_0032","2023_08_31_0032_ev00809_rec1","no",50466
810,1,31.53155,-101.581127764963,-109.48639208818,-7.90526432321671,1.50000000000006,2.54999999999939,2.00000000000244,-98.6113986313778,-9.26016282340653,4.40971597262443,39.5686466932692,31.53135,31.5296,130631,"2023_08_31_0032","2023_08_31_0032_ev00810_rec1","no",50467
811,1,31.57985,-99.3037088784639,-105.752906382728,-6.44919750426382,0.350000000000961,0.0999999999997669,0.599999999998602,-97.6990159083811,-4.17852816141493,13.0957287243847,-2.15550154588187,31.5798,31.57945,131597,"2023_08_31_0032","2023_08_31_0032_ev00811_rec1","no",50468
812,1,31.593,-99.3760447071382,-105.060511352716,-5.68446664557784,0.600000000002154,1.05000000000288,0.599999999998602,-98.3142047380893,-8.35749168591254,0.623565707863494,23.725961581853,31.59285,31.5922,131860,"2023_08_31_0032","2023_08_31_0032_ev00812_rec1","no",50469
813,1,31.6267,-98.7638719887372,-103.949488980337,-5.18561699160001,1.04999999999933,4.1000000000011,4.55000000000183,-99.7181914184748,-6.23573348267191,2.42946333273356,-48.9029778175183,31.62635,31.62485,132534,"2023_08_31_0032","2023_08_31_0032_ev00813_rec1","no",50470
814,1,31.66285,-101.842698277732,-107.425482726401,-5.58278444866866,1.00000000000122,4.4000000000004,2.19999999999843,-97.5964654755438,-7.40581138461077,13.7137697729043,27.7323279412422,31.66035,31.65905,133257,"2023_08_31_0032","2023_08_31_0032_ev00814_rec1","no",50471
815,1,31.71135,-100.204330200334,-106.067843095198,-5.86351289486323,1.65000000000148,3.45000000000084,2.40000000000151,-100.430062134837,-6.81135040553529,1.90095266586542,-33.4511542923038,31.71045,31.70815,134227,"2023_08_31_0032","2023_08_31_0032_ev00815_rec1","no",50472
816,1,31.733,-100.993465370181,-105.679678231352,-4.68621286117107,0.399999999999068,1.34999999999863,1.40000000000029,-98.5946367806056,-6.61711194744677,3.02173419865944,50.3751958346878,31.733,31.73255,134660,"2023_08_31_0032","2023_08_31_0032_ev00816_rec1","no",50473
817,1,31.77905,-97.8989613486284,-106.783833247077,-8.88487189844872,1.4499999999984,2.95000000000201,29.7499999999999,-101.531709990664,-5.85570851101672,0.908164609389803,-134.273573510728,31.77595,31.7745,135581,"2023_08_31_0032","2023_08_31_0032_ev00817_rec1","no",50474
818,1,31.82865,-103.185525524042,-108.724051509674,-5.53852598563118,0.650000000000261,0.349999999997408,0,-101.63289010312,-2.54693063591388,3.0866867198349,36.9754680220775,31.8286,31.8279,136573,"2023_08_31_0032","2023_08_31_0032_ev00818_rec1","no",50475
819,1,31.8772,-99.4404458024361,-107.808210195698,-8.36776439326202,1.89999999999912,5.09999999999877,7.95000000000101,-102.193466890218,-4.81949058579568,3.01137966233946,-105.33645683312,31.87715,31.8752,137544,"2023_08_31_0032","2023_08_31_0032_ev00819_rec1","no",50476
820,1,31.8995,-98.0220369678284,-106.14277591492,-8.12073894709209,0.450000000000728,16.8500000000016,21.1000000000006,78980.0762248619,-79085.6133643209,370372.450729412,-135.045543610178,31.89905,31.89855,137990,"2023_08_31_0032","2023_08_31_0032_ev00820_rec1","no",50477
821,1,31.95235,-97.5857958089884,-102.071202807453,-4.48540699846505,1.79999999999936,30.7500000000012,30.0000000000011,-10425.4187177248,10328.1458787364,183673.49855781,-20.8650927476202,31.9521,31.94985,139047,"2023_08_31_0032","2023_08_31_0032_ev00821_rec1","no",50478
822,1,31.98595,-97.92087090537,-102.446866877343,-4.52599597197351,0.299999999995748,12.9500000000036,7.6000000000036,-103.089419598408,4.6045224875863,27.5837764788753,-73.2706896114102,31.98595,31.98515,139719,"2023_08_31_0032","2023_08_31_0032_ev00822_rec1","no",50479
823,1,32.02105,-98.2640002474241,-107.066800403655,-8.80280015623117,1.4499999999984,9.69999999999516,13.4499999999989,-90.0074215989295,-15.4632463613736,45.6444549000321,-100.961879804209,32.021,32.0193,140421,"2023_08_31_0032","2023_08_31_0032_ev00823_rec1","no",50480
824,1,32.10165,-97.0799773971794,-105.997968118918,-8.91799072173889,2.45000000000317,2.65000000000271,4.34999999999519,-97.6820273732024,-5.79076971321085,5.70986118061124,-62.3558624737902,32.10155,32.09885,142033,"2023_08_31_0032","2023_08_31_0032_ev00824_rec1","no",50481
825,1,32.155,-95.0178608177935,-105.011054667415,-9.99319384962145,8.04999999999723,2.80000000000058,0,-101.302527184104,1.03733931524749,6.9553670278141,-240.220471465442,32.15435,32.1463,143100,"2023_08_31_0032","2023_08_31_0032_ev00825_rec1","no",50482
826,1,32.1702,-98.9780820600526,-106.813800921338,-7.83571886128523,1.35000000000218,6.3999999999993,5.60000000000116,-97.0737780067944,-9.19191869946865,8.61570139766472,-34.1372493158455,32.169,32.16765,143404,"2023_08_31_0032","2023_08_31_0032_ev00826_rec1","no",50483
827,1,32.23965,-103.789113984054,-110.852194085462,-7.06308010140796,1.59999999999627,1.99999999999534,1.39999999999674,-100.750516368719,-9.28986027929062,2.8613855371414,57.7172537586497,32.23955,32.2372,144793,"2023_08_31_0032","2023_08_31_0032_ev00827_rec1","no",50484
828,1,32.26255,-102.821590059354,-108.0076116217,-5.18602156234631,0.950000000003115,1.10000000000099,0.749999999996476,-100.04119366956,-10.5033700603131,0.934257915049575,69.9245769699816,32.2624,32.2608,145251,"2023_08_31_0032","2023_08_31_0032_ev00828_rec1","no",50485
829,1,32.31055,-101.874153293029,-105.54044199318,-3.66628870015025,1.20000000000431,1.60000000000338,0,-96.7595991297524,-5.81470549953341,15.9685797997479,71.8722399824317,32.30945,32.3078,146211,"2023_08_31_0032","2023_08_31_0032_ev00829_rec1","no",50486
830,1,32.34955,-96.6345411341982,-106.97954270052,-10.3450015663222,2.69999999999726,24.4,5.35000000000707,-46078.0890255347,45978.0587523603,569096.099329387,-158.239079819349,32.34895,32.3462,146991,"2023_08_31_0032","2023_08_31_0032_ev00830_rec1","no",50487
831,1,32.3793,-99.9708626970668,-106.771175786322,-6.80031308925474,1.69999999999959,2.34999999999985,2.34999999999275,-97.97648803276,-5.82710187902251,9.22651088528674,-20.3505819642456,32.3754,32.37135,147586,"2023_08_31_0032","2023_08_31_0032_ev00831_rec1","no",50488
832,1,32.41165,-100.290207400425,-107.86678115137,-7.57657375094493,1.74999999999415,1.84999999999746,4.20000000000442,-98.1975767749281,-6.67961064658845,13.5101681160243,-21.6114887550774,32.4116,32.40945,148233,"2023_08_31_0032","2023_08_31_0032_ev00832_rec1","no",50489
833,1,32.4439,-100.204579797147,-108.577947678021,-8.37336788087423,2.29999999999819,2.20000000000198,0,-99.2115576072955,-2.80292295323918,1.96990311807286,16.525723034847,32.44385,32.4415,148878,"2023_08_31_0032","2023_08_31_0032_ev00833_rec1","no",50490
834,1,32.46115,-98.7775259250601,-104.716535197117,-5.93900927205655,1.4499999999984,3.09999999999633,2.45000000000317,-97.3148468834679,-5.5590142788497,5.84855070308651,4.30557101491776,32.46065,32.45915,149223,"2023_08_31_0032","2023_08_31_0032_ev00834_rec1","no",50491
835,1,32.5386,-102.549151636661,-107.738355581434,-5.1892039447729,1.55000000000172,2.09999999999866,0.950000000003115,-100.173228589378,-8.39808398834253,1.39986278777806,53.3059215281123,32.538,32.5364,150772,"2023_08_31_0032","2023_08_31_0032_ev00835_rec1","no",50492
836,1,32.56565,-100.75582647652,-104.782569932117,-4.02674345559754,0.300000000002854,30.2000000000007,30.0000000000011,-50005.1409379791,49906.2910806661,552192.169048365,15.7543311204458,32.5656,32.56525,151313,"2023_08_31_0032","2023_08_31_0032_ev00836_rec1","no",50493
837,1,32.5984,-101.31747553024,-104.682613671073,-3.36513814083312,1.10000000000099,30.5500000000052,30.0000000000011,-105.252588211547,5.40892529195908,44.4190312169547,-2.19334845429222,32.5984,32.5973,151968,"2023_08_31_0032","2023_08_31_0032_ev00837_rec1","no",50494
838,1,32.6203,-99.8446191485549,-111.066339026323,-11.2217198777686,1.89999999999912,2.89999999999679,2.19999999999487,-97.8015062718251,-14.1401536609526,2.63981759968925,2.58565503962851,32.6193,32.6173,152406,"2023_08_31_0032","2023_08_31_0032_ev00838_rec1","no",50495
839,1,32.64825,-100.589936222684,-104.385897093214,-3.79596087053015,0.199999999999534,0.500000000002387,0,2600.20973484636,-2700.15041478869,209765.428923011,22.316352040537,32.6479,32.64685,152965,"2023_08_31_0032","2023_08_31_0032_ev00839_rec1","no",50496
840,1,32.6671,-99.2509702309779,-105.672928162358,-6.42195793138043,1.20000000000431,2.84999999999513,2.44999999999607,-97.9381155105497,-8.06749281793971,3.11907794538782,9.31573561774952,32.6669,32.6656,153342,"2023_08_31_0032","2023_08_31_0032_ev00840_rec1","no",50497
841,1,32.69825,-98.1446618463029,-109.17842026425,-11.033758417947,1.69999999999959,3.54999999999706,3.25000000000131,-99.579668802433,-12.1129817895476,2.1505634588183,-84.4738545502006,32.69765,32.6958,153965,"2023_08_31_0032","2023_08_31_0032_ev00841_rec1","no",50498
842,1,32.7412,-99.7304134644015,-102.062558948811,-2.33214548440935,0.900000000001455,0.450000000000728,0,8265.46920564982,-8365.12835727015,349442.658508819,11.1272236388895,32.74115,32.7401,154824,"2023_08_31_0032","2023_08_31_0032_ev00842_rec1","no",50499
843,1,32.80705,-98.6052097588265,-105.578086970443,-6.97287721161605,1.39999999999674,3.35000000000463,3.94999999999612,-99.0703926753837,-7.66964226144683,3.08181098372434,-45.4673650800452,32.80675,32.8053,156141,"2023_08_31_0032","2023_08_31_0032_ev00843_rec1","no",50500
844,1,32.8464,-98.0841285727857,-103.711425471945,-5.62729689915896,1.64999999999793,26.6500000000036,11.9000000000042,-7248.29264490887,7148.84373167566,118578.068331569,-86.4238740745362,32.84405,32.8424,156928,"2023_08_31_0032","2023_08_31_0032_ev00844_rec1","no",50501
845,1,32.8796,-99.6963888846874,-104.571065790311,-4.87467690562407,0.800000000005241,23.4499999999969,17.4999999999983,-70085.2229416867,69986.1452178997,504961.339383345,-48.793722307271,32.8793,32.87795,157592,"2023_08_31_0032","2023_08_31_0032_ev00845_rec1","no",50502
846,1,32.90865,-100.222994379648,-107.757629531166,-7.53463515151796,0.94999999999601,20.9500000000062,11.5499999999997,-106.018492066382,5.05510951792456,22.2020032395654,-97.7867878150356,32.9082,32.9072,158173,"2023_08_31_0032","2023_08_31_0032_ev00846_rec1","no",50503
847,1,32.93395,-104.232346192281,-109.344003834081,-5.11165764180051,0.94999999999601,1.59999999999627,0,6474.67848306488,-6577.80506147423,203733.946237078,40.7532157468016,32.9335,32.93115,158679,"2023_08_31_0032","2023_08_31_0032_ev00847_rec1","no",50504
848,1,32.95355,-103.649285665166,-108.036068734293,-4.38678306912689,0.450000000000728,1.69999999999959,0.499999999995282,-101.15678834648,-5.40303452450188,1.78017150616104,61.093057147912,32.95245,32.95195,159071,"2023_08_31_0032","2023_08_31_0032_ev00848_rec1","no",50505
849,1,32.98,-102.344765199916,-106.22591146158,-3.88114626166346,0.0999999999962142,0.700000000001921,0.549999999996942,-98.7742248662999,-6.86937422107589,1.7400282571341,94.0225759743289,32.97975,32.97965,159600,"2023_08_31_0032","2023_08_31_0032_ev00849_rec1","no",50506
850,1,33.0087,-98.722299127029,-101.420570644428,-2.69827151739894,0.10000000000332,0.500000000002387,0.549999999996942,-96.5337662217151,-3.96670094153852,2.51490811408514,55.2420633904697,33.0087,33.0084,160174,"2023_08_31_0032","2023_08_31_0032_ev00850_rec1","no",50507
851,1,33.0692,-100.530652609686,-103.698835133792,-3.16818252410589,0.349999999997408,0.349999999997408,0.399999999999068,-98.0012003312612,-4.14387666379673,3.42755589233491,60.7079241781212,33.06915,33.0688,161384,"2023_08_31_0032","2023_08_31_0032_ev00851_rec1","no",50508
852,1,33.1379,-98.8508723617966,-104.596790981018,-5.74591861922173,1.59999999999627,21.5499999999977,16.0499999999999,-50498.152063297,50399.7604969852,312919.980496174,-72.1939156412965,33.1355,33.1339,162758,"2023_08_31_0032","2023_08_31_0032_ev00852_rec1","no",50509
853,1,33.1786,-102.847224482983,-108.681007558576,-5.83378307559344,0.150000000004979,30.8500000000009,30.0000000000011,-34166.711287857,34065.4543809717,377850.635889813,2.88264635821246,33.1776,33.1774,163572,"2023_08_31_0032","2023_08_31_0032_ev00853_rec1","no",50510
854,1,33.2175,-102.178706263931,-110.019146401245,-7.84044013731388,1.20000000000431,31.4499999999995,29.999999999994,-5702.37688301997,5599.02313537737,229284.426814058,-58.6590478178595,33.21675,33.21555,164350,"2023_08_31_0032","2023_08_31_0032_ev00854_rec1","no",50511
855,1,33.23855,-99.0268433296574,-110.236572109256,-11.2097287795989,4.9500000000009,7.04999999999956,5.5499999999995,-102.937260734419,-9.39932653865813,1.51334435731191,-173.035734538474,33.2382,33.2332,164771,"2023_08_31_0032","2023_08_31_0032_ev00855_rec1","no",50512
856,1,33.2972,-102.062965960828,-105.062822857869,-2.99985689704115,0.300000000002854,2.60000000000105,2.69999999999726,-100.887527475155,-4.90709787917521,3.50724211914446,14.8488624210391,33.29615,33.29585,165944,"2023_08_31_0032","2023_08_31_0032_ev00856_rec1","no",50513
857,1,33.3247,-100.343546738702,-110.725277739742,-10.3817310010403,1.55000000000172,2.34999999999985,1.65000000000504,-98.6464249695558,-13.1470404151229,1.90700515333175,16.8943157393145,33.32465,33.3231,166494,"2023_08_31_0032","2023_08_31_0032_ev00857_rec1","no",50514
858,1,33.34695,-99.0971812692169,-104.364939149698,-5.2677578804812,0.550000000004047,1.94999999999368,3.15000000000509,-99.417873293229,-2.9854092009339,5.22314930832717,-28.2817949446036,33.34665,33.346,166939,"2023_08_31_0032","2023_08_31_0032_ev00858_rec1","no",50515
859,1,33.406,-94.4013369930407,-109.128488252919,-14.7271512598785,11.099999999999,22.3499999999959,0,-22231.4654451265,22130.9249715668,246231.728056513,-328.278919988565,33.4059,33.393,168120,"2023_08_31_0032","2023_08_31_0032_ev00859_rec1","no",50516
860,1,33.434,-100.021798688953,-109.231191759348,-9.20939307039467,7.35000000000241,32.6000000000022,30.0000000000011,-16722.7984391879,16621.8679120705,252515.2376265,-94.5282092584652,33.43365,33.42625,168680,"2023_08_31_0032","2023_08_31_0032_ev00860_rec1","no",50517
861,1,33.4725,-101.155859051201,-113.595469144798,-12.4396100935975,3.70000000000203,5.25000000000375,4.1000000000011,-98.5255715004539,-16.0073043885184,5.15439985638888,-27.1309105890724,33.47215,33.46805,169450,"2023_08_31_0032","2023_08_31_0032_ev00861_rec1","no",50518
862,1,33.5232,-100.5184426134,-107.429468904015,-6.91102629061491,1.80000000000291,0.94999999999601,2.9000000000039,-95.3862725744956,-8.44460404805305,31.0763256631884,-13.2164809696818,33.52305,33.52125,170464,"2023_08_31_0032","2023_08_31_0032_ev00862_rec1","no",50519
863,1,33.55905,-101.290958838213,-104.905692908638,-3.61473407042507,0.10000000000332,30.3500000000057,30.0000000000011,-8440.61976727175,8341.90201186751,310114.180338133,63.8745058911141,33.5586,33.55835,171181,"2023_08_31_0032","2023_08_31_0032_ev00863_rec1","no",50520
864,1,33.6084,-101.785975092908,-109.406218169427,-7.62024307651865,2.74999999999892,1.15000000000265,0,17502.4610836002,-17605.816986106,120114.611998649,15.6180746505176,33.60825,33.6048,172168,"2023_08_31_0032","2023_08_31_0032_ev00864_rec1","no",50521
865,1,33.62815,-101.920515213385,-105.341646304573,-3.42113109118786,0.599999999998602,30.8500000000009,30.0000000000011,-101.067873375298,0.833170977235388,23.7315188163435,37.1097411474116,33.62785,33.6269,172563,"2023_08_31_0032","2023_08_31_0032_ev00865_rec1","no",50522
866,1,33.6452,-97.4972320399883,-106.75308042204,-9.25584838205191,3.59999999999872,4.6999999999997,5.34999999999997,-98.3216120044364,-5.90669112486595,6.49994521109576,-81.8305448598926,33.64505,33.64145,172904,"2023_08_31_0032","2023_08_31_0032_ev00866_rec1","no",50523
867,1,33.69055,-103.964682597745,-108.532254988551,-4.56757239080595,0.250000000001194,0.449999999993622,0,-99.6991176187909,-4.82546342747315,6.05449509597257,97.4586302892422,33.6905,33.6897,173811,"2023_08_31_0032","2023_08_31_0032_ev00867_rec1","no",50524
868,1,33.721,-99.9235854456012,-103.888084073516,-3.96449862791461,0.399999999999068,1.89999999999912,2.09999999999866,-98.4924749402155,-5.61219103836826,3.1464515444204,23.4894723459531,33.721,33.7206,174420,"2023_08_31_0032","2023_08_31_0032_ev00868_rec1","no",50525
869,1,33.76255,-96.3017291204073,-103.565148732489,-7.26341961208185,1.7999999999958,8.65000000000293,30.0000000000011,-99.3394373600134,-5.47107099521817,2.77514391095816,-117.837430607935,33.7616,33.7597,175251,"2023_08_31_0032","2023_08_31_0032_ev00869_rec1","no",50526
870,1,33.778,-100.858858899635,-103.18147835531,-2.32261945567453,0.549999999996942,1.4499999999984,1.04999999999933,-98.858127988119,-6.69212021827671,1.20720915752088,50.1327457515162,33.77795,33.7774,175560,"2023_08_31_0032","2023_08_31_0032_ev00870_rec1","no",50527
871,1,33.8092,-95.6098234419913,-104.083264788324,-8.47344134633309,3.4999999999954,23.299999999999,7.10000000000122,-52701.8613389653,52603.7610324771,580200.061840139,-151.718351800236,33.80785,33.8042,176184,"2023_08_31_0032","2023_08_31_0032_ev00871_rec1","no",50528
872,1,33.8792,-100.155634525694,-109.410987808462,-9.2553532827682,1.69999999999959,2.80000000000769,2.15000000000032,-102.373741381172,-8.62430054780786,1.09753804986893,-88.9088900433992,33.87865,33.87695,177584,"2023_08_31_0032","2023_08_31_0032_ev00872_rec1","no",50529
873,1,33.8968,-100.092144361223,-106.654473302104,-6.56232894088117,2.49999999999773,4.950000000008,5.49999999999784,-100.845564539107,-6.88585952409685,3.87625338560102,-66.4649260319666,33.89625,33.8935,177936,"2023_08_31_0032","2023_08_31_0032_ev00873_rec1","no",50530
874,1,33.95975,-105.045581277687,-109.523956000622,-4.47837472293514,0.849999999999795,2.65000000000271,1.59999999999627,-101.124532673113,-6.8109441919033,8.04898569431358,57.3207095725609,33.95865,33.9577,179195,"2023_08_31_0032","2023_08_31_0032_ev00874_rec1","no",50531
875,1,33.99815,-104.716913157069,-108.255800397888,-3.53888724081895,0.399999999999068,20.2999999999989,17.949999999999,-139.973644170017,39.5936296812791,116.788638516084,-12.8718560101862,33.99755,33.99705,179963,"2023_08_31_0032","2023_08_31_0032_ev00875_rec1","no",50532
876,1,34.01605,-101.969432365756,-113.40982839826,-11.4403960325041,2.89999999999679,8.15000000000055,8.70000000000459,-100.877976900387,-9.562480485989,14.8634473079815,-115.445750572059,34.0157,34.0121,180321,"2023_08_31_0032","2023_08_31_0032_ev00876_rec1","no",50533
877,1,34.05065,-99.8622786577386,-107.412795267448,-7.55051660970958,0.649999999993156,1.10000000000099,0.0500000000016598,-102.440771063247,-4.96951484922087,1e-07,-85.2960627543893,34.0499,34.04925,181013,"2023_08_31_0032","2023_08_31_0032_ev00877_rec1","no",50534
878,1,34.1256,-102.076539603176,-104.619984708206,-2.54344510503003,0.549999999996942,0.399999999999068,0,17220.1034855149,-17321.440094932,226288.153473259,55.3775575599822,34.1255,34.12495,182512,"2023_08_31_0032","2023_08_31_0032_ev00878_rec1","no",50535
879,1,34.13875,-101.595910573529,-105.325966680832,-3.73005610730334,1.15000000000265,1.84999999999746,1.4499999999984,-98.9598059054862,-6.70440331866826,2.81798478773158,55.8415475682483,34.13835,34.137,182775,"2023_08_31_0032","2023_08_31_0032_ev00879_rec1","no",50536
880,1,34.19625,-100.249719536652,-109.25322568336,-9.00350614670867,0.950000000003115,2.70000000000437,6.9999999999979,11488.854430293,-11594.0379553868,50528.9570461792,-51.4857258161945,34.196,34.195,183925,"2023_08_31_0032","2023_08_31_0032_ev00880_rec1","no",50537
881,1,34.2288,-100.847577146246,-105.70055690943,-4.85297976318412,0.350000000004513,30.3499999999985,30.0000000000011,-20449.2792552608,20350.1620377905,504611.407239961,32.0956975466228,34.2286,34.2282,184576,"2023_08_31_0032","2023_08_31_0032_ev00881_rec1","no",50538
882,1,34.24875,-96.6689816157527,-106.594148281257,-9.92516666550394,2.0500000000041,33.4499999999949,15.9999999999982,-6766.16854290653,6666.58287940432,141077.941676079,-133.779875464838,34.2466,34.24395,184975,"2023_08_31_0032","2023_08_31_0032_ev00882_rec1","no",50539
883,1,34.3248,-100.611584253573,-104.597539506846,-3.98595525327356,0.549999999996942,30.6500000000014,30.0000000000011,-13212.2061051198,13111.6894754509,277368.653783765,-20.0377335261534,34.3248,34.32375,186496,"2023_08_31_0032","2023_08_31_0032_ev00883_rec1","no",50540
884,1,34.34865,-101.234026969277,-108.965521648967,-7.73149467968986,0.399999999999068,0.699999999994816,0.700000000001921,-100.975876728055,-6.36173464572999,0.987874122240092,-4.85186559373197,34.3486,34.3467,186973,"2023_08_31_0032","2023_08_31_0032_ev00884_rec1","no",50541
885,1,34.40705,-103.241625317684,-106.293106680894,-3.05148136320959,0.10000000000332,0.750000000003581,0,-99.6078345294045,-4.41252355762641,14.4082810970669,50.9211221870232,34.40625,34.4059,188141,"2023_08_31_0032","2023_08_31_0032_ev00885_rec1","no",50542
886,1,34.4461,-100.248100313833,-104.754974381586,-4.50687406775299,1.00000000000477,30.5499999999981,29.999999999994,-14331.2167590817,14233.1715050669,470576.719350879,50.336066021434,34.44605,34.44505,188922,"2023_08_31_0032","2023_08_31_0032_ev00886_rec1","no",50543
887,1,34.524,-98.5173439978027,-102.744467628315,-4.22712363051187,0.550000000004047,2.45000000000317,2.69999999999726,-98.8980651966373,-5.31589646052941,1.80676944396113,-24.5113695348025,34.52355,34.5229,190480,"2023_08_31_0032","2023_08_31_0032_ev00887_rec1","no",50544
888,1,34.5978,-101.057507728717,-103.381919589729,-2.32441186101185,0.199999999999534,30.8999999999955,29.999999999994,-293.659972447759,196.006536595013,1642.22674454188,47.7320053263681,34.59775,34.5968,191956,"2023_08_31_0032","2023_08_31_0032_ev00888_rec1","no",50545
889,1,34.63575,-97.8149723092547,-109.284753718634,-11.4697814093795,2.74999999999892,7.50000000000028,9.050000000002,-100.773590943322,-9.15452413038691,4.61451381837428,-159.476430157198,34.6345,34.6315,192715,"2023_08_31_0032","2023_08_31_0032_ev00889_rec1","no",50546
890,1,34.6721,-99.6641621925588,-108.029706349037,-8.36554415647835,0.749999999996476,1.59999999999627,1.64999999999793,-97.1538485259441,-9.72354753463745,3.01528554293769,41.9052724003313,34.67195,34.67115,193442,"2023_08_31_0032","2023_08_31_0032_ev00890_rec1","no",50547
891,1,34.71065,-99.8822716216689,-109.945791974909,-10.06352035324,3.44999999999374,5.15000000000043,1.84999999999746,-97.8757698180526,-10.969098082079,2.82517241482085,-0.0236271145485318,34.7104,34.7041,194213,"2023_08_31_0032","2023_08_31_0032_ev00891_rec1","no",50548
892,1,34.79665,-92.7157488140019,-107.400797166397,-14.685048352395,2.74999999999181,5.09999999999877,30.0000000000011,-99.0953085928304,-8.00097319987065,1.17598976379359,-228.11211342664,34.79645,34.79335,195933,"2023_08_31_0032","2023_08_31_0032_ev00892_rec1","no",50549
893,1,34.8638,-96.5573026385454,-104.822649375944,-8.26534673739873,1.69999999999959,20.5500000000001,9.050000000002,-60767.6246813922,60668.9135147335,607623.135854899,-125.310096464948,34.8625,34.86075,197276,"2023_08_31_0032","2023_08_31_0032_ev00893_rec1","no",50550
894,1,34.9076,-101.421742321947,-109.772021135564,-8.35027881361697,0.849999999999795,1.89999999999912,0,-96.2890744999781,-8.07714830341124,20.6276147881621,17.6482054044949,34.9075,34.90475,198152,"2023_08_31_0032","2023_08_31_0032_ev00894_rec1","no",50551
895,1,34.94575,-99.1426798867023,-108.568155597902,-9.42547571119989,2.25000000000364,4.84999999999758,1.7999999999958,-100.563609041171,-9.8127559625346,1.15486334300172,-75.4073292240103,34.9452,34.9404,198915,"2023_08_31_0032","2023_08_31_0032_ev00895_rec1","no",50552
896,1,35.0652,-101.725252787272,-108.18480682373,-6.45955403645833,2.09999999999866,2.6499999999956,2.54999999999939,-102.023871698183,-6.30700415039343,2.325497545421,-32.9208374023436,35.06495,35.06285,201304,"2023_08_31_0032","2023_08_31_0032_ev00896_rec1","no",50553
897,1,35.08695,-101.056772504534,-108.032218933105,-6.97544642857143,1.24999999999886,2.75000000000603,1.75000000000125,-101.977692328356,-6.98600501610989,1.23425643542913,-45.8826337541853,35.0863,35.0848,201739,"2023_08_31_0032","2023_08_31_0032_ev00897_rec1","no",50554
898,1,35.1274,-102.08129119873,-110.93138885498,-8.85009765625,1.74999999999415,2.6499999999956,1.15000000000265,-101.248194253837,-10.1426629184936,1.29822223584233,1.65939331054688,35.1272,35.1254,202548,"2023_08_31_0032","2023_08_31_0032_ev00898_rec1","no",50555
899,1,35.1875,-104.159392947242,-109.10033416748,-4.9409412202381,1.39999999999674,1.35000000000218,0.999999999997669,-101.476505886704,-10.557515257919,1.16219493720064,65.5348641531806,35.1872,35.18575,203750,"2023_08_31_0032","2023_08_31_0032_ev00899_rec1","no",50556
900,1,35.21745,-105.736134483701,-109.558097839355,-3.82196335565476,1.10000000000099,1.64999999999793,1.30000000000052,-101.089624760867,-7.69485263858778,5.40535478055759,95.9425426664808,35.2171,35.2158,204349,"2023_08_31_0032","2023_08_31_0032_ev00900_rec1","no",50557
901,1,35.2558,-104.580826168969,-110.32103729248,-5.7402111235119,0.450000000000728,6.7499999999967,0.600000000005707,-101.747701830327,-7.5281269388042,1.40474412606061,57.4081057593938,35.2557,35.24875,205116,"2023_08_31_0032","2023_08_31_0032_ev00901_rec1","no",50558
902,1,35.30345,-103.156672523135,-107.421867370605,-4.26519484747024,0.650000000000261,4.55000000000183,3.00000000000011,-100.618769406771,-9.22666063437298,3.73720821602711,32.8185671851748,35.30195,35.3013,206069,"2023_08_31_0032","2023_08_31_0032_ev00902_rec1","no",50559
903,1,35.35555,-99.7125458490281,-107.116691589355,-7.40414574032738,1.30000000000052,3.89999999999446,2.75000000000603,-100.344503684775,-7.37116698698268,2.20303061637982,-45.0866335914248,35.35475,35.3533,207111,"2023_08_31_0032","2023_08_31_0032_ev00903_rec1","no",50560
904,1,35.4503,-101.812445867629,-106.96410369873,-5.15165783110119,0.849999999999795,1.10000000000099,0.699999999994816,-100.891781838919,-3.86045110627626,2.20003567019027,16.4329892113095,35.4501,35.4489,209006,"2023_08_31_0032","2023_08_31_0032_ev00904_rec1","no",50561
905,1,35.51105,-94.4300983973912,-108.947746276855,-14.5176478794643,2.00000000000244,4.15000000000276,6.45000000000095,-98.6142574510723,-10.3831474418749,2.97713591436941,-171.153477260045,35.5109,35.50885,210221,"2023_08_31_0032","2023_08_31_0032_ev00905_rec1","no",50562
906,1,35.57605,-101.79064759754,-110.473625183105,-8.68297758556548,1.89999999999912,4.64999999999804,2.45000000000317,-99.5126068265357,-9.63076477742278,4.35008542254544,10.8884175618488,35.5759,35.5726,211521,"2023_08_31_0032","2023_08_31_0032_ev00906_rec1","no",50563
907,1,35.6837,-100.88238634382,-105.43822479248,-4.55583844866071,1.00000000000477,2.9000000000039,1.60000000000338,-97.1775547640234,-8.05108142605711,3.97925691249321,71.2612697056364,35.68235,35.68135,213674,"2023_08_31_0032","2023_08_31_0032_ev00907_rec1","no",50564
908,1,35.73795,-98.3973835536412,-103.149406433105,-4.75202287946429,1.24999999999886,1.75000000000125,0.299999999995748,-98.6255503759131,-4.09918755764763,0.289144631111527,-10.9329223632814,35.73795,35.73625,214759,"2023_08_31_0032","2023_08_31_0032_ev00908_rec1","no",50565
909,1,35.772,-102.735239301409,-107.727043151855,-4.99180385044643,1.55000000000172,1.59999999999627,0.450000000000728,-101.258722272004,-6.70918980534284,0.623831188598636,39.7714887346539,35.77195,35.77005,215440,"2023_08_31_0032","2023_08_31_0032_ev00909_rec1","no",50566
910,1,35.80465,-102.618981860933,-106.96410369873,-4.34512183779762,0.200000000006639,0.450000000000728,0.450000000000728,-101.850793471301,-3.2198973820116,1.41685055983028,16.4985656738281,35.80395,35.80365,216093,"2023_08_31_0032","2023_08_31_0032_ev00910_rec1","no",50567
911,1,35.8242,-103.825152805873,-111.389152526855,-7.56399972098214,1.1999999999972,1.1999999999972,1.15000000000265,-103.019707914507,-6.14386075968974,2.14412241212363,5.92749459402915,35.82395,35.82245,216484,"2023_08_31_0032","2023_08_31_0032_ev00911_rec1","no",50568
912,1,35.86325,-102.815166291736,-106.201164245605,-3.38599795386905,0.149999999997874,1.25000000000597,1.00000000000477,-101.334869790252,-6.55436694595128,1.12013690206858,34.7825913202194,35.86285,35.86265,217265,"2023_08_31_0032","2023_08_31_0032_ev00912_rec1","no",50569
913,1,35.885,-102.313806079683,-107.87963104248,-5.56582496279762,1.20000000000431,1.49999999999295,1.15000000000265,-99.5297913203996,-9.81924733725778,1.65753116737004,60.9683082217262,35.88375,35.88245,217700,"2023_08_31_0032","2023_08_31_0032_ev00913_rec1","no",50570
914,1,35.92595,-101.957767668225,-116.882316589355,-14.9245489211309,2.65000000000271,2.00000000000244,1.89999999999912,-101.382474146633,-16.3566621755587,1.93834227878752,-34.2063903808593,35.9258,35.92285,218519,"2023_08_31_0032","2023_08_31_0032_ev00914_rec1","no",50571
915,1,35.947,-94.0231973557245,-107.116691589355,-13.0934942336309,4.14999999999566,33.6500000000015,30.0000000000011,-101.699522763318,-6.87690744260295,1.60536212606184,-291.95058913458,35.9457,35.94155,218940,"2023_08_31_0032","2023_08_31_0032_ev00915_rec1","no",50572
916,1,35.98355,-99.8215371994745,-109.10033416748,-9.27879696800595,1.35000000000218,2.70000000000437,1.65000000000504,-98.8251559184095,-6.51651364193613,4.27314357033139,-12.829371861049,35.982,35.9806,219671,"2023_08_31_0032","2023_08_31_0032_ev00916_rec1","no",50573
917,1,36.00235,-96.6607880365281,-101.47093963623,-4.81015159970238,1.55000000000172,32.2499999999977,30.0000000000011,-99.828302614014,-1.17371517900954,1.84611890866095,-103.650229317801,36.00185,36,220047,"2023_08_31_0032","2023_08_31_0032_ev00917_rec1","no",50574
918,1,36.05465,-102.626247950963,-108.642570495605,-6.01632254464286,0.500000000002387,13.7,11.8000000000009,-389490.007768636,389396.786857465,395255.482702844,-168.023275811332,36.0535,36.05235,221093,"2023_08_31_0032","2023_08_31_0032_ev00918_rec1","no",50575
919,1,36.07925,-104.333779107957,-145.263671875,-40.9298927670433,1.15000000000265,4.24999999999898,4.30000000000064,-105.785372775784,-44.3939820351896,3.66911040068118,-249.123376374018,36.0789,36.0776,221585,"2023_08_31_0032","2023_08_31_0032_ev00919_rec1","no",50576
920,1,36.1181,-107.458197820754,-116.577140808105,-9.11894298735119,2.19999999999487,3.70000000000203,0.999999999997669,-105.075908952474,-13.3128555541677,1.20641981467999,44.5118858700707,36.1175,36.11505,222362,"2023_08_31_0032","2023_08_31_0032_ev00920_rec1","no",50577
921,1,36.1409,-102.248411269415,-118.25560760498,-16.0071963355655,0.799999999998136,2.59999999999394,2.0500000000041,-100.801414186172,-17.4848841363974,2.35475934632369,-15.3705051967078,36.1403,36.13945,222818,"2023_08_31_0032","2023_08_31_0032_ev00921_rec1","no",50578
922,1,36.17465,-95.9705094837007,-111.23656463623,-15.2660551525298,3.79999999999825,5.09999999999877,30.0000000000011,-102.021550000636,-6.25923781177991,2.90929011925848,-238.863808768136,36.17455,36.17065,223493,"2023_08_31_0032","2023_08_31_0032_ev00922_rec1","no",50579
923,1,36.1948,-98.6226323445638,-105.590812683105,-6.96818033854167,4.00000000000489,6.34999999999764,1.49999999999295,-99.8886060787043,-8.8162913302217,0.792820527353342,-86.8021647135418,36.19305,36.18905,223896,"2023_08_31_0032","2023_08_31_0032_ev00923_rec1","no",50580
924,1,36.2625,-98.8042845953078,-108.947746276855,-10.1434616815476,3.19999999999254,15.2500000000018,9.39999999999941,-173861.854889611,173763.290747805,408669.972881914,-208.158765520368,36.2622,36.25895,225250,"2023_08_31_0032","2023_08_31_0032_ev00924_rec1","no",50581
925,1,36.2831,-95.9995738438198,-121.30736541748,-25.3077915736607,1.05000000000643,7.35000000000241,9.45000000000107,-97.4896742870446,-21.8180447985842,9.25578276760575,-266.828809465681,36.28255,36.2815,225662,"2023_08_31_0032","2023_08_31_0032_ev00925_rec1","no",50582
926,1,36.3165,-98.5136409941174,-110.32103729248,-11.8073962983631,5.29999999999831,6.25000000000142,2.94999999999845,-99.7584127114766,-8.36688241422337,3.00165716666263,-100.094204857236,36.31625,36.3109,226330,"2023_08_31_0032","2023_08_31_0032_ev00926_rec1","no",50583
927,1,36.3616,-101.950501578195,-110.473625183105,-8.52312360491071,0.500000000002387,3.45000000000084,2.85000000000224,-100.541246921279,-16.4788228330355,2.21425587440238,-4.15910993303553,36.36085,36.3603,227232,"2023_08_31_0032","2023_08_31_0032_ev00927_rec1","no",50584
928,1,36.3981,-101.885106767927,-106.04857635498,-4.16346958705357,0.950000000003115,12.7999999999986,11.4499999999964,-185828.295207148,185731.769042612,308042.751525215,-113.554818289621,36.398,36.39695,227962,"2023_08_31_0032","2023_08_31_0032_ev00928_rec1","no",50585
929,1,36.42235,-103.578105744861,-122.680656433105,-19.1025506882441,1.1999999999972,5.5499999999995,5.09999999999877,-100.070762441698,-22.870556835614,6.63912892202631,-80.2872067406065,36.42115,36.4198,228447,"2023_08_31_0032","2023_08_31_0032_ev00929_rec1","no",50586
930,1,36.44995,-98.7461558750698,-102.539054870605,-3.79289899553571,0.249999999994088,5.20000000000209,6.44999999999385,-95.4877424225286,-6.99461275744242,15.8359193173022,2.52314976283501,36.4497,36.4494,228999,"2023_08_31_0032","2023_08_31_0032_ev00930_rec1","no",50587
931,1,36.519,-102.757037571498,-105.43822479248,-2.68118722098214,0.349999999997408,0.700000000001921,0.450000000000728,-98.6943675630018,-8.96815585435729,0.785572161829341,113.877977643694,36.5189,36.5185,230380,"2023_08_31_0032","2023_08_31_0032_ev00931_rec1","no",50588
932,1,36.5768,-98.2956582932245,-104.370109558105,-6.07445126488095,0.950000000003115,1.15000000000265,5.44999999999618,36013.8550074088,-36115.0491606034,303727.780519068,-40.7629467192149,36.5758,36.57485,231536,"2023_08_31_0032","2023_08_31_0032_ev00932_rec1","no",50589
933,1,36.6125,-100.446420942034,-103.91234588623,-3.46592494419643,0.999999999997669,2.00000000000244,1.04999999999933,-99.8290640275631,-3.71326161224298,1.53818990064285,11.0784258161272,36.61205,36.61105,232250,"2023_08_31_0032","2023_08_31_0032_ev00933_rec1","no",50590
934,1,36.63185,-101.441875276111,-106.04857635498,-4.60670107886905,0.149999999997874,1.30000000000052,0.749999999996476,-100.221385617809,-4.80951536362665,1.46696684185258,26.3199579148064,36.6311,36.6308,232637,"2023_08_31_0032","2023_08_31_0032_ev00934_rec1","no",50591
935,1,36.65525,-100.896918523879,-103.60717010498,-2.71025158110119,0.399999999999068,0.799999999998136,0.0500000000016598,-100.519552760165,-3.08844278039526,1e-07,9.78088378906252,36.65525,36.65425,233105,"2023_08_31_0032","2023_08_31_0032_ev00935_rec1","no",50592
936,1,36.68335,-100.228438241141,-105.13304901123,-4.90461077008929,0.499999999995282,0.349999999997408,0.549999999996942,-99.6514479067717,-3.62126361753631,1.31845287503985,11.5863255092074,36.6833,36.68275,233667,"2023_08_31_0032","2023_08_31_0032_ev00936_rec1","no",50593
937,1,36.719,-95.9850416637602,-108.032218933105,-12.0471772693452,3.14999999999799,17.7499999999995,19.6000000000041,-98.542407533357,-9.82381332261847,11.9408732729844,-244.241260346912,36.7154,36.7119,234380,"2023_08_31_0032","2023_08_31_0032_ev00937_rec1","no",50594
938,1,36.75125,-103.113075982957,-106.65892791748,-3.54585193452381,0.250000000001194,0.149999999997874,0.0999999999962142,-100.263792064392,-7.41144541779622,0.159616464155393,83.8437761579241,36.75125,36.751,235025,"2023_08_31_0032","2023_08_31_0032_ev00938_rec1","no",50595
939,1,36.77455,-99.472764878046,-107.116691589355,-7.64392671130952,0.750000000003581,6.1499999999981,4.64999999999804,-97.3086994047258,-9.82809589924028,6.85475194456868,-18.4823899042037,36.77245,36.7717,235491,"2023_08_31_0032","2023_08_31_0032_ev00939_rec1","no",50596
940,1,36.80145,-99.2911126273019,-104.064933776855,-4.77382114955357,0.200000000006639,0.299999999995748,0.199999999999534,-97.6846935305141,-5.36441366035898,0.463708929396193,44.9295043945313,36.8014,36.80115,236029,"2023_08_31_0032","2023_08_31_0032_ev00940_rec1","no",50597
941,1,36.8226,-96.5808610462007,-104.82787322998,-8.24701218377976,1.39999999999674,5.84999999999525,5.50000000000495,-99.5408583166013,-5.84742116947258,1.32397032239363,-113.019125802176,36.8218,36.8183,236452,"2023_08_31_0032","2023_08_31_0032_ev00941_rec1","no",50598
942,1,36.84555,-97.1330838884626,-107.87963104248,-10.7465471540179,1.95000000000078,4.6999999999997,1.24999999999886,-99.7350941894277,-7.10709741322295,0.766961538689671,-111.549377441406,36.84235,36.84035,236911,"2023_08_31_0032","2023_08_31_0032_ev00942_rec1","no",50599
943,1,36.87935,-99.0949281964983,-101.16576385498,-2.07083565848214,0.200000000006639,4.55000000000183,3.10000000000343,-98.0264072266817,-4.00133077245882,3.9926279709007,-1.16893223353782,36.8746,36.87435,237587,"2023_08_31_0032","2023_08_31_0032_ev00943_rec1","no",50600
944,1,36.9223,-99.7052797589983,-105.895988464355,-6.19070870535714,1.15000000000265,2.0500000000041,0.550000000004047,-98.3884368828177,-8.34273539692381,0.665216002250596,27.2527422223774,36.92165,36.91995,238446,"2023_08_31_0032","2023_08_31_0032_ev00944_rec1","no",50601
945,1,36.9834,-97.2784056890578,-104.064933776855,-6.78652808779762,3.39999999999918,5.74999999999903,1.30000000000052,-97.9915334011302,-6.41649353691928,1.00494883287173,-50.4820687430246,36.9825,36.97775,239668,"2023_08_31_0032","2023_08_31_0032_ev00945_rec1","no",50602
946,1,37.02405,-98.6516967046828,-105.895988464355,-7.24429175967262,0.999999999997669,3.74999999999659,1.35000000000218,-97.3493538469384,-10.4448259104971,1.42241443458765,7.76872180757064,37.02165,37.0204,240481,"2023_08_31_0032","2023_08_31_0032_ev00946_rec1","no",50603
947,1,37.06085,-99.3347091674805,-103.91234588623,-4.57763671875,1.30000000000052,3.84999999999991,6.95000000000334,51806.4588738328,-51908.6839645909,302543.754915729,-11.6653442382812,37.06075,37.05935,241217,"2023_08_31_0032","2023_08_31_0032_ev00947_rec1","no",50604
948,1,37.0813,-102.70617494129,-106.96410369873,-4.25792875744048,0.199999999999534,0.650000000000261,0.500000000002387,-98.6043425717833,-9.09319704812671,1.1131183990072,111.959548223586,37.0812,37.08095,241626,"2023_08_31_0032","2023_08_31_0032_ev00948_rec1","no",50605
949,1,37.10195,-99.5962884085519,-106.04857635498,-6.45228794642857,0.750000000003581,3.90000000000157,1.85000000000457,-98.3672096479986,-10.7436296694355,1.69389591548413,2.63868059430811,37.1002,37.09935,242039,"2023_08_31_0032","2023_08_31_0032_ev00949_rec1","no",50606
950,1,37.1406,-99.3855717976888,-108.18480682373,-8.79923502604167,1.75000000000125,2.49999999999773,2.44999999999607,-97.021119416342,-9.77419434490263,4.46037914699483,9.69187418619776,37.13945,37.137,242812,"2023_08_31_0032","2023_08_31_0032_ev00950_rec1","no",50607
951,1,37.1597,-96.144895644415,-104.675285339355,-8.53038969494048,2.00000000000244,1.30000000000052,1.39999999999674,-97.763798835903,-6.62633890831328,0.968841623459134,-63.7886410667785,37.1597,37.1576,243194,"2023_08_31_0032","2023_08_31_0032_ev00951_rec1","no",50608
952,1,37.2133,-100.787927173433,-104.675285339355,-3.88735816592262,0.300000000002854,1.00000000000477,0.900000000001455,-97.1846558709895,-8.16224544131404,1.88028189225495,91.2488301595052,37.2133,37.213,244266,"2023_08_31_0032","2023_08_31_0032_ev00952_rec1","no",50609
953,1,37.23285,-99.683481488909,-103.149406433105,-3.46592494419643,0.700000000001921,0.349999999997408,0.0999999999962142,-96.5366716084398,-6.23990753998637,0.349360562746063,90.4323032924106,37.2328,37.232,244657,"2023_08_31_0032","2023_08_31_0032_ev00953_rec1","no",50610
954,1,37.32085,-92.4900523594448,-99.4872970581055,-6.99724469866071,2.25000000000364,3.19999999999965,0.0500000000016598,-97.6066541100676,-1.87896339824002,1e-07,-173.734392438616,37.3191,37.31555,246417,"2023_08_31_0032","2023_08_31_0032_ev00954_rec1","no",50611
955,1,37.3446,-98.1140060424805,-101.16576385498,-3.0517578125,0.350000000004513,2.6499999999956,2.89999999999679,-95.7750279728206,-4.90545207533421,8.31089669117614,27.4543762207031,37.34345,37.3431,246892,"2023_08_31_0032","2023_08_31_0032_ev00955_rec1","no",50612
956,1,37.4092,-100.119446890695,-108.337394714355,-8.21794782366071,4.84999999999758,4.99999999999545,1.59999999999627,-100.956586580069,-9.65195561148738,1.08614539336412,-56.2814985002788,37.40905,37.40415,248184,"2023_08_31_0032","2023_08_31_0032_ev00956_rec1","no",50613
957,1,37.4299,-100.693468003046,-109.252922058105,-8.55945405505952,1.00000000000477,3.70000000000203,2.00000000000244,-99.0217174236674,-13.1152683307475,1.98111730845777,13.5670616513209,37.4294,37.4272,248598,"2023_08_31_0032","2023_08_31_0032_ev00957_rec1","no",50614
958,1,37.46415,-99.196653456915,-103.759757995605,-4.56310453869048,0.450000000000728,2.34999999999985,2.60000000000105,-98.0634871376845,-6.32655656080104,3.23102284876237,9.7296578543525,37.4635,37.463,249283,"2023_08_31_0032","2023_08_31_0032_ev00958_rec1","no",50615
959,1,37.4994,-98.8769454956055,-103.30199432373,-4.425048828125,0.499999999995282,4.39999999999685,4.6999999999997,-97.5424383227881,-5.82943058514111,6.97606359143509,-4.55093383789062,37.4988,37.49825,249988,"2023_08_31_0032","2023_08_31_0032_ev00959_rec1","no",50616
960,1,37.53225,-100.184841700963,-104.82787322998,-4.64303152901786,0.399999999999068,0.849999999999795,0.599999999998602,-96.8210535969731,-9.39182018537412,0.980923986615107,90.1718139648436,37.53205,37.5316,250645,"2023_08_31_0032","2023_08_31_0032_ev00960_rec1","no",50617
961,1,37.5666,-94.46642884754,-108.947746276855,-14.4813174293155,6.04999999999478,10.0499999999997,7.05000000000666,-95.7052187520526,-12.1803743027287,6.51697668032565,-164.425986153739,37.5664,37.5599,251332,"2023_08_31_0032","2023_08_31_0032_ev00961_rec1","no",50618
962,1,37.62435,-99.015001206171,-105.74340057373,-6.72839936755952,0.300000000002854,2.6499999999956,2.75000000000603,-97.8098564875207,-5.54958676422652,6.79890898061745,-10.3116716657364,37.62285,37.622,252487,"2023_08_31_0032","2023_08_31_0032_ev00962_rec1","no",50619
963,1,37.68425,-97.3583326793852,-103.759757995605,-6.40142531622024,0.349999999997408,1.04999999999222,0.0499999999945544,-99.0585254453093,-4.70101699364424,1e-07,-57.3252723330544,37.68315,37.68245,253685,"2023_08_31_0032","2023_08_31_0032_ev00963_rec1","no",50620
964,1,37.7542,-99.5817562284924,-107.727043151855,-8.1452869233631,2.80000000000058,2.09999999999866,1.24999999999886,-96.9001980192702,-12.5557717670627,1.60993134679791,39.0456063406806,37.7532,37.75035,255084,"2023_08_31_0032","2023_08_31_0032_ev00964_rec1","no",50621
965,1,37.79255,-94.1103904360817,-108.032218933105,-13.9218284970238,11.1999999999952,9.94999999999635,30.0000000000011,-99.5647159774891,-9.07037720460248,2.80296482942053,-275.326320103237,37.792,37.7803,255851,"2023_08_31_0032","2023_08_31_0032_ev00965_rec1","no",50622
966,1,37.8371,-94.3719696771531,-107.727043151855,-13.3550734747024,4.44999999999851,10.4499999999987,29.999999999994,-100.263690296463,-9.8468949531361,1.6569502237737,-268.602643694196,37.8319,37.8271,256742,"2023_08_31_0032","2023_08_31_0032_ev00966_rec1","no",50623
967,1,37.8562,-102.597183590844,-105.43822479248,-2.8410412016369,0.10000000000332,0.500000000002387,0.349999999997408,-99.6595755722486,-5.54236623523714,1.01196763327199,82.036336263021,37.8562,37.8559,257124,"2023_08_31_0032","2023_08_31_0032_ev00967_rec1","no",50624
968,1,37.8713,-100.780661083403,-107.116691589355,-6.33603050595238,1.25000000000597,3.39999999999918,1.4499999999984,-98.3186757435854,-11.6640814703212,1.65712783682322,40.582021077474,37.8699,37.86855,257426,"2023_08_31_0032","2023_08_31_0032_ev00968_rec1","no",50625
969,1,37.8941,-97.9323537917364,-104.82787322998,-6.89551943824405,0.799999999998136,3.19999999999965,2.09999999999866,-99.7701221652532,-4.49522701075615,1.13950150297179,-68.9918881370909,37.8933,37.89155,257882,"2023_08_31_0032","2023_08_31_0032_ev00969_rec1","no",50626
970,1,37.93375,-100.024987720308,-108.79515838623,-8.77017066592262,0.650000000000261,2.25000000000364,2.74999999999892,-99.5915360383016,-9.19581402630347,2.98127140705906,-18.2916550409227,37.9336,37.9328,258675,"2023_08_31_0032","2023_08_31_0032_ev00970_rec1","no",50627
971,1,37.96255,-97.242075238909,-102.69164276123,-5.44956752232143,2.00000000000244,4.84999999999758,2.00000000000244,-98.452909182095,-6.16757344613698,0.972016497198164,-62.227521623884,37.9595,37.95705,259251,"2023_08_31_0032","2023_08_31_0032_ev00971_rec1","no",50628
972,1,38.0206,-98.3465209234328,-106.65892791748,-8.31240699404762,1.60000000000338,2.25000000000364,1.55000000000172,-96.917643855043,-10.2726712598943,1.85489234789954,16.8255397251674,38.0205,38.01885,260412,"2023_08_31_0032","2023_08_31_0032_ev00972_rec1","no",50629
973,1,38.0379,-96.3919427054269,-101.928703308105,-5.53676060267857,0.799999999998136,2.79999999999347,2.54999999999939,-97.5370049888805,-5.99154717653143,1.34197706983673,-48.1512887137276,38.03735,38.0365,260758,"2023_08_31_0032","2023_08_31_0032_ev00973_rec1","no",50630
974,1,38.0768,-98.0631434122721,-101.623527526855,-3.56038411458333,0.250000000001194,0.399999999999068,0.399999999999068,-96.2666395792544,-4.17369137173073,1.38651187989762,47.4828084309897,38.0768,38.0765,261536,"2023_08_31_0032","2023_08_31_0032_ev00974_rec1","no",50631
975,1,38.12075,-95.4037544613793,-102.69164276123,-7.28788829985119,1.24999999999886,26.2999999999991,8.14999999999344,-61265.5673533754,61168.0385890326,874146.673929921,-126.202356247675,38.1168,38.11515,262415,"2023_08_31_0032","2023_08_31_0032_ev00975_rec1","no",50632
976,1,38.15435,-98.252061753046,-109.40550994873,-11.1534481956845,4.6999999999997,6.70000000000215,1.69999999999959,-97.6035418693294,-11.4155194774548,1.93817602429179,-24.9003455752416,38.1542,38.14745,263087,"2023_08_31_0032","2023_08_31_0032_ev00976_rec1","no",50633
977,1,38.18015,-97.060422988165,-106.96410369873,-9.90368071056548,2.20000000000198,2.50000000000483,3.25000000000131,-100.301912499888,-5.83400908507773,1.24395021771231,-114.708128429595,38.1801,38.17785,263603,"2023_08_31_0032","2023_08_31_0032_ev00977_rec1","no",50634
978,1,38.23975,-92.2648035685221,-107.116691589355,-14.8518880208333,2.40000000000151,10.1999999999975,29.999999999994,-99.3991746698923,-9.55278998752542,1.81587690874244,-280.391693115234,38.23815,38.235,264795,"2023_08_31_0032","2023_08_31_0032_ev00978_rec1","no",50635
979,1,38.25885,-97.7870319911412,-105.590812683105,-7.80378069196429,1.84999999999746,7.24999999999909,9.70000000000226,39561.8153611509,-39664.826702041,164831.931713447,-57.7310834612167,38.2588,38.25665,265177,"2023_08_31_0032","2023_08_31_0032_ev00979_rec1","no",50636
980,1,38.29965,-95.9995738438198,-100.86058807373,-4.86101422991071,1.59999999999627,33.0000000000013,30.0000000000011,-6853.28291349839,6757.43213211033,429184.289016311,-14.4985743931359,38.2974,38.29545,265993,"2023_08_31_0032","2023_08_31_0032_ev00980_rec1","no",50637
981,1,38.3498,-99.0513316563198,-116.72972869873,-17.6783970424107,2.15000000000032,4.24999999999898,4.44999999999851,-99.6173928331507,-18.1212254035183,4.00362412533986,-108.361380440848,38.34965,38.34745,266996,"2023_08_31_0032","2023_08_31_0032_ev00981_rec1","no",50638
982,1,38.3801,-100.86058807373,-105.285636901855,-4.425048828125,0.549999999996942,0.599999999998602,0.699999999994816,-99.309447498129,-3.89698099112309,3.57314283279845,30.6587219238281,38.37955,38.379,267602,"2023_08_31_0032","2023_08_31_0032_ev00982_rec1","no",50639
983,1,38.4183,-101.238424755278,-106.35375213623,-5.11532738095238,1.4499999999984,3.59999999999872,2.20000000000198,-95.4278127234166,-11.1576653474149,5.88737184203258,104.139055524554,38.4181,38.41565,268366,"2023_08_31_0032","2023_08_31_0032_ev00983_rec1","no",50640
984,1,38.46775,-99.1385247366769,-103.149406433105,-4.01088169642857,2.85000000000224,5.20000000000209,2.80000000000058,-98.688895994944,-7.45843600776529,2.07460466265009,-13.8626098632812,38.4672,38.46325,269355,"2023_08_31_0032","2023_08_31_0032_ev00984_rec1","no",50641
985,1,38.5214,-99.073129926409,-102.38646697998,-3.31333705357143,0.650000000000261,0.599999999998602,0.299999999995748,-99.3743279884886,-4.3673548998319,0.192209603587613,-11.3051278250559,38.5213,38.52045,270428,"2023_08_31_0032","2023_08_31_0032_ev00985_rec1","no",50642
986,1,38.5442,-102.284741719564,-109.252922058105,-6.96818033854167,0.849999999999795,0.399999999999068,0.199999999999534,-94.41838595659,-10.6203324902936,12.9250083401602,107.872009277344,38.54415,38.5426,270884,"2023_08_31_0032","2023_08_31_0032_ev00986_rec1","no",50643
987,1,38.5798,-97.7870319911412,-101.623527526855,-3.83649553571429,0.250000000001194,0.349999999997408,0.149999999997874,-96.8714566870067,-4.23436644777718,0.253537475474924,25.9132385253904,38.57975,38.5795,271596,"2023_08_31_0032","2023_08_31_0032_ev00987_rec1","no",50644
988,1,38.6149,-98.5063749040876,-103.454582214355,-4.94820731026786,0.800000000005241,1.35000000000218,0.650000000000261,-96.2026890106375,-6.53901954323747,1.38326736214221,58.3915710449218,38.6149,38.6139,272298,"2023_08_31_0032","2023_08_31_0032_ev00988_rec1","no",50645
989,1,38.6393,-95.839719863165,-100.25023651123,-4.41051664806548,0.450000000000728,21.099999999997,17.2999999999988,-24283.1672249613,24188.4524490831,151928.379172115,-38.5440644763767,38.6393,38.63885,272786,"2023_08_31_0032","2023_08_31_0032_ev00989_rec1","no",50646
990,1,38.68985,-101.616261436826,-106.811515808105,-5.19525437127976,0.549999999996942,1.1999999999972,1.55000000000172,-95.2305067915586,-9.98894438282645,8.5282582999879,107.351212274461,38.6898,38.6891,273797,"2023_08_31_0032","2023_08_31_0032_ev00990_rec1","no",50647
991,1,38.79955,-101.325617835635,-104.675285339355,-3.34966750372024,2.049999999997,2.25000000000364,0,-96.6528486267312,-4.45563455517341,7.74125044250034,105.442592075893,38.7995,38.7969,275991,"2023_08_31_0032","2023_08_31_0032_ev00991_rec1","no",50648
992,1,38.86785,-98.281126113165,-106.811515808105,-8.53038969494048,1.00000000000477,1.35000000000218,1.64999999999793,-97.8501499298665,-7.54365056504485,2.20849315638193,-8.70913550967279,38.86775,38.8666,277357,"2023_08_31_0032","2023_08_31_0032_ev00992_rec1","no",50649
993,1,38.9209,-97.4673240298317,-106.811515808105,-9.34419177827381,1.04999999999222,5.25000000000375,6.95000000000334,-98.245113702363,-7.19518824300197,7.05141288819976,-82.8010922386533,38.9206,38.9195,278418,"2023_08_31_0032","2023_08_31_0032_ev00993_rec1","no",50650
994,1,38.9682,-97.0676890781948,-106.35375213623,-9.28606305803571,3.94999999999612,6.25000000000142,3.45000000000084,-97.9442240376747,-8.73678762308731,2.82416503921253,-75.4585266113279,38.968,38.96405,279364,"2023_08_31_0032","2023_08_31_0032_ev00994_rec1","no",50651
995,1,39.0101,-98.8696794055757,-103.759757995605,-4.89007859002976,1.00000000000477,0.199999999999534,0.150000000004979,-96.2307926385368,-5.80537172905502,0.560021038292084,74.1573515392486,39.01005,39.00905,280202,"2023_08_31_0032","2023_08_31_0032_ev00995_rec1","no",50652
996,1,39.04585,-97.242075238909,-101.47093963623,-4.22886439732143,0.500000000002387,2.9000000000039,3.2499999999942,-97.0880405991752,-4.53362788378694,3.3478686744913,-15.6615121023996,39.0454,39.04455,280917,"2023_08_31_0032","2023_08_31_0032_ev00996_rec1","no",50653
997,1,39.1247,-97.1330838884626,-106.04857635498,-8.91549246651786,3.30000000000297,8.24999999999676,12.2,36201.5370151732,-36304.3790480523,184016.164015693,-98.1319972446988,39.1245,39.12115,282494,"2023_08_31_0032","2023_08_31_0032_ev00997_rec1","no",50654
998,1,39.1675,-98.4700444539388,-103.60717010498,-5.13712565104167,1.10000000000099,2.75000000000603,1.50000000000006,-96.959543180335,-7.8864207432204,1.81209024148161,25.4147847493488,39.16695,39.1658,283350,"2023_08_31_0032","2023_08_31_0032_ev00998_rec1","no",50655
999,1,39.20915,-99.1457908267067,-103.60717010498,-4.46137927827381,2.65000000000271,6.3999999999993,0.900000000001455,-96.2656200363419,-9.42566630260426,1.23451354085875,56.4664204915365,39.20625,39.20325,284183,"2023_08_31_0032","2023_08_31_0032_ev00999_rec1","no",50656
1000,1,39.24485,-98.43371400379,-104.52269744873,-6.08898344494048,0.799999999998136,1.69999999999959,2.20000000000198,-99.6193429164871,-3.88632772434597,1.70735687846275,-45.459928966704,39.24485,39.2436,284897,"2023_08_31_0032","2023_08_31_0032_ev01000_rec1","no",50657
1001,1,39.26905,-98.1430704025995,-107.727043151855,-9.58397274925595,3.15000000000509,3.39999999999918,1.85000000000457,-94.7334842622743,-7.77459645356307,16.4991358839176,-26.9159589494977,39.26795,39.26475,285381,"2023_08_31_0032","2023_08_31_0032_ev01001_rec1","no",50658
1002,1,39.305,-92.9550821213495,-103.91234588623,-10.9572637648809,2.65000000000271,31.9999999999965,29.999999999994,-99.8659005097542,-2.90331721047224,1.02115566373146,-226.082938058036,39.30495,39.3022,286100,"2023_08_31_0032","2023_08_31_0032_ev01002_rec1","no",50659
1003,1,39.3266,-98.9786707560221,-109.863273620605,-10.8846028645833,2.25000000000364,1.80000000000291,3.2499999999942,-94.1779650433757,-11.3687782154876,12.8127294290539,-3.78290812174464,39.3264,39.32285,286532,"2023_08_31_0032","2023_08_31_0032_ev01003_rec1","no",50660
1004,1,39.3567,-98.2375295729864,-103.91234588623,-5.67481631324405,0.650000000000261,1.69999999999959,1.75000000000125,-97.409606224223,-6.95221343287456,2.02096878331261,7.6170421781993,39.3565,39.3558,287134,"2023_08_31_0032","2023_08_31_0032_ev01004_rec1","no",50661
1005,1,39.38645,-96.0141060238793,-101.16576385498,-5.15165783110119,1.35000000000218,3.90000000000157,5.04999999999711,-97.1785368547789,-5.5046760089171,2.52312929889333,-55.3261893136161,39.38615,39.38455,287729,"2023_08_31_0032","2023_08_31_0032_ev01005_rec1","no",50662
1006,1,39.41615,-98.7316236950102,-103.30199432373,-4.57037062872024,1.50000000000006,1.14999999999554,0.450000000000728,-96.0179942007023,-4.68423056048117,7.35079772511452,45.7780020577566,39.41595,39.4144,288323,"2023_08_31_0032","2023_08_31_0032_ev01006_rec1","no",50663
1007,1,39.45475,-99.3928378877186,-102.08129119873,-2.6884533110119,0.399999999999068,2.049999999997,0.849999999999795,-97.0924100902596,-4.6174122297729,2.52076970732752,54.6460832868306,39.45435,39.45315,289095,"2023_08_31_0032","2023_08_31_0032_ev01007_rec1","no",50664
1008,1,39.4973,-98.7824863252186,-106.35375213623,-7.5712658110119,2.00000000000244,1.80000000000291,1.1999999999972,-94.8281355511552,-11.724312912727,2.16338685742793,83.983830043248,39.4972,39.49375,289946,"2023_08_31_0032","2023_08_31_0032_ev01008_rec1","no",50665
1009,1,39.53555,-93.4055797031948,-102.844230651855,-9.43865094866071,3.84999999999991,13.0499999999998,29.999999999994,-97.0188748227083,-7.37033197503815,2.75995072950678,-187.818799700056,39.53055,39.5266,290711,"2023_08_31_0032","2023_08_31_0032_ev01009_rec1","no",50666
1010,1,39.58375,-96.8133759271531,-106.04857635498,-9.23520042782738,5.20000000000209,15.2500000000018,6.15000000000521,-98.8885661170894,-6.51730630126158,3.89978472958046,-162.208375476655,39.57605,39.5702,291675,"2023_08_31_0032","2023_08_31_0032_ev01010_rec1","no",50667
1011,1,39.609,-97.4091953095936,-104.21752166748,-6.8083263578869,0.649999999993156,30.5999999999997,25.4000000000048,-28844.9521496268,28747.9181391086,252367.327159317,-42.4969991048175,39.609,39.60835,292180,"2023_08_31_0032","2023_08_31_0032_ev01011_rec1","no",50668
1012,1,39.62905,-94.1394547962007,-103.60717010498,-9.46771530877976,2.10000000000576,32.1499999999943,29.999999999994,-99.9317169839664,-3.87776036793611,1.65225841389966,-198.893410818917,39.6282,39.6261,292581,"2023_08_31_0032","2023_08_31_0032_ev01012_rec1","no",50669
1013,1,39.65755,-101.79064759754,-105.590812683105,-3.80016508556548,0.250000000001194,0.250000000001194,0.149999999997874,-99.1208295136359,-6.84777074419567,0.29004190458146,77.3702348981583,39.65755,39.6573,293151,"2023_08_31_0032","2023_08_31_0032_ev01013_rec1","no",50670
1014,1,39.67775,-98.5354392642067,-108.48998260498,-9.95454334077381,1.05000000000643,1.90000000000623,2.29999999999819,-96.3884289267839,-11.5793484807751,3.33336041416764,20.1094491141183,39.67765,39.6766,293555,"2023_08_31_0032","2023_08_31_0032_ev01014_rec1","no",50671
1015,1,39.7147,-96.3774105253674,-105.13304901123,-8.7556384858631,0.299999999995748,4.55000000000183,7.10000000000122,-98.4465220290723,-5.83999860183425,4.41832265628306,-101.042066301619,39.71345,39.71235,294294,"2023_08_31_0032","2023_08_31_0032_ev01015_rec1","no",50672
1016,1,39.75455,-98.7970185052781,-103.30199432373,-4.50497581845238,1.49999999999295,2.65000000000271,1.90000000000623,-98.0047455162815,-5.71317586149237,2.2641725190336,6.22722080775674,39.7545,39.75295,295091,"2023_08_31_0032","2023_08_31_0032_ev01016_rec1","no",50673
1017,1,39.78655,-98.5717697143555,-102.38646697998,-3.814697265625,0.599999999998602,1.7999999999958,1.7999999999958,-98.120321244367,-5.78909997662462,1.58166565063689,2.46810913085938,39.78645,39.78565,295731,"2023_08_31_0032","2023_08_31_0032_ev01017_rec1","no",50674
1018,1,39.84035,-99.5817562284924,-104.82787322998,-5.2461170014881,1.24999999999886,1.95000000000078,1.04999999999222,-97.8300676238096,-6.7333134904368,1.74689825481289,36.2087431408108,39.84025,39.83895,296807,"2023_08_31_0032","2023_08_31_0032_ev01018_rec1","no",50675
1019,1,39.8573,-97.0676890781948,-103.149406433105,-6.08171735491071,0.300000000002854,2.85000000000224,2.45000000000317,-97.8531005594213,-4.94438654465148,2.02287202872606,-37.7071925571985,39.8562,39.8559,297146,"2023_08_31_0032","2023_08_31_0032_ev01019_rec1","no",50676
1020,1,39.8991,-96.5663288661412,-101.013175964355,-4.44684709821429,0.699999999994816,3.45000000000084,2.24999999999653,-96.9884873669958,-4.65155031558419,1.67755495412254,-27.5006975446431,39.8979,39.8972,297982,"2023_08_31_0032","2023_08_31_0032_ev01020_rec1","no",50677
1021,1,39.93615,-95.1857717604864,-102.844230651855,-7.65845889136905,0.499999999995282,2.34999999999985,3.59999999999872,-96.2650678291419,-5.06484141585981,3.39705772894545,-51.7719813755581,39.93605,39.93545,298723,"2023_08_31_0032","2023_08_31_0032_ev01021_rec1","no",50678
1022,1,39.986,-97.8887572515578,-104.064933776855,-6.17617652529762,0.500000000002387,3.25000000000131,3.30000000000297,-97.0621192363542,-8.13309515833368,3.45181285182602,-8.266299144059,39.98565,39.9851,299720,"2023_08_31_0032","2023_08_31_0032_ev01022_rec1","no",50679
1023,1,40.0473,-100.839483299849,-106.807481926018,-5.96799862616916,0.150000000004979,1.85000000000457,1.50000000000716,-97.2967113849155,-8.95161540074935,3.35676844418259,71.4193792867281,40.0462,40.04575,300946,"2023_08_31_0032","2023_08_31_0032_ev01023_rec1","no",50680
1024,1,40.16575,-98.4981522579491,-106.542145960722,-8.04399370277272,4.05000000000655,4.6999999999997,3.30000000000297,-96.2862018081603,-11.7150110116396,4.05019996023944,-2.43532004220044,40.1657,40.16145,303315,"2023_08_31_0032","2023_08_31_0032_ev01024_rec1","no",50681
1025,1,40.2074,-96.0643557265898,-105.723988692081,-9.6596329654914,3.75000000000369,6.50000000000261,5.04999999999711,-95.0383274033536,-9.4061390388891,7.06562260881255,-50.8266478998779,40.20735,40.2035,304148,"2023_08_31_0032","2023_08_31_0032_ev01025_rec1","no",50682
1026,1,40.3341,-101.310046268013,-107.599296387619,-6.28925011960581,0.450000000000728,1.4499999999984,1.64999999999793,-95.6176684146343,-11.4943185303573,4.59765300700968,115.782385621164,40.3339,40.3325,306682,"2023_08_31_0032","2023_08_31_0032_ev01026_rec1","no",50683
1027,1,40.3673,-97.6143736877121,-103.251618564169,-5.63724487645715,3.79999999999825,34.7500000000025,30.0000000000011,-98.5272674545315,0.649009022353035,17.5722150116784,-33.5808418534105,40.3668,40.3602,307346,"2023_08_31_0032","2023_08_31_0032_ev01027_rec1","no",50684
1028,1,40.38465,-95.9089524154648,-104.88047579037,-8.97152337490492,1.15000000000265,2.69999999999726,3.40000000000629,-98.6039015461626,-6.03784390911045,1.50129864496738,-97.8707712484247,40.38445,40.38315,307693,"2023_08_31_0032","2023_08_31_0032_ev01028_rec1","no",50685
1029,1,40.4156,-100.218679070793,-106.740057453238,-6.52137838244543,3.4999999999954,1.55000000000172,0,-98.4686958191914,-3.42563716636222,3.04829921051115,29.7668686404968,40.41535,40.4114,308312,"2023_08_31_0032","2023_08_31_0032_ev01029_rec1","no",50686
1030,1,40.4567,-96.7753730627392,-105.461219634695,-8.68584657195562,0.749999999996476,4.65000000000515,6.45000000000095,-97.6957303757516,-6.81424779529329,5.93269522121205,-72.6977170453324,40.45655,40.4558,309134,"2023_08_31_0032","2023_08_31_0032_ev01030_rec1","no",50687
1031,1,40.49375,-99.6716302942132,-103.135518082196,-3.4638877879823,0.149999999997874,2.89999999999679,1.64999999999793,-97.9841815517983,-5.00172455077369,3.15196364621752,29.4767227537958,40.4921,40.4915,309875,"2023_08_31_0032","2023_08_31_0032_ev01031_rec1","no",50688
1032,1,40.5151,-97.9979911877122,-103.201785436634,-5.20379424892131,0.749999999996476,21.3999999999999,16.7999999999964,-83336.3244312527,83239.2217350137,496103.267405203,-53.7197827416796,40.51445,40.51365,310302,"2023_08_31_0032","2023_08_31_0032_ev01032_rec1","no",50689
1033,1,40.5392,-97.7955624320617,-107.503570945973,-9.70800851391152,3.14999999999799,5.09999999999877,3.00000000000011,-96.1924033477924,-11.7431813993844,3.68328957481645,-22.8841523301055,40.53795,40.5343,310784,"2023_08_31_0032","2023_08_31_0032_ev01033_rec1","no",50690
1034,1,40.6701,-100.837931572588,-104.524608981629,-3.68667740904178,0.950000000003115,1.60000000000338,0,-92.7465089765717,-9.39319555657108,26.0036405633477,69.5129313640329,40.66925,40.66805,313402,"2023_08_31_0032","2023_08_31_0032_ev01034_rec1","no",50691
1035,1,40.70615,-99.860852077521,-105.095510094946,-5.23465801742464,1.49999999999295,1.60000000000338,1.60000000000338,-98.3502775788757,-7.21148267798925,2.20152574735042,26.1246803087159,40.70615,40.70445,314123,"2023_08_31_0032","2023_08_31_0032_ev01035_rec1","no",50692
1036,1,40.80555,-100.28443278254,-106.228774599667,-5.94434181712661,0.350000000004513,1.24999999999886,3.10000000000343,-97.5557356292401,-6.01210364495374,15.5481046056268,0.106958097053791,40.8054,40.8048,316111,"2023_08_31_0032","2023_08_31_0032_ev01036_rec1","no",50693
1037,1,40.82305,-97.4803901719174,-102.244995607292,-4.76460543537458,0.150000000004979,2.49999999999773,3.90000000000157,-97.7567406737001,-3.22674240023795,5.04334069764132,-26.4959359204554,40.8228,40.8226,316461,"2023_08_31_0032","2023_08_31_0032_ev01037_rec1","no",50694
1038,1,40.87635,-102.463991026651,-110.298692529793,-7.83470150314189,1.10000000000099,1.55000000000172,1.50000000000006,-97.7178905154138,-9.8230053426088,5.96667191841367,79.7657912142574,40.87625,40.875,317527,"2023_08_31_0032","2023_08_31_0032_ev01038_rec1","no",50695
1039,1,40.8971,-98.2022583108225,-106.187619856349,-7.98536154552617,0.399999999999068,0.399999999999068,0,8351.55453067409,-8451.2029252641,53457.7507298941,25.083055611249,40.89705,40.8966,317942,"2023_08_31_0032","2023_08_31_0032_ev01039_rec1","no",50696
1040,1,40.9512,-99.7284379758379,-107.093968989446,-7.36553101360796,1.40000000000384,30.300000000004,30.0000000000011,-112.115523149633,15.0622829859792,67.9829395268739,-10.0602500483697,40.95115,40.9497,319024,"2023_08_31_0032","2023_08_31_0032_ev01040_rec1","no",50697
1041,1,40.96675,-96.9491670941971,-104.756220556455,-7.80705346225791,2.09999999999866,15.2000000000001,18.9000000000021,49221.1187902063,-49324.4681679567,265127.913782078,-126.348964191712,40.96575,40.9633,319335,"2023_08_31_0032","2023_08_31_0032_ev01041_rec1","no",50698
1042,1,41.00465,-101.548284097903,-104.780366583312,-3.23208248540985,0.249999999994088,0.250000000001194,0.399999999999068,-98.2798493405819,-5.25915510648256,2.2904894137624,85.5861556290084,41.0046,41.00435,320093,"2023_08_31_0032","2023_08_31_0032_ev01042_rec1","no",50699
1043,1,41.01815,-98.3621361705706,-103.731746766362,-5.36961059579168,0.250000000001194,1.64999999999793,0.999999999997669,-96.7580368715932,-8.96363750841681,1.10327874296527,29.6531114369635,41.0162,41.01545,320363,"2023_08_31_0032","2023_08_31_0032_ev01043_rec1","no",50700
1044,1,41.0722,-95.2801100623453,-104.535590736285,-9.25548067393996,9.24999999999443,17.2999999999988,4.3500000000023,-97402.1872603254,97304.3168903276,505725.756346128,-221.571670089514,41.0717,41.06215,321444,"2023_08_31_0032","2023_08_31_0032_ev01044_rec1","no",50701
1045,1,41.092,-101.193683081363,-107.292896771986,-6.09921369062292,0.399999999999068,2.00000000000244,3.64999999999327,-101.333010619681,-4.07402175540764,5.56163347022862,-28.542824689173,41.0919,41.09115,321840,"2023_08_31_0032","2023_08_31_0032_ev01045_rec1","no",50702
1046,1,41.1209,-101.535260306448,-105.640852042925,-4.10559173647771,1.24999999999886,0.350000000004513,1.7999999999958,47058.9856825887,-47162.4738527038,193625.537428453,43.8192834351572,41.12005,41.11795,322418,"2023_08_31_0032","2023_08_31_0032_ev01046_rec1","no",50703
1047,1,41.16275,-94.8288967797775,-102.906687039888,-8.07779026011067,2.49999999999773,31.3999999999979,16.6500000000056,-16804.9222262797,16707.6372972437,522199.679288824,-98.7182541999838,41.1626,41.16005,323255,"2023_08_31_0032","2023_08_31_0032_ev01047_rec1","no",50704
1048,1,41.1959,-100.347646385567,-106.24883123738,-5.90118485181327,1.14999999999554,3.10000000000343,1.4500000000055,-96.5950401605796,-13.0226022112447,1.82532449882676,81.5543055442454,41.19505,41.1939,323918,"2023_08_31_0032","2023_08_31_0032_ev01048_rec1","no",50705
1049,1,41.22635,-96.7917680091522,-104.89944039926,-8.10767239010796,2.65000000000271,2.40000000000151,0.849999999999795,-97.2282176781553,-6.23289176513647,0.948813287906828,-33.9898702133906,41.22565,41.22275,324527,"2023_08_31_0032","2023_08_31_0032_ev01049_rec1","no",50706
1050,1,41.2629,-96.2732673681102,-98.362146007447,-2.08887863933676,0.400000000006173,1.50000000000006,1.7999999999958,-94.2124496214629,-3.62018759385654,7.44687431214489,34.2594470372914,41.2629,41.2625,325258,"2023_08_31_0032","2023_08_31_0032_ev01050_rec1","no",50707
1051,1,41.3252,-104.286004275168,-109.258316943596,-4.97231266842795,0.700000000001921,2.34999999999275,2.35000000000696,-100.606749030051,-8.20370295269557,5.86763399581152,60.4455395773102,41.32505,41.32435,326504,"2023_08_31_0032","2023_08_31_0032_ev01051_rec1","no",50708
1052,1,41.35495,-95.0331762544908,-109.04848288593,-14.0153066314393,2.09999999999866,6.00000000000023,5.39999999999452,-98.2501288412393,-12.2468143336656,2.96205678325307,-175.231901376228,41.35275,41.35045,327099,"2023_08_31_0032","2023_08_31_0032_ev01052_rec1","no",50709
1053,1,41.3885,-100.661158187767,-103.719154856401,-3.05799666863382,0.349999999997408,1.14999999999554,1.00000000000477,-96.5214779017207,-8.46749479609575,2.15193474536854,105.207817589324,41.38825,41.3879,327770,"2023_08_31_0032","2023_08_31_0032_ev01053_rec1","no",50710
1054,1,41.46215,-101.278121037491,-106.82251651423,-5.54439547673935,0.849999999999795,1.60000000000338,0.900000000001455,-96.583485705104,-13.3641983506935,1.28132789342196,122.431905203587,41.4617,41.4575,329243,"2023_08_31_0032","2023_08_31_0032_ev01054_rec1","no",50711
1055,1,41.52485,-104.281341266251,-106.798136386968,-2.51679512071667,2.34999999999275,2.85000000000224,0.999999999997669,-97.6848359526625,-9.19525416897268,4.97304205564319,154.86812112453,41.5246,41.5216,330497,"2023_08_31_0032","2023_08_31_0032_ev01055_rec1","no",50712
1056,1,41.5472,-99.8011101806711,-102.13236592724,-2.3312557465694,0.0500000000016598,0.799999999998136,0.900000000001455,-96.1222342491914,-6.01197689649561,3.21454127556751,90.3823275095039,41.54695,41.5469,330944,"2023_08_31_0032","2023_08_31_0032_ev01056_rec1","no",50713
1057,1,41.5664,-95.8646019218825,-100.957884752656,-5.09328283077308,0.199999999992428,30.3499999999985,29.999999999994,-34296.1766868751,34201.4161243035,370105.24839988,-10.3132217246574,41.56615,41.56585,331328,"2023_08_31_0032","2023_08_31_0032_ev01057_rec1","no",50714
1058,1,41.617,-98.5328504322008,-108.312380718797,-9.77953028659665,4.30000000000064,1.99999999999534,2.0500000000041,-97.9560189833509,-8.8956994064004,2.73075114326669,-27.410800477382,41.61685,41.6125,332340,"2023_08_31_0032","2023_08_31_0032_ev01058_rec1","no",50715
1059,1,41.6586,-99.384418836403,-107.47776397476,-8.09334513835708,2.15000000000032,2.25000000000364,2.15000000000032,-99.954038200233,-7.34368314410748,1.92937925230486,-40.5574056308708,41.65835,41.65595,333172,"2023_08_31_0032","2023_08_31_0032_ev01059_rec1","no",50716
1060,1,41.6847,-101.909979138282,-107.258161269415,-5.34818213113297,0.349999999997408,0.149999999990769,0,-94.1453953157622,-9.27335983207376,9.80885532734912,145.249721596205,41.6847,41.6842,333694,"2023_08_31_0032","2023_08_31_0032_ev01060_rec1","no",50717
1061,1,41.73685,-96.8794804172125,-101.818873284718,-4.93939286750599,0.999999999997669,4.79999999999592,2.85000000000224,-96.111489316284,-6.40364152061555,3.14907401951724,-9.80351074364243,41.73425,41.73305,334737,"2023_08_31_0032","2023_08_31_0032_ev01061_rec1","no",50718
1062,1,41.7689,-98.1551034381806,-103.581718969948,-5.42661553176738,0.650000000000261,30.9500000000043,25.2999999999943,-53637.6003747483,53541.4021237293,341725.652090283,-18.7279305961422,41.76745,41.76615,335378,"2023_08_31_0032","2023_08_31_0032_ev01062_rec1","no",50719
1063,1,41.7944,-99.3592123509708,-104.275050293887,-4.91583794291653,2.09999999999866,3.25000000000131,3.00000000000011,-96.9737090901542,-5.91405201508007,8.8569505280117,13.7991192314809,41.79405,41.7915,335888,"2023_08_31_0032","2023_08_31_0032_ev01063_rec1","no",50720
1064,1,41.8261,-98.3808487640955,-100.460714977575,-2.07986621347906,0.349999999997408,0.749999999996476,0.600000000005707,-97.4985536687551,-3.01757097351503,0.973283519667916,22.7467233081678,41.8261,41.8257,336522,"2023_08_31_0032","2023_08_31_0032_ev01064_rec1","no",50721
1065,1,41.8447,-92.698375456013,-105.796014739728,-13.0976392837148,2.85000000000224,3.95000000000323,4.04999999999944,-96.8070066828937,-8.36568279516647,1.66781485809272,-161.863178027715,41.8442,41.84115,336894,"2023_08_31_0032","2023_08_31_0032_ev01065_rec1","no",50722
1066,1,41.89565,-100.548519830678,-103.170745882076,-2.62222605139779,0.499999999995282,30.2500000000023,30.0000000000011,-98.7864553288642,2.06221191283808,21.2149723260613,85.6748301289386,41.89565,41.895,337913,"2023_08_31_0032","2023_08_31_0032_ev01066_rec1","no",50723
1067,1,41.9567,-103.418263180551,-105.760187166739,-2.34192398618809,0.450000000000728,30.3499999999985,30.0000000000011,-14092.7977686588,13993.4482278306,201927.429662973,90.0979389533718,41.95665,41.956,339134,"2023_08_31_0032","2023_08_31_0032_ev01067_rec1","no",50724
1068,1,41.97285,-96.1311646709592,-105.371586377572,-9.24042170661318,2.95000000000556,8.20000000000221,17.3000000000059,-99.2472946104921,-3.56367657444504,7.01442643079645,-138.040064361314,41.97235,41.9693,339457,"2023_08_31_0032","2023_08_31_0032_ev01068_rec1","no",50725
1069,1,42.00375,-99.192798493455,-101.837114993931,-2.64431650047554,0.349999999997408,2.49999999999773,2.74999999999892,-98.2755881019768,-4.05424466608914,3.59450529439648,9.97863655674128,42.0029,42.00255,340075,"2023_08_31_0032","2023_08_31_0032_ev01069_rec1","no",50726
1070,1,42.0544,-99.6189656839531,-102.756967281962,-3.13800159800861,1.1999999999972,1.94999999999368,2.49999999999773,-99.3916164150215,-2.59455606408116,3.97231955885523,-6.00895496559768,42.05435,42.05305,341088,"2023_08_31_0032","2023_08_31_0032_ev01070_rec1","no",50727
1071,1,42.08355,-96.3499406373934,-103.415863235425,-7.06592259803119,2.94999999999845,4.59999999999638,2.14999999999321,-97.4068722394,-8.68458029164546,1.24700649559537,-66.4483197705612,42.0819,42.07895,341671,"2023_08_31_0032","2023_08_31_0032_ev01071_rec1","no",50728
1072,1,42.11385,-98.103644299278,-101.964524789301,-3.86088049002268,0.250000000001194,2.15000000000032,1.69999999999959,-93.9563841229185,-7.6630845709846,5.3742017613981,80.7355253129016,42.1138,42.1124,342277,"2023_08_31_0032","2023_08_31_0032_ev01072_rec1","no",50729
1073,1,42.1869,-95.9404910831283,-103.580911558536,-7.64042047540717,1.04999999999222,0.299999999995748,2.40000000000151,-92.0026862172563,-7.13814151716394,44.5825469392383,-41.0174423166696,42.18685,42.18575,343738,"2023_08_31_0032","2023_08_31_0032_ev01073_rec1","no",50730
1074,1,42.26425,-98.0434954271153,-100.640193055743,-2.59669762862815,0.350000000004513,26.6500000000036,24.6500000000012,-106398.858847236,106304.921511177,517420.304365535,29.6452784004027,42.26425,42.26385,345285,"2023_08_31_0032","2023_08_31_0032_ev01074_rec1","no",50731
1075,1,42.31735,-95.5372773690544,-104.82484979106,-9.28757242200558,2.70000000000437,9.79999999999848,10.5000000000004,-90.3200633746553,-13.3861914091681,24.0292421460506,-93.2502425810087,42.3168,42.31365,346347,"2023_08_31_0032","2023_08_31_0032_ev01075_rec1","no",50732
1076,1,42.35225,-95.0899040839568,-102.15130945321,-7.06140536925335,1.4500000000055,2.39999999999441,2.44999999999607,-96.3093085374301,-2.96193324514084,3.25037792396719,-55.5910795785826,42.35145,42.35,347045,"2023_08_31_0032","2023_08_31_0032_ev01076_rec1","no",50733
1077,1,42.3829,-98.6238206533587,-103.591950495162,-4.96812984180299,1.29999999999342,30.2499999999952,30.0000000000011,-38431.624708613,38336.0893584986,234081.076416125,16.4910453519604,42.3829,42.3816,347658,"2023_08_31_0032","2023_08_31_0032_ev01077_rec1","no",50734
1078,1,42.41555,-101.426415368435,-113.454209129079,-12.0277937606438,1.54999999999461,0.599999999998602,0.600000000005707,-98.2831158310954,-13.1496823416604,1.06772943063869,74.4498452276295,42.4155,42.4136,348311,"2023_08_31_0032","2023_08_31_0032_ev01078_rec1","no",50735
1079,1,42.4494,-96.2363014852059,-102.954634985004,-6.71833349979761,0.299999999995748,3.05000000000177,2.84999999999513,-96.7201702602377,-4.34879302707644,3.68583941295599,-36.3489516388291,42.448,42.44765,348988,"2023_08_31_0032","2023_08_31_0032_ev01079_rec1","no",50736
1080,1,42.4877,-99.4934058690822,-102.513087309625,-3.01968144054227,0.849999999999795,3.70000000000203,2.85000000000224,-98.2534280915384,-3.92472149005861,5.59602917939898,12.493851300347,42.4874,42.4859,349754,"2023_08_31_0032","2023_08_31_0032_ev01080_rec1","no",50737
1081,1,42.57545,-101.944595940794,-105.38589260341,-3.44129666261571,1.05000000000643,0.499999999995282,0,14369.0744997057,-14470.6293756248,75679.0962610284,96.659840565768,42.5754,42.57385,351509,"2023_08_31_0032","2023_08_31_0032_ev01081_rec1","no",50738
1082,1,42.65225,-99.7337623869081,-106.500539519999,-6.76677713309044,0.749999999996476,11.7000000000047,13.9000000000067,113943.257444418,-114049.408453029,405663.596081607,-71.9418485552733,42.6519,42.65095,353045,"2023_08_31_0032","2023_08_31_0032_ev01082_rec1","no",50739
1083,1,42.6946,-98.9885616260376,-104.202651008537,-5.21408938249961,0.500000000002387,3.00000000000011,3.10000000000343,-99.2795284777514,-6.43180577130337,2.25283926863905,-26.5935158776672,42.6941,42.69345,353892,"2023_08_31_0032","2023_08_31_0032_ev01083_rec1","no",50740
1084,1,42.7257,-100.5490121743,-113.909114033717,-13.3601018594175,2.35000000000696,2.45000000000317,1.69999999999959,-98.2471825030672,-15.2290910882392,2.25994821090326,18.4706343145046,42.72565,42.7229,354514,"2023_08_31_0032","2023_08_31_0032_ev01084_rec1","no",50741
1085,1,42.7839,-99.7354476020263,-105.267159444036,-5.53171184200937,1.69999999999959,5.15000000000043,6.50000000000261,-100.232789649057,-4.42169326003944,6.21101817338264,-48.1738420127232,42.7839,42.7818,355678,"2023_08_31_0032","2023_08_31_0032_ev01085_rec1","no",50742
1086,1,42.85225,-96.8877780197605,-110.916884831871,-14.0291068121108,3.19999999999965,4.80000000000302,4.1000000000011,-97.3083852961463,-11.1951080169162,4.80266243486039,-98.3495263648514,42.85175,42.848,357045,"2023_08_31_0032","2023_08_31_0032_ev01086_rec1","no",50743
1087,1,42.87515,-95.9576832817589,-100.007482094849,-4.04979881309033,0.149999999997874,31.7000000000007,30.0000000000011,-98.1848731900508,-0.55242804672323,1.11613408167376,-73.3200826276612,42.87355,42.8734,357503,"2023_08_31_0032","2023_08_31_0032_ev01087_rec1","no",50744
1088,1,42.9119,-99.0303125241046,-104.694438908192,-5.6641263840873,0.700000000001921,30.9499999999971,30.0000000000011,-22991.3697180617,22893.6843046242,288840.198017295,-0.0902518043839731,42.9114,42.9107,358238,"2023_08_31_0032","2023_08_31_0032_ev01088_rec1","no",50745
1089,1,42.94045,-98.8165343657042,-103.621281087766,-4.80474672206154,0.450000000000728,0.600000000005707,0.0500000000016598,-99.2643148583859,-4.3568757541273,1e-07,-15.0591153796139,42.9403,42.93985,358809,"2023_08_31_0032","2023_08_31_0032_ev01089_rec1","no",50746
1090,1,42.96235,-97.6607523880045,-106.117375452831,-8.4566230648266,2.09999999999866,6.1499999999981,5.60000000000116,-98.5555980935917,-7.19919006330949,4.79111599903095,-78.2260911552842,42.96135,42.9592,359247,"2023_08_31_0032","2023_08_31_0032_ev01090_rec1","no",50747
1091,1,43.0618,-95.5822605310064,-112.309512859123,-16.7272523281166,10.7999999999961,12.750000000004,6.1499999999981,-99.6197232762219,-10.6214079837255,3.83706612336294,-262.599694176464,43.0605,43.0487,361236,"2023_08_31_0032","2023_08_31_0032_ev01091_rec1","no",50748
1092,1,43.0923,-101.208727985422,-104.115501991839,-2.90677400641674,0.600000000005707,30.5000000000035,30.0000000000011,-99.9918022216046,2.03686061902279,13.3874840256817,59.3102280440764,43.0921,43.0913,361846,"2023_08_31_0032","2023_08_31_0032_ev01092_rec1","no",50749
1093,1,43.11185,-100.413643607534,-108.368731920516,-7.95508831298183,0.199999999999534,1.59999999999627,0.900000000001455,-98.4564808200479,-9.91658365808982,1.30518376273683,37.4888246840344,43.11055,43.10975,362237,"2023_08_31_0032","2023_08_31_0032_ev01093_rec1","no",50750
1094,1,43.13895,-98.0613433538263,-103.35734100217,-5.29599764834335,0.600000000005707,7.89999999999935,30.0000000000011,-100.495599208002,-2.89721177082015,2.82298099966233,-85.8719017605561,43.13865,43.13805,362779,"2023_08_31_0032","2023_08_31_0032_ev01094_rec1","no",50751
1095,1,43.1606,-97.9195201581098,-108.38964867264,-10.4701285145297,1.14999999999554,3.84999999999991,4.54999999999472,-98.8463595785034,-9.34618554433478,3.94704584261563,-73.4446867558614,43.16035,43.15915,363212,"2023_08_31_0032","2023_08_31_0032_ev01095_rec1","no",50752
1096,1,43.1946,-101.000972370835,-105.910020626776,-4.90904825594063,1.55000000000882,4.44999999999851,3.84999999999991,-99.801072851506,-7.46410824265108,4.23309446353437,-8.49970738944513,43.194,43.1906,363892,"2023_08_31_0032","2023_08_31_0032_ev01096_rec1","no",50753
1097,1,43.22755,-98.4609309936552,-106.749334588221,-8.28840359456589,1.14999999999554,2.60000000000105,3.15000000000509,-98.6795761469394,-7.14788932393852,3.41792264308385,-36.5796725319002,43.2275,43.22635,364551,"2023_08_31_0032","2023_08_31_0032_ev01097_rec1","no",50754
1098,1,43.2507,-98.4785869814006,-107.951876538555,-9.47328955715467,1.50000000000006,0.900000000001455,0.750000000003581,-97.7707085423557,-9.584153894317,0.91650295746296,4.81397656196511,43.2506,43.24905,365014,"2023_08_31_0032","2023_08_31_0032_ev01098_rec1","no",50755
1099,1,43.27125,-96.0207688135459,-100.697093344458,-4.67632453091227,0.800000000005241,9.3000000000032,9.75000000000392,-94.0344455485762,-6.57586596690843,17.0538904701512,-48.7530224325816,43.26845,43.2674,365425,"2023_08_31_0032","2023_08_31_0032_ev01099_rec1","no",50756
1100,1,43.3423,-99.0037203282249,-103.79978776812,-4.79606743989558,0.250000000001194,31.099999999995,30.0000000000011,-30499.005570054,30401.130899329,386252.232225931,-6.66395717881942,43.3413,43.341,366846,"2023_08_31_0032","2023_08_31_0032_ev01100_rec1","no",50757
1101,1,43.3908,-95.746073139356,-105.31219919818,-9.566126058824,3.39999999999918,10.0999999999942,12.9000000000019,-94.6446409375316,-8.33441081424771,21.9978931548869,-131.31797758728,43.3904,43.3862,367816,"2023_08_31_0032","2023_08_31_0032_ev01101_rec1","no",50758
1102,1,43.44205,-99.8124935895015,-106.462393968129,-6.64990037862745,1.04999999999222,0.250000000001194,0.500000000002387,-97.5665195507547,-5.8157075217411,2.45086128311146,49.9612027014064,43.442,43.44085,368841,"2023_08_31_0032","2023_08_31_0032_ev01102_rec1","no",50759
1103,1,43.4929,-96.9428361043342,-100.163189361986,-3.22035325765125,3.74999999999659,19.8499999999981,15.2500000000018,-37448.3308966055,37351.9394069278,326665.579498455,-48.2382932177747,43.4925,43.4882,369858,"2023_08_31_0032","2023_08_31_0032_ev01103_rec1","no",50760
1104,1,43.53525,-100.801641692614,-108.31329648224,-7.51165478962506,1.40000000000384,30.2500000000023,30.0000000000011,-31959.1130189577,31861.2862317085,343674.72896678,41.8156582910189,43.5351,43.5333,370705,"2023_08_31_0032","2023_08_31_0032_ev01104_rec1","no",50761
1105,1,43.57655,-100.075100319558,-108.459091151601,-8.38399083204229,2.60000000000105,1.69999999999959,1.50000000000006,-100.051080831111,-10.194471395538,1.28499809261664,-26.2760683419785,43.5759,43.57315,371531,"2023_08_31_0032","2023_08_31_0032_ev01105_rec1","no",50762
1106,1,43.60075,-98.574119256363,-105.463028892529,-6.88890963616609,1.15000000000265,2.54999999999939,3.65000000000038,-99.7644092833015,-4.02356921745813,3.36566724885559,-53.996543335958,43.6006,43.5994,372015,"2023_08_31_0032","2023_08_31_0032_ev01106_rec1","no",50763
1107,1,43.63265,-102.406586613304,-104.962002804333,-2.5554161910291,0.250000000008299,3.05000000000177,0.999999999997669,-98.0939875245839,-9.71493745716673,1.64695924288196,112.608757349037,43.63105,43.63035,372653,"2023_08_31_0032","2023_08_31_0032_ev01107_rec1","no",50764
1108,1,43.7146,-99.7153526429922,-101.808448395078,-2.09309575208562,0.250000000001194,0.849999999999795,0.999999999997669,-96.5019726878744,-4.74395000274258,5.66463460026069,68.9349535522467,43.7146,43.7143,374292,"2023_08_31_0032","2023_08_31_0032_ev01108_rec1","no",50765
1109,1,43.7323,-97.7432730998247,-101.470081149033,-3.72680804920871,0.300000000009959,27.2000000000006,24.3000000000038,-93545.4938361024,93450.5112863893,548037.420804556,4.86937266463929,43.7321,43.73175,374646,"2023_08_31_0032","2023_08_31_0032_ev01109_rec1","no",50766
1110,1,43.75565,-96.5181509243997,-103.315110275716,-6.79695935131635,0.650000000007367,8.49999999999795,7.80000000000314,-77.2722781665418,-24.6845180939175,61.7372294197832,-23.6065346893637,43.75475,43.7517,375113,"2023_08_31_0032","2023_08_31_0032_ev01110_rec1","no",50767
1111,1,43.8408,-98.2309752982326,-103.912948514285,-5.6819732160528,2.94999999999845,23.4499999999969,12.2999999999962,-17984.0971227142,17884.8242062574,207100.063341007,-89.9982552921229,43.8402,43.8372,376816,"2023_08_31_0032","2023_08_31_0032_ev01111_rec1","no",50768
1112,1,43.8722,-101.248580712524,-104.495788877971,-3.24720816544682,0.200000000006639,30.2999999999969,30.0000000000011,-21297.1942607312,21199.4109852829,220962.052883869,60.0134938134381,43.87205,43.87185,377444,"2023_08_31_0032","2023_08_31_0032_ev01112_rec1","no",50769
1113,1,43.89865,-102.783309651858,-107.911503094396,-5.12819344253779,1.04999999999933,0.399999999999068,0.400000000006173,-97.4523393582652,-8.83775796015589,1.90052198035479,142.870535355799,43.89865,43.8974,377973,"2023_08_31_0032","2023_08_31_0032_ev01113_rec1","no",50770
1114,1,43.9615,-96.3643458094787,-106.109825601737,-9.74547979225871,3.39999999999918,3.00000000000011,3.19999999999254,-99.0054625330536,-4.86421105613867,1.99028539754345,-114.250896137248,43.96035,43.95665,379230,"2023_08_31_0032","2023_08_31_0032_ev01114_rec1","no",50771
1115,1,43.98095,-100.584003489457,-103.611416670611,-3.02741318115393,0.150000000004979,1.15000000000265,0.950000000003115,-97.7724634600346,-6.56092679878439,1.81723070249911,71.380539166455,43.98065,43.9803,379619,"2023_08_31_0032","2023_08_31_0032_ev01115_rec1","no",50772
1116,1,44.0104,-95.5708862318451,-106.983648825543,-11.4127625936979,3.65000000000748,2.45000000000317,2.9000000000039,-98.7307410142904,-8.47191158264349,1.39907025723146,-126.009455769475,44.01035,44.00665,380208,"2023_08_31_0032","2023_08_31_0032_ev01116_rec1","no",50773
1117,1,44.0303,-94.9017661496262,-107.13130247549,-12.2295363258634,3.30000000000297,4.40000000000396,2.40000000000151,-98.353754013269,-10.1762920259742,1.07011352226337,-138.281967069583,44.03,44.0267,380606,"2023_08_31_0032","2023_08_31_0032_ev01117_rec1","no",50774
1118,1,44.0582,-95.9573843649012,-102.971615431732,-7.01423106683117,1.05000000000643,3.39999999999918,2.54999999999939,-97.1007417036776,-8.40240782304075,1.45059827977405,-59.9845669869085,44.057,44.05575,381164,"2023_08_31_0032","2023_08_31_0032_ev01118_rec1","no",50775
1119,1,44.1391,-95.7490347787092,-104.652161685847,-8.90312690713768,0.700000000001921,8.59999999999417,15.3999999999996,-97.2694222566007,-4.94864194031879,15.026866888214,-116.003000976519,44.13885,44.13815,382782,"2023_08_31_0032","2023_08_31_0032_ev01119_rec1","no",50776
1120,1,44.2472,-99.2551316249752,-102.754132323596,-3.49900069862065,0.0999999999962142,30.4000000000002,28.3000000000015,-18762.5366837401,18664.3460709582,223870.733580373,-7.12769644093532,44.2467,44.24655,384944,"2023_08_31_0032","2023_08_31_0032_ev01120_rec1","no",50777
1121,1,44.26625,-96.602188550587,-103.79749554629,-7.19530699570275,1.90000000000623,31.9500000000019,30.0000000000011,4110.61612138714,-4211.67732513825,224491.121793687,-137.59345654337,44.2659,44.26395,385325,"2023_08_31_0032","2023_08_31_0032_ev01121_rec1","no",50778
1122,1,44.287,-99.1392933098972,-109.447998034653,-10.3087047247561,2.69999999999726,2.65000000000271,2.14999999999321,-97.39099462292,-11.1403433853802,3.110721390619,2.97061309116469,44.28695,44.2842,385740,"2023_08_31_0032","2023_08_31_0032_ev01122_rec1","no",50779
1123,1,44.31135,-97.2030763225608,-100.449825020365,-3.24674869780458,0.450000000000728,2.59999999999394,2.60000000000105,-93.596216740298,-8.28166129809066,4.82327800819455,66.7436113191858,44.31135,44.3109,386227,"2023_08_31_0032","2023_08_31_0032_ev01123_rec1","no",50780
1124,1,44.35215,-94.6693268407945,-97.0674095194033,-2.39808267860873,1.04999999999222,24.9999999999986,12.5500000000045,-21598.3628473199,21503.1447152343,795678.320626248,-41.1383684785737,44.34915,44.34745,387043,"2023_08_31_0032","2023_08_31_0032_ev01124_rec1","no",50781
1125,1,44.3951,-95.890664137996,-108.14977301067,-12.2591088726737,1.85000000000457,3.95000000000323,6.79999999999836,-93.1516891611112,-10.0445633606947,21.0718184521629,-95.1285626633947,44.3947,44.3928,387902,"2023_08_31_0032","2023_08_31_0032_ev01125_rec1","no",50782
1126,1,44.42735,-98.6266418383866,-100.898775854709,-2.27213401632264,0.549999999996942,30.300000000004,30.0000000000011,-8534.35699001472,8437.00115081551,426955.449868466,27.8210590454846,44.4271,44.42655,388547,"2023_08_31_0032","2023_08_31_0032_ev01126_rec1","no",50783
1127,1,44.4605,-95.7752988423392,-104.81682440038,-9.04152555804124,1.24999999999886,1.24999999999886,0,8806.5056229388,-8904.66089050329,138954.76598975,-75.2304163591654,44.45595,44.45455,389210,"2023_08_31_0032","2023_08_31_0032_ev01127_rec1","no",50784
1128,1,44.49735,-98.3912409573002,-103.141269596028,-4.75002863872757,0.999999999990564,1.64999999999793,1.24999999999886,-96.2106872120098,-6.53329643350934,2.51740375765284,44.2903036251715,44.4968,44.4957,389947,"2023_08_31_0032","2023_08_31_0032_ev01128_rec1","no",50785
1129,1,44.5387,-98.749341646875,-103.427261133887,-4.67791948701201,0.600000000005707,1.75000000000125,1.39999999999674,-98.6912215820273,-4.79507912960124,1.42969064427545,-8.25668170609011,44.53815,44.5375,390774,"2023_08_31_0032","2023_08_31_0032_ev01129_rec1","no",50786
1130,1,44.5916,-99.8262905677733,-104.214127980307,-4.38783741253397,1.99999999999534,0.399999999999068,0.500000000002387,-96.5023499263408,-5.63587521218832,3.64745387259862,72.0846390306491,44.5915,44.58855,391832,"2023_08_31_0032","2023_08_31_0032_ev01130_rec1","no",50787
1131,1,44.65235,-93.9686668697141,-99.9011728396626,-5.93250596994852,0.699999999994816,28.9500000000089,16.3000000000011,-25462.2189607929,25367.3309435004,324436.185533879,-89.9674605891521,44.6471,44.64635,393047,"2023_08_31_0032","2023_08_31_0032_ev01131_rec1","no",50788
1132,1,44.681,-97.0380798564915,-102.333259448877,-5.29517959238576,1.24999999999886,2.74999999999181,0.950000000003115,-96.0331331388944,-8.66256608102532,0.874491953042472,14.8220333366242,44.6802,44.67845,393620,"2023_08_31_0032","2023_08_31_0032_ev01132_rec1","no",50789
1133,1,44.71185,-96.4507914029956,-98.7754149090028,-2.3246235060072,0.549999999996942,0.900000000001455,0,4820.72063101536,-4916.75863982305,202093.151057435,19.3288835485774,44.7116,44.7099,394237,"2023_08_31_0032","2023_08_31_0032_ev01133_rec1","no",50790
1134,1,44.73145,-95.946239067579,-100.948451333225,-5.00221226564574,0.500000000002387,3.2499999999942,0.0500000000016598,-95.3853952087355,-2.50705381530776,1.73953333922582,5.9248142033895,44.7303,44.72785,394629,"2023_08_31_0032","2023_08_31_0032_ev01134_rec1","no",50791
1135,1,44.78465,-97.2803649719041,-103.205337775885,-5.92497280398103,2.39999999999441,2.45000000000317,1.75000000000125,-94.7568125833033,-8.97705301363346,2.72521010004432,42.9500464769773,44.7845,44.782,395693,"2023_08_31_0032","2023_08_31_0032_ev01135_rec1","no",50792
1136,1,44.88855,-94.694321073769,-102.935095223872,-8.24077415010346,2.34999999999985,3.29999999999586,1.30000000000052,-96.366401145461,-7.59025848561231,0.774325556957977,-71.5147894116888,44.88735,44.8848,397771,"2023_08_31_0032","2023_08_31_0032_ev01136_rec1","no",50793
1137,1,44.926,-96.6612505498495,-100.131217043111,-3.46996649326101,1.00000000000477,2.15000000000032,1.99999999999534,-96.076973742509,-4.49500037301575,2.26257594911493,4.91124223194449,44.92595,44.92495,398520,"2023_08_31_0032","2023_08_31_0032_ev01137_rec1","no",50794
1138,1,45.0086,-94.3853109789655,-104.866875080123,-10.4815641011577,0.450000000000728,4.50000000000728,5.19999999999499,-95.8460358805652,-8.68830281750366,4.06825248438058,-88.9532756691822,45.00775,45.00725,400172,"2023_08_31_0032","2023_08_31_0032_ev01138_rec1","no",50795
1139,1,45.0487,-94.9887213107172,-100.461106601437,-5.4723852907197,0.399999999999068,0.199999999999534,0.900000000001455,-93.3611324289994,-4.21938052303421,6.20436224020694,21.3660101449826,45.0487,45.04795,400974,"2023_08_31_0032","2023_08_31_0032_ev01139_rec1","no",50796
1140,1,45.08275,-95.3632975765919,-99.374698985993,-4.01140140940106,0.399999999999068,30.7000000000031,30.0000000000011,-27201.764164972,27107.2595336392,614004.357639933,3.93202269949791,45.08265,45.08125,401655,"2023_08_31_0032","2023_08_31_0032_ev01140_rec1","no",50797
1141,1,45.1143,-96.9388012825276,-113.564565275245,-16.6257639927172,1.65000000000504,3.79999999999825,3.2499999999942,-97.9660991820668,-17.7556168374206,2.62540230347075,-99.251631025012,45.11395,45.1121,402286,"2023_08_31_0032","2023_08_31_0032_ev01141_rec1","no",50798
1142,1,45.15465,-95.7261511606252,-103.611504044578,-7.88535288395312,0.800000000005241,30.5499999999981,30.0000000000011,-40765.1290200761,40668.7259035325,806704.406551591,-51.0229071869683,45.15385,45.15295,403093,"2023_08_31_0032","2023_08_31_0032_ev01142_rec1","no",50799
1143,1,45.1974,-96.8557686999173,-105.015599388474,-8.15983068855681,0.900000000001455,3.84999999999991,3.34999999999752,-94.9921043760344,-9.33701494734073,5.14426939910928,-6.98071604639805,45.1948,45.19375,403948,"2023_08_31_0032","2023_08_31_0032_ev01143_rec1","no",50800
1144,1,45.24105,-96.7184896863322,-102.40474012236,-5.68625043602773,0.499999999995282,1.15000000000265,1.7999999999958,-96.511703922491,-3.90379650720259,3.39365526534671,-9.21210211783145,45.2408,45.24025,404821,"2023_08_31_0032","2023_08_31_0032_ev01144_rec1","no",50801
1145,1,45.2722,-95.8432297988411,-98.219106177034,-2.37587637819291,0.199999999999534,15.500000000003,14.1500000000008,-77772.6432399244,77679.2134391661,333242.130037012,-32.9935034621945,45.272,45.2718,405444,"2023_08_31_0032","2023_08_31_0032_ev01145_rec1","no",50802
1146,1,45.30785,-96.2633450139283,-113.042288266918,-16.77894325299,10.5999999999966,9.94999999999635,2.44999999999607,-96.2606898946718,-17.8711805576083,2.33411399547737,-120.230784545789,45.30765,45.29585,406157,"2023_08_31_0032","2023_08_31_0032_ev01146_rec1","no",50803
1147,1,45.337,-95.8436268294679,-100.373551260387,-4.52992443091945,1.04999999999933,2.80000000000769,2.24999999999653,-95.9938506108574,-5.24929981956172,1.80621388041542,-19.5390560543803,45.3364,45.33535,406740,"2023_08_31_0032","2023_08_31_0032_ev01147_rec1","no",50804
1148,1,45.41185,-95.4294244460441,-105.517058124514,-10.0876336784702,2.15000000000032,31.9000000000003,15.1499999999913,-62446.9078659781,62349.326416136,598334.385014102,-148.745921552555,45.40905,45.40665,408237,"2023_08_31_0032","2023_08_31_0032_ev01148_rec1","no",50805
1149,1,45.44085,-97.8514078771949,-103.333329655424,-5.48192177822894,0.849999999999795,30.3499999999985,30.0000000000011,-45615.531588293,45518.0493766128,643314.446607483,-35.6925658532268,45.43805,45.4368,408817,"2023_08_31_0032","2023_08_31_0032_ev01149_rec1","no",50806
1150,1,45.46985,-97.0026875837649,-106.989157846193,-9.9864702624282,0.450000000000728,2.74999999999892,3.60000000000582,-97.3683866291647,-7.25157995391539,4.61560179864341,-49.3378835169728,45.46975,45.46865,409397,"2023_08_31_0032","2023_08_31_0032_ev01150_rec1","no",50807
1151,1,45.50425,-98.688491564148,-102.848320579751,-4.15982901560335,0.249999999994088,0.250000000008299,0.149999999997874,-98.4831964734908,-4.76767587623918,0.148949569859057,4.63495829098508,45.50415,45.5039,410085,"2023_08_31_0032","2023_08_31_0032_ev01151_rec1","no",50808
1152,1,45.51835,-99.7478378144415,-105.302800907971,-5.55496309352986,0.250000000001194,1.64999999999793,1.95000000000078,-95.8201713328595,-7.31922450653301,9.5646143954616,47.5745865812377,45.5177,45.5174,410367,"2023_08_31_0032","2023_08_31_0032_ev01152_rec1","no",50809
1153,1,45.5643,-96.4707336454877,-103.947299525448,-7.47656587996013,4.85000000000468,5.40000000000163,2.80000000000058,-94.1297568647019,-6.92469185938704,9.14394340470067,-12.5298353418599,45.5642,45.55935,411286,"2023_08_31_0032","2023_08_31_0032_ev01153_rec1","no",50810
1154,1,45.64445,-100.559155063335,-102.593941602305,-2.03478653897082,1.20000000000431,30.5999999999926,29.999999999994,-22660.1058602906,22562.2727818892,371365.289502679,53.8014611749504,45.64445,45.64195,412889,"2023_08_31_0032","2023_08_31_0032_ev01154_rec1","no",50811
1155,1,45.6782,-94.5189925959437,-105.456623554275,-10.9376309583316,5.2999999999912,15.8500000000004,7.95000000000101,-92.8029634675177,-11.4187121405255,11.6147080440613,-159.12186520808,45.6723,45.6667,413564,"2023_08_31_0032","2023_08_31_0032_ev01155_rec1","no",50812
1156,1,45.727,-94.5326110678209,-101.29276452751,-6.76015345968946,1.04999999999222,5.60000000000116,30.0000000000011,-97.4342130020096,-5.69109833500427,1.5074544164335,-105.974915663488,45.7258,45.72475,414540,"2023_08_31_0032","2023_08_31_0032_ev01156_rec1","no",50813
1157,1,45.7671,-97.698188871587,-108.524010170167,-10.8258212985805,1.30000000000052,1.60000000000338,1.39999999999674,-96.0345671507398,-11.1845741157043,2.04880505124744,19.3253574554025,45.76705,45.7657,415342,"2023_08_31_0032","2023_08_31_0032_ev01157_rec1","no",50814
1158,1,45.8039,-97.0905970991565,-101.362466293234,-4.27186919407777,1.94999999999368,4.099999999994,5.44999999999618,88483.7368090868,-88584.1033111223,285933.350186195,35.2006734275479,45.8038,45.8016,416078,"2023_08_31_0032","2023_08_31_0032_ev01158_rec1","no",50815
1159,1,45.85045,-95.2006397527806,-101.890446324963,-6.68980657218279,0.699999999994816,1.59999999999627,0.650000000007367,-93.4064669849705,-9.26596849855106,0.870566195605935,31.700571906338,45.84655,45.84585,417009,"2023_08_31_0032","2023_08_31_0032_ev01159_rec1","no",50816
1160,1,45.9047,-95.0775638190469,-105.342749412053,-10.2651855930065,5.34999999999286,13.9999999999958,2.80000000000058,-95.5083606966608,-8.35831808221284,3.077719403605,-133.568007076618,45.89325,45.88725,418094,"2023_08_31_0032","2023_08_31_0032_ev01160_rec1","no",50817
1161,1,45.9459,-97.4890655281464,-101.734968699369,-4.24590317122251,0.10000000000332,1.40000000000384,0.950000000003115,-97.0569699621851,-3.52230763044587,1.71857125747762,4.64559463886947,45.9451,45.945,418918,"2023_08_31_0032","2023_08_31_0032_ev01161_rec1","no",50818
1162,1,45.97485,-97.3001656509422,-103.755442808574,-6.45527715763158,1.54999999999461,30.8500000000009,30.0000000000011,-99.5752610745405,0.542208223333446,12.4027826852437,-74.6685089813549,45.97335,45.97165,419497,"2023_08_31_0032","2023_08_31_0032_ev01162_rec1","no",50819
1163,1,45.99875,-99.9609524624539,-104.886222143763,-4.92526968130937,0.300000000002854,0.849999999999795,0.450000000000728,-96.9137629369166,-7.08099445702782,1.17281905325493,80.6787679977206,45.99845,45.99805,419975,"2023_08_31_0032","2023_08_31_0032_ev01163_rec1","no",50820
1164,1,46.09655,-93.5374187617266,-99.8485032043904,-6.31108444266383,2.9000000000039,12.9999999999981,13.1000000000085,-94.2839800007127,-4.91232866594692,11.5882278744699,-98.1233230869082,46.09435,46.0914,421931,"2023_08_31_0032","2023_08_31_0032_ev01164_rec1","no",50821
1165,1,46.1575,-95.7051062670248,-101.957945835692,-6.25283956866699,3.10000000000343,34.1000000000022,30.0000000000011,-1340.71299994829,1243.16496906213,145595.786989476,-80.4988480147349,46.15545,46.1523,423150,"2023_08_31_0032","2023_08_31_0032_ev01165_rec1","no",50822
1166,1,46.19475,-97.1426864660662,-106.683372622803,-9.54068615673667,1.89999999999912,1.75000000000125,1.94999999999368,-95.0954733154519,-11.0116674579298,2.85363938523932,17.1085279991674,46.1947,46.19205,423895,"2023_08_31_0032","2023_08_31_0032_ev01166_rec1","no",50823
1167,1,46.2144,-94.6705576459458,-97.0072233613136,-2.33666571536774,0.0499999999945544,19.3500000000029,15.2499999999947,-16910.2684755049,16816.0483005269,195080.664654599,-28.9824468639408,46.2133,46.21325,424288,"2023_08_31_0032","2023_08_31_0032_ev01167_rec1","no",50824
1168,1,46.2451,-96.3318317031722,-101.199900395543,-4.86806869237033,2.74999999999892,34.1999999999985,7.55000000000905,-8763.84901745548,8665.87083964322,422148.559644904,-66.5440316490056,46.24505,46.24015,424902,"2023_08_31_0032","2023_08_31_0032_ev01168_rec1","no",50825
1169,1,46.27515,-95.8625722110762,-104.725193218763,-8.86262100768725,2.35000000000696,3.84999999999991,4.04999999999944,-96.456892376316,-3.30008069787659,19.5803711823874,-98.1853928769532,46.2723,46.2699,425503,"2023_08_31_0032","2023_08_31_0032_ev01169_rec1","no",50826
1170,1,46.3402,-98.7659361235049,-102.763134808,-3.99719868449522,0.500000000002387,4.75000000000136,4.6999999999997,-94.9839236839497,-9.01251504680003,8.75465257729146,32.8976910297445,46.33965,46.3391,426804,"2023_08_31_0032","2023_08_31_0032_ev01170_rec1","no",50827
1171,1,46.38155,-93.0215262217361,-102.28980208222,-9.26827586048412,3.25000000000841,6.00000000000023,30.0000000000011,-97.4163331145661,-4.69220177660949,1.08341006494469,-174.949811540697,46.3793,46.3758,427631,"2023_08_31_0032","2023_08_31_0032_ev01171_rec1","no",50828
1172,1,46.40605,-97.8509700087782,-102.248125126044,-4.39715511726604,0.200000000006639,0.199999999992428,0.200000000006639,-93.4382452924482,-6.15728591263386,10.4354100440441,70.6968725688648,46.4059,46.4057,428121,"2023_08_31_0032","2023_08_31_0032_ev01172_rec1","no",50829
1173,1,46.46745,-98.1847544548393,-104.110290509994,-5.92553605515444,0.799999999998136,1.85000000000457,3.59999999999872,16617.0887768755,-16718.1985251176,82273.2626352263,-6.65517734556507,46.4662,46.46485,429349,"2023_08_31_0032","2023_08_31_0032_ev01173_rec1","no",50830
1174,1,46.50025,-100.042470476229,-104.365871162338,-4.32340068610864,0.149999999997874,0.399999999999068,0.450000000000728,-97.6061757323694,-5.01798914490954,2.0868822560862,61.8623825165958,46.50025,46.49975,430005,"2023_08_31_0032","2023_08_31_0032_ev01174_rec1","no",50831
1175,1,46.5185,-96.8988572717386,-101.058361627603,-4.15950435586434,0.599999999991496,3.00000000000011,2.74999999999892,-95.3119702706282,-6.26826777979174,3.97480671755986,18.4972851404866,46.51775,46.51715,430370,"2023_08_31_0032","2023_08_31_0032_ev01175_rec1","no",50832
1176,1,46.5661,-96.9254059136366,-105.144796702158,-8.21939078852101,6.59999999999883,4.80000000000302,3.4999999999954,-94.7894707254238,-12.4446056178691,3.98523440285968,-9.55064254512423,46.56605,46.55795,431322,"2023_08_31_0032","2023_08_31_0032_ev01176_rec1","no",50833
1177,1,46.598,-95.6381787959103,-103.077738872222,-7.43956007631211,1.64999999999793,31.3500000000033,25.7000000000005,-38325.390692066,38230.2345021733,303741.773123821,-50.9084496179443,46.59795,46.5958,431960,"2023_08_31_0032","2023_08_31_0032_ev01177_rec1","no",50834
1178,1,46.6272,-95.6313117949436,-103.072295207239,-7.44098341229548,2.35000000000696,5.84999999999525,4.84999999999047,-94.2587510716183,-7.80501470352132,7.61968776175695,-37.0926930683463,46.62585,46.62335,432544,"2023_08_31_0032","2023_08_31_0032_ev01178_rec1","no",50835
1179,1,46.66965,-95.9060084754477,-100.886574367716,-4.9805658922681,0.450000000000728,2.15000000000032,2.74999999999892,-94.5856204657542,-5.54751021006386,4.90883527717697,10.3385883896752,46.6695,46.6688,433393,"2023_08_31_0032","2023_08_31_0032_ev01179_rec1","no",50836
1180,1,46.73375,-96.3418347024476,-99.2991544363213,-2.95731973387373,0.200000000006639,1.40000000000384,1.09999999999388,-95.6318259279492,-4.92045406560057,1.11063306481524,13.5957576322398,46.7333,46.73305,434675,"2023_08_31_0032","2023_08_31_0032_ev01180_rec1","no",50837
1181,1,46.83355,-92.6195159401968,-103.806378141842,-11.1868622016457,2.20000000000198,4.85000000000468,6.54999999999006,-93.991812381247,-6.47592896909407,7.7075886850492,-108.81256853757,46.8334,46.8306,436671,"2023_08_31_0032","2023_08_31_0032_ev01181_rec1","no",50838
1182,1,46.9019,-92.9644639701549,-97.9224286229462,-4.95796465279129,0.549999999996942,8.54999999999961,11.650000000003,24109.7823741907,-24206.3796143811,156668.764683801,-45.5051704571462,46.9013,46.9007,438038,"2023_08_31_0032","2023_08_31_0032_ev01182_rec1","no",50839
1183,1,46.9144,-92.245887672449,-100.262767732232,-8.01688005978289,1.50000000000716,3.59999999999161,3.00000000000011,-93.8044308402966,-6.44963812690511,1.98690925612632,-71.0082327789792,46.91395,46.91245,438288,"2023_08_31_0032","2023_08_31_0032_ev01183_rec1","no",50840
1184,1,46.9369,-95.0328646739708,-98.2674811905691,-3.23461651659821,0.399999999999068,30.4999999999964,30.0000000000011,-16087.2592981773,15993.1665312865,415647.961327705,9.68597552243471,46.93685,46.93615,438738,"2023_08_31_0032","2023_08_31_0032_ev01184_rec1","no",50841
1185,1,46.9657,-92.7788614233829,-97.9969819866146,-5.21812056323166,0.349999999997408,2.40000000000151,22.9499999999945,-94.8259860731532,-5.14013463023833,0.670542184024009,-70.9782362255955,46.9647,46.96435,439314,"2023_08_31_0032","2023_08_31_0032_ev01185_rec1","no",50842
1186,1,46.99305,-94.6731397187872,-102.675973337913,-8.00283361912557,1.99999999999534,2.45000000000317,2.89999999999679,-94.8863709655095,-7.02707330181941,3.09080444456661,-35.0590060265207,46.99295,46.9905,439861,"2023_08_31_0032","2023_08_31_0032_ev01186_rec1","no",50843
1187,1,47.05715,-94.3431091752267,-106.31279950988,-11.9696903346529,1.95000000000789,4.34999999999519,3.65000000000748,-95.0902934035252,-11.0548361926702,3.31768778629897,-77.8097149524816,47.05695,47.0548,441143,"2023_08_31_0032","2023_08_31_0032_ev01187_rec1","no",50844
1188,1,47.0918,-95.9967420978058,-103.794828672783,-7.79808657497674,1.35000000000218,3.94999999999612,2.29999999999819,-95.4083393195432,-10.2000537571081,2.15193295010216,-17.5553344231701,47.0904,47.0887,441836,"2023_08_31_0032","2023_08_31_0032_ev01188_rec1","no",50845
1189,1,47.11395,-95.5110027437948,-101.29827905451,-5.78727631071477,0.900000000001455,0.850000000006901,0,-88.3070481420735,-9.16417580755199,63.6958890046291,-6.14047689265189,47.1139,47.113,442279,"2023_08_31_0032","2023_08_31_0032_ev01189_rec1","no",50846
1190,1,47.162,-98.954355616385,-105.350462896092,-6.39610727970663,1.30000000000052,3.94999999999612,4.79999999999592,-97.9677944816147,-6.96917038766195,6.53075948671072,-22.2458908103099,47.1615,47.1602,443240,"2023_08_31_0032","2023_08_31_0032_ev01190_rec1","no",50847
1191,1,47.18735,-99.9650475528558,-102.211905584261,-2.24685803140551,0.150000000004979,0.299999999995748,0,2297.8130176327,-2396.31801483661,30271.8908844675,78.8832401177689,47.18715,47.18695,443747,"2023_08_31_0032","2023_08_31_0032_ev01191_rec1","no",50848
1192,1,47.2028,-96.8292344895373,-102.673507099997,-5.84427261045987,1.49999999999295,2.45000000000317,1.59999999999627,-96.2712801477905,-6.49925027276191,1.85352446773529,-1.51129266863336,47.2027,47.20115,444056,"2023_08_31_0032","2023_08_31_0032_ev01192_rec1","no",50849
1193,1,47.24075,-97.4593783165831,-102.19689214132,-4.73751382473739,0.650000000000261,5.25000000000375,11.2499999999969,-99.1570002507087,-3.58343438748359,2.69866388080671,-64.3959562911682,47.2401,47.23935,444815,"2023_08_31_0032","2023_08_31_0032_ev01193_rec1","no",50850
1194,1,47.3046,-101.168777672492,-104.362956101407,-3.1941784289146,0.250000000001194,1.85000000000457,1.69999999999959,-97.4669851990232,-8.75447256671354,2.90743914578098,83.8827360548648,47.30435,47.30365,446092,"2023_08_31_0032","2023_08_31_0032_ev01194_rec1","no",50851
1195,1,47.32185,-97.9557564049573,-102.068280163771,-4.11252375881395,0.199999999999534,0.349999999997408,0.299999999995748,-95.0239953496888,-4.64614717849955,7.13668243298132,53.8969335590875,47.32165,47.3214,446437,"2023_08_31_0032","2023_08_31_0032_ev01195_rec1","no",50852
1196,1,47.35655,-97.2937412021644,-100.356028635003,-3.0622874328382,0.499999999995282,2.94999999999845,1.14999999999554,-95.6496289484775,-5.71412229030479,1.57013924165237,27.369617928222,47.35465,47.3528,447131,"2023_08_31_0032","2023_08_31_0032_ev01196_rec1","no",50853
1197,1,47.416,-98.3890133657722,-105.36512527512,-6.97611190934816,0.450000000000728,5.04999999999711,7.10000000000122,61.7815788935159,-165.417674833414,436.137537736381,6.13542923509622,47.41575,47.4145,448320,"2023_08_31_0032","2023_08_31_0032_ev01197_rec1","no",50854
1198,1,47.4777,-99.4392959935376,-103.429372515225,-3.99007652168758,0.300000000002854,0.349999999997408,0.349999999997408,-96.7429382217645,-6.11307838943975,0.957059293552448,72.9593178119972,47.47735,47.4767,449554,"2023_08_31_0032","2023_08_31_0032_ev01198_rec1","no",50855
1199,1,47.52155,-100.530309589205,-103.996717400441,-3.4664078112355,3.4999999999954,2.00000000000244,1.04999999999933,-98.6407454130766,-5.50141188497224,1.92618800043471,36.7481038982997,47.52065,47.517,450431,"2023_08_31_0032","2023_08_31_0032_ev01199_rec1","no",50856
1200,1,47.54855,-100.276057038434,-103.644920581104,-3.36886354266973,0.10000000000332,30.2499999999952,29.999999999994,-16841.6698821444,16744.7748096016,159785.118411978,53.4262466837254,47.54835,47.54825,450971,"2023_08_31_0032","2023_08_31_0032_ev01200_rec1","no",50857
1201,1,47.5735,-98.9835604607902,-102.568869611636,-3.5853091508453,0.249999999994088,2.20000000000198,1.95000000000078,-95.1914487598009,-10.8880365215865,2.6029919910162,83.2534808492966,47.5731,47.57285,451470,"2023_08_31_0032","2023_08_31_0032_ev01201_rec1","no",50858
1202,1,47.60705,-96.7083371753038,-103.343548906608,-6.6352117313038,3.30000000000297,27.2500000000022,13.2499999999993,-32658.6573348889,32560.3749438316,490367.723589151,-93.3841892629496,47.60675,47.60345,452141,"2023_08_31_0032","2023_08_31_0032_ev01202_rec1","no",50859
1203,1,47.6338,-101.068868414283,-103.158418766229,-2.08955035194575,0.199999999992428,1.09999999999388,1.05000000000643,-96.4939011099614,-7.0418041101104,3.78633760625265,110.268647821308,47.6338,47.63355,452676,"2023_08_31_0032","2023_08_31_0032_ev01203_rec1","no",50860
1204,1,47.6749,-102.178733497806,-104.27735844614,-2.0986249483348,0.549999999996942,24.1499999999988,21.7000000000027,-166069.664998118,165973.358049746,542129.163482769,37.9652030205664,47.6749,47.67305,453498,"2023_08_31_0032","2023_08_31_0032_ev01204_rec1","no",50861
1205,1,47.6952,-98.4427186781297,-109.843808829178,-11.4010901510485,3.09999999999633,8.29999999999842,9.39999999999941,-71.7189572359832,-35.6270292333045,66.6269513086908,-77.1705786954643,47.69495,47.69175,453904,"2023_08_31_0032","2023_08_31_0032_ev01205_rec1","no",50862
1206,1,47.7483,-99.3483696064272,-107.247314459369,-7.89894485294221,2.09999999999866,2.60000000000105,1.49999999999295,-99.7713361810257,-8.66971398325626,1.19805644412757,-38.6081591431571,47.74715,47.74495,454966,"2023_08_31_0032","2023_08_31_0032_ev01206_rec1","no",50863
1207,1,47.7765,-98.441623731519,-105.321721512485,-6.88009778096644,1.64999999999793,3.00000000000011,2.39999999999441,-97.5009526466331,-9.05995880656576,2.50114700924557,-2.24204575543711,47.77605,47.7742,455530,"2023_08_31_0032","2023_08_31_0032_ev01207_rec1","no",50864
1208,1,47.7939,-92.9433474495962,-104.029051902431,-11.0857044528349,1.90000000000623,4.45000000000562,7.40000000000407,-96.968997324367,-8.89972473357856,1.54888275234953,-158.02756432873,47.7928,47.79085,455878,"2023_08_31_0032","2023_08_31_0032_ev01208_rec1","no",50865
1209,1,47.81175,-97.6253949298693,-102.2555577737,-4.63016284383099,0.300000000002854,0.250000000001194,0,-94.5755012616736,-4.73973100958789,7.89530206680725,53.9868803651004,47.8117,47.81135,456235,"2023_08_31_0032","2023_08_31_0032_ev01209_rec1","no",50866
1210,1,47.8457,-95.5755785489992,-100.275803145983,-4.7002245969834,0.150000000004979,3.70000000000203,4.75000000000136,-96.3054045635677,-4.82268538893304,3.04600438893394,-46.907977172774,47.8454,47.8429,456914,"2023_08_31_0032","2023_08_31_0032_ev01210_rec1","no",50867
1211,1,47.88135,-94.9678813740236,-105.746997513685,-10.7791161396609,3.45000000000084,6.05000000000189,3.34999999999752,-96.7633909749805,-12.3226636018327,1.93085383031419,-115.348382025849,47.87995,47.8756,457627,"2023_08_31_0032","2023_08_31_0032_ev01211_rec1","no",50868
1212,1,47.92485,-95.1772833799374,-108.816789507724,-13.6395061277864,2.95000000000556,2.65000000000271,7.3499999999953,46412.039161475,-46513.4300150923,292206.103016897,-144.593639944065,47.9244,47.9214,458497,"2023_08_31_0032","2023_08_31_0032_ev01212_rec1","no",50869
1213,1,47.9788,-95.4705164734443,-99.1154173808062,-3.64490090736194,0.149999999997874,2.44999999999607,2.9000000000039,-95.3586724029287,-4.17552049067639,2.76397475256334,-11.318609544134,47.97805,47.9779,459576,"2023_08_31_0032","2023_08_31_0032_ev01213_rec1","no",50870
1214,1,48.00185,-94.4892023937123,-101.02431860725,-6.53511621353763,3.00000000000011,34.1000000000022,30.0000000000011,-9179.09279150032,9083.98577253118,274144.207378843,-52.0283086890827,48.0012,47.99745,460037,"2023_08_31_0032","2023_08_31_0032_ev01214_rec1","no",50871
1215,1,48.03725,-96.2931176814658,-102.309927590545,-6.01680990907887,1.95000000000078,12.7999999999986,12.0999999999967,44662.7733957996,-44765.8789650835,118092.614074523,-61.4182935421991,48.0357,48.0299,460745,"2023_08_31_0032","2023_08_31_0032_ev01215_rec1","no",50872
1216,1,48.0794,-95.2475460629251,-102.865871232586,-7.61832516966039,1.04999999999933,3.00000000000011,3.15000000000509,-96.8396089325445,-6.02985159640886,1.9798877301149,-65.1085149545444,48.07915,48.0781,461588,"2023_08_31_0032","2023_08_31_0032_ev01216_rec1","no",50873
1217,1,48.09185,-97.9811985750489,-100.07453116107,-2.09333258602113,0.199999999999534,2.00000000000244,2.00000000000244,-96.4762331655074,-4.50786233399653,2.90844081030255,31.2505263425352,48.0917,48.0915,461837,"2023_08_31_0032","2023_08_31_0032_ev01217_rec1","no",50874
1218,1,48.1347,-98.5638849424313,-103.950512452319,-5.38662750988722,0.200000000006639,0.650000000000261,0.399999999999068,-98.5678069444148,-5.67838875847043,0.369308992416777,-3.98595560124936,48.13445,48.13425,462694,"2023_08_31_0032","2023_08_31_0032_ev01218_rec1","no",50875
1219,1,48.16985,-98.9010959162478,-111.264203241912,-12.3631073256646,4.75000000000136,2.85000000000224,3.34999999999752,-96.6792750458791,-9.14446066592333,11.2449767029562,-78.3786413404621,48.1677,48.16225,463397,"2023_08_31_0032","2023_08_31_0032_ev01219_rec1","no",50876
1220,1,48.19345,-100.951666189334,-104.052109329226,-3.10044313989269,0.250000000001194,30.1000000000045,30.0000000000011,-97.4234518825697,0.817142964431279,19.3427697871581,118.131686128641,48.19345,48.1932,463869,"2023_08_31_0032","2023_08_31_0032_ev01220_rec1","no",50877
1221,1,48.21165,-99.4826684741266,-105.223677107171,-5.74100863304473,1.15000000000265,1.55000000000172,0.499999999995282,-96.246752705763,-7.22087047722879,1.63124132832137,81.5529600178619,48.2116,48.21025,464233,"2023_08_31_0032","2023_08_31_0032_ev01221_rec1","no",50878
1222,1,48.2649,-97.3588897217892,-104.196368383435,-6.83747866164529,2.19999999999487,2.85000000000224,1.24999999999886,-95.557313817316,-9.02657508073887,1.72712322229715,25.7186587545659,48.26465,48.2622,465298,"2023_08_31_0032","2023_08_31_0032_ev01222_rec1","no",50879
1223,1,48.3606,-99.038150099671,-102.917019243735,-3.87886914406383,0.200000000006639,0.799999999998136,1.15000000000265,-97.3044345373094,-4.22276245956679,3.98708175135183,33.7095009198268,48.36045,48.3598,467212,"2023_08_31_0032","2023_08_31_0032_ev01223_rec1","no",50880
1224,1,48.3767,-98.3593762206602,-103.699109722495,-5.33973350183446,1.40000000000384,1.69999999999959,0.649999999993156,-97.156815516632,-5.5359293535146,1.13465015903947,25.7593865858272,48.3766,48.3751,467534,"2023_08_31_0032","2023_08_31_0032_ev01224_rec1","no",50881
1225,1,48.40635,-96.3253336263452,-101.423838795811,-5.09850516946624,0.799999999998136,1.75000000000125,3.75000000000369,-94.4555951189108,-4.72982772265449,16.3410097502997,-15.7198597941386,48.4052,48.4044,468127,"2023_08_31_0032","2023_08_31_0032_ev01225_rec1","no",50882
1226,1,48.443,-93.9974429415716,-100.874551679111,-6.87710873753943,7.50000000000028,12.0999999999967,22.0500000000001,-96.525366435768,-4.43977843294213,3.94983831911861,-135.226036011645,48.44195,48.43425,468860,"2023_08_31_0032","2023_08_31_0032_ev01226_rec1","no",50883
1227,1,48.50345,-96.1270594803928,-101.770205969817,-5.64314648942459,0.349999999997408,29.3999999999954,21.7999999999989,-23092.0343800468,22995.9506679664,235341.221210579,-43.572171444253,48.5034,48.50305,470069,"2023_08_31_0032","2023_08_31_0032_ev01227_rec1","no",50884
1228,1,48.5458,-101.049276675489,-104.698370658635,-3.64909398314613,0.149999999997874,1.54999999999461,1.69999999999959,-99.4374491757768,-5.0644078077861,3.12333520166059,30.9207477635384,48.5455,48.54535,470916,"2023_08_31_0032","2023_08_31_0032_ev01228_rec1","no",50885
1229,1,48.57235,-100.75337494294,-104.213168311551,-3.4597933686107,0.250000000001194,30.2500000000023,30.0000000000011,-50874.2861508427,50777.2460189167,453071.820686841,60.2947857405227,48.5723,48.57205,471447,"2023_08_31_0032","2023_08_31_0032_ev01229_rec1","no",50886
1230,1,48.6049,-99.8426579183204,-104.573471906509,-4.73081398818844,2.99999999999301,3.00000000000011,0,16036.9925925538,-16136.6967919773,124368.968288432,49.0828938297824,48.60465,48.5997,472098,"2023_08_31_0032","2023_08_31_0032_ev01230_rec1","no",50887
1231,1,48.6517,-94.4945163586981,-103.44412510276,-8.94960874406209,1.04999999999933,2.44999999999607,1.39999999999674,-95.5763778234313,-7.21891448290953,1.19120835477089,-51.2828674211993,48.651,48.64995,473034,"2023_08_31_0032","2023_08_31_0032_ev01231_rec1","no",50888
1232,1,48.7025,-95.7130447106845,-98.1614861748222,-2.44844146413776,0.549999999996942,20.2499999999972,30.0000000000011,-96.8313018011138,-3.180044056118,5.32994362582874,-58.3376373976909,48.70045,48.6998,474050,"2023_08_31_0032","2023_08_31_0032_ev01232_rec1","no",50889
1233,1,48.7418,-95.537329152589,-101.246209209053,-5.70888005646395,3.19999999999965,2.60000000000105,2.25000000000364,-96.1039626560319,-7.22444702571967,1.46389962597775,-41.3977884623872,48.7414,48.73785,474836,"2023_08_31_0032","2023_08_31_0032_ev01233_rec1","no",50890
1234,1,48.78835,-94.7567107153038,-101.045964851379,-6.28925413607551,1.4500000000055,12.6500000000007,3.65000000000748,-44128.6084498972,44031.9702998651,360997.904658424,-127.781894685107,48.7868,48.78535,475767,"2023_08_31_0032","2023_08_31_0032_ev01234_rec1","no",50891
1235,1,48.8146,-99.6956109268602,-103.640662647212,-3.94505172035193,1.30000000000052,2.09999999999866,1.09999999999388,-97.0993692802808,-7.2192120402087,1.91560952569606,60.5050567619681,48.81455,48.8129,476292,"2023_08_31_0032","2023_08_31_0032_ev01235_rec1","no",50892
1236,1,48.91465,-99.8982215991671,-106.592074638871,-6.69385303970417,0.700000000001921,31.5499999999957,30.0000000000011,-14178.8091730478,14080.6928535946,225549.603674719,18.2031652688612,48.91455,48.91245,478293,"2023_08_31_0032","2023_08_31_0032_ev01236_rec1","no",50893
1237,1,48.9392,-96.8706876358351,-106.592629434541,-9.72194179870576,2.15000000000032,4.50000000000728,3.05000000000177,-94.419364606804,-9.60805166652986,6.55176058946723,-13.1001166691013,48.9374,48.9352,478784,"2023_08_31_0032","2023_08_31_0032_ev01237_rec1","no",50894
1238,1,48.99255,-95.8269551385408,-105.273299942711,-9.44634480417015,5.40000000000163,4.65000000000515,7.55000000000194,-90.6547116549578,-10.1159855611094,48.9991448152059,-105.4310683068,48.9923,48.98675,479851,"2023_08_31_0032","2023_08_31_0032_ev01238_rec1","no",50895
1239,1,49.02995,-96.7661727403176,-103.75486498368,-6.98869224336259,1.30000000000052,1.4499999999984,1.1999999999972,-97.0791081792844,-5.90785527162347,1.24854508428761,-23.3684271626451,49.0295,49.028,480599,"2023_08_31_0032","2023_08_31_0032_ev01239_rec1","no",50896
1240,1,49.08675,-97.0737797535917,-103.150352640035,-6.07657288644369,0.799999999998136,30.3499999999985,30.0000000000011,-8086.99688339943,7989.85884279442,374599.298201979,-16.11106345145,49.0866,49.085,481735,"2023_08_31_0032","2023_08_31_0032_ev01240_rec1","no",50897
1241,1,49.11505,-95.6874651201219,-102.83266814037,-7.14520302024766,0.299999999995748,2.25000000000364,6.90000000000168,-91.4751454367442,-8.13302271513424,40.2837148781055,-51.3884316155517,49.11415,49.11375,482301,"2023_08_31_0032","2023_08_31_0032_ev01241_rec1","no",50898
1242,1,49.16895,-96.3320055810723,-101.333627580055,-5.00162199898297,0.800000000005241,30.5000000000035,30.0000000000011,-17427.7278364487,17332.8482746185,178081.340514133,-2.12644603988275,49.16885,49.16805,483379,"2023_08_31_0032","2023_08_31_0032_ev01242_rec1","no",50899
1243,1,49.19205,-97.6182951649517,-103.972214647426,-6.353919482474,0.400000000006173,0.849999999999795,0,-92.6456746689589,-6.7224715681584,22.4554456187207,35.1142411976621,49.19185,49.19005,483841,"2023_08_31_0032","2023_08_31_0032_ev01243_rec1","no",50900
1244,1,49.22775,-92.5598395728496,-102.206945907101,-9.64710633425102,1.00000000000477,29.1499999999942,21.1499999999987,-92471.9137822329,92379.427874287,536698.122630697,-79.6502211718678,49.22775,49.2267,484555,"2023_08_31_0032","2023_08_31_0032_ev01244_rec1","no",50901
1245,1,49.2977,-96.9228663473635,-105.256098855981,-8.3332325086174,0.750000000003581,1.84999999999746,2.00000000000244,-97.8669408490759,-6.41540008149307,1.82906780211467,-44.3780731997336,49.29765,49.29685,485954,"2023_08_31_0032","2023_08_31_0032_ev01245_rec1","no",50902
1246,1,49.3426,-96.563809983307,-99.1514865425553,-2.58767655924837,1.35000000000218,7.44999999999862,7.65000000000526,-88.3279385649204,-11.9821900000307,28.9057933336393,17.6536289951803,49.3418,49.3402,486852,"2023_08_31_0032","2023_08_31_0032_ev01246_rec1","no",50903
1247,1,49.39295,-97.7557814980611,-102.782724361324,-5.0269428632628,0.94999999999601,2.049999999997,0,-96.306396938217,-6.47658066965941,1e-07,39.4011045867894,49.3927,49.39055,487859,"2023_08_31_0032","2023_08_31_0032_ev01247_rec1","no",50904
1248,1,49.4231,-94.5844664117181,-100.420059764526,-5.83559335280817,1.4500000000055,34.7500000000025,30.0000000000011,-98.0407271904742,-2.64265826255121,1.00287730152173,-129.986014139601,49.42,49.418,488462,"2023_08_31_0032","2023_08_31_0032_ev01248_rec1","no",50905
1249,1,49.4531,-95.7035303664619,-108.360353122897,-12.6568227564347,2.3000000000053,4.04999999999944,3.04999999999467,-97.059378573989,-11.049308538688,2.54682348481839,-96.02118327949,49.45285,49.44955,489062,"2023_08_31_0032","2023_08_31_0032_ev01249_rec1","no",50906
1250,1,49.47015,-94.8409743720541,-100.890979922258,-6.05000555020426,1.40000000000384,25.4000000000048,13.9500000000012,-28905.8571146967,28809.8022480792,392554.287131526,-74.4642405876609,49.47,49.4686,489403,"2023_08_31_0032","2023_08_31_0032_ev01250_rec1","no",50907
1251,1,49.5436,-98.7776813529944,-103.475601079075,-4.6979197260809,0.650000000000261,4.40000000000396,5.09999999999877,-97.5168638001534,-6.46715199736505,6.61550692706934,-6.91724937702321,49.54355,49.5429,490872,"2023_08_31_0032","2023_08_31_0032_ev01251_rec1","no",50908
1252,1,49.56905,-97.5954169615227,-101.213355340483,-3.61793837896046,0.600000000005707,3.39999999999918,5.00000000000256,43228.4605131556,-43328.5723405843,183143.16810211,29.6160047428407,49.569,49.5684,491381,"2023_08_31_0032","2023_08_31_0032_ev01252_rec1","no",50909
1253,1,49.6028,-95.6383897171009,-103.818024580528,-8.17963486342697,1.54999999999461,1.84999999999746,1.84999999999036,-97.9507037932707,-7.25598134743532,0.794798139394847,-84.1283236860501,49.60255,49.60095,492056,"2023_08_31_0032","2023_08_31_0032_ev01253_rec1","no",50910
1254,1,49.64135,-98.5234728713584,-105.620329880272,-7.09685700891316,1.10000000000099,6.25000000000142,7.89999999999225,-69.3206811701333,-33.8776720220046,126.763281873064,-46.8846305564739,49.63965,49.6385,492827,"2023_08_31_0032","2023_08_31_0032_ev01254_rec1","no",50911
1255,1,49.6582,-98.7041815394594,-103.571652931548,-4.86747139208887,0.450000000000728,2.0500000000041,2.3000000000053,-93.8189206122034,-8.82446093362316,8.27165467092929,73.7450204628294,49.65805,49.65755,493164,"2023_08_31_0032","2023_08_31_0032_ev01255_rec1","no",50912
1256,1,49.78045,-96.8578746457641,-107.495283715471,-10.6374090697068,3.64999999999327,11.0499999999973,12.2999999999962,-84.4422386673283,-21.9245320978744,41.9195620445277,-147.74657975532,49.77985,49.76995,495609,"2023_08_31_0032","2023_08_31_0032_ev01256_rec1","no",50913
1257,1,49.82325,-96.548256761033,-105.759456465129,-9.21119970409646,1.10000000000099,2.25000000000364,2.54999999999939,-97.1233140159921,-7.90062704759133,2.50925018127643,-44.1495314032956,49.8232,49.82145,496465,"2023_08_31_0032","2023_08_31_0032_ev01257_rec1","no",50914
1258,1,49.85965,-96.1182500808416,-103.512792834216,-7.39454275337484,1.24999999999886,0.900000000001455,2.44999999999607,41502.9739325191,-41602.1173413983,354390.982874526,-48.3232265716169,49.85905,49.85735,497193,"2023_08_31_0032","2023_08_31_0032_ev01258_rec1","no",50915
1259,1,49.8913,-95.0573774033716,-99.447967531758,-4.39059012838644,0.399999999999068,15.349999999998,9.69999999999516,-37580.7498683062,37485.2607972488,304773.805169346,-72.4285465387123,49.89065,49.89025,497826,"2023_08_31_0032","2023_08_31_0032_ev01259_rec1","no",50916
1260,1,49.9275,-98.9060369933861,-102.698184614803,-3.79214762141683,0.0999999999962142,0.599999999998602,0.650000000007367,-97.3939747379318,-3.10691448862107,10.3613765911153,12.575576366442,49.9266,49.92645,498550,"2023_08_31_0032","2023_08_31_0032_ev01260_rec1","no",50917
1261,1,49.94755,-96.8907137667014,-102.482208643891,-5.59149487718996,0.550000000004047,1.89999999999912,2.10000000000576,-97.6806475426532,-5.1459255811356,1.49700522143646,-36.3437355062659,49.9469,49.9463,498951,"2023_08_31_0032","2023_08_31_0032_ev01261_rec1","no",50918
1262,2,50.01055,-97.8826614334429,-106.014676850914,-8.13201541747141,3.19999999999965,5.40000000000163,4.04999999999944,-92.3271385924866,-13.5258729650344,8.86659205896995,32.8676894463106,50.01035,50.0067,211,"2023_08_31_0032","2023_08_31_0032_ev01262_rec2","no",50919
1263,2,50.06015,-95.287069541113,-105.530712365528,-10.2436428244146,7.10000000000122,3.00000000000011,4.55000000000183,-97.8275833921294,-4.12736066463567,3.82391484859321,-121.462549062626,50.05945,50.05215,1203,"2023_08_31_0032","2023_08_31_0032_ev01263_rec2","no",50920
1264,2,50.08425,-100.583635377051,-104.555741530181,-3.97210615312909,0.250000000001194,0.499999999995282,0,-95.8680987630189,-6.05386164283334,3.30195378817373,120.448588695807,50.0841,50.0831,1685,"2023_08_31_0032","2023_08_31_0032_ev01264_rec2","no",50921
1265,2,50.1396,-95.849778930003,-105.100777154938,-9.25099822493522,4.89999999999924,2.40000000000151,0.799999999998136,-96.2121771157062,-10.4775095162524,0.638899134855513,-43.2134441501067,50.1393,50.1344,2792,"2023_08_31_0032","2023_08_31_0032_ev01265_rec2","no",50922
1266,2,50.17565,-95.1701016272263,-104.197681082517,-9.02757945529061,3.90000000000157,7.35000000000241,4.25000000000608,-97.3967836060015,-5.06244842233829,2.79123998585682,-113.828287998256,50.17375,50.16945,3513,"2023_08_31_0032","2023_08_31_0032_ev01266_rec2","no",50923
1267,2,50.19785,-100.010159999343,-104.586269257148,-4.57610925780543,0.849999999999795,30.2999999999969,29.599999999995,-39606.3093317564,39509.8546894146,222926.403995951,25.0167950260479,50.1978,50.1968,3957,"2023_08_31_0032","2023_08_31_0032_ev01267_rec2","no",50924
1268,2,50.22105,-98.1200848821964,-104.659647951767,-6.53956306957086,2.19999999999487,5.29999999999831,7.65000000000526,-99.1042882591341,-3.71704250301722,8.0160349929622,-70.1425341652419,50.2208,50.21855,4421,"2023_08_31_0032","2023_08_31_0032_ev01268_rec2","no",50925
1269,2,50.24405,-98.5690356950972,-102.562312323977,-3.99327662887974,0.0999999999962142,0.350000000004513,1.24999999999886,-93.9939078954703,-6.46829582141661,18.9157318156904,38.25974385474,50.24375,50.24365,4881,"2023_08_31_0032","2023_08_31_0032_ev01269_rec2","no",50926
1270,2,50.3275,-94.7897869591806,-102.581990541398,-7.79220358221778,1.4499999999984,2.44999999999607,2.60000000000105,-96.4606903846062,-5.72591466885017,1.68236931265551,-71.0617126036721,50.32675,50.325,6550,"2023_08_31_0032","2023_08_31_0032_ev01270_rec2","no",50927
1271,2,50.35955,-97.4378088524177,-101.424340850366,-3.98653199794819,0.549999999996942,3.09999999999633,3.14999999999799,-93.5350294139012,-8.89874716300601,6.25624985672381,59.8563839469394,50.35955,50.359,7191,"2023_08_31_0032","2023_08_31_0032_ev01271_rec2","no",50928
1272,2,50.45115,-95.6949624926466,-102.360028687349,-6.6650661947024,1.09999999999388,1.04999999999933,3.65000000000038,22626.4605001,-22725.5483947445,89656.0235443613,6.78201405590006,50.4509,50.4498,9023,"2023_08_31_0032","2023_08_31_0032_ev01272_rec2","no",50929
1273,2,50.50075,-95.6670477999064,-102.719169531561,-7.05212173165499,1.55000000000172,9.6500000000006,10.2500000000063,6351.66006470144,-6453.13413340199,20658.6861790668,-45.0272312558353,50.49965,50.49765,10015,"2023_08_31_0032","2023_08_31_0032_ev01273_rec2","no",50930
1274,2,50.56855,-94.0586559916615,-105.614774644794,-11.5561186531328,1.59999999999627,6.70000000000215,6.3999999999993,-93.9945580222313,-9.55360943349622,8.09440509246961,-102.269185159861,50.5671,50.56545,11371,"2023_08_31_0032","2023_08_31_0032_ev01274_rec2","no",50931
1275,2,50.6086,-96.0021338419184,-99.1643701320064,-3.16223629008803,0.10000000000332,19.6499999999986,18.2000000000002,-79945.5062840479,79854.0172748267,256039.404526883,-4.99236514283862,50.60855,50.60845,12172,"2023_08_31_0032","2023_08_31_0032_ev01275_rec2","no",50932
1276,2,50.6373,-96.0376480428465,-106.399117631685,-10.3614695888387,1.04999999999933,4.19999999999732,3.74999999999659,-93.9839992056847,-11.9213222424921,5.33829389620105,-14.9327353351469,50.6365,50.63545,12746,"2023_08_31_0032","2023_08_31_0032_ev01276_rec2","no",50933
1277,2,50.6815,-95.4749455670487,-100.870119640372,-5.39517407332346,3.75000000000369,1.64999999999793,1.30000000000052,-94.522132185122,-6.0258641384283,1.82076422672467,5.9867347748405,50.6813,50.6772,13630,"2023_08_31_0032","2023_08_31_0032_ev01277_rec2","no",50934
1278,2,50.69985,-97.448710794034,-100.197108409725,-2.74839761569146,0.250000000001194,0.349999999997408,0.350000000004513,-93.9633294148703,-5.62156649655641,1.59209855778761,95.3265528984248,50.69985,50.69945,13997,"2023_08_31_0032","2023_08_31_0032_ev01278_rec2","no",50935
1279,2,50.71725,-94.1106906683969,-99.4542340270511,-5.34354335865416,0.800000000005241,2.34999999999985,0.500000000002387,-94.4196204181692,-4.43732020744879,0.5079808244055,-17.5710767865527,50.7154,50.71445,14345,"2023_08_31_0032","2023_08_31_0032_ev01279_rec2","no",50936
1280,2,50.7384,-92.3744874844108,-102.128921191768,-9.75443370735704,1.95000000000078,2.49999999999773,2.34999999999985,-94.6403157077695,-8.22324518430826,1.29633540080992,-91.3241789642386,50.7382,50.736,14768,"2023_08_31_0032","2023_08_31_0032_ev01280_rec2","no",50937
1281,2,50.7964,-94.8611178189412,-100.822969439995,-5.96185162105343,1.75000000000125,23.0500000000049,13.8999999999996,-27237.7286856918,27142.0750158239,267214.029697376,-76.9232409732551,50.79625,50.79445,15928,"2023_08_31_0032","2023_08_31_0032_ev01281_rec2","no",50938
1282,2,50.8145,-95.174375328588,-101.088710241208,-5.91433491262032,0.450000000000728,5.90000000000401,29.999999999994,-98.0031686965197,-4.15889598849123,1.48165829353728,-95.5426112511813,50.8141,50.8136,16290,"2023_08_31_0032","2023_08_31_0032_ev01282_rec2","no",50939
1283,2,50.8512,-97.5201197988213,-104.039495856197,-6.51937605737528,0.399999999999068,6.59999999999883,4.24999999999898,-95.894576714751,-11.0356611288206,4.20208984839651,-14.1033814958828,50.85045,50.84705,17024,"2023_08_31_0032","2023_08_31_0032_ev01283_rec2","no",50940
1284,2,50.8913,-96.2784937734313,-108.485797092123,-12.2073033186921,4.54999999999472,5.89999999999691,4.9500000000009,-95.5185744876885,-15.6217367548737,4.57741700331645,-79.2415240170494,50.89095,50.88635,17826,"2023_08_31_0032","2023_08_31_0032_ev01284_rec2","no",50941
1285,2,50.985,-96.1566725487356,-102.590408549117,-6.43373600038119,0.849999999999795,0.250000000001194,0.950000000003115,-88.4060978460485,-10.5328566808847,24.118282021451,47.4683050049402,50.98455,50.9835,19700,"2023_08_31_0032","2023_08_31_0032_ev01285_rec2","no",50942
1286,2,51.01995,-95.0826028879387,-101.227263817436,-6.14466092949714,2.049999999997,32.6500000000038,30.0000000000011,-17681.7342091742,17587.6202678548,481337.282461969,-2.03038138537246,51.01925,51.01715,20399,"2023_08_31_0032","2023_08_31_0032_ev01286_rec2","no",50943
1287,2,51.0925,-92.9736918915993,-101.821831601247,-8.84813970964768,3.94999999999612,4.04999999999944,4.50000000000017,-95.1340261496052,-6.19851659984013,2.62991310697073,-106.444788951508,51.092,51.08775,21850,"2023_08_31_0032","2023_08_31_0032_ev01287_rec2","no",50944
1288,2,51.13865,-95.9653187020158,-104.303421738275,-8.33810303625921,3.00000000000011,31.9500000000019,20.5500000000001,-62215.8806779567,62120.8979143812,313526.208966953,-98.1444241750319,51.1347,51.13125,22773,"2023_08_31_0032","2023_08_31_0032_ev01288_rec2","no",50945
1289,2,51.1666,-101.018034407552,-107.988893240024,-6.97085883247212,0.250000000001194,0.650000000000261,0.799999999998136,-93.9104708919797,-11.5308664552368,4.64318582555576,158.878985760848,51.16655,51.1654,23332,"2023_08_31_0032","2023_08_31_0032_ev01289_rec2","no",50946
1290,2,51.226,-94.2453206708703,-101.979132948766,-7.73381227789571,0.450000000000728,10.0500000000068,13.300000000001,53036.5587675377,-53137.1937830568,200626.202266716,-76.095802529841,51.2258,51.22535,24520,"2023_08_31_0032","2023_08_31_0032_ev01290_rec2","no",50947
1291,2,51.28245,-96.1453063275274,-100.968052573832,-4.82274624630435,0.199999999999534,3.2499999999942,3.05000000000177,-95.3848278536144,-5.37700667863022,4.07145231992436,-8.83871956492249,51.28025,51.27975,25649,"2023_08_31_0032","2023_08_31_0032_ev01291_rec2","no",50948
1292,2,51.3289,-100.296728189972,-106.573220512671,-6.27649232269913,0.399999999999068,1.75000000000125,1.04999999999933,-93.9814182261801,-15.0339564820381,1.91031832405396,155.59246738008,51.32855,51.3275,26578,"2023_08_31_0032","2023_08_31_0032_ev01292_rec2","no",50949
1293,2,51.3474,-93.2619078591337,-97.4868479960742,-4.22494013694055,0.300000000002854,4.59999999999638,6.05000000000189,-93.6413972774275,-4.101351369697,4.87066834377024,-34.8381200410326,51.34675,51.34645,26948,"2023_08_31_0032","2023_08_31_0032_ev01293_rec2","no",50950
1294,2,51.49,-95.4510199411782,-100.844137376682,-5.39311743550377,0.650000000000261,0.750000000003581,1.99999999999534,-93.7004272214197,-4.447665799179,11.505778060767,1.37016747189765,51.4895,51.4888,29800,"2023_08_31_0032","2023_08_31_0032_ev01294_rec2","no",50951
1295,2,51.5343,-94.0397566572414,-97.9958068991079,-3.95605024186646,0.399999999999068,25.0500000000002,19.3499999999958,-109.015487006189,15.4993478491512,141.078497163759,-31.7903414946927,51.5343,51.5333,30686,"2023_08_31_0032","2023_08_31_0032_ev01295_rec2","no",50952
1296,2,51.5576,-93.239613808147,-101.420385433561,-8.18077162541363,4.30000000000064,7.15000000000288,3.09999999999633,-93.234014392956,-5.54567980282979,5.17032130105926,-55.6608699668097,51.5566,51.5519,31152,"2023_08_31_0032","2023_08_31_0032_ev01296_rec2","no",50953
1297,2,51.58965,-94.4619232650377,-101.981648678652,-7.51972541361398,0.950000000003115,4.44999999999851,6.50000000000261,-93.9361126359074,-6.01461410291868,10.8513368683233,-51.5335548719747,51.5891,51.5881,31793,"2023_08_31_0032","2023_08_31_0032_ev01297_rec2","no",50954
1298,2,51.65135,-96.1073974180921,-102.213548634634,-6.10615121654168,1.35000000000218,1.95000000000078,1.75000000000125,-95.1675002727667,-5.71873981963575,3.03789415096889,4.71844576142034,51.6509,51.64955,33027,"2023_08_31_0032","2023_08_31_0032_ev01298_rec2","no",50955
1299,2,51.6976,-100.756029066951,-104.508655774341,-3.75262670738995,0.200000000006639,0.250000000001194,0,-95.4936665298784,-5.26068016748166,8.83177640439517,111.688792984584,51.69745,51.697,33952,"2023_08_31_0032","2023_08_31_0032_ev01299_rec2","no",50956
1300,2,51.77325,-97.5299557200411,-102.047773623326,-4.51781790328448,0.450000000000728,1.14999999999554,1.10000000000099,-95.0792899999671,-7.32772339260973,1.93867641573824,58.0421794294593,51.7732,51.77275,35465,"2023_08_31_0032","2023_08_31_0032_ev01300_rec2","no",50957
1301,2,51.7941,-94.3076470494392,-100.726140891864,-6.41849384242512,1.04999999999933,3.34999999999752,4.19999999999732,-90.634352709937,-8.09010808510475,14.4653451815862,3.05711186636182,51.7939,51.7927,35882,"2023_08_31_0032","2023_08_31_0032_ev01301_rec2","no",50958
1302,2,51.82755,-92.2545740967228,-102.765749092563,-10.5111749958398,2.44999999999607,9.70000000000226,11.3999999999947,-83.0693695336135,-16.2686949315394,52.1900925122649,-125.081738868188,51.82595,51.8235,36551,"2023_08_31_0032","2023_08_31_0032_ev01302_rec2","no",50959
1303,2,51.8738,-94.4665342170131,-101.161117452317,-6.69458323530357,3.99999999999778,6.50000000000261,5.49999999999784,-93.3728665936116,-9.35314449811409,5.72523764032158,-47.1070873322128,51.8728,51.86735,37476,"2023_08_31_0032","2023_08_31_0032_ev01303_rec2","no",50960
1304,2,51.9059,-93.5130930225044,-98.7231565503153,-5.21006352781092,0.350000000004513,0.399999999999068,0.399999999999068,-92.0389912429969,-6.47481192628453,0.65118771223717,38.9863435875598,51.9059,51.9055,38118,"2023_08_31_0032","2023_08_31_0032_ev01304_rec2","no",50961
1305,2,51.9641,-90.9543499792406,-97.3812668526488,-6.42691687340823,0.149999999997874,30.1500000000061,30.0000000000011,-6112.20132286889,6022.07966579474,59361.5185745241,-21.3105084188208,51.96405,51.9639,39282,"2023_08_31_0032","2023_08_31_0032_ev01305_rec2","no",50962
1306,2,52.01635,-91.8777523191293,-101.02381659779,-9.14606427866077,7.65000000000526,7.30000000000075,5.59999999999405,-93.6557504635454,-9.7388337765452,3.09412637174347,-149.980678521521,52.0142,52.00515,40327,"2023_08_31_0032","2023_08_31_0032_ev01306_rec2","no",50963
1307,2,52.034,-94.1970386424879,-99.8623148589034,-5.66527621641549,0.349999999997408,0.950000000003115,1.20000000000431,-93.4321391441601,-4.83395344485461,2.29536997932717,10.6282606236229,52.03395,52.03355,40680,"2023_08_31_0032","2023_08_31_0032_ev01307_rec2","no",50964
1308,2,52.08805,-94.699615020997,-100.226674071209,-5.52705905021229,0.849999999999795,27.9999999999987,20.6499999999963,-9912.21511187035,9818.44667211496,68037.6104201556,-46.4580412376576,52.0864,52.08555,41761,"2023_08_31_0032","2023_08_31_0032_ev01308_rec2","no",50965
1309,2,52.12175,-96.3630994107727,-101.086405136782,-4.72330572600896,0.900000000001455,2.9000000000039,2.40000000000151,-93.7509777218308,-9.57744940310233,3.07465112689865,44.8700193585238,52.1214,52.12035,42435,"2023_08_31_0032","2023_08_31_0032_ev01309_rec2","no",50966
1310,2,52.16275,-93.4890337103263,-104.116321254463,-10.6272875441363,3.00000000000011,2.95000000000556,19.4999999999936,-98.0042391703563,-7.78263656259,0.563068790068104,-163.627047381385,52.16255,52.15765,43255,"2023_08_31_0032","2023_08_31_0032_ev01310_rec2","no",50967
1311,2,52.18875,-98.66328545945,-104.704599145214,-6.0413136857638,3.34999999999752,6.50000000000261,4.3500000000023,-94.929275882664,-9.96336233326622,8.52451449593929,12.2485676103295,52.18855,52.18515,43775,"2023_08_31_0032","2023_08_31_0032_ev01311_rec2","no",50968
1312,2,52.2193,-96.4783362771734,-98.7221427990142,-2.24380652184088,0.449999999993622,3.89999999999446,3.35000000000463,-93.7425456215461,-5.90681189778364,6.60027458919149,39.5897338189988,52.21865,52.2182,44386,"2023_08_31_0032","2023_08_31_0032_ev01312_rec2","no",50969
1313,2,52.2702,-87.7365983293099,-104.907817028568,-17.1712186992583,3.09999999999633,9.44999999999396,7.74999999999437,-91.1751729037459,-9.80197111814107,6.38399205794977,-242.603736388889,52.26705,52.26285,45404,"2023_08_31_0032","2023_08_31_0032_ev01313_rec2","no",50970
1314,2,52.3272,-91.1220221192661,-98.9286924974844,-7.8066703782183,1.04999999999933,3.65000000000038,3.00000000000011,-90.6287605988466,-9.29892520080812,2.95387860547583,-28.5816686243894,52.3247,52.32325,46544,"2023_08_31_0032","2023_08_31_0032_ev01314_rec2","no",50971
1315,2,52.35895,-92.1706144457859,-96.6377491327846,-4.46713468699865,0.199999999999534,30.4000000000002,30.0000000000011,-126180.016171212,126090.225440891,966600.200071609,10.9776603671234,52.3586,52.3584,47179,"2023_08_31_0032","2023_08_31_0032_ev01315_rec2","no",50972
1316,2,52.47515,-95.1079767772002,-100.645093944159,-5.53711716695928,0.950000000003115,4.44999999999851,4.19999999999732,-95.7931977677508,-5.57836910728423,2.96824807392917,-42.128382248912,52.47485,52.47355,49503,"2023_08_31_0032","2023_08_31_0032_ev01316_rec2","no",50973
1317,2,52.5278,-95.2699338407038,-98.2006005173774,-2.93066667667364,0.10000000000332,0.199999999999534,0,-93.2795340355828,-2.38443695132181,5.94617440456115,44.9180129811683,52.5275,52.5274,50556,"2023_08_31_0032","2023_08_31_0032_ev01317_rec2","no",50974
1318,2,52.547,-93.2995276017577,-96.3158625210773,-3.01633491931959,0.399999999999068,30.149999999999,30.0000000000011,-8537.11221179615,8444.28016635387,186642.162319077,-7.11871603387105,52.547,52.5466,50940,"2023_08_31_0032","2023_08_31_0032_ev01318_rec2","no",50975
1319,2,52.56815,-92.3540791298953,-98.2843105033303,-5.93023137343494,0.199999999999534,3.05000000000177,3.14999999999799,-92.8118779067796,-4.44607059359561,3.34519102629463,-35.8188270824113,52.5665,52.566,51363,"2023_08_31_0032","2023_08_31_0032_ev01319_rec2","no",50976
1320,2,52.59665,-89.6271935559774,-96.879295330903,-7.25210177492551,1.14999999999554,3.04999999999467,0,-626.227809014876,531.407287308653,69874.6034900172,-181.802984277425,52.59435,52.5929,51933,"2023_08_31_0032","2023_08_31_0032_ev01320_rec2","no",50977
1321,2,52.6312,-93.2049496822398,-98.032887481227,-4.82793779898728,0.999999999997669,4.80000000000302,5.20000000000209,-93.3817547766294,-5.75023947839629,4.06458997820955,-34.7186277748433,52.6309,52.6295,52624,"2023_08_31_0032","2023_08_31_0032_ev01321_rec2","no",50978
1322,2,52.695,-99.084566812571,-104.234534804362,-5.14996799179056,1.50000000000006,1.69999999999959,1.15000000000265,-93.8441066560609,-11.3826849786652,2.51215902484309,124.157193253473,52.6949,52.69335,53900,"2023_08_31_0032","2023_08_31_0032_ev01322_rec2","no",50979
1323,2,52.7336,-92.7712817755214,-97.57536720869,-4.80408543316852,2.54999999999939,5.09999999999877,5.94999999999857,-92.7757639453157,-3.23163813287254,9.87602806156372,-42.0884809734647,52.73325,52.73065,54672,"2023_08_31_0032","2023_08_31_0032_ev01323_rec2","no",50980
1324,2,52.758,-93.9216901833666,-95.9504151063067,-2.02872492294006,0.149999999997874,0.199999999999534,0,-92.0861278564354,-1.31123766650482,4.09677219746752,48.8663976112655,52.75745,52.7573,55160,"2023_08_31_0032","2023_08_31_0032_ev01324_rec2","no",50981
1325,2,52.7909,-91.5708511787893,-101.079651611744,-9.50880043295521,1.64999999999793,4.60000000000349,4.6999999999997,-92.2169948866874,-8.67462946097753,4.25057776205814,-66.3005126079187,52.79065,52.78885,55818,"2023_08_31_0032","2023_08_31_0032_ev01325_rec2","no",50982
1326,2,52.8231,-92.8403558212778,-103.081673232556,-10.2413174112781,1.25000000000597,4.14999999999566,3.15000000000509,-90.8766794259817,-11.1511735041784,4.79452066788315,-11.0302505047865,52.8222,52.8194,56462,"2023_08_31_0032","2023_08_31_0032_ev01326_rec2","no",50983
1327,2,52.84425,-91.0904429806634,-95.0990801724049,-4.00863719174147,0.450000000000728,1.1999999999972,1.30000000000052,-90.2995976062913,-4.48273906303122,1.94961439563182,13.7052204032043,52.84425,52.84375,56885,"2023_08_31_0032","2023_08_31_0032_ev01327_rec2","no",50984
1328,2,52.87605,-89.8519771298873,-97.4333511429239,-7.58137401303668,0.849999999999795,1.59999999999627,3.90000000000157,-89.5175389294599,-4.35508365409467,11.8687729768174,-42.7592645495536,52.8759,52.87495,57521,"2023_08_31_0032","2023_08_31_0032_ev01328_rec2","no",50985
1329,2,52.944,-95.2548504072646,-100.786744713955,-5.53189430668995,0.500000000002387,30.4499999999948,29.999999999994,-2535.31206410154,2442.36693219476,213070.984895543,62.4992607811027,52.94395,52.9432,58880,"2023_08_31_0032","2023_08_31_0032_ev01329_rec2","no",50986
1330,2,53.0209,-93.80664816086,-102.208049525056,-8.40140136419619,1.1999999999972,1.69999999999959,1.75000000000125,-94.7365757860681,-7.26901712110179,1.46383257517455,-50.2379501861642,53.0197,53.0184,60418,"2023_08_31_0032","2023_08_31_0032_ev01330_rec2","no",50987
1331,2,53.0425,-96.6084355558777,-100.19290090896,-3.58446535308242,0.199999999999534,0.849999999999795,0.550000000004047,-93.8760372922389,-5.84775118442089,1.44492416539828,70.7230117242105,53.0419,53.0417,60850,"2023_08_31_0032","2023_08_31_0032_ev01331_rec2","no",50988
1332,2,53.0784,-96.4491261336094,-99.6320682546266,-3.18294212101713,0.300000000002854,0.599999999998602,0.599999999998602,-91.69355448591,-8.73796748145987,1.57894515206504,128.360367866363,53.0782,53.0778,61568,"2023_08_31_0032","2023_08_31_0032_ev01332_rec2","no",50989
1333,2,53.16795,-93.0890869048411,-97.44124307618,-4.35215617133889,0.549999999996942,30.149999999999,30.0000000000011,-38926.6923323401,38837.0170443616,286491.330124867,40.8345853541988,53.16795,53.16725,63359,"2023_08_31_0032","2023_08_31_0032_ev01333_rec2","no",50990
1334,2,53.2088,-95.7648800223278,-98.4926185795788,-2.72773855725094,1.90000000000623,1.54999999999461,0.650000000000261,-91.3883621096233,-6.48731469548439,3.47477245092556,105.315226446991,53.20855,53.2057,64176,"2023_08_31_0032","2023_08_31_0032_ev01334_rec2","no",50991
1335,2,53.27095,-96.068738741904,-104.055466432345,-7.98672769044119,2.65000000000271,31.3999999999979,30.0000000000011,-15989.5451276052,15895.1895303651,373917.286968139,18.6486048363388,53.2708,53.268,65419,"2023_08_31_0032","2023_08_31_0032_ev01335_rec2","no",50992
1336,2,53.2983,-97.1513942706855,-99.241124803279,-2.08973053259356,0.349999999997408,0.549999999996942,0.399999999999068,-95.7572806738935,-3.08542392853931,1.07029435409636,37.5340407911061,53.2983,53.2979,65966,"2023_08_31_0032","2023_08_31_0032_ev01336_rec2","no",50993
1337,2,53.35735,-90.4081930102666,-97.0267217321609,-6.61852872189438,4.50000000000017,35.499999999999,14.1000000000062,-10967.5835970291,10875.3350400137,251634.175459929,-98.1822672990033,53.3554,53.3506,67147,"2023_08_31_0032","2023_08_31_0032_ev01337_rec2","no",50994
1338,2,53.39285,-92.2210297357974,-97.6520058560784,-5.43097612028092,1.04999999999933,31.2999999999946,28.3499999999961,-8552.19885901871,8459.12129063287,208134.044766929,-49.8120518641925,53.3925,53.39125,67857,"2023_08_31_0032","2023_08_31_0032_ev01338_rec2","no",50995
1339,2,53.44235,-97.9202611699469,-104.424441450065,-6.50418028011832,1.89999999999912,3.5000000000025,1.4499999999984,-94.6627096858196,-12.6220698298527,1.81280337810481,65.5537617825618,53.44155,53.4393,68847,"2023_08_31_0032","2023_08_31_0032_ev01339_rec2","no",50996
1340,2,53.47385,-93.5258174119355,-101.109440357756,-7.58362294582091,2.40000000000151,4.89999999999924,2.15000000000032,-94.1172758628989,-7.92074908993376,1.69715353179553,-55.0432979459527,53.4726,53.4697,69477,"2023_08_31_0032","2023_08_31_0032_ev01340_rec2","no",50997
1341,2,53.5041,-95.497324766969,-101.18851271553,-5.69118794856055,0.600000000005707,1.4499999999984,0.700000000001921,-91.3674971812435,-9.92006639627596,1.5220532721585,106.277718011886,53.50395,53.50245,70082,"2023_08_31_0032","2023_08_31_0032_ev01341_rec2","no",50998
1342,2,53.53485,-91.4118468902716,-100.695544617436,-9.28369772716472,1.20000000000431,0.94999999999601,0,37671.5671316312,-37764.7501636404,257097.022859427,5.61120340504874,53.5347,53.53335,70697,"2023_08_31_0032","2023_08_31_0032_ev01342_rec2","no",50999
1343,2,53.5524,-90.2881802586806,-96.7551029327091,-6.46692267402847,1.10000000000099,26.6500000000036,20.6000000000017,-94176.099528262,94087.0702439207,530952.480247602,-49.8252712355833,53.55195,53.55085,71048,"2023_08_31_0032","2023_08_31_0032_ev01343_rec2","no",51000
1344,2,53.6145,-90.2840873559601,-102.861335963698,-12.5772486077384,4.44999999999851,5.20000000000209,1.80000000000291,-93.3924555563301,-10.957976423814,0.911465307299008,-140.261258965816,53.6143,53.6095,72290,"2023_08_31_0032","2023_08_31_0032_ev01344_rec2","no",51001
1345,2,53.65655,-91.9236042078972,-100.078509132874,-8.15490492497665,1.95000000000078,3.65000000000038,2.89999999999679,-94.2115566753438,-4.96097766077489,1.5076285040502,-88.7460850446388,53.65605,53.65405,73131,"2023_08_31_0032","2023_08_31_0032_ev01345_rec2","no",51002
1346,2,53.67505,-91.5349755492478,-99.7643066150195,-8.22933106577172,2.74999999999892,3.74999999999659,2.85000000000224,-93.9687177159509,-6.63604758817931,1.19538549699502,-94.3675926745026,53.6749,53.67215,73501,"2023_08_31_0032","2023_08_31_0032_ev01346_rec2","no",51003
1347,2,53.7575,-93.8767402918253,-100.087725236842,-6.2109849450168,1.95000000000078,0.950000000003115,0.94999999999601,-91.5341371210329,-7.58144447353068,1.9255973094074,48.8775799387988,53.75745,53.7553,75150,"2023_08_31_0032","2023_08_31_0032_ev01347_rec2","no",51004
1348,2,53.82235,-96.1567560588378,-100.33497255998,-4.17821650114226,3.10000000000343,5.49999999999784,2.15000000000032,-92.9471551126938,-5.65149414659541,12.3263838230824,24.359226155699,53.82085,53.8144,76447,"2023_08_31_0032","2023_08_31_0032_ev01348_rec2","no",51005
1349,2,53.8441,-96.072556419711,-98.8838668395263,-2.81131041981524,0.249999999994088,30.2000000000007,30.0000000000011,-23651.4080587291,23558.6465383657,342014.140858258,68.2128562101908,53.8441,53.84385,76882,"2023_08_31_0032","2023_08_31_0032_ev01349_rec2","no",51006
1350,2,53.8757,-92.9559169156288,-103.99102520139,-11.0351082857614,4.1000000000011,6.70000000000215,8.15000000000055,-62.9423624198664,-36.871117185797,104.320970348998,-85.1513259720031,53.87545,53.871,77514,"2023_08_31_0032","2023_08_31_0032_ev01350_rec2","no",51007
1351,2,53.9309,-92.8699664477652,-102.190884313205,-9.32091786544021,3.75000000000369,7.35000000000241,6.70000000000215,-92.0784793502642,-9.63899345906559,8.17941688054909,-84.1304468383136,53.9292,53.9252,78618,"2023_08_31_0032","2023_08_31_0032_ev01351_rec2","no",51008
1352,2,53.98995,-94.8651447491665,-99.8664155648073,-5.00127081564084,0.349999999997408,0.500000000002387,0.450000000000728,-92.2906292623238,-5.69844638891072,1.7612608662237,64.014286339583,53.98985,53.98715,79799,"2023_08_31_0032","2023_08_31_0032_ev01352_rec2","no",51009
1353,2,54.02355,-93.9002477533122,-97.0476302259912,-3.14738247267901,0.699999999994816,0.300000000002854,0.149999999997874,-90.5162084203436,-4.75016144689852,3.53326135143144,83.7625400098076,54.02345,54.0223,80471,"2023_08_31_0032","2023_08_31_0032_ev01353_rec2","no",51010
1354,2,54.1155,-93.4608180548028,-99.3245685552594,-5.86375050045667,1.95000000000078,2.44999999999607,1.80000000000291,-91.1437312676218,-6.69768490192893,4.5423920022726,33.9153440331278,54.1154,54.11345,82310,"2023_08_31_0032","2023_08_31_0032_ev01354_rec2","no",51011
1355,2,54.1539,-91.4810424011059,-101.183356310595,-9.70231390948905,1.65000000000504,3.05000000000177,3.54999999999706,-91.9877260034876,-7.31342214395288,4.10293187766324,-55.3879165465956,54.15375,54.15205,83078,"2023_08_31_0032","2023_08_31_0032_ev01355_rec2","no",51012
1356,2,54.18565,-95.5431997383516,-102.2587837501,-6.71558401174808,1.30000000000052,2.39999999999441,2.80000000000058,-94.508967267798,-5.74780024634589,5.69513056019741,-8.91276970587825,54.1852,54.1838,83713,"2023_08_31_0032","2023_08_31_0032_ev01356_rec2","no",51013
1357,2,54.26295,-94.6195145198157,-100.535928724108,-5.91641420429214,0.249999999994088,1.55000000000172,1.69999999999959,-93.9919926705423,-6.89704870897528,1.8992806437067,4.1430861763238,54.26275,54.26245,85259,"2023_08_31_0032","2023_08_31_0032_ev01357_rec2","no",51014
1358,2,54.29395,-92.2145356234708,-101.78516947444,-9.57063385096906,4.24999999999898,6.60000000000593,4.50000000000017,-93.4240840757846,-10.3353906595583,3.01652404123995,-92.070742607925,54.29355,54.28915,85879,"2023_08_31_0032","2023_08_31_0032_ev01358_rec2","no",51015
1359,2,54.3755,-97.6063099022407,-101.487387186091,-3.88107728385016,0.399999999999068,0.700000000001921,0,-88.3310398776379,-10.6207510413239,12.2249579615002,157.212137602016,54.3754,54.37435,87510,"2023_08_31_0032","2023_08_31_0032_ev01359_rec2","no",51016
1360,2,54.4162,-91.9664302151122,-97.3308464746107,-5.3644162594985,1.64999999999793,5.04999999999711,5.19999999999499,-92.6583513779087,-6.30706716055642,3.26937319486975,-56.7630725394092,54.4146,54.41215,88324,"2023_08_31_0032","2023_08_31_0032_ev01360_rec2","no",51017
1361,2,54.45335,-91.2255026571267,-100.783713392857,-9.55821073573048,1.40000000000384,31.6000000000045,22.199999999998,-30530.2697890634,30436.5260864092,662851.223653589,-108.271723207517,54.4529,54.4511,89067,"2023_08_31_0032","2023_08_31_0032_ev01361_rec2","no",51018
1362,2,54.4829,-90.578477857862,-98.2284156568426,-7.64993779898056,3.39999999999918,1.00000000000477,25.5999999999972,7310.86905452382,-7405.22321317977,200462.683695767,-143.971726392705,54.4782,54.47445,89658,"2023_08_31_0032","2023_08_31_0032_ev01362_rec2","no",51019
1363,2,54.52435,-90.4901411283284,-97.5877346921893,-7.09759356386093,0.349999999997408,5.40000000000163,8.70000000000459,23871.1087178804,-23965.6102202538,150136.260519206,-63.0407178980038,54.52195,54.52125,90487,"2023_08_31_0032","2023_08_31_0032_ev01363_rec2","no",51020
1364,2,54.5902,-95.7750006263007,-102.422449516465,-6.64744889016413,4.15000000000276,7.20000000000454,3.55000000000416,-87.7151867133543,-13.2481028447025,15.4947967265211,37.7180159165773,54.58845,54.58395,91804,"2023_08_31_0032","2023_08_31_0032_ev01364_rec2","no",51021
1365,2,54.66605,-93.2735034673176,-99.2306660534079,-5.95716258609036,0.89999999999435,1.99999999999534,1.95000000000078,-92.5916464725785,-7.25362018567239,2.09989069321593,0.924903031640659,54.666,54.66455,93321,"2023_08_31_0032","2023_08_31_0032_ev01365_rec2","no",51022
1366,2,54.7095,-93.7810235888246,-100.230192128957,-6.44916854013194,2.049999999997,3.45000000000084,2.40000000000151,-89.9630376791524,-11.2533769570398,4.01114727622715,58.7517826791439,54.7089,54.70685,94190,"2023_08_31_0032","2023_08_31_0032_ev01366_rec2","no",51023
1367,2,54.8244,-91.3628652140076,-102.470219199356,-11.1073539853487,5.40000000000163,35.0499999999982,30.0000000000011,-10068.361574477,9973.59006366808,449843.739434269,-165.341224415059,54.82335,54.81735,96488,"2023_08_31_0032","2023_08_31_0032_ev01367_rec2","no",51024
1368,2,54.86305,-96.7703289138436,-103.605781106195,-6.83545219235158,1.24999999999886,0.650000000000261,0.749999999996476,-91.7559673333902,-9.21155854763857,3.78253220830841,111.866295056518,54.86305,54.86125,97261,"2023_08_31_0032","2023_08_31_0032_ev01368_rec2","no",51025
1369,2,54.9514,-93.2822103144789,-95.902659559937,-2.62044924545809,0.10000000000332,30.4000000000002,30.0000000000011,-94.7769786312382,-1.47117548120774,4.17899120565112,-52.4891432400891,54.95105,54.95095,99028,"2023_08_31_0032","2023_08_31_0032_ev01369_rec2","no",51026
1370,2,54.9783,-94.126878138092,-98.7098410757678,-4.58296293767577,0.399999999999068,5.40000000000163,4.04999999999944,-93.5448975113886,-6.43882780870897,3.9170161609083,-18.8913091210881,54.97665,54.97575,99566,"2023_08_31_0032","2023_08_31_0032_ev01370_rec2","no",51027
1371,2,55.021,-96.9653130998264,-104.590409765616,-7.62509666578992,0.799999999998136,0.300000000002854,0,-93.8762772388736,-5.90494497559501,21.2488023945971,-4.62724995629008,55.02095,55.0201,100420,"2023_08_31_0032","2023_08_31_0032_ev01371_rec2","no",51028
1372,2,55.0726,-95.0662700657807,-99.7295869965568,-4.66331693077613,1.64999999999793,0.500000000002387,0,13970.7365318849,-14065.9077682817,108531.357713357,49.2051277886367,55.07235,55.0698,101452,"2023_08_31_0032","2023_08_31_0032_ev01372_rec2","no",51029
1373,2,55.1773,-93.3433802155777,-97.4129687948675,-4.06958857928979,0.450000000000728,6.65000000000049,7.69999999999982,-93.4938293064766,-7.05334301171834,4.66892035830333,-42.2414363570734,55.17675,55.1763,103546,"2023_08_31_0032","2023_08_31_0032_ev01373_rec2","no",51030
1374,2,55.22185,-91.1307172230433,-95.1919123113199,-4.06119508827655,0.750000000003581,3.54999999999706,4.34999999999519,-91.9258409869532,-4.68987331435059,2.29967352695225,-36.9708973420407,55.2218,55.22105,104437,"2023_08_31_0032","2023_08_31_0032_ev01374_rec2","no",51031
1375,2,55.254,-92.6128352234384,-98.3551449453953,-5.74230972195681,2.79999999999347,3.95000000000323,1.20000000000431,-92.266053610286,-9.06245022130223,0.93993319682421,-10.9194932992013,55.2533,55.2505,105080,"2023_08_31_0032","2023_08_31_0032_ev01375_rec2","no",51032
1376,2,55.28095,-93.5826613987195,-97.3296825731544,-3.74702117443488,0.799999999998136,30.7999999999993,30.0000000000011,-41494.1200632186,41403.1351760332,315922.658028662,17.0086327091773,55.2807,55.27985,105619,"2023_08_31_0032","2023_08_31_0032_ev01376_rec2","no",51033
1377,2,55.3049,-92.4901413138993,-98.5861916127283,-6.096050298829,0.399999999999068,2.9000000000039,3.34999999999752,-92.2349281695113,-6.0195668611165,3.82014534817214,-29.6970856571303,55.30135,55.3002,106098,"2023_08_31_0032","2023_08_31_0032_ev01377_rec2","no",51034
1378,2,55.3603,-93.0012674040279,-98.8474487207054,-5.84618131667754,0.849999999999795,0.700000000001921,0.650000000000261,-92.2224357533111,-4.63789367787646,1.43413177096782,13.6909572544052,55.36025,55.35895,107206,"2023_08_31_0032","2023_08_31_0032_ev01378_rec2","no",51035
1379,2,55.38505,-87.8279234002588,-96.8230611450949,-8.99513774483609,4.04999999999944,22.0999999999947,30.0000000000011,-92.1232136589794,-4.30800144207624,5.42337899243381,-191.884032118261,55.38285,55.3788,107701,"2023_08_31_0032","2023_08_31_0032_ev01379_rec2","no",51036
1380,2,55.412,-93.2137605464153,-97.5803803375694,-4.36661979115409,0.94999999999601,1.1999999999972,0.950000000003115,-92.8679716839441,-3.73933973735142,1.44491903889321,1.10326980412947,55.4115,55.40995,108240,"2023_08_31_0032","2023_08_31_0032_ev01380_rec2","no",51037
1381,2,55.49455,-86.8053982017931,-95.7937427330076,-8.98834453121441,5.69999999999737,9.74999999999682,0.199999999999534,-92.18335631402,2.12947320964974,5.69183513024949,-198.094893657883,55.49245,55.48495,109891,"2023_08_31_0032","2023_08_31_0032_ev01381_rec2","no",51038
1382,2,55.51375,-92.7503789955117,-98.5963701469687,-5.84599115145706,1.4499999999984,31.2000000000054,30.0000000000011,-50645.3283882049,50554.004247411,662297.166212313,2.57793366567225,55.51305,55.5099,110275,"2023_08_31_0032","2023_08_31_0032_ev01382_rec2","no",51039
1383,2,55.54065,-89.1150780451634,-96.4610962179947,-7.34601817283124,1.60000000000338,12.0500000000021,10.4499999999987,-88.7792602857404,-8.88944418717941,9.78614126908377,-99.7099830195346,55.53835,55.5359,110813,"2023_08_31_0032","2023_08_31_0032_ev01383_rec2","no",51040
1384,2,55.582,-94.0356250400158,-101.866135799226,-7.83051075921036,4.44999999999851,5.04999999999711,4.50000000000017,-91.2222633030362,-10.4261159559918,7.5160833505211,-8.4349062803845,55.58165,55.5765,111640,"2023_08_31_0032","2023_08_31_0032_ev01384_rec2","no",51041
1385,2,55.63225,-90.7344730185474,-97.9120345038176,-7.17756148527022,0.749999999996476,4.1000000000011,0,-46842.4172615592,46748.6394123651,293560.672231951,-168.310424123252,55.63215,55.63135,112645,"2023_08_31_0032","2023_08_31_0032_ev01385_rec2","no",51042
1386,2,55.65385,-96.5859956056484,-99.9703114984422,-3.38431589279382,0.749999999996476,5.74999999999903,6.19999999999976,-74.6649922581733,-25.7846799114956,58.2102771300917,48.2533227333647,55.65255,55.6512,113077,"2023_08_31_0032","2023_08_31_0032_ev01386_rec2","no",51043
1387,2,55.769,-95.8803913947,-99.4098078025648,-3.5294164078648,0.199999999999534,1.05000000000643,0.650000000000261,-93.2146345249829,-5.10764220408938,2.59271937363341,64.6833879080751,55.76875,55.76775,115380,"2023_08_31_0032","2023_08_31_0032_ev01387_rec2","no",51044
1388,2,55.80305,-93.7534871236388,-99.8202597931309,-6.0667726694921,0.599999999998602,1.34999999999508,0.849999999999795,-89.9611503839558,-9.88295422235144,1.67416768049306,92.5800407460762,55.8028,55.8018,116061,"2023_08_31_0032","2023_08_31_0032_ev01388_rec2","no",51045
1389,2,55.8825,-93.6339796109858,-102.578420980467,-8.94444136948073,2.00000000000244,4.15000000000276,2.15000000000032,-96.4002854277478,-5.16736674835193,0.943287707680007,-115.192551067667,55.88075,55.87735,117650,"2023_08_31_0032","2023_08_31_0032_ev01389_rec2","no",51046
1390,2,55.9113,-96.6942494790326,-99.8994014687992,-3.20515198976661,0.399999999999068,1.10000000000099,1.04999999999933,-93.5418841506573,-6.23558703833361,2.87905985296098,75.4797525774244,55.9113,55.91085,118226,"2023_08_31_0032","2023_08_31_0032_ev01390_rec2","no",51047
1391,2,55.99075,-94.5700331059179,-99.9110769295978,-5.34104382367984,1.69999999999959,31.3999999999979,30.0000000000011,-7033.76962243103,6939.31751586676,155496.539062135,-19.0456199992079,55.9905,55.9876,119815,"2023_08_31_0032","2023_08_31_0032_ev01391_rec2","no",51048
1392,2,56.011,-93.2808765353826,-102.252619760831,-8.97174322544871,1.95000000000078,3.34999999999752,3.55000000000416,-93.1764132515237,-8.08685697721372,4.10517140197951,-39.8754664591751,56.01075,56.00875,120220,"2023_08_31_0032","2023_08_31_0032_ev01392_rec2","no",51049
1393,2,56.0426,-95.0751387615844,-100.772220643745,-5.69708188216023,0.350000000004513,0.849999999999795,1.10000000000099,-92.4082250133123,-6.52770408271784,3.50159937520761,55.7300650647568,56.04245,56.04185,120852,"2023_08_31_0032","2023_08_31_0032_ev01393_rec2","no",51050
1394,2,56.0789,-94.398692258313,-96.8384880893193,-2.43979583100632,0.149999999997874,2.00000000000244,1.89999999999912,-92.8918317519794,-4.86752242086738,2.68219842785004,30.4349709150961,56.07835,56.078,121578,"2023_08_31_0032","2023_08_31_0032_ev01394_rec2","no",51051
1395,2,56.12165,-92.1935078747127,-107.064849699066,-14.8713418243535,1.64999999999793,4.19999999999732,3.89999999999446,-92.2068640351973,-12.7523222955019,4.59805310123911,-82.9835528087337,56.1211,56.1184,122433,"2023_08_31_0032","2023_08_31_0032_ev01395_rec2","no",51052
1396,2,56.1714,-97.9051548865181,-103.574767714108,-5.66961282758952,1.09999999999388,2.19999999999487,1.75000000000125,-95.5887697850618,-10.8585964064482,1.95514631012242,43.2872012331643,56.1711,56.1697,123428,"2023_08_31_0032","2023_08_31_0032_ev01396_rec2","no",51053
1397,2,56.2023,-94.1720658141332,-104.992973927749,-10.8209081136155,3.5000000000025,5.04999999999711,1.04999999999933,-93.6787891051294,-10.8673437761911,1.20265591730451,-41.1320954273501,56.1999,56.1964,124046,"2023_08_31_0032","2023_08_31_0032_ev01397_rec2","no",51054
1398,2,56.23295,-93.784980046592,-99.1428553326252,-5.35787528603315,1.39999999999674,6.50000000000261,6.04999999999478,-95.0115989225468,-6.77797012309916,2.76014898265625,-68.1215849049259,56.2317,56.23025,124659,"2023_08_31_0032","2023_08_31_0032_ev01398_rec2","no",51055
1399,2,56.26175,-92.7273314734801,-99.2600540416062,-6.53272256812608,1.75000000000125,13.8999999999996,0,-18888.7928664245,18793.4454980787,249866.232221419,-141.936112662239,56.25865,56.25615,125235,"2023_08_31_0032","2023_08_31_0032_ev01399_rec2","no",51056
1400,2,56.2877,-96.0919729588345,-101.264762377505,-5.17278941867053,0.750000000003581,1.00000000000477,1.75000000000125,-37.3298467710871,-61.1216885347883,239.999613362847,34.9926750984805,56.28725,56.28645,125754,"2023_08_31_0032","2023_08_31_0032_ev01400_rec2","no",51057
1401,2,56.4268,-92.9678057199168,-100.957145151126,-7.98933943120906,1.10000000000099,30.7999999999993,30.0000000000011,-27895.0573221703,27802.6917875574,429897.645407371,-15.6716932800138,56.42675,56.4256,128536,"2023_08_31_0032","2023_08_31_0032_ev01401_rec2","no",51058
1402,2,56.47065,-95.8164231269098,-102.12258933408,-6.30616620716992,1.1999999999972,0.999999999997669,0,8269.52423135547,-8365.30373281808,268040.087797688,9.19253496930288,56.4704,56.46915,129413,"2023_08_31_0032","2023_08_31_0032_ev01402_rec2","no",51059
1403,2,56.51045,-97.1249150653113,-101.358706822818,-4.23379175750692,0.399999999999068,1.34999999999508,0.750000000003581,-93.5603055677088,-8.95494519588913,1.31545229858866,92.8155998245233,56.5099,56.50905,130209,"2023_08_31_0032","2023_08_31_0032_ev01403_rec2","no",51060
1404,2,56.54725,-94.5829333397545,-99.4937386057232,-4.91080526596869,2.69999999999726,32.199999999996,30.0000000000011,-11775.4940593813,11681.5133576859,460387.828037262,-2.99594945034089,56.547,56.54365,130945,"2023_08_31_0032","2023_08_31_0032_ev01404_rec2","no",51061
1405,2,56.5774,-96.8035280214721,-101.523755325088,-4.72022730361584,0.199999999999534,0.0999999999962142,0,-94.6123752856393,-3.75241915342784,1.99932135294191,57.8225352284562,56.5774,56.5772,131548,"2023_08_31_0032","2023_08_31_0032_ev01405_rec2","no",51062
1406,2,56.64195,-93.87401202104,-98.1904674984122,-4.3164554773722,0.950000000003115,30.4500000000019,30.0000000000011,-6261.06955327855,6167.16180824209,380190.986074329,-11.8977543956802,56.6417,56.64075,132839,"2023_08_31_0032","2023_08_31_0032_ev01406_rec2","no",51063
1407,2,56.6622,-91.4824555061585,-99.0540775144453,-7.57162200828687,0.849999999999795,1.04999999999933,0.0500000000016598,-93.5015643805558,-5.5519856928827,1e-07,-65.1545975989351,56.66195,56.6611,133244,"2023_08_31_0032","2023_08_31_0032_ev01407_rec2","no",51064
1408,2,56.6921,-95.2361368841452,-100.333968930735,-5.09783204658991,0.749999999996476,30.0999999999974,30.0000000000011,-19504.7478945865,19413.456957792,219050.96582748,77.0561758770095,56.6921,56.69105,133842,"2023_08_31_0032","2023_08_31_0032_ev01408_rec2","no",51065
1409,2,56.72675,-94.6643274291924,-109.345366992038,-14.6810395628451,1.39999999999674,4.39999999999685,4.3500000000023,-92.979061798835,-18.9025829134663,4.43064655750777,-51.2872892253647,56.7262,56.7247,134535,"2023_08_31_0032","2023_08_31_0032_ev01409_rec2","no",51066
1410,2,56.7769,-95.3794942368997,-98.7133604371934,-3.3338662002937,0.449999999993622,0.849999999999795,0,40745.7258364745,-40840.6660517657,313612.870521019,69.8092433585691,56.77665,56.7756,135538,"2023_08_31_0032","2023_08_31_0032_ev01410_rec2","no",51067
1411,2,56.79005,-93.8606465930541,-96.6021033806712,-2.74145678761715,0.450000000000728,30.4000000000002,30.0000000000011,-13224.2143114126,13131.6275010463,348186.404815121,20.3149961771248,56.79005,56.7896,135801,"2023_08_31_0032","2023_08_31_0032_ev01411_rec2","no",51068
1412,2,56.81805,-93.9017028475581,-100.612979217345,-6.7112763697873,0.849999999999795,1.54999999999461,1.1999999999972,-91.2144727800545,-8.43865515351895,2.46941492178836,57.2122199644285,56.818,56.81685,136361,"2023_08_31_0032","2023_08_31_0032_ev01412_rec2","no",51069
1413,2,56.8474,-92.573573995387,-97.9548660535696,-5.38129205818257,0.149999999997874,30.2000000000007,30.0000000000011,-17244.7978720213,17154.4173415316,144529.872697574,11.6234686278691,56.8473,56.84715,136948,"2023_08_31_0032","2023_08_31_0032_ev01413_rec2","no",51070
1414,2,56.8959,-90.8619124390964,-93.4402331429526,-2.57832070385624,0.150000000004979,12.7499999999969,6.59999999999883,-35213.6995143828,35122.2623151199,611684.820767481,-44.1093180055307,56.89565,56.8955,137918,"2023_08_31_0032","2023_08_31_0032_ev01414_rec2","no",51071
1415,2,56.92175,-91.2755876811164,-98.328536365156,-7.05294868403958,1.80000000000291,2.89999999999679,2.15000000000032,-91.0333228175049,-5.91175483445741,2.93827946453367,-16.7581336546167,56.92165,56.91975,138435,"2023_08_31_0032","2023_08_31_0032_ev01415_rec2","no",51072
1416,2,56.9631,-92.1201653981877,-98.2912705357597,-6.17110513757204,1.35000000000218,3.59999999999872,1.89999999999912,-92.3325545929982,-7.3407532324547,1.49773983112836,-30.1684200045125,56.9625,56.96005,139262,"2023_08_31_0032","2023_08_31_0032_ev01416_rec2","no",51073
1417,2,56.9899,-92.4110285711263,-95.8941445242085,-3.48311595308215,0.549999999996942,18.2000000000002,15.349999999998,-32578.0816731934,32487.204359005,176447.555206888,-39.8751368293531,56.98925,56.9887,139798,"2023_08_31_0032","2023_08_31_0032_ev01417_rec2","no",51074
1418,2,57.0679,-94.2350671443606,-102.890888143531,-8.65582099917059,1.39999999999674,2.44999999999607,1.89999999999912,-94.3709750720086,-9.4212073966147,1.68177413611039,-26.8978780914089,57.0678,57.06635,141358,"2023_08_31_0032","2023_08_31_0032_ev01418_rec2","no",51075
1419,2,57.0846,-95.3003710675774,-98.3630728311228,-3.06270176354533,0.300000000002854,0.199999999999534,0,8217.99432570877,-8312.90571344718,158371.728103598,34.655557319105,57.08455,57.0842,141692,"2023_08_31_0032","2023_08_31_0032_ev01419_rec2","no",51076
1420,2,57.1194,-92.6691135273018,-99.1760647035806,-6.5069511762788,1.80000000000291,3.00000000000011,3.95000000000323,-85.0354799824607,-12.0581793587654,21.7068541631539,22.7629629005492,57.1192,57.11695,142388,"2023_08_31_0032","2023_08_31_0032_ev01420_rec2","no",51077
1421,2,57.16825,-91.2828901238516,-100.243061864253,-8.96017174040109,2.54999999999939,9.79999999999848,3.05000000000177,-93.444158699622,-7.2256631340996,1.66595562786647,-106.858868913733,57.1678,57.1582,143365,"2023_08_31_0032","2023_08_31_0032_ev01421_rec2","no",51078
1422,2,57.21395,-92.0919624490002,-103.982784483427,-11.8908220344265,11.0000000000028,4.90000000000634,3.65000000000038,-94.5104650269326,-9.20795545233114,2.3833693506885,-167.677098419313,57.2139,57.20275,144279,"2023_08_31_0032","2023_08_31_0032_ev01422_rec2","no",51079
1423,2,57.2376,-94.675355709435,-99.3423194160098,-4.66696370657486,0.999999999997669,4.79999999999592,3.19999999999965,-92.7876515296673,-5.21953512078946,8.74076817626646,0.145479803760779,57.2354,57.23405,144752,"2023_08_31_0032","2023_08_31_0032_ev01423_rec2","no",51080
1424,2,57.29655,-93.895575704602,-97.2845801949143,-3.38900449031226,0.500000000002387,4.15000000000276,3.15000000000509,-92.5757877186757,-6.78987829333846,3.24680436236909,12.2981788416731,57.29585,57.29495,145931,"2023_08_31_0032","2023_08_31_0032_ev01424_rec2","no",51081
1425,2,57.33805,-93.4905488910189,-99.5345134818715,-6.04396459085264,0.550000000004047,0.0999999999962142,0,38861.580480431,-38955.6747210038,274103.749718413,44.235203212747,57.338,57.3374,146761,"2023_08_31_0032","2023_08_31_0032_ev01425_rec2","no",51082
1426,2,57.3511,-91.7981464713263,-94.7933789211512,-2.99523244982487,0.500000000002387,30.0499999999957,25.8499999999984,-34386.1489932304,34295.3068094286,429266.697967168,-10.5281906911272,57.3504,57.3497,147022,"2023_08_31_0032","2023_08_31_0032_ev01426_rec2","no",51083
1427,2,57.3806,-92.0891150235275,-96.4883917862744,-4.39927676274694,0.450000000000728,3.70000000000203,3.69999999999493,-92.7951829547184,-5.30791111736382,2.12653121938079,-37.137844464952,57.3799,57.3792,147612,"2023_08_31_0032","2023_08_31_0032_ev01427_rec2","no",51084
1428,2,57.4486,-91.1306265115619,-108.506819432006,-17.376192920444,5.74999999999903,8.20000000000221,7.35000000000241,-95.0024239321443,-7.14457297716394,7.13961578219904,-268.925985921184,57.4466,57.43565,148972,"2023_08_31_0032","2023_08_31_0032_ev01428_rec2","no",51085
1429,2,57.4732,-96.2124383045953,-99.3044265217451,-3.09198821714978,0.349999999997408,0.349999999997408,0,-93.1062931802415,-2.44843977694237,2.97066951171003,85.3625465692848,57.47315,57.4728,149464,"2023_08_31_0032","2023_08_31_0032_ev01429_rec2","no",51086
1430,2,57.5247,-93.4044000311082,-97.3696919381603,-3.96529190705215,0.450000000000728,0.849999999999795,1.10000000000099,-91.80955380631,-5.02057000178143,2.18590851855639,35.3608586267614,57.52445,57.5238,150494,"2023_08_31_0032","2023_08_31_0032_ev01430_rec2","no",51087
1431,2,57.5576,-92.6866599648276,-97.8910836335036,-5.20442366867604,0.799999999998136,1.00000000000477,0.849999999999795,-92.0916071312824,-6.75610654840341,0.870822752503336,8.89041716107123,57.55755,57.55675,151152,"2023_08_31_0032","2023_08_31_0032_ev01431_rec2","no",51088
1432,2,57.59355,-94.7029429315857,-101.285877959882,-6.58293502829589,0.650000000000261,1.30000000000052,0.900000000001455,-93.3282002600487,-6.94983812841115,1.53541267276763,24.1574629288349,57.59335,57.5912,151871,"2023_08_31_0032","2023_08_31_0032_ev01432_rec2","no",51089
1433,2,57.6158,-91.9002595168245,-96.0416135112024,-4.14135399437787,0.199999999999534,4.19999999999732,4.55000000000183,-91.5708742704541,-4.8664874395351,4.72465404228522,-15.7909776763535,57.6151,57.61485,152316,"2023_08_31_0032","2023_08_31_0032_ev01433_rec2","no",51090
1434,2,57.6416,-90.5888644690361,-97.2883125467145,-6.69944807767838,0.650000000000261,1.4500000000055,1.85000000000457,-91.8040865092655,-2.71930031317059,2.42204709172365,-48.5764687738114,57.64085,57.6402,152832,"2023_08_31_0032","2023_08_31_0032_ev01434_rec2","no",51091
1435,2,57.69505,-91.9096057961625,-97.3679837065878,-5.45837791042534,0.89999999999435,0.800000000005241,1.14999999999554,-93.6142297040139,-5.40273072764445,0.401912100544972,-59.3147128096371,57.69445,57.6935,153901,"2023_08_31_0032","2023_08_31_0032_ev01435_rec2","no",51092
1436,2,57.72085,-91.4299182093758,-99.3453248281099,-7.91540661873415,2.94999999999845,5.10000000000588,2.85000000000224,-93.5521384528732,-8.19383528044063,1.23279470082708,-94.588779996,57.71935,57.7163,154417,"2023_08_31_0032","2023_08_31_0032_ev01436_rec2","no",51093
1437,2,57.7473,-93.516202080256,-96.831294799057,-3.31509271880091,0.749999999996476,22.1000000000018,18.2500000000019,-22091.4674114184,21999.5867608819,140450.857479789,-25.4286520500911,57.74655,57.7455,154946,"2023_08_31_0032","2023_08_31_0032_ev01437_rec2","no",51094
1438,2,57.78635,-101.139470178496,-106.614052183823,-5.47458200532714,1.04999999999933,1.04999999999933,0.750000000003581,-91.1924715189142,-16.747062176773,2.22025187665233,259.654730778102,57.7863,57.78505,155727,"2023_08_31_0032","2023_08_31_0032_ev01438_rec2","no",51095
1439,2,57.82445,-92.3994534312603,-96.5133484761017,-4.11389504484143,1.55000000000172,6.34999999999764,1.24999999999886,-90.4937567375887,-5.80421204435977,2.33965214856563,23.8010901121544,57.824,57.8186,156489,"2023_08_31_0032","2023_08_31_0032_ev01439_rec2","no",51096
1440,2,57.85665,-90.8553530405935,-96.8425562214701,-5.98720318087662,1.4499999999984,2.29999999999819,2.049999999997,-90.9463855439604,-7.56738693155289,1.62913886316289,-19.8183015909643,57.8566,57.85515,157133,"2023_08_31_0032","2023_08_31_0032_ev01440_rec2","no",51097
1441,2,57.9494,-90.0310024582091,-101.379704595447,-11.3487021372382,1.89999999999912,4.40000000000396,5.30000000000541,-92.8235176435803,-6.33135377015887,3.51206019290137,-121.827269136778,57.9492,57.9471,158988,"2023_08_31_0032","2023_08_31_0032_ev01441_rec2","no",51098
1442,2,57.97695,-92.9957762915836,-96.9387831290463,-3.94300683746273,0.0999999999962142,30.2000000000078,30.0000000000011,-92.0660869641535,1.42667857047022,5.43265042895589,34.9989750318041,57.9768,57.97665,159539,"2023_08_31_0032","2023_08_31_0032_ev01442_rec2","no",51099
1443,2,57.99105,-87.4405681467899,-94.5083765617814,-7.06780841499156,3.5000000000025,36.1000000000047,30.0000000000011,-91.5256601798846,-5.1191010860748,3.55397496625226,-175.515528567582,57.98805,57.98455,159821,"2023_08_31_0032","2023_08_31_0032_ev01443_rec2","no",51100
1444,2,58.01755,-92.3772633572346,-99.7110739123968,-7.33381055516215,1.50000000000006,1.35000000000218,0.749999999996476,-90.6207446519314,-8.24748415995318,1.21915622892861,37.3489999222681,58.0175,58.01565,160351,"2023_08_31_0032","2023_08_31_0032_ev01444_rec2","no",51101
1445,2,58.03435,-91.2718392644714,-94.496817606587,-3.22497834211563,0.400000000006173,0.550000000004047,0,6003.77690582585,-6095.66258264673,66065.2827582717,21.6953384077613,58.03435,58.03375,160687,"2023_08_31_0032","2023_08_31_0032_ev01445_rec2","no",51102
1446,2,58.05325,-89.9144618986358,-96.6196409007992,-6.70517900216335,0.599999999998602,30.4999999999964,30.0000000000011,-33413.1748397007,33324.3312678131,359756.549832909,-11.3929254366924,58.0532,58.0526,161065,"2023_08_31_0032","2023_08_31_0032_ev01446_rec2","no",51103
1447,2,58.12525,-90.8278466461284,-98.2906017446879,-7.46275509855955,3.19999999999965,32.3499999999939,29.999999999994,-12817.815560239,12726.8674969424,293184.410382657,-44.6773856911452,58.12435,58.12115,162505,"2023_08_31_0032","2023_08_31_0032_ev01447_rec2","no",51104
1448,2,58.1691,-93.596577202798,-98.8340120589701,-5.23743485617206,2.00000000000244,0.550000000004047,0,-91.9618707031898,-3.55701194786735,3.51406103147095,23.2182643842471,58.16695,58.16465,163382,"2023_08_31_0032","2023_08_31_0032_ev01448_rec2","no",51105
1449,2,58.19685,-92.9341685303005,-98.923524327192,-5.98935579689152,1.80000000000291,2.09999999999866,2.34999999999985,-92.7264155620416,-7.21591736256617,2.13389270042134,-14.6197498514198,58.1966,58.19455,163937,"2023_08_31_0032","2023_08_31_0032_ev01449_rec2","no",51106
1450,2,58.23395,-91.3506471061011,-103.0824889106,-11.7318418044985,1.99999999999534,1.04999999999222,6.9999999999979,95343.1857549571,-95440.5197802678,406024.953252741,-98.584359078081,58.23235,58.22965,164679,"2023_08_31_0032","2023_08_31_0032_ev01450_rec2","no",51107
1451,2,58.2475,-94.0494840052462,-99.8512473737994,-5.80176336855318,0.749999999996476,2.45000000000317,1.75000000000125,-92.0301831222284,-8.15555208550157,2.60365366868811,34.6027784133475,58.247,58.2459,164950,"2023_08_31_0032","2023_08_31_0032_ev01451_rec2","no",51108
1452,2,58.2762,-93.423053954904,-97.546224583105,-4.12317062820102,0.150000000004979,1.80000000000291,0,2446.58439361587,-2540.11035856145,202382.059269565,-6.16446567899874,58.27405,58.273,165524,"2023_08_31_0032","2023_08_31_0032_ev01452_rec2","no",51109
1453,2,58.3354,-91.7102499478286,-98.9278975129778,-7.21764756514921,2.00000000000244,2.24999999999653,1.4499999999984,-92.6215842753186,-4.94815685533046,1.41169476624814,-51.2140462214742,58.33535,58.3284,166708,"2023_08_31_0032","2023_08_31_0032_ev01453_rec2","no",51110
1454,2,58.3554,-93.583639705043,-96.5272354069871,-2.94359570194403,0.250000000001194,0.500000000002387,0.399999999999068,-92.5749936255668,-4.61514043667415,0.523850987124777,26.9159902537392,58.3551,58.35485,167108,"2023_08_31_0032","2023_08_31_0032_ev01454_rec2","no",51111
1455,2,58.40595,-92.1410688017959,-107.297819920127,-15.1567511183312,3.84999999999991,5.15000000000043,5.50000000000495,-91.8336114933541,-11.929140369674,7.84059541548253,-110.237070389879,58.4059,58.40195,168119,"2023_08_31_0032","2023_08_31_0032_ev01455_rec2","no",51112
1456,2,58.46865,-93.4810685666061,-98.8308060114493,-5.34973744484319,0.549999999996942,0.749999999996476,1.05000000000643,-92.7833765273405,-3.97600894561043,2.60820589919045,9.03134743617585,58.4686,58.46805,169373,"2023_08_31_0032","2023_08_31_0032_ev01456_rec2","no",51113
1457,2,58.5031,-89.7795616096059,-97.7952161177962,-8.01565450819022,2.15000000000032,32.0499999999981,29.999999999994,-94.4111736473215,-3.30528013596564,1.9290373981948,-161.272752567247,58.50265,58.50045,170062,"2023_08_31_0032","2023_08_31_0032_ev01457_rec2","no",51114
1458,2,58.5434,-95.4544281696494,-98.8299117042773,-3.3754835346279,0.250000000001194,0.450000000000728,0.399999999999068,-90.7094655622385,-10.0481051293982,0.80739294634972,132.59683405375,58.543,58.54245,170868,"2023_08_31_0032","2023_08_31_0032_ev01458_rec2","no",51115
1459,2,58.629,-90.5146716364231,-98.794961635337,-8.28028999891386,1.95000000000078,31.3000000000017,13.2000000000048,-19009.2362168346,18916.294433336,392189.641996005,-112.952166585743,58.6273,58.62485,172580,"2023_08_31_0032","2023_08_31_0032_ev01459_rec2","no",51116
1460,2,58.6835,-93.646631777852,-98.8667924491466,-5.22016067129461,0.150000000004979,3.25000000000131,4.20000000000442,-90.8029673708472,-6.44765391227423,13.955708149369,2.26480766926505,58.68325,58.6824,173670,"2023_08_31_0032","2023_08_31_0032_ev01460_rec2","no",51117
1461,2,58.7213,-93.3497626835658,-97.3712062666102,-4.0214435830444,0.549999999996942,30.2999999999969,30.0000000000011,-94.168064228299,1.3311672988831,28.0718131803682,-2.55261225661164,58.7208,58.72005,174426,"2023_08_31_0032","2023_08_31_0032_ev01461_rec2","no",51118
1462,2,58.7393,-89.9026469986344,-97.5479331267785,-7.64528612814415,3.25000000000131,9.10000000000366,0,-47865.4200682439,47772.4354230089,446205.980658959,-165.944599607041,58.73805,58.7347,174786,"2023_08_31_0032","2023_08_31_0032_ev01462_rec2","no",51119
1463,2,58.77675,-92.1857719340941,-100.649106364748,-8.46333443065434,1.95000000000078,31.7000000000007,25.5500000000026,-10208.8302843955,10114.6063541974,236163.544364486,-89.2345875784997,58.7767,58.77465,175535,"2023_08_31_0032","2023_08_31_0032_ev01463_rec2","no",51120
1464,2,58.80425,-94.2673972320423,-103.19730185594,-8.92990462389777,1.24999999999886,30.7999999999993,30.0000000000011,-76190.8700607525,76097.9090588571,874622.596973423,-6.57230972191751,58.80415,58.80265,176085,"2023_08_31_0032","2023_08_31_0032_ev01464_rec2","no",51121
1465,2,58.83315,-91.4814218296483,-100.875117152911,-9.39369532326249,2.20000000000198,4.90000000000634,0,60124.3784700468,-60218.9518250184,465108.422858955,-72.716769186589,58.82965,58.8267,176663,"2023_08_31_0032","2023_08_31_0032_ev01465_rec2","no",51122
1466,2,58.8504,-94.0057041328079,-100.74704036652,-6.74133623371175,0.500000000002387,1.00000000000477,0.89999999999435,-91.9453874156464,-8.28408705724198,1.5278291036016,46.2510958207406,58.8502,58.84965,177008,"2023_08_31_0032","2023_08_31_0032_ev01466_rec2","no",51123
1467,2,58.8694,-84.7710371630385,-96.4222505022312,-11.6512133391926,4.59999999999638,4.14999999999566,0,-23547.4986859959,23455.2419548523,177565.195243156,-325.99331424992,58.8687,58.8641,177388,"2023_08_31_0032","2023_08_31_0032_ev01467_rec2","no",51124
1468,2,58.88925,-91.7657184777167,-101.714933939899,-9.94921546218251,1.25000000000597,5.00000000000256,4.65000000000515,-92.2791761919872,-8.60901292251154,4.65079840857474,-71.1478004433533,58.8881,58.88655,177785,"2023_08_31_0032","2023_08_31_0032_ev01468_rec2","no",51125
1469,2,58.9174,-92.862671617041,-98.6696193689906,-5.80694775194964,0.199999999999534,2.0500000000041,1.4499999999984,-92.415208372139,-6.87868124554135,1.5046279444952,-3.73221756646555,58.9161,58.91585,178348,"2023_08_31_0032","2023_08_31_0032_ev01469_rec2","no",51126
1470,2,58.96845,-92.6413126733922,-96.5717134800227,-3.93040080663057,1.10000000000099,1.24999999999886,0.599999999998602,-90.9157500902085,-5.38454900683114,1.12944008334049,39.8545191162612,58.9679,58.96605,179369,"2023_08_31_0032","2023_08_31_0032_ev01470_rec2","no",51127
1471,2,59.02265,-95.8976870190854,-103.845077530908,-7.94739051182221,7.64999999999816,1.4499999999984,0,21038.626118121,-21136.5122409198,108141.925972905,3.2782395460056,59.0222,59.0107,180453,"2023_08_31_0032","2023_08_31_0032_ev01471_rec2","no",51128
1472,2,59.0651,-93.7408546760122,-98.925128353399,-5.18427367738678,0.350000000004513,3.84999999999991,4.04999999999944,-89.6843577242218,-11.0883910745247,6.5277372533842,47.5805739047191,59.06485,59.06445,181302,"2023_08_31_0032","2023_08_31_0032_ev01472_rec2","no",51129
1473,2,59.12715,-93.3572923316534,-99.9752705660591,-6.61797823440563,1.84999999999746,4.50000000000017,5.09999999999877,-91.2689396479399,-6.02087249292535,18.0491989542368,-36.1790953096266,59.1269,59.12415,182543,"2023_08_31_0032","2023_08_31_0032_ev01473_rec2","no",51130
1474,2,59.21385,-96.1860712344627,-102.276060157265,-6.08998892280263,1.4499999999984,5.59999999999405,3.70000000000203,-93.779291729215,-9.54767130118191,5.19041644862159,10.8605666311823,59.2129,59.2103,184277,"2023_08_31_0032","2023_08_31_0032_ev01474_rec2","no",51131
1475,2,59.2787,-95.0223104387244,-99.1180140144714,-4.09570357574698,0.149999999997874,4.24999999999898,5.65000000000282,23474.7091875266,-23572.3601367835,119849.793474406,3.63382216483182,59.2771,59.27695,185574,"2023_08_31_0032","2023_08_31_0032_ev01475_rec2","no",51132
1476,2,59.3241,-94.9381466366723,-99.9010371368337,-4.96289050016136,0.349999999997408,30.2500000000023,30.0000000000011,-14100.1630981097,14007.2105849958,263196.719238656,34.6478972934418,59.324,59.32355,186482,"2023_08_31_0032","2023_08_31_0032_ev01476_rec2","no",51133
1477,2,59.35545,-95.2981732429914,-102.092043948585,-6.79387070559338,1.4499999999984,3.10000000000343,4.1000000000011,-93.7608002354528,-6.59411848814717,8.4409272034098,-14.358373323146,59.35525,59.3533,187109,"2023_08_31_0032","2023_08_31_0032_ev01477_rec2","no",51134
1478,2,59.3943,-93.9227667326238,-100.273685388403,-6.35091865577887,0.749999999996476,31.6000000000045,30.0000000000011,-7180.32419828077,7087.42777918968,305303.963351628,12.6125122015046,59.39325,59.39245,187886,"2023_08_31_0032","2023_08_31_0032_ev01478_rec2","no",51135
1479,2,59.45215,-94.9646858528209,-99.8859367874777,-4.92125093465677,0.200000000006639,0.150000000004979,0.0499999999945544,-92.8511868909919,-4.23505623437842,0.792212786362438,59.3507206295831,59.4521,59.4519,189043,"2023_08_31_0032","2023_08_31_0032_ev01479_rec2","no",51136
1480,2,59.4688,-92.233881135919,-98.8476587829756,-6.61377764705659,2.15000000000032,2.6499999999956,2.60000000000105,-91.9712852524419,-8.53477814793959,2.25327759144598,-23.814027450683,59.4677,59.4655,189376,"2023_08_31_0032","2023_08_31_0032_ev01480_rec2","no",51137
1481,2,59.5292,-95.4348146557131,-102.789680187477,-7.35486553176392,1.54999999999461,2.10000000000576,1.1999999999972,-94.5552884240926,-4.43550293324923,5.83771834607703,-9.80458937813197,59.52905,59.526,190584,"2023_08_31_0032","2023_08_31_0032_ev01481_rec2","no",51138
1482,2,59.5662,-93.2564863881588,-101.234981805373,-7.97849541721462,2.49999999999773,1.89999999999202,0.200000000006639,19957.2392339649,-20053.4844583562,98199.8610270791,-12.196450820605,59.56585,59.5633,191324,"2023_08_31_0032","2023_08_31_0032_ev01482_rec2","no",51139
1483,2,59.6485,-91.562882398585,-94.9415393894242,-3.37865699083925,0.10000000000332,30.4000000000002,30.0000000000011,-5851.78746488026,5760.09863360638,295052.334618515,-14.2407397003262,59.64815,59.648,192970,"2023_08_31_0032","2023_08_31_0032_ev01483_rec2","no",51140
1484,2,59.67475,-93.3112573630185,-95.9558006344428,-2.6445432714243,0.199999999999534,21.9000000000023,19.5499999999953,-101074.975579289,100983.893981838,615026.192299571,-7.45145512076474,59.67465,59.67445,193495,"2023_08_31_0032","2023_08_31_0032_ev01484_rec2","no",51141
1485,2,59.70625,-88.774628435798,-100.183402066397,-11.408773630599,2.44999999999607,8.20000000000221,30.0000000000011,-93.2856194892499,-7.79035068964366,1.9974431783651,-248.783030967555,59.6966,59.69405,194125,"2023_08_31_0032","2023_08_31_0032_ev01485_rec2","no",51142
1486,2,59.746,-93.8596315730252,-98.8705599516428,-5.01092837861762,0.450000000000728,1.75000000000125,1.4500000000055,-94.506881323587,-6.44598415233966,0.872848963789767,-40.7889523474835,59.7433,59.7421,194920,"2023_08_31_0032","2023_08_31_0032_ev01486_rec2","no",51143
1487,2,59.81715,-93.7733708474282,-99.1323154456859,-5.35894459825776,1.24999999999886,26.8500000000031,23.1500000000011,-127225.920723349,127135.391954276,562827.302897196,-8.43730083138457,59.817,59.8157,196343,"2023_08_31_0032","2023_08_31_0032_ev01487_rec2","no",51144
1488,2,59.8463,-94.9058450378728,-102.139699439415,-7.23385440154175,1.60000000000338,6.00000000000023,6.7499999999967,-95.0689427004736,-6.31511396095949,7.32859425955967,-61.7836197116996,59.84605,59.8433,196926,"2023_08_31_0032","2023_08_31_0032_ev01488_rec2","no",51145
1489,2,59.89455,-95.2859214048577,-100.305208284252,-5.01928687939406,0.700000000001921,2.49999999999773,1.69999999999959,-93.5043435382217,-10.2362090880774,1.63850357022956,31.4990961601802,59.894,59.89305,197891,"2023_08_31_0032","2023_08_31_0032_ev01489_rec2","no",51146
1490,2,59.9367,-94.8164924144141,-103.944368361233,-9.1278759468189,5.44999999999618,9.19999999999988,4.64999999999804,-95.1801296027356,-9.8431324625838,3.92449888496546,-89.6764900882812,59.93565,59.93015,198734,"2023_08_31_0032","2023_08_31_0032_ev01490_rec2","no",51147
1491,2,59.9807,-92.4597656613572,-98.2513141715848,-5.79154851022764,0.900000000001455,5.90000000000401,30.0000000000011,-95.0290112872204,-3.75330912276667,1.43193067970293,-95.6447761155183,59.9785,59.97755,199614,"2023_08_31_0032","2023_08_31_0032_ev01491_rec2","no",51148
1492,2,60.00835,-95.3383596511114,-103.60717010498,-8.26881045386905,0.750000000003581,3.94999999999612,1.10000000000099,-92.8877021256948,-11.2393713371435,1.51502344418763,38.1026495070683,60.00745,60.00425,200167,"2023_08_31_0032","2023_08_31_0032_ev01492_rec2","no",51149
1493,2,60.0258,-89.4455606369745,-101.77611541748,-12.3305547805059,3.59999999999161,5.29999999999831,3.70000000000203,-91.1098658448042,-12.419433605057,2.54109943977544,-113.019852411179,60.0251,60.02145,200516,"2023_08_31_0032","2023_08_31_0032_ev01493_rec2","no",51150
1494,2,60.06495,-92.5191167195638,-97.6562423706055,-5.13712565104167,0.599999999998602,1.75000000000125,0.600000000005707,-92.844796942654,-6.81612512552861,0.421006367100245,-17.8044637044272,60.0644,60.06315,201299,"2023_08_31_0032","2023_08_31_0032_ev01494_rec2","no",51151
1495,2,60.0856,-94.0449956258138,-99.4872970581055,-5.44230143229167,0.749999999996476,1.15000000000265,0.849999999999795,-92.0563954070769,-7.016620782547,1.53322078391274,44.8290506998697,60.08515,60.0844,201712,"2023_08_31_0032","2023_08_31_0032_ev01495_rec2","no",51152
1496,2,60.126,-93.1367343720936,-97.8088302612305,-4.6720958891369,0.900000000001455,2.60000000000105,2.15000000000032,-92.1635619846138,-5.80139124466683,2.82361983586482,7.86445254371301,60.1254,60.1245,202520,"2023_08_31_0032","2023_08_31_0032_ev01496_rec2","no",51153
1497,2,60.15335,-89.5472858973912,-95.6725997924805,-6.12531389508929,3.29999999999586,5.64999999999571,2.79999999999347,-91.5457095682195,-4.9833418035319,0.963220459563367,-80.0623212541855,60.15295,60.14905,203067,"2023_08_31_0032","2023_08_31_0032_ev01497_rec2","no",51154
1498,2,60.1855,-92.02502259754,-101.013175964355,-8.98815336681548,1.30000000000052,2.85000000000224,5.29999999999831,-68.6997076173488,-28.2422323579636,91.6246291452455,-31.7328316824779,60.1849,60.1836,203710,"2023_08_31_0032","2023_08_31_0032_ev01498_rec2","no",51155
1499,2,60.22335,-92.2139409383138,-96.1303634643555,-3.91642252604167,0.749999999996476,13.6000000000038,13.9000000000067,-91.3856183426127,-7.32078317974772,11.8919123363034,-62.9971822102866,60.2217,60.22095,204467,"2023_08_31_0032","2023_08_31_0032_ev01499_rec2","no",51156
1500,2,60.26185,-91.9741599673317,-95.2148361206055,-3.24067615327381,0.849999999999795,3.34999999999752,3.15000000000509,-92.3281802502903,-3.81398759990905,2.0787137204396,-20.1414199102493,60.2617,60.26075,205237,"2023_08_31_0032","2023_08_31_0032_ev01500_rec2","no",51157
1501,2,60.31115,-92.5990437098912,-97.5036544799805,-4.90461077008929,0.199999999999534,0.849999999999795,1.4500000000055,-93.8261043002229,-2.23690164119913,1.07158921066223,-40.2297973632814,60.31105,60.31085,206223,"2023_08_31_0032","2023_08_31_0032_ev01501_rec2","no",51158
1502,2,60.3445,-93.3401848929269,-101.16576385498,-7.82557896205357,1.74999999999415,19.7499999999948,13.8000000000034,-60715.6666151213,60622.6344016936,261370.664101691,-102.616991315569,60.3443,60.3425,206890,"2023_08_31_0032","2023_08_31_0032_ev01502_rec2","no",51159
1503,2,60.3695,-92.9550821213495,-104.21752166748,-11.2624395461309,2.34999999999985,7.99999999999557,4.39999999999685,-93.2609612695733,-9.97885468021881,4.65044991021114,-102.814628964379,60.3656,60.36315,207390,"2023_08_31_0032","2023_08_31_0032_ev01503_rec2","no",51160
1504,2,60.39095,-91.5018641153971,-95.9777755737305,-4.47591145833333,0.249999999994088,4.14999999999566,4.25000000000608,-92.8840646731368,-3.74617372303597,1.62748682916426,-54.5361836751301,60.38985,60.3891,207819,"2023_08_31_0032","2023_08_31_0032_ev01504_rec2","no",51161
1505,2,60.40805,-94.7280080886114,-97.5036544799805,-2.77564639136905,0.450000000000728,0.200000000006639,0,-92.7172996277458,-2.737164912622,5.04121082343581,45.8957127162387,60.40805,60.40735,208161,"2023_08_31_0032","2023_08_31_0032_ev01505_rec2","no",51162
1506,2,60.4373,-91.4510014851888,-95.5200119018555,-4.06901041666667,0.349999999997408,2.09999999999866,25.1999999999981,-93.1659137020434,-2.54414536458046,0.751769009810794,-62.047322591146,60.43505,60.434,208746,"2023_08_31_0032","2023_08_31_0032_ev01506_rec2","no",51163
1507,2,60.4623,-91.71984681629,-99.0295333862305,-7.30968656994048,1.55000000000172,4.75000000000136,4.84999999999758,-89.6129582522967,-9.3147716843713,7.33382724837196,-14.1083853585381,60.46165,60.4601,209246,"2023_08_31_0032","2023_08_31_0032_ev01507_rec2","no",51164
1508,2,60.5278,-95.5708745320638,-99.1821212768555,-3.61124674479167,0.599999999998602,0.94999999999601,0.450000000000728,-93.7190913783631,-5.83503202952923,0.776644277924804,49.4499206542967,60.5277,60.52695,210556,"2023_08_31_0032","2023_08_31_0032_ev01508_rec2","no",51165
1509,2,60.65535,-92.7734298706055,-95.8251876831055,-3.0517578125,0.10000000000332,0.0500000000016598,0,-91.4779597777497,-4.34656987191242,1e-07,38.3415222167969,60.6552,60.6551,213107,"2023_08_31_0032","2023_08_31_0032_ev01509_rec2","no",51166
1510,2,60.6862,-90.528208051409,-101.16576385498,-10.6375558035714,3.05000000000177,5.80000000000069,5.20000000000209,-93.8833577579015,-8.91548643009991,1.89800528422745,-140.968867710659,60.68595,60.6818,213724,"2023_08_31_0032","2023_08_31_0032_ev01510_rec2","no",51167
1511,2,60.7179,-92.8024942307245,-105.590812683105,-12.7883184523809,4.24999999999898,6.50000000000261,5.84999999999525,-93.5502072416268,-7.49751564922237,9.22282306738512,-131.227765764509,60.7176,60.71015,214358,"2023_08_31_0032","2023_08_31_0032_ev01511_rec2","no",51168
1512,2,60.741,-97.8669589814686,-99.9450607299805,-2.0781017485119,0.0999999999962142,0.399999999999068,0.450000000000728,-93.1265906252315,-7.17847328873684,1.63180288727993,130.071912493025,60.74085,60.74075,214820,"2023_08_31_0032","2023_08_31_0032_ev01512_rec2","no",51169
1513,2,60.76145,-93.1948630923317,-99.9450607299805,-6.75019763764881,0.599999999998602,13.450000000006,11.8000000000009,-340223.702352829,340136.295414849,485117.954071757,-144.33833530971,60.76135,60.7603,215229,"2023_08_31_0032","2023_08_31_0032_ev01513_rec2","no",51170
1514,2,60.7878,-93.0059447515578,-120.849601745605,-27.8436569940476,1.30000000000052,6.85000000000002,7.44999999999862,-93.6557169971169,-31.2486118512689,6.35074358680935,-252.090999058315,60.7873,60.7859,215756,"2023_08_31_0032","2023_08_31_0032_ev01514_rec2","no",51171
1515,2,60.8217,-99.2983787173317,-121.00218963623,-21.7038109188988,0.849999999999795,3.39999999999918,3.39999999999918,-95.7516506157491,-26.9327641289595,4.00610229524405,-21.392095656622,60.8212,60.8203,216434,"2023_08_31_0032","2023_08_31_0032_ev01515_rec2","no",51172
1516,2,60.86395,-95.7525267828078,-106.65892791748,-10.9064011346726,1.00000000000477,3.65000000000038,2.79999999999347,-95.5196368598447,-12.787963875477,2.54361687402559,-38.9484223865328,60.86305,60.862,217279,"2023_08_31_0032","2023_08_31_0032_ev01516_rec2","no",51173
1517,2,60.90255,-96.4718696957543,-101.623527526855,-5.15165783110119,0.450000000000728,2.049999999997,1.10000000000099,-93.2661590126971,-8.39870239650801,2.22527543197323,72.5172133672805,60.90205,60.9004,218051,"2023_08_31_0032","2023_08_31_0032_ev01517_rec2","no",51174
1518,2,60.9243,-92.9187516712007,-96.5881271362305,-3.66937546502976,0.900000000001455,1.29999999999342,0.0499999999945544,-95.0424142800178,-1.54422983658433,1e-07,-67.7828107561383,60.9239,60.92285,218486,"2023_08_31_0032","2023_08_31_0032_ev01518_rec2","no",51175
1519,2,60.9637,-97.8088302612305,-109.10033416748,-11.29150390625,6.90000000000168,7.75000000000148,2.049999999997,-94.7702766572981,-18.5892783112631,2.16324654096094,10.55908203125,60.96345,60.95635,219274,"2023_08_31_0032","2023_08_31_0032_ev01519_rec2","no",51176
1520,2,60.98435,-92.177610488165,-99.9450607299805,-7.76745024181548,1.99999999999534,7.84999999999769,29.8999999999978,-95.5272521730066,-5.25239610766418,0.947227300193945,-139.415196010045,60.98,60.9778,219687,"2023_08_31_0032","2023_08_31_0032_ev01520_rec2","no",51177
1521,2,61.0133,-93.703489394415,-102.844230651855,-9.14074125744048,2.24999999999653,3.64999999999327,2.24999999999653,-91.929602989082,-10.154225962505,3.29296057980699,6.12967354910696,61.01305,61.0105,220266,"2023_08_31_0032","2023_08_31_0032_ev01521_rec2","no",51178
1522,2,61.0661,-93.8778755551293,-100.708000183105,-6.83012462797619,3.55000000000416,2.70000000000437,1.55000000000172,-94.1715259435325,-6.93131358774739,1.35325777083706,-41.6692097981771,61.06465,61.0602,221322,"2023_08_31_0032","2023_08_31_0032_ev01522_rec2","no",51179
1523,2,61.10425,-93.5436354137602,-98.2665939331055,-4.72295851934524,0.650000000000261,3.5000000000025,4.30000000000064,-94.374475028575,-6.3393336753432,2.22779262935464,-46.1645580473401,61.1033,61.1026,222085,"2023_08_31_0032","2023_08_31_0032_ev01523_rec2","no",51180
1524,2,61.14315,-96.2611530848912,-100.097648620605,-3.83649553571429,0.94999999999601,1.15000000000265,0,-80.0953460263676,-17.1210791642649,101.031572975155,38.0586896623882,61.1429,61.14195,222863,"2023_08_31_0032","2023_08_31_0032_ev01524_rec2","no",51181
1525,2,61.1786,-93.3401848929269,-113.06761932373,-19.7274344308036,1.10000000000099,5.70000000000448,6.49999999999551,-97.3986503119668,-17.0692793986152,3.90762766255931,-221.099853515625,61.1774,61.1762,223572,"2023_08_31_0032","2023_08_31_0032_ev01525_rec2","no",51182
1526,2,61.20405,-93.8342790149507,-100.25023651123,-6.41595749627976,1.24999999999886,24.3499999999983,19.8500000000053,-97.6447666493288,-3.80721677268212,0.584237600389546,-143.454052153088,61.2003,61.19905,224081,"2023_08_31_0032","2023_08_31_0032_ev01526_rec2","no",51183
1527,2,61.2197,-96.3846766153971,-100.86058807373,-4.47591145833333,0.149999999997874,9.45000000000107,7.94999999999391,-452868.788839268,452779.211582849,425385.85952743,-278.036784235636,61.219,61.2185,224394,"2023_08_31_0032","2023_08_31_0032_ev01527_rec2","no",51184
1528,2,61.24685,-101.47093963623,-141.754150390625,-40.2832107543945,2.09999999999866,5.45000000000329,4.65000000000515,-98.3217007732253,-44.8478766036299,5.10409316895277,-218.750030899048,61.24575,61.24325,224937,"2023_08_31_0032","2023_08_31_0032_ev01528_rec2","no",51185
1529,2,61.28675,-96.0795008341471,-111.999504089355,-15.9200032552083,2.29999999999819,5.09999999999877,5.20000000000209,-98.4932555468298,-12.8250808253727,3.9986976045973,-150.446573893229,61.2863,61.2839,225735,"2023_08_31_0032","2023_08_31_0032_ev01529_rec2","no",51186
1530,2,61.3201,-96.4646036057245,-105.895988464355,-9.43138485863095,0.500000000002387,4.04999999999944,5.60000000000116,-93.555591591104,-10.1449974243806,12.1806727300946,-31.0169401622953,61.31985,61.31935,226402,"2023_08_31_0032","2023_08_31_0032_ev01530_rec2","no",51187
1531,2,61.35205,-95.4400849115281,-100.55541229248,-5.11532738095238,0.599999999998602,11.8499999999955,10.2000000000046,-323235.627537861,323144.381309064,542300.095715821,-145.458039783296,61.35205,61.3511,227041,"2023_08_31_0032","2023_08_31_0032_ev01531_rec2","no",51188
1532,2,61.3768,-96.4646036057245,-120.544425964355,-24.0798223586309,4.19999999999732,4.79999999999592,3.54999999999706,-94.1464432419415,-27.5986290314647,3.95773235770026,-97.7530706496465,61.3762,61.37165,227536,"2023_08_31_0032","2023_08_31_0032_ev01532_rec2","no",51189
1533,2,61.41315,-95.4182866414388,-102.233879089355,-6.81559244791667,0.749999999996476,1.99999999999534,2.049999999997,-92.7617890730635,-10.3978516950135,2.97083068008,45.4279581705728,61.41305,61.41225,228263,"2023_08_31_0032","2023_08_31_0032_ev01533_rec2","no",51190
1534,2,61.46395,-93.4637084234328,-103.149406433105,-9.68569800967262,8.1999999999951,7.5999999999965,27.5999999999996,-97.3510146197994,-4.98854132530658,0.807039705074698,-160.649617513021,61.46375,61.4549,229279,"2023_08_31_0032","2023_08_31_0032_ev01534_rec2","no",51191
1535,2,61.4885,-98.9496063959031,-103.149406433105,-4.19980003720238,0.500000000002387,0.800000000005241,0,-93.7417987061996,-6.63118065394998,20.0462569462681,50.7203964960008,61.4884,61.48755,229770,"2023_08_31_0032","2023_08_31_0032_ev01535_rec2","no",51192
1536,2,61.5061,-95.4546170915876,-99.1821212768555,-3.72750418526786,0.950000000003115,4.39999999999685,3.84999999999991,-94.5748636716656,-7.28803362130332,3.27557417100345,-2.75257655552468,61.50555,61.5046,230122,"2023_08_31_0032","2023_08_31_0032_ev01536_rec2","no",51193
1537,2,61.5513,-96.631723676409,-100.402824401855,-3.77110072544643,1.1999999999972,0.94999999999601,0.849999999999795,-93.4794489994242,-7.3537850112386,1.72530578001606,80.2432468959263,61.5513,61.54975,231026,"2023_08_31_0032","2023_08_31_0032_ev01537_rec2","no",51194
1538,2,61.6045,-90.2157661801293,-100.097648620605,-9.88188244047619,2.24999999999653,8.54999999999961,0,-37642.6535857784,37548.2792277571,328084.460886211,-195.808773949033,61.6037,61.6012,232090,"2023_08_31_0032","2023_08_31_0032_ev01538_rec2","no",51195
1539,2,61.62325,-92.2284731183733,-101.318351745605,-9.08987862723214,0.500000000002387,13.149999999996,23.6999999999981,-92.7454422328563,-6.05907415813761,31.3582808352572,-135.986328125,61.6231,61.6226,232465,"2023_08_31_0032","2023_08_31_0032_ev01539_rec2","no",51196
1540,2,61.6639,-93.8052146548317,-100.708000183105,-6.90278552827381,1.50000000000006,3.10000000000343,3.84999999999991,-94.5811041907555,-6.9530571937896,2.81263298043731,-55.5312747047061,61.6627,61.6612,233278,"2023_08_31_0032","2023_08_31_0032_ev01540_rec2","no",51197
1541,2,61.7528,-97.394663129534,-99.4872970581055,-2.09263392857143,0.250000000001194,0.500000000002387,0.250000000001194,-93.4442939432168,-6.72234570503597,0.759709875473677,112.728118896484,61.7528,61.7525,235056,"2023_08_31_0032","2023_08_31_0032_ev01541_rec2","no",51198
1542,2,61.7919,-93.5872319539388,-101.318351745605,-7.73111979166667,1.54999999999461,2.49999999999773,2.15000000000032,-89.3190401712675,-11.1785308439129,4.72856863470878,66.9186909993488,61.7918,61.7902,235838,"2023_08_31_0032","2023_08_31_0032_ev01542_rec2","no",51199
1543,2,61.8369,-92.5990437098912,-98.7243576049805,-6.12531389508929,3.65000000000038,5.34999999999286,2.29999999999819,-93.9854112301061,-6.51920741274745,1.15489965756083,-73.020935058594,61.835,61.83135,236738,"2023_08_31_0032","2023_08_31_0032_ev01543_rec2","no",51200
1544,2,61.87445,-97.2856717790876,-102.233879089355,-4.94820731026786,2.00000000000244,1.59999999999627,0.900000000001455,-95.6253225321115,-7.62429245592654,1.15781096394364,36.4794049944195,61.8743,61.8721,237489,"2023_08_31_0032","2023_08_31_0032_ev01544_rec2","no",51201
1545,2,61.89475,-97.5109205700102,-100.55541229248,-3.04449172247024,0.350000000004513,0.550000000004047,0.0999999999962142,-90.4995106428435,-8.23670688202055,9.45841678554018,133.262997581845,61.89405,61.8937,237895,"2023_08_31_0032","2023_08_31_0032_ev01545_rec2","no",51202
1546,2,61.9226,-93.4709745134626,-97.8088302612305,-4.33785574776786,0.700000000001921,0.549999999996942,0.349999999997408,-91.8345345078782,-6.16999374198541,0.532333988828678,44.4722856794084,61.9226,61.9219,238452,"2023_08_31_0032","2023_08_31_0032_ev01546_rec2","no",51203
1547,2,62.0806,-92.6862367902483,-97.9614181518555,-5.27518136160714,0.599999999998602,1.75000000000125,1.50000000000006,-90.5622444029884,-6.95828177810647,2.817233746721,40.0150844029019,62.07975,62.07915,241612,"2023_08_31_0032","2023_08_31_0032_ev01547_rec2","no",51204
1548,2,62.1107,-89.6780755179269,-97.8088302612305,-8.13075474330357,1.30000000000052,2.80000000000058,2.94999999999845,-91.5480966249267,-7.00131930473943,1.62819688536535,-76.7435346330915,62.1106,62.1084,242214,"2023_08_31_0032","2023_08_31_0032_ev01548_rec2","no",51205
1549,2,62.17435,-94.9968534197126,-101.77611541748,-6.77926199776786,1.89999999999912,31.5000000000012,29.2999999999992,-65609.5165706866,65517.3963925516,356255.436306275,-2.24140712193093,62.17425,62.17215,243487,"2023_08_31_0032","2023_08_31_0032_ev01549_rec2","no",51206
1550,2,62.2055,-90.651731581915,-107.87963104248,-17.2278994605655,9.59999999999894,13.3999999999972,12.2499999999945,-92.703150530126,-9.61333892952004,15.3145272818306,-279.574439639137,62.20495,62.19525,244110,"2023_08_31_0032","2023_08_31_0032_ev01550_rec2","no",51207
1551,2,62.2416,-97.4382596697126,-105.13304901123,-7.69478934151786,4.50000000000017,3.00000000000011,1.4499999999984,-98.3672421125388,-8.4099875062412,0.982240273006616,-48.2226780482702,62.24145,62.23685,244832,"2023_08_31_0032","2023_08_31_0032_ev01551_rec2","no",51208
1552,2,62.26095,-95.563608442034,-105.74340057373,-10.1797921316964,0.650000000000261,8.80000000000081,12.7999999999986,70739.3118398379,-70841.9861758345,270646.946804089,-105.774470738002,62.2601,62.25935,245219,"2023_08_31_0032","2023_08_31_0032_ev01552_rec2","no",51209
1553,2,62.30865,-90.8769803728376,-95.2148361206055,-4.33785574776786,0.399999999999068,1.59999999999627,0.950000000003115,-91.4951061121092,-5.0274083112893,0.580073268464309,-25.0364031110492,62.3081,62.3077,246173,"2023_08_31_0032","2023_08_31_0032_ev01553_rec2","no",51210
1554,2,62.3633,-89.401964096796,-103.149406433105,-13.7474423363095,7.84999999999769,11.7000000000047,30.0000000000011,-94.5068945945722,-10.8303898103535,2.34704496565981,-262.691679454985,62.36145,62.3531,247266,"2023_08_31_0032","2023_08_31_0032_ev01554_rec2","no",51211
1555,2,62.3936,-94.5463558378674,-100.708000183105,-6.1616443452381,2.54999999999939,4.59999999999638,2.6499999999956,-90.9369489575296,-9.14393458991665,6.05441258172956,42.831602550688,62.39355,62.3907,247872,"2023_08_31_0032","2023_08_31_0032_ev01555_rec2","no",51212
1556,2,62.4426,-91.9741599673317,-101.47093963623,-9.49677966889881,0.500000000002387,2.94999999999845,3.34999999999752,-95.0366361243189,-9.97119690964309,1.08339103099122,-117.84181140718,62.4417,62.4385,248852,"2023_08_31_0032","2023_08_31_0032_ev01556_rec2","no",51213
1557,2,62.46275,-95.1712395804269,-103.91234588623,-8.74110630580357,1.95000000000078,0.399999999999068,0.0500000000016598,-95.7806817398674,-8.13234808942217,1e-07,-25.6173270089285,62.46225,62.46005,249255,"2023_08_31_0032","2023_08_31_0032_ev01557_rec2","no",51214
1558,2,62.49215,-92.0322886875698,-104.675285339355,-12.6429966517857,2.20000000000198,3.70000000000203,3.84999999999991,-94.9177495316969,-11.1614466199351,2.09192542496619,-127.572195870536,62.49205,62.48945,249843,"2023_08_31_0032","2023_08_31_0032_ev01558_rec2","no",51215
1559,2,62.52245,-95.9269129435221,-103.91234588623,-7.98543294270833,1.30000000000052,1.80000000000291,2.34999999999985,-92.0604870181646,-9.9483829369083,6.23029639979846,47.9329427083335,62.52225,62.5208,250449,"2023_08_31_0032","2023_08_31_0032_ev01559_rec2","no",51216
1560,2,62.563,-88.4719045729864,-98.2665939331055,-9.79468936011905,3.65000000000038,8.49999999999795,29.999999999994,-92.4826286984552,-6.27272814685624,2.88120933212078,-171.814328148252,62.56135,62.557,251260,"2023_08_31_0032","2023_08_31_0032_ev01560_rec2","no",51217
1561,2,62.6207,-94.5172914777483,-99.1821212768555,-4.66482979910714,0.149999999997874,1.4499999999984,1.59999999999627,-93.5524724005003,-5.52981345392999,2.24956992493073,15.1094709123885,62.6205,62.62035,252414,"2023_08_31_0032","2023_08_31_0032_ev01561_rec2","no",51218
1562,2,62.66615,-92.2648035685221,-103.91234588623,-11.6475423177083,5.85000000000235,9.050000000002,2.54999999999939,-92.8165665115721,-13.4196577795339,1.99093634398253,-110.060373942057,62.6627,62.65655,253323,"2023_08_31_0032","2023_08_31_0032_ev01562_rec2","no",51219
1563,2,62.69255,-89.7216720581055,-101.013175964355,-11.29150390625,1.20000000000431,30.7999999999993,16.9500000000014,-42259.1106587573,42167.1245861208,373875.343799224,-128.364562988281,62.6923,62.69105,253851,"2023_08_31_0032","2023_08_31_0032_ev01563_rec2","no",51220
1564,2,62.71305,-88.2248575119745,-101.623527526855,-13.3986700148809,1.89999999999912,5.49999999999784,30.0000000000011,-93.895067571685,-10.8271899058534,1.39979041325936,-209.775652204241,62.7123,62.7104,254261,"2023_08_31_0032","2023_08_31_0032_ev01564_rec2","no",51221
1565,2,62.7438,-93.4927727835519,-97.5036544799805,-4.01088169642857,0.250000000001194,0.199999999999534,0,-90.4093708199547,-4.49652768031992,13.0243402800617,38.7987409319197,62.7437,62.7434,254876,"2023_08_31_0032","2023_08_31_0032_ev01565_rec2","no",51222
1566,2,62.8189,-90.8915125528971,-101.013175964355,-10.1216634114583,3.89999999999446,9.34999999999775,8.89999999999702,-93.5797608168224,-7.23419329916166,4.61493764539325,-142.834981282552,62.8175,62.8136,256378,"2023_08_31_0032","2023_08_31_0032_ev01566_rec2","no",51223
1567,2,62.8529,-96.0431703839983,-102.38646697998,-6.34329659598214,1.7000000000067,2.60000000000105,0,-94.6707810813436,-1.91271898569038,1.14807153612182,26.1388506208149,62.85155,62.84985,257058,"2023_08_31_0032","2023_08_31_0032_ev01567_rec2","no",51224
1568,2,62.87125,-95.7597928728376,-102.233879089355,-6.47408621651786,0.650000000000261,1.35000000000218,1.25000000000597,-92.4954774572984,-8.23730582872248,3.35115983281005,68.1915283203124,62.8712,62.87025,257425,"2023_08_31_0032","2023_08_31_0032_ev01568_rec2","no",51225
1569,2,62.95835,-98.1794008527483,-104.675285339355,-6.49588448660714,1.10000000000099,1.64999999999793,1.60000000000338,-95.9111991983768,-8.60277363511563,2.61530814123289,39.2684936523439,62.9581,62.957,259167,"2023_08_31_0032","2023_08_31_0032_ev01569_rec2","no",51226
1570,2,62.9895,-96.8642385573614,-102.844230651855,-5.97999209449405,1.34999999999508,1.4499999999984,0.650000000000261,-92.867131970423,-9.31872586836253,1.64336360544081,101.171221051897,62.9894,62.9879,259790,"2023_08_31_0032","2023_08_31_0032_ev01570_rec2","no",51227
1571,2,63.08095,-94.8369994390578,-98.7243576049805,-3.88735816592262,0.500000000002387,0.500000000002387,0,-88.7437208669459,-6.39207097186348,27.4208865882733,65.2220589773995,63.0809,63.0804,261619,"2023_08_31_0032","2023_08_31_0032_ev01571_rec2","no",51228
1572,2,63.11495,-92.8824212210519,-97.1984786987305,-4.31605747767857,0.250000000001194,3.4999999999954,4.1000000000011,-93.4071702532824,-5.89338429410853,2.42019618175782,-33.7742396763392,63.11435,63.11345,262299,"2023_08_31_0032","2023_08_31_0032_ev01572_rec2","no",51229
1573,2,63.16245,-92.2357392084031,-98.7243576049805,-6.48861839657738,1.24999999999886,4.05000000000655,2.09999999999866,-92.2183530140683,-8.32577957358153,1.68873065336767,-25.8358546665736,63.1611,63.15965,263249,"2023_08_31_0032","2023_08_31_0032_ev01573_rec2","no",51230
1574,2,63.2242,-92.7007689703078,-99.1821212768555,-6.48135230654762,1.80000000000291,3.80000000000535,1.50000000000006,-94.0280291363286,-3.73691763896888,1.2130607157923,-57.2306315104167,63.22355,63.22075,264484,"2023_08_31_0032","2023_08_31_0032_ev01574_rec2","no",51231
1575,2,63.2607,-93.8924077351888,-100.25023651123,-6.35782877604167,0.700000000001921,1.7999999999958,2.049999999997,-93.8261048677047,-4.88044253142056,2.91204912772675,-14.8111979166668,63.26065,63.2599,265214,"2023_08_31_0032","2023_08_31_0032_ev01575_rec2","no",51232
1576,2,63.2904,-91.9596277872721,-99.3347091674805,-7.37508138020833,1.55000000000172,2.15000000000032,2.65000000000271,-94.2114663540794,-2.19423146305477,1.74624968287628,-79.6966552734374,63.29025,63.28865,265808,"2023_08_31_0032","2023_08_31_0032_ev01576_rec2","no",51233
1577,2,63.3191,-96.0649686540876,-100.25023651123,-4.18526785714286,0.399999999999068,3.90000000000157,4.3500000000023,-93.6750978155467,-6.08154918821511,10.0161456962728,10.2026803152901,63.3184,63.3179,266382,"2023_08_31_0032","2023_08_31_0032_ev01577_rec2","no",51234
1578,2,63.38395,-95.7815911429269,-104.064933776855,-8.28334263392857,0.750000000003581,1.35000000000218,2.29999999999819,-95.6457256681707,-4.86314473825107,5.49837695229924,-27.6930672781807,63.38375,63.3829,267679,"2023_08_31_0032","2023_08_31_0032_ev01578_rec2","no",51235
1579,2,63.4092,-95.5490762619745,-99.7924728393555,-4.24339657738095,0.199999999999534,0.849999999999795,0.0500000000016598,-96.0197839684473,-1.19257577225349,0.382466488948975,-18.2280767531621,63.4085,63.40825,268184,"2023_08_31_0032","2023_08_31_0032_ev01579_rec2","no",51236
1580,2,63.44715,-95.0622482299805,-101.47093963623,-6.40869140625,1.10000000000809,3.00000000000011,2.80000000000058,-95.381257974657,-6.16194965544517,2.54312136845788,-30.8570861816406,63.447,63.44585,268943,"2023_08_31_0032","2023_08_31_0032_ev01580_rec2","no",51237
1581,2,63.47,-96.1957582746233,-101.623527526855,-5.42776925223214,0.400000000006173,0.399999999999068,1.89999999999912,-93.6002464700717,-5.31040090817496,13.2304313129229,13.2718767438617,63.46985,63.4694,269400,"2023_08_31_0032","2023_08_31_0032_ev01581_rec2","no",51238
1582,2,63.5213,-93.9069399152483,-100.25023651123,-6.34329659598214,0.700000000001921,1.55000000000172,1.64999999999793,-93.7705542645282,-6.81632709748562,1.65781546410962,-9.91766793387265,63.52115,63.52035,270426,"2023_08_31_0032","2023_08_31_0032_ev01582_rec2","no",51239
1583,2,63.5695,-93.2384596325102,-99.1821212768555,-5.94366164434524,1.30000000000052,2.65000000000271,1.84999999999746,-93.7624938690202,-6.70781415824656,1.34695484513466,-29.4634501139324,63.5694,63.5678,271390,"2023_08_31_0032","2023_08_31_0032_ev01583_rec2","no",51240
1584,2,63.5923,-94.1685191563198,-100.55541229248,-6.38689313616071,0.599999999998602,2.10000000000576,1.40000000000384,-93.5098297486368,-8.83027540175363,1.3274689356897,3.40543474469886,63.59175,63.591,271846,"2023_08_31_0032","2023_08_31_0032_ev01584_rec2","no",51241
1585,2,63.6302,-93.6017641339983,-96.7407150268555,-3.13895089285714,0.849999999999795,15.500000000003,13.4499999999989,-256713.870676332,256623.332373886,818047.280263603,-50.9174891880579,63.63015,63.6293,272604,"2023_08_31_0032","2023_08_31_0032_ev01585_rec2","no",51242
1586,2,63.65845,-91.0658987136114,-102.38646697998,-11.3205682663691,8.35000000000008,15.7000000000025,30.0000000000011,-96.4152432193049,-7.23791585377859,2.10329613289993,-254.823957170759,63.65595,63.6474,273169,"2023_08_31_0032","2023_08_31_0032_ev01586_rec2","no",51243
1587,2,63.6803,-95.200303940546,-101.47093963623,-6.27063569568452,0.649999999993156,2.34999999999985,1.84999999999746,-95.76009747977,-7.35959204343992,1.27623021965575,-33.60112508138,63.67965,63.67895,273606,"2023_08_31_0032","2023_08_31_0032_ev01587_rec2","no",51244
1588,2,63.7104,-95.7016641525995,-100.55541229248,-4.85374813988095,1.30000000000052,1.75000000000125,1.34999999999508,-95.4715961461441,-6.46517614997438,1.15565193252528,-4.25593058268218,63.71,63.7087,274208,"2023_08_31_0032","2023_08_31_0032_ev01588_rec2","no",51245
1589,2,63.73415,-88.5300332932245,-101.47093963623,-12.9409063430059,2.35000000000696,13.2000000000048,30.0000000000011,-93.9162723376276,-7.23017795353706,3.17952794091624,-262.438092912946,63.72865,63.72535,274683,"2023_08_31_0032","2023_08_31_0032_ev01589_rec2","no",51246
1590,2,63.77765,-90.9133108229864,-101.928703308105,-11.0153924851191,4.6999999999997,7.89999999999935,29.999999999994,-95.2432022305433,-6.64856494206829,1.76074514191525,-180.442628406343,63.77665,63.7718,275553,"2023_08_31_0032","2023_08_31_0032_ev01590_rec2","no",51247
1591,2,63.7948,-94.284776596796,-101.16576385498,-6.88098725818452,0.550000000004047,3.30000000000297,3.60000000000582,-92.0506561050706,-11.4954211465818,4.11720892149712,16.7020161946616,63.79475,63.79415,275896,"2023_08_31_0032","2023_08_31_0032_ev01591_rec2","no",51248
1592,2,63.83115,-91.748911176409,-97.1984786987305,-5.44956752232143,0.799999999998136,2.80000000000058,0.399999999999068,-92.0474377235531,-2.82263163904739,0.839095472482841,-23.2947213309152,63.8289,63.8281,276623,"2023_08_31_0032","2023_08_31_0032_ev01592_rec2","no",51249
1593,2,63.8913,-92.6135758899507,-97.5036544799805,-4.89007859002976,0.500000000002387,30.5000000000035,29.049999999998,-24863.0783036783,24772.2734928666,198767.36681227,-4.95293026878711,63.89105,63.8901,277826,"2023_08_31_0032","2023_08_31_0032_ev01593_rec2","no",51250
1594,2,63.9145,-94.0885921659924,-97.3510665893555,-3.2624744233631,0.0999999999962142,1.24999999999886,1.30000000000052,-93.8015362558442,-3.73994059933773,1.42238764893342,2.04812912713893,63.91425,63.91415,278290,"2023_08_31_0032","2023_08_31_0032_ev01594_rec2","no",51251
1595,2,63.96125,-94.7134759085519,-102.08129119873,-7.36781529017857,2.0500000000041,3.19999999999965,1.89999999999912,-95.0216760019483,-8.88436095867726,1.46197409720087,-39.9060930524553,63.96025,63.9577,279225,"2023_08_31_0032","2023_08_31_0032_ev01595_rec2","no",51252
1596,2,64.0317,-95.0331838698614,-97.0458908081055,-2.01270693824405,0.799999999998136,1.55000000000882,0.550000000004047,-93.1440531326612,-4.04159617972846,1.3003065213855,49.8226710728236,64.0312,64.0304,280634,"2023_08_31_0032","2023_08_31_0032_ev01596_rec2","no",51253
1597,2,64.06385,-91.872434706915,-102.233879089355,-10.3614443824405,4.84999999999047,4.59999999999638,3.00000000000011,-92.2062898562027,-12.5283203355997,2.36562649318932,-67.5277709960939,64.06315,64.0576,281277,"2023_08_31_0032","2023_08_31_0032_ev01597_rec2","no",51254
1598,2,64.0968,-93.1440004621233,-99.4872970581055,-6.34329659598214,1.60000000001048,22.199999999998,16.8999999999926,-89537.2892398318,89446.1412127424,348138.24713951,-59.3605041503905,64.0968,64.0944,281936,"2023_08_31_0032","2023_08_31_0032_ev01598_rec2","no",51255
1599,2,64.12295,-93.674425034296,-103.30199432373,-9.62756928943452,1.04999999999222,5.74999999999193,3.69999999999493,-94.3358036371423,-10.6212967423746,2.857053594158,-75.2525329589842,64.12055,64.1188,282459,"2023_08_31_0032","2023_08_31_0032_ev01599_rec2","no",51256
1600,2,64.14115,-95.7016641525995,-103.60717010498,-7.90550595238095,0.950000000003115,1.75000000000125,1.35000000000218,-93.5336770079624,-9.9149468058247,1.98982526367401,41.1191667829242,64.141,64.14,282823,"2023_08_31_0032","2023_08_31_0032_ev01600_rec2","no",51257
1601,2,64.1808,-94.2993087768555,-101.16576385498,-6.866455078125,1.39999999998963,3.00000000001432,5.2999999999912,22481.9393395015,-22579.9611761992,101038.536860364,-21.7552185058594,64.18,64.17835,283616,"2023_08_31_0032","2023_08_31_0032_ev01601_rec2","no",51258
1602,2,64.2244,-94.284776596796,-101.013175964355,-6.72839936755952,2.20000000000198,2.049999999997,1.04999999999222,-92.5801227257006,-6.850013031235,2.090391021517,29.0790739513581,64.2244,64.2218,284488,"2023_08_31_0032","2023_08_31_0032_ev01602_rec2","no",51259
1603,2,64.23995,-92.2357392084031,-98.5717697143555,-6.33603050595238,3.55000000000416,32.599999999988,26.9499999999994,-26938.0444041626,26845.9439490522,291996.25370991,-48.1149582635788,64.2397,64.23575,284799,"2023_08_31_0032","2023_08_31_0032_ev01603_rec2","no",51260
1604,2,64.26355,-91.9378295171828,-100.097648620605,-8.15981910342262,2.29999999999109,3.35000000001173,2.09999999999866,-92.9069345904968,-5.32204880599435,2.18423307653335,-50.2226693289621,64.26345,64.26105,285271,"2023_08_31_0032","2023_08_31_0032_ev01604_rec2","no",51261
1605,2,64.2866,-93.5726997738793,-98.2665939331055,-4.69389415922619,0.349999999997408,0.399999999999068,0.250000000008299,-94.0111200106945,-4.95344592023253,0.202065721934202,-15.2787708100818,64.28655,64.28615,285732,"2023_08_31_0032","2023_08_31_0032_ev01605_rec2","no",51262
1606,2,64.3087,-93.979600815546,-100.097648620605,-6.11804780505952,1.00000000000477,4.24999999999898,5.34999999999286,-96.1992675019645,-5.29309789695999,1.11807299084388,-83.0822899228049,64.30745,64.30625,286174,"2023_08_31_0032","2023_08_31_0032_ev01606_rec2","no",51263
1607,2,64.33055,-94.0013990856352,-101.47093963623,-7.46954055059524,2.94999999999845,8.00000000000978,7.89999999999225,-86.3641078803586,-14.0252571933718,26.4467923892097,-44.5672898065477,64.3291,64.3259,286611,"2023_08_31_0032","2023_08_31_0032_ev01607_rec2","no",51264
1608,2,64.36905,-90.3974184308733,-93.9941329956055,-3.59671456473214,1.59999999999627,20.0499999999977,21.2499999999949,37090.7899524445,-37184.9051407095,330810.028963527,-72.9097638811383,64.3673,64.36565,287381,"2023_08_31_0032","2023_08_31_0032_ev01608_rec2","no",51265
1609,2,64.4418,-93.4927727835519,-100.86058807373,-7.36781529017857,2.49999999999773,7.04999999999245,1.99999999999534,-94.3732996444335,-7.78528253091707,1.39539634807063,-73.7342834472655,64.4371,64.43415,288836,"2023_08_31_0032","2023_08_31_0032_ev01609_rec2","no",51266
1610,2,64.47475,-94.0667938959031,-98.7243576049805,-4.65756370907738,0.399999999999068,2.85000000000935,3.34999999999752,-92.3915357237462,-4.83927326972109,9.44271464503443,0.0770205543155171,64.4733,64.4729,289495,"2023_08_31_0032","2023_08_31_0032_ev01610_rec2","no",51267
1611,2,64.55145,-95.07678041004,-102.38646697998,-7.30968656994048,0.749999999996476,1.75000000000125,1.09999999999388,-95.4661554586865,-7.7221164348586,0.923438644375123,-26.5880766369049,64.55095,64.5499,291029,"2023_08_31_0032","2023_08_31_0032_ev01611_rec2","no",51268
1612,2,64.5762,-96.6898523966471,-100.097648620605,-3.40779622395833,0.450000000000728,0.749999999996476,0,-93.318873673978,-4.52725329654959,4.60027719995911,79.3190002441408,64.57605,64.57535,291524,"2023_08_31_0032","2023_08_31_0032_ev01612_rec2","no",51269
1613,2,64.6089,-95.4255527314686,-99.0295333862305,-3.6039806547619,0.349999999997408,22.5999999999971,20.150000000001,-106257.289929002,106165.311273162,447712.736624456,-4.40997169131304,64.6089,64.6081,292178,"2023_08_31_0032","2023_08_31_0032_ev01613_rec2","no",51270
1614,2,64.6308,-93.3765153430757,-102.844230651855,-9.46771530877976,1.24999999999886,8.15000000000055,9.60000000000605,-93.9238226854464,-7.71591156015455,9.99443110518876,-108.00534202939,64.62955,64.62825,292616,"2023_08_31_0032","2023_08_31_0032_ev01614_rec2","no",51271
1615,2,64.65725,-93.3619831630162,-98.8769454956055,-5.51496233258929,0.599999999991496,31.1999999999983,29.9999999999869,-10404.9691012692,10312.2681163157,119490.86557561,-24.0680149623328,64.65645,64.65585,293145,"2023_08_31_0032","2023_08_31_0032_ev01615_rec2","no",51272
1616,2,64.68995,-95.2729648408436,-100.25023651123,-4.9772716703869,1.35000000000218,0.599999999991496,0.500000000002387,-90.6912042512754,-9.56167892165382,1.20145131979065,123.730614071801,64.68975,64.6869,293799,"2023_08_31_0032","2023_08_31_0032_ev01616_rec2","no",51273
1617,2,64.7408,-94.3356392270043,-106.65892791748,-12.3232886904762,1.14999999999554,3.19999999999254,1.95000000000789,-94.4302609396761,-11.7584177866837,2.02538984610988,-47.3741803850446,64.73945,64.738,294816,"2023_08_31_0032","2023_08_31_0032_ev01617_rec2","no",51274
1618,2,64.76135,-96.2102904546828,-99.9450607299805,-3.73477027529762,0.450000000000728,0.999999999990564,0.750000000010687,-93.2623409109062,-6.28648526031535,1.95224507735802,74.927012125651,64.76125,64.7607,295227,"2023_08_31_0032","2023_08_31_0032_ev01618_rec2","no",51275
1619,2,64.77945,-94.6844115484328,-99.1821212768555,-4.49770972842262,0.600000000005707,1.40000000000384,0.799999999998136,-93.1252208525082,-4.93277431263757,1.86244329440896,33.8868640718006,64.7788,64.7782,295589,"2023_08_31_0032","2023_08_31_0032_ev01619_rec2","no",51276
1620,2,64.79645,-93.4055797031948,-97.3510665893555,-3.94548688616071,0.500000000002387,1.69999999999959,1.50000000000716,-93.022925849334,-3.15060362705837,2.79685369173932,0.413077218192155,64.79625,64.7954,295929,"2023_08_31_0032","2023_08_31_0032_ev01620_rec2","no",51277
1621,2,64.81905,-94.8878620692662,-97.3510665893555,-2.46320452008929,1.00000000000477,0.500000000002387,0.449999999986517,-94.0304440323446,-4.01902995690979,0.534578337415861,22.1639360700333,64.819,64.8179,296381,"2023_08_31_0032","2023_08_31_0032_ev01621_rec2","no",51278
1622,2,64.8648,-92.758897690546,-99.7924728393555,-7.03357514880952,1.05000000000643,4.50000000000728,3.2499999999942,-91.3569681574713,-10.8444568360372,3.23907384268199,-3.67191859653999,64.864,64.8626,297296,"2023_08_31_0032","2023_08_31_0032_ev01622_rec2","no",51279
1623,2,64.8905,-92.4173914591471,-97.9614181518555,-5.54402669270833,1.59999999999627,2.94999999999845,0.349999999997408,-90.725105031009,-3.99014670756187,5.79096183196743,19.2896525065106,64.8904,64.8864,297810,"2023_08_31_0032","2023_08_31_0032_ev01623_rec2","no",51280
1624,2,64.92665,-91.5454606555757,-94.6044845581055,-3.05902390252976,0.299999999995748,2.09999999999866,2.54999999999939,-91.820455449791,-3.21666464921399,1.93723278440275,-15.5745006742931,64.92665,64.9263,298533,"2023_08_31_0032","2023_08_31_0032_ev01624_rec2","no",51281
1625,2,64.96385,-93.9868669055757,-102.233879089355,-8.24701218377976,3.00000000000011,2.84999999999513,4.00000000000489,-92.9455156192133,-7.12413788661587,7.21225393240726,-29.4225783575148,64.9636,64.9592,299277,"2023_08_31_0032","2023_08_31_0032_ev01625_rec2","no",51282
1626,2,65.0181,-93.7793812632238,-99.9758812240313,-6.1964999608075,1.05000000000643,6.85000000000002,7.39999999998986,46508.7729718503,-46607.6931477856,120758.928166453,9.44251247821163,65.0171,65.0149,300362,"2023_08_31_0032","2023_08_31_0032_ev01626_rec2","no",51283
1627,2,65.08895,-96.7709913162427,-104.437979203721,-7.66698788747779,5.00000000000966,0.649999999993156,0.600000000005707,-93.9662964658325,-9.15537121259258,1.21449229991751,65.9618879751417,65.0888,65.0816,301779,"2023_08_31_0032","2023_08_31_0032_ev01627_rec2","no",51284
1628,2,65.1077,-94.0001004397417,-100.300754548981,-6.30065410923926,0.500000000002387,1.1999999999972,1.60000000001048,-93.8936867561423,-4.88427769765043,2.27811833626003,-9.37113614042041,65.1077,65.10715,302154,"2023_08_31_0032","2023_08_31_0032_ev01628_rec2","no",51285
1629,2,65.13125,-96.8685099938704,-99.2825733196573,-2.41406332578691,0.149999999990769,0.399999999999068,0.350000000011619,-91.4266713927822,-6.8937355879965,4.15438763478637,135.187426488364,65.13125,65.13,302625,"2023_08_31_0032","2023_08_31_0032_ev01629_rec2","no",51286
1630,2,65.1797,-93.9119368147738,-100.7782992529,-6.86636243812579,1.7999999999887,0.299999999995748,0.749999999996476,-91.2905738290368,-6.01808811535916,4.7728696220318,44.1320617449921,65.17955,65.17695,303594,"2023_08_31_0032","2023_08_31_0032_ev01630_rec2","no",51287
1631,2,65.2706,-95.360928668791,-98.8253604374614,-3.46443176867035,0.900000000001455,1.24999999999886,0.500000000002387,-92.4495674908473,-5.54116518130317,1.85376258587784,75.5240117252082,65.27045,65.2692,305412,"2023_08_31_0032","2023_08_31_0032_ev01631_rec2","no",51288
1632,2,65.33565,-93.4032829308961,-99.1087375071152,-5.70545457621911,0.799999999998136,27.9999999999916,23.2999999999919,-50488.3793387467,50397.3039833396,264639.953881823,-20.0996499469878,65.33525,65.33445,306713,"2023_08_31_0032","2023_08_31_0032_ev01632_rec2","no",51289
1633,2,65.3556,-92.9945088923254,-103.3897897764,-10.3952808840745,2.25000000000364,2.89999999999679,3.34999999999752,-94.7181798650259,-3.70741436720835,5.9829466993664,-92.3703117190004,65.355,65.35195,307112,"2023_08_31_0032","2023_08_31_0032_ev01633_rec2","no",51290
1634,2,65.3974,-90.9588063139741,-98.3889692284777,-7.43016291450364,1.85000000000457,21.9500000000039,7.89999999999225,-63105.6152407667,63012.5545921886,766715.172662085,-116.12660882634,65.39635,65.39415,307948,"2023_08_31_0032","2023_08_31_0032_ev01634_rec2","no",51291
1635,2,65.42565,-97.3591327646256,-101.632104410936,-4.27297164631005,1.55000000000882,0.200000000006639,0,-94.2873975274138,-3.75803733289184,6.10418100596195,67.847734816388,65.42565,65.4239,308513,"2023_08_31_0032","2023_08_31_0032_ev01635_rec2","no",51292
1636,2,65.43905,-95.4706616284835,-99.5951906696107,-4.12452904112719,0.350000000011619,1.14999999999554,0.650000000007367,-93.7686716071912,-6.82269505516014,0.889658594292644,42.6034415450589,65.43855,65.43805,308781,"2023_08_31_0032","2023_08_31_0032_ev01636_rec2","no",51293
1637,2,65.48685,-96.3991954997181,-98.6734068221658,-2.27421132244766,0.799999999998136,30.699999999996,29.9999999999869,-40625.0116582059,40532.8765694311,275608.610474484,59.8410978568493,65.4868,65.48575,309737,"2023_08_31_0032","2023_08_31_0032_ev01637_rec2","no",51294
1638,2,65.51475,-95.8729932894887,-100.503647374309,-4.63065408481988,0.500000000002387,14.3999999999949,12.1499999999912,-221183.984369437,221092.689307047,427499.572365001,-97.4565928304996,65.51455,65.51355,310295,"2023_08_31_0032","2023_08_31_0032_ev01638_rec2","no",51295
1639,2,65.5378,-96.7274339889119,-113.603071835002,-16.87563784609,1.7999999999887,5.79999999999359,5.74999999999193,-93.3970502692013,-23.3963220381206,6.45852921551684,-70.9117865097693,65.53745,65.5356,310756,"2023_08_31_0032","2023_08_31_0032_ev01639_rec2","no",51296
1640,2,65.5768,-97.901506420067,-104.697657028851,-6.79615060878383,1.00000000000477,1.64999999999793,0.849999999985585,-93.2617318020186,-11.7064334054131,1.67962799227229,114.739601218476,65.5762,65.57485,311536,"2023_08_31_0032","2023_08_31_0032_ev01640_rec2","no",51297
1641,2,65.6075,-95.2405277398323,-99.6315791846921,-4.39105144485985,0.150000000004979,0.200000000006639,0.799999999998136,-85.9265329335464,-11.2225880258097,30.8766254740968,62.8802770987152,65.60735,65.6069,312150,"2023_08_31_0032","2023_08_31_0032_ev01641_rec2","no",51298
1642,2,65.6578,-92.5091957463585,-102.336137867744,-9.82694212138561,2.00000000000955,7.8500000000048,30.0000000000011,-96.8732060086368,-6.07539931258759,2.08462301965722,-163.627822008105,65.65675,65.65465,313156,"2023_08_31_0032","2023_08_31_0032_ev01642_rec2","no",51299
1643,2,65.67455,-95.6625617759707,-102.071257378731,-6.40869560275986,1.30000000000052,3.14999999999088,1.85000000000457,-96.2269872665754,-6.88317232551967,1.38206522973915,-36.340605415867,65.6743,65.6717,313491,"2023_08_31_0032","2023_08_31_0032_ev01643_rec2","no",51300
1644,2,65.70635,-96.299924939783,-100.311053558565,-4.01112861878191,2.94999999999845,2.20000000000198,0.599999999991496,-93.0113878840349,-6.752946411201,1.69705982587126,78.1755835647291,65.70585,65.7025,314127,"2023_08_31_0032","2023_08_31_0032_ev01644_rec2","no",51301
1645,2,65.72685,-94.9883152131205,-97.4808885670978,-2.49257335397729,0.0500000000016598,0.549999999989836,0.450000000000728,-91.9878506751635,-4.7673863979021,2.30265342041233,77.9872617754791,65.7263,65.72625,314537,"2023_08_31_0032","2023_08_31_0032_ev01645_rec2","no",51302
1646,2,65.78505,-96.6056329477637,-100.828893836815,-4.22326088905106,0.749999999996476,0.550000000004047,0,4479.48358295675,-4574.78415593202,104235.028583956,54.704735354079,65.7841,65.78335,315701,"2023_08_31_0032","2023_08_31_0032_ev01646_rec2","no",51303
1647,2,65.8039,-96.2199053727658,-98.2566629434671,-2.03675757070123,0.649999999993156,1.90000000000623,1.50000000000716,-94.8044355030639,-5.97485851608503,1.47329230753459,32.0929432580084,65.8039,65.80315,316078,"2023_08_31_0032","2023_08_31_0032_ev01647_rec2","no",51304
1648,2,65.83625,-94.242941614558,-101.55475529022,-7.31181367566172,3.14999999999088,6.99999999999079,5.70000000000448,-95.5027031727792,-5.20052144797472,4.46963658209035,-83.6636631975153,65.8346,65.83145,316725,"2023_08_31_0032","2023_08_31_0032_ev01648_rec2","no",51305
1649,2,65.85825,-95.7812253045363,-100.387263864644,-4.60603856010809,0.349999999997408,2.09999999999866,1.59999999999627,-93.0705346373116,-8.22899315460291,2.60473044507355,56.6565236417165,65.8582,65.857,317165,"2023_08_31_0032","2023_08_31_0032_ev01649_rec2","no",51306
1650,2,65.89875,-91.4604454663668,-100.841910289194,-9.3814648228276,2.25000000000364,7.84999999999059,17.3000000000059,-94.8182918227995,-5.09162592703442,4.54167933734523,-140.29622247645,65.8982,65.89555,317975,"2023_08_31_0032","2023_08_31_0032_ev01650_rec2","no",51307
1651,2,65.93645,-93.0635692066166,-100.320015297611,-7.25644609099432,2.49999999999773,5.79999999999359,5.09999999999877,-90.0713852310917,-9.2866087370093,10.3697635860058,-20.4448285371228,65.9354,65.93155,318729,"2023_08_31_0032","2023_08_31_0032_ev01651_rec2","no",51308
1652,2,65.99275,-97.3676552252954,-101.894887621014,-4.52723239571878,3.45000000000084,2.09999999999866,1.35000000000218,-96.7481809347798,-6.24855541185385,1.33823781991588,2.39889433948681,65.9915,65.98665,319855,"2023_08_31_0032","2023_08_31_0032_ev01652_rec2","no",51309
1653,2,66.04555,-95.6040741958031,-99.7456299995125,-4.14155580370945,1.05000000000643,4.3500000000023,4.04999999999234,-95.1015778824271,-4.54624818492354,5.02137527088906,-15.3264473734008,66.0445,66.0434,320911,"2023_08_31_0032","2023_08_31_0032_ev01653_rec2","no",51310
1654,2,66.0701,-96.823271848908,-99.6914104805177,-2.86813863160963,0.450000000000728,1.00000000000477,0.700000000009027,-93.4726935344853,-7.69748705248797,1.2923687847804,89.0155587450069,66.0701,66.06965,321402,"2023_08_31_0032","2023_08_31_0032_ev01654_rec2","no",51311
1655,2,66.11535,-97.3012478990856,-105.390779491833,-8.08953159274772,3.00000000000011,7.15000000000998,4.10000000000821,-94.3813562788815,-10.8756468672357,6.75369874163964,-18.9313674335058,66.113,66.10875,322307,"2023_08_31_0032","2023_08_31_0032_ev01655_rec2","no",51312
1656,2,66.1662,-95.0283363147568,-99.6756560399145,-4.64731972515771,0.800000000012346,1.90000000000623,0,19659.4215334549,-19755.8181633737,208453.339948793,-9.34964792940016,66.16575,66.1624,323324,"2023_08_31_0032","2023_08_31_0032_ev01656_rec2","no",51313
1657,2,66.21865,-92.3992907953957,-97.952543310908,-5.5532525155123,1.69999999999959,5.75000000000614,6.50000000000261,-88.9335659253601,-9.48791960187896,12.0021162201411,-7.89069471136595,66.21835,66.21665,324373,"2023_08_31_0032","2023_08_31_0032_ev01657_rec2","no",51314
1658,2,66.25805,-90.8251818803112,-99.8609554682085,-9.0357735878973,2.10000000001287,3.15000000000509,6.34999999999764,-91.6175700433269,-4.81170757413213,10.040965347042,-86.797731593457,66.25705,66.2547,325161,"2023_08_31_0032","2023_08_31_0032_ev01658_rec2","no",51315
1659,2,66.3311,-95.4871749922059,-100.022342726487,-4.53516773428106,0.849999999999795,1.60000000001048,0.999999999990564,-95.5845094522884,-2.50511880702002,2.17781822116217,-14.4231257400457,66.33045,66.32945,326622,"2023_08_31_0032","2023_08_31_0032_ev01659_rec2","no",51316
1660,2,66.3731,-95.7511954336306,-103.289913641918,-7.53871820828687,0.199999999992428,0.199999999992428,0,-95.6913068813739,-1.6404666732893,20.838477459051,-25.544175723884,66.37305,66.3728,327462,"2023_08_31_0032","2023_08_31_0032_ev01660_rec2","no",51317
1661,2,66.38585,-97.950464873232,-100.224196012125,-2.27373113889327,0.349999999997408,1.80000000000291,1.35000000000218,-95.1882520145978,-9.70398142913723,1.35929938607766,66.7655964743553,66.38505,66.3847,327717,"2023_08_31_0032","2023_08_31_0032_ev01661_rec2","no",51318
1662,2,66.43375,-98.6507561862296,-103.831614033363,-5.18085784713378,0.399999999999068,1.4500000000055,1.89999999999202,-95.2670665527586,-7.35699448516503,5.84213031128739,57.456437729524,66.43375,66.43315,328675,"2023_08_31_0032","2023_08_31_0032_ev01662_rec2","no",51319
1663,2,66.4604,-95.1698534194874,-100.123552368883,-4.9536989493958,0.150000000004979,2.3000000000053,1.64999999998372,-95.9264372029693,-4.65767772479094,1.14045115714952,-33.1818927566687,66.4593,66.45905,329208,"2023_08_31_0032","2023_08_31_0032_ev01663_rec2","no",51320
1664,2,66.4877,-96.7172501537228,-101.341146980905,-4.62389682718255,0.450000000000728,30.2000000000078,30.0000000000011,-30454.7802457596,30360.0103493185,466562.94155401,28.0939839829784,66.4876,66.48715,329754,"2023_08_31_0032","2023_08_31_0032_ev01664_rec2","no",51321
1665,2,66.51295,-95.1966176469956,-97.410360796263,-2.21374314926743,1.00000000000477,31.25,30.0000000000011,-9477.10409489689,9382.22226046577,277569.646208865,-9.51520061905608,66.5126,66.5115,330259,"2023_08_31_0032","2023_08_31_0032_ev01665_rec2","no",51322
1666,2,66.54295,-95.6516791551275,-98.3520584681757,-2.70037931304819,0.499999999988177,29.2499999999905,26.449999999997,-52968.9435260522,52877.4948432185,268946.29689313,35.2142583867917,66.54265,66.5419,330859,"2023_08_31_0032","2023_08_31_0032_ev01666_rec2","no",51323
1667,2,66.5667,-92.5440708888912,-99.5319381137044,-6.9878672248132,2.20000000000198,9.55000000000439,11.3999999999947,-93.4602768887722,-6.99293240648223,7.95325287673789,-93.4991820362616,66.56635,66.56415,331334,"2023_08_31_0032","2023_08_31_0032_ev01667_rec2","no",51324
1668,2,66.604,-92.8179339213434,-101.415467217584,-8.59753329624054,5.34999999999286,2.49999999999773,2.49999999999773,-95.4094907524193,-7.23520273677866,1.00323422418405,-121.60611616687,66.60265,66.59725,332080,"2023_08_31_0032","2023_08_31_0032_ev01668_rec2","no",51325
1669,2,66.63545,-95.3189057539251,-101.976779035403,-6.65787328147817,1.35000000000218,1.69999999999959,1.69999999999959,-94.9124767611823,-5.57217404064395,2.55975513389523,-8.33553521913218,66.6353,66.63385,332709,"2023_08_31_0032","2023_08_31_0032_ev01669_rec2","no",51326
1670,2,66.6817,-96.1770636380051,-102.008064690904,-5.83100105289932,0.500000000002387,4.3500000000023,3.15000000000509,-94.7309755629379,-8.18734882855783,3.82257401239934,3.34834956960593,66.68055,66.67935,333634,"2023_08_31_0032","2023_08_31_0032_ev01670_rec2","no",51327
1671,2,66.7032,-99.3732991971721,-101.737229735187,-2.36393053801521,0.199999999992428,30.699999999996,30.0000000000011,-106457.530582377,106365.205254357,564246.647584943,125.495475445968,66.70265,66.7023,334064,"2023_08_31_0032","2023_08_31_0032_ev01671_rec2","no",51328
1672,2,66.7521,-94.5527843184959,-103.037892931992,-8.48510861349584,1.1999999999972,1.84999999999036,1.00000000000477,-95.2575288280117,-8.5095079670069,0.793277462770366,-35.4368452462916,66.75195,66.7507,335042,"2023_08_31_0032","2023_08_31_0032_ev01672_rec2","no",51329
1673,2,66.77205,-96.4479468661705,-101.34938925448,-4.90144238830968,0.399999999999068,1.60000000001048,1.60000000001048,-93.6647886985499,-7.11603217377016,3.68922791486253,55.6149123966632,66.7719,66.77135,335441,"2023_08_31_0032","2023_08_31_0032_ev01673_rec2","no",51330
1674,2,66.79165,-94.924661672611,-100.527606243351,-5.60294457074038,0.300000000009959,0.249999999994088,0,15468.8040112397,-15563.2599442891,128992.044278089,67.2713032938808,66.7916,66.7913,335833,"2023_08_31_0032","2023_08_31_0032_ev01674_rec2","no",51331
1675,2,66.83195,-92.7816992389682,-99.641532785634,-6.85983354666574,3.54999999998995,4.30000000000064,7.10000000000832,26102.8088420201,-26199.3355311711,153670.518624628,-48.4513263070764,66.83125,66.8271,336639,"2023_08_31_0032","2023_08_31_0032_ev01675_rec2","no",51332
1676,2,66.8738,-97.6225494145893,-103.402629786295,-5.78008037170561,0.150000000004979,0.699999999994816,1.09999999999388,-93.715817053983,-7.81164762955409,4.21696944031091,83.8249868175774,66.8738,66.8736,337476,"2023_08_31_0032","2023_08_31_0032_ev01676_rec2","no",51333
1677,2,66.9103,-96.0158324775643,-102.168605927636,-6.15277345007181,2.20000000000198,2.39999999999441,1.30000000001473,-95.1982322962991,-4.67426122039651,3.20820876598036,4.60866190005949,66.9102,66.90735,338206,"2023_08_31_0032","2023_08_31_0032_ev01677_rec2","no",51334
1678,2,66.9299,-94.1735832163134,-100.871649798709,-6.6980665823951,2.25000000000364,2.70000000000437,2.24999999998943,-94.588128557748,-3.36724136599757,4.62416479241187,-36.5157949742447,66.92985,66.9276,338598,"2023_08_31_0032","2023_08_31_0032_ev01678_rec2","no",51335
1679,2,66.96365,-94.8712708581039,-103.130687017446,-8.25941615934177,1.30000000000052,2.64999999998849,1.59999999999627,-94.2641115577085,-8.63618995153153,1.83754773133009,-6.87710406913262,66.9632,66.96185,339273,"2023_08_31_0032","2023_08_31_0032_ev01679_rec2","no",51336
1680,2,66.9958,-96.4059381872013,-102.319569651721,-5.91363146451965,0.450000000000728,1.94999999999368,1.75000000000125,-91.8920248359909,-10.5966246667801,3.85380476843861,90.3850040593118,66.99545,66.99495,339916,"2023_08_31_0032","2023_08_31_0032_ev01680_rec2","no",51337
1681,2,67.03215,-92.5316292845895,-94.6531166494969,-2.12148736490744,0.450000000000728,30.4500000000019,30.0000000000011,-27232.3214096861,27142.3807664741,316297.028956738,38.1339606613974,67.03215,67.03165,340643,"2023_08_31_0032","2023_08_31_0032_ev01681_rec2","no",51338
1682,2,67.1148,-93.1114931878785,-98.5561201342481,-5.44462694636955,0.750000000010687,1.10000000000809,0.699999999994816,-92.5608678247526,-5.57141113123738,0.932669869816555,5.48255138491467,67.11395,67.11315,342296,"2023_08_31_0032","2023_08_31_0032_ev01682_rec2","no",51339
1683,2,67.1379,-92.1328483719143,-99.6023908304672,-7.46954245855291,0.749999999996476,0.450000000000728,0.0500000000016598,-93.5074476476456,-6.09545493634124,1e-07,-45.7811119650056,67.1377,67.1367,342758,"2023_08_31_0032","2023_08_31_0032_ev01683_rec2","no",51340
1684,2,67.17705,-91.6087641858402,-97.6394952735007,-6.0307310876605,0.950000000003115,2.44999999999607,25.3000000000014,-94.2424268467602,-2.60753968362336,0.754332720220239,-87.9778020046375,67.17655,67.17555,343541,"2023_08_31_0032","2023_08_31_0032_ev01684_rec2","no",51341
1685,2,67.2061,-95.4785222849547,-100.694026614588,-5.21550432963362,2.49999999999773,0.400000000013279,0,81012.0874393559,-81107.8073347134,612726.315315143,47.6521126144242,67.20595,67.20335,344122,"2023_08_31_0032","2023_08_31_0032_ev01685_rec2","no",51342
1686,2,67.2228,-95.2487657782939,-99.8436649074405,-4.5948991291466,0.350000000011619,0.699999999994816,0.850000000014006,-92.5794969534651,-6.54816981526225,2.10979045639473,65.2365896182096,67.22275,67.2224,344456,"2023_08_31_0032","2023_08_31_0032_ev01686_rec2","no",51343
1687,2,67.2946,-94.7384775549137,-105.782013031815,-11.0435354769012,1.1999999999972,3.35000000001173,6.05000000000189,-89.8288023946942,-11.6322212864548,23.4956230271602,-59.5254717396042,67.29445,67.29325,345892,"2023_08_31_0032","2023_08_31_0032_ev01687_rec2","no",51344
1688,2,67.33225,-94.5488523382927,-112.642182887025,-18.0933305487327,1.99999999999534,3.84999999999991,3.54999999998995,-93.792161710844,-16.5965593702061,4.40803843389223,-74.2769035387554,67.33215,67.33005,346645,"2023_08_31_0032","2023_08_31_0032_ev01688_rec2","no",51345
1689,2,67.362,-95.7933851137083,-100.526732313798,-4.73334720008945,0.450000000000728,0.950000000003115,1.05000000000643,-94.3184424806608,-5.28637407876033,2.13049148153224,30.38518749107,67.36195,67.36085,347240,"2023_08_31_0032","2023_08_31_0032_ev01689_rec2","no",51346
1690,2,67.39805,-94.6978885551596,-98.1410209279306,-3.44313237277102,0.0999999999891088,0.249999999994088,0,-90.8992066728762,-4.47971196901491,19.4250288485945,44.6700383364375,67.39785,67.39775,347961,"2023_08_31_0032","2023_08_31_0032_ev01690_rec2","no",51347
1691,2,67.43775,-92.4522515908528,-100.817406228284,-8.36515463743135,0.500000000002387,3.09999999998922,3.79999999999825,-91.8219318485993,-6.81104487305435,6.33245632466464,-28.9359927497936,67.4376,67.436,348755,"2023_08_31_0032","2023_08_31_0032_ev01691_rec2","no",51348
1692,2,67.50675,-95.6509895139173,-98.962871095925,-3.31188158200771,0.249999999994088,30.1499999999919,26.3999999999953,-12782.8261185969,12688.7232273575,120787.702458101,-1.52748750453229,67.50675,67.5063,350135,"2023_08_31_0032","2023_08_31_0032_ev01692_rec2","no",51349
1693,2,67.5316,-96.9307565773596,-100.435680714604,-3.50492413724416,0.899999999987244,30.2999999999969,30.0000000000011,-10215.1028320088,10120.124928225,311609.695333944,41.9911227273526,67.5315,67.53055,350632,"2023_08_31_0032","2023_08_31_0032_ev01693_rec2","no",51350
1694,2,67.55215,-93.7716397082785,-100.181253131417,-6.40961342313871,1.69999999999959,4.39999999998975,4.54999999999472,-94.293828205926,-6.53019068341027,3.60925579448038,-49.3702764524186,67.5519,67.5497,351043,"2023_08_31_0032","2023_08_31_0032_ev01694_rec2","no",51351
1695,2,67.5769,-92.8332707399694,-96.790101337855,-3.95683059788566,0.10000000000332,4.64999999999804,4.50000000000728,-92.835396888276,-6.53899222959425,3.01227310248205,-24.151388692705,67.5759,67.5758,351538,"2023_08_31_0032","2023_08_31_0032_ev01695_rec2","no",51352
1696,2,67.60375,-92.6966403249875,-98.9687952630144,-6.27215493802692,1.35000000000218,2.89999999999679,2.64999999998849,-91.9758594933261,-6.32902877647176,3.5950939841748,-4.69788475020203,67.60375,67.6021,352075,"2023_08_31_0032","2023_08_31_0032_ev01696_rec2","no",51353
1697,2,67.63895,-93.4588784973067,-97.87567798843,-4.41679949112327,1.04999999999222,30.549999999991,23.3000000000061,-28600.8421184491,28506.5101214472,872771.277796039,-44.1816996144642,67.6389,67.63645,352779,"2023_08_31_0032","2023_08_31_0032_ev01697_rec2","no",51354
1698,2,67.6686,-89.9222769162644,-100.460903280047,-10.5386263637823,7.55000000000905,20.2500000000043,7.09999999999411,-99.0131127437555,6.49907572112774,31.6589674150637,-205.118682632249,67.6682,67.6601,353372,"2023_08_31_0032","2023_08_31_0032_ev01698_rec2","no",51355
1699,2,67.69355,-94.7430808897719,-99.5354619238751,-4.79238103410316,0.299999999995748,1.69999999999959,1.39999999998963,-92.2396752756334,-6.12920227600147,3.93921040338616,47.7317677227175,67.69345,67.6924,353871,"2023_08_31_0032","2023_08_31_0032_ev01699_rec2","no",51356
1700,2,67.7329,-91.1595948522018,-101.387510126475,-10.2279152742729,5.44999999999618,4.99999999999545,1.44999999999129,-94.2140735189544,-6.44854253340877,0.654211903854138,-128.930695981509,67.7328,67.72685,354658,"2023_08_31_0032","2023_08_31_0032_ev01700_rec2","no",51357
1701,2,67.77,-93.7316587142557,-102.680645983204,-8.9489872689487,0.849999999999795,1.90000000000623,1.55000000000882,-93.7144071316735,-10.2632251175607,1.35933265564099,-20.0715059042478,67.7697,67.7688,355400,"2023_08_31_0032","2023_08_31_0032_ev01701_rec2","no",51358
1702,2,67.7947,-93.2796158692518,-96.0878554286254,-2.80823955937363,0.049999999987449,29.2999999999921,25.6500000000131,-38617.3831551522,38525.6760654652,378331.054635017,1.39973237117992,67.7947,67.7946,355894,"2023_08_31_0032","2023_08_31_0032_ev01702_rec2","no",51359
1703,2,67.8458,-92.1155972890848,-99.332275822556,-7.21667853347127,2.54999999998518,0.550000000004047,0.0500000000016598,-92.6587959505133,-6.6735771958828,1e-07,-29.695715671233,67.84565,67.84305,356916,"2023_08_31_0032","2023_08_31_0032_ev01703_rec2","no",51360
1704,2,67.87675,-92.4667451996886,-101.030592016261,-8.56384681657261,3.19999999999254,4.59999999999638,2.25000000000364,-94.9819987639848,-5.65902291893266,1.03528493574384,-100.798610417537,67.87585,67.87245,357535,"2023_08_31_0032","2023_08_31_0032_ev01704_rec2","no",51361
1705,2,67.91305,-95.1828155733723,-97.4829312843423,-2.30011571096992,0.250000000008299,0.900000000001455,0,23973.9643140567,-24066.9049151675,218130.558179548,114.470509408552,67.9124,67.912,358261,"2023_08_31_0032","2023_08_31_0032_ev01705_rec2","no",51362
1706,2,67.92855,-92.2904848530743,-95.7434430804176,-3.45295822734332,0.299999999995748,0.600000000005707,0.150000000004979,-91.6709200124612,-1.97271794302769,3.30929546733608,10.3826310012629,67.9282,67.92775,358571,"2023_08_31_0032","2023_08_31_0032_ev01706_rec2","no",51363
1707,2,67.9604,-91.0809797882157,-96.9017972952724,-5.82081750705676,1.05000000000643,3.74999999999659,7.14999999999577,44995.4090214371,-45089.9802042554,241079.598281698,-32.3738407693987,67.9586,67.95755,359208,"2023_08_31_0032","2023_08_31_0032_ev01707_rec2","no",51364
1708,2,68.0025,-89.9156841894635,-100.088994162849,-10.1733099733855,1.95000000000789,27.7999999999849,4.04999999999234,-20405.6219338317,20312.1868891077,335974.542162475,-152.839550205805,68.00125,67.99925,360050,"2023_08_31_0032","2023_08_31_0032_ev01708_rec2","no",51365
1709,2,68.02535,-95.9077109522404,-100.060072077224,-4.15236112498347,0.799999999998136,1.1999999999972,0,-85.7791328173688,-11.4266513578622,41.721672856501,55.3845349270934,68.0248,68.02365,360507,"2023_08_31_0032","2023_08_31_0032_ev01709_rec2","no",51366
1710,2,68.0978,-94.7660650329842,-107.503945434778,-12.7378804017934,4.54999999999472,8.15000000000055,5.15000000001464,-92.682855812658,-16.1106834732864,5.97802712535654,-59.7906731989748,68.09745,68.0926,361956,"2023_08_31_0032","2023_08_31_0032_ev01710_rec2","no",51367
1711,2,68.1295,-90.8484277928384,-99.4267547064268,-8.57832691358847,2.29999999999109,3.95000000000323,3.10000000000343,-91.3639523731655,-11.2180206299124,2.14161266792752,-58.9995657303037,68.12915,68.12655,362590,"2023_08_31_0032","2023_08_31_0032_ev01711_rec2","no",51368
1712,2,68.2132,-95.6468809892,-99.77407420685,-4.12719321765,0.399999999999068,30.2000000000078,30.0000000000011,-5390.33097539173,5297.63836267281,53959.8021665638,44.2215050183359,68.2132,68.21275,364264,"2023_08_31_0032","2023_08_31_0032_ev01712_rec2","no",51369
1713,2,68.2428,-91.3070144206664,-100.05259422359,-8.74557980292391,1.4500000000055,2.35000000000696,2.25000000000364,-92.5942096743126,-10.0705302280455,1.36487189054014,-64.4922807972493,68.24245,68.241,364856,"2023_08_31_0032","2023_08_31_0032_ev01713_rec2","no",51370
1714,2,68.2586,-94.9460968134374,-98.3644655526174,-3.41836873918004,0.200000000006639,0.150000000004979,0,-92.422072541318,-2.00617451999541,8.33917239135487,58.8973096663415,68.2586,68.2584,365172,"2023_08_31_0032","2023_08_31_0032_ev01714_rec2","no",51371
1715,2,68.2763,-93.9368449737899,-96.81812403999,-2.88127906620016,0.500000000002387,0.950000000003115,0.149999999990769,-93.479873688128,-3.60763214409,0.17729612892348,11.2509153662961,68.27585,68.27535,365526,"2023_08_31_0032","2023_08_31_0032_ev01715_rec2","no",51372
1716,2,68.34565,-94.6432695677163,-110.857802167835,-16.2145326001184,0.950000000003115,2.89999999999679,2.5500000000136,-94.8202271924389,-18.9402456017896,2.16790010614792,-61.8159911681113,68.34515,68.3441,366913,"2023_08_31_0032","2023_08_31_0032_ev01716_rec2","no",51373
1717,2,68.36375,-95.1856522471538,-101.867417030047,-6.68176478289273,1.00000000000477,1.49999999999295,0,19342.8759000661,-19439.644226406,173985.265763941,-6.65012464055221,68.36315,68.36215,367275,"2023_08_31_0032","2023_08_31_0032_ev01717_rec2","no",51374
1718,2,68.3818,-96.8031410910491,-102.478630120711,-5.67548902966162,1.00000000000477,0.550000000004047,0.500000000002387,-92.758877609466,-8.03934505748571,1.84422191910697,104.893163182068,68.3818,68.3804,367636,"2023_08_31_0032","2023_08_31_0032_ev01718_rec2","no",51375
1719,2,68.43105,-93.2780554775713,-112.450298471151,-19.1722429935792,3.7500000000108,3.74999999999659,3.29999999999586,-93.75203009834,-20.5610759723698,2.92857026523021,-108.529433391497,68.43085,68.4255,368621,"2023_08_31_0032","2023_08_31_0032_ev01719_rec2","no",51376
1720,2,68.4625,-95.6289640186737,-101.025664623096,-5.39670060442182,0.849999999999795,0.349999999997408,0,-92.2179622463882,-8.80762450566758,1e-07,101.154224160991,68.4624,68.4614,369250,"2023_08_31_0032","2023_08_31_0032_ev01720_rec2","no",51377
1721,2,68.53215,-96.1279118488376,-103.970578876625,-7.84266702778721,1.44999999999129,3.30000000001007,1.75000000000125,-94.2294592384582,-12.195573116671,1.89791018731807,22.3767124056477,68.53145,68.53,370643,"2023_08_31_0032","2023_08_31_0032_ev01721_rec2","no",51378
1722,2,68.5464,-95.1942296913968,-97.472366177247,-2.27813648585015,0.0999999999891088,2.20000000000198,2.3000000000053,-92.6429638641996,-5.3590009018185,5.01189057558603,47.4702333140251,68.5461,68.54555,370928,"2023_08_31_0032","2023_08_31_0032_ev01722_rec2","no",51379
1723,2,68.57585,-94.2679088300196,-96.7967159814629,-2.52880715144329,0.250000000008299,3.95000000000323,2.94999999999845,-93.5133944344231,-3.51456136674201,4.01325933926303,4.81435368277454,68.57455,68.57405,371517,"2023_08_31_0032","2023_08_31_0032_ev01723_rec2","no",51380
1724,2,68.59485,-93.8193323876282,-96.798731879289,-2.97939949166083,0.149999999990769,1.95000000000789,2.45000000001028,-90.8402335074705,-5.15806530247443,10.4007179850543,37.1108349341687,68.5945,68.5942,371897,"2023_08_31_0032","2023_08_31_0032_ev01724_rec2","no",51381
1725,2,68.65815,-92.6276263038062,-95.1867985385677,-2.55917223476152,0.200000000006639,16.1499999999961,13.6500000000126,-103.329748262955,12.389296302811,57.1629366435394,-32.9221041695928,68.6579,68.6576,373163,"2023_08_31_0032","2023_08_31_0032_ev01725_rec2","no",51382
1726,2,68.6784,-91.8287108147442,-100.846336549798,-9.01762573505339,0.699999999994816,6.149999999991,5.79999999999359,-94.2419576486727,-6.50234534214181,2.96104633798396,-111.04062399678,68.67615,68.67545,373568,"2023_08_31_0032","2023_08_31_0032_ev01726_rec2","no",51383
1727,2,68.70215,-93.6342297393533,-99.929593073302,-6.29536333394866,0.500000000002387,1.05000000000643,1.09999999999388,-92.1958571854926,-6.86699159702189,1.82744663089571,28.3850260111987,68.70215,68.70165,374043,"2023_08_31_0032","2023_08_31_0032_ev01727_rec2","no",51384
1728,2,68.7435,-90.4275646142617,-99.0413154891046,-8.61375087484291,2.00000000000955,4.59999999999638,3.79999999999825,-91.9467704674093,-7.16368306688632,2.61782860189798,-82.5062312226058,68.7427,68.74065,374870,"2023_08_31_0032","2023_08_31_0032_ev01728_rec2","no",51385
1729,2,68.81085,-91.7000474280271,-96.3449655250656,-4.64491809703846,0.549999999989836,21.2999999999965,18.2499999999948,-191115.773568599,191026.673335937,807848.296188757,-31.1383428925114,68.8106,68.81005,376217,"2023_08_31_0032","2023_08_31_0032_ev01729_rec2","no",51386
1730,2,68.8427,-90.0400120055707,-101.103682728059,-11.0636707224888,3.39999999999918,12.1999999999929,6.15000000000521,-89.8117942175683,-11.3431333817869,6.3887281614302,-150.222835857977,68.83395,68.8301,376854,"2023_08_31_0032","2023_08_31_0032_ev01730_rec2","no",51387
1731,2,68.89455,-89.7328167225445,-94.1266205289739,-4.39380380642936,2.00000000000955,32.0499999999981,23.1500000000011,-9084.13436567423,8993.71690942956,221312.46571338,-49.4438169902641,68.89395,68.89165,377891,"2023_08_31_0032","2023_08_31_0032_ev01731_rec2","no",51388
1732,2,68.9435,-95.3844057294141,-103.637566015881,-8.25316028646708,2.049999999997,1.55000000000882,1.49999999999295,-87.6676877386194,-11.8697555975483,15.2317097481735,52.8174511736681,68.94155,68.93695,378870,"2023_08_31_0032","2023_08_31_0032_ev01732_rec2","no",51389
1733,2,69.00975,-92.4217972731737,-95.3283496864209,-2.90655241324721,1.54999999999461,4.54999999999472,2.75000000000603,-90.0500364338193,-6.71144669284137,4.14648351797321,38.9316063292755,69.00915,69.0074,380195,"2023_08_31_0032","2023_08_31_0032_ev01733_rec2","no",51390
1734,2,69.04685,-92.2041765214577,-99.7999556317966,-7.59577911033888,4.44999999999141,34.9499999999949,30.0000000000011,-17377.5614110772,17286.4386596649,192471.361380933,-43.5521966212132,69.0447,69.03975,380937,"2023_08_31_0032","2023_08_31_0032_ev01734_rec2","no",51391
1735,2,69.0843,-90.3807610487641,-103.060802502574,-12.6800414538103,3.84999999999991,3.69999999999493,22.4499999999921,-96.198052598915,-6.62805779672614,0.651096410155379,-209.611835704719,69.0833,69.07935,381686,"2023_08_31_0032","2023_08_31_0032_ev01735_rec2","no",51392
1736,2,69.13555,-90.2463119182155,-102.219993997281,-11.973682079065,3.95000000000323,4.55000000000894,3.55000000000416,-91.9387493347144,-9.10833580312766,2.96642946535993,-110.081792911687,69.1353,69.13105,382711,"2023_08_31_0032","2023_08_31_0032_ev01736_rec2","no",51393
1737,2,69.1498,-92.9236326770744,-99.4336582554954,-6.51002557842102,0.0999999999891088,1.14999999999554,1.14999999999554,-90.8626679351092,-9.01846799081877,1.61949188531451,44.4143890680057,69.14955,69.14895,382996,"2023_08_31_0032","2023_08_31_0032_ev01737_rec2","no",51394
1738,2,69.18335,-87.7412930475874,-99.9858967482618,-12.2446037006744,2.14999999998611,1.05000000000643,0,-94.8316984934916,0.632268771340432,16.9661255704069,-233.271142220892,69.18205,69.17935,383667,"2023_08_31_0032","2023_08_31_0032_ev01738_rec2","no",51395
1739,2,69.2017,-95.5578773461573,-100.121700317966,-4.56382297180916,0.250000000008299,30.3000000000111,30.0000000000011,-30399.0463590886,30304.5632475157,482941.8355458,1.95383859574243,69.2012,69.20095,384034,"2023_08_31_0032","2023_08_31_0032_ev01739_rec2","no",51396
1740,2,69.2325,-94.1647114651374,-100.434724844715,-6.27001337957722,0.650000000007367,3.64999999999327,2.89999999999679,-88.9794104651147,-12.4919334077662,5.67021130536366,76.6498274804113,69.23165,69.231,384650,"2023_08_31_0032","2023_08_31_0032_ev01740_rec2","no",51397
1741,2,69.2784,-91.2548522960228,-97.5545019472898,-6.29964965126702,1.85000000000457,1.1999999999972,1.20000000001141,-90.4817966808308,-3.64545805122581,7.42842590132797,-8.90753338691099,69.27825,69.2763,385568,"2023_08_31_0032","2023_08_31_0032_ev01741_rec2","no",51398
1742,2,69.3477,-91.945597090047,-101.691977460022,-9.746380369975,2.75000000000603,3.65000000000748,3.64999999999327,-90.0451338580044,-10.822813958584,5.38079545592021,-15.0981468607112,69.34765,69.34485,386954,"2023_08_31_0032","2023_08_31_0032_ev01742_rec2","no",51399
1743,2,69.3895,-91.4119201368636,-94.4747280541384,-3.06280791727477,0.249999999994088,30.3499999999985,30.0000000000011,-20852.7674163442,20763.0450639495,221049.102144119,6.4872404143605,69.38905,69.3888,387790,"2023_08_31_0032","2023_08_31_0032_ev01743_rec2","no",51400
1744,2,69.42995,-93.9941434472509,-97.0949434042708,-3.10079995701993,1.00000000000477,2.45000000001028,1.09999999999388,-93.0214043679448,-6.15355470796119,1.01922214629297,15.6372719934608,69.42825,69.42655,388599,"2023_08_31_0032","2023_08_31_0032_ev01744_rec2","no",51401
1745,2,69.47035,-95.1654310927613,-103.536858774494,-8.37142768173297,2.64999999998849,30.4500000000019,27.5500000000051,-37206.6922978499,37111.8009375178,303264.429924012,-67.384880388164,69.4686,69.46465,389407,"2023_08_31_0032","2023_08_31_0032_ev01745_rec2","no",51402
1746,2,69.49675,-95.7619546039887,-102.128925550468,-6.36697094647941,2.09999999999866,2.65000000000271,1.69999999999959,-92.2505873423022,-11.8698256594963,2.37976539468386,68.640896892648,69.4965,69.4944,389935,"2023_08_31_0032","2023_08_31_0032_ev01746_rec2","no",51403
1747,2,69.53865,-90.7402521114332,-98.6503063841022,-7.91005427266902,2.35000000000696,3.09999999998922,3.69999999999493,-90.8675833169018,-5.2366045359632,5.90046865331782,-46.2892529906029,69.53855,69.53615,390773,"2023_08_31_0032","2023_08_31_0032_ev01747_rec2","no",51404
1748,2,69.59175,-93.4479960305314,-97.595802686073,-4.14780665554157,0.350000000011619,3.09999999998922,3.19999999999254,-91.2698397646974,-5.78383615988008,7.16501281215777,20.4945828761377,69.59125,69.58995,391835,"2023_08_31_0032","2023_08_31_0032_ev01748_rec2","no",51405
1749,2,69.6331,-93.7893163829436,-98.1580239292717,-4.36870754632804,0.10000000000332,1.75000000001546,0.799999999998136,-90.3011223094195,-8.5991086927306,1.52546071303195,88.6369811254061,69.63285,69.6317,392662,"2023_08_31_0032","2023_08_31_0032_ev01749_rec2","no",51406
1750,2,69.69085,-91.7825112935455,-96.8004451586575,-5.01793386511201,0.200000000006639,30.2000000000078,29.3999999999954,-48424.626806632,48334.7194485971,381068.918964256,-1.78475479146039,69.6907,69.6905,393817,"2023_08_31_0032","2023_08_31_0032_ev01750_rec2","no",51407
1751,2,69.72995,-92.1147518324239,-99.4474786030857,-7.33272677066178,2.70000000000437,4.54999999999472,8.65000000000293,67923.9021443402,-68020.4337880897,345040.504237491,-70.1436747794332,69.7283,69.72465,394599,"2023_08_31_0032","2023_08_31_0032_ev01751_rec2","no",51408
1752,2,69.77645,-93.4842060076115,-97.3200057392102,-3.8357997315987,0.349999999997408,3.69999999999493,3.10000000000343,-91.9167514405711,-6.51868397955689,3.96112503872628,15.3873887150826,69.77545,69.77505,395529,"2023_08_31_0032","2023_08_31_0032_ev01752_rec2","no",51409
1753,2,69.7996,-94.8947575286444,-99.6649077281814,-4.77015019953703,1.14999999999554,0.650000000007367,0.500000000002387,-92.157324949264,-7.29816492510927,1.08336863500057,73.7302353105921,69.7996,69.79835,395992,"2023_08_31_0032","2023_08_31_0032_ev01753_rec2","no",51410
1754,2,69.81795,-91.0847121572167,-97.2608402294257,-6.17612807220898,1.55000000000882,4.49999999999307,4.30000000000064,-90.3042854120133,-9.29844567298393,3.87176851150898,-28.7543209957638,69.81605,69.81445,396359,"2023_08_31_0032","2023_08_31_0032_ev01754_rec2","no",51411
1755,2,69.84515,-92.6143050331386,-97.4043636651906,-4.79005863205205,0.799999999998136,1.24999999999886,0,-89.4674771511882,-4.1839388710935,3.77679052764571,75.9414477703944,69.84465,69.84385,396903,"2023_08_31_0032","2023_08_31_0032_ev01755_rec2","no",51412
1756,2,69.8813,-92.3812275968849,-96.0430045771814,-3.66177698029648,2.80000000000769,2.15000000000032,1.55000000000882,-91.3090418602373,-7.55346569761386,1.35641386448189,11.4707720661036,69.8805,69.87705,397626,"2023_08_31_0032","2023_08_31_0032_ev01756_rec2","no",51413
1757,2,69.93265,-93.3718980297612,-101.887678685814,-8.51578065605318,0.849999999999795,0.749999999996476,0.700000000009027,-92.2310575773944,-6.43257618780589,1.71607673892314,17.4607302197013,69.9324,69.9315,398653,"2023_08_31_0032","2023_08_31_0032_ev01757_rec2","no",51414
1758,2,69.9731,-94.2169722205296,-98.9592399020127,-4.74226768148304,0.299999999995748,30.3499999999985,30.0000000000011,-4124.75888372035,4033.3532171221,183042.939435312,73.1114252843992,69.97305,69.97275,399462,"2023_08_31_0032","2023_08_31_0032_ev01758_rec2","no",51415
1759,2,70.00265,-92.4177850799345,-95.9777188717008,-3.5599337917663,1.34999999998797,2.65000000000271,1.39999999998963,-91.4487666995061,-3.8105467005723,2.75116133504275,15.6112278804566,70.0024,70.00085,400053,"2023_08_31_0032","2023_08_31_0032_ev01759_rec2","no",51416
1760,2,70.03925,-90.0332424891498,-98.1238865182905,-8.09064402914066,2.45000000001028,5.65000000000282,6.3999999999993,-90.5181640630009,-7.04135669576356,6.18752577684688,-72.4549906710374,70.0391,70.03665,400785,"2023_08_31_0032","2023_08_31_0032_ev01760_rec2","no",51417
1761,2,70.07075,-91.5906668514674,-100.426093187418,-8.83542633595067,1.69999999999959,1.55000000000882,1.90000000000623,-91.1440305898678,-7.91304450954365,2.4870194179546,-15.4794821211604,70.0707,70.069,401415,"2023_08_31_0032","2023_08_31_0032_ev01761_rec2","no",51418
1762,2,70.10995,-92.8068308505547,-99.4927770248979,-6.6859461743432,0.450000000000728,1.14999999999554,0.749999999996476,-91.4028192664728,-7.52263639567068,1.10523663613057,32.0871388861142,70.1099,70.1089,402199,"2023_08_31_0032","2023_08_31_0032_ev01762_rec2","no",51419
1763,2,70.19665,-91.3491809978578,-98.2395455226558,-6.89036452479802,1.00000000000477,6.69999999999504,10.6499999999983,-88.3349386867106,-7.89832674787928,30.4352014823807,-70.9674273118752,70.1953,70.1943,403933,"2023_08_31_0032","2023_08_31_0032_ev01763_rec2","no",51420
1764,2,70.2281,-92.6447719352887,-94.7208007881863,-2.07602885289762,0.250000000008299,1.4500000000055,1.30000000000052,-91.0365978346681,-4.92254149050676,1.80579817239988,37.6306468459628,70.22725,70.227,404562,"2023_08_31_0032","2023_08_31_0032_ev01764_rec2","no",51421
1765,2,70.273,-93.5276298824925,-100.289665411531,-6.76203552903888,2.35000000000696,6.19999999999266,3.90000000000157,-92.0002827690329,-8.90536610008525,4.91610839524098,-14.6959912613224,70.27105,70.26735,405460,"2023_08_31_0032","2023_08_31_0032_ev01765_rec2","no",51422
1766,2,70.3109,-91.3229035016921,-97.7651166767814,-6.44221317508926,0.850000000014006,6.3999999999993,30.0000000000011,-94.0822222316346,-5.32194433484737,2.01514306713481,-102.443971582051,70.31005,70.3092,406218,"2023_08_31_0032","2023_08_31_0032_ev01766_rec2","no",51423
1767,2,70.32915,-93.537680707879,-100.474156514685,-6.93647580680644,0.599999999991496,2.49999999999773,3.2499999999942,-89.8927079926069,-8.94774041246635,8.8881834921574,30.2533015294656,70.3291,70.3284,406583,"2023_08_31_0032","2023_08_31_0032_ev01767_rec2","no",51424
1768,2,70.4096,-89.9627482510061,-97.0911128293179,-7.12836457831182,1.59999999999627,30.4500000000019,30.0000000000011,-1572.017303131,1480.97169038231,177073.096854195,-42.8056052160437,70.40955,70.4079,408192,"2023_08_31_0032","2023_08_31_0032_ev01768_rec2","no",51425
1769,2,70.4566,-90.2029872241822,-97.1810961194529,-6.97810889527068,0.900000000001455,3.60000000000582,4.15000000000987,-86.3695794122312,-9.52950678562938,10.4721150435678,8.45773653253099,70.45495,70.45375,409132,"2023_08_31_0032","2023_08_31_0032_ev01769_rec2","no",51426
1770,2,70.5607,-93.5113150296386,-96.2481990683953,-2.73688403875668,0.399999999999068,0.0500000000016598,0,4561.3753482313,-4653.14479271869,66801.6041606512,82.7408563344216,70.5607,70.5602,411214,"2023_08_31_0032","2023_08_31_0032_ev01770_rec2","no",51427
1771,2,70.5809,-90.4221477202005,-94.6958269060644,-4.27367918586384,0.999999999990564,3.15000000000509,1.59999999999627,-89.8950832874356,-6.55704591830757,1.40066858769811,-1.32037617720656,70.57985,70.57865,411618,"2023_08_31_0032","2023_08_31_0032_ev01771_rec2","no",51428
1772,2,70.6167,-88.8332148692931,-94.7173226660803,-5.88410779678726,0.749999999996476,29.200000000003,20.5500000000001,-49516.5233509509,49427.471806397,518694.740036429,-51.6341895196219,70.6167,70.6159,412334,"2023_08_31_0032","2023_08_31_0032_ev01772_rec2","no",51429
1773,2,70.64695,-90.6324260691178,-98.2302199151799,-7.5977938460621,4.950000000008,2.09999999998445,21.2500000000091,15031.0943477029,-15125.365339623,388439.247205106,-114.21117942724,70.64645,70.641,412939,"2023_08_31_0032","2023_08_31_0032_ev01773_rec2","no",51430
1774,2,70.67185,-93.4907826914406,-100.846168574992,-7.3553858835518,0.450000000000728,0.799999999998136,0.600000000005707,-90.5139990831924,-12.2203456007092,0.764594856436389,76.8050972032495,70.67165,70.67115,413437,"2023_08_31_0032","2023_08_31_0032_ev01774_rec2","no",51431
1775,2,70.70255,-91.460318871116,-96.6549545128033,-5.19463564168726,0.249999999994088,30.1500000000061,30.0000000000011,-18959.7363650229,18870.6153960503,275154.923385412,38.6115419230729,70.7025,70.7019,414051,"2023_08_31_0032","2023_08_31_0032_ev01775_rec2","no",51432
1776,2,70.7307,-91.7424285024287,-97.0327979436352,-5.29036944120651,0.150000000004979,1.75000000000125,1.35000000000218,-88.713432043534,-7.38972517026028,3.39880460052385,62.6838706388341,70.7299,70.72965,414614,"2023_08_31_0032","2023_08_31_0032_ev01776_rec2","no",51433
1777,2,70.7899,-93.3360240717906,-100.365865949984,-7.02984187819321,1.1999999999972,2.80000000000769,2.15000000000032,-89.3505492220659,-11.6266316145563,3.74229653460541,67.5884261086822,70.78915,70.7878,415798,"2023_08_31_0032","2023_08_31_0032_ev01777_rec2","no",51434
1778,2,70.8421,-88.9804755640106,-104.004001262689,-15.0235256986786,2.00000000000955,6.95000000000334,7.54999999999484,-90.247517431282,-12.393746111207,7.10619384407176,-155.235624503579,70.84085,70.8388,416842,"2023_08_31_0032","2023_08_31_0032_ev01778_rec2","no",51435
1779,2,70.8743,-89.9566074554587,-92.7507224633692,-2.79411500791058,0.549999999989836,19.0499999999929,16.3000000000011,-116164.333656632,116075.965032639,722070.633168636,-26.3848961551429,70.8743,70.87365,417486,"2023_08_31_0032","2023_08_31_0032_ev01779_rec2","no",51436
1780,2,70.9081,-90.8368343478407,-98.2182423832108,-7.3814080353701,2.44999999999607,30.3000000000111,30.0000000000011,-46642.4612269636,46553.0282774008,381754.182836179,-20.2525976067786,70.90805,70.9054,418162,"2023_08_31_0032","2023_08_31_0032_ev01780_rec2","no",51437
1781,2,70.9357,-91.7332592784481,-95.5709794157724,-3.8377201373243,0.900000000001455,3.10000000000343,2.70000000000437,-89.4988827684562,-8.66444949568446,3.10232304560968,35.0622059556852,70.9353,70.934,418714,"2023_08_31_0032","2023_08_31_0032_ev01781_rec2","no",51438
1782,2,71,-90.6986167058313,-96.7546415107427,-6.05602480491133,0.450000000000728,30.2999999999969,30.0000000000011,-37542.369179986,37452.2231295075,499739.819638847,-19.519982059491,70.99975,70.9993,420000,"2023_08_31_0032","2023_08_31_0032_ev01782_rec2","no",51439
1783,2,71.0285,-90.9008446549871,-96.5089531619,-5.6081085069129,1.34999999998797,21.5000000000032,15.749999999997,-61426.7088660407,61336.5043872466,348668.685207934,-66.6113041708847,71.02765,71.0259,420570,"2023_08_31_0032","2023_08_31_0032_ev01783_rec2","no",51440
1784,2,71.0515,-92.3169257711117,-101.873503284268,-9.55657751315667,0.900000000001455,2.70000000000437,3.15000000000509,-94.213985566732,-7.6791930168987,2.0541555731211,-81.5716948406188,71.05095,71.04995,421030,"2023_08_31_0032","2023_08_31_0032_ev01784_rec2","no",51441
1785,2,71.0728,-94.1985653693364,-100.310407874511,-6.11184250517455,0.450000000000728,0.399999999999068,0.249999999994088,-92.1382219274876,-4.82384572314672,2.13423225171081,45.8366093141562,71.0727,71.07075,421456,"2023_08_31_0032","2023_08_31_0032_ev01785_rec2","no",51442
1786,2,71.09125,-90.3751121103246,-98.4236310865456,-8.04851897622098,0.650000000007367,4.75000000000136,5.09999999999877,-89.2246022860399,-9.68130140046075,5.97129953920186,-31.3297470673333,71.0905,71.0897,421825,"2023_08_31_0032","2023_08_31_0032_ev01786_rec2","no",51443
1787,2,71.1179,-88.6489048095416,-94.2869045119324,-5.63799970239081,0.799999999998136,4.90000000000634,6.09999999998934,-89.1575569147037,-4.19280295608029,6.23051313341986,-48.2239357146972,71.11735,71.1165,422358,"2023_08_31_0032","2023_08_31_0032_ev01787_rec2","no",51444
1788,2,71.1882,-91.4685084415229,-105.11833666584,-13.6498282243167,2.19999999998777,2.44999999999607,1.69999999999959,-95.973966174672,-11.3522712111317,0.561081288663894,-158.551602387062,71.18815,71.18595,423764,"2023_08_31_0032","2023_08_31_0032_ev01788_rec2","no",51445
1789,2,71.21835,-95.8299501030374,-100.212206006607,-4.38225590356964,1.10000000000809,0.950000000003115,0.500000000002387,-90.9474132790058,-9.6424840573055,1.30388917281468,129.335742536709,71.21755,71.21645,424367,"2023_08_31_0032","2023_08_31_0032_ev01789_rec2","no",51446
1790,2,71.2635,-93.0481036165742,-105.118368894133,-12.0702652775589,1.09999999999388,5.64999999998861,2.40000000000862,-92.7075458317635,-12.4621202915927,2.54274606788438,-58.0272971016663,71.26015,71.2588,425270,"2023_08_31_0032","2023_08_31_0032_ev01790_rec2","no",51447
1791,2,71.30775,-89.367958745955,-101.229787276903,-11.8618285309476,1.50000000000716,2.35000000000696,2.049999999997,-92.2705661218744,-10.7127702082041,1.03396110140212,-111.881347309807,71.3074,71.3057,426155,"2023_08_31_0032","2023_08_31_0032_ev01791_rec2","no",51448
1792,2,71.35345,-92.6816688868047,-99.6001631694926,-6.91849428268796,0.450000000000728,1.64999999999793,1.69999999999959,-91.0790198136713,-9.45440808443117,2.09578158169886,25.2299117227394,71.35345,71.35295,427069,"2023_08_31_0032","2023_08_31_0032_ev01792_rec2","no",51449
1793,2,71.37615,-92.3904032096134,-97.3380881876463,-4.94768497803297,0.549999999989836,0.649999999993156,1.35000000000218,-91.4138531249344,-3.827422463971,4.34029695201787,10.9430882520727,71.376,71.37545,427523,"2023_08_31_0032","2023_08_31_0032_ev01793_rec2","no",51450
1794,2,71.4308,-91.8430609749551,-96.6385483584089,-4.79548738345383,0.550000000004047,2.40000000000862,1.95000000000789,-92.39011672813,-4.21479241152553,1.56436508604357,-30.1570101471443,71.4293,71.4286,428616,"2023_08_31_0032","2023_08_31_0032_ev01794_rec2","no",51451
1795,2,71.467,-93.6212965044145,-96.7418737365096,-3.12057723209506,0.450000000000728,1.24999999999886,1.00000000000477,-90.6451877084529,-6.97502871565347,1.89539004058728,74.4641065932392,71.4669,71.46645,429340,"2023_08_31_0032","2023_08_31_0032_ev01795_rec2","no",51452
1796,2,71.4932,-91.3411837689789,-96.3521826467608,-5.01099887778184,1.09999999999388,33.0500000000029,27.5500000000051,-53737.892909245,53649.4900493192,308313.52878317,2.60893411794882,71.49205,71.489,429864,"2023_08_31_0032","2023_08_31_0032_ev01796_rec2","no",51453
1797,2,71.52715,-89.6785767912744,-100.299372571874,-10.6207957806,2.50000000001194,3.00000000000011,1.60000000001048,-89.9656655522482,-11.1366812855693,1.43380237586548,-40.537463045389,71.52705,71.5238,430543,"2023_08_31_0032","2023_08_31_0032_ev01797_rec2","no",51454
1798,2,71.58795,-90.8506214792716,-98.8521660715652,-8.00154459229367,0.299999999995748,0.199999999992428,0,37558.8500514209,-37652.5680015809,223581.929422307,-11.8186232622975,71.58795,71.5873,431759,"2023_08_31_0032","2023_08_31_0032_ev01798_rec2","no",51455
1799,2,71.60745,-92.0753516172595,-95.9735159677381,-3.89816435047857,0.199999999992428,30.4500000000019,29.1500000000013,-31229.830375907,31140.6635592849,208665.998562274,17.121690065421,71.60675,71.6065,432149,"2023_08_31_0032","2023_08_31_0032_ev01799_rec2","no",51456
1800,2,71.69165,-92.0065713900358,-99.1172107470203,-7.11063935698452,0.750000000010687,1.84999999999036,3.05000000000177,-90.5175181890761,-5.76288872149596,9.09190106533124,-9.79929957815965,71.6914,71.6906,433833,"2023_08_31_0032","2023_08_31_0032_ev01800_rec2","no",51457
1801,2,71.7601,-88.5172274340866,-100.605507434263,-12.0882800001767,2.59999999998684,30.4000000000002,29.9499999999995,-22346.1700914903,22255.4252839632,296910.450697347,-151.776202526293,71.75655,71.7539,435202,"2023_08_31_0032","2023_08_31_0032_ev01801_rec2","no",51458
1802,2,71.78085,-89.7205225925564,-99.7563738084939,-10.0358512159375,1.55000000000882,30.9000000000026,8.25000000000387,-21980.3891474714,21887.2718186553,568878.510820501,-129.121250256632,71.7806,71.779,435617,"2023_08_31_0032","2023_08_31_0032_ev01802_rec2","no",51459
1803,2,71.81005,-95.555104245523,-98.4771534568692,-2.92204921134618,0.150000000004979,0.249999999994088,0.249999999994088,-91.3802487792236,-6.26323345397787,1.33888512946326,116.595834396063,71.81005,71.8099,436201,"2023_08_31_0032","2023_08_31_0032_ev01803_rec2","no",51460
1804,2,71.976,-90.7187113954781,-95.985178196792,-5.26646680131384,2.64999999998849,1.59999999999627,1.89999999999202,-90.7422085163602,-3.21429376051774,3.74908151234858,-23.0339820176103,71.97485,71.9722,439520,"2023_08_31_0032","2023_08_31_0032_ev01804_rec2","no",51461
1805,2,72.0009,-93.0139120520019,-97.1634097013133,-4.1494976493114,0.500000000002387,1.80000000000291,0,-89.1973987599229,-4.86269655506671,5.06294957658044,88.8279516053774,72.0009,71.9988,440018,"2023_08_31_0032","2023_08_31_0032_ev01805_rec2","no",51462
1806,2,72.02705,-89.9991130776021,-94.1683869511219,-4.16927387351977,0.699999999994816,30.699999999996,29.9999999999869,-16236.0782131635,16147.2828636728,280992.902239536,7.26327943071422,72.0268,72.0254,440541,"2023_08_31_0032","2023_08_31_0032_ev01806_rec2","no",51463
1807,2,72.0544,-89.9997812958864,-96.3845596684313,-6.38477837254484,0.299999999995748,0.600000000005707,0.799999999998136,-88.5326833446257,-5.45913874377973,2.29806983261631,30.2247935750643,72.05435,72.054,441088,"2023_08_31_0032","2023_08_31_0032_ev01807_rec2","no",51464
1808,2,72.08695,-89.6294606794704,-92.1667367070241,-2.53727602755372,0.349999999997408,21.0000000000008,17.399999999995,-52588.6637200976,52499.9106368857,503321.935421797,-24.5180463558308,72.08655,72.0853,441739,"2023_08_31_0032","2023_08_31_0032_ev01808_rec2","no",51465
1809,2,72.11915,-93.2291892856091,-95.6614896663953,-2.43230038078627,2.49999999999773,0.450000000000728,0,-76.4994346152639,-17.0400046895911,80.8713045301041,73.8689650386309,72.11895,72.115,442383,"2023_08_31_0032","2023_08_31_0032_ev01809_rec2","no",51466
1810,2,72.16475,-91.2913146349618,-97.4447204888066,-6.15340585384476,0.950000000003115,2.65000000000271,1.14999999999554,-89.0735920614838,-8.17411146300216,1.94939882567113,44.6082085450351,72.1647,72.1616,443295,"2023_08_31_0032","2023_08_31_0032_ev01810_rec2","no",51467
1811,2,72.21535,-88.2644843907772,-95.3764676848979,-7.11198329412062,0.300000000009959,0.900000000001455,0.699999999994816,-90.1567054858028,-4.93127381258797,0.366613027512177,-63.6086024185167,72.2146,72.2143,444307,"2023_08_31_0032","2023_08_31_0032_ev01811_rec2","no",51468
1812,2,72.2363,-86.2766857659485,-98.1752693457523,-11.8985835798038,3.00000000000011,7.24999999999909,7.49999999999318,-88.8398453244319,-8.79570210253834,4.80143782229009,-154.967308549529,72.23335,72.23035,444726,"2023_08_31_0032","2023_08_31_0032_ev01812_rec2","no",51469
1813,2,72.2865,-92.7719937079518,-98.4965568270189,-5.72456311906704,2.20000000000198,1.95000000000789,1.14999999999554,-92.1311689262355,-7.75475306224246,1.12997808108358,-4.43733120646616,72.2846,72.2823,445730,"2023_08_31_0032","2023_08_31_0032_ev01813_rec2","no",51470
1814,2,72.3836,-94.3972704283939,-97.2436163765962,-2.84634594820238,0.10000000000332,1.34999999998797,1.24999999999886,-91.7012106535331,-6.41402252792928,2.33030309894891,64.8083817602489,72.38335,72.3832,447672,"2023_08_31_0032","2023_08_31_0032_ev01814_rec2","no",51471
1815,2,72.40395,-90.5525018970235,-98.6018812552834,-8.04937935825988,2.29999999999109,3.10000000000343,2.70000000000437,-88.8651213927451,-9.2593879828473,3.95451381050486,4.60996191920053,72.4039,72.4016,448079,"2023_08_31_0032","2023_08_31_0032_ev01815_rec2","no",51472
1816,2,72.43455,-91.0674572826421,-98.8779815007061,-7.81052421806395,0.550000000004047,30.1500000000061,30.0000000000011,-90.7501432384767,0.503848160103119,9.71250049693685,12.5914532246452,72.43455,72.43395,448691,"2023_08_31_0032","2023_08_31_0032_ev01816_rec2","no",51473
1817,2,72.5079,-85.8582794587283,-95.4609402128218,-9.60266075409348,3.00000000001432,4.44999999999141,22.1500000000106,-90.1888207612335,-6.64803412197176,0.641562602382066,-158.749435121883,72.5074,72.5043,450158,"2023_08_31_0032","2023_08_31_0032_ev01817_rec2","no",51474
1818,2,72.5274,-89.635705432926,-93.6913727843303,-4.05566735140432,0.299999999995748,6.34999999999764,5.25000000000375,-86.743356937092,-7.2732487704046,10.3832934062236,-2.06009746285287,72.5258,72.52065,450548,"2023_08_31_0032","2023_08_31_0032_ev01818_rec2","no",51475
1819,2,72.57195,-89.8817448171569,-101.398106629745,-11.5163618125882,3.34999999999752,5.35000000000707,4.40000000000396,-91.5542220212316,-8.31471376034781,3.77107192813175,-102.300550564248,72.5719,72.5669,451439,"2023_08_31_0032","2023_08_31_0032_ev01819_rec2","no",51476
1820,2,72.6136,-93.9262246642182,-98.4913334544958,-4.56510879027756,1.1999999999972,0.900000000001455,0,23600.3627850405,-23694.5494819205,199454.500210912,42.4862594324764,72.61335,72.6121,452272,"2023_08_31_0032","2023_08_31_0032_ev01820_rec2","no",51477
1821,2,72.6328,-95.1193367012282,-98.062602866126,-2.94326616489781,0.599999999991496,2.94999999999845,1.09999999999388,-88.711496861107,-11.67695094325,2.52512797203995,158.057360146397,72.63155,72.63065,452656,"2023_08_31_0032","2023_08_31_0032_ev01821_rec2","no",51478
1822,2,72.6675,-88.5294013533257,-102.429801696459,-13.9004003431337,2.54999999999939,2.80000000000769,2.049999999997,-90.2592145150085,-12.0593394566519,1.63822193223202,-103.097266958974,72.66745,72.66105,453350,"2023_08_31_0032","2023_08_31_0032_ev01822_rec2","no",51479
1823,2,72.70315,-90.2592287358738,-95.0446181969718,-4.78538946109803,0.150000000004979,0.249999999994088,0,33972.3508017658,-34063.1089986739,470969.529992154,16.3100879263725,72.703,72.7028,454063,"2023_08_31_0032","2023_08_31_0032_ev01823_rec2","no",51480
1824,2,72.7178,-89.6695598327568,-99.4477499578477,-9.77819012509089,2.65000000000271,3.2499999999942,1.75000000000125,-87.7957502853693,-10.7974873957953,2.6087022747988,16.2635782562629,72.7178,72.71515,454356,"2023_08_31_0032","2023_08_31_0032_ev01824_rec2","no",51481
1825,2,72.7842,-91.260598117021,-97.1603715936382,-5.89977347661726,1.09999999999388,1.84999999999036,1.95000000000789,-89.8860296916171,-6.0215414667049,3.6891185109017,15.4402843255706,72.78415,72.78305,455684,"2023_08_31_0032","2023_08_31_0032_ev01825_rec2","no",51482
1826,2,72.81845,-90.2100384526226,-94.2936022775059,-4.08356382488337,2.3000000000053,32.3999999999955,23.3000000000061,-93.0654270196657,3.45908480624109,24.656198950436,-33.9366620727089,72.81795,72.8154,456369,"2023_08_31_0032","2023_08_31_0032_ev01826_rec2","no",51483
1827,2,72.8381,-91.6618069199937,-94.7596808170157,-3.09787389702201,1.40000000000384,5.8000000000078,1.64999999999793,-90.3531663710074,-7.03922663558023,1.56851673316205,14.9291407062424,72.83435,72.83285,456762,"2023_08_31_0032","2023_08_31_0032_ev01827_rec2","no",51484
1828,2,72.86595,-88.8611003881089,-91.6621860347467,-2.80108564663776,0.0999999999891088,31.0500000000076,30.0000000000011,-17116.0537191124,17027.216314447,508217.92534953,-19.0306926175035,72.86495,72.86485,457319,"2023_08_31_0032","2023_08_31_0032_ev01828_rec2","no",51485
1829,2,72.95715,-89.2483281937671,-99.7382514761159,-10.4899232823488,3.19999999999254,4.90000000000634,1.24999999999886,-88.9738929963337,-7.3536276584728,2.21349040864115,-55.3186021553197,72.9523,72.9491,459143,"2023_08_31_0032","2023_08_31_0032_ev01829_rec2","no",51486
1830,2,72.99695,-91.4729049633601,-97.4291830332342,-5.95627806987409,2.70000000000437,2.65000000000271,0,47199.6326486371,-47292.2019888879,376215.480782887,8.9358689006791,72.99555,72.99285,459939,"2023_08_31_0032","2023_08_31_0032_ev01830_rec2","no",51487
1831,2,73.10135,-90.2807005223701,-92.6513341398752,-2.37063361750518,0.0500000000016598,0.600000000005707,0.700000000009027,-89.1872276992482,-3.89156152630702,1.02376182872409,27.916043760035,73.10135,73.101,462027,"2023_08_31_0032","2023_08_31_0032_ev01831_rec2","no",51488
1832,2,73.1195,-88.0447250471646,-91.3006677087185,-3.2559426615539,1.14999999999554,6.80000000001257,6.69999999999504,-88.9422890681031,-5.73093411498294,2.29326421110913,-49.3338594767767,73.1183,73.1171,462390,"2023_08_31_0032","2023_08_31_0032_ev01832_rec2","no",51489
1833,2,73.15505,-88.4261680592173,-95.7257323484114,-7.29956428919404,2.049999999997,3.5000000000025,1.80000000000291,-89.9072568185279,-5.51377334311529,1.19764682912841,-61.6049534459389,73.15435,73.1522,463101,"2023_08_31_0032","2023_08_31_0032_ev01833_rec2","no",51490
1834,2,73.17635,-91.0615776235871,-93.6195397709165,-2.55796214732942,0.0500000000016598,0.300000000009959,0,4735.25727294481,-4824.84660938711,226744.040525832,51.7874098464447,73.1747,73.17465,463527,"2023_08_31_0032","2023_08_31_0032_ev01834_rec2","no",51491
1835,2,73.1943,-90.144352538749,-93.2348230499688,-3.09047051121972,0.10000000000332,1.05000000000643,1.24999999999886,-88.4325587431858,-4.62308690919528,2.62633874666619,38.0578689485908,73.1939,73.19375,463886,"2023_08_31_0032","2023_08_31_0032_ev01835_rec2","no",51492
1836,2,73.206,-88.3021613483163,-91.1793165293668,-2.87715518105051,0.450000000000728,3.19999999999254,3.69999999999493,-87.7816124553762,-4.04392277286235,3.93721999151601,-1.87956459456949,73.206,73.2055,464120,"2023_08_31_0032","2023_08_31_0032_ev01836_rec2","no",51493
1837,2,73.2633,-90.8632632685863,-97.9601914971682,-7.09692822858185,0.249999999994088,2.40000000000862,1.94999999999368,-89.922326696426,-7.71462641766105,2.49742618600783,4.07379393776811,73.2623,73.26165,465266,"2023_08_31_0032","2023_08_31_0032_ev01837_rec2","no",51494
1838,2,73.33595,-91.4715191880182,-97.1181240182735,-5.64660483025523,1.54999999999461,32.4499999999972,30.0000000000011,-18317.1470852527,18226.8793070993,298492.58481819,0.0530148362140852,73.33585,73.33315,466719,"2023_08_31_0032","2023_08_31_0032_ev01838_rec2","no",51495
1839,2,73.3666,-89.9019169519021,-104.603558436456,-14.7016414845541,3.20000000000675,3.70000000000914,3.30000000001007,-89.7530634874173,-12.254285657247,4.17112176761376,-73.7240193868614,73.36645,73.3631,467332,"2023_08_31_0032","2023_08_31_0032_ev01839_rec2","no",51496
1840,2,73.40565,-90.8805517400354,-99.255906214288,-8.37535447425259,1.29999999998631,0.799999999998136,0,-82.7698985290097,-10.4641954636572,51.991892780749,-6.27584184829454,73.40475,73.40335,468113,"2023_08_31_0032","2023_08_31_0032_ev01840_rec2","no",51497
1841,2,73.44185,-88.3909322249525,-96.8223755504081,-8.43144332545562,1.25000000001307,5.65000000000282,11.3499999999931,-91.4549192074948,-6.66339443415719,2.36906960228616,-120.471006989091,73.44145,73.43975,468837,"2023_08_31_0032","2023_08_31_0032_ev01841_rec2","no",51498
1842,2,73.4686,-91.2106805362233,-95.5379776631125,-4.32729712688915,1.89999999999202,30.94999999999,30.0000000000011,-16256.6016062454,16166.5157030979,331674.379508597,4.25027896539102,73.4682,73.46605,469372,"2023_08_31_0032","2023_08_31_0032_ev01842_rec2","no",51499
1843,2,73.4962,-90.0792854855836,-93.6598083586238,-3.5805228730402,0.599999999991496,31.2000000000126,16.8999999999926,-7135.85541372607,7045.00232425908,216017.71142713,-43.8591397516549,73.49565,73.49455,469924,"2023_08_31_0032","2023_08_31_0032_ev01843_rec2","no",51500
1844,2,73.5143,-91.0462029165691,-95.3165211892253,-4.27031827265618,0.399999999999068,2.79999999999347,2.39999999999441,-91.0811720132711,-5.13876104909436,2.01481086363869,-14.7432752159002,73.5136,73.5132,470286,"2023_08_31_0032","2023_08_31_0032_ev01844_rec2","no",51501
1845,2,73.5771,-90.6881959550748,-93.8221731096568,-3.1339771545819,0.849999999999795,31.7500000000024,27.4999999999892,-95485.1130929179,95397.9765536219,556737.318885553,24.7452493122092,73.5761,73.575,471542,"2023_08_31_0032","2023_08_31_0032_ev01845_rec2","no",51502
1846,2,73.60835,-93.7793059815905,-97.5590446511747,-3.77973866958418,1.14999999999554,1.29999999998631,1.1999999999972,-90.9499497317839,-7.61600849261204,2.06992482138736,73.3562469002385,73.6083,73.60455,472167,"2023_08_31_0032","2023_08_31_0032_ev01846_rec2","no",51503
1847,2,73.64585,-89.7268710290091,-93.2314208248664,-3.50454979585723,0.349999999997408,5.44999999999618,6.90000000000168,-85.7388437002913,-7.20723388816495,22.3079623474115,-1.7909997258401,73.64555,73.6452,472917,"2023_08_31_0032","2023_08_31_0032_ev01847_rec2","no",51504
1848,2,73.6775,-89.1010295844801,-93.2752422757526,-4.1742126912725,0.10000000000332,0.399999999999068,0.349999999997408,-87.9364104104301,-4.16647867882458,0.775130121926776,29.9250126100737,73.67735,73.67665,473550,"2023_08_31_0032","2023_08_31_0032_ev01848_rec2","no",51505
1849,2,73.69485,-88.2397717280874,-92.3084698074886,-4.06869807940117,0.299999999995748,0.849999999985585,1.69999999999959,-88.6914743813636,-1.93787272623005,2.75791458549484,-20.1662708144909,73.69475,73.6944,473897,"2023_08_31_0032","2023_08_31_0032_ev01849_rec2","no",51506
1850,2,73.71655,-86.0442239124744,-95.9997865185303,-9.95556260605594,1.80000000000291,2.29999999999109,3.45000000000084,-89.1037013849462,-4.93375198452843,1.66345425550741,-109.082812021782,73.7165,73.7146,474331,"2023_08_31_0032","2023_08_31_0032_ev01850_rec2","no",51507
1851,2,73.7542,-87.9971764761518,-96.6168417521624,-8.61966527601065,1.40000000000384,23.2500000000044,17.8000000000083,-43292.1384424445,43204.8939578825,194815.475432104,-85.7867211770468,73.75365,73.75185,475084,"2023_08_31_0032","2023_08_31_0032_ev01851_rec2","no",51508
1852,2,73.8027,-93.7214269463808,-98.4434984468006,-4.72207150041987,0.250000000008299,0.250000000008299,0.299999999995748,-90.0439848232591,-6.2194320062546,2.1054296208309,96.4006476728331,73.80265,73.80235,476054,"2023_08_31_0032","2023_08_31_0032_ev01852_rec2","no",51509
1853,2,73.8392,-88.3250262635664,-93.3684880349376,-5.04346177137123,0.849999999985585,4.55000000000894,4.50000000000728,-89.3529517578527,-4.0731644795327,2.85587210400385,-51.2173943541034,73.8383,73.83715,476784,"2023_08_31_0032","2023_08_31_0032_ev01853_rec2","no",51510
1854,2,73.86795,-88.1017490257869,-94.4160524091943,-6.31430338340745,1.09999999999388,7.84999999999059,10.1000000000084,-87.6773162184861,-5.6708662356254,14.0055738718603,-65.7094581445111,73.8675,73.8663,477359,"2023_08_31_0032","2023_08_31_0032_ev01854_rec2","no",51511
1855,2,73.89475,-87.9638192883827,-94.1171010926793,-6.15328180429658,0.600000000005707,1.09999999999388,1.24999999999886,-88.5753373373305,-4.11495405615081,1.37102646907826,-25.9478724049716,73.8947,73.8941,477895,"2023_08_31_0032","2023_08_31_0032_ev01855_rec2","no",51512
1856,2,73.93045,-89.2391841540871,-96.4368945764335,-7.19771042234635,1.35000000000218,30.4500000000019,30.0000000000011,-26087.692951868,25999.1257458707,242434.294830527,-33.5042859912106,73.9304,73.929,478609,"2023_08_31_0032","2023_08_31_0032_ev01856_rec2","no",51513
1857,2,73.95855,-86.9230042792839,-96.26766853263,-9.34466425334618,1.85000000000457,2.70000000000437,3.29999999999586,-87.367940527995,-7.91556261256147,3.39408453211468,-65.2231269721473,73.9564,73.95355,479171,"2023_08_31_0032","2023_08_31_0032_ev01857_rec2","no",51514
1858,2,74.02115,-87.6191291923148,-95.5633590374826,-7.94422984516775,1.59999999999627,30.2500000000094,22.750000000002,-50688.3751903522,50601.1484922379,345421.823039502,-64.4184901032999,74.0209,74.0191,480423,"2023_08_31_0032","2023_08_31_0032_ev01858_rec2","no",51515
1859,2,74.0646,-91.9027457096051,-96.2896232480104,-4.38687753840534,0.799999999998136,0.500000000002387,0,-90.6102654545042,-1.87516146236665,2.18901459375391,32.5631964510453,74.06435,74.06345,481292,"2023_08_31_0032","2023_08_31_0032_ev01859_rec2","no",51516
1860,2,74.08365,-87.3731896020322,-91.9849073279286,-4.61171772589645,1.4500000000055,16.3000000000011,29.1500000000013,-88.9444128043022,-4.01149815727669,8.5972076386401,-110.808981135781,74.0784,74.07695,481673,"2023_08_31_0032","2023_08_31_0032_ev01860_rec2","no",51517
1861,2,74.0975,-90.1122332119787,-93.5260591730766,-3.41382596109794,0.700000000009027,30.9999999999917,30.0000000000011,-21380.3494118444,21291.8011517163,251691.84502415,5.04255946794868,74.0967,74.0959,481950,"2023_08_31_0032","2023_08_31_0032_ev01861_rec2","no",51518
1862,2,74.13555,-95.3879493843868,-99.6774849639462,-4.28953557955946,0.550000000004047,1.40000000000384,0.700000000009027,-92.008020736983,-7.43734853733688,1.70337208157397,85.3723235455808,74.1355,74.13375,482711,"2023_08_31_0032","2023_08_31_0032_ev01862_rec2","no",51519
1863,2,74.16305,-93.8540034959963,-97.4108569264811,-3.55685343048474,0.149999999990769,0.250000000008299,0,-88.020912786354,-6.85555655286923,30.6314660312648,43.0152798205694,74.1629,74.16275,483261,"2023_08_31_0032","2023_08_31_0032_ev01863_rec2","no",51520
1864,2,74.23,-93.0176612385088,-96.6986221345325,-3.68096089602368,1.20000000001141,1.14999999999554,0.849999999985585,-90.7594895471667,-5.98818907387749,1.68605067750712,55.0620889601728,74.2299,74.2283,484600,"2023_08_31_0032","2023_08_31_0032_ev01864_rec2","no",51521
1865,2,74.3124,-93.942358813198,-96.11618168172,-2.17382286852205,0.500000000002387,0.900000000001455,0,9543.37415280794,-9636.44923467899,155944.483877465,51.7264435107396,74.31195,74.3113,486248,"2023_08_31_0032","2023_08_31_0032_ev01865_rec2","no",51522
1866,2,74.32905,-92.179803610502,-97.8328368632167,-5.65303325271464,0.399999999999068,1.04999999999222,1.1999999999972,-90.8719619032802,-4.75930840548325,3.59136130497619,19.4096319601101,74.3288,74.32835,486581,"2023_08_31_0032","2023_08_31_0032_ev01866_rec2","no",51523
1867,2,74.3566,-91.0015249510761,-96.3783271549352,-5.37680220385913,0.300000000009959,0.500000000002387,1.35000000000218,-90.3590966458431,-3.20251828934045,6.95361599358205,-7.41249638773306,74.35545,74.35505,487132,"2023_08_31_0032","2023_08_31_0032_ev01867_rec2","no",51524
1868,2,74.38305,-90.8252073095512,-93.8504672079036,-3.0252598983524,0.550000000004047,20.300000000006,18.1500000000057,-66198.4839704635,66110.6530661135,291523.034811338,-13.8178183956274,74.3827,74.3821,487661,"2023_08_31_0032","2023_08_31_0032_ev01868_rec2","no",51525
1869,2,74.40815,-89.5012316397792,-101.594846097944,-12.0936144581646,1.80000000000291,4.89999999999213,5.90000000001112,-91.268552645535,-7.99701332466905,5.4291678436395,-113.770785116632,74.40795,74.40545,488163,"2023_08_31_0032","2023_08_31_0032_ev01869_rec2","no",51526
1870,2,74.46085,-88.0678049717766,-97.4688729020109,-9.40106793023428,1.99999999999534,4.64999999999804,8.15000000000055,35257.098245088,-35350.9354275384,126103.08010139,-60.1240972513171,74.4604,74.45775,489217,"2023_08_31_0032","2023_08_31_0032_ev01870_rec2","no",51527
1871,2,74.5818,-87.5150267111289,-93.7834702729739,-6.26844356184509,1.1999999999972,4.15000000000987,5.39999999999452,-89.6433670027256,-7.16278769480484,1.49207062170904,-84.7546176370091,74.58125,74.58,491636,"2023_08_31_0032","2023_08_31_0032_ev01871_rec2","no",51528
1872,2,74.6034,-91.206355225256,-93.3616042690163,-2.15524904376026,0.600000000005707,31.400000000005,30.0000000000011,-91.6799883444227,3.01075588374875,4.43724497018859,-2.81685395173179,74.6027,74.60175,492068,"2023_08_31_0032","2023_08_31_0032_ev01872_rec2","no",51529
1873,2,74.7044,-88.9561990761068,-93.0295279056916,-4.07332882958485,1.15000000000975,3.69999999999493,4.75000000000136,-75.4629591608717,-16.5172638873826,49.1675243736768,18.8476524195711,74.70075,74.6995,494088,"2023_08_31_0032","2023_08_31_0032_ev01873_rec2","no",51530
1874,2,74.7518,-85.487128578758,-90.0493413857628,-4.56221280700483,0.550000000004047,23.0999999999995,16.5499999999952,-45256.7699489634,45171.2935718379,440069.028540716,-48.261212548839,74.75155,74.75095,495036,"2023_08_31_0032","2023_08_31_0032_ev01874_rec2","no",51531
1875,2,74.77265,-86.6317438654569,-91.1411307524152,-4.50938688695834,0.350000000011619,2.9999999999859,4.84999999999047,-87.8168992731784,-2.23464178849059,3.16022247607196,-45.3111820240145,74.7723,74.7719,495453,"2023_08_31_0032","2023_08_31_0032_ev01875_rec2","no",51532
1876,2,74.79795,-87.9868607685281,-93.6367363822981,-5.64987561377004,1.30000000000052,31.800000000004,23.4499999999969,-23446.7832586973,23358.5439474423,298231.397524106,-50.3663039755482,74.79705,74.79575,495959,"2023_08_31_0032","2023_08_31_0032_ev01876_rec2","no",51533
1877,2,74.8285,-91.0471465558393,-99.8740007100639,-8.82685415422468,1.15000000000975,4.79999999998881,5.44999999999618,-90.1135216113058,-12.4804031466956,4.99870068190832,-45.2253237851335,74.82805,74.82325,496570,"2023_08_31_0032","2023_08_31_0032_ev01877_rec2","no",51534
1878,2,74.8611,-90.3326762954374,-92.8603475369613,-2.52767124152388,0.0500000000016598,30.2999999999969,30.0000000000011,-7242.69568908225,7153.96926008123,324799.595597958,37.6542429610353,74.86085,74.8608,497222,"2023_08_31_0032","2023_08_31_0032_ev01878_rec2","no",51535
1879,2,74.8913,-89.7870877934199,-95.7146998155631,-5.92761202214321,0.600000000005707,0.550000000004047,0.0500000000016598,-89.8170221333476,-5.89748579439765,1e-07,-3.12808235820534,74.8912,74.89055,497826,"2023_08_31_0032","2023_08_31_0032_ev01879_rec2","no",51536
1880,3,75.0119,-93.2469993043753,-96.1181424406658,-2.87114313629047,0.299999999995748,0.399999999999068,0.200000000006639,-89.1223280941891,-7.60039331084695,0.523510916032555,118.981855990039,75.0119,75.0115,238,"2023_08_31_0032","2023_08_31_0032_ev01880_rec3","no",51537
1881,3,75.0413,-89.0747222731056,-96.5013072838153,-7.42658501070972,2.00000000000955,3.70000000000914,1.29999999998631,-87.7074131568536,-4.9389901376877,7.20158592880376,-4.58936959690556,75.04125,75.0375,826,"2023_08_31_0032","2023_08_31_0032_ev01881_rec3","no",51538
1882,3,75.0707,-90.0354353842812,-94.313250786219,-4.27781540193781,0.399999999999068,0.250000000008299,1.49999999999295,-90.9704452074312,-1.19361669169764,2.48188144759873,-31.6289623489265,75.0707,75.0701,1414,"2023_08_31_0032","2023_08_31_0032_ev01882_rec3","no",51539
1883,3,75.09285,-91.5030907985837,-96.9967166376501,-5.49362583906638,1.30000000000052,2.44999999999607,2.20000000000198,-88.198671566053,-11.1218316275307,2.96978756786485,61.5644442979598,75.09255,75.09065,1857,"2023_08_31_0032","2023_08_31_0032_ev01883_rec3","no",51540
1884,3,75.1194,-87.3585482867979,-92.3927863892591,-5.0342381024612,1.55000000000882,3.2499999999942,1.4500000000055,-86.5679888657282,-8.22190695133469,1.2886205921144,4.95454022909996,75.1187,75.11715,2388,"2023_08_31_0032","2023_08_31_0032_ev01884_rec3","no",51541
1885,3,75.131,-86.6258219516807,-90.8542678514371,-4.22844589975638,0.599999999991496,1.64999999999793,1.49999999999295,-86.0179078821623,-5.32237593281562,1.65045119997512,7.81495610177159,75.13095,75.1303,2620,"2023_08_31_0032","2023_08_31_0032_ev01885_rec3","no",51542
1886,3,75.1977,-87.2681590617066,-89.7244551104456,-2.45629604873905,2.049999999997,31.8999999999932,27.5500000000051,-29335.9330313396,29250.4905519273,294603.906933792,2.99509539052386,75.19715,75.1951,3954,"2023_08_31_0032","2023_08_31_0032_ev01886_rec3","no",51543
1887,3,75.26595,-92.5729971435916,-96.6194887831026,-4.0464916395109,1.35000000000218,1.99999999999534,0.799999999998136,-86.6544810849608,-11.5923637703496,1.81482297440986,154.667345279273,75.2657,75.26415,5319,"2023_08_31_0032","2023_08_31_0032_ev01887_rec3","no",51544
1888,3,75.30255,-88.1279161598807,-90.9254853111306,-2.7975691512499,0.149999999990769,30.0500000000028,30.0000000000011,-122.878429371728,37.9968906307446,281.054065026947,38.5963078975859,75.30255,75.3024,6051,"2023_08_31_0032","2023_08_31_0032_ev01888_rec3","no",51545
1889,3,75.3432,-90.2268984402468,-93.6618805903738,-3.43498215012697,0.200000000006639,0.349999999997408,0,11112.1992968994,-11201.6793255675,158479.752207047,52.9236611717333,75.3429,75.3427,6864,"2023_08_31_0032","2023_08_31_0032_ev01889_rec3","no",51546
1890,3,75.3607,-89.6522544092426,-95.5541348614171,-5.90188045217447,0.650000000007367,0.499999999988177,0,-88.0789135924486,-2.07547255126593,1.53272644109615,41.0483685190495,75.36055,75.3595,7214,"2023_08_31_0032","2023_08_31_0032_ev01890_rec3","no",51547
1891,3,75.41435,-87.9291658958181,-98.0242706289592,-10.0951047331411,3.19999999999254,6.60000000000593,4.59999999999638,-88.8893796675392,-4.84419899423502,8.29188670880075,-114.446560729931,75.41045,75.40705,8287,"2023_08_31_0032","2023_08_31_0032_ev01891_rec3","no",51548
1892,3,75.43245,-91.4887417022447,-94.9233389344148,-3.43459723217013,0.699999999994816,0.700000000009027,0,-85.0403610383524,-5.44662493068232,28.3397817508617,90.8447278216684,75.4323,75.4316,8649,"2023_08_31_0032","2023_08_31_0032_ev01892_rec3","no",51549
1893,3,75.4677,-86.6197262837698,-93.9364475460192,-7.31672126224943,1.40000000000384,31.7999999999898,30.0000000000011,-13133.7692514922,13047.6520546915,157268.771875624,-38.328236187577,75.46625,75.46475,9354,"2023_08_31_0032","2023_08_31_0032_ev01893_rec3","no",51550
1894,3,75.50675,-85.7234020711182,-89.3945415690869,-3.6711394979687,0.299999999995748,4.49999999999307,4.05000000000655,-86.7423687851435,-4.23119090006864,1.60575609788997,-46.5379184865459,75.5051,75.5048,10135,"2023_08_31_0032","2023_08_31_0032_ev01894_rec3","no",51551
1895,3,75.5633,-87.1245250143717,-95.7871706747163,-8.66264566034454,1.4500000000055,4.099999999994,1.85000000000457,-89.3069829044812,-8.32683588856947,0.883056917975798,-93.165050470399,75.56,75.5585,11266,"2023_08_31_0032","2023_08_31_0032_ev01895_rec3","no",51552
1896,3,75.6196,-92.3128367982005,-96.3671886021262,-4.05435180392566,0.849999999999795,30.1000000000045,30.0000000000011,-15279.5974634819,15191.1354984195,312053.078872197,92.2087124598302,75.6196,75.6186,12392,"2023_08_31_0032","2023_08_31_0032_ev01896_rec3","no",51553
1897,3,75.64795,-90.3963131849911,-95.635351603557,-5.2390384185659,0.250000000008299,1.1999999999972,1.24999999999886,-86.700331446424,-9.110236523706,2.57817989340713,86.1673856850744,75.64785,75.64745,12959,"2023_08_31_0032","2023_08_31_0032_ev01897_rec3","no",51554
1898,3,75.68355,-90.0739406281119,-92.721445543369,-2.6475049152571,2.79999999999347,30.9999999999917,30.0000000000011,-66626.7682133373,66540.0199540617,587688.442090001,45.0312990463784,75.68345,75.67895,13671,"2023_08_31_0032","2023_08_31_0032_ev01898_rec3","no",51555
1899,3,75.72155,-89.1834881525663,-98.0003830469503,-8.81689489438403,2.15000000000032,2.69999999999015,2.80000000000769,-86.942489224687,-9.0902883677439,5.62521656461691,4.69434525900672,75.72095,75.71835,14431,"2023_08_31_0032","2023_08_31_0032_ev01899_rec3","no",51556
1900,3,75.7666,-88.5301075563124,-94.2312772136592,-5.70116965734688,0.549999999989836,4.55000000000894,6.30000000001019,-87.4345117411126,-5.28108592926891,12.6183981648662,-29.6936427410109,75.76655,75.76535,15332,"2023_08_31_0032","2023_08_31_0032_ev01900_rec3","no",51557
1901,3,75.8029,-88.2671231626226,-91.5886133205717,-3.32149015794916,0.349999999997408,4.24999999999898,4.24999999999898,-86.3173793660471,-6.97747656179357,5.42697734015295,18.2215860706471,75.8025,75.80215,16058,"2023_08_31_0032","2023_08_31_0032_ev01901_rec3","no",51558
1902,3,75.8542,-86.9862987961991,-89.160470232891,-2.17417143669192,0.250000000008299,0.200000000006639,0,-86.0593823574707,-0.81229885216329,2.32980267148235,25.2781242892938,75.8542,75.85395,17084,"2023_08_31_0032","2023_08_31_0032_ev01902_rec3","no",51559
1903,3,75.872,-86.2107024026711,-90.7315191367157,-4.52081673404457,0.10000000000332,0.0500000000016598,0.950000000003115,-85.5216974376933,-2.84685322402907,4.96849822842912,6.48439380374224,75.872,75.8719,17440,"2023_08_31_0032","2023_08_31_0032_ev01903_rec3","no",51560
1904,3,75.97075,-84.1518629918867,-90.8403308202431,-6.68846782835644,0.149999999990769,6.15000000000521,4.64999999999804,-86.4231891289122,-5.00913547782024,1.45464786835342,-97.2418913494982,75.9664,75.96535,19415,"2023_08_31_0032","2023_08_31_0032_ev01904_rec3","no",51561
1905,3,76.00885,-90.7817116630835,-96.5156005372971,-5.7338888742136,0.800000000012346,0.999999999990564,0.950000000003115,-87.0889811243349,-7.36899137113378,4.06449582383447,78.4454016575054,76.00875,76.0076,20177,"2023_08_31_0032","2023_08_31_0032_ev01905_rec3","no",51562
1906,3,76.04985,-88.8856749952143,-98.2271131380363,-9.34143814282201,1.35000000000218,7.14999999999577,3.00000000000011,-89.5424152834979,-5.03860586395437,5.09681188891,-87.9308960275839,76.04445,76.0431,20997,"2023_08_31_0032","2023_08_31_0032_ev01906_rec3","no",51563
1907,3,76.0805,-90.9465968223592,-94.1924048582079,-3.24580803584871,0.300000000009959,0.450000000000728,0,-88.6974143757112,-2.14102452302693,6.36218501782322,52.9275656433957,76.08025,76.07995,21610,"2023_08_31_0032","2023_08_31_0032_ev01907_rec3","no",51564
1908,3,76.12625,-89.4844003508105,-99.3666534291784,-9.88225307836792,1.49999999999295,2.25000000000364,2.60000000000105,-89.7170176232919,-10.1452622008691,2.41093703479202,-37.9733694912289,76.1262,76.12465,22525,"2023_08_31_0032","2023_08_31_0032_ev01908_rec3","no",51565
1909,3,76.143,-89.1428380288063,-94.7671157129909,-5.62427768418461,1.00000000000477,0.950000000003115,2.20000000000198,-87.4908364023409,-4.61353882473954,10.4420343612979,-0.746855892324827,76.1427,76.14165,22860,"2023_08_31_0032","2023_08_31_0032_ev01909_rec3","no",51566
1910,3,76.1715,-86.487404973129,-92.0117444143617,-5.5243394412327,0.500000000002387,30.4000000000002,25.6499999999988,-51409.5975831356,51322.6929395655,809271.726277704,-43.9012792315693,76.1712,76.1707,23430,"2023_08_31_0032","2023_08_31_0032_ev01910_rec3","no",51567
1911,3,76.22415,-89.7355119575637,-94.0549559982642,-4.31944404070053,0.500000000002387,0.299999999995748,0,10661.2923772429,-10752.4018495816,74278.8463602408,21.5135453525121,76.2239,76.22335,24483,"2023_08_31_0032","2023_08_31_0032_ev01911_rec3","no",51568
1912,3,76.2627,-89.8821882244508,-93.6917932550616,-3.80960503061084,0.249999999994088,0.450000000000728,0.350000000011619,-87.32682396992,-5.09045863433402,1.45539762331313,68.203690649077,76.26265,76.2622,25254,"2023_08_31_0032","2023_08_31_0032_ev01912_rec3","no",51569
1913,3,76.2984,-88.1498292588946,-92.8325442446613,-4.68271498576672,0.849999999999795,1.60000000001048,0.649999999993156,-86.8901390854925,-5.64652549058087,1.05923598109674,28.4373006482987,76.2979,76.29705,25968,"2023_08_31_0032","2023_08_31_0032_ev01913_rec3","no",51570
1914,3,76.3376,-86.2959442837982,-89.6548919565352,-3.358947672737,1.09999999999388,30.7499999999976,30.0000000000011,-88.2040262294935,-2.39208316110767,2.5015904545436,-67.6832097433294,76.3373,76.33615,26752,"2023_08_31_0032","2023_08_31_0032_ev01914_rec3","no",51571
1915,3,76.3701,-88.1322770090577,-92.7836143738968,-4.65133736483911,1.04999999999222,2.3000000000053,1.60000000001048,-86.4735263650423,-5.75303067485421,3.00191959396073,27.8927292575862,76.36965,76.36855,27402,"2023_08_31_0032","2023_08_31_0032_ev01915_rec3","no",51572
1916,3,76.3979,-85.8642727987817,-93.0877657236752,-7.22349292489348,0.749999999996476,0.849999999999795,1.99999999999534,-85.8571353373082,-3.96500004154596,5.13534731159704,-26.1346109239778,76.3973,76.39655,27958,"2023_08_31_0032","2023_08_31_0032_ev01916_rec3","no",51573
1917,3,76.4753,-86.8984894165814,-96.0264803309633,-9.12799091438187,3.45000000000084,10.5999999999966,12.1999999999929,59054.2375874924,-59148.0415299811,204269.88174645,-93.9190603184219,76.4751,76.4716,29506,"2023_08_31_0032","2023_08_31_0032_ev01917_rec3","no",51574
1918,3,76.52985,-85.9957930282601,-95.2472483314281,-9.251455303168,2.84999999999513,7.14999999999577,7.19999999999743,-88.0859388489821,-8.82550985337213,3.80439193740667,-126.57849992783,76.52775,76.5249,30597,"2023_08_31_0032","2023_08_31_0032_ev01918_rec3","no",51575
1919,3,76.5562,-88.0075414796325,-92.800906144193,-4.79336466456056,0.199999999992428,1.40000000000384,2.049999999997,-81.7102105866372,-9.49900943810728,12.6359752030531,78.9239444049931,76.55605,76.5558,31124,"2023_08_31_0032","2023_08_31_0032_ev01919_rec3","no",51576
1920,3,76.61335,-90.5704795263484,-95.5028243829696,-4.93234485662114,0.900000000001455,1.4500000000055,1.24999999999886,-86.4771544954389,-9.80296698816175,2.43138905311,95.1098250496551,76.613,76.612,32267,"2023_08_31_0032","2023_08_31_0032_ev01920_rec3","no",51577
1921,3,76.6763,-87.4139689813983,-91.413543478321,-3.99957449692269,1.14999999999554,1.24999999999886,0.500000000002387,-87.5896605809898,-4.3015587342539,0.420065789055595,-11.1555443762443,76.67585,76.6747,33526,"2023_08_31_0032","2023_08_31_0032_ev01921_rec3","no",51578
1922,3,76.70105,-87.3668817386695,-95.2599230609907,-7.89304132232127,2.94999999999845,33.850000000001,22.900000000007,-35320.5516681259,35232.6224071681,342027.44910681,-87.659265195514,76.69905,76.6956,34021,"2023_08_31_0032","2023_08_31_0032_ev01922_rec3","no",51579
1923,3,76.73315,-90.4914774826769,-93.6275644552135,-3.13608697253662,0.249999999994088,0.599999999991496,0,4429.58495521529,-4518.15371592915,188087.058472563,66.634837029349,76.7327,76.7321,34663,"2023_08_31_0032","2023_08_31_0032_ev01923_rec3","no",51580
1924,3,76.78895,-89.4808576499938,-95.8284283969642,-6.34757074697038,1.75000000000125,2.70000000000437,2.44999999999607,-88.6849489467271,-7.04306373914869,3.05829067299069,-1.97262804544582,76.7889,76.7871,35779,"2023_08_31_0032","2023_08_31_0032_ev01924_rec3","no",51581
1925,3,76.87985,-88.0644098719153,-93.6558527524231,-5.5914428805078,0.800000000012346,30.3500000000128,30.0000000000011,-10578.5001617797,10489.8324999985,411636.810956122,-34.8799397591319,76.87905,76.87815,37597,"2023_08_31_0032","2023_08_31_0032_ev01925_rec3","no",51582
1926,3,76.9934,-84.829017071079,-96.8630102447571,-12.0339931736781,6.55000000000427,7.80000000000314,5.50000000001205,-87.1059374462332,-7.62192077899495,4.40441854292629,-150.773153825354,76.99315,76.9858,39868,"2023_08_31_0032","2023_08_31_0032_ev01926_rec3","no",51583
1927,3,77.02685,-87.603453548458,-92.0843221169239,-4.48086856846589,0.849999999999795,2.49999999999773,3.39999999999918,-89.057897435672,-4.166405378269,1.11953485776993,-57.4076138264781,77.02605,77.0239,40537,"2023_08_31_0032","2023_08_31_0032_ev01927_rec3","no",51584
1928,3,77.05005,-88.626913069477,-96.2708555665428,-7.64394249706582,3.00000000000011,2.34999999999275,3.34999999999752,-89.2339551317229,-5.66465621640633,3.60409516520415,-49.9989560792612,77.0499,77.0455,41001,"2023_08_31_0032","2023_08_31_0032_ev01928_rec3","no",51585
1929,3,77.08605,-92.6956720872048,-97.0748248218913,-4.37915273468657,0.799999999998136,0.300000000009959,0.249999999994088,-89.069355111268,-6.2047836739288,1.35221941436783,101.087396561693,77.08605,77.08395,41721,"2023_08_31_0032","2023_08_31_0032_ev01929_rec3","no",51586
1930,3,77.1373,-89.4382361940587,-91.6801967283476,-2.24196053428884,0.349999999997408,30.2999999999969,30.0000000000011,-32359.4934890154,32272.8856343356,489267.320129833,54.9700241497519,77.1373,77.13675,42746,"2023_08_31_0032","2023_08_31_0032_ev01930_rec3","no",51587
1931,3,77.1957,-85.5032398281087,-93.8057816489661,-8.30254182085736,0.849999999999795,4.59999999999638,5.25000000000375,-87.570226008606,-6.80960096798686,2.74019545707821,-98.3535557371255,77.19375,77.1928,43914,"2023_08_31_0032","2023_08_31_0032_ev01931_rec3","no",51588
1932,3,77.2866,-87.1117330223498,-93.8145239152922,-6.70279089294242,2.00000000000955,3.10000000000343,1.64999999999793,-87.4790656258546,-5.42767612345071,1.76840204734637,-30.3955317259192,77.28605,77.28395,45732,"2023_08_31_0032","2023_08_31_0032_ev01932_rec3","no",51589
1933,3,77.32615,-89.8346895428137,-96.2222085804036,-6.38751903758991,1.59999999999627,0.950000000003115,0.749999999996476,-89.0566634617253,-6.58800557865529,1.0020650047306,12.1003034702367,77.32615,77.32425,46523,"2023_08_31_0032","2023_08_31_0032_ev01933_rec3","no",51590
1934,3,77.358,-89.116245184645,-92.7905344439577,-3.6742892593127,0.550000000004047,1.35000000000218,1.59999999999627,-88.7813011040375,-5.96471016500095,1.26647669740913,-1.0012490937795,77.35755,77.3565,47160,"2023_08_31_0032","2023_08_31_0032_ev01934_rec3","no",51591
1935,3,77.3984,-89.0623621164834,-96.7587273784584,-7.696365261975,2.75000000000603,6.64999999999338,4.75000000000136,-89.0077384225358,-8.11518694931439,4.63178090560138,-57.1615833359419,77.39735,77.39365,47968,"2023_08_31_0032","2023_08_31_0032_ev01935_rec3","no",51592
1936,3,77.42655,-90.1223540503234,-94.9159634475456,-4.79360939722228,0.400000000013279,30.1499999999919,29.9999999999869,-45208.6474787459,45121.0038324468,589408.893747505,38.9789988405503,77.42655,77.4261,48531,"2023_08_31_0032","2023_08_31_0032_ev01936_rec3","no",51593
1937,3,77.4705,-90.5503349548132,-93.5070856034933,-2.95675064868016,0.299999999995748,1.54999999999461,1.49999999999295,-86.6457427904808,-7.90445399362217,3.22913980957023,90.3990204449049,77.4705,77.4702,49410,"2023_08_31_0032","2023_08_31_0032_ev01937_rec3","no",51594
1938,3,77.51065,-88.5072112520305,-92.3015573449522,-3.79434609292167,0.550000000004047,25.5000000000081,22.350000000003,-33414.8134709112,33328.5980182713,201714.048543101,-9.67786608511117,77.5092,77.50825,50213,"2023_08_31_0032","2023_08_31_0032_ev01938_rec3","no",51595
1939,3,77.58775,-85.5402286050078,-94.1938374543638,-8.65360884935598,2.39999999999441,4.75000000000136,3.79999999999825,-87.4343123889102,-7.74324206755994,2.14686776246413,-90.5784433791279,77.58765,77.58465,51755,"2023_08_31_0032","2023_08_31_0032_ev01939_rec3","no",51596
1940,3,77.62855,-89.0780818411168,-93.6040092544525,-4.52592741333571,0.149999999990769,2.49999999999773,1.99999999999534,-88.2808038132883,-6.32758878659404,2.13454531320271,5.85721186543353,77.62825,77.62625,52571,"2023_08_31_0032","2023_08_31_0032_ev01940_rec3","no",51597
1941,3,77.64895,-89.9495557662293,-93.6910819671181,-3.74152620088886,0.499999999988177,0.649999999993156,0,-87.7417665141988,-3.56295753905938,2.48424359751404,55.8808483395985,77.64875,77.64825,52979,"2023_08_31_0032","2023_08_31_0032_ev01941_rec3","no",51598
1942,3,77.67505,-86.646279786989,-92.9157593421385,-6.26947955514953,1.75000000000125,26.7500000000069,19.9499999999944,-39207.204243542,39121.0382460582,278407.015260298,-55.7201096466517,77.6744,77.67265,53501,"2023_08_31_0032","2023_08_31_0032_ev01942_rec3","no",51599
1943,3,77.6977,-87.9618918968701,-93.6918721527956,-5.72998025592557,1.85000000000457,4.40000000000396,1.90000000000623,-88.7859277053561,-7.3997555552998,1.07939667322629,-44.2642651141404,77.6971,77.69435,53954,"2023_08_31_0032","2023_08_31_0032_ev01943_rec3","no",51600
1944,3,77.7202,-88.6136094604599,-92.8956509466993,-4.28204148623942,0.799999999998136,0.600000000005707,0.349999999997408,-87.9368558934025,-2.55545607797328,2.70478637243214,11.0274690465382,77.72005,77.71925,54404,"2023_08_31_0032","2023_08_31_0032_ev01944_rec3","no",51601
1945,3,77.7484,-85.0382822111503,-91.6276610431935,-6.5893788320432,2.09999999999866,6.64999999999338,8.84999999999536,-86.2756992387436,-3.50826704303073,8.23417500746972,-78.5753880684357,77.74835,77.7457,54968,"2023_08_31_0032","2023_08_31_0032_ev01945_rec3","no",51602
1946,3,77.79465,-84.853137185934,-91.9646589677755,-7.11152178184147,1.05000000000643,30.9500000000043,30.0000000000011,-22912.4376784029,22826.9391195715,502478.024164776,-46.2914401352161,77.7942,77.79315,55893,"2023_08_31_0032","2023_08_31_0032_ev01946_rec3","no",51603
1947,3,77.8404,-90.544554025241,-93.3216975350407,-2.77714350979971,0.349999999997408,0.600000000005707,0,-74.0599863828933,-14.8986482230501,69.8243589610963,130.153760970548,77.8404,77.8393,56808,"2023_08_31_0032","2023_08_31_0032_ev01947_rec3","no",51604
1948,3,77.89155,-85.3756366708449,-90.0095001764705,-4.63386350562563,3.74999999999659,16.9999999999959,9.65000000000771,-91828.5264366754,91742.957805454,582653.665623565,-94.1253176454675,77.8915,77.88775,57831,"2023_08_31_0032","2023_08_31_0032_ev01948_rec3","no",51605
1949,3,77.9197,-88.6921128902859,-96.440651156239,-7.74853826595307,2.40000000000862,4.04999999999234,2.84999999999513,-85.3971984947816,-9.49929563839554,6.55817850399939,25.7194722955422,77.91925,77.9165,58394,"2023_08_31_0032","2023_08_31_0032_ev01949_rec3","no",51606
1950,3,77.9925,-83.6706519495713,-93.7801731605242,-10.109521210953,9.40000000001362,37.7499999999884,16.7000000000144,-37926.1770551494,37840.1417628913,458898.457135795,-155.565218140428,77.99205,77.98255,59850,"2023_08_31_0032","2023_08_31_0032_ev01950_rec3","no",51607
1951,3,78.01945,-86.0828568370371,-91.6340281528909,-5.55117131585381,4.15000000000987,6.10000000000355,4.79999999998881,-87.9581975109475,-5.22343814086814,1.42397358996604,-79.8722980023786,78.01805,78.0139,60389,"2023_08_31_0032","2023_08_31_0032_ev01951_rec3","no",51608
1952,3,78.05685,-88.9995145091059,-91.9850152149707,-2.98550070586482,0.949999999988904,1.59999999999627,0.650000000007367,-86.8821652458956,-5.63300542245855,1.19330157742884,49.9209113683919,78.0568,78.05325,61137,"2023_08_31_0032","2023_08_31_0032_ev01952_rec3","no",51609
1953,3,78.09695,-87.5066307763697,-91.331365835219,-3.82473505884927,0.500000000002387,1.99999999999534,2.94999999999845,-83.9051743977038,-6.12854439548853,14.7779157892122,28.0185759755625,78.09675,78.0962,61939,"2023_08_31_0032","2023_08_31_0032_ev01953_rec3","no",51610
1954,3,78.1288,-87.3106842777947,-92.431735819622,-5.12105154182736,0.849999999999795,2.40000000000862,1.30000000000052,-86.2609372334324,-6.00681810737396,1.84002452834473,17.0408522290385,78.12875,78.1272,62576,"2023_08_31_0032","2023_08_31_0032_ev01954_rec3","no",51611
1955,3,78.16295,-88.2325659145847,-93.2593118654325,-5.02674595084774,2.34999999999275,3.39999999999918,3.15000000000509,-83.4985189329854,-13.1921408204703,4.52083971160856,77.1198395062335,78.1625,78.1599,63259,"2023_08_31_0032","2023_08_31_0032_ev01955_rec3","no",51612
1956,3,78.20645,-85.3612672465678,-92.9702028552589,-7.60893560869106,0.849999999999795,3.84999999999991,3.99999999999068,-87.7087039394141,-6.31253625803889,1.52850653317285,-88.255731530584,78.2062,78.2043,64129,"2023_08_31_0032","2023_08_31_0032_ev01956_rec3","no",51613
1957,3,78.31205,-84.6823478325025,-98.4313114718221,-13.7489636393196,4.49999999999307,8.95000000001289,8.20000000000221,-83.2209343361884,-11.1876991295465,15.2941684892683,-150.413076321609,78.31145,78.30645,66241,"2023_08_31_0032","2023_08_31_0032_ev01957_rec3","no",51614
1958,3,78.3477,-90.7078628302042,-94.0284888527874,-3.3206260225832,0.849999999999795,0.500000000002387,0.349999999997408,-86.4540311792145,-6.84357258634431,1.55875449436465,116.938436045445,78.3477,78.34635,66954,"2023_08_31_0032","2023_08_31_0032_ev01958_rec3","no",51615
1959,3,78.38255,-84.3329774295082,-88.9344229263481,-4.60144549683991,0.199999999992428,4.15000000000987,4.85000000000468,-82.7978790552705,-5.34748365312772,9.71033854074934,-7.57283662792126,78.3818,78.38145,67651,"2023_08_31_0032","2023_08_31_0032_ev01959_rec3","no",51616
1960,3,78.4408,-87.3722560774451,-93.6857264183496,-6.31347034090457,0.399999999999068,0.450000000000728,0.250000000008299,-85.9904752597522,-7.30074168254645,0.39443558703555,36.9937928394103,78.44075,78.4402,68816,"2023_08_31_0032","2023_08_31_0032_ev01960_rec3","no",51617
1961,3,78.49915,-85.3027222047257,-91.0439872468063,-5.74126504208057,2.40000000000862,33.0500000000029,30.0000000000011,-4393.79189068563,4309.10012393452,200334.381974674,0.879454141412513,78.49875,78.4952,69983,"2023_08_31_0032","2023_08_31_0032_ev01961_rec3","no",51618
1962,3,78.58045,-86.2158363197373,-89.4273574677572,-3.21152114801984,0.349999999997408,5.64999999998861,5.09999999999877,-86.89390687144,-2.67381852050636,3.08113482246082,-40.3115750016084,78.5803,78.57635,71609,"2023_08_31_0032","2023_08_31_0032_ev01962_rec3","no",51619
1963,3,78.609,-87.0987590477433,-91.0311860267864,-3.9324269790431,0.450000000000728,1.05000000000643,0.750000000010687,-85.9301303904834,-5.80625956398239,0.970861735879281,27.2743027915288,78.60875,78.60795,72180,"2023_08_31_0032","2023_08_31_0032_ev01963_rec3","no",51620
1964,3,78.6557,-87.6175439299868,-94.7795024641016,-7.16195853411477,2.54999999999939,4.94999999999379,2.40000000000862,-88.1646638941833,-8.64271519261515,1.69079472055279,-53.2202537943363,78.65405,78.6511,73114,"2023_08_31_0032","2023_08_31_0032_ev01964_rec3","no",51621
1965,3,78.69995,-85.112285431981,-104.518133392719,-19.4058479607375,0.699999999994816,3.25000000000841,4.00000000000489,-85.4580200936916,-16.7836897929968,4.43129347913119,-95.8990860371358,78.6998,78.69905,73999,"2023_08_31_0032","2023_08_31_0032_ev01965_rec3","no",51622
1966,3,78.7539,-86.1202460198224,-89.7939395499928,-3.67369353017041,1.7999999999887,2.85000000000935,1.75000000000125,-85.4954079480015,-5.4304791657171,1.71402766410827,2.84251271071389,78.75325,78.7512,75078,"2023_08_31_0032","2023_08_31_0032_ev01966_rec3","no",51623
1967,3,78.80455,-83.7566917449011,-96.1652616230555,-12.4085698781545,1.09999999999388,3.34999999999752,2.44999999999607,-86.8440426913532,-5.13459810011055,1.98959079717036,-124.059838362739,78.8026,78.80125,76091,"2023_08_31_0032","2023_08_31_0032_ev01967_rec3","no",51624
1968,3,78.84435,-88.1902170817391,-92.2791544800141,-4.08893739827501,0.199999999992428,3.10000000000343,2.60000000000105,-85.8052352109986,-7.58293507138966,3.93621830368144,38.7241747828766,78.844,78.84315,76887,"2023_08_31_0032","2023_08_31_0032_ev01968_rec3","no",51625
1969,3,78.89835,-84.3258931866675,-93.4147954471237,-9.08890226045622,3.70000000000914,2.60000000000105,1.35000000000218,-84.3658709652559,-8.50219862132023,1.46198858765772,-33.3327334795688,78.8983,78.8941,77967,"2023_08_31_0032","2023_08_31_0032_ev01969_rec3","no",51626
1970,3,78.9356,-85.2534941622141,-88.1497509894357,-2.89625682722166,0.150000000004979,30.0999999999902,30.0000000000011,-28209.8818867387,28126.4170548518,345714.877879001,14.9970358046566,78.93415,78.93395,78712,"2023_08_31_0032","2023_08_31_0032_ev01970_rec3","no",51627
1971,3,78.97295,-87.9161633624279,-90.4095935503724,-2.49343018794453,0.550000000004047,6.25000000000853,3.39999999999918,-83.1939224864089,-7.74487591826582,10.7035020049464,55.6721457205818,78.9697,78.9683,79459,"2023_08_31_0032","2023_08_31_0032_ev01971_rec3","no",51628
1972,3,79.01195,-81.925634158564,-91.4791480817329,-9.55351392316886,9.34999999999775,21.3499999999982,23.3499999999935,85463.0846110189,-85551.1678451339,761586.995166916,-212.178035374997,79.01035,79.00085,80239,"2023_08_31_0032","2023_08_31_0032_ev01972_rec3","no",51629
1973,3,79.02915,-88.9377975078083,-91.3596566460246,-2.42185913821632,0.299999999995748,0.600000000005707,0.699999999994816,-84.9255092678433,-6.46607075813442,2.62118026555695,103.112547860853,79.02915,79.02885,80583,"2023_08_31_0032","2023_08_31_0032_ev01973_rec3","no",51630
1974,3,79.04555,-83.1520973045405,-90.071765908172,-6.91966860363154,1.09999999999388,31.6500000000133,26.9999999999868,-10350.0418908726,10265.2541186501,299790.9802687,-74.871582560112,79.04405,79.0429,80911,"2023_08_31_0032","2023_08_31_0032_ev01974_rec3","no",51631
1975,3,79.07425,-87.0058014966554,-89.5109205871489,-2.50511909049345,0.449999999986517,30.2499999999952,30.0000000000011,-158460.185114866,158376.282325957,1228144.17819678,34.6824938602117,79.07425,79.0738,81485,"2023_08_31_0032","2023_08_31_0032_ev01975_rec3","no",51632
1976,3,79.1026,-85.5989687957302,-89.7215912418034,-4.12262244607319,1.20000000001141,3.45000000000084,0,-40582.8687917403,40495.3130361603,734766.682041063,-91.4676533666023,79.10115,79.09975,82052,"2023_08_31_0032","2023_08_31_0032_ev01976_rec3","no",51633
1977,3,79.1278,-88.4678860005891,-91.9274009171882,-3.45951491659912,0.900000000001455,3.04999999998756,2.15000000000032,-86.8694093079136,-5.62413939923805,3.21370420859735,25.3473770625843,79.1272,79.1263,82556,"2023_08_31_0032","2023_08_31_0032_ev01977_rec3","no",51634
1978,3,79.17745,-86.8564798430705,-92.167971111952,-5.31149126888153,0.850000000014006,1.54999999999461,0.700000000009027,-85.431241403427,-5.98495446294723,1.20656753817457,31.3189187249572,79.177,79.1759,83549,"2023_08_31_0032","2023_08_31_0032_ev01978_rec3","no",51635
1979,3,79.22225,-87.2973304716767,-93.4328082469509,-6.1354777752742,1.40000000000384,5.04999999999711,5.60000000000116,-85.2399842051369,-6.60461390161633,13.2615916695142,-23.1458466100577,79.2218,79.2201,84445,"2023_08_31_0032","2023_08_31_0032_ev01979_rec3","no",51636
1980,3,79.25275,-86.6767413027997,-90.6533734786163,-3.97663217581662,0.500000000002387,0.650000000007367,0.899999999987244,-84.2127398212798,-4.91801156141119,4.09815438215623,52.8415923504437,79.25275,79.2522,85055,"2023_08_31_0032","2023_08_31_0032_ev01980_rec3","no",51637
1981,3,79.3,-87.3875190738266,-93.0024238516299,-5.6149047778033,0.500000000002387,3.15000000000509,4.59999999999638,-88.3960030677542,-3.89607425216023,3.55473337239621,-46.3479622952881,79.2998,79.2988,86000,"2023_08_31_0032","2023_08_31_0032_ev01981_rec3","no",51638
1982,3,79.3243,-89.1842088903676,-94.2371225877306,-5.05291369736307,1.4500000000055,2.05000000001121,0.950000000003115,-86.6306460093385,-9.16837580590295,1.28139432813433,60.1796361319991,79.32415,79.32245,86486,"2023_08_31_0032","2023_08_31_0032_ev01982_rec3","no",51639
1983,3,79.35965,-88.5185019237209,-91.5928415518862,-3.07433962816538,0.499999999988177,3.20000000000675,2.84999999999513,-83.9248365019527,-10.157433438538,4.98970301709858,84.8506566206985,79.3594,79.3589,87193,"2023_08_31_0032","2023_08_31_0032_ev01983_rec3","no",51640
1984,3,79.3885,-82.9735088394732,-90.4228060214013,-7.44929718192809,0.550000000004047,5.00000000000966,5.35000000000707,-82.5899084723246,-6.55992685841934,7.23997145310479,-52.7554065592614,79.3858,79.3844,87770,"2023_08_31_0032","2023_08_31_0032_ev01984_rec3","no",51641
1985,3,79.47745,-87.3268640750187,-89.4366850875413,-2.10982101252259,0.200000000006639,0.0500000000016598,0.0999999999891088,-85.1227065865423,-3.08281352789492,2.93760120168464,56.9647171233948,79.47745,79.47725,89549,"2023_08_31_0032","2023_08_31_0032_ev01985_rec3","no",51642
1986,3,79.5136,-82.2978199439842,-88.7051841565982,-6.40736421261397,1.24999999999886,5.49999999999784,30.0000000000011,-84.8278293147208,-4.34402530989386,2.60666296108398,-92.0631276521788,79.5135,79.5122,90272,"2023_08_31_0032","2023_08_31_0032_ev01986_rec3","no",51643
1987,3,79.56325,-86.8961390724709,-91.6318775402134,-4.73573846774251,0.449999999986517,5.35000000000707,5.35000000000707,-86.1659103523666,-6.60852667897778,5.45322050170901,-19.1918827902882,79.5627,79.56185,91265,"2023_08_31_0032","2023_08_31_0032_ev01987_rec3","no",51644
1988,3,79.595,-90.1887379083543,-95.9123016696824,-5.72356376132812,0.299999999995748,0.10000000000332,0,-82.7002477928237,-7.48528438239781,19.1393597987616,110.852187505989,79.595,79.59455,91900,"2023_08_31_0032","2023_08_31_0032_ev01988_rec3","no",51645
1989,3,79.65525,-87.3175401161263,-93.2126188456688,-5.89507872954255,0.900000000001455,2.15000000000032,2.75000000000603,-87.6627185500344,-4.34552278589354,3.19779650103547,-28.5632159636346,79.65505,79.6541,93105,"2023_08_31_0032","2023_08_31_0032_ev01989_rec3","no",51646
1990,3,79.68155,-87.9973586103249,-91.9738782857429,-3.976519675418,0.599999999991496,30.1500000000061,30.0000000000011,-4044.49515465516,3958.53813191304,331080.582763489,54.4989914506071,79.68145,79.6806,93631,"2023_08_31_0032","2023_08_31_0032_ev01990_rec3","no",51647
1991,3,79.72285,-85.1455305505645,-91.3749453341494,-6.22941478358491,1.09999999999388,6.99999999999079,8.80000000000791,-86.9254755599266,-6.82874621055959,3.42895434766548,-87.3820207103576,79.7221,79.72075,94457,"2023_08_31_0032","2023_08_31_0032_ev01991_rec3","no",51648
1992,3,79.7458,-85.0644497308828,-88.7452930276006,-3.6808432967178,2.44999999999607,7.04999999999245,4.49999999999307,-85.1096679144175,-3.68269311889819,4.36289071061588,-31.5406648145886,79.74385,79.7414,94916,"2023_08_31_0032","2023_08_31_0032_ev01992_rec3","no",51649
1993,3,79.7734,-87.1060265847974,-89.3503365668766,-2.24430998207916,0.150000000004979,0.249999999994088,0,-78.7211840103474,-8.21603350512323,33.538529962808,87.908033019259,79.7732,79.77305,95468,"2023_08_31_0032","2023_08_31_0032_ev01993_rec3","no",51650
1994,3,79.86305,-87.2781982587962,-91.5502796545708,-4.27208139577466,2.049999999997,30.2499999999952,30.0000000000011,-78001.3555957405,77918.5050883502,438581.497217864,54.7182003631874,79.86295,79.8605,97261,"2023_08_31_0032","2023_08_31_0032_ev01994_rec3","no",51651
1995,3,79.8921,-86.4908973451124,-93.1953990660197,-6.7045017209073,0.950000000003115,6.05000000000189,5.09999999999877,-86.4511518887501,-4.82088360432823,7.83808951691052,-50.0860905624906,79.88845,79.8866,97842,"2023_08_31_0032","2023_08_31_0032_ev01995_rec3","no",51652
1996,3,79.911,-85.2258332194597,-90.7964117458686,-5.57057852640889,0.149999999990769,3.84999999999991,5.25000000000375,-83.7443515201742,-6.28851488645776,9.17020738102579,-12.9947454504601,79.9108,79.9106,98220,"2023_08_31_0032","2023_08_31_0032_ev01996_rec3","no",51653
1997,3,79.9817,-84.6614787252813,-91.6997802625699,-7.03830153728862,2.3000000000053,2.94999999999845,1.75000000000125,-84.8564086855531,-7.17706654848218,1.60879474269084,-25.8448281714127,79.98165,79.97915,99634,"2023_08_31_0032","2023_08_31_0032_ev01997_rec3","no",51654
1998,3,80.011,-82.6433818927441,-89.9794327074753,-7.33605081473112,0.950000000003115,4.30000000000064,3.05000000000177,-84.9999643383917,-4.97226680947508,1.15216285997409,-99.441508771897,80.0069,80.0057,100220,"2023_08_31_0032","2023_08_31_0032_ev01998_rec3","no",51655
1999,3,80.0541,-86.8363258111164,-90.7033639231652,-3.86703811204887,4.64999999999804,11.099999999999,2.15000000000032,-86.9295102721289,-3.848546333337,2.0277949943745,-41.7269129252669,80.0496,80.04255,101082,"2023_08_31_0032","2023_08_31_0032_ev01999_rec3","no",51656
2000,3,80.0764,-85.5514435420304,-90.7684557939365,-5.21701225190607,1.40000000000384,6.19999999999266,5.10000000001298,-86.5127402827456,-3.00359174051811,4.49725294633948,-57.1530469512983,80.07505,80.07275,101528,"2023_08_31_0032","2023_08_31_0032_ev02000_rec3","no",51657
2001,3,80.1045,-86.7478202745588,-90.3810642765766,-3.63324400201788,0.349999999997408,0.799999999998136,0.999999999990564,-83.3913303017871,-6.21949664738481,3.57103161466202,77.7972905089317,80.10445,80.1041,102090,"2023_08_31_0032","2023_08_31_0032_ev02001_rec3","no",51658
2002,3,80.1606,-84.6652963244049,-87.8754220389937,-3.2101257145888,0.849999999999795,28.5000000000082,24.1000000000042,-31441.6121472206,31359.3233646485,212237.633979186,1.18141419616532,80.16045,80.1588,103212,"2023_08_31_0032","2023_08_31_0032_ev02002_rec3","no",51659
2003,3,80.1894,-84.6339317480708,-90.1429816424825,-5.50904989441172,3.59999999999161,20.5500000000001,9.35000000001196,-36904.7821135833,36819.3539086089,276237.435089629,-102.280675556692,80.18785,80.1817,103788,"2023_08_31_0032","2023_08_31_0032_ev02003_rec3","no",51660
2004,3,80.2156,-86.1632689123388,-98.2836433743937,-12.1203744620549,2.84999999999513,2.54999999999939,0.900000000001455,-83.9913428643228,-7.47858696361675,7.8658420615294,-15.2436833797347,80.21535,80.21235,104312,"2023_08_31_0032","2023_08_31_0032_ev02004_rec3","no",51661
2005,3,80.2586,-85.4123372871599,-90.8353341226265,-5.42299683546658,0.749999999996476,30.2999999999969,30.0000000000011,-33699.6007696173,33615.8604525331,467774.394815767,16.264752142606,80.2586,80.25775,105172,"2023_08_31_0032","2023_08_31_0032_ev02005_rec3","no",51662
2006,3,80.2886,-88.6393975873828,-95.3971947645174,-6.75779717713462,0.399999999999068,0.900000000001455,1.04999999999222,-85.7784928053382,-8.51397296785356,2.31455791753055,65.4902841557985,80.2886,80.28735,105772,"2023_08_31_0032","2023_08_31_0032_ev02006_rec3","no",51663
2007,3,80.3067,-87.8934322576149,-91.5604447657131,-3.66701250809817,0.299999999995748,0.199999999992428,0,-83.723438037255,-4.0400223583416,3.78479106590795,108.980409221201,80.30655,80.30625,106134,"2023_08_31_0032","2023_08_31_0032_ev02007_rec3","no",51664
2008,3,80.33845,-87.9057257926762,-92.7027792473197,-4.79705345464349,1.4500000000055,1.50000000000716,1.05000000000643,-86.157651933267,-7.83718316236486,1.28277850702033,39.9526305906912,80.3382,80.3365,106769,"2023_08_31_0032","2023_08_31_0032_ev02008_rec3","no",51665
2009,3,80.3762,-89.5738777443759,-91.5774782381351,-2.00360049375919,0.599999999991496,0.799999999998136,0.450000000000728,-85.2320775848035,-5.95602974111743,2.94857267255219,111.923627411737,80.3762,80.3756,107524,"2023_08_31_0032","2023_08_31_0032_ev02009_rec3","no",51666
2010,3,80.44425,-88.9291820002808,-91.8193205522119,-2.89013855193106,0.500000000002387,0.900000000001455,0.399999999999068,-84.5533393528504,-7.79275059729215,1.12800637545703,121.077210246532,80.44405,80.44345,108885,"2023_08_31_0032","2023_08_31_0032_ev02010_rec3","no",51667
2011,3,80.4609,-83.8012308550446,-88.1468259788899,-4.34559512384533,0.499999999988177,30.2999999999969,26.3500000000079,-8661.28280635855,8576.57009446671,324305.143861729,-43.8600442404093,80.46,80.4594,109218,"2023_08_31_0032","2023_08_31_0032_ev02011_rec3","no",51668
2012,3,80.54405,-85.484802470238,-93.9083736422062,-8.42357117196818,1.80000000000291,32.6000000000022,27.000000000001,-18739.4745210838,18652.1099079094,406790.499614395,-96.5085280998251,80.54245,80.5405,110881,"2023_08_31_0032","2023_08_31_0032_ev02012_rec3","no",51669
2013,3,80.5758,-89.2528105759552,-93.4766667898213,-4.22385621386603,0.299999999995748,1.30000000000052,0.450000000000728,-87.8235931611374,-5.08565598085499,0.893244416160312,37.3503960881952,80.57575,80.57465,111516,"2023_08_31_0032","2023_08_31_0032_ev02013_rec3","no",51670
2014,3,80.6125,-86.5522019091963,-91.177668085812,-4.62546617661575,0.550000000004047,30.7499999999976,30.0000000000011,-91.426888646214,5.90209997823037,103.283716912549,4.08487719960136,80.61225,80.6115,112250,"2023_08_31_0032","2023_08_31_0032_ev02014_rec3","no",51671
2015,3,80.6331,-84.9377360737921,-90.9756882555205,-6.0379521817284,3.34999999999752,18.8500000000005,11.0499999999973,-50731.6078627072,50646.3722149866,288603.401045188,-104.453036498093,80.633,80.62955,112662,"2023_08_31_0032","2023_08_31_0032_ev02015_rec3","no",51672
2016,3,80.67015,-92.4231744220625,-99.0814887315466,-6.65831430948408,1.49999999999295,0.499999999988177,0.150000000004979,33782.9232258718,-33877.8607361068,102232.297821175,67.8300269869106,80.66945,80.665,113403,"2023_08_31_0032","2023_08_31_0032_ev02016_rec3","no",51673
2017,3,80.7026,-85.0757706415745,-92.6251062454768,-7.54933560390229,1.20000000001141,12.9500000000036,20.1999999999884,-86.2643382822597,-4.80624303984118,18.4172848911276,-116.017864210412,80.7022,80.701,114052,"2023_08_31_0032","2023_08_31_0032_ev02017_rec3","no",51674
2018,3,80.7793,-84.6524181355224,-90.7330830646716,-6.08066492914915,0.200000000006639,1.99999999999534,1.15000000000975,-84.3600865292902,-4.17015447327458,2.3115014974603,-10.6288919591352,80.77675,80.77655,115586,"2023_08_31_0032","2023_08_31_0032_ev02018_rec3","no",51675
2019,3,80.83265,-85.1958445997477,-89.2145854000594,-4.01874080031173,0.849999999999795,24.2999999999967,18.3499999999981,-23180.1592035376,23095.7397090655,187301.017722283,-40.0901528658091,80.8313,80.8304,116653,"2023_08_31_0032","2023_08_31_0032_ev02019_rec3","no",51676
2020,3,80.8588,-88.6123595851631,-93.0075335464883,-4.39517396132516,0.149999999990769,1.34999999998797,1.35000000000218,-86.6292738040985,-7.09173939617651,2.01539829630897,43.7909088688339,80.8586,80.8583,117176,"2023_08_31_0032","2023_08_31_0032_ev02020_rec3","no",51677
2021,3,80.909,-88.3480964813686,-94.1652603134606,-5.81716383209202,0.600000000005707,0.950000000003115,1.49999999999295,-83.9829262439613,-7.63674997041078,9.37393050233104,58.2689377939053,80.9089,80.90745,118180,"2023_08_31_0032","2023_08_31_0032_ev02021_rec3","no",51678
2022,3,80.9662,-85.1902970594877,-90.9199843880233,-5.72968732853559,0.950000000003115,3.55000000000416,2.65000000000271,-83.2016026808841,-9.68598043552671,3.09018835993435,23.5922559946752,80.96565,80.9647,119324,"2023_08_31_0032","2023_08_31_0032_ev02022_rec3","no",51679
2023,3,81.00025,-82.5289053848194,-90.5008532861509,-7.97194790133149,3.35000000001173,4.29999999998643,2.70000000000437,-84.4929661330258,-6.09331338739641,1.49244980942182,-96.2547557577434,80.9989,80.9947,120005,"2023_08_31_0032","2023_08_31_0032_ev02023_rec3","no",51680
2024,3,81.0517,-86.6248921689406,-91.6175364127772,-4.99264424383658,0.799999999998136,3.20000000000675,3.5000000000025,-84.6693006775804,-7.44975946628152,5.21528716185825,12.7100481384587,81.0503,81.0494,121034,"2023_08_31_0032","2023_08_31_0032_ev02024_rec3","no",51681
2025,3,81.0927,-85.8431313043818,-90.2954759589267,-4.45234465454494,1.4500000000055,2.94999999999845,2.25000000000364,-86.7532763160944,-4.4467534118877,1.24454483387912,-37.4416714331086,81.09265,81.0912,121854,"2023_08_31_0032","2023_08_31_0032_ev02025_rec3","no",51682
2026,3,81.1098,-86.2257798210405,-94.9219001090079,-8.69612028796735,2.69999999999015,4.3500000000023,3.39999999999918,-85.1587879865165,-7.35323969819455,6.28459098438729,-27.3484903852608,81.10945,81.1066,122196,"2023_08_31_0032","2023_08_31_0032_ev02026_rec3","no",51683
2027,3,81.12595,-88.9213447582047,-91.8209189403752,-2.89957418217048,0.749999999996476,0.200000000006639,0,5182.50162409384,-5268.73013226897,73202.8284092511,111.928827207707,81.1258,81.12495,122519,"2023_08_31_0032","2023_08_31_0032_ev02027_rec3","no",51684
2028,3,81.14335,-87.4203406215759,-89.7510585503514,-2.3307179287755,0.200000000006639,30.9000000000026,30.0000000000011,-4290.58196991664,4206.25159620167,143825.655119074,77.9672924391131,81.1431,81.1422,122867,"2023_08_31_0032","2023_08_31_0032_ev02028_rec3","no",51685
2029,3,81.17375,-84.841979926527,-92.2806812130762,-7.4387012865492,0.749999999996476,2.75000000000603,3.15000000000509,-87.2472425223323,-2.23619934987482,1.69759568734913,-81.7258335282343,81.17365,81.1716,123475,"2023_08_31_0032","2023_08_31_0032_ev02029_rec3","no",51686
2030,3,81.1992,-88.5153579893665,-92.4010652425836,-3.88570725321708,0.349999999997408,0.600000000005707,0.749999999996476,-84.7005530971526,-6.12745028552837,4.7222680438728,84.488481259147,81.19905,81.1987,123984,"2023_08_31_0032","2023_08_31_0032_ev02030_rec3","no",51687
2031,3,81.26265,-88.2161568693807,-94.3174638862582,-6.10130701687748,0.350000000011619,0.749999999996476,1.30000000000052,-84.3318007471077,-7.67181010313587,5.81697182916226,71.1923416030936,81.2626,81.26215,125253,"2023_08_31_0032","2023_08_31_0032_ev02031_rec3","no",51688
2032,3,81.29885,-85.3783711912199,-92.1425061811447,-6.76413498992486,3.20000000000675,4.19999999999732,3.00000000000011,-85.6915929612627,-7.26744856308732,2.49071199066352,-45.350873302009,81.29815,81.2932,125977,"2023_08_31_0032","2023_08_31_0032_ev02032_rec3","no",51689
2033,3,81.33345,-87.3759657198311,-95.7092414578698,-8.33327573803867,1.4500000000055,5.70000000000448,6.50000000000261,-82.4493390060812,-12.7419215247415,13.9855083251707,-16.8152859271643,81.33325,81.3315,126669,"2023_08_31_0032","2023_08_31_0032_ev02033_rec3","no",51690
2034,3,81.38395,-85.7422856494512,-90.2548390824543,-4.51255343300312,1.64999999999793,7.19999999999743,7.24999999999909,-84.6567619404176,-5.93148370029493,9.44374227891438,-32.1577942488598,81.3831,81.3809,127679,"2023_08_31_0032","2023_08_31_0032_ev02034_rec3","no",51691
2035,3,81.42885,-84.7547156989521,-91.0200227533648,-6.26530705441276,1.24999999999886,2.35000000000696,2.44999999999607,-85.6525913117279,-4.80285276254404,2.00560583409336,-46.8345429456704,81.4277,81.4262,128577,"2023_08_31_0032","2023_08_31_0032_ev02035_rec3","no",51692
2036,3,81.48915,-85.3815572220082,-90.7352081709167,-5.35365094890851,0.799999999998136,4.15000000000987,5.5499999999995,-83.0831804496381,-6.67988751692675,12.4292441311009,-10.1661849246998,81.48885,81.488,129783,"2023_08_31_0032","2023_08_31_0032_ev02036_rec3","no",51693
2037,3,81.52205,-85.6925773977477,-94.3107763130547,-8.61819891530698,0.849999999999795,3.74999999999659,2.65000000000271,-87.5747292567295,-9.02107071550366,1.37097192618471,-83.1654659716552,81.52125,81.5192,130441,"2023_08_31_0032","2023_08_31_0032_ev02037_rec3","no",51694
2038,3,81.5427,-88.596198811563,-91.9817403584238,-3.38554154686076,0.549999999989836,1.59999999999627,0.600000000005707,-86.8719078975504,-5.63532039238543,0.93015144648267,44.886990551292,81.5427,81.54115,130854,"2023_08_31_0032","2023_08_31_0032_ev02038_rec3","no",51695
2039,3,81.562,-80.9108787993596,-90.9560091463145,-10.045130346955,1.59999999999627,9.95000000000346,12.2999999999962,-83.1453557751332,-7.62187740747609,7.52066837597114,-146.658540332848,81.5607,81.5587,131240,"2023_08_31_0032","2023_08_31_0032_ev02039_rec3","no",51696
2040,3,81.6312,-87.6851510589641,-91.4206114253049,-3.73546036634077,1.10000000000809,2.049999999997,0.700000000009027,-84.279482542728,-7.55218355649632,1.56175539030449,85.69574093559,81.6307,81.6293,132624,"2023_08_31_0032","2023_08_31_0032_ev02040_rec3","no",51697
2041,3,81.65145,-84.7143820343105,-89.9321109313539,-5.21772889704337,1.15000000000975,23.3000000000061,16.9000000000068,-31565.7615143844,31481.1564598647,260856.687253125,-54.7991760352487,81.65125,81.6501,133029,"2023_08_31_0032","2023_08_31_0032_ev02041_rec3","no",51698
2042,3,81.69025,-88.0582248609069,-93.7575989695121,-5.6993741086052,0.600000000005707,0.699999999994816,0.799999999998136,-84.3699693695207,-8.65461311621581,2.04134940674102,90.8692101011494,81.6902,81.6894,133805,"2023_08_31_0032","2023_08_31_0032_ev02042_rec3","no",51699
2043,3,81.715,-85.8215187867426,-89.4658565336742,-3.64433774693155,0.699999999994816,30.6000000000068,30.0000000000011,-35066.5919099413,34983.4733309919,371733.569806494,36.5079970047642,81.7147,81.7136,134300,"2023_08_31_0032","2023_08_31_0032_ev02043_rec3","no",51700
2044,3,81.74845,-85.5871880228252,-87.9937453145311,-2.40655729170582,0.199999999992428,16.9499999999942,13.3999999999901,-89.7055547002821,5.85019463738339,22.5333891203991,-27.3481877133902,81.7478,81.7468,134969,"2023_08_31_0032","2023_08_31_0032_ev02044_rec3","no",51701
2045,3,81.7619,-84.6401942733758,-90.920491449494,-6.28029717611821,1.00000000000477,11.800000000008,30.0000000000011,-87.6154124540178,-2.9027988489855,3.79176393431991,-106.293156954463,81.76155,81.7605,135238,"2023_08_31_0032","2023_08_31_0032_ev02045_rec3","no",51702
2046,3,81.7926,-88.3068234090036,-91.9146500276218,-3.60782661861819,0.250000000008299,1.84999999999036,1.7000000000138,-83.2160263560367,-8.59598898786159,5.81254703662649,101.771120257809,81.7925,81.792,135852,"2023_08_31_0032","2023_08_31_0032_ev02046_rec3","no",51703
2047,3,81.81555,-82.2654064452784,-87.7812448885366,-5.51583844325822,0.199999999992428,0.800000000012346,2.20000000000198,-81.900406217311,-3.42228996831276,6.21231483483724,-11.5433221342722,81.8154,81.8152,136311,"2023_08_31_0032","2023_08_31_0032_ev02047_rec3","no",51704
2048,3,81.90455,-87.5266726130835,-92.4339884778472,-4.90731586476369,0.150000000004979,0.10000000000332,0,22320.0233527398,-22406.5864166658,216816.314337034,75.0204212356803,81.9045,81.90435,138091,"2023_08_31_0032","2023_08_31_0032_ev02048_rec3","no",51705
2049,3,81.91915,-85.2907624419555,-87.9975787363291,-2.70681629437362,0.500000000002387,1.95000000000789,1.64999999999793,-83.7476878283157,-6.50847000251225,1.75259522586448,31.0842235892445,81.9184,81.9179,138383,"2023_08_31_0032","2023_08_31_0032_ev02049_rec3","no",51706
2050,3,81.94005,-82.7798750356211,-85.5962391215483,-2.81636408592715,1.05000000000643,3.29999999999586,2.89999999999679,-83.2018948325725,-3.63655230911063,1.64071969229117,-24.103935992796,81.93965,81.9386,138801,"2023_08_31_0032","2023_08_31_0032_ev02050_rec3","no",51707
2051,3,81.98855,-83.982509535514,-88.5030836297386,-4.52057409422461,0.900000000001455,31.0500000000076,26.5500000000003,-23700.9376271291,23616.5231344205,505138.274015021,-39.3218721698996,81.9881,81.9872,139771,"2023_08_31_0032","2023_08_31_0032_ev02051_rec3","no",51708
2052,3,82.02195,-85.7732501570441,-94.253307633811,-8.48005747676686,2.45000000001028,3.25000000000841,0.699999999994816,-87.6790259304173,-8.291707923007,0.372431323526487,-81.6837488998209,82.0211,82.0175,140439,"2023_08_31_0032","2023_08_31_0032_ev02052_rec3","no",51709
2053,3,82.0592,-85.4189296385233,-98.3704322313539,-12.9515025928306,0.950000000003115,3.40000000001339,2.94999999999845,-85.1355588509798,-15.8722678662582,2.5858808736753,-46.7344176164218,82.0587,82.0577,141184,"2023_08_31_0032","2023_08_31_0032_ev02053_rec3","no",51710
2054,3,82.0901,-88.3537800945332,-91.2242914346127,-2.87051134007953,0.950000000003115,0.600000000005707,0.250000000008299,-85.6946832790118,-5.86249912537944,0.590976020782215,75.2966820272765,82.0899,82.0887,141802,"2023_08_31_0032","2023_08_31_0032_ev02054_rec3","no",51711
2055,3,82.11835,-85.0352612399918,-91.2897149198146,-6.25445367982279,1.50000000000716,4.14999999999566,3.79999999999825,-85.7703298747478,-4.61837965806023,3.52222353835433,-45.8410111537434,82.11785,82.11635,142367,"2023_08_31_0032","2023_08_31_0032_ev02055_rec3","no",51712
2056,3,82.1439,-83.7757832006379,-91.086165603125,-7.31038240248711,2.05000000001121,5.05000000001132,7.64999999999816,-86.1892393505571,-5.51745073878409,2.6052116223729,-97.4077382068332,82.1436,82.14155,142878,"2023_08_31_0032","2023_08_31_0032_ev02056_rec3","no",51713
2057,3,82.2005,-83.7357948004455,-93.2260538509991,-9.49025905055363,2.25000000000364,7.69999999999982,10.1499999999959,-86.880255031137,-6.59563839834033,3.51067835394881,-136.917580148684,82.19985,82.1971,144010,"2023_08_31_0032","2023_08_31_0032_ev02057_rec3","no",51714
2058,3,82.23755,-85.5899728354228,-91.9684589563679,-6.37848612094514,0.300000000009959,3.39999999999918,2.79999999999347,-83.6810929901371,-7.26295669309334,5.27547377916775,11.6486695660292,82.23645,82.2359,144751,"2023_08_31_0032","2023_08_31_0032_ev02058_rec3","no",51715
2059,3,82.2932,-87.8380010608272,-92.1405239872698,-4.30252292644258,1.75000000000125,1.64999999999793,0,26161.4304159756,-26246.491300589,200488.934862898,140.879599413742,82.2932,82.29095,145864,"2023_08_31_0032","2023_08_31_0032_ev02059_rec3","no",51716
2060,3,82.3105,-84.1659588084829,-86.9689827570385,-2.80302394855558,0.500000000002387,23.7999999999943,21.8500000000006,-122498.686782656,122417.851537573,612908.032920895,9.01740554962892,82.3105,82.30985,146210,"2023_08_31_0032","2023_08_31_0032_ev02060_rec3","no",51717
2061,3,82.3409,-83.799845491203,-93.3254730775318,-9.52562758632882,3.69999999999493,5.8000000000078,7.04999999999245,-87.0151312363995,-6.76038990387808,2.27924089152865,-134.493204433639,82.3406,82.3369,146818,"2023_08_31_0032","2023_08_31_0032_ev02061_rec3","no",51718
2062,3,82.39315,-85.4666221991717,-93.4556565150253,-7.98903431585366,2.80000000000769,4.950000000008,7.49999999999318,-88.399933094659,-7.6520189640208,1.29123662744537,-125.130423122095,82.39215,82.3881,147863,"2023_08_31_0032","2023_08_31_0032_ev02062_rec3","no",51719
2063,3,82.41725,-88.4050753334656,-93.1800039253706,-4.77492859190495,0.299999999995748,1.30000000000052,1.4500000000055,-88.4785014440027,-4.50670837886016,1.49718189484816,-10.591031501954,82.4172,82.41685,148345,"2023_08_31_0032","2023_08_31_0032_ev02063_rec3","no",51720
2064,3,82.4409,-88.0329688256074,-92.1598478739202,-4.12687904831286,0.500000000002387,1.89999999999202,1.30000000000052,-85.9122525770759,-9.03203428116009,1.44307728313515,46.9729478583677,82.44055,82.44005,148818,"2023_08_31_0032","2023_08_31_0032_ev02064_rec3","no",51721
2065,3,82.4808,-88.1627023612787,-93.9507857514787,-5.78808339019996,0.300000000009959,0.250000000008299,0.599999999991496,-85.5445856422203,-5.16762762741497,7.01647119136375,36.5275383543136,82.47955,82.4787,149616,"2023_08_31_0032","2023_08_31_0032_ev02065_rec3","no",51722
2066,3,82.5901,-92.5827567517842,-97.8601955409991,-5.27743878921484,1.40000000000384,1.29999999998631,0,-84.5288161214256,-8.13076615693903,15.5435849697006,127.511055916208,82.5899,82.5874,151802,"2023_08_31_0032","2023_08_31_0032_ev02066_rec3","no",51723
2067,3,82.65975,-87.2973559564279,-92.681203752685,-5.38384779625706,1.59999999999627,1.50000000000716,1.1999999999972,-86.9657276927073,-7.15385205017895,1.06160712966355,-3.07745950170795,82.65965,82.65795,153195,"2023_08_31_0032","2023_08_31_0032_ev02067_rec3","no",51724
2068,3,82.6886,-88.5242142567588,-94.6396059687376,-6.11539171197879,0.400000000013279,1.95000000000789,2.50000000001194,-86.0024778156163,-7.15803077503286,6.17705237565008,27.2359364514431,82.6881,82.68745,153772,"2023_08_31_0032","2023_08_31_0032_ev02068_rec3","no",51725
2069,3,82.7221,-86.1794790590676,-94.2284648022237,-8.04898574315611,2.09999999999866,31.1999999999983,25.7500000000022,-94633.9863984345,94549.6230931945,507531.671704873,-36.8469259760451,82.722,82.71985,154442,"2023_08_31_0032","2023_08_31_0032_ev02069_rec3","no",51726
2070,3,82.8287,-85.4187872413517,-91.5336568530793,-6.11486961172766,1.64999999999793,1.24999999999886,0,-84.5292006731338,-3.11328147123249,8.38105747011661,-4.95997524790325,82.82865,82.82685,156574,"2023_08_31_0032","2023_08_31_0032_ev02070_rec3","no",51727
2071,3,82.8958,-84.8960516495596,-95.8074832287859,-10.9114315792263,2.45000000001028,3.74999999999659,4.6000000000106,-86.8877663118444,-5.54485350398591,4.6065503245779,-99.2389797526318,82.8957,82.8932,157916,"2023_08_31_0032","2023_08_31_0032_ev02071_rec3","no",51728
2072,3,82.9131,-89.1082437648829,-91.4445457478124,-2.33630198292944,0.0500000000016598,0.299999999995748,0.249999999994088,-87.5277865891435,-5.1920509669208,0.360662880403013,44.8485607726542,82.91285,82.9127,158262,"2023_08_31_0032","2023_08_31_0032_ev02072_rec3","no",51729
2073,3,82.93675,-86.42355518085,-92.4446122263956,-6.02105704554555,0.799999999998136,7.09999999999411,10.1499999999959,-86.6132215054445,-5.37494201447976,10.4726948496398,-61.8563912141586,82.9367,82.9358,158735,"2023_08_31_0032","2023_08_31_0032_ev02073_rec3","no",51730
2074,3,82.9777,-87.5136782317659,-91.8085213756068,-4.29484314384095,0.699999999994816,5.84999999999525,6.34999999999764,-83.1242963145393,-9.33488281679624,14.2057992335717,11.7449475310265,82.9773,82.97645,159554,"2023_08_31_0032","2023_08_31_0032_ev02074_rec3","no",51731
2075,3,83.011,-85.4498420017618,-88.9354377792151,-3.4855957774533,1.29999999998631,7.35000000000241,6.55000000000427,-85.352034779785,-4.47473778863862,5.60939923553094,-31.1032589804396,83.0096,83.00775,160220,"2023_08_31_0032","2023_08_31_0032_ev02075_rec3","no",51732
2076,3,83.0961,-91.5411785957278,-95.6304582647383,-4.08927966901049,0.550000000004047,0.349999999997408,0.400000000013279,-87.4111471411565,-6.65154209064549,2.54908245885101,104.772128886063,83.0956,83.09505,161922,"2023_08_31_0032","2023_08_31_0032_ev02076_rec3","no",51733
2077,3,83.1193,-86.6878640865263,-89.4641761062715,-2.77631201974516,0.0999999999891088,20.2000000000027,17.7000000000049,-85641.8880752667,85557.1299930377,512834.395861573,-19.000049700934,83.1188,83.1187,162386,"2023_08_31_0032","2023_08_31_0032_ev02077_rec3","no",51734
2078,3,83.1427,-82.299402551198,-90.9086702931712,-8.6092677419732,7.05000000000666,21.0000000000008,28.7999999999897,-85.2994184176331,-6.28022467648774,8.17816448588611,-195.127865804547,83.1422,83.13445,162854,"2023_08_31_0032","2023_08_31_0032_ev02078_rec3","no",51735
2079,3,83.18735,-87.431125874324,-91.449414253329,-4.01828837900494,0.650000000007367,2.39999999999441,0,-87.288128418477,-1.42477294535513,2.16682889175451,-5.41544527391232,83.18595,83.1839,163747,"2023_08_31_0032","2023_08_31_0032_ev02079_rec3","no",51736
2080,3,83.21015,-86.7202376726585,-91.9027914714582,-5.18255379879974,1.30000000000052,30.7499999999976,30.0000000000011,-11818.6053475709,11732.2197463035,746555.972357521,-3.60982823425165,83.20975,83.2078,164203,"2023_08_31_0032","2023_08_31_0032_ev02080_rec3","no",51737
2081,3,83.25835,-89.5582060746728,-94.7812075728933,-5.22300149822053,0.550000000004047,0.599999999991496,0.650000000007367,-87.4578257236196,-7.78192381220249,0.986648200159833,53.7709776304892,83.2583,83.25765,165167,"2023_08_31_0032","2023_08_31_0032_ev02081_rec3","no",51738
2082,3,83.2968,-89.8925425510261,-97.6811470488701,-7.78860449784395,2.00000000000955,2.89999999999679,1.7999999999887,-86.8464833349056,-14.0262698589508,2.07709523319426,52.2575190797535,83.29635,83.29365,165936,"2023_08_31_0032","2023_08_31_0032_ev02082_rec3","no",51739
2083,3,83.3135,-87.5141278444858,-92.5780593255316,-5.06393148104583,0.199999999992428,30.3499999999985,25.7999999999896,-42226.9858095901,42139.9027245227,471899.195592078,-31.0213990301322,83.31235,83.31215,166270,"2023_08_31_0032","2023_08_31_0032_ev02083_rec3","no",51740
2084,3,83.3424,-88.7124415689148,-94.68001162746,-5.96757005854522,1.59999999999627,30.9000000000026,27.1000000000043,-105961.925251528,105873.422171602,1187696.25596991,-40.1021901306264,83.3419,83.33995,166848,"2023_08_31_0032","2023_08_31_0032_ev02084_rec3","no",51741
2085,3,83.3792,-89.9546330048299,-94.8565623922795,-4.90192938744953,0.600000000005707,30.3499999999985,30.0000000000011,-20538.6958143107,20451.7115490962,291661.305879367,54.8793693609716,83.379,83.3784,167584,"2023_08_31_0032","2023_08_31_0032_ev02085_rec3","no",51742
2086,3,83.4053,-89.5766355723345,-92.478335530149,-2.90169995781451,0.149999999990769,0.249999999994088,0,-87.1114155235854,-2.96096013271891,2.87665392051969,65.131208411075,83.4053,83.405,168106,"2023_08_31_0032","2023_08_31_0032_ev02086_rec3","no",51743
2087,3,83.4581,-83.7333106921634,-94.810981699397,-11.0776710072335,4.24999999999898,4.3500000000023,3.55000000000416,-87.0302365630911,-7.93794230841379,1.5488183354515,-142.685050302881,83.4577,83.4533,169162,"2023_08_31_0032","2023_08_31_0032_ev02087_rec3","no",51744
2088,3,83.5179,-86.3135263876277,-91.1928729007688,-4.87934651314107,2.89999999999679,26.6500000000036,14.8999999999972,-13408.2393157986,13321.4571946467,148689.726043125,-77.1123455403261,83.51695,83.51265,170358,"2023_08_31_0032","2023_08_31_0032_ev02088_rec3","no",51745
2089,3,83.62195,-87.3861508626894,-112.517661158744,-25.1315102960545,4.00000000000489,5.24999999998954,4.85000000000468,-88.8471675798039,-23.0547389376694,4.49763832790219,-193.666911788427,83.6217,83.61755,172439,"2023_08_31_0032","2023_08_31_0032_ev02089_rec3","no",51746
2090,3,83.68595,-87.7872990110019,-98.1641738918132,-10.3768748808113,1.25000000001307,4.19999999999732,4.79999999998881,-91.0931445827896,-8.54917264632938,1.73613187729065,-136.10885118466,83.68465,83.6834,173719,"2023_08_31_0032","2023_08_31_0032_ev02090_rec3","no",51747
2091,3,83.7418,-88.3397796057446,-94.9009574569096,-6.56117785116491,4.84999999999047,4.14999999999566,1.35000000000218,-87.479556535311,-6.94949054487882,1.79611952439649,-22.1522242796182,83.7382,83.73235,174836,"2023_08_31_0032","2023_08_31_0032_ev02091_rec3","no",51748
2092,3,83.7713,-86.3971667537822,-91.503764276893,-5.10659752311081,0.749999999996476,1.15000000000975,1.15000000000975,-85.9432389926201,-4.36885484125639,1.80670388829795,3.51593222923982,83.7713,83.7705,175426,"2023_08_31_0032","2023_08_31_0032_ev02092_rec3","no",51749
2093,3,83.8203,-87.9144637842597,-91.623213939144,-3.7087501548843,0.300000000009959,19.999999999996,17.0499999999976,-11149.3569958035,11063.7861983118,50731.228410542,-29.4076586867808,83.8203,83.8195,176406,"2023_08_31_0032","2023_08_31_0032_ev02093_rec3","no",51750
2094,3,83.84495,-89.1407955291142,-98.0114656188706,-8.87067008975642,1.7999999999887,2.29999999999109,0,-68.4704859802413,-22.8815743488314,125.840343468431,-8.86792579284689,83.8435,83.84145,176899,"2023_08_31_0032","2023_08_31_0032_ev02094_rec3","no",51751
2095,3,83.888,-84.4921167816947,-96.5445562628873,-12.0524394811926,5.79999999999359,5.90000000001112,1.89999999999202,-85.53019956296,-10.1105345255767,1.7391384358371,-91.9492383556911,83.8874,83.8815,177760,"2023_08_31_0032","2023_08_31_0032_ev02095_rec3","no",51752
2096,3,83.9173,-86.2585766419902,-92.808477013645,-6.54990037165481,1.89999999999202,31.9999999999965,30.0000000000011,-17112.5002547604,17026.2293572457,385676.789491769,-31.4978229958776,83.91675,83.91485,178346,"2023_08_31_0032","2023_08_31_0032_ev02096_rec3","no",51753
2097,3,83.97265,-91.0829395248284,-94.6054824229477,-3.5225428981193,1.04999999999222,1.95000000000789,2.29999999999109,-86.6530159477138,-6.93107510950401,12.0401818414066,53.5400540201375,83.97255,83.97115,179453,"2023_08_31_0032","2023_08_31_0032_ev02097_rec3","no",51754
2098,3,84.01245,-86.8365326159046,-96.5957863838266,-9.75925376792192,2.049999999997,0.299999999995748,0.10000000000332,-86.8278522849311,-3.73067497239575,3.08686019833218,-21.1985471039164,84.012,84.00985,180249,"2023_08_31_0032","2023_08_31_0032_ev02098_rec3","no",51755
2099,3,84.0354,-86.5174657788051,-93.0817890368274,-6.5643232580223,0.749999999996476,3.05000000000177,4.950000000008,-80.2734986185823,-10.259916811737,29.4130990435873,-11.5209817698266,84.03495,84.03385,180708,"2023_08_31_0032","2023_08_31_0032_ev02099_rec3","no",51756
2100,3,84.06865,-84.2629855396969,-93.4402220939881,-9.17723655429123,1.24999999999886,2.049999999997,1.1999999999972,-85.7100123681746,-5.69902253729283,1.09485313100103,-61.8406433713693,84.06755,84.0658,181373,"2023_08_31_0032","2023_08_31_0032_ev02100_rec3","no",51757
2101,3,84.16945,-88.0672051118155,-92.2195131011869,-4.15230798937145,0.599999999991496,1.15000000000975,0.749999999996476,-87.388030610385,-7.02630287939859,0.644273874852913,13.5622149997453,84.16935,84.1687,183389,"2023_08_31_0032","2023_08_31_0032_ev02101_rec3","no",51758
2102,3,84.2425,-87.6577277016232,-95.286726446317,-7.62899874469375,1.75000000000125,1.69999999999959,3.25000000000841,32010.4681304889,-32101.2337816134,364811.056648112,-66.4006899086561,84.2421,84.24015,184850,"2023_08_31_0032","2023_08_31_0032_ev02102_rec3","no",51759
2103,3,84.2985,-87.8695680841243,-94.1488617726496,-6.27929368852526,3.05000000000177,2.60000000000105,3.2499999999942,-83.6528594237119,-7.92112165867491,17.0369615487777,-8.63091157737971,84.29815,84.2912,185970,"2023_08_31_0032","2023_08_31_0032_ev02103_rec3","no",51760
2104,3,84.3389,-85.7114823608276,-95.4685813030945,-9.75709894226692,7.44999999999152,5.69999999999027,0,24961.8958718112,-25050.6209414716,162109.293357915,-72.5118879461517,84.33805,84.3306,186778,"2023_08_31_0032","2023_08_31_0032_ev02104_rec3","no",51761
2105,3,84.37675,-84.5770838511917,-95.7772129987462,-11.2001291475545,4.3500000000023,3.79999999999825,0,-19156.019946102,19065.5120106479,359431.716525263,-250.958523233012,84.37465,84.36855,187535,"2023_08_31_0032","2023_08_31_0032_ev02105_rec3","no",51762
2106,3,84.39945,-90.189999567448,-96.2237912603728,-6.03379169292472,1.44999999999129,3.15000000000509,2.74999999999181,-88.7308948128615,-7.47948524149528,3.87774999042751,8.59406979469577,84.3993,84.39785,187989,"2023_08_31_0032","2023_08_31_0032_ev02106_rec3","no",51763
2107,3,84.4261,-87.0693550224173,-96.7182774161948,-9.64892239377748,3.05000000000177,6.79999999999836,6.7499999999967,-89.6104672708492,-6.55958572790451,3.63380762917086,-124.09773359151,84.4252,84.42215,188522,"2023_08_31_0032","2023_08_31_0032_ev02107_rec3","no",51764
2108,3,84.45455,-87.8411988285071,-91.1509300251963,-3.30973119668914,0.900000000001455,4.99999999999545,4.00000000000489,-87.4713938523468,-6.69996439262392,2.76991051734048,-13.1651927093837,84.45345,84.4523,189091,"2023_08_31_0032","2023_08_31_0032_ev02108_rec3","no",51765
2109,3,84.4858,-87.8322552461962,-92.7059481653508,-4.87369291915456,0.399999999999068,0.349999999997408,0.249999999994088,-86.7529229618693,-5.94091461212017,0.348874936111103,29.3007504899225,84.4857,84.4853,189716,"2023_08_31_0032","2023_08_31_0032_ev02109_rec3","no",51766
2110,3,84.53395,-87.6448501383068,-95.272947165827,-7.62809702752018,1.89999999999202,5.60000000000116,5.15000000000043,-87.9320298737882,-6.92927604932644,5.13725397879036,-58.4986091801093,84.53275,84.53085,190679,"2023_08_31_0032","2023_08_31_0032_ev02110_rec3","no",51767
2111,3,84.5659,-89.4147481008981,-92.2076161230256,-2.79286802212749,0.10000000000332,30.1000000000045,29.049999999998,-29982.1040278446,29896.4347627558,181728.900087577,37.9712130485249,84.5657,84.5656,191318,"2023_08_31_0032","2023_08_31_0032_ev02111_rec3","no",51768
2112,3,84.59605,-85.2495056810072,-93.2353172289278,-7.9858115479206,4.85000000000468,5.35000000000707,3.94999999998902,-87.7963953822112,-5.8704938405326,1.48195941247626,-114.246236652208,84.59515,84.58955,191921,"2023_08_31_0032","2023_08_31_0032_ev02112_rec3","no",51769
2113,3,84.61495,-89.9484378962456,-93.2424615570941,-3.29402366084855,0.199999999992428,0.149999999990769,0,-86.1836604399854,-4.93527735857037,2.96171460883635,98.0157546608583,84.61495,84.61475,192299,"2023_08_31_0032","2023_08_31_0032_ev02113_rec3","no",51770
2114,3,84.64475,-85.4655324258937,-94.2352667539038,-8.76973432801016,1.75000000000125,4.3500000000023,3.15000000000509,-83.7001654229832,-10.3225011490838,4.35486337318397,-6.63632623342492,84.64425,84.6422,192895,"2023_08_31_0032","2023_08_31_0032_ev02114_rec3","no",51771
2115,3,84.7067,-88.1920905042535,-90.511209748708,-2.31911924445457,0.800000000012346,30.4000000000002,29.049999999998,-31394.1613490982,31308.1587735817,298288.849681002,16.9357131493151,84.70655,84.7057,194134,"2023_08_31_0032","2023_08_31_0032_ev02115_rec3","no",51772
2116,3,84.78395,-89.0186221419504,-92.7793671460046,-3.7607450040542,0.450000000000728,1.65000000001214,1.84999999999036,-87.7785109162478,-4.5844120866217,3.35163528240541,21.2758496283209,84.78395,84.78345,195679,"2023_08_31_0032","2023_08_31_0032_ev02116_rec3","no",51773
2117,3,84.80865,-87.5445236115911,-97.4322884260682,-9.88776481447714,2.15000000000032,2.09999999999866,2.3000000000053,-85.7279114643229,-8.44379410437324,5.3177880610159,-0.303149575642511,84.80845,84.8062,196173,"2023_08_31_0032","2023_08_31_0032_ev02117_rec3","no",51774
2118,3,84.85165,-90.4648991746412,-93.8725963233095,-3.4076971486683,0.500000000002387,1.1999999999972,0.950000000003115,-85.5084349496774,-8.41879538248122,3.08735888294452,121.637730348249,84.8516,84.85105,197033,"2023_08_31_0032","2023_08_31_0032_ev02118_rec3","no",51775
2119,3,84.8815,-87.6260513065047,-92.8070159874297,-5.180964680925,0.550000000004047,0.250000000008299,0,33817.2093407981,-33906.1012591713,249434.468197889,21.7187553274665,84.88145,84.8807,197630,"2023_08_31_0032","2023_08_31_0032_ev02119_rec3","no",51776
2120,3,84.90205,-86.7698956103013,-90.7870332958875,-4.01713768558618,0.250000000008299,30.0500000000028,25.3999999999905,-13339.2676519906,13253.9473560714,114567.743908377,-9.44194362618736,84.90205,84.9013,198041,"2023_08_31_0032","2023_08_31_0032_ev02120_rec3","no",51777
2121,3,84.94535,-85.4114975389157,-89.4539063526958,-4.04240881378017,0.149999999990769,0.950000000003115,1.30000000000052,-84.4626520556152,-4.38681749184165,2.25875724937529,16.9589223778074,84.94505,84.94485,198907,"2023_08_31_0032","2023_08_31_0032_ev02121_rec3","no",51778
2122,3,84.97705,-85.2700285767448,-91.5213411251657,-6.25131254842094,0.650000000007367,30.2000000000078,30.0000000000011,-39947.7239763515,39863.5663319098,475547.048128552,-7.72330983083031,84.977,84.97545,199541,"2023_08_31_0032","2023_08_31_0032_ev02122_rec3","no",51779
2123,3,85.0124,-84.4682889665876,-92.3156661987305,-7.84737723214286,2.85000000000935,12.1499999999912,10.1999999999975,-66.4239391422191,-23.1759710612625,100.786011983874,-110.336850956508,85.0049,85.002,200248,"2023_08_31_0032","2023_08_31_0032_ev02123_rec3","no",51780
2124,3,85.12275,-83.0223381405785,-91.7053146362305,-8.68297649565197,2.24999999998943,8.85000000000957,30.0000000000011,-86.3299053270934,-2.6261344178234,2.49489555450511,-140.039131464277,85.118,85.1153,202455,"2023_08_31_0032","2023_08_31_0032_ev02124_rec3","no",51781
2125,3,85.182,-83.0949979509626,-96.4355392456055,-13.3405412946429,9.15000000000532,16.9500000000085,15.1499999999913,-81.4329671377161,-12.2202216986916,24.6197751417071,-252.854483468192,85.1803,85.17095,203640,"2023_08_31_0032","2023_08_31_0032_ev02125_rec3","no",51782
2126,3,85.2435,-87.5345789591471,-92.9260177612305,-5.39143880208333,1.49999999999295,2.80000000000769,1.95000000000789,-85.0258297966796,-8.2731615700074,3.2329290884615,41.7378728230796,85.24305,85.24155,204870,"2023_08_31_0032","2023_08_31_0032_ev02126_rec3","no",51783
2127,3,85.26445,-85.282091049921,-90.4846115112305,-5.20252046130952,0.349999999997408,0.549999999989836,0.849999999999795,-85.5014223515694,-3.31779823969614,1.27489045569203,-11.6826019650412,85.26445,85.2641,205289,"2023_08_31_0032","2023_08_31_0032_ev02127_rec3","no",51784
2128,3,85.2864,-85.8052495320638,-90.0268478393555,-4.22159830729167,1.69999999999959,4.25000000001319,3.69999999999493,-85.9067435229468,-4.70862773394743,3.16215943325119,-22.8195190429689,85.2859,85.2842,205728,"2023_08_31_0032","2023_08_31_0032_ev02128_rec3","no",51785
2129,3,85.30615,-86.655382065546,-91.2475509643555,-4.59216889880952,2.39999999999441,30.6000000000068,30.0000000000011,-56059.2722455713,55974.7915327888,524862.287905044,10.4600815545947,85.3052,85.3028,206123,"2023_08_31_0032","2023_08_31_0032_ev02129_rec3","no",51786
2130,3,85.33515,-86.2484810238793,-90.3320236206055,-4.08354259672619,0.300000000009959,31.9499999999948,30.0000000000011,-11905.6596688668,11820.4075730412,220683.412267633,-5.28081258138019,85.3319,85.33135,206703,"2023_08_31_0032","2023_08_31_0032_ev02130_rec3","no",51787
2131,3,85.3448,-82.5573072887602,-92.0104904174805,-9.45318312872024,2.20000000000198,14.5499999999856,6.24999999999432,-60849.5691660711,60764.6759571017,326535.528595936,-165.124984014602,85.34475,85.3425,206896,"2023_08_31_0032","2023_08_31_0032_ev02131_rec3","no",51788
2132,3,85.37185,-85.9941678728376,-95.8251876831055,-9.83101981026786,1.05000000000643,4.54999999999472,5.30000000000541,-86.5619259859978,-10.5510662506961,4.28217523947329,-69.8383876255582,85.3716,85.3704,207437,"2023_08_31_0032","2023_08_31_0032_ev02132_rec3","no",51789
2133,3,85.46335,-92.7661637805757,-95.2148361206055,-2.44867234002976,1.15000000000975,0.749999999996476,0.349999999997408,-90.6128559237896,-7.10518253535537,0.429672952400251,59.4395228794644,85.46335,85.4622,209267,"2023_08_31_0032","2023_08_31_0032_ev02133_rec3","no",51790
2134,3,85.4859,-84.9187865484328,-93.0786056518555,-8.15981910342262,1.94999999999368,12.0000000000005,8.74999999999204,-86.8537582757734,-9.14677751674588,4.09468926289244,-143.999735514323,85.48055,85.47825,209718,"2023_08_31_0032","2023_08_31_0032_ev02134_rec3","no",51791
2135,3,85.5124,-86.4519315447126,-90.0268478393555,-3.57491629464286,0.549999999989836,2.44999999999607,0.249999999994088,-85.8020595765564,-2.51433921931129,1.09051128551615,8.9808846064975,85.5118,85.50955,210248,"2023_08_31_0032","2023_08_31_0032_ev02135_rec3","no",51792
2136,3,85.5544,-87.0986135573614,-90.3320236206055,-3.23341006324405,2.00000000000955,4.94999999999379,3.05000000000177,-87.6503680118036,-5.14405860285158,1.47316124729851,-34.3678792317709,85.55405,85.55165,211088,"2023_08_31_0032","2023_08_31_0032_ev02136_rec3","no",51793
2137,3,85.65985,-87.4037893386114,-92.9260177612305,-5.52222842261905,0.749999999996476,3.09999999998922,3.95000000000323,-88.7502296307502,-5.54812428885402,1.91414648326294,-57.7681405203684,85.6592,85.65825,213197,"2023_08_31_0032","2023_08_31_0032_ev02137_rec3","no",51794
2138,3,85.6835,-87.6435703095936,-91.2475509643555,-3.6039806547619,0.450000000000728,30.6499999999943,30.0000000000011,-46232.9123970664,46145.8854891525,753973.492160473,-11.4090332939509,85.6832,85.68275,213670,"2023_08_31_0032","2023_08_31_0032_ev02138_rec3","no",51795
2139,3,85.7107,-85.768919081915,-96.7407150268555,-10.9717959449405,2.89999999999679,5.49999999999784,4.75000000000136,-88.9944468395021,-9.44303654096806,1.95893435682678,-137.90530250186,85.71025,85.70735,214214,"2023_08_31_0032","2023_08_31_0032_ev02139_rec3","no",51796
2140,3,85.79375,-86.866098676409,-107.87963104248,-21.0135323660714,0.799999999998136,6.59999999999172,6.85000000000002,-85.6448002835066,-23.0159414608419,7.28883619146598,-162.854875837054,85.79255,85.79165,215875,"2023_08_31_0032","2023_08_31_0032_ev02140_rec3","no",51797
2141,3,85.83935,-85.31115541004,-103.91234588623,-18.6011904761905,0.849999999999795,7.99999999999557,8.35000000000719,-83.7476745733508,-19.7567635930081,9.84716014981655,-175.389608128866,85.83775,85.8366,216787,"2023_08_31_0032","2023_08_31_0032_ev02141_rec3","no",51798
2142,3,85.87565,-86.960557846796,-95.8251876831055,-8.86462983630952,3.99999999999068,2.049999999997,2.3000000000053,-88.2782616948921,-6.7424075272646,1.88320348495567,-66.2678309849328,85.87565,85.87105,217513,"2023_08_31_0032","2023_08_31_0032_ev02142_rec3","no",51799
2143,3,85.896,-84.9333187284924,-97.3510665893555,-12.4177478608631,0.749999999996476,4.30000000000064,6.90000000000168,-89.3321157383463,-9.66987103019113,1.76538251948827,-163.238162086124,85.89515,85.89435,217920,"2023_08_31_0032","2023_08_31_0032_ev02143_rec3","no",51800
2144,3,85.9169,-91.138559613909,-97.5036544799805,-6.36509486607143,1.59999999999627,1.84999999999036,0.450000000000728,-88.7197060973457,-8.06713631857027,0.854724383384253,63.8024466378348,85.9168,85.9149,218338,"2023_08_31_0032","2023_08_31_0032_ev02144_rec3","no",51801
2145,3,85.93405,-89.8306634085519,-92.0104904174805,-2.17982700892857,0.149999999990769,9.59999999999184,8.49999999999795,-13827.1790675675,13739.328873739,41911.187957308,-89.0562874930245,85.93385,85.9337,218681,"2023_08_31_0032","2023_08_31_0032_ev02145_rec3","no",51802
2146,3,85.9542,-86.560922895159,-107.116691589355,-20.5557686941964,1.09999999999388,5.84999999999525,6.69999999999504,-87.8451035178176,-24.342119069054,4.95882884087743,-179.489135742188,85.95365,85.9525,219084,"2023_08_31_0032","2023_08_31_0032_ev02146_rec3","no",51803
2147,3,86.00645,-92.33019837879,-115.356437683105,-23.0262393043155,5.89999999999691,3.29999999999586,3.2499999999942,-94.1668627451505,-27.5914639519912,2.27983205938669,-165.777115594773,86.00595,85.9977,220129,"2023_08_31_0032","2023_08_31_0032_ev02147_rec3","no",51804
2148,3,86.03945,-93.8342790149507,-95.9777755737305,-2.14349655877976,0.10000000000332,0.450000000000728,0,51687.882267974,-51780.4984236515,442551.975333223,87.9251389276415,86.0391,86.039,220789,"2023_08_31_0032","2023_08_31_0032_ev02148_rec3","no",51805
2149,3,86.0547,-91.9160312470936,-96.2829513549805,-4.3669201078869,0.299999999995748,0.849999999999795,0.749999999996476,-89.5082879738727,-7.10800015570155,1.34064222002466,61.6640363420761,86.05465,86.0543,221094,"2023_08_31_0032","2023_08_31_0032_ev02149_rec3","no",51806
2150,3,86.0824,-89.9396547589983,-94.9096603393555,-4.97000558035714,0.450000000000728,30.4000000000002,30.0000000000011,-94439.8565752097,94353.2863730224,811087.36036281,47.0068795340403,86.0822,86.0816,221648,"2023_08_31_0032","2023_08_31_0032_ev02150_rec3","no",51807
2151,3,86.11655,-90.4555471511114,-103.454582214355,-12.9990350632441,1.69999999999959,4.55000000000894,5.15000000000043,-89.0959136788627,-16.1092505593605,5.38141569263891,-57.1541559128535,86.1163,86.11455,222331,"2023_08_31_0032","2023_08_31_0032_ev02151_rec3","no",51808
2152,3,86.1431,-86.655382065546,-94.4518966674805,-7.79651460193452,4.40000000000396,4.79999999998881,1.64999999999793,-88.6829062716662,-6.32316950762986,0.814007158314542,-93.3234805152528,86.1412,86.1368,222862,"2023_08_31_0032","2023_08_31_0032_ev02152_rec3","no",51809
2153,3,86.21895,-92.0686191377186,-140.380859375,-48.3122402372814,15.2000000000072,13.9500000000083,14.5000000000124,-106.747525922394,-27.8330961639764,6.69469127328228,-1047.7260739826,86.2188,86.2026,224379,"2023_08_31_0032","2023_08_31_0032_ev02153_rec3","no",51810
2154,3,86.2813,-94.9895873296828,-104.21752166748,-9.22793433779762,2.49999999999773,4.00000000000489,2.20000000000198,-94.0475564585734,-11.6729351916667,2.24457836933808,-13.8631548200335,86.2809,86.27835,225626,"2023_08_31_0032","2023_08_31_0032_ev02154_rec3","no",51811
2155,3,86.3401,-91.233018784296,-103.30199432373,-12.0689755394345,2.15000000000032,32.3999999999955,30.0000000000011,-97.5314684108643,-9.84241957786021,2.39795370663566,-240.224202473958,86.33895,86.33665,226802,"2023_08_31_0032","2023_08_31_0032_ev02155_rec3","no",51812
2156,3,86.36515,-93.1004039219448,-108.642570495605,-15.5421665736607,1.54999999999461,9.29999999999609,10.9999999999957,65935.2815126517,-66039.2268895859,142833.579213736,-154.441288539341,86.36345,86.36185,227303,"2023_08_31_0032","2023_08_31_0032_ev02156_rec3","no",51813
2157,3,86.40065,-87.7670938400995,-103.30199432373,-15.5349004836309,1.60000000001048,6.34999999999764,30.0000000000011,-94.4622669116663,-8.37254947902494,2.2905131459456,-242.493947347005,86.39995,86.39825,228013,"2023_08_31_0032","2023_08_31_0032_ev02157_rec3","no",51814
2158,3,86.49185,-89.0095952351888,-99.3347091674805,-10.3251139322917,1.69999999999959,1.4500000000055,2.049999999997,-88.913143498961,-7.01771662591944,3.49316682832851,-28.5771687825522,86.4918,86.49005,229837,"2023_08_31_0032","2023_08_31_0032_ev02158_rec3","no",51815
2159,3,86.5083,-88.8642734345936,-93.8415451049805,-4.9772716703869,1.05000000000643,0.500000000002387,0.999999999990564,-88.0490292538124,-3.39591930121101,4.06874862040667,8.07589576357908,86.5082,86.5071,230166,"2023_08_31_0032","2023_08_31_0032_ev02159_rec3","no",51816
2160,3,86.57845,-90.4846115112305,-98.4191818237305,-7.9345703125,1.54999999999461,2.64999999998849,2.09999999999866,-91.6017708341446,-7.34001834968778,1.49640059510798,-53.5736083984375,86.57835,86.57675,231569,"2023_08_31_0032","2023_08_31_0032_ev02160_rec3","no",51817
2161,3,86.6359,-91.4001388549805,-96.7407150268555,-5.340576171875,0.199999999992428,1.80000000000291,2.34999999999275,-90.7816475777148,-4.82283133278029,3.78471071790593,-2.44522094726562,86.6355,86.6353,232718,"2023_08_31_0032","2023_08_31_0032_ev02161_rec3","no",51818
2162,3,86.6703,-89.002329145159,-100.708000183105,-11.7056710379464,1.84999999999036,13.7999999999892,5.84999999999525,-87.9440097043006,-12.7791332596136,6.7773706844931,-114.11121913365,86.6616,86.65955,233406,"2023_08_31_0032","2023_08_31_0032_ev02162_rec3","no",51819
2163,3,86.722,-90.7171263921828,-100.86058807373,-10.1434616815476,0.200000000006639,3.2499999999942,3.80000000001246,-90.3589148688084,-10.5223142550744,4.06910900398069,-40.2261643182664,86.7213,86.72,234440,"2023_08_31_0032","2023_08_31_0032_ev02163_rec3","no",51820
2164,3,86.76075,-90.9423751831055,-101.318351745605,-10.3759765625,0.700000000009027,12.0999999999896,8.49999999999795,-59691.3582244885,59602.4937215038,85615.2704741073,-262.699127197266,86.7595,86.75875,235215,"2023_08_31_0032","2023_08_31_0032_ev02164_rec3","no",51821
2165,3,86.7807,-90.1794357299805,-122.070304870605,-31.890869140625,1.50000000000716,7.05000000000666,8.04999999999723,-93.787358890245,-33.7296342760328,5.70442104481438,-342.453002929688,86.78015,86.7786,235614,"2023_08_31_0032","2023_08_31_0032_ev02165_rec3","no",51822
2166,3,86.8104,-92.5336488996233,-102.844230651855,-10.3105817522321,3.05000000000177,4.64999999999804,4.85000000000468,-95.1774206887161,-8.43763657917,2.46093401857627,-120.340074811663,86.8098,86.80645,236208,"2023_08_31_0032","2023_08_31_0032_ev02166_rec3","no",51823
2167,3,86.85655,-93.6671589442662,-108.48998260498,-14.8228236607143,1.44999999999129,3.55000000000416,3.65000000000748,-95.0917935821811,-14.7507517344095,2.8448670198866,-104.679107666016,86.856,86.8545,237131,"2023_08_31_0032","2023_08_31_0032_ev02167_rec3","no",51824
2168,3,86.8808,-94.3283731369745,-101.77611541748,-7.44774228050595,1.09999999999388,1.75000000000125,1.35000000000218,-91.9328379025823,-10.5954035487646,1.84560083339466,47.4630083356586,86.88075,86.87965,237616,"2023_08_31_0032","2023_08_31_0032_ev02168_rec3","no",51825
2169,3,86.90635,-91.71984681629,-97.5036544799805,-5.78380766369048,0.499999999988177,0.800000000012346,0.0500000000016598,-90.2811785777849,-7.21194102923405,1e-07,38.9466058640251,86.906,86.90545,238127,"2023_08_31_0032","2023_08_31_0032_ev02169_rec3","no",51826
2170,3,86.93645,-91.3420101347424,-98.7243576049805,-7.3823474702381,1.85000000000457,4.10000000000821,5.00000000000966,-85.2925050414698,-10.7492909110705,24.6938180595559,-15.6141008649556,86.93595,86.9338,238729,"2023_08_31_0032","2023_08_31_0032_ev02170_rec3","no",51827
2171,3,86.9992,-88.1449305216471,-96.7407150268555,-8.59578450520833,1.35000000000218,2.89999999999679,3.84999999999991,-90.8951426504386,-5.60830111467941,1.50122732747906,-99.6691385904946,86.99905,86.9977,239984,"2023_08_31_0032","2023_08_31_0032_ev02171_rec3","no",51828
2172,3,87.02175,-89.6998737880162,-96.7407150268555,-7.04084123883929,1.09999999999388,4.19999999999732,30.0000000000011,-92.4108824763406,-4.75544089605109,1.49247842577186,-97.8916713169645,87.0212,87.0201,240435,"2023_08_31_0032","2023_08_31_0032_ev02172_rec3","no",51829
2173,3,87.0666,-89.9687191191174,-107.26927947998,-17.3005603608631,8.64999999998872,12.8500000000003,9.45000000000107,-93.2982057469152,-15.1868040706962,5.91528988669882,-300.889878045945,87.0645,87.0552,241332,"2023_08_31_0032","2023_08_31_0032_ev02173_rec3","no",51830
2174,3,87.1174,-95.5708745320638,-102.08129119873,-6.51041666666667,0.500000000002387,0.350000000011619,0,-74.647904972392,-22.2421774118906,56.4171489434354,106.206258138021,87.1169,87.11615,242348,"2023_08_31_0032","2023_08_31_0032_ev02174_rec3","no",51831
2175,3,87.1552,-91.7634433564686,-97.5036544799805,-5.7402111235119,0.200000000006639,3.05000000000177,4.80000000000302,-89.9108598674251,-5.4738261322931,15.0046105645208,-21.2658473423547,87.15425,87.15405,243104,"2023_08_31_0032","2023_08_31_0032_ev02175_rec3","no",51832
2176,3,87.196,-91.1022291637602,-102.844230651855,-11.7420014880952,0.849999999999795,3.54999999998995,2.94999999999845,-92.2642132322756,-10.4692996514046,2.48737616920455,-75.0819614955358,87.195,87.1941,243920,"2023_08_31_0032","2023_08_31_0032_ev02176_rec3","no",51833
2177,3,87.21175,-94.8878620692662,-100.097648620605,-5.20978655133929,0.549999999989836,1.30000000000052,0.799999999998136,-89.4408236973983,-9.02137302544999,3.8839494492336,126.127515520368,87.2117,87.21015,244235,"2023_08_31_0032","2023_08_31_0032_ev02177_rec3","no",51834
2178,3,87.25075,-92.9841464814686,-100.097648620605,-7.1135021391369,1.89999999999202,10.7500000000016,1.35000000000218,-90.5066014567856,-13.3986575687295,1.39064475480051,20.9030877976193,87.2426,87.2398,245015,"2023_08_31_0032","2023_08_31_0032_ev02178_rec3","no",51835
2179,3,87.2714,-89.2929727463495,-95.5200119018555,-6.22703915550595,1.04999999999222,5.64999999998861,2.65000000000271,-91.5936673386467,-4.71695591479864,0.362200972861481,-96.9229198637462,87.26735,87.2663,245428,"2023_08_31_0032","2023_08_31_0032_ev02179_rec3","no",51836
2180,3,87.29285,-93.8924077351888,-98.2665939331055,-4.37418619791667,1.55000000000882,2.20000000000198,1.00000000000477,-89.5062192017872,-9.05534652257816,2.39854759845053,104.34341430664,87.29165,87.28915,245857,"2023_08_31_0032","2023_08_31_0032_ev02180_rec3","no",51837
2181,3,87.3129,-89.4818910871233,-94.4518966674805,-4.97000558035714,0.649999999993156,1.35000000000218,1.35000000000218,-88.9601530974557,-5.24820650521589,1.68209538548826,4.45338657924119,87.31275,87.31205,246258,"2023_08_31_0032","2023_08_31_0032_ev02181_rec3","no",51838
2182,3,87.33155,-90.1867018200102,-94.1467208862305,-3.96001906622024,0.849999999999795,24.0000000000009,20.450000000011,-41639.7684742121,41551.9299237675,223081.609115565,-15.1897612072173,87.33135,87.3305,246631,"2023_08_31_0032","2023_08_31_0032_ev02182_rec3","no",51839
2183,3,87.3885,-96.4282731555757,-109.71068572998,-13.2824125744048,0.850000000014006,5.5499999999995,5.00000000000966,-94.9523502916722,-20.1697247704198,4.33824382696272,-63.0204336983816,87.3876,87.38675,247770,"2023_08_31_0032","2023_08_31_0032_ev02183_rec3","no",51840
2184,3,87.4054,-95.3964883713495,-102.233879089355,-6.83739071800595,1.05000000000643,3.70000000000914,3.39999999999918,-88.4429161922451,-14.5704090820618,7.94283455217506,89.7476559593565,87.405,87.4039,248108,"2023_08_31_0032","2023_08_31_0032_ev02184_rec3","no",51841
2185,3,87.45595,-93.4201118832543,-102.844230651855,-9.42411876860119,1.40000000000384,4.10000000000821,3.84999999999991,-89.4606701743534,-14.3842008825865,5.83487682719231,25.137946719215,87.45585,87.45445,249119,"2023_08_31_0032","2023_08_31_0032_ev02185_rec3","no",51842
2186,3,87.489,-89.9905173892067,-100.86058807373,-10.8700706845238,0.799999999998136,3.39999999999918,3.19999999999254,-90.9079056219751,-11.1101776845052,2.52862350031972,-67.0996166410901,87.4883,87.4875,249780,"2023_08_31_0032","2023_08_31_0032_ev02186_rec3","no",51843
2187,3,87.51075,-93.1585326421828,-95.2148361206055,-2.05630347842262,0.10000000000332,1.00000000000477,0.599999999991496,-90.7821574055487,-5.89194520558108,0.944727061986901,64.5277840750558,87.51035,87.5102,250215,"2023_08_31_0032","2023_08_31_0032_ev02187_rec3","no",51844
2188,3,87.53925,-89.5254876273019,-96.2829513549805,-6.75746372767857,1.4500000000055,2.15000000000032,1.50000000000716,-87.764010757396,-8.17457380729623,2.28920665722009,27.3911608559745,87.53905,87.5375,250785,"2023_08_31_0032","2023_08_31_0032_ev02188_rec3","no",51845
2189,3,87.58465,-88.2902523222424,-100.25023651123,-11.9599841889881,1.04999999999222,6.05000000000189,7.19999999999743,-87.7084363726967,-13.5110383605673,7.23046899919552,-92.0835222516743,87.58415,87.58305,251693,"2023_08_31_0032","2023_08_31_0032_ev02189_rec3","no",51846
2190,3,87.62445,-90.5209419613793,-100.86058807373,-10.3396461123512,3.95000000000323,18.2000000000073,7.69999999999982,-35686.8585862004,35593.6435316446,241769.96924305,-167.782011486235,87.6233,87.6181,252489,"2023_08_31_0032","2023_08_31_0032_ev02190_rec3","no",51847
2191,3,87.6448,-93.9142060052781,-106.35375213623,-12.4395461309524,1.4500000000055,4.05000000000655,4.30000000000064,-80.6791724802552,-23.8388056596713,14.7988657742529,79.0002001626151,87.6447,87.6432,252896,"2023_08_31_0032","2023_08_31_0032_ev02191_rec3","no",51848
2192,3,87.69725,-87.9487460908436,-92.0104904174805,-4.0617443266369,0.10000000000332,2.25000000000364,2.15000000000032,-88.6053194687013,-3.65232110439542,1.46423964811396,-28.4461975097654,87.6965,87.69625,253945,"2023_08_31_0032","2023_08_31_0032_ev02192_rec3","no",51849
2193,3,87.73345,-90.0631782895043,-94.2993087768555,-4.23613048735119,2.70000000000437,16.5000000000077,13.4499999999917,-199934.730076395,199848.094478243,537897.935361773,-71.5330214727492,87.7334,87.73045,254669,"2023_08_31_0032","2023_08_31_0032_ev02193_rec3","no",51850
2194,3,87.764,-87.2221370878674,-102.99681854248,-15.7746814546131,1.09999999999388,11.250000000004,16.2499999999994,-84.2876936896019,-15.1117732593861,29.8826271989743,-329.848153250558,87.7542,87.75265,255280,"2023_08_31_0032","2023_08_31_0032_ev02194_rec3","no",51851
2195,3,87.7935,-90.8624481927781,-101.47093963623,-10.6084914434524,0.850000000014006,3.34999999999752,4.24999999999898,-91.7630683501945,-7.9362503153511,4.4014332776284,-68.5384841192336,87.7934,87.79255,255870,"2023_08_31_0032","2023_08_31_0032_ev02195_rec3","no",51852
2196,3,87.8207,-88.9296682448614,-101.318351745605,-12.3886835007441,1.24999999999886,3.20000000000675,3.09999999998922,-90.5654514248845,-13.051293571431,2.0820389811874,-88.4154183523997,87.8204,87.8191,256414,"2023_08_31_0032","2023_08_31_0032_ev02196_rec3","no",51853
2197,3,87.86385,-90.80431947254,-99.4872970581055,-8.68297758556548,2.50000000001194,4.24999999999898,1.35000000000218,-87.7505167403142,-7.96675800683221,5.53932770333952,19.6720301128567,87.86185,87.8592,257277,"2023_08_31_0032","2023_08_31_0032_ev02197_rec3","no",51854
2198,3,87.88255,-92.3737949189686,-96.5881271362305,-4.2143322172619,0.349999999997408,0.500000000002387,0.300000000009959,-86.6162359587013,-9.81924642763048,1.08778393034561,161.07886063712,87.8825,87.88215,257651,"2023_08_31_0032","2023_08_31_0032_ev02198_rec3","no",51855
2199,3,87.92965,-92.02502259754,-97.3510665893555,-5.32604399181548,0.950000000003115,2.09999999999866,1.20000000001141,-87.2253419821757,-8.58238936966617,5.07284796352697,88.7273152669269,87.92715,87.9262,258593,"2023_08_31_0032","2023_08_31_0032_ev02199_rec3","no",51856
2200,3,87.9935,-87.8906173706055,-96.1303634643555,-8.23974609375,0.450000000000728,30.5000000000035,30.0000000000011,-17276.5224003578,17189.1185965176,148735.105423164,-40.7447814941406,87.99325,87.9928,259870,"2023_08_31_0032","2023_08_31_0032_ev02200_rec3","no",51857
2201,3,88.0277,-88.2902523222424,-93.6889572143555,-5.3987048921131,0.200000000006639,4.64999999999804,6.20000000000687,-89.3450371678143,-5.22299108604534,3.62397360946659,-53.6457243419831,88.02735,88.0271,260554,"2023_08_31_0032","2023_08_31_0032_ev02201_rec3","no",51858
2202,3,88.0716,-89.6926076979864,-100.86058807373,-11.1679803757441,2.49999999999773,3.84999999999991,1.44999999999129,-90.177420246571,-12.841537643601,1.14221707408896,-59.414999825614,88.06995,88.06715,261432,"2023_08_31_0032","2023_08_31_0032_ev02202_rec3","no",51859
2203,3,88.0885,-89.4164962768555,-100.86058807373,-11.444091796875,3.34999999999752,2.24999999998943,1.35000000000218,-91.3186530501364,-8.75497663816477,1.00305167062708,-82.2715759277344,88.08845,88.085,261770,"2023_08_31_0032","2023_08_31_0032_ev02203_rec3","no",51860
2204,3,88.1277,-93.521837143671,-102.38646697998,-8.86462983630952,1.74999999998704,4.84999999999047,2.09999999999866,-86.8937024242899,-13.7928948906904,6.37091006292997,79.1220892043343,88.12475,88.12155,262554,"2023_08_31_0032","2023_08_31_0032_ev02204_rec3","no",51861
2205,3,88.1882,-92.7443655104864,-96.8933029174805,-4.14893740699405,0.249999999994088,0.0999999999891088,0,-90.5337138494385,-3.15899917303193,1.56025793339431,59.300558907645,88.18815,88.1875,263764,"2023_08_31_0032","2023_08_31_0032_ev02205_rec3","no",51862
2206,3,88.2154,-87.6435703095936,-104.21752166748,-16.5739513578869,2.39999999999441,3.90000000000157,2.74999999999181,-89.589860759224,-11.1872970606391,2.77730722741319,-120.852515811012,88.21485,88.21235,264308,"2023_08_31_0032","2023_08_31_0032_ev02206_rec3","no",51863
2207,3,88.2684,-85.7907173520043,-94.6044845581055,-8.81376720610119,5.5499999999995,35.9499999999997,30.0000000000011,-90.5085078783807,-6.2313982283595,1.29576170732269,-187.940143403553,88.26615,88.2603,265368,"2023_08_31_0032","2023_08_31_0032_ev02207_rec3","no",51864
2208,3,88.3271,-92.2139409383138,-95.6725997924805,-3.45865885416667,0.549999999989836,0.950000000003115,0.500000000002387,-90.6700349108609,-5.4032604515007,0.780518681143129,40.4790242513019,88.32685,88.3263,266542,"2023_08_31_0032","2023_08_31_0032_ev02208_rec3","no",51865
2209,3,88.3504,-86.4519315447126,-99.4872970581055,-13.0353655133929,1.75000000000125,4.14999999999566,3.7500000000108,-89.3642490086167,-10.578722451306,2.18740092043149,-134.27243913923,88.3497,88.3479,267008,"2023_08_31_0032","2023_08_31_0032_ev02209_rec3","no",51866
2210,3,88.3678,-89.460092817034,-95.8251876831055,-6.36509486607143,0.700000000009027,0.399999999999068,0.749999999996476,-86.5365655516657,-6.39873706220541,3.93685253535231,60.3893813541957,88.36775,88.367,267356,"2023_08_31_0032","2023_08_31_0032_ev02210_rec3","no",51867
2211,3,88.39965,-88.4937028430757,-95.9777755737305,-7.48407273065476,2.24999999998943,4.24999999999898,3.05000000000177,-87.8707030324278,-7.84639715546597,3.6108715425894,-19.8869251069568,88.3992,88.39695,267993,"2023_08_31_0032","2023_08_31_0032_ev02211_rec3","no",51868
2212,3,88.45955,-86.6989786057245,-94.6044845581055,-7.90550595238095,0.500000000002387,6.90000000000168,8.05000000001144,-87.8827740495943,-10.8729430013102,4.38459358569897,-90.9013294038317,88.45895,88.45845,269191,"2023_08_31_0032","2023_08_31_0032_ev02212_rec3","no",51869
2213,3,88.5063,-84.7807308378674,-98.2665939331055,-13.4858630952381,0.450000000000728,5.04999999999711,5.60000000000116,-87.3749347025299,-13.5070370039133,3.22768391835114,-138.088771275112,88.50525,88.5047,270126,"2023_08_31_0032","2023_08_31_0032_ev02213_rec3","no",51870
2214,3,88.54525,-89.7580025082543,-94.6044845581055,-4.84648204985119,0.299999999995748,3.64999999999327,4.10000000000821,-90.8622867701607,-5.60080889350009,1.9643058959846,-47.0464797247024,88.54485,88.54435,270905,"2023_08_31_0032","2023_08_31_0032_ev02214_rec3","no",51871
2215,3,88.5666,-89.4092301868257,-94.4518966674805,-5.04266648065476,0.699999999994816,4.19999999999732,3.20000000000675,-88.2123105061786,-6.49667949132058,4.2815686053553,0.88228498186394,88.5659,88.5647,271332,"2023_08_31_0032","2023_08_31_0032_ev02215_rec3","no",51872
2216,3,88.61245,-90.4192167009626,-92.7734298706055,-2.35421316964286,0.749999999996476,0.849999999999795,0.299999999995748,-87.769400841015,-4.10204863456941,2.01415854349669,70.6683567592075,88.61245,88.6117,272249,"2023_08_31_0032","2023_08_31_0032_ev02216_rec3","no",51873
2217,3,88.6393,-87.323862348284,-92.3156661987305,-4.99180385044643,1.14999999999554,26.1500000000012,21.2999999999965,-91141.9619726369,91056.9425058004,466993.160201589,-25.1361309596471,88.6386,88.63745,272786,"2023_08_31_0032","2023_08_31_0032_ev02217_rec3","no",51874
2218,3,88.6626,-88.3411149524507,-95.9777755737305,-7.63666062127976,0.550000000004047,3.20000000000675,3.95000000000323,-89.1750601746102,-7.31887913744045,3.0397671331526,-51.3988676525297,88.6623,88.66165,273252,"2023_08_31_0032","2023_08_31_0032_ev02218_rec3","no",51875
2219,3,88.709,-88.5227672031948,-91.8579025268555,-3.33513532366071,0.10000000000332,1.85000000000457,1.24999999999886,-87.0293735793821,-6.33496991159001,1.49246107412331,32.6821463448663,88.70825,88.7081,274180,"2023_08_31_0032","2023_08_31_0032_ev02219_rec3","no",51876
2220,3,88.7208,-86.9532917567662,-92.1630783081055,-5.20978655133929,0.199999999992428,3.39999999999918,4.05000000000655,-88.398903536209,-4.32184527888983,1.84598525544972,-57.1414402553015,88.71995,88.71975,274416,"2023_08_31_0032","2023_08_31_0032_ev02220_rec3","no",51877
2221,3,88.74985,-91.0731648036412,-96.4355392456055,-5.36237444196429,0.949999999988904,1.75000000000125,1.05000000000643,-87.2376172571866,-9.84639701973295,2.04215999834081,91.7445591517855,88.74975,88.7482,274997,"2023_08_31_0032","2023_08_31_0032_ev02221_rec3","no",51878
2222,3,88.76805,-88.3847114926293,-93.9941329956055,-5.60942150297619,0.249999999994088,0.950000000003115,0.900000000001455,-87.2984076954389,-5.18647654689139,1.81296777813791,21.5784704844157,88.76795,88.7674,275361,"2023_08_31_0032","2023_08_31_0032_ev02222_rec3","no",51879
2223,3,88.82755,-90.1576374598912,-94.9096603393555,-4.75202287946429,0.500000000002387,3.90000000000157,1.99999999999534,-87.7576647469976,-8.50495851213907,2.80397455119475,37.8597804478235,88.825,88.8244,276551,"2023_08_31_0032","2023_08_31_0032_ev02223_rec3","no",51880
2224,3,88.8863,-89.9251225789388,-97.0458908081055,-7.12076822916667,1.64999999999793,2.15000000000032,1.4500000000055,-87.3696312834405,-9.25587866211449,2.53597264645299,47.5489298502603,88.8862,88.88435,277726,"2023_08_31_0032","2023_08_31_0032_ev02224_rec3","no",51881
2225,3,88.91525,-87.4546519688198,-92.0104904174805,-4.55583844866071,1.89999999999202,2.00000000000955,0.699999999994816,-85.5258405456503,-7.82757029010695,0.901867959161856,45.7981635502409,88.9152,88.91325,278305,"2023_08_31_0032","2023_08_31_0032_ev02225_rec3","no",51882
2226,3,88.9291,-82.9787416003999,-85.9069747924805,-2.92823319208054,0.399999999999068,2.69999999999015,0,-26355.2959606025,26269.8185541088,310153.054599115,-125.763084620521,88.92605,88.9256,278582,"2023_08_31_0032","2023_08_31_0032_ev02226_rec3","no",51883
2227,3,88.9749,-89.9541869390578,-94.9096603393555,-4.95547340029762,0.949999999988904,2.60000000000105,1.34999999998797,-88.5077188699408,-9.77342685591549,1.22961579916799,19.2869277227492,88.9729,88.97185,279498,"2023_08_31_0032","2023_08_31_0032_ev02227_rec3","no",51884
2228,3,88.99935,-89.9396547589983,-94.4518966674805,-4.51224190848214,0.399999999999068,1.00000000000477,0.800000000012346,-88.1590481047839,-7.44220512875411,1.03657738088254,43.7992640904019,88.99935,88.99895,279987,"2023_08_31_0032","2023_08_31_0032_ev02228_rec3","no",51885
2229,3,89.0317,-90.2448305402483,-93.5363693237305,-3.29153878348214,1.85000000000457,4.10000000000821,2.54999999999939,-86.1477931482314,-10.3290087930857,3.81101547861213,78.3282688685827,89.03165,89.02975,280634,"2023_08_31_0032","2023_08_31_0032_ev02229_rec3","no",51886
2230,3,89.07885,-87.4546519688198,-93.3837814331055,-5.92912946428571,1.14999999999554,2.65000000000271,1.30000000000052,-87.6159894324624,-5.4136130090659,1.32168145915045,-21.9165257045199,89.07735,89.07615,281577,"2023_08_31_0032","2023_08_31_0032_ev02230_rec3","no",51887
2231,3,89.1171,-89.431028456915,-98.8769454956055,-9.44591703869048,2.20000000000198,3.5000000000025,1.85000000000457,-88.8558364257257,-9.33986982796174,2.21170720278465,-16.9445219494049,89.1169,89.1145,282342,"2023_08_31_0032","2023_08_31_0032_ev02231_rec3","no",51888
2232,3,89.13935,-89.5109554472424,-92.0104904174805,-2.4995349702381,0.299999999995748,0.749999999996476,0.600000000005707,-88.324184920408,-4.13285588650099,0.863257660017065,30.5740719749812,89.1389,89.1386,282787,"2023_08_31_0032","2023_08_31_0032_ev02232_rec3","no",51889
2233,3,89.1601,-88.7189516339983,-93.2311935424805,-4.51224190848214,2.49999999999773,2.54999999999939,0,-85.6533979115549,-4.62328484076133,9.07580749929811,46.7997959681921,89.15995,89.15745,283202,"2023_08_31_0032","2023_08_31_0032_ev02233_rec3","no",51890
2234,3,89.19485,-85.6526616414388,-94.6044845581055,-8.95182291666667,2.84999999999513,2.69999999999015,1.84999999999036,-86.0811583068602,-6.5187543021434,2.25005320716805,-39.2354329427085,89.1948,89.1917,283897,"2023_08_31_0032","2023_08_31_0032_ev02234_rec3","no",51891
2235,3,89.24845,-89.7798007783436,-92.1630783081055,-2.3832775297619,0.0999999999891088,2.09999999999866,1.49999999999295,-88.6796941003008,-3.29029409620948,2.9462989898465,22.284371512277,89.24765,89.24655,284969,"2023_08_31_0032","2023_08_31_0032_ev02235_rec3","no",51892
2236,3,89.2761,-88.0795357113793,-92.9260177612305,-4.84648204985119,1.14999999999554,3.79999999999825,2.20000000000198,-86.6287370599317,-8.53470884004844,2.26707782375248,16.3668677920387,89.27605,89.274,285522,"2023_08_31_0032","2023_08_31_0032_ev02236_rec3","no",51893
2237,3,89.33895,-86.7207768758138,-94.1467208862305,-7.42594401041667,0.849999999999795,2.09999999999866,1.10000000000809,-87.4041067285858,-6.98217768873226,0.895063948457706,-34.2992146809897,89.3387,89.33655,286779,"2023_08_31_0032","2023_08_31_0032_ev02237_rec3","no",51894
2238,3,89.3726,-85.8706443423317,-94.6044845581055,-8.73384021577381,3.55000000000416,8.90000000001123,30.0000000000011,-89.3417753546922,-6.43029354730477,1.48085953679815,-148.693266369048,89.37,89.36645,287452,"2023_08_31_0032","2023_08_31_0032_ev02238_rec3","no",51895
2239,3,89.4001,-90.3974184308733,-95.2148361206055,-4.81741768973214,0.849999999999795,0.399999999999068,0,-25.1506914534842,-64.6155388688735,326.632629095909,103.099822998047,89.39995,89.3991,288002,"2023_08_31_0032","2023_08_31_0032_ev02239_rec3","no",51896
2240,3,89.46555,-88.5590976533436,-91.2475509643555,-2.6884533110119,0.599999999991496,3.79999999999825,4.20000000001153,-84.5039280551863,-6.46448814669247,17.0753014720848,28.915404891968,89.4647,89.4635,289311,"2023_08_31_0032","2023_08_31_0032_ev02240_rec3","no",51897
2241,3,89.5357,-88.3556471325102,-93.9941329956055,-5.63848586309524,0.500000000002387,2.34999999999275,2.74999999999181,-88.3187340092385,-3.07309718366876,7.45048906106985,-28.6189488002233,89.5343,89.5338,290714,"2023_08_31_0032","2023_08_31_0032_ev02241_rec3","no",51898
2242,3,89.61635,-88.2539218720936,-93.6889572143555,-5.4350353422619,0.549999999989836,1.09999999999388,0,-82.460415039592,-7.10413696930354,18.4008589930314,65.5797314961753,89.61625,89.615,292327,"2023_08_31_0032","2023_08_31_0032_ev02242_rec3","no",51899
2243,3,89.6884,-85.8851765223912,-93.9941329956055,-8.10895647321429,1.24999999999886,3.69999999999493,30.0000000000011,-88.9864599248462,-5.30131839013275,0.983312732938931,-110.201699393136,89.6873,89.68605,293768,"2023_08_31_0032","2023_08_31_0032_ev02243_rec3","no",51900
2244,3,89.7084,-88.1667287917364,-93.0786056518555,-4.91187686011905,1.50000000000716,2.65000000000271,5.89999999999691,-86.623685567678,-4.24028782920134,25.3895114996992,-34.8483494349889,89.70805,89.70605,294168,"2023_08_31_0032","2023_08_31_0032_ev02244_rec3","no",51901
2245,3,89.72405,-88.2684540521531,-92.7734298706055,-4.50497581845238,0.550000000004047,1.54999999999461,0.850000000014006,-89.1582497744441,-3.5609272594319,0.542726787753394,-31.7702520461309,89.7234,89.72265,294481,"2023_08_31_0032","2023_08_31_0032_ev02245_rec3","no",51902
2246,3,89.74435,-86.6045194353376,-92.3156661987305,-5.71114676339286,1.85000000000457,10.1999999999975,10.3000000000009,-59.97665398115,-31.5940235919058,109.078149671136,-44.276101248605,89.7427,89.7408,294887,"2023_08_31_0032","2023_08_31_0032_ev02246_rec3","no",51903
2247,3,89.77895,-82.9133457002186,-92.6208419799805,-9.7074962797619,2.80000000000769,10.8000000000033,0,-4896.01052790868,4808.73620479842,71707.8305289238,-184.935433523995,89.7775,89.77465,295579,"2023_08_31_0032","2023_08_31_0032_ev02247_rec3","no",51904
2248,3,89.80995,-86.6481159755162,-95.6725997924805,-9.02448381696429,0.699999999994816,4.40000000000396,4.54999999999472,-86.1295870298325,-9.10872420482755,5.31334371997865,-44.4929944174632,89.80895,89.80815,296199,"2023_08_31_0032","2023_08_31_0032_ev02248_rec3","no",51905
2249,3,89.8582,-87.294797988165,-93.0786056518555,-5.78380766369048,1.30000000000052,1.00000000000477,0.749999999996476,-86.8960239932821,-5.95228199467785,0.891760714365141,-0.205267043340952,89.8566,89.85505,297164,"2023_08_31_0032","2023_08_31_0032_ev02249_rec3","no",51906
2250,3,89.897,-88.2684540521531,-96.8933029174805,-8.62484886532738,1.00000000000477,3.10000000000343,1.99999999999534,-86.0335017373374,-11.0340959447305,2.78612638597871,24.1839090983073,89.896,89.8946,297940,"2023_08_31_0032","2023_08_31_0032_ev02250_rec3","no",51907
2251,3,89.9592,-87.7380294799805,-94.2993087768555,-6.561279296875,0.300000000009959,7.49999999999318,1.69999999999959,-87.6950539200766,-7.99813431188017,1.45842265754494,-33.8211059570312,89.9551,89.9524,299184,"2023_08_31_0032","2023_08_31_0032_ev02251_rec3","no",51908
2252,3,90.0551,-86.8774904379855,-95.1244765611086,-8.24698612312307,0.900000000001455,3.19999999999254,2.25000000000364,-85.5745167437001,-10.1389570970192,2.66669346558384,3.02580072563796,90.05485,90.05325,301102,"2023_08_31_0032","2023_08_31_0032_ev02252_rec3","no",51909
2253,3,90.08975,-87.9804723978252,-94.1690998572724,-6.1886274594472,2.39999999999441,2.09999999999866,1.64999999999793,-87.1294609032633,-4.62120032016889,4.21525257577384,-1.57959026275059,90.08975,90.08735,301795,"2023_08_31_0032","2023_08_31_0032_ev02253_rec3","no",51910
2254,3,90.10505,-86.4256534244095,-93.4910941154666,-7.06544069105709,1.09999999999388,1.1999999999972,0,28392.0585063697,-28480.7964323336,174434.219090745,-1.73671881125659,90.10485,90.1037,302101,"2023_08_31_0032","2023_08_31_0032_ev02254_rec3","no",51911
2255,3,90.15805,-84.5024942071899,-88.9638331917591,-4.46133898456924,1.90000000000623,8.54999999999961,0.699999999994816,-151.038503101069,64.9574839696686,639.070288744789,-111.773453093159,90.1542,90.1523,303161,"2023_08_31_0032","2023_08_31_0032_ev02255_rec3","no",51912
2256,3,90.17465,-86.0308363382038,-94.3500817966566,-8.31924545845284,2.10000000001287,3.45000000000084,3.95000000000323,-85.7136399677809,-6.46107575999626,6.13244675122724,-42.0609099477076,90.1744,90.17225,303493,"2023_08_31_0032","2023_08_31_0032_ev02256_rec3","no",51913
2257,3,90.2427,-89.1890270942008,-97.2126355161567,-8.0236084219559,0.700000000009027,5.39999999999452,6.95000000000334,141184.074785737,-141278.904766058,366873.7899853,-1.51178379913392,90.24245,90.2414,304854,"2023_08_31_0032","2023_08_31_0032_ev02257_rec3","no",51914
2258,3,90.29585,-86.2801105920675,-94.4377594525105,-8.15764886044298,1.40000000000384,3.95000000000323,3.19999999999254,-88.0369670471847,-5.38211591597999,2.20732752719258,-71.1655787672765,90.29565,90.29365,305917,"2023_08_31_0032","2023_08_31_0032_ev02258_rec3","no",51915
2259,3,90.3287,-91.1962635543767,-96.9929655059333,-5.79670195155659,0.649999999993156,0.600000000005707,0.450000000000728,-87.1533734246863,-7.34913790047748,2.50215237073859,100.328160222576,90.32865,90.32725,306574,"2023_08_31_0032","2023_08_31_0032_ev02259_rec3","no",51916
2260,3,90.3511,-86.6125371329631,-90.8577734359682,-4.24523630300503,0.450000000000728,30.4500000000019,26.8999999999977,-22948.0871624719,22862.0834405218,282215.67718209,-19.5145789410781,90.35095,90.3505,307022,"2023_08_31_0032","2023_08_31_0032_ev02260_rec3","no",51917
2261,3,90.3984,-85.3924619137743,-93.0749382405558,-7.68247632678145,2.20000000000198,31.0499999999934,19.4000000000045,-19838.3269618206,19751.1590693117,359369.90934274,-88.5778818597252,90.39815,90.3959,307968,"2023_08_31_0032","2023_08_31_0032_ev02261_rec3","no",51918
2262,3,90.4257,-85.1529066274509,-93.5047588654699,-8.35185223801901,2.54999999999939,5.75000000000614,3.95000000000323,-87.053165757177,-6.75070339639486,2.27859071200356,-99.5738568468358,90.42455,90.42195,308514,"2023_08_31_0032","2023_08_31_0032_ev02262_rec3","no",51919
2263,3,90.4608,-87.1914369048661,-92.0132363392036,-4.82179943433746,0.150000000004979,1.40000000000384,1.60000000001048,-85.1501814156837,-6.54334413121011,2.98657478313024,39.8236359222339,90.46065,90.46015,309216,"2023_08_31_0032","2023_08_31_0032_ev02263_rec3","no",51920
2264,3,90.4844,-84.0299552393905,-89.6277185879038,-5.5977633485133,1.1999999999972,4.19999999999732,30.0000000000011,-86.5115073490463,-1.54671786645354,1.74576026453831,-83.7191233904212,90.4837,90.4824,309688,"2023_08_31_0032","2023_08_31_0032_ev02264_rec3","no",51921
2265,3,90.52845,-89.7027165608853,-96.5200512268818,-6.81733466599651,0.499999999988177,0.699999999994816,0.749999999996476,-86.8697294570277,-8.06688163734644,1.77135249665153,68.730584198112,90.5284,90.52765,310569,"2023_08_31_0032","2023_08_31_0032_ev02265_rec3","no",51922
2266,3,90.5552,-86.226966089508,-91.9220754167234,-5.69510932721539,3.10000000000343,2.54999999999939,2.09999999999866,-88.2512201873993,-4.63922379342339,0.515618454512625,-78.0596846367145,90.5549,90.5518,311104,"2023_08_31_0032","2023_08_31_0032_ev02266_rec3","no",51923
2267,3,90.58355,-86.8133067918915,-96.6127275803931,-9.79942078850161,1.59999999999627,4.54999999999472,4.54999999999472,-86.6218578159867,-9.97768499860571,4.72054182439913,-54.2994065263058,90.5835,90.5811,311671,"2023_08_31_0032","2023_08_31_0032_ev02267_rec3","no",51924
2268,3,90.6099,-86.734400122567,-89.0203250534204,-2.28592493085337,0.299999999995748,2.70000000000437,2.94999999999845,-85.8569401004017,-3.82602201206418,3.68613873965175,10.8871246994115,90.6091,90.6087,312198,"2023_08_31_0032","2023_08_31_0032_ev02268_rec3","no",51925
2269,3,90.67635,-86.3434267286213,-90.1952487506594,-3.85182202203818,1.35000000000218,31.1999999999983,30.0000000000011,-16016.5125718027,15931.3439018333,253317.108795958,-0.118516709595711,90.675,90.67295,313527,"2023_08_31_0032","2023_08_31_0032_ev02269_rec3","no",51926
2270,3,90.7576,-88.402514735002,-91.7800312283566,-3.37751649335462,0.849999999999795,30.5500000000052,30.0000000000011,-5187.95405095598,5100.8880974655,169042.650044536,24.7417475004714,90.7576,90.75655,315152,"2023_08_31_0032","2023_08_31_0032_ev02270_rec3","no",51927
2271,3,90.79405,-89.792316987306,-101.434163796614,-11.6418468093075,4.44999999999141,2.049999999997,2.60000000000105,-89.545270051449,-10.627324673272,3.08022946507245,-55.5974561055905,90.79265,90.78795,315881,"2023_08_31_0032","2023_08_31_0032_ev02271_rec3","no",51928
2272,3,90.8773,-89.0840913221493,-94.6315390997641,-5.54744777761481,0.600000000005707,9.9000000000018,11.4499999999964,169557.873221475,-169652.88845027,500452.544262296,-30.3649501845542,90.8768,90.876,317546,"2023_08_31_0032","2023_08_31_0032_ev02272_rec3","no",51929
2273,3,90.91655,-86.0439618489364,-92.4919024196568,-6.44794057072041,1.14999999999554,8.34999999999297,15.3999999999996,-87.7682072648093,-3.02204998714889,10.1474426800999,-86.3721385891419,90.91635,90.91515,318331,"2023_08_31_0032","2023_08_31_0032_ev02273_rec3","no",51930
2274,3,90.956,-85.6529612583376,-96.3279820600109,-10.6750208016733,2.3000000000053,4.54999999999472,7.14999999999577,-86.0481874929988,-6.5206562117869,11.8044934218758,-96.9526675760124,90.9559,90.95325,319120,"2023_08_31_0032","2023_08_31_0032_ev02274_rec3","no",51931
2275,3,90.98535,-86.9679085706362,-91.0396515790747,-4.07174300843853,0.799999999998136,2.09999999999866,1.80000000000291,-87.1620489242312,-4.88655048314113,1.36307286386019,-15.9480399424887,90.98505,90.9842,319707,"2023_08_31_0032","2023_08_31_0032_ev02275_rec3","no",51932
2276,3,91.0474,-90.1591662250188,-96.0520561608332,-5.89288993581438,0.650000000007367,2.15000000000032,2.20000000000198,-88.2054577614744,-7.90721250081674,3.40965303747655,28.2862048858274,91.0472,91.04655,320948,"2023_08_31_0032","2023_08_31_0032_ev02276_rec3","no",51933
2277,3,91.09565,-86.9152874307589,-94.3851453455059,-7.469857914747,1.40000000000384,4.24999999999898,8.20000000000221,-69.4816240451861,-21.9776936756893,97.0293991979204,-69.1502411572646,91.0922,91.09075,321913,"2023_08_31_0032","2023_08_31_0032_ev02277_rec3","no",51934
2278,3,91.16335,-86.7264016156259,-96.4430560533152,-9.71665443768931,2.39999999999441,1.69999999999959,0.849999999999795,-86.6481020163405,-9.58664992937625,0.879626294981371,-17.7930613081038,91.16325,91.1608,323267,"2023_08_31_0032","2023_08_31_0032_ev02278_rec3","no",51935
2279,3,91.2055,-87.161820978939,-93.170198128927,-6.00837714998801,2.049999999997,4.44999999999141,2.75000000000603,-86.9671694613261,-5.98880797198267,3.05865102840376,-24.5694989826168,91.20525,91.2026,324110,"2023_08_31_0032","2023_08_31_0032_ev02279_rec3","no",51936
2280,3,91.22465,-84.9995130873085,-88.3099898361677,-3.31047674885912,2.60000000000105,4.80000000000302,6.15000000000521,-86.0497922117658,-3.33612800653977,2.0867127896938,-57.079967967883,91.2212,91.2186,324493,"2023_08_31_0032","2023_08_31_0032_ev02280_rec3","no",51937
2281,3,91.27655,-87.3481782035636,-93.5543393085665,-6.20616110500293,2.94999999999845,2.54999999999939,2.29999999999109,-87.9441251066789,-6.99970288030708,1.62766686200103,-48.6409491085346,91.2727,91.26975,325531,"2023_08_31_0032","2023_08_31_0032_ev02281_rec3","no",51938
2282,3,91.3046,-87.5956821911529,-90.7458630274789,-3.15018083632594,0.749999999996476,3.35000000001173,2.54999999999939,-87.3172648230561,-3.96114698392135,2.53586043262167,-6.79237939393747,91.3031,91.30215,326092,"2023_08_31_0032","2023_08_31_0032_ev02282_rec3","no",51939
2283,3,91.36205,-86.7788528731909,-91.0698919510017,-4.29103907781085,0.500000000002387,18.100000000004,11.3500000000073,-89828.1521328755,89740.953401193,870403.218168412,-63.0153267093141,91.36145,91.3605,327241,"2023_08_31_0032","2023_08_31_0032_ev02283_rec3","no",51940
2284,3,91.3954,-87.1252628886799,-97.0066984763041,-9.88143558762425,1.99999999999534,1.80000000000291,3.20000000000675,-87.5451365215414,-4.91011748942194,7.61752924008088,-57.8009561269101,91.39535,91.3933,327908,"2023_08_31_0032","2023_08_31_0032_ev02284_rec3","no",51941
2285,3,91.43895,-88.2634015443609,-93.4209566154721,-5.15755507111115,0.749999999996476,1.74999999998704,0,5213.36799156294,-5303.09320189482,113017.4850612,-49.8937967834399,91.43365,91.4323,328779,"2023_08_31_0032","2023_08_31_0032_ev02285_rec3","no",51942
2286,3,91.46305,-87.0402957306208,-92.45605840812,-5.41576267749922,0.250000000008299,26.8000000000086,20.2000000000027,-46191.57550755,46104.7266430294,424183.411133135,-44.4121020882019,91.46285,91.4626,329261,"2023_08_31_0032","2023_08_31_0032_ev02286_rec3","no",51943
2287,3,91.49335,-89.1193738455999,-94.1343908112699,-5.01501696567009,2.05000000001121,2.89999999999679,1.09999999999388,-88.4269617940852,-7.55041117403881,1.02494653709417,4.48658925060055,91.4929,91.4908,329867,"2023_08_31_0032","2023_08_31_0032_ev02287_rec3","no",51944
2288,3,91.5163,-88.9141887148286,-93.3914839617947,-4.47729524696615,0.699999999994816,1.89999999999202,1.59999999999627,-87.5072922118846,-5.62910159366007,2.65979103661022,24.134026775253,91.51615,91.5153,330326,"2023_08_31_0032","2023_08_31_0032_ev02288_rec3","no",51945
2289,3,91.55485,-91.3534917186939,-96.5465231339739,-5.19303141527999,1.05000000000643,1.69999999999959,1.64999999999793,-87.4211585716586,-10.6468398967475,2.73681710495341,85.9859394268768,91.5548,91.5528,331097,"2023_08_31_0032","2023_08_31_0032_ev02289_rec3","no",51946
2290,3,91.62785,-88.7181654358642,-94.6097598472507,-5.89159441138642,0.400000000013279,30.2499999999952,30.0000000000011,-27574.6407940719,27487.7121431268,238555.54013621,0.313155260158172,91.62775,91.6273,332557,"2023_08_31_0032","2023_08_31_0032_ev02290_rec3","no",51947
2291,3,91.6515,-84.8001874239207,-96.6238620391249,-11.8236746152042,1.24999999999886,5.84999999999525,5.39999999999452,-87.5374786154709,-11.0053049128052,2.82991093599414,-139.411257780881,91.64995,91.64865,333030,"2023_08_31_0032","2023_08_31_0032_ev02291_rec3","no",51948
2292,3,91.7147,-87.8602402482372,-98.3244569453464,-10.4642166971092,0.949999999988904,4.85000000000468,7.60000000001071,61525.4927931167,-61619.03625316,259046.080313938,-89.2931037252141,91.71205,91.7111,334294,"2023_08_31_0032","2023_08_31_0032_ev02292_rec3","no",51949
2293,3,91.75565,-86.6014470789321,-91.6893166730887,-5.08786959415657,0.500000000002387,30.3499999999985,29.9999999999869,-20508.6394967366,20422.0122224998,331896.967611964,-32.112326012711,91.7552,91.75465,335113,"2023_08_31_0032","2023_08_31_0032_ev02293_rec3","no",51950
2294,3,91.78455,-87.720077449076,-93.0393535718501,-5.3192761227741,2.64999999998849,1.60000000001048,0.950000000003115,-86.211916080695,-7.19608276578279,1.30112473236885,30.5644410535709,91.7845,91.78175,335691,"2023_08_31_0032","2023_08_31_0032_ev02294_rec3","no",51951
2295,3,91.8446,-88.9158276938097,-94.035702797451,-5.11987510364133,2.3000000000053,3.34999999999752,3.34999999999752,34724.0121083173,-34815.2719150843,259010.948104496,-29.4176652258265,91.84205,91.83975,336892,"2023_08_31_0032","2023_08_31_0032_ev02295_rec3","no",51952
2296,3,91.9469,-87.7390334645086,-95.2676019985761,-7.52856853406749,1.00000000000477,1.24999999999886,3.05000000000177,-89.888203357232,-1.90510841590831,2.76137720579738,-76.5483126350282,91.9466,91.94545,338938,"2023_08_31_0032","2023_08_31_0032_ev02296_rec3","no",51953
2297,3,91.96535,-85.0633025800117,-92.5930718023506,-7.52976922233893,1.99999999999534,28.9500000000089,30.0000000000011,21196.1412090457,-21287.5986762314,208322.83755181,-177.04364731245,91.963,91.95925,339307,"2023_08_31_0032","2023_08_31_0032_ev02297_rec3","no",51954
2298,3,91.98235,-89.220552883634,-93.7283152187036,-4.50776233506957,0.300000000009959,25.1499999999965,19.8500000000053,-62829.686101374,62741.1711858942,524926.642120823,-33.9106843909502,91.98215,91.98185,339647,"2023_08_31_0032","2023_08_31_0032_ev02298_rec3","no",51955
2299,3,92.01225,-89.5868793336678,-97.8916815386923,-8.30480220502454,3.20000000000675,2.85000000000935,2.75000000000603,-84.8628544008222,-10.3152590664732,9.77252269514524,26.3653876540849,92.012,92.00835,340245,"2023_08_31_0032","2023_08_31_0032_ev02299_rec3","no",51956
2300,3,92.14685,-89.1696067716544,-94.2839185838537,-5.11431181219932,0.249999999994088,27.1499999999918,17.7499999999924,-50007.4797683536,49917.7124571255,683813.898953693,-52.3542783886697,92.1467,92.14645,342937,"2023_08_31_0032","2023_08_31_0032_ev02300_rec3","no",51957
2301,3,92.1709,-91.0930047147972,-98.2210525229127,-7.12804780811553,0.799999999998136,3.34999999999752,2.049999999997,-88.0887030346165,-8.6189655267724,4.79632772204792,36.7581089003016,92.16955,92.16875,343418,"2023_08_31_0032","2023_08_31_0032_ev02301_rec3","no",51958
2302,3,92.2239,-92.485897760394,-97.3127571613373,-4.82685940094323,1.64999999999793,1.4500000000055,0,-88.6077804464361,-4.05130602806031,11.5140861519647,69.9380226055822,92.22375,92.22065,344478,"2023_08_31_0032","2023_08_31_0032_ev02302_rec3","no",51959
2303,3,92.23795,-89.4745009978998,-95.6911205082563,-6.21661951035655,0.550000000004047,2.049999999997,2.15000000000032,-88.1758824048983,-9.52156984831273,2.22583359074636,11.2728129526382,92.23725,92.2363,344759,"2023_08_31_0032","2023_08_31_0032_ev02303_rec3","no",51960
2304,3,92.26805,-87.2579047776479,-95.420093053552,-8.1621882759041,1.15000000000975,4.24999999999898,5.89999999999691,-82.1683242225192,-11.4488684524022,17.0906060235306,-14.2571670830557,92.268,92.26685,345361,"2023_08_31_0032","2023_08_31_0032_ev02304_rec3","no",51961
2305,3,92.37795,-89.9090868434139,-94.1203187222063,-4.21123187879242,1.05000000000643,4.10000000000821,2.49999999999773,-85.6125196232638,-8.81822507749575,6.1181270694593,69.321858855992,92.37605,92.375,347559,"2023_08_31_0032","2023_08_31_0032_ev02305_rec3","no",51962
2306,3,92.4177,-89.7430174129468,-96.6074597634838,-6.86444235053699,2.79999999999347,2.89999999999679,2.89999999999679,-88.9160618513866,-6.15483238856714,4.84407821186551,-10.2496766229332,92.4177,92.4149,348354,"2023_08_31_0032","2023_08_31_0032_ev02306_rec3","no",51963
2307,3,92.44825,-89.1240449598588,-97.4800050815297,-8.35596012167088,0.650000000007367,4.80000000000302,4.3500000000023,-90.1863580868575,-7.23267034042737,3.41773249118281,-69.9403736764912,92.44625,92.44555,348965,"2023_08_31_0032","2023_08_31_0032_ev02307_rec3","no",51964
2308,3,92.4819,-88.0492081450143,-93.3979415677058,-5.34873342269148,1.30000000000052,2.20000000000198,1.40000000000384,-88.5345860232174,-4.78041533411854,1.19072603380162,-25.2547016560709,92.48165,92.4803,349638,"2023_08_31_0032","2023_08_31_0032_ev02308_rec3","no",51965
2309,3,92.5126,-88.3898273017791,-91.9009210722475,-3.51109377046835,0.849999999999795,3.69999999999493,2.94999999999845,-87.0507336531041,-5.50744732323409,4.02240911229133,11.3879987765995,92.5114,92.5105,350252,"2023_08_31_0032","2023_08_31_0032_ev02309_rec3","no",51966
2310,3,92.53325,-87.2565948457536,-93.1908249512765,-5.93423010552289,0.800000000012346,30.3499999999985,30.0000000000011,-14406.6638989155,14320.01602377,347348.31911362,-4.66546048816008,92.53305,92.53225,350665,"2023_08_31_0032","2023_08_31_0032_ev02310_rec3","no",51967
2311,3,92.5644,-87.1564352535284,-93.0305582598697,-5.87412300634134,0.649999999993156,1.09999999999388,0.900000000001455,-86.697327570028,-5.07078977743109,1.33678099878932,4.61927071907129,92.5644,92.5637,351288,"2023_08_31_0032","2023_08_31_0032_ev02311_rec3","no",51968
2312,3,92.592,-85.9234047830464,-90.6507032958298,-4.72729851278341,1.09999999999388,2.65000000000271,2.94999999999845,-85.6438195204555,-5.12315186590165,3.18809152787135,-15.6750823614899,92.5909,92.5897,351840,"2023_08_31_0032","2023_08_31_0032_ev02312_rec3","no",51969
2313,3,92.6183,-84.4693954560268,-89.0845255468666,-4.61513009083978,0.10000000000332,30.0999999999902,30.0000000000011,-5211.09045864008,5126.14623487719,195915.155023926,-26.409888331098,92.61825,92.61815,352366,"2023_08_31_0032","2023_08_31_0032_ev02313_rec3","no",51970
2314,3,92.6421,-83.8405974474162,-92.7676105042897,-8.92701305687356,3.2499999999942,3.74999999999659,1.59999999999627,-84.9749108248836,-9.31193948331772,1.09368879030657,-63.7926073996727,92.64155,92.6382,352842,"2023_08_31_0032","2023_08_31_0032_ev02314_rec3","no",51971
2315,3,92.6987,-87.1748193974909,-91.7152832694054,-4.5404638719144,0.549999999989836,1.99999999999534,1.99999999999534,-85.6927550362277,-6.29049434803803,2.93671647366242,23.0704774706801,92.69835,92.6975,353974,"2023_08_31_0032","2023_08_31_0032_ev02315_rec3","no",51972
2316,3,92.71305,-86.9589707191141,-90.6527877978885,-3.69381707877437,0.549999999989836,30.8500000000009,30.0000000000011,-55481.3013899513,55396.7001827424,464563.612774314,13.8870296589916,92.71255,92.712,354261,"2023_08_31_0032","2023_08_31_0032_ev02316_rec3","no",51973
2317,3,92.74155,-84.8924245218589,-92.5210192080122,-7.62859468615338,0.550000000004047,3.39999999999918,3.5000000000025,-84.2828463829561,-6.47121660574908,5.54861537785897,-30.4239054722179,92.73985,92.73895,354831,"2023_08_31_0032","2023_08_31_0032_ev02317_rec3","no",51974
2318,3,92.8018,-82.0943743814162,-95.6439378980367,-13.5495635166205,5.35000000000707,31.7000000000007,28.4499999999923,-5891.23563725081,5804.73067255351,273970.984432147,-179.534075585476,92.80175,92.7964,356036,"2023_08_31_0032","2023_08_31_0032_ev02318_rec3","no",51975
2319,3,92.8415,-87.9268408127313,-92.2562982640831,-4.32945745135179,0.10000000000332,30.4000000000002,30.0000000000011,-35858.3447736176,35772.1510823889,513456.586297132,19.2670125659866,92.84115,92.8409,356830,"2023_08_31_0032","2023_08_31_0032_ev02319_rec3","no",51976
2320,3,92.86005,-86.0064761637036,-90.936402181906,-4.92992601820247,1.4500000000055,5.89999999999691,6.7499999999967,-84.2069967010606,-6.80861694783897,10.6883697064041,-20.6631963696679,92.8593,92.85785,357201,"2023_08_31_0032","2023_08_31_0032_ev02320_rec3","no",51977
2321,3,92.9585,-84.9370406424817,-91.6859937982982,-6.74895315581654,2.44999999999607,1.14999999999554,3.64999999999327,-83.8731195694826,-4.71967919344836,13.0075677842397,-39.3848409683497,92.95745,92.95495,359170,"2023_08_31_0032","2023_08_31_0032_ev02321_rec3","no",51978
2322,3,92.99095,-85.3751994053643,-94.3229890630275,-8.94778965766325,2.24999999998943,31.8999999999932,25.7500000000022,-57254.7119754164,57168.8650285598,519021.538041891,-77.4139068952978,92.99035,92.98795,359819,"2023_08_31_0032","2023_08_31_0032_ev02322_rec3","no",51979
2323,3,93.0161,-84.431460974145,-94.9965529110286,-10.5650919368836,3.89999999998736,8.54999999999961,11.3000000000056,-81.0773713448006,-10.3465666752629,32.0038080425645,-123.54479350685,93.0156,93.0116,360322,"2023_08_31_0032","2023_08_31_0032_ev02323_rec3","no",51980
2324,3,93.05025,-84.5468838602944,-94.60859680977,-10.0617129494756,3.79999999999825,5.60000000000116,6.35000000001185,-87.450697228088,-4.31824586314248,3.81631618053108,-128.297185296403,93.05,93.04555,361005,"2023_08_31_0032","2023_08_31_0032_ev02324_rec3","no",51981
2325,3,93.1352,-88.6460825983146,-90.8239561283816,-2.17787353006695,0.199999999992428,0.750000000010687,0.900000000001455,-84.4391966106398,-6.01561953580306,4.81129066679289,96.9657169382676,93.1352,93.13495,362704,"2023_08_31_0032","2023_08_31_0032_ev02325_rec3","no",51982
2326,3,93.2034,-88.5120397144498,-90.8248066070723,-2.31276689262256,0.799999999998136,2.15000000000032,1.89999999999202,-86.0301151909253,-6.0913728890625,3.14730958386889,53.0050965562434,93.20335,93.2023,364068,"2023_08_31_0032","2023_08_31_0032_ev02326_rec3","no",51983
2327,3,93.24255,-86.4796843140308,-89.2311895079573,-2.75150519392649,0.399999999999068,0.950000000003115,0.749999999996476,-84.7890074871259,-5.24112476342548,1.15553219585511,43.3394331592105,93.2423,93.24185,364851,"2023_08_31_0032","2023_08_31_0032_ev02327_rec3","no",51984
2328,3,93.2912,-85.9538753627224,-88.9969069136039,-3.04303155088155,0.350000000011619,1.90000000000623,1.99999999999534,-85.1185534294903,-5.12270608628445,2.0792118852941,13.0503916773051,93.2912,93.2908,365824,"2023_08_31_0032","2023_08_31_0032_ev02328_rec3","no",51985
2329,3,93.3919,-87.9301060433046,-96.2108142062477,-8.28070816294301,2.54999999998518,0.999999999990564,0.999999999990564,-85.9798271576402,-6.95648658332724,3.1177715583188,30.5844639912654,93.39185,93.389,367838,"2023_08_31_0032","2023_08_31_0032_ev02329_rec3","no",51986
2330,3,93.42415,-88.4297093612876,-91.6610488544702,-3.23133949318257,0.399999999999068,30.7499999999976,30.0000000000011,-10554.1911496803,10467.6780400015,184592.25963731,31.0751518986884,93.424,93.4232,368483,"2023_08_31_0032","2023_08_31_0032_ev02330_rec3","no",51987
2331,3,93.4501,-88.4661981851354,-92.2953112144185,-3.82911302928304,0.150000000004979,0.799999999998136,0.649999999993156,-86.7092339150018,-5.27132844030897,1.31936112045502,44.4570959878869,93.44985,93.4497,369002,"2023_08_31_0032","2023_08_31_0032_ev02331_rec3","no",51988
2332,3,93.476,-83.0130457173692,-92.8381880749097,-9.82514235754051,3.60000000000582,21.3499999999982,30.0000000000011,4687.19903229892,-4775.5124271824,193044.445593362,-198.464680329912,93.4723,93.46825,369520,"2023_08_31_0032","2023_08_31_0032_ev02332_rec3","no",51989
2333,3,93.48995,-85.2433110523476,-93.4362401144973,-8.19292906214969,2.49999999999773,3.55000000000416,5.65000000000282,-88.2073883792391,-5.07765019706294,1.30633972918231,-109.797767889186,93.48975,93.48705,369799,"2023_08_31_0032","2023_08_31_0032_ev02333_rec3","no",51990
2334,3,93.53495,-87.263892194945,-97.2528941429078,-9.98900194796282,4.59999999999638,7.69999999999982,7.55000000000905,-84.7123579431466,-12.1730038247549,11.3555649780571,-92.533795933,93.5333,93.52855,370699,"2023_08_31_0032","2023_08_31_0032_ev02334_rec3","no",51991
2335,3,93.61045,-86.7956452232337,-93.4257187462609,-6.63007352302721,2.3000000000053,1.05000000000643,0,-79.6873682504161,-9.12698312074951,47.2372854537134,0.558512922434353,93.6104,93.60805,372209,"2023_08_31_0032","2023_08_31_0032_ev02335_rec3","no",51992
2336,3,93.71445,-85.8752996403623,-91.115653611329,-5.24035397096671,0.299999999995748,2.69999999999015,1.69999999999959,-86.3997158559039,-4.66992653582272,1.40469859201939,-29.5691478245854,93.71355,93.7121,374289,"2023_08_31_0032","2023_08_31_0032_ev02336_rec3","no",51993
2337,3,93.76715,-86.6150018599929,-96.5206829386535,-9.90568107866062,1.7999999999887,4.80000000000302,4.94999999999379,-86.2454001951576,-12.1533639957361,4.48236355328409,-58.0458619380473,93.76685,93.7647,375343,"2023_08_31_0032","2023_08_31_0032_ev02337_rec3","no",51994
2338,3,93.8193,-86.2732496655352,-93.4500859365008,-7.17683627096561,1.09999999999388,3.95000000000323,3.00000000000011,-85.8711260059059,-8.80525443449228,2.82048574730686,-24.9630531304753,93.8185,93.8163,376386,"2023_08_31_0032","2023_08_31_0032_ev02338_rec3","no",51995
2339,3,93.85645,-84.2103365017193,-90.7174788628632,-6.50714236114392,1.05000000000643,4.70000000001392,3.69999999999493,-84.6128193320617,-8.9428407186318,2.48707847300374,-45.3098221316702,93.8552,93.85415,377129,"2023_08_31_0032","2023_08_31_0032_ev02339_rec3","no",51996
2340,3,93.96605,-87.4673430670449,-91.1823506952676,-3.71500762822274,0.149999999990769,30.0999999999902,30.0000000000011,-50276.3753783589,50192.4513203305,452900.462590827,56.2791559946403,93.966,93.96575,379321,"2023_08_31_0032","2023_08_31_0032_ev02340_rec3","no",51997
2341,3,93.99485,-86.3814414066692,-90.2442774656161,-3.86283605894688,1.09999999999388,2.40000000000862,1.24999999999886,-84.1665927701895,-6.54559187451787,2.16546884429035,46.606113681544,93.99435,93.99205,379897,"2023_08_31_0032","2023_08_31_0032_ev02341_rec3","no",51998
2342,3,94.0286,-84.656959769269,-89.3580723443698,-4.70111257510077,0.700000000009027,12.5000000000028,9.60000000000605,-91.2739249914895,9.43087127610924,14.5366037260261,-83.308318345792,94.0275,94.0268,380572,"2023_08_31_0032","2023_08_31_0032_ev02342_rec3","no",51999
2343,3,94.04575,-82.1327723446446,-95.437082028466,-13.3043096838214,4.10000000000821,8.25000000000387,10.6999999999999,-85.3702110465041,-8.84265027367154,6.44572718875889,-192.758749915196,94.04505,94.04095,380915,"2023_08_31_0032","2023_08_31_0032_ev02343_rec3","no",52000
2344,3,94.0767,-86.7332079499962,-90.4348729780888,-3.70166502809253,0.699999999994816,30.6500000000085,30.0000000000011,-19927.5359214683,19842.9584490003,627526.287922669,48.893245901168,94.0766,94.0756,381534,"2023_08_31_0032","2023_08_31_0032_ev02344_rec3","no",52001
2345,3,94.1153,-84.8135220176536,-91.2185081274188,-6.40498610976522,1.1999999999972,3.2499999999942,3.09999999998922,-86.8424665559355,-3.96599884846845,1.25516781014691,-74.5125024299914,94.11445,94.11325,382306,"2023_08_31_0032","2023_08_31_0032_ev02345_rec3","no",52002
2346,3,94.154,-84.8587148886005,-92.7562414715932,-7.89752658299263,2.70000000000437,9.39999999999941,11.3500000000073,-87.5925500787085,-8.07996875828192,3.02428881239089,-133.975441064618,94.1529,94.14945,383080,"2023_08_31_0032","2023_08_31_0032_ev02346_rec3","no",52003
2347,3,94.2006,-87.9455844680695,-95.6647704353625,-7.71918596729301,1.75000000001546,4.099999999994,3.39999999999918,-86.3399796000839,-10.8284238361395,3.85700813403339,-3.57349642513492,94.20055,94.1988,384012,"2023_08_31_0032","2023_08_31_0032_ev02347_rec3","no",52004
2348,3,94.25685,-87.3461288201326,-91.9680525746011,-4.62192375446844,0.499999999988177,33.0500000000029,30.0000000000011,-23136.683245402,23050.7949704714,253135.815760527,-7.81135568348537,94.25485,94.2537,385137,"2023_08_31_0032","2023_08_31_0032_ev02348_rec3","no",52005
2349,3,94.28105,-89.681577043318,-93.9518483130974,-4.27027126977933,0.450000000000728,0.450000000000728,0.650000000007367,-86.4306744434139,-5.71648397543015,3.74064316735298,74.9970763019334,94.28095,94.28045,385621,"2023_08_31_0032","2023_08_31_0032_ev02349_rec3","no",52006
2350,3,94.31895,-86.8551973722404,-92.4494015763694,-5.59420420412891,1.39999999998963,2.44999999999607,1.49999999999295,-84.8055367163891,-7.70894580080607,2.3558361449948,35.8632110393542,94.3188,94.3166,386379,"2023_08_31_0032","2023_08_31_0032_ev02350_rec3","no",52007
2351,3,94.3805,-84.4467093900076,-87.980977737986,-3.53426834797838,0.550000000004047,3.5000000000025,3.74999999999659,-82.1289455176598,-4.91765781541129,12.22429188089,10.7694298409199,94.37975,94.3792,387610,"2023_08_31_0032","2023_08_31_0032_ev02351_rec3","no",52008
2352,3,94.4211,-82.6234314857592,-91.8705404351598,-9.24710894940054,3.95000000000323,6.149999999991,29.8999999999978,-87.1672824862419,-4.822164835661,0.946120723867126,-162.429012315703,94.42085,94.41655,388422,"2023_08_31_0032","2023_08_31_0032_ev02352_rec3","no",52009
2353,3,94.4694,-87.9927445583175,-93.6136003639232,-5.62085580560561,1.24999999999886,1.99999999999534,0.750000000010687,-88.3342638263919,-5.77662400699348,0.635051565303291,-21.7364118954522,94.46915,94.46715,389388,"2023_08_31_0032","2023_08_31_0032_ev02353_rec3","no",52010
2354,3,94.5087,-87.5672338586919,-96.1359581827356,-8.56872432404367,2.75000000000603,1.64999999999793,2.10000000001287,-87.3671344875809,-4.74754380648906,6.10348630983135,-36.8728851590739,94.5086,94.5051,390174,"2023_08_31_0032","2023_08_31_0032_ev02354_rec3","no",52011
2355,3,94.5646,-87.516430992422,-92.1435913353727,-4.62716034295067,0.549999999989836,1.75000000000125,0.900000000001455,-84.8009727588214,-5.32601053842584,4.91003211922327,46.7797782467935,94.5623,94.56175,391292,"2023_08_31_0032","2023_08_31_0032_ev02355_rec3","no",52012
2356,3,94.6062,-86.869893906214,-94.125266221079,-7.25537231486504,1.24999999999886,2.54999999999939,2.44999999999607,-86.7133429981813,-6.79625487311633,2.79159929879944,-22.7077785039806,94.60585,94.60385,392124,"2023_08_31_0032","2023_08_31_0032_ev02356_rec3","no",52013
2357,3,94.65,-90.596263164474,-94.2788647213128,-3.68260155683883,0.849999999999795,0.399999999984857,0,-87.1204063831468,-2.87570681189278,12.4571288247549,70.5523372181553,94.6499,94.64895,393000,"2023_08_31_0032","2023_08_31_0032_ev02357_rec3","no",52014
2358,3,94.6681,-86.3152531260047,-90.0220969396209,-3.70684381361616,1.34999999998797,3.05000000000177,1.85000000000457,-87.0015919902989,-3.96073423695951,1.06300033618457,-32.3456541461707,94.6676,94.66615,393362,"2023_08_31_0032","2023_08_31_0032_ev02358_rec3","no",52015
2359,3,94.6895,-85.9100859293385,-91.2982498945693,-5.38816396523083,0.949999999988904,3.5000000000025,3.20000000000675,-85.8473842992041,-7.89466639690666,2.37163889109385,-23.387937857351,94.68905,94.68805,393790,"2023_08_31_0032","2023_08_31_0032_ev02359_rec3","no",52016
2360,3,94.75555,-87.7901922328264,-97.659509897029,-9.86931766420256,1.4500000000055,2.74999999999181,1.50000000000716,-85.7885037154815,-13.3685542546446,1.71680315031298,24.122018989415,94.75515,94.75365,395111,"2023_08_31_0032","2023_08_31_0032_ev02360_rec3","no",52017
2361,3,94.7956,-84.625315006007,-92.429401246828,-7.80408624082096,2.25000000000364,6.35000000001185,7.8500000000048,-86.1302832123802,-4.58950777927259,6.54351344733518,-87.9620128490489,94.7953,94.793,395912,"2023_08_31_0032","2023_08_31_0032_ev02361_rec3","no",52018
2362,3,94.8642,-86.4290464849456,-89.8935495765129,-3.46450309156725,0.400000000013279,2.34999999999275,1.55000000000882,-84.9432055646744,-6.33774335573122,1.87785125837883,28.5372305878224,94.8636,94.8628,397284,"2023_08_31_0032","2023_08_31_0032_ev02362_rec3","no",52019
2363,3,94.8957,-83.7999274760511,-93.290026592454,-9.4900991164029,4.6000000000106,33.4999999999894,22.5500000000096,-2650.85982942672,2564.0476224991,115942.42816072,-122.876073198559,94.89565,94.89105,397914,"2023_08_31_0032","2023_08_31_0032_ev02363_rec3","no",52020
2364,3,94.9365,-92.0363837404134,-97.2881693345308,-5.25178559411745,4.10000000000821,6.05000000000189,0,29126.275633682,-29216.5704595479,414430.404442992,78.6174618107209,94.9364,94.92955,398730,"2023_08_31_0032","2023_08_31_0032_ev02364_rec3","no",52021
2365,3,95.022,-89.0379975360751,-93.0273598189177,-3.98936228284261,0.200000000006639,30.050000000017,30.0000000000011,-10980.9623373069,10894.3568069577,273603.647026518,54.882140340133,95.022,95.02165,400440,"2023_08_31_0032","2023_08_31_0032_ev02365_rec3","no",52022
2366,3,95.08875,-91.65161647996,-96.0458358742923,-4.39421939433231,3.20000000000675,2.79999999999347,0.950000000003115,-86.7849175591525,-7.88786943537426,4.76456659949319,101.142041294269,95.08855,95.08455,401775,"2023_08_31_0032","2023_08_31_0032_ev02366_rec3","no",52023
2367,3,95.1527,-83.735094065708,-92.5968097510413,-8.86171568533335,3.90000000000157,5.5499999999995,10.9000000000066,-86.9235680338073,-5.49281701057946,2.65154595018764,-138.074586378815,95.15225,95.1483,403054,"2023_08_31_0032","2023_08_31_0032_ev02367_rec3","no",52024
2368,3,95.1823,-86.5852050770709,-90.8171219588657,-4.23191688179473,0.349999999997408,16.6499999999985,12.2500000000088,-2377.11054708814,2291.0351567257,13535.4430461871,-75.7427233711585,95.1792,95.17885,403646,"2023_08_31_0032","2023_08_31_0032_ev02368_rec3","no",52025
2369,3,95.24015,-89.4958322833192,-92.2202750455589,-2.72444276223963,0.249999999994088,1.39999999998963,1.35000000000218,-87.9470334602791,-4.32942606302707,2.52173848842035,34.4533494075693,95.23995,95.2396,404803,"2023_08_31_0032","2023_08_31_0032_ev02369_rec3","no",52026
2370,3,95.28745,-87.0419956761102,-91.8452474635554,-4.80325178744526,0.149999999990769,17.7000000000049,12.6000000000062,-63957.1271712032,63870.018077705,471364.104590719,-65.1605070106707,95.2871,95.28695,405749,"2023_08_31_0032","2023_08_31_0032_ev02370_rec3","no",52027
2371,3,95.3143,-88.8144658572432,-92.1971189839925,-3.38265312674935,0.150000000004979,4.24999999999898,3.64999999999327,-87.8069206682496,-8.89507074210462,2.67885345566504,1.65225153998167,95.31335,95.3132,406286,"2023_08_31_0032","2023_08_31_0032_ev02371_rec3","no",52028
2372,3,95.33105,-87.0007094976431,-96.418235037348,-9.4175255397049,1.60000000001048,3.00000000000011,2.15000000000032,-86.3457471349563,-8.41773859504406,3.05093103869671,-15.6692952535422,95.33095,95.32935,406621,"2023_08_31_0032","2023_08_31_0032_ev02372_rec3","no",52029
2373,3,95.368,-86.0366298006617,-93.9522170150523,-7.91558721439064,3.74999999999659,4.64999999999804,1.15000000000975,-86.586874660582,-8.08889713843775,0.938633933002162,-51.4128905526381,95.3664,95.3625,407360,"2023_08_31_0032","2023_08_31_0032_ev02373_rec3","no",52030
2374,3,95.4214,-89.0155046373385,-91.948818164516,-2.9333135271775,0.149999999990769,30.2999999999969,30.0000000000011,-88.7490279914521,0.621926987734667,20.5615932727466,16.539053780854,95.42115,95.421,408428,"2023_08_31_0032","2023_08_31_0032_ev02374_rec3","no",52031
2375,3,95.4436,-88.7395105468739,-93.1067111802977,-4.36720063342385,0.399999999999068,1.69999999999959,1.75000000001546,-85.2618035179419,-8.7696969529637,3.22927562585929,74.9287172872036,95.44355,95.4431,408872,"2023_08_31_0032","2023_08_31_0032_ev02375_rec3","no",52032
2376,3,95.49125,-88.7568511930127,-90.8386337501965,-2.08178255718373,0.299999999995748,31.5499999999957,30.0000000000011,-89.034509338672,2.25377282484444,14.1941534966611,19.1256743394036,95.4898,95.48915,409825,"2023_08_31_0032","2023_08_31_0032_ev02376_rec3","no",52033
2377,3,95.5072,-83.7031071873987,-93.164528814709,-9.4614216273103,1.89999999999202,8.65000000000293,9.050000000002,-85.4076713365838,-9.2625309111584,5.51506277083542,-125.945266081994,95.5058,95.5038,410144,"2023_08_31_0032","2023_08_31_0032_ev02377_rec3","no",52034
2378,3,95.5369,-83.9148012926061,-89.2469800612334,-5.33217876862739,2.54999999999939,10.3000000000009,29.9999999999869,-86.2237111838547,-2.72364801502548,4.48004541556315,-101.612705156463,95.53505,95.53245,410738,"2023_08_31_0032","2023_08_31_0032_ev02378_rec3","no",52035
2379,3,95.56515,-85.3911265570668,-91.9435283194614,-6.55240176239465,1.94999999999368,11.099999999999,14.0499999999975,24164.443691986,-24254.6977193291,139728.63631693,-77.7209497487334,95.56485,95.56285,411303,"2023_08_31_0032","2023_08_31_0032_ev02379_rec3","no",52036
2380,3,95.60565,-89.4496712295678,-92.194562629107,-2.74489139953914,0.250000000008299,1.35000000000218,1.24999999999886,-87.4368936527034,-5.63731117453791,2.00918286810042,47.5069001673883,95.60545,95.60485,412113,"2023_08_31_0032","2023_08_31_0032_ev02380_rec3","no",52037
2381,3,95.6479,-91.8578184437234,-97.729692607297,-5.87187416357359,0.749999999996476,0.400000000013279,0.199999999992428,-87.0832328864381,-7.32383855771083,3.9321629926151,108.069785481464,95.6468,95.64565,412958,"2023_08_31_0032","2023_08_31_0032_ev02381_rec3","no",52038
2382,3,95.7324,-85.3638701498221,-93.4753441926702,-8.11147404284814,1.75000000000125,15.6999999999954,6.3999999999993,-35503.957080868,35416.4377871508,268541.493488583,-131.848776831244,95.7319,95.73015,414648,"2023_08_31_0032","2023_08_31_0032_ev02382_rec3","no",52039
2383,3,95.7557,-86.3367754723145,-99.7276595374615,-13.390884065147,1.24999999999886,3.69999999999493,3.94999999998902,-89.3755384419329,-11.9763451839839,2.15710157501275,-132.556173914989,95.75505,95.75375,415114,"2023_08_31_0032","2023_08_31_0032_ev02383_rec3","no",52040
2384,3,95.7733,-87.5088600227559,-91.4758426421293,-3.96698261937334,1.00000000000477,8.44999999999629,0,-3238.44391179569,3149.11426258043,138691.699892449,-69.1197568625502,95.7728,95.77175,415466,"2023_08_31_0032","2023_08_31_0032_ev02384_rec3","no",52041
2385,3,95.79565,-90.1708746423739,-94.959290911238,-4.78841626886405,1.95000000000789,1.35000000000218,0.749999999996476,-89.7389206035431,-4.12198950704054,1.18725649050827,1.75292749867276,95.79555,95.79245,415913,"2023_08_31_0032","2023_08_31_0032_ev02385_rec3","no",52042
2386,3,95.8127,-89.433027933849,-98.7556078279244,-9.32257989407547,2.10000000001287,1.89999999999202,0,65701.7729470991,-65793.5891921689,290204.034164445,18.7173854056861,95.81265,95.8104,416254,"2023_08_31_0032","2023_08_31_0032_ev02386_rec3","no",52043
2387,3,95.8737,-88.3222583544945,-96.1683666307816,-7.84610827628705,1.40000000000384,0.600000000005707,1.24999999999886,-87.5122515906931,-3.86954203073247,29.6969585817909,-54.8489768843746,95.87355,95.87175,417474,"2023_08_31_0032","2023_08_31_0032_ev02387_rec3","no",52044
2388,3,95.91555,-91.4712871336192,-94.8984447757647,-3.42715764214545,1.14999999999554,3.39999999999918,3.55000000000416,-88.4460320044674,-6.70771808402318,7.91780026637028,35.4085091062359,95.91505,95.9134,418311,"2023_08_31_0032","2023_08_31_0032_ev02388_rec3","no",52045
2389,3,95.9767,-88.6694427845391,-93.2945152862223,-4.62507250168312,0.150000000004979,30.1499999999919,30.0000000000011,-37476.361406248,37392.456338037,217157.675051412,64.9829709293521,95.9766,95.97645,419534,"2023_08_31_0032","2023_08_31_0032_ev02389_rec3","no",52046
2390,3,96.0056,-87.9201984291885,-91.6927605875242,-3.77256215833565,1.55000000000882,2.10000000001287,2.94999999999845,-83.5157292148901,-6.75450863600022,19.2531430679789,16.6422850036123,96.00265,96.0011,420112,"2023_08_31_0032","2023_08_31_0032_ev02390_rec3","no",52047
2391,3,96.0417,-87.9498193852329,-90.0191956049884,-2.06937621975544,0.950000000003115,3.14999999999088,2.64999999998849,-86.1198665160564,-4.90583685797682,4.16773432657833,33.4449656058268,96.0417,96.0407,420834,"2023_08_31_0032","2023_08_31_0032_ev02391_rec3","no",52048
2392,3,96.1626,-92.0437778614972,-95.6709206852655,-3.62714282376829,0.10000000000332,0.250000000008299,0,-82.0445861020747,-10.178954988524,28.0305655645193,111.921802363494,96.1624,96.16225,423252,"2023_08_31_0032","2023_08_31_0032_ev02392_rec3","no",52049
2393,3,96.20095,-89.2710090506434,-91.9165744278208,-2.64556537717731,1.30000000000052,31.0499999999934,26.4000000000095,-22926.7664411071,22838.2219299855,353803.457926232,-10.6884712707728,96.20025,96.198,424019,"2023_08_31_0032","2023_08_31_0032_ev02393_rec3","no",52050
2394,3,96.22585,-86.5057836423416,-95.2948211862745,-8.78903754393293,1.65000000001214,6.15000000000521,8.15000000000055,-88.0477289499369,-7.40455736638621,5.56241216046937,-95.9830598595662,96.2257,96.224,424517,"2023_08_31_0032","2023_08_31_0032_ev02394_rec3","no",52051
2395,3,96.2569,-86.7098699882972,-94.2511682631469,-7.54129827484969,1.44999999999129,3.10000000000343,2.44999999999607,-84.341602360062,-6.75128692694526,9.01244408538202,-0.700440131774297,96.25545,96.25355,425138,"2023_08_31_0032","2023_08_31_0032_ev02395_rec3","no",52052
2396,3,96.3045,-84.2065165004431,-95.1477234567927,-10.9412069563496,8.25000000000387,35.2500000000049,30.0000000000011,-89.7715242018717,-5.67621466113423,1.08916347083161,-225.636354715765,96.3039,96.2956,426090,"2023_08_31_0032","2023_08_31_0032_ev02396_rec3","no",52053
2397,3,96.36495,-87.8154712121016,-94.9741792764948,-7.1587080643932,1.25000000001307,2.25000000000364,2.75000000000603,-87.0957115279136,-5.34188116067236,5.94620229767385,-17.5483600991118,96.3648,96.3633,427299,"2023_08_31_0032","2023_08_31_0032_ev02397_rec3","no",52054
2398,3,96.38905,-85.0427856164359,-93.3571359778165,-8.31435036138062,1.95000000000789,1.75000000000125,1.89999999999202,-86.750789449098,-4.16149042549671,1.69540449605288,-68.2670056572132,96.38885,96.38665,427781,"2023_08_31_0032","2023_08_31_0032_ev02398_rec3","no",52055
2399,3,96.43495,-85.0972015968914,-93.2517358088377,-8.15453421194628,2.94999999999845,9.3000000000103,30.0000000000011,-88.6360311096215,-6.57663661572153,1.55044553147683,-151.904588240411,96.4313,96.42835,428699,"2023_08_31_0032","2023_08_31_0032_ev02399_rec3","no",52056
2400,3,96.5282,-88.3868558039942,-92.3098987699152,-3.92304296592101,0.849999999999795,4.80000000000302,3.95000000000323,-83.8579409249331,-7.53434292302081,17.2068502862176,18.9846044681341,96.5266,96.52485,430564,"2023_08_31_0032","2023_08_31_0032_ev02400_rec3","no",52057
2401,3,96.57255,-87.8645424798615,-94.9560918892896,-7.0915494094281,1.4500000000055,1.90000000000623,1.15000000000975,-87.0995112778376,-6.942355413723,1.60674656821943,0.110191746878053,96.57125,96.5695,431451,"2023_08_31_0032","2023_08_31_0032_ev02401_rec3","no",52058
2402,3,96.60225,-84.8267644545006,-92.4623960551866,-7.63563160068593,3.10000000000343,2.65000000000271,0.0500000000016598,-86.7141688821036,-5.74818773851096,1e-07,-69.644706462225,96.60215,96.59905,432045,"2023_08_31_0032","2023_08_31_0032_ev02402_rec3","no",52059
2403,3,96.6334,-85.509272525488,-93.1012552247584,-7.59198269927045,2.70000000000437,3.59999999999161,3.60000000000582,-87.5958064171686,-6.87604188957802,1.60015017671582,-89.1427383815437,96.63285,96.6301,432668,"2023_08_31_0032","2023_08_31_0032_ev02403_rec3","no",52060
2404,3,96.65535,-87.7623832713124,-93.6008443443616,-5.8384610730491,1.15000000000975,1.49999999999295,0.900000000001455,-86.6380764330833,-7.75024701882495,1.02809117192688,20.2573791054187,96.65515,96.65395,433107,"2023_08_31_0032","2023_08_31_0032_ev02404_rec3","no",52061
2405,3,96.694,-86.4603600026402,-88.6447800770539,-2.18442007441375,0.699999999994816,23.2500000000044,20.8999999999975,-54256.1525238591,54171.9382065478,370644.409440493,-1.53008913153134,96.69345,96.69275,433880,"2023_08_31_0032","2023_08_31_0032_ev02405_rec3","no",52062
2406,3,96.71605,-86.733548018019,-92.9138499764018,-6.18030195838286,1.4500000000055,2.3000000000053,2.05000000001121,-86.9299382256617,-4.39408958387353,2.72595073577697,-22.9552298787448,96.7158,96.71435,434321,"2023_08_31_0032","2023_08_31_0032_ev02406_rec3","no",52063
2407,3,96.74105,-88.0624755603913,-93.2280936369442,-5.16561807655286,0.249999999994088,0.399999999999068,0,14586.7971737808,-14675.904418725,185673.058352193,0.343706489658359,96.74035,96.74005,434821,"2023_08_31_0032","2023_08_31_0032_ev02407_rec3","no",52064
2408,3,96.754,-87.3317806288151,-92.5626296268738,-5.23084899805878,0.650000000007367,2.00000000000955,3.19999999999254,-84.9076221094535,-5.96045036118873,10.2088170570277,12.1374071106273,96.75395,96.75255,435080,"2023_08_31_0032","2023_08_31_0032_ev02408_rec3","no",52065
2409,3,96.79125,-86.9778206718586,-94.0502544492042,-7.07243377734565,3.39999999999918,5.25000000000375,4.24999999998477,-86.0523714601214,-8.9865441207704,4.56401128449871,-27.4714284641187,96.7911,96.787,435825,"2023_08_31_0032","2023_08_31_0032_ev02409_rec3","no",52066
2410,3,96.86275,-87.6997835655353,-92.7471734238271,-5.04738985829182,0.799999999998136,0.949999999988904,0,36893.6332958408,-36982.2273785294,297485.60725435,25.5000757248845,96.8623,96.8615,437255,"2023_08_31_0032","2023_08_31_0032_ev02410_rec3","no",52067
2411,3,96.918,-88.4056591261933,-93.3885177685527,-4.98285864235939,0.600000000005707,0.749999999996476,1.10000000000809,-86.9726598991565,-4.70698818352256,3.01484820524104,27.4354631558625,96.9179,96.91725,438360,"2023_08_31_0032","2023_08_31_0032_ev02411_rec3","no",52068
2412,3,97.00145,-83.9912422384984,-92.2572210603498,-8.26597882185139,2.49999999999773,12.6000000000062,0,-38821.1556449857,38734.0021805708,454654.964574027,-146.830168213535,97.00125,96.99875,440029,"2023_08_31_0032","2023_08_31_0032_ev02412_rec3","no",52069
2413,3,97.02755,-90.73682796342,-94.1860886125638,-3.4492606491437,0.200000000006639,0.250000000008299,0,7846.87223064049,-7936.90271786006,74341.276875907,68.3352758824408,97.0274,97.02705,440551,"2023_08_31_0032","2023_08_31_0032_ev02413_rec3","no",52070
2414,3,97.0504,-87.3699759016731,-92.2097966189339,-4.83982071726075,0.499999999988177,30.6499999999943,30.0000000000011,-12605.164202567,12519.2617158185,233534.376120459,16.2649189276114,97.0498,97.04925,441008,"2023_08_31_0032","2023_08_31_0032_ev02414_rec3","no",52071
2415,3,97.0817,-86.7107293484529,-92.3548938020203,-5.64416445356743,2.94999999999845,31.6499999999991,19.9499999999944,-25810.6436040285,25723.2728511339,358867.717873157,-66.9160708766145,97.08135,97.0779,441634,"2023_08_31_0032","2023_08_31_0032_ev02415_rec3","no",52072
2416,3,97.0994,-84.5846416702482,-94.9218828009169,-10.3372411306686,3.79999999999825,3.69999999999493,5.09999999999877,-87.9018905157942,-7.22515579133211,1.91790581582127,-133.998678216357,97.09935,97.0955,441988,"2023_08_31_0032","2023_08_31_0032_ev02416_rec3","no",52073
2417,3,97.1383,-88.893216078356,-95.749245759416,-6.85602968106006,0.849999999999795,0.850000000014006,0.749999999996476,-84.7648410838807,-10.2632199470486,1.7247937442398,102.101954722787,97.13825,97.1369,442766,"2023_08_31_0032","2023_08_31_0032_ev02417_rec3","no",52074
2418,3,97.19475,-88.2200952664639,-90.3770150272779,-2.15691976081402,0.249999999994088,1.30000000000052,0.849999999999795,-84.2005502943481,-5.23671768887146,10.4501742913127,69.032357311623,97.1946,97.1937,443895,"2023_08_31_0032","2023_08_31_0032_ev02418_rec3","no",52075
2419,3,97.2611,-86.2825288605925,-91.995468107071,-5.71293924647853,0.799999999998136,22.3000000000013,10.9999999999957,-26068.8989954763,25981.2500582578,382383.007396004,-75.0222072714312,97.261,97.25965,445222,"2023_08_31_0032","2023_08_31_0032_ev02419_rec3","no",52076
2420,3,97.29155,-85.936326232306,-96.5380327254915,-10.6017064931855,5.09999999999877,3.60000000000582,1.94999999999368,-86.1209525354451,-9.52340495912968,2.09613388422524,-59.7099340414635,97.2905,97.28535,445831,"2023_08_31_0032","2023_08_31_0032_ev02420_rec3","no",52077
2421,3,97.31995,-86.4639317687481,-88.9633471282679,-2.49941535951979,1.85000000000457,1.7999999999887,0.350000000011619,-85.2805469732797,-2.21719239636046,6.47645322907483,15.1061406627998,97.31945,97.31755,446399,"2023_08_31_0032","2023_08_31_0032_ev02421_rec3","no",52078
2422,3,97.34425,-86.1778419110854,-88.8970241986135,-2.7191822875281,0.349999999997408,1.35000000000218,1.64999999999793,-85.5842121096069,-2.76901278440365,3.04773003181926,8.51816474237282,97.34425,97.3439,446885,"2023_08_31_0032","2023_08_31_0032_ev02422_rec3","no",52079
2423,3,97.3897,-85.2121586349933,-91.8543743944086,-6.64221575941534,0.950000000003115,5.20000000000209,3.35000000001173,-85.31973263599,-7.72588192831118,2.79715518491561,-39.0742934683424,97.3874,97.38645,447794,"2023_08_31_0032","2023_08_31_0032_ev02423_rec3","no",52080
2424,3,97.421,-87.5619993638624,-90.2900958293594,-2.72809646549706,0.0999999999891088,30.2999999999969,29.9999999999869,-7732.48971278325,7647.9430627369,274743.267362797,76.8630099903295,97.4205,97.4204,448420,"2023_08_31_0032","2023_08_31_0032_ev02424_rec3","no",52081
2425,3,97.44385,-84.6232097016696,-91.9030694011889,-7.27985969951928,1.4500000000055,1.4500000000055,1.05000000000643,-84.8963149742357,-4.47880423973788,1.66628141482235,-22.740057272553,97.4438,97.4411,448877,"2023_08_31_0032","2023_08_31_0032_ev02425_rec3","no",52082
2426,3,97.4752,-85.4540372626431,-91.0969293237454,-5.64289206110232,0.749999999996476,2.40000000000862,1.75000000000125,-83.4885349305141,-7.48293545263651,2.8928678460268,29.7386307874118,97.47455,97.47255,449504,"2023_08_31_0032","2023_08_31_0032_ev02426_rec3","no",52083
2427,3,97.5095,-85.569287897732,-90.3429791588455,-4.77369126111344,0.950000000003115,4.94999999999379,0.449999999986517,-84.7075258827763,-5.43828968351179,0.633232407295345,11.6260971080684,97.50725,97.5039,450190,"2023_08_31_0032","2023_08_31_0032_ev02427_rec3","no",52084
2428,3,97.56395,-85.906274803479,-90.8817880520286,-4.97551324854967,2.20000000000198,3.95000000000323,2.80000000000769,-85.6301914935929,-6.34246073224441,2.53200434241946,-15.7723300306559,97.56365,97.56145,451279,"2023_08_31_0032","2023_08_31_0032_ev02428_rec3","no",52085
2429,3,97.6113,-89.4914089732553,-97.0932904767614,-7.60188150350611,4.85000000000468,4.3500000000023,2.24999999998943,-86.9135412103641,-13.7511228005952,2.38622383304185,16.1059957465769,97.6109,97.60605,452226,"2023_08_31_0032","2023_08_31_0032_ev02429_rec3","no",52086
2430,3,97.6524,-86.3332132364848,-91.8657902846544,-5.53257704816959,0.349999999997408,0.500000000002387,1.05000000000643,-84.5583708686827,-4.53019177619078,6.03652640387449,20.9813730704285,97.6524,97.6505,453048,"2023_08_31_0032","2023_08_31_0032_ev02430_rec3","no",52087
2431,3,97.69405,-84.5650117875445,-91.684503694704,-7.11949190715957,0.900000000001455,7.50000000000739,6.55000000000427,-84.2628098056292,-7.63769513711223,6.8364707796877,-55.3563450414438,97.69315,97.69095,453881,"2023_08_31_0032","2023_08_31_0032_ev02431_rec3","no",52088
2432,3,97.72275,-84.7756555245839,-88.3751970206866,-3.59954149610267,0.10000000000332,30.2500000000094,30.0000000000011,-2733.48172700657,2650.45867606791,143839.928646696,43.5383466331954,97.72255,97.72245,454455,"2023_08_31_0032","2023_08_31_0032_ev02432_rec3","no",52089
2433,3,97.75945,-83.5702709243049,-91.6607760462713,-8.09050512196639,2.39999999999441,0.799999999998136,6.7499999999967,23410.7455309107,-23498.1280339528,193966.630518966,-74.9933927594506,97.7592,97.75595,455189,"2023_08_31_0032","2023_08_31_0032_ev02433_rec3","no",52090
2434,3,97.8007,-88.7482659688037,-91.0333361823068,-2.2850702135031,1.00000000000477,1.34999999998797,0.600000000005707,-85.8515347583438,-6.12140006838864,1.19384637828706,77.850219740609,97.7993,97.79805,456014,"2023_08_31_0032","2023_08_31_0032_ev02434_rec3","no",52091
2435,3,97.84735,-86.1637069968994,-90.4078387862515,-4.24413178935214,2.34999999999275,30.2999999999969,30.0000000000011,-8342.08994224772,8258.09499883966,327431.936615839,46.7142353766581,97.84715,97.8448,456947,"2023_08_31_0032","2023_08_31_0032_ev02435_rec3","no",52092
2436,3,97.86895,-84.2078978300213,-90.8350605568131,-6.62716272679178,0.500000000002387,1.1999999999972,1.14999999999554,-84.8456258000474,-7.81999637388661,0.774330417671034,-30.2507575039018,97.8687,97.8673,457379,"2023_08_31_0032","2023_08_31_0032_ev02436_rec3","no",52093
2437,3,97.887,-85.1700623244205,-88.9955143349566,-3.82545201053615,1.24999999999886,4.6999999999997,3.79999999999825,-82.0634300176429,-9.27385869277223,5.30596738055867,37.6552066947665,97.8864,97.88515,457740,"2023_08_31_0032","2023_08_31_0032_ev02437_rec3","no",52094
2438,3,97.93965,-82.7554550125304,-89.5476762261691,-6.79222121363863,4.69999999998549,16.200000000012,20.2499999999901,-76.233945520076,-11.5567884750589,82.3317409104289,-126.045865131868,97.9376,97.9327,458793,"2023_08_31_0032","2023_08_31_0032_ev02438_rec3","no",52095
2439,3,97.989,-84.1075326636542,-90.7559005540263,-6.64836789037211,1.35000000000218,31.0499999999934,24.799999999999,-91.8868370936736,6.99098039842325,90.7249800521369,-60.0013650031571,97.98895,97.9873,459780,"2023_08_31_0032","2023_08_31_0032_ev02439_rec3","no",52096
2440,3,98.01125,-83.7524522228815,-95.1682921602979,-11.4158399374164,4.39999999998975,1.30000000001473,0,-85.0710066894663,-2.62559501587597,2.42234202568979,-79.9952241133074,98.00965,98.00435,460225,"2023_08_31_0032","2023_08_31_0032_ev02440_rec3","no",52097
2441,3,98.03625,-85.362804289708,-90.2782465930861,-4.91544230337814,0.799999999998136,1.95000000000789,2.75000000000603,-84.8375482582672,-3.53032663252927,6.69544807949195,-11.2492252673284,98.03595,98.03515,460725,"2023_08_31_0032","2023_08_31_0032_ev02441_rec3","no",52098
2442,3,98.07725,-84.5972571751408,-92.9429703111278,-8.34571313598701,1.59999999999627,2.09999999999866,1.14999999999554,-84.7339971350152,-6.17556963378548,1.56926329876513,-27.9876992257598,98.07625,98.0735,461545,"2023_08_31_0032","2023_08_31_0032_ev02442_rec3","no",52099
2443,3,98.0951,-86.9038008081622,-88.925444810571,-2.02164400240881,0.10000000000332,30.2999999999827,29.9999999999869,-32150.9085316946,32066.8832319268,270830.157234256,31.978076748265,98.09465,98.09455,461902,"2023_08_31_0032","2023_08_31_0032_ev02443_rec3","no",52100
2444,3,98.12255,-84.4161728897822,-89.8921323581589,-5.47595946837667,2.15000000000032,5.65000000000282,3.05000000000177,-83.995680778712,-5.59487575004562,3.71597271182536,-26.1647306233135,98.1206,98.1184,462451,"2023_08_31_0032","2023_08_31_0032_ev02444_rec3","no",52101
2445,3,98.18765,-85.986505094204,-96.6278348280764,-10.6413297338724,1.24999999999886,2.35000000000696,1.84999999999036,-87.4511600592051,-9.93879572791937,1.32977409912546,-66.7730593452971,98.1875,98.1862,463753,"2023_08_31_0032","2023_08_31_0032_ev02445_rec3","no",52102
2446,3,98.2032,-88.7826524751026,-92.3300426175858,-3.54739014248315,0.349999999997408,1.50000000000716,1.55000000000882,-87.1422839981749,-5.53023010903429,2.49951007937899,34.3381718966499,98.2031,98.2026,464064,"2023_08_31_0032","2023_08_31_0032_ev02446_rec3","no",52103
2447,3,98.2191,-87.4648887673226,-89.8857446306502,-2.42085586332756,0.199999999992428,0.299999999995748,0,5435.66341232809,-5523.68915596685,79248.4434256088,13.2636271715189,98.21885,98.21865,464382,"2023_08_31_0032","2023_08_31_0032_ev02447_rec3","no",52104
2448,3,98.26985,-93.5530577040319,-96.3931897815566,-2.84013207752473,1.25000000001307,1.24999999999886,0,-83.2376403872346,-10.3449301650381,15.1603428209914,187.641010178772,98.26935,98.2638,465397,"2023_08_31_0032","2023_08_31_0032_ev02448_rec3","no",52105
2449,3,98.3151,-86.420851185024,-92.062493448359,-5.64164226333494,0.399999999999068,0.150000000004979,0.399999999999068,-84.0001136494229,-4.99012025732576,4.035516181951,51.0828526529411,98.31505,98.31455,466302,"2023_08_31_0032","2023_08_31_0032_ev02449_rec3","no",52106
2450,3,98.4096,-81.3225583814877,-92.5291386166311,-11.2065802351434,3.00000000000011,10.9000000000066,14.0999999999991,-81.9376702248805,-8.47374134222819,16.121123209976,-155.69585277607,98.4095,98.40645,468192,"2023_08_31_0032","2023_08_31_0032_ev02450_rec3","no",52107
2451,3,98.4586,-82.1134516138689,-93.2425580835514,-11.1291064696826,9.39999999999941,13.0500000000069,20.0999999999851,5008.90476833111,-5098.49865413835,30501.8617848389,-261.000348241241,98.45185,98.4402,469172,"2023_08_31_0032","2023_08_31_0032_ev02451_rec3","no",52108
2452,3,98.47725,-87.1709679153266,-91.7073562034451,-4.53638828811849,0.749999999996476,0.950000000003115,0.849999999999795,-85.0653057914942,-6.75821131655498,1.43045830569789,51.680631476141,98.47725,98.47645,469545,"2023_08_31_0032","2023_08_31_0032_ev02452_rec3","no",52109
2453,3,98.52245,-87.8094186861096,-94.2782046592065,-6.46878597309689,2.20000000001619,0.249999999994088,0.349999999997408,-86.2281021725778,-5.63261969341561,0.974631379397293,39.3143564995145,98.52245,98.5194,470449,"2023_08_31_0032","2023_08_31_0032_ev02453_rec3","no",52110
2454,3,98.5493,-85.4304833474317,-94.4867330906497,-9.05624974321796,2.70000000000437,30.3000000000111,30.0000000000011,-18997.8749428474,18913.2105425808,285378.848610145,-16.644160348116,98.54925,98.5465,470986,"2023_08_31_0032","2023_08_31_0032_ev02454_rec3","no",52111
2455,3,98.57815,-86.5564714990131,-90.7296101769499,-4.17313867793678,1.40000000000384,0.950000000003115,0.299999999995748,-84.3343303480129,-6.54351916590782,0.531319266255601,61.2187789713655,98.57815,98.5767,471563,"2023_08_31_0032","2023_08_31_0032_ev02455_rec3","no",52112
2456,3,98.62135,-86.1240703244254,-91.8367603367994,-5.71269001237398,0.500000000002387,32.3000000000064,19.2499999999995,-90.5641939108615,4.87090216239687,26.035042884034,-55.2211524129221,98.6193,98.61815,472427,"2023_08_31_0032","2023_08_31_0032_ev02456_rec3","no",52113
2457,3,98.63805,-90.0875284189687,-93.2917322168121,-3.20420379784338,1.1999999999972,0.750000000010687,0.849999999999795,-85.0742597443442,-6.81927097645753,9.00336271606667,87.6685817183216,98.638,98.63615,472761,"2023_08_31_0032","2023_08_31_0032_ev02457_rec3","no",52114
2458,3,98.68845,-83.3423255281138,-87.465797904212,-4.12347237609819,0.199999999992428,32.4999999999989,29.6499999999895,-29903.0495276474,29820.5807985312,368570.86043585,-18.550732443015,98.6868,98.68585,473769,"2023_08_31_0032","2023_08_31_0032_ev02458_rec3","no",52115
2459,3,98.7075,-84.2137236811383,-86.7715117200695,-2.55778803893125,1.49999999999295,1.4500000000055,0.849999999999795,-83.5081917843781,-3.36245705063371,1.20344365267909,14.7332704534885,98.7075,98.706,474150,"2023_08_31_0032","2023_08_31_0032_ev02459_rec3","no",52116
2460,3,98.7445,-85.8665388864558,-95.5304034193528,-9.66386453289709,5.60000000000116,4.00000000000489,1.74999999998704,-85.4016410858473,-10.6282466838558,1.80516400745349,-30.4242193425823,98.74445,98.7381,474890,"2023_08_31_0032","2023_08_31_0032_ev02460_rec3","no",52117
2461,3,98.79275,-86.8398651596796,-91.3404151264342,-4.5005499667546,0.500000000016598,2.44999999999607,1.24999999999886,-85.4301154804227,-6.37653592555612,1.74712403138821,26.5672762363288,98.79215,98.79045,475855,"2023_08_31_0032","2023_08_31_0032_ev02461_rec3","no",52118
2462,3,98.8464,-84.2993546590418,-89.9858834303757,-5.68652877133387,1.85000000000457,10.4000000000042,12.1000000000038,-83.9142458019947,-6.55611446318849,12.5154050907968,-72.2482159809028,98.8458,98.8438,476928,"2023_08_31_0032","2023_08_31_0032_ev02462_rec3","no",52119
2463,3,98.93465,-85.3844935534927,-92.6809421915244,-7.29644863803168,3.2499999999942,3.15000000000509,0.950000000003115,-84.8024398326657,-5.94993058083019,1.60102501495116,-6.10075464480065,98.93365,98.93015,478693,"2023_08_31_0032","2023_08_31_0032_ev02463_rec3","no",52120
2464,3,98.9996,-85.9437009123274,-95.2847262881463,-9.34102537581892,2.85000000000935,2.44999999999607,5.44999999999618,84359.2464525907,-84450.0810452547,320383.682421612,-50.7419154718838,98.99875,98.99565,479992,"2023_08_31_0032","2023_08_31_0032_ev02464_rec3","no",52121
2465,3,99.04195,-86.8082834780372,-91.857929768193,-5.04964629015578,3.54999999998995,4.90000000000634,2.09999999999866,-82.2794628259618,-8.35994570954592,7.80351576157365,67.6442154139317,99.04185,99.0382,480839,"2023_08_31_0032","2023_08_31_0032_ev02465_rec3","no",52122
2466,3,99.07985,-84.0859284237372,-90.3263531829595,-6.24042475922232,0.999999999990564,0.649999999993156,0,19011.9081464855,-19097.7631867274,104340.755134196,23.6700540090474,99.07935,99.0782,481597,"2023_08_31_0032","2023_08_31_0032_ev02466_rec3","no",52123
2467,3,99.1132,-83.3215693967738,-89.0138716742896,-5.69230227751584,1.50000000000716,28.7500000000023,18.6000000000064,-43852.834408975,43768.9456309807,529336.495314699,-58.8728331779688,99.11315,99.111,482264,"2023_08_31_0032","2023_08_31_0032_ev02467_rec3","no",52124
2468,3,99.14635,-85.8218519821634,-90.835265677941,-5.01341369577763,1.75000000000125,30.3499999999985,30.0000000000011,-26227.8750192501,26144.8124370977,853381.247909335,63.8445940663416,99.1462,99.14435,482927,"2023_08_31_0032","2023_08_31_0032_ev02468_rec3","no",52125
2469,3,99.176,-82.7955029337991,-92.1182212321863,-9.3227182983872,2.54999999999939,30.3000000000111,30.0000000000011,-85.3926455187808,0.804060600074036,22.0172978282847,-76.4807444946647,99.17595,99.17335,483520,"2023_08_31_0032","2023_08_31_0032_ev02469_rec3","no",52126
2470,3,99.19645,-84.4768647079263,-91.452743739444,-6.97587903151775,0.550000000004047,1.59999999999627,1.69999999999959,-84.3251978116097,-7.7825730643249,1.61543540434438,-15.0150714345195,99.1964,99.19395,483929,"2023_08_31_0032","2023_08_31_0032_ev02470_rec3","no",52127
2471,3,99.2301,-83.5266612643376,-90.844872344642,-7.31821108030437,9.50000000000273,10.4500000000058,1.40000000000384,-83.4987281367444,-8.66951363306324,1.19444955815314,-48.3462399139333,99.23,99.2182,484602,"2023_08_31_0032","2023_08_31_0032_ev02471_rec3","no",52128
2472,3,99.3183,-84.8079363608374,-91.9405414440226,-7.13260508318527,2.40000000000862,3.39999999999918,3.05000000000177,-83.8428231623118,-7.38449112652464,4.25548196769192,-10.4363686662722,99.3177,99.3149,486366,"2023_08_31_0032","2023_08_31_0032_ev02472_rec3","no",52129
2473,3,99.34555,-84.4695380854043,-91.020604830468,-6.55106674506375,1.85000000000457,1.30000000000052,0.699999999994816,-84.1294355692712,-4.26764659611993,1.55411862850808,-3.22583115234136,99.34545,99.343,486911,"2023_08_31_0032","2023_08_31_0032_ev02473_rec3","no",52130
2474,3,99.38125,-83.4441197461286,-89.4293542444938,-5.9852344983652,3.35000000001173,6.50000000000261,30.0000000000011,-85.9381410224272,-3.3641976373338,2.83363010050622,-107.479285927696,99.37845,99.3748,487625,"2023_08_31_0032","2023_08_31_0032_ev02474_rec3","no",52131
2475,3,99.40945,-87.4797281416122,-91.9954242053126,-4.51569606370039,0.650000000007367,2.15000000000032,1.25000000001307,-84.8596134384068,-7.46850162262092,2.26276329991853,59.5041835425833,99.40915,99.40815,488189,"2023_08_31_0032","2023_08_31_0032_ev02475_rec3","no",52132
2476,3,99.50435,-84.9492662806307,-91.0492947634703,-6.10002848283955,0.950000000003115,1.95000000000789,2.49999999999773,-85.1587553994091,-4.87199513019059,2.90657670453799,-25.0848541762453,99.5042,99.5022,490087,"2023_08_31_0032","2023_08_31_0032_ev02476_rec3","no",52133
2477,3,99.52415,-85.3016794476451,-87.9247479774196,-2.6230685297745,2.85000000000935,2.70000000000437,0,66.5259879817181,-152.32123626529,929.435522772939,49.222530254148,99.5232,99.52025,490483,"2023_08_31_0032","2023_08_31_0032_ev02477_rec3","no",52134
2478,3,99.5561,-83.8950826578854,-88.0832907764987,-4.18820811861332,0.10000000000332,0.349999999997408,0.599999999991496,-79.195956326458,-6.49773763102768,14.773235836128,56.1563754303633,99.55565,99.55555,491122,"2023_08_31_0032","2023_08_31_0032_ev02478_rec3","no",52135
2479,3,99.59305,-84.2545460493653,-89.9285413893497,-5.67399533998436,0.550000000004047,0.499999999988177,0.700000000009027,-83.0944941109587,-3.95916820208841,3.58518373962095,18.8550624462339,99.593,99.5923,491861,"2023_08_31_0032","2023_08_31_0032_ev02479_rec3","no",52136
2480,3,99.6463,-87.7945950293324,-94.1399371326124,-6.34534210327999,0.749999999996476,1.09999999999388,0.550000000004047,-84.084229483478,-8.63016567460078,1.53731084977856,95.2568472124673,99.64625,99.6453,492926,"2023_08_31_0032","2023_08_31_0032_ev02480_rec3","no",52137
2481,3,99.68385,-82.6906573959838,-90.0959751073063,-7.40531771132247,1.05000000000643,4.44999999999141,4.50000000000728,-82.3253211846936,-9.6130470724956,3.99078362950077,-35.9128677671461,99.68335,99.6823,493677,"2023_08_31_0032","2023_08_31_0032_ev02481_rec3","no",52138
2482,3,99.74625,-84.4380244497479,-89.9669980008683,-5.52897355112042,0.399999999999068,2.64999999998849,1.85000000000457,-83.453368450219,-8.18118295176713,1.86761818194567,9.6751962994374,99.7456,99.744,494925,"2023_08_31_0032","2023_08_31_0032_ev02482_rec3","no",52139
2483,3,99.80465,-87.1011358588229,-89.348408821454,-2.2472729626311,0.450000000000728,1.35000000000218,0.950000000003115,-83.093119783223,-7.32263221619184,2.34190753542272,100.556606300234,99.80365,99.8032,496093,"2023_08_31_0032","2023_08_31_0032_ev02483_rec3","no",52140
2484,3,99.84895,-84.1551722742261,-90.0610918127032,-5.90591953847708,0.349999999997408,1.65000000001214,2.29999999999109,-82.7663955338541,-4.96216749801578,6.97815065429522,4.02773954660905,99.84845,99.84785,496979,"2023_08_31_0032","2023_08_31_0032_ev02484_rec3","no",52141
2485,3,99.884,-84.3129919686711,-87.9993671049713,-3.6863751363002,1.05000000000643,3.15000000000509,3.29999999999586,-82.7647566054231,-5.51106859001568,5.14517620982449,13.6739398093891,99.88355,99.8825,497680,"2023_08_31_0032","2023_08_31_0032_ev02485_rec3","no",52142
2486,3,99.9147,-82.7476689034865,-89.0700480754156,-6.3223791719291,1.1999999999972,25.1999999999981,4.40000000000396,-13229.6849056844,13144.7753398868,327728.583759898,-88.7564009264302,99.91465,99.91295,498294,"2023_08_31_0032","2023_08_31_0032_ev02486_rec3","no",52143
2487,3,99.9422,-87.4702074051743,-89.6103652567567,-2.14015785158244,0.10000000000332,0.650000000007367,0,-84.9005738916595,-2.96261299280889,5.90056716902603,58.0459116730704,99.94185,99.9414,498844,"2023_08_31_0032","2023_08_31_0032_ev02487_rec3","no",52144
