"Event.Number","Record","Event.Time..s.","Baseline..pA.","Peak..pA.","Amplitude..pA.","Rise.Time..ms.","Half.Width..ms.","Decay.Time..ms.","Decay.Fit.b0","Decay.Fit.b1","Decay.Fit.Tau..ms.","AUC..pA.ms.","rise_max_time","baseline_time","event_index","file_prefix","event_id","noise","event_entry_number"
1,0,0.0453,69.9637301084283,73.3583519701317,3.39462186170347,0.100000000000017,7.1,0,13086.188703073,-13014.8354813816,284749.119153391,65.9684580397063,0.0445,0.0444,906,"2024_06_25_0020","2024_06_25_0020_ev00001_rec0","no",199426
2,0,0.06815,73.0388488944986,76.8371669286481,3.7983180341495,0.649999999999984,0.299999999999995,0,71.3105430013666,2.23433431341738,3.68727777303415,-41.7852736077834,0.06815,0.0675,1363,"2024_06_25_0020","2024_06_25_0020_ev00002_rec0","no",199427
3,0,0.17515,74.1158521916964,78.6984932866283,4.58264109493182,0.299999999999995,0.350000000000017,0.350000000000017,65.447969603347,11.0624426153713,5.73434524514209,-195.511935940208,0.17515,0.17485,3503,"2024_06_25_0020","2024_06_25_0020_ev00003_rec0","no",199428
4,0,0.2197,67.4782638626372,70.9148649595126,3.43660109687536,0.349999999999989,0.450000000000006,0.349999999999989,68.5608440078564,1.74725304237567,0.161471490539641,34.6736673945177,0.2197,0.21935,4394,"2024_06_25_0020","2024_06_25_0020_ev00004_rec0","no",199429
5,0,0.29325,68.7127525327339,71.8609122180106,3.14815968527678,0.349999999999961,30.35,25.95,18719.3375239586,-18651.679597751,218179.161672493,7.623335182259,0.2932,0.29285,5865,"2024_06_25_0020","2024_06_25_0020_ev00005_rec0","no",199430
6,0,0.3959,70.5442281650854,74.702387595634,4.15815943054859,0.350000000000017,1.20000000000003,1.40000000000001,70.3058112489791,3.40386027006601,2.19065334144693,1.62154734656149,0.39585,0.39545,7918,"2024_06_25_0020","2024_06_25_0020_ev00006_rec0","no",199431
7,0,0.4402,70.2173809142762,76.1458419981893,5.92846108391318,0.199999999999978,1.90000000000001,2.39999999999996,65.9038622334727,9.04605186339379,7.28318031219858,-63.2310394389829,0.44,0.4398,8804,"2024_06_25_0020","2024_06_25_0020_ev00007_rec0","no",199432
8,0,0.5027,69.6852013143554,82.0575247327121,12.3723234183567,3.34999999999996,26.8499999999999,30,75.5850829541919,6.12046082919974,7.62706597131639,266.371855326144,0.5017,0.49755,10054,"2024_06_25_0020","2024_06_25_0020_ev00008_rec0","no",199433
9,0,0.534,76.2758833591603,81.0404490054897,4.76456564632933,0.950000000000006,0.349999999999961,0,74.4355633388447,3.57703966460797,7.67417686846276,-25.6740381117657,0.53395,0.53285,10680,"2024_06_25_0020","2024_06_25_0020_ev00009_rec0","no",199434
10,0,0.8145,72.7301155872516,79.570697651815,6.84058206456332,0.44999999999995,0.349999999999961,0.450000000000061,69.1443698331018,6.25001310255113,20.242614411719,-7.94427240154067,0.81445,0.81395,16290,"2024_06_25_0020","2024_06_25_0020_ev00010_rec0","no",199435
11,0,0.8348,70.8587595090133,74.4592063292556,3.60044682024234,0.299999999999967,30.25,26.8,7335.8472191129,-7265.22121367296,124480.898497363,20.409875678844,0.8348,0.8345,16696,"2024_06_25_0020","2024_06_25_0020_ev00011_rec0","no",199436
12,0,0.9968,73.2455724292054,76.4689884431808,3.22341601397538,1.70000000000003,4.25000000000009,4.30000000000008,71.1918249348511,4.81271263636233,10.9778446476746,-7.39939967199876,0.99675,0.99505,19936,"2024_06_25_0020","2024_06_25_0020_ev00012_rec0","no",199437
13,0,1.0417,71.0202272266938,76.7378165386004,5.71758931190656,0.249999999999861,1.50000000000006,2.70000000000015,71.0526570839242,3.49604859836527,5.23748307018742,21.0234686479195,1.0415,1.04125,20834,"2024_06_25_0020","2024_06_25_0020_ev00013_rec0","no",199438
14,0,1.1822,70.6787687124777,78.0769376945868,7.3981689821091,0.399999999999956,0.299999999999967,0,68.8185413742069,4.50754491933001,2.71394059836212,-41.511869517343,1.18215,1.18175,23644,"2024_06_25_0020","2024_06_25_0020_ev00014_rec0","no",199439
15,0,1.2623,70.33951391987,75.7369239864392,5.39741006656926,0.55000000000005,30.3,29.9999999999998,3406.34476773121,-3336.82213092418,252935.283843837,-16.6849530950126,1.2622,1.26165,25246,"2024_06_25_0020","2024_06_25_0020_ev00015_rec0","no",199440
16,0,1.3226,70.9097987039776,73.9450561735879,3.0352574696103,0.249999999999861,0.99999999999989,2.40000000000018,68.3427696756967,4.31847019332746,15.306748178027,-18.4483831471304,1.3221,1.32175,26452,"2024_06_25_0020","2024_06_25_0020_ev00016_rec0","no",199441
17,0,1.53865,70.0475067501548,75.0953686948803,5.0478619447255,0.299999999999967,30.2500000000001,30,22419.7490521602,-22351.0658545875,319434.60153178,-7.69913350489331,1.53865,1.53835,30773,"2024_06_25_0020","2024_06_25_0020_ev00017_rec0","no",199442
18,0,1.8636,71.1278625388962,73.3904084063339,2.26254586743764,0.55000000000005,5.20000000000009,5.54999999999994,70.9491749494385,4.99268794293032,3.50027737087612,14.4518581803463,1.8636,1.863,37272,"2024_06_25_0020","2024_06_25_0020_ev00018_rec0","no",199443
19,0,1.94805,70.9574926152655,76.39352254046,5.43602992519456,0.399999999999956,30.3,30,31523.8848024426,-31454.0054304251,457991.158443666,-0.269780335516204,1.94805,1.94765,38961,"2024_06_25_0020","2024_06_25_0020_ev00019_rec0","no",199444
20,0,2.12175,71.8609804831033,76.9722015917239,5.11122110862058,0.299999999999745,0.500000000000167,0.799999999999912,70.279263425335,4.53723204543815,2.93357809234634,-33.0693495063758,2.1217,2.12135,42435,"2024_06_25_0020","2024_06_25_0020_ev00020_rec0","no",199445
21,0,2.2113,71.8814715638485,77.4872807268523,5.60580916300388,0.199999999999978,0.199999999999978,0.55000000000005,70.2208708784551,4.0851640874451,6.31351389484416,-23.1882158686364,2.2112,2.21095,44226,"2024_06_25_0020","2024_06_25_0020_ev00021_rec0","no",199446
22,0,2.34085,70.8711079009727,76.6840490083528,5.81294110738007,0.299999999999745,0.900000000000123,1.1000000000001,61.2461988376976,15.2805475657312,4.21185844772419,-223.622875776854,2.34085,2.34055,46817,"2024_06_25_0020","2024_06_25_0020_ev00022_rec0","no",199447
23,0,2.412,67.8006926224228,72.0689329890975,4.26824036667463,0.249999999999861,32.3500000000001,29.9999999999998,20757.0152440428,-20692.2056206965,254864.067683223,-50.4911981138605,2.4094,2.40915,48240,"2024_06_25_0020","2024_06_25_0020_ev00023_rec0","no",199448
24,0,2.45195,68.888330229373,74.2260485776559,5.33771834828291,1.45000000000017,3.09999999999988,0,65.4602159088088,4.59147647419805,8.87444244467547,-57.8611739654797,2.4519,2.44875,49039,"2024_06_25_0020","2024_06_25_0020_ev00024_rec0","no",199449
25,0,2.5519,69.2539373261092,73.5999763426371,4.34603901652785,0.150000000000095,0.249999999999861,0,68.3053278424277,2.20000009299081,3.38162407043643,-20.3261134669222,2.55175,2.5516,51038,"2024_06_25_0020","2024_06_25_0020_ev00025_rec0","no",199450
26,0,2.64315,68.2497529490816,71.9493073240969,3.69955437501531,0.0499999999998835,2.49999999999995,3.29999999999986,67.9420448142857,3.45256469861992,4.58124908985518,8.3238600485983,2.64285,2.64275,52863,"2024_06_25_0020","2024_06_25_0020_ev00026_rec0","no",199451
27,0,2.78825,72.8055607258444,76.6668966360629,3.86133591021851,0.950000000000006,0.350000000000072,0.249999999999861,68.792964850453,7.4375071850622,0.765340201945961,-114.143906942044,2.7881,2.78705,55765,"2024_06_25_0020","2024_06_25_0020_ev00027_rec0","no",199452
28,0,2.8685,69.4082677440909,73.7647297027837,4.3564619586928,0.350000000000072,2.74999999999981,4.1500000000001,70.3774011486104,2.52671955529084,3.04740403056234,44.3260667688914,2.86755,2.86605,57370,"2024_06_25_0020","2024_06_25_0020_ev00028_rec0","no",199453
29,0,3.03355,66.8389176256409,69.9669049291066,3.12798730346577,0.700000000000145,30.0500000000001,30.0000000000002,67.4762914435213,5.08868835292022,19.7096701224891,108.765011796322,3.03185,3.03115,60671,"2024_06_25_0020","2024_06_25_0020_ev00029_rec0","no",199454
30,0,3.22305,69.0543074985244,73.4281520067113,4.37384450818688,0.300000000000189,0.100000000000211,0.150000000000095,64.1412826101391,7.05892431311185,2.05217294519986,-132.438081556509,3.22305,3.2227,64461,"2024_06_25_0020","2024_06_25_0020_ev00030_rec0","no",199455
31,0,3.481,73.5474216758234,77.0721838361402,3.52476216031684,0.649999999999817,1.34999999999996,0,70.471041503266,3.82463383930476,2.30711838410781,-81.8188430246451,3.48095,3.4795,69620,"2024_06_25_0020","2024_06_25_0020_ev00031_rec0","no",199456
32,0,4.1781,71.7206007383487,77.6525955592666,5.93199482091788,0.350000000000072,2.84999999999958,4.50000000000017,70.5228809350042,5.18841514198073,10.5970369317137,17.8738846713831,4.1779,4.17755,83562,"2024_06_25_0020","2024_06_25_0020_ev00032_rec0","no",199457
33,0,4.28325,72.9730031542379,75.6715956051464,2.69859245090851,0.399999999999956,2.34999999999985,2.2000000000002,71.2106349880416,5.86521083044964,2.93321949006368,-33.3173358038764,4.2828,4.2824,85665,"2024_06_25_0020","2024_06_25_0020_ev00033_rec0","no",199458
34,0,4.42575,73.9598680592325,81.537211723382,7.57734366414948,0.150000000000539,0.100000000000655,0,72.9928269881547,2.36343658508178,2.60550410185476,-22.420548969845,4.42575,4.4256,88515,"2024_06_25_0020","2024_06_25_0020_ev00034_rec0","no",199459
35,0,4.46325,74.0172805636446,76.2521162420653,2.23483567842069,0.59999999999949,2.25000000000009,2.39999999999974,67.9093923665643,8.94482709294134,9.4506349013211,-101.442820131067,4.46325,4.4626,89265,"2024_06_25_0020","2024_06_25_0020_ev00035_rec0","no",199460
36,0,4.65055,70.7633522201742,73.8730337863138,3.10968156613957,0.300000000000189,25.15,16.9999999999995,73.4334338780976,-2.94203855688888,25.6931382588197,29.2402819142479,4.65055,4.65025,93011,"2024_06_25_0020","2024_06_25_0020_ev00036_rec0","no",199461
37,0,4.6682,70.310896225141,77.6612341526757,7.3503379275347,0.500000000000611,2.70000000000081,3.94999999999968,71.0240881829026,4.65637167112825,4.71684764918373,46.6839986162992,4.66805,4.66755,93364,"2024_06_25_0020","2024_06_25_0020_ev00037_rec0","no",199462
38,0,4.69495,69.3877606245092,75.8363866371736,6.44862601266439,0.350000000000072,30.2500000000006,30.0000000000002,30143.7512207885,-30074.5937431571,348244.573341451,33.683268428764,4.69495,4.6946,93899,"2024_06_25_0020","2024_06_25_0020_ev00038_rec0","no",199463
39,0,4.7131,71.6963634014892,75.697244210203,4.0008808087138,1.24999999999975,0.250000000000306,0.59999999999949,69.9960617041977,3.52226195889198,5.66168325350909,-29.0163805661758,4.713,4.71175,94262,"2024_06_25_0020","2024_06_25_0020_ev00039_rec0","no",199464
40,0,4.77985,74.5787146578486,78.1232128146203,3.54449815677165,0.650000000000261,0.500000000000611,0.350000000000072,73.7784901611613,7.39816465156514,0.268497327460793,-20.735205449496,4.7794,4.77875,95597,"2024_06_25_0020","2024_06_25_0020_ev00040_rec0","no",199465
42,0,5.0823,73.0631396520144,77.1180306863699,4.05489103435551,0.200000000000422,1.69999999999959,2.85000000000046,68.8346253639334,6.86358192797222,15.8206347846015,-33.267081138454,5.0821,5.0816,101646,"2024_06_25_0020","2024_06_25_0020_ev00042_rec0","no",199467
43,0,5.1185,70.8087649781903,74.2002724187466,3.39150744055632,0.150000000000539,0.349999999999184,0,69.4272686662177,4.76545880310215,1e-07,-39.8976872201486,5.11825,5.11805,102370,"2024_06_25_0020","2024_06_25_0020_ev00043_rec0","no",199468
44,0,5.1869,72.3048615447698,75.5675518161979,3.2626902714281,0.250000000000306,0.299999999999301,0.250000000000306,70.7318338093112,5.81236335539823,0.367225065474367,-44.0926081052695,5.18685,5.1866,103738,"2024_06_25_0020","2024_06_25_0020_ev00044_rec0","no",199469
45,0,5.3123,70.290105001481,77.0977351476508,6.80763014616983,0.300000000000189,0.14999999999965,0.949999999999562,69.5210820591563,4.17552540792751,3.96826788322659,-5.46672794160822,5.3123,5.312,106246,"2024_06_25_0020","2024_06_25_0020_ev00045_rec0","no",199470
46,0,5.43075,72.7518308028987,79.4217293217001,6.66989851880146,1.1000000000001,1.09999999999921,1.19999999999987,66.5658414311549,10.641983616038,5.75403070476185,-121.319335539463,5.43075,5.42955,108615,"2024_06_25_0020","2024_06_25_0020_ev00046_rec0","no",199471
47,0,5.58825,68.6621193553694,71.5008822133577,2.8387628579883,0.549999999999606,2.85000000000046,3.44999999999995,68.9539075423845,3.16248703439102,2.4263646265509,18.3121319288712,5.58825,5.5877,111765,"2024_06_25_0020","2024_06_25_0020_ev00047_rec0","no",199472
48,0,5.9668,71.5777957011377,74.6895145604068,3.11171885926903,0.350000000000072,0.849999999999795,0.799999999999912,70.9565980661378,3.476157231637,1.19038900885426,-11.4692787977734,5.9668,5.96605,119336,"2024_06_25_0020","2024_06_25_0020_ev00048_rec0","no",199473
49,0,6.0044,69.0007291010104,73.6501621790691,4.64943307805875,0.200000000000422,21.0499999999998,16.1499999999997,49764.4924011766,-49695.8497529736,386746.189960616,47.5100795560884,6.0044,6.0042,120088,"2024_06_25_0020","2024_06_25_0020_ev00049_rec0","no",199474
50,0,6.0515,72.5740167381261,75.9723291585367,3.39831242041056,0.0999999999997669,3.19999999999965,4.39999999999952,69.9832056542516,5.28769570295844,13.8645601512848,-11.1447984096114,6.05125,6.05115,121030,"2024_06_25_0020","2024_06_25_0020_ev00050_rec0","no",199475
51,0,6.1093,72.5255873518269,75.0405589170926,2.51497156526567,0.300000000000189,0.299999999999301,0.399999999999956,70.6196134037637,3.23609942691961,3.10834665091602,-46.0641349590796,6.1093,6.109,122186,"2024_06_25_0020","2024_06_25_0020_ev00051_rec0","no",199476
52,0,6.18725,72.3727748579205,77.2925098387617,4.91973498084124,0.350000000000072,30.1999999999998,29.9999999999994,74.0924148416506,-3.30675296127136,20.5163156649685,0.269899046139885,6.18725,6.1869,123745,"2024_06_25_0020","2024_06_25_0020_ev00052_rec0","no",199477
53,0,6.2056,71.9100893441766,73.9524598414429,2.04237049726632,0.449999999999839,7.24999999999998,8.3000000000002,70.9859365421913,4.06622536276865,9.38619838751614,12.4844624003396,6.20495,6.20435,124112,"2024_06_25_0020","2024_06_25_0020_ev00053_rec0","no",199478
54,0,6.35465,73.6189419787443,76.8509320961499,3.23199011740556,0.14999999999965,30.4000000000002,30.0000000000002,651.655604613246,-578.733136249045,46229.2575272254,-13.6553769648419,6.35435,6.35415,127093,"2024_06_25_0020","2024_06_25_0020_ev00054_rec0","no",199479
55,0,6.38095,73.6101143358064,78.4854361655709,4.87532182976445,0.300000000000189,0.200000000000422,0,70.2654796865771,2.95068892932581,12.338705532768,-66.1294939908163,6.3809,6.38025,127619,"2024_06_25_0020","2024_06_25_0020_ev00055_rec0","no",199480
56,0,6.44595,72.4501533547965,74.9263869086393,2.4762335538428,0.300000000000189,0.250000000000306,0,68.7167856108308,4.16079903372962,4.31212754793682,-93.3630225839549,6.44595,6.4456,128919,"2024_06_25_0020","2024_06_25_0020_ev00056_rec0","no",199481
57,0,6.5467,68.7869119019676,73.8392249273863,5.0523130254187,0.300000000000189,0.549999999999606,0.949999999999562,68.7225112027678,2.7673712611432,2.61444888759895,7.31659734495964,6.54665,6.5461,130934,"2024_06_25_0020","2024_06_25_0020_ev00057_rec0","no",199482
58,0,6.85575,75.4794514755228,82.2091781248651,6.72972664934234,0.899999999999679,0.799999999999912,0.59999999999949,72.6343814883998,11.2256779413391,0.779014451891013,-72.4115636411281,6.8556,6.85445,137115,"2024_06_25_0020","2024_06_25_0020_ev00058_rec0","no",199483
59,0,6.9048,74.0282774737538,76.5218558081257,2.49357833437188,0.199999999999534,0.250000000000306,0,-4584.38043363028,4657.52489238874,90188.4897007479,-48.9539818510319,6.90475,6.90455,138096,"2024_06_25_0020","2024_06_25_0020_ev00059_rec0","no",199484
60,0,7.13875,71.3291679054987,80.2639294907295,8.93476158523085,0.399999999999956,0.699999999999257,0,69.9391466199819,3.55794139315827,3.3463954947382,-26.6476601010531,7.13875,7.13765,142775,"2024_06_25_0020","2024_06_25_0020_ev00060_rec0","no",199485
61,0,7.2252,72.0143408611954,74.0203445604546,2.00600369925917,0.0499999999998835,3.40000000000007,3.89999999999979,71.3657071996689,3.23768829865454,4.6183122166445,-3.26907920161129,7.2249,7.2248,144504,"2024_06_25_0020","2024_06_25_0020_ev00061_rec0","no",199486
62,0,7.45515,75.364337691567,81.2234203788405,5.85908268727349,0.300000000000189,0.150000000000539,0,72.8056544954721,4.00812101588416,4.14712902621693,-59.1881524670643,7.45515,7.4546,149103,"2024_06_25_0020","2024_06_25_0020_ev00062_rec0","no",199487
63,0,7.6643,72.773991573202,75.528294300066,2.75430272686393,0.549999999999606,30.4500000000001,30.0000000000002,72.5530106118037,-1.30270554416062,101.704565160395,-38.7009236174203,7.6643,7.66375,153286,"2024_06_25_0020","2024_06_25_0020_ev00063_rec0","no",199488
64,0,7.68655,71.469076254259,75.8328220023833,4.36374574812436,0.300000000000189,0.849999999999795,0.750000000000028,70.4066804105215,5.50174046855349,1.01249614624108,-23.7409445902455,7.68615,7.68585,153731,"2024_06_25_0020","2024_06_25_0020_ev00064_rec0","no",199489
65,0,7.82465,71.2410875881472,73.9152115322509,2.67412394410367,0.199999999999534,2.55000000000027,3.49999999999984,70.9888152066273,2.38395254700619,5.35308690729771,7.17461311941535,7.824,7.8238,156493,"2024_06_25_0020","2024_06_25_0020_ev00065_rec0","no",199490
66,0,8.0182,67.7427421544362,76.7407265939145,8.99798443947827,0.399999999999068,2.29999999999997,4.60000000000171,70.092260815469,4.03328173432324,3.24448159272488,85.8284546220987,8.01815,8.01775,160364,"2024_06_25_0020","2024_06_25_0020_ev00066_rec0","no",199491
67,0,8.0499,71.1366733167468,76.5373473389027,5.40067402215591,0.14999999999965,0.249999999999417,0,68.2930279023626,4.50193697650038,2.91847580264616,-70.9972382503794,8.0497,8.04955,160998,"2024_06_25_0020","2024_06_25_0020_ev00067_rec0","no",199492
68,0,8.1597,70.7332638049137,73.2515522649759,2.51828846006219,0.399999999999068,2.44999999999962,2.95000000000023,68.8508017899417,4.19747048341222,7.39667670016407,-24.7515743426357,8.1597,8.15925,163194,"2024_06_25_0020","2024_06_25_0020_ev00068_rec0","no",199493
69,0,8.2545,70.5770763491385,76.5267407012155,5.94966435207694,0.449999999998951,0.0499999999998835,0.850000000001572,67.0530874188799,6.37384101162209,7.95329782231507,-55.0412739686732,8.2545,8.25405,165090,"2024_06_25_0020","2024_06_25_0020_ev00069_rec0","no",199494
70,0,8.3813,70.8717121032873,75.1348809647488,4.26316886146151,0.150000000001427,0.650000000000261,0.500000000000611,69.9870384132662,5.55843562952662,0.582952347588074,-22.0988169401271,8.3811,8.38095,167626,"2024_06_25_0020","2024_06_25_0020_ev00070_rec0","no",199495
71,0,8.44535,66.6669211487823,72.0702168479796,5.40329569919737,0.100000000001543,2.59999999999927,3.70000000000026,67.0500463008316,4.28868765058116,3.80114962244844,29.3072155255539,8.44515,8.445,168907,"2024_06_25_0020","2024_06_25_0020_ev00071_rec0","no",199496
72,0,8.53515,71.8701345415614,78.0839668916719,6.21383235011042,0.20000000000131,0.0499999999998835,0.899999999999679,69.5295306241167,5.45430716326896,5.58700914664931,-39.5077651683508,8.53515,8.53465,170703,"2024_06_25_0020","2024_06_25_0020_ev00072_rec0","no",199497
73,0,8.60485,71.9177013859147,75.1906465566156,3.27294517070098,0.199999999999534,0.0999999999997669,0,68.8750922738986,3.12280092195226,2.20726038992408,-83.9959539468491,8.6048,8.60455,172097,"2024_06_25_0020","2024_06_25_0020_ev00073_rec0","no",199498
74,0,8.7444,68.3535741736955,74.8306218213683,6.47704764767283,0.0999999999997669,0.299999999999301,0.0499999999998835,68.8379275940544,5.99459111753544,1e-07,15.933790293832,8.74425,8.7441,174888,"2024_06_25_0020","2024_06_25_0020_ev00074_rec0","no",199499
75,0,8.7777,70.1383413898802,73.7279071699163,3.5895657800361,0.400000000000844,2.44999999999962,2.05000000000055,68.7145335398512,5.07246366493219,3.34100401706656,-22.9053178967559,8.77695,8.77655,175554,"2024_06_25_0020","2024_06_25_0020_ev00075_rec0","no",199500
76,0,8.94025,67.4585809130171,72.8446345111372,5.38605359812007,0.249999999999417,2.7999999999988,4.30000000000064,69.0295198176756,3.94411459114337,1.92261361708812,56.6815924247403,8.94005,8.9398,178805,"2024_06_25_0020","2024_06_25_0020_ev00076_rec0","no",199501
77,0,9.0539,70.0462996994262,76.5681146254359,6.52181492600968,0.249999999999417,0.700000000000145,1.15000000000087,69.4809471571439,4.15526509929811,3.43418553169745,-0.465887518971288,9.0537,9.0534,181078,"2024_06_25_0020","2024_06_25_0020_ev00077_rec0","no",199502
78,0,9.096,70.5284248668799,74.2226847342352,3.69425986735523,0.20000000000131,0.20000000000131,0,65.4236668745512,6.30924119200335,25.1373542514522,-41.9216299813173,9.096,9.09575,181920,"2024_06_25_0020","2024_06_25_0020_ev00078_rec0","no",199503
79,0,9.15675,67.5411592488878,72.2548972363023,4.7137379874145,2.25000000000009,5.85000000000058,1.20000000000076,55.3174427561135,23.2283148646539,2.36665194804093,-291.161543379341,9.15505,9.1516,183135,"2024_06_25_0020","2024_06_25_0020_ev00079_rec0","no",199504
80,0,9.2407,63.9525513144844,74.1075245338019,10.1549732193175,0.249999999999417,30.2500000000006,30.0000000000011,2316.34011862743,-2251.52094787126,182155.849521711,33.5683548676151,9.2406,9.24035,184814,"2024_06_25_0020","2024_06_25_0020_ev00080_rec0","no",199505
81,0,9.4195,67.8540149510046,70.2784768821899,2.42446193118536,0.299999999999301,2.29999999999997,3.09999999999988,67.9256137706572,2.17215980631885,3.18977751883923,10.01463742585,9.4195,9.4192,188390,"2024_06_25_0020","2024_06_25_0020_ev00081_rec0","no",199506
82,0,9.54635,74.9490687268713,78.194918475569,3.24584974869772,0.199999999999534,0.299999999999301,0,37.9840935646814,35.7262693788394,140.615358090734,-142.972378653595,9.5461,9.5458,190927,"2024_06_25_0020","2024_06_25_0020_ev00082_rec0","no",199507
83,0,9.72205,68.6723832027684,72.2517237933038,3.57934059053545,0.150000000001427,4.9500000000009,6.60000000000061,68.5077902743677,3.76706255370515,7.09851762257265,23.179487073542,9.7218,9.72165,194441,"2024_06_25_0020","2024_06_25_0020_ev00083_rec0","no",199508
84,0,9.84885,70.6832390413693,73.4549755848384,2.77173654346907,0.249999999999417,0.700000000000145,0.949999999999562,69.902518669848,2.53886285623897,2.71959421788691,-15.8337967809416,9.8488,9.84855,196977,"2024_06_25_0020","2024_06_25_0020_ev00084_rec0","no",199509
85,0,9.87115,70.9903086578947,75.1906381545457,4.20032949665098,0.14999999999965,0.700000000000145,0.750000000000028,68.3472267998757,6.12970708316573,2.01774521424335,-66.3066945499855,9.87115,9.87075,197423,"2024_06_25_0020","2024_06_25_0020_ev00085_rec0","no",199510
86,0,9.96515,72.0356727373151,75.8046945584231,3.76902182110801,1.10000000000099,0.250000000001194,0,69.2066923113819,3.48593859639633,9.90708487652462,-49.4552337350112,9.96515,9.964,199303,"2024_06_25_0020","2024_06_25_0020_ev00086_rec0","no",199511
87,0,10.0182,67.68798828125,69.9462890625,2.25830078125,0.499999999998835,30.5499999999999,30.0000000000011,69.2379449828062,3.01020397672158,2.28936109303604,56.2683097839355,10.0181,10.0176,200364,"2024_06_25_0020","2024_06_25_0020_ev00087_rec0","no",199512
88,0,10.067,70.98388671875,75.5615234375,4.57763671875,0.0999999999997669,0.20000000000131,0.20000000000131,70.484634675036,7.28474167378576,0.155486838320316,-13.3422859191895,10.067,10.0668,201340,"2024_06_25_0020","2024_06_25_0020_ev00088_rec0","no",199513
89,0,10.09605,72.509765625,75.1953125,2.685546875,0.400000000000844,0.20000000000131,0,68.6755295391254,2.64086763289876,9.35731905667272,-90.975952911377,10.09605,10.0953,201921,"2024_06_25_0020","2024_06_25_0020_ev00089_rec0","no",199514
90,0,10.3776,71.0623604910714,74.52392578125,3.46156529017857,0.400000000000844,1.04999999999933,0,69.6642764864012,2.48161936871554,4.14300517235993,-28.8349702290127,10.3766,10.3757,207552,"2024_06_25_0020","2024_06_25_0020_ev00090_rec0","no",199515
91,0,10.4036,69.3097795758929,73.8525390625,4.54275948660714,0.0999999999997669,0.500000000000611,0.0499999999998835,71.073711708043,2.77787832922485,1e-07,56.5425327845981,10.40295,10.40285,208072,"2024_06_25_0020","2024_06_25_0020_ev00091_rec0","no",199516
92,0,10.43675,70.1352074032738,75.5615234375,5.42631603422619,0.300000000001077,0.150000000001427,0,69.1465078290193,2.48648090512051,5.04601349605481,-16.3777684529623,10.43675,10.43645,208735,"2024_06_25_0020","2024_06_25_0020_ev00092_rec0","no",199517
93,0,10.4633,70.9490094866071,73.486328125,2.53731863839286,0.399999999999068,0.750000000000028,0.550000000000495,68.1704333451824,6.30542553155456,1.0083358974434,-76.2411976950508,10.46325,10.4628,209266,"2024_06_25_0020","2024_06_25_0020_ev00093_rec0","no",199518
94,0,10.5307,69.4492885044643,74.3408203125,4.89153180803571,1.65000000000148,2.50000000000128,2.10000000000043,69.593168570319,5.04712283698735,1.89049122023119,24.3135698046001,10.52975,10.5281,210614,"2024_06_25_0020","2024_06_25_0020_ev00094_rec0","no",199519
95,0,10.57115,68.05419921875,70.1904296875,2.13623046875,0.450000000000728,13.4000000000007,10.2999999999991,14434.8703797074,-14367.0884608406,139094.049082315,40.2694683074951,10.57115,10.5707,211423,"2024_06_25_0020","2024_06_25_0020_ev00095_rec0","no",199520
96,0,10.5971,70.8647228422619,75.62255859375,4.7578357514881,0.14999999999965,0.500000000000611,0,69.6636562695834,2.37435521044352,3.22963950967487,-26.8413021632601,10.59705,10.59625,211942,"2024_06_25_0020","2024_06_25_0020_ev00096_rec0","no",199521
97,0,10.644,69.7079613095238,74.462890625,4.75492931547619,0.899999999999679,30.800000000001,30.0000000000011,22486.5582002011,-22416.2713883316,1022528.16911759,30.6060787200928,10.64395,10.643,212880,"2024_06_25_0020","2024_06_25_0020_ev00097_rec0","no",199522
98,0,10.6775,71.9168526785714,77.08740234375,5.17054966517857,0.199999999999534,0.850000000001572,0.20000000000131,70.219627500658,8.31231631087962,0.229434617201023,-47.2597402300154,10.6773,10.67675,213550,"2024_06_25_0020","2024_06_25_0020_ev00098_rec0","no",199523
99,0,10.8934,72.2569056919643,75.927734375,3.67082868303571,0.199999999999534,0.450000000000728,0.449999999998951,70.8309538636884,3.48438335900611,1.933176871878,-35.0947792598181,10.8933,10.89305,217868,"2024_06_25_0020","2024_06_25_0020_ev00099_rec0","no",199524
100,0,10.92485,71.6262090773809,77.0263671875,5.40015811011905,0.750000000000028,0.650000000000261,0.449999999998951,70.5861642034785,3.2444523703238,6.5223037929138,-7.15906052362341,10.92485,10.9241,218497,"2024_06_25_0020","2024_06_25_0020_ev00100_rec0","no",199525
101,0,11.01215,73.1375558035714,76.171875,3.03431919642857,0.650000000000261,0.799999999999912,0,70.5019877676381,2.75551583477618,2.15465401983797,-72.0746721540179,11.0115,11.01055,220243,"2024_06_25_0020","2024_06_25_0020_ev00101_rec0","no",199526
102,0,11.0585,70.4926990327381,76.66015625,6.1674572172619,0.399999999999068,0.799999999999912,1.75000000000125,70.5955669896213,3.36542188116643,4.01673847367858,18.958826283046,11.0585,11.0581,221170,"2024_06_25_0020","2024_06_25_0020_ev00102_rec0","no",199527
103,0,11.1103,70.1090494791667,75.01220703125,4.90315755208333,0.600000000000378,1.74999999999947,1.80000000000113,69.4055800969662,4.09346263291725,3.67244557459766,-1.16729869842545,11.10935,11.10855,222206,"2024_06_25_0020","2024_06_25_0020_ev00103_rec0","no",199528
104,0,11.1451,69.5364815848214,73.73046875,4.19398716517857,0.750000000000028,2.15000000000032,1.99999999999889,70.1594932493454,4.26684356840863,1.29774327157149,28.2891409737723,11.14465,11.14345,222902,"2024_06_25_0020","2024_06_25_0020_ev00104_rec0","no",199529
105,0,11.16525,70.7571847098214,74.70703125,3.94984654017857,0.199999999999534,0.950000000001339,1.05000000000111,69.9172391199449,3.06757573769366,3.66787738255812,-11.5812029157367,11.16455,11.16435,223305,"2024_06_25_0020","2024_06_25_0020_ev00105_rec0","no",199530
106,0,11.19445,69.7806222098214,75.50048828125,5.71986607142857,0.650000000000261,30.2500000000006,29.9999999999994,11640.1952381059,-11570.6031192936,300529.375022785,13.0957455771309,11.19445,11.19375,223889,"2024_06_25_0020","2024_06_25_0020_ev00106_rec0","no",199531
107,0,11.24785,72.4109468005952,75.25634765625,2.84540085565476,0.400000000000844,0.300000000001077,0,72.0222659328119,1.36013915148586,1.86606771718188,-7.47281029110871,11.24785,11.24735,224957,"2024_06_25_0020","2024_06_25_0020_ev00107_rec0","no",199532
108,0,11.3081,73.2102167038691,81.4208908081055,8.21067410423642,1.00000000000122,30.6499999999996,29.9999999999994,20497.3598695611,-20424.8161438054,372956.977088937,7.38844907851436,11.30805,11.307,226162,"2024_06_25_0020","2024_06_25_0020_ev00108_rec0","no",199533
109,0,11.37665,74.4512648809524,78.7353515625,4.28408668154762,0.750000000000028,0.949999999999562,0.999999999999446,74.2066269375156,3.41703999710747,1.61153211240904,0.203738112676758,11.3764,11.37545,227533,"2024_06_25_0020","2024_06_25_0020_ev00109_rec0","no",199534
110,0,11.4783,75.6370907738095,79.28466796875,3.64757719494048,0.14999999999965,1.54999999999994,1.45000000000017,73.9338109890195,5.17141955016115,2.71360725053289,-35.7551957085017,11.4775,11.47735,229566,"2024_06_25_0020","2024_06_25_0020_ev00110_rec0","no",199535
111,0,11.54385,75.4946754092262,77.57568359375,2.08100818452381,0.500000000000611,5.49999999999962,5.10000000000055,-150289.83520087,150370.96311542,158438.508403003,-256.765429065341,11.54385,11.54305,230877,"2024_06_25_0020","2024_06_25_0020_ev00111_rec0","no",199536
112,0,11.77305,70.1177687872024,74.52392578125,4.40615699404762,0.250000000001194,2.04999999999878,2.2000000000002,40.1424791710853,37.8307806763886,12.2074015229957,-476.527046734946,11.77305,11.7728,235461,"2024_06_25_0020","2024_06_25_0020_ev00112_rec0","no",199537
113,0,11.81985,49.3861568995884,57.5561485290527,8.16999162946428,4.59999999999994,27.3500000000002,18.0500000000006,226.934075723367,-182.274780308653,415.563766211465,89.4036446435111,11.81605,11.8102,236397,"2024_06_25_0020","2024_06_25_0020_ev00113_rec0","no",199538
114,0,11.91405,51.2172115870884,61.3403282165527,10.1231166294643,0.300000000001077,1.4499999999984,1.04999999999933,42.923060261079,15.1802785068877,4.59926317484353,-175.661555562701,11.91405,11.9126,238281,"2024_06_25_0020","2024_06_25_0020_ev00114_rec0","no",199539
115,0,11.9496,45.3374915350051,54.0771446228027,8.73965308779762,4.59999999999994,2.54999999999939,0.750000000000028,42.2624809680679,11.5504097296685,1.27052532390623,-48.4859967595055,11.9486,11.94385,238992,"2024_06_25_0020","2024_06_25_0020_ev00115_rec0","no",199540
116,0,12.0762,65.3105228969029,67.87109375,2.5605708530971,0.449999999998951,1.15000000000087,0.750000000000028,63.1266893410593,4.09572514717638,2.7356285015074,-53.308803789956,12.07605,12.0755,241524,"2024_06_25_0020","2024_06_25_0020_ev00116_rec0","no",199541
117,0,12.1411,66.83349609375,69.091796875,2.25830078125,0.0499999999998835,2.05000000000055,2.24999999999831,60.3694925797135,9.1855040327663,9.73208293409501,-107.64166765213,12.1409,12.14085,242822,"2024_06_25_0020","2024_06_25_0020_ev00117_rec0","no",199542
118,0,12.2565,56.7132820856004,65.73486328125,9.02158119564964,2.34999999999985,3.89999999999979,1.35000000000041,45.3947509264735,27.1981506214325,2.1738384447778,-254.894056438264,12.2563,12.25125,245130,"2024_06_25_0020","2024_06_25_0020_ev00118_rec0","no",199543
119,0,12.29445,50.8015912373861,53.5278282165527,2.72623697916666,2.44999999999962,5.00000000000078,3.44999999999906,40.7546745304125,17.9221637033171,7.18116057972774,-169.342526753744,12.29385,12.2914,245889,"2024_06_25_0020","2024_06_25_0020_ev00119_rec0","no",199544
120,0,12.32765,44.8375845409575,50.4150352478027,5.57745070684524,4.4000000000004,8.84999999999891,5.55000000000128,40.4291255420154,12.8166418948694,8.14995256730865,-6.16743108658554,12.3267,12.32205,246553,"2024_06_25_0020","2024_06_25_0020_ev00120_rec0","no",199545
121,0,12.37425,43.3727413359142,51.0253868103027,7.65264547438848,7.14999999999932,8.15000000000055,4.25000000000075,41.2659553739681,11.8495378061597,4.83274637829521,39.1607485862005,12.37345,12.36535,247485,"2024_06_25_0020","2024_06_25_0020_ev00121_rec0","no",199546
122,0,12.5884,60.424801054455,64.94140625,4.51660519554501,0.499999999998835,29.7000000000001,27.1500000000007,234.936522934186,-179.989439905193,669.629550390195,-43.4493974731083,12.5884,12.5879,251768,"2024_06_25_0020","2024_06_25_0020_ev00122_rec0","no",199547
123,0,12.6779,67.7664620535714,74.40185546875,6.63539341517857,0.150000000001427,1.75000000000125,1.74999999999947,19.7413875080263,56.7671985616824,14.8675043355699,-706.917730365481,12.6777,12.67755,253558,"2024_06_25_0020","2024_06_25_0020_ev00123_rec0","no",199548
124,0,12.73535,37.5249949863979,49.0112266540527,11.4862316676549,0.550000000000495,38.0500000000001,30.0000000000011,458027.89994134,-458008.007521843,655101.779282862,-148.070981810774,12.7312,12.72605,254707,"2024_06_25_0020","2024_06_25_0020_ev00124_rec0","no",199549
125,0,12.81395,55.5129240126837,61.0351524353027,5.52222842261905,0.14999999999965,1.30000000000052,1.40000000000029,45.8652260016088,14.8826552458026,5.88028637361598,-201.469929631551,12.8138,12.81365,256279,"2024_06_25_0020","2024_06_25_0020_ev00125_rec0","no",199550
126,0,12.89795,62.1861016409738,73.3642578125,11.1781561715262,3.09999999999988,1.85000000000102,0.650000000000261,62.1179585650793,7.15674103046307,1.20199462113119,28.0629196303231,12.89785,12.89305,257959,"2024_06_25_0020","2024_06_25_0020_ev00126_rec0","no",199551
127,0,12.91785,67.3682797749837,73.66943359375,6.30115381876628,1.15000000000087,2.04999999999878,1.39999999999851,26.9538812226251,51.3430234976606,7.52000115726397,-833.408062076569,12.91785,12.91625,258357,"2024_06_25_0020","2024_06_25_0020_ev00127_rec0","no",199552
128,0,12.99835,50.5458248683384,59.2040977478027,8.65827287946428,1.30000000000052,4.50000000000017,0.949999999999562,37.7587301445442,22.8808259181374,2.60764907753175,-310.930892808097,12.99815,12.99425,259967,"2024_06_25_0020","2024_06_25_0020_ev00128_rec0","no",199553
129,0,13.1102,53.8504426138742,62.3168907165527,8.46644810267857,1.19999999999898,6.64999999999871,10.3500000000007,56.7087223910957,5.56464704299664,3.4351472664884,120.880563872201,13.10975,13.10695,262204,"2024_06_25_0020","2024_06_25_0020_ev00129_rec0","no",199554
130,0,13.2704,61.0700296674456,65.12451171875,4.05448205130441,0.600000000000378,3.09999999999988,3.50000000000072,50.9765478680753,15.5274845283348,12.0324036107663,-129.878436252049,13.27035,13.2697,265408,"2024_06_25_0020","2024_06_25_0020_ev00130_rec0","no",199555
131,0,13.31645,53.8184718177432,58.3496055603027,4.53113374255953,0.299999999999301,2.95000000000023,2.99999999999834,39.5020754363621,21.1290864383205,10.8104105770001,-213.424232346671,13.31635,13.31605,266329,"2024_06_25_0020","2024_06_25_0020_ev00131_rec0","no",199556
132,0,13.42365,62.4157102675665,65.673828125,3.2581178574335,0.300000000001077,31.1000000000003,30.0000000000011,59454.2589791284,-59398.2963897454,359940.615747413,-115.072353217715,13.42245,13.42185,268473,"2024_06_25_0020","2024_06_25_0020_ev00132_rec0","no",199557
133,0,13.5973,61.6338784354074,67.9931640625,6.35928562709263,1.30000000000052,2.69999999999904,1.04999999999933,42.7278629350264,29.1378879027123,3.32695704912673,-465.706207915715,13.59725,13.59515,271946,"2024_06_25_0020","2024_06_25_0020_ev00133_rec0","no",199558
134,0,13.6845,57.6142772492908,63.5986289978027,5.98435174851191,0.249999999999417,1.15000000000087,1.05000000000111,35.3772517063338,31.0619618836734,4.37440906220599,-530.044838859921,13.68445,13.68415,273690,"2024_06_25_0020","2024_06_25_0020_ev00134_rec0","no",199559
135,0,13.75125,55.4373566763742,59.5092735290527,4.07191685267857,0.399999999999068,2.05000000000055,0.949999999999562,49.6060737343728,10.5865117116605,2.53994122618783,-146.742026737758,13.7507,13.74965,275025,"2024_06_25_0020","2024_06_25_0020_ev00135_rec0","no",199560
136,0,13.82355,59.4075482686361,64.75830078125,5.35075251261393,0.249999999999417,5.69999999999915,6.65000000000049,60.0982447370629,5.79950149796621,4.42407322372687,50.7726209004719,13.8225,13.82175,276471,"2024_06_25_0020","2024_06_25_0020_ev00136_rec0","no",199561
137,0,13.85795,60.1370640709287,64.27001953125,4.13295546032133,0.100000000001543,1.99999999999889,2.54999999999939,56.0415905097621,7.44645881296595,9.00854091037759,-56.7940903073266,13.8577,13.8576,277159,"2024_06_25_0020","2024_06_25_0020_ev00137_rec0","no",199562
138,0,13.93845,51.3305625915527,57.2509727478027,5.92041015625,2.29999999999997,2.15000000000032,2.69999999999904,52.6935935874437,5.30282693880443,1.44325103682902,58.197021484375,13.93745,13.93515,278769,"2024_06_25_0020","2024_06_25_0020_ev00138_rec0","no",199563
139,0,13.95635,51.4816972641718,60.2416954040527,8.75999813988095,0.849999999999795,3.70000000000026,3.45000000000084,22.5542551247435,39.6827086129445,16.5455586397176,-314.869790917351,13.9563,13.95545,279127,"2024_06_25_0020","2024_06_25_0020_ev00139_rec0","no",199564
140,0,14.26575,57.4631425766718,65.97900390625,8.51586132957821,0.550000000000495,1.34999999999863,1.50000000000006,54.2952609217437,11.0476679272135,2.69765811528713,-62.9461356390091,14.2657,14.26515,285315,"2024_06_25_0020","2024_06_25_0020_ev00140_rec0","no",199565
141,0,14.2923,55.228093283517,60.3637657165527,5.13567243303572,0.14999999999965,0.600000000000378,0.600000000000378,43.4707785018066,18.9312092672304,1.88684795297696,-315.402426501683,14.292,14.29185,285846,"2024_06_25_0020","2024_06_25_0020_ev00141_rec0","no",199566
142,0,14.3643,55.106022971017,59.3872032165527,4.28118024553572,0.650000000000261,1.54999999999994,1.30000000000052,46.8474949960453,15.4762492781194,2.81796142891518,-202.339390155247,14.3642,14.36315,287286,"2024_06_25_0020","2024_06_25_0020_ev00142_rec0","no",199567
143,0,14.4701,54.9461689903623,57.7392539978027,2.79308500744047,0.150000000001427,23.5500000000002,20.2500000000008,29013.7738998144,-28960.5433995958,213123.121552195,11.4156815755934,14.4698,14.46935,289402,"2024_06_25_0020","2024_06_25_0020_ev00143_rec0","no",199568
144,0,14.51295,57.4457039606004,61.8896446228027,4.44394066220238,0.849999999999795,2.84999999999869,2.50000000000128,43.3858193332143,23.8790262061491,5.9723429451651,-276.252585524604,14.51255,14.5117,290259,"2024_06_25_0020","2024_06_25_0020_ev00144_rec0","no",199569
145,0,14.5662,51.3480012076242,55.0537071228027,3.70570591517857,1.20000000000076,5.2500000000002,0.600000000000378,45.1347947640988,14.5170876263394,0.938500661315954,-153.930003820147,14.56455,14.5613,291324,"2024_06_25_0020","2024_06_25_0020_ev00145_rec0","no",199570
146,0,14.62625,53.8126589457194,63.4155235290527,9.60286458333334,0.549999999998718,20.5000000000002,13.2999999999992,48292.635897203,-48238.0660082262,229875.273196344,130.252586301168,14.6242,14.62365,292525,"2024_06_25_0020","2024_06_25_0020_ev00146_rec0","no",199571
147,0,14.7759,62.2587630862281,67.626953125,5.36819003877186,0.249999999999417,0.449999999998951,0.20000000000131,60.7728798476431,6.79813647326886,0.286060881203994,-40.9664546058291,14.7758,14.77555,295518,"2024_06_25_0020","2024_06_25_0020_ev00147_rec0","no",199572
148,0,14.8177,59.4685834248861,70.068359375,10.5997759501139,7.09999999999944,4.30000000000064,10.7499999999998,-2003.58192932001,2067.67448829302,31688.1307705962,144.885820611318,14.8176,14.8105,296354,"2024_06_25_0020","2024_06_25_0020_ev00148_rec0","no",199573
149,0,14.86495,61.209538596017,66.95556640625,5.74602781023298,0.300000000001077,3.00000000000011,3.05,53.2034164882894,15.8993836549972,6.73208275782654,-131.735649054391,14.86465,14.86435,297299,"2024_06_25_0020","2024_06_25_0020_ev00149_rec0","no",199574
150,0,15.10595,65.6048297094128,70.6416152213878,5.03678551197498,0.14999999999965,1.95000000000078,1.54999999999994,56.4970604766221,15.9204097385202,4.19999590088958,-203.379918142793,15.1057,15.10475,302119,"2024_06_25_0020","2024_06_25_0020_ev00150_rec0","no",199575
151,0,15.1793,65.1206422489066,68.4580841069915,3.3374418580849,0.399999999999068,4.50000000000017,4.30000000000064,-424438.674615552,424507.835679896,647480.937655127,-171.092824290741,15.1791,15.17815,303586,"2024_06_25_0020","2024_06_25_0020_ev00151_rec0","no",199576
152,0,15.29035,63.7835907584638,69.0035673856089,5.21997662714502,0.399999999999068,0.299999999999301,0,-10555.4260437445,10619.2801825875,84174.8031679446,-52.5183117749932,15.289,15.2885,305807,"2024_06_25_0020","2024_06_25_0020_ev00152_rec0","no",199577
153,0,15.3963,68.1508265715958,71.0526878583246,2.90186128672879,0.199999999999534,1.45000000000017,1.40000000000029,52.3227825930039,20.7837001289297,6.67381659824698,-337.244572237679,15.39625,15.39595,307926,"2024_06_25_0020","2024_06_25_0020_ev00153_rec0","no",199578
154,0,15.49075,64.5462582350817,68.7702454102645,4.22398717518281,0.650000000000261,2.4999999999995,2.65000000000093,47.6817292226181,22.1965114968287,14.1215305556165,-226.848076402057,15.4907,15.48945,309815,"2024_06_25_0020","2024_06_25_0020_ev00154_rec0","no",199579
155,0,15.7855,64.1370986941052,69.8200529602948,5.68295426618953,0.250000000001194,1.35000000000041,1.35000000000041,58.0648649157047,12.2577898101549,3.37827806790518,-139.438820621818,15.78545,15.7852,315710,"2024_06_25_0020","2024_06_25_0020_ev00155_rec0","no",199580
156,0,16.0257,57.7670666891514,63.7362393802596,5.96917269110821,0.150000000001427,4.00000000000134,7.95000000000101,56.9762055117555,4.53355013653207,19.2407674026149,48.5416490936249,16.0251,16.02495,320514,"2024_06_25_0020","2024_06_25_0020_ev00156_rec0","no",199581
157,0,16.11685,66.5588290581798,69.8748640816096,3.31603502342979,0.199999999999534,1.80000000000291,1.69999999999959,65.0876140855692,6.2497892187205,2.03355946214629,-29.9076924693807,16.1166,16.1164,322337,"2024_06_25_0020","2024_06_25_0020_ev00157_rec0","no",199582
158,0,16.1608,66.0627510487606,74.7054231407756,8.64267209201502,1.1499999999991,3.04999999999822,2.20000000000198,46.3526463978617,30.0962506197546,8.03797845884761,-337.876311573732,16.15885,16.15595,323216,"2024_06_25_0020","2024_06_25_0020_ev00158_rec0","no",199583
159,0,16.31775,67.8868095609068,73.4038531608146,5.51704359990782,0.999999999997669,1.75000000000125,2.14999999999677,68.2615092389393,4.00986542942343,2.44570289972268,27.4159266120244,16.31745,16.31645,326355,"2024_06_25_0020","2024_06_25_0020_ev00159_rec0","no",199584
160,0,16.3772,67.37076998088,71.7606499432587,4.38987996237866,0.399999999999068,27.000000000001,22.2000000000016,41052.6552051008,-40986.6103851776,308141.386502476,22.3640681554304,16.37695,16.37655,327544,"2024_06_25_0020","2024_06_25_0020_ev00160_rec0","no",199585
161,0,16.66345,69.2906199364249,72.5068608148948,3.21624087846986,1.24999999999886,4.34999999999874,2.75000000000247,52.6669231886703,29.6968936064252,5.35244945990013,-330.084421361357,16.6629,16.66165,333269,"2024_06_25_0020","2024_06_25_0020_ev00161_rec0","no",199586
162,0,16.9011,69.4808347326776,76.6863864438741,7.20555171119648,0.150000000001427,0.0500000000016598,0,65.0412020224367,5.28320729119781,4.8324082012544,-107.420701678043,16.9011,16.90095,338022,"2024_06_25_0020","2024_06_25_0020_ev00162_rec0","no",199587
163,0,17.0167,72.4171533617668,78.8200642925618,6.40291093079495,0.199999999999534,0.200000000003087,0,70.9496630911885,3.51088431912839,5.10332479693333,-25.1180582446973,17.0166,17.0164,340334,"2024_06_25_0020","2024_06_25_0020_ev00163_rec0","no",199588
164,0,17.05715,71.1853816259951,75.8674997988729,4.68211817287775,0.399999999999068,5.44999999999973,5.39999999999807,-299716.00019942,299794.870359062,273046.934676177,-260.46364028315,17.0567,17.0563,341143,"2024_06_25_0020","2024_06_25_0020_ev00164_rec0","no",199589
165,0,17.3885,71.3843295286845,76.1255003334804,4.74117080479593,0.199999999999534,3.24999999999775,3.35000000000107,32.2441098360858,45.5594962524478,31.1196719850565,-295.782540637087,17.3883,17.38805,347770,"2024_06_25_0020","2024_06_25_0020_ev00165_rec0","no",199590
166,0,17.47525,66.1487843807863,71.4258326408511,5.27704826006476,0.199999999999534,0.750000000000028,0.550000000000495,63.3894883704371,9.26689715616096,0.819511911812997,-73.7287477855106,17.47515,17.47495,349505,"2024_06_25_0020","2024_06_25_0020_ev00166_rec0","no",199591
167,0,17.5316,66.6935951354854,72.7449515578709,6.05135642238547,0.199999999999534,30.149999999999,30.0000000000011,19484.742662783,-19419.6138729705,193285.035000731,-0.767618394046803,17.5315,17.53125,350632,"2024_06_25_0020","2024_06_25_0020_ev00167_rec0","no",199592
168,0,17.6121,68.0796099905747,74.5056370686663,6.42602707809159,0.350000000000961,2.25000000000009,2.95000000000201,37.1860766170082,35.9300805146113,38.6450589311539,-175.604472781508,17.6121,17.61175,352242,"2024_06_25_0020","2024_06_25_0020_ev00168_rec0","no",199593
169,0,17.69635,66.6887908356897,73.5387357421364,6.84994490644665,1.1499999999991,2.39999999999796,0.199999999999534,66.2545535026397,9.21376782960859,0.181827620398866,-8.33400171474252,17.6963,17.6938,353927,"2024_06_25_0020","2024_06_25_0020_ev00169_rec0","no",199594
170,0,17.86525,71.8244642568895,77.9670560601356,6.14259180324605,0.500000000002387,0.0999999999997669,0,65.5094775386263,7.76715831714184,27.4041887873051,-46.5456395094135,17.86525,17.86475,357305,"2024_06_25_0020","2024_06_25_0020_ev00170_rec0","no",199595
171,0,17.95705,70.6492040795681,77.2328460082047,6.58364192863667,0.150000000001427,0.599999999998602,0.899999999997902,49.885540701497,24.7431440918227,13.7649114447686,-319.541790382386,17.95695,17.95675,359141,"2024_06_25_0020","2024_06_25_0020_ev00171_rec0","no",199596
172,0,18.048,64.188410396103,67.0369762549667,2.84856585886371,0.149999999997874,22.8499999999983,18.3,33085.2796006105,-33021.8819763591,327904.392053998,25.2574673768182,18.0469,18.04675,360960,"2024_06_25_0020","2024_06_25_0020_ev00172_rec0","no",199597
173,0,18.296,72.2147558315239,80.3216623387752,8.10690650725125,0.800000000001688,0.499999999998835,1.1499999999991,71.6986257659192,4.8868716797146,3.54007179041478,4.81389496818004,18.296,18.29515,365920,"2024_06_25_0020","2024_06_25_0020_ev00173_rec0","no",199598
174,0,18.34245,69.8194953882391,76.5653634883226,6.74586810008348,0.599999999998602,3.19999999999965,3.19999999999965,19.0478354406636,58.4493259210243,34.3743570883156,-349.397297794815,18.34205,18.3414,366849,"2024_06_25_0020","2024_06_25_0020_ev00174_rec0","no",199599
175,0,18.52035,69.1624888056083,73.8492245244501,4.6867357188418,0.700000000001921,4.04999999999944,5.2500000000002,69.2296772200302,4.81465673676036,4.96753629078954,28.6822061189851,18.5203,18.51955,370407,"2024_06_25_0020","2024_06_25_0020_ev00175_rec0","no",199600
176,0,18.5516,68.147828630149,72.4666316942994,4.31880306415042,0.199999999999534,1.1999999999972,1.45000000000195,67.5146525285986,3.78225118588078,2.76928081245073,-6.96054459450654,18.5514,18.5512,371032,"2024_06_25_0020","2024_06_25_0020_ev00176_rec0","no",199601
177,0,18.59605,68.4950480446013,71.0354989765743,2.54045093197301,0.550000000000495,30.5,27.9999999999987,18924.5733012675,-18856.5811597632,365812.258193465,9.93518590074982,18.59605,18.5955,371921,"2024_06_25_0020","2024_06_25_0020_ev00177_rec0","no",199602
178,0,18.71675,73.0872098969833,76.9728167882635,3.88560689128018,0.149999999997874,0.900000000001455,0.650000000000261,70.2978210158722,4.89257132775573,4.30483447521804,-60.0894965346322,18.7163,18.71575,374335,"2024_06_25_0020","2024_06_25_0020_ev00178_rec0","no",199603
179,0,18.75185,68.906654822488,77.2392431156097,8.33258829312176,0.40000000000262,2.80000000000058,3.29999999999941,43.2754085829758,33.4920910867295,21.459426632897,-225.207938589791,18.7517,18.7513,375037,"2024_06_25_0020","2024_06_25_0020_ev00179_rec0","no",199604
180,0,18.9036,70.0618363534057,75.3194082557143,5.25757190230861,0.849999999999795,3.19999999999965,3.19999999999965,11.7599476993887,63.3269652735947,64.1620764093511,-230.833595470545,18.9036,18.90275,378072,"2024_06_25_0020","2024_06_25_0020_ev00180_rec0","no",199605
181,0,19.1531,70.1730295179039,76.1430154422522,5.96998592434836,0.299999999999301,0.150000000001427,0,68.0752087655379,3.64818014934842,4.22574122288567,-46.6243726471117,19.1531,19.1528,383062,"2024_06_25_0020","2024_06_25_0020_ev00181_rec0","no",199606
182,0,19.36205,69.5614035987389,74.6247628596808,5.06335926094187,0.399999999999068,5.49999999999784,8.99999999999679,70.8436898715277,3.29563677421449,5.22558877559455,58.1284232552281,19.3618,19.3614,387241,"2024_06_25_0020","2024_06_25_0020_ev00182_rec0","no",199607
184,0,19.5251,72.3653189892669,76.2780999084507,3.91278091918382,0.399999999999068,1.59999999999982,1.40000000000029,73.3731052717803,6.243606948606,0.536822867676893,38.2279667485227,19.52445,19.52405,390502,"2024_06_25_0020","2024_06_25_0020_ev00184_rec0","no",199609
185,0,19.6031,70.3174358768994,76.521458509959,6.20402263305958,0.0999999999997669,30.6999999999995,20.4500000000003,13633.2013791113,-13562.1192342215,181087.121119118,60.3762592373595,19.60245,19.60235,392062,"2024_06_25_0020","2024_06_25_0020_ev00185_rec0","no",199610
186,0,19.8617,72.3642348438667,76.5982502803372,4.23401543647049,0.150000000001427,0.150000000001427,0.249999999997641,70.2204010082566,3.91654796197256,4.41341677881802,-46.3841991377156,19.8616,19.86145,397234,"2024_06_25_0020","2024_06_25_0020_ev00186_rec0","no",199611
187,0,20.06655,72.8176843270823,80.2112043795515,7.39352005246924,0.600000000002154,0.40000000000262,1.09999999999744,70.714607945528,5.18844121044023,15.4227205111326,7.75285679237159,20.06655,20.0659,401331,"2024_06_25_0020","2024_06_25_0020_ev00187_rec0","no",199612
188,0,20.14185,74.4241396423609,78.7302793701418,4.30613972778093,0.0500000000016598,0.250000000001194,0,65.7746167233787,8.62014314579134,52.0390002464341,-62.0729656361752,20.14165,20.14155,402837,"2024_06_25_0020","2024_06_25_0020_ev00188_rec0","no",199613
189,0,20.1674,71.1008490240155,76.8395371403882,5.73868811637269,0.500000000002387,2.34999999999985,2.44999999999962,24.788424191646,52.135759095055,33.3550658687613,-355.609999133567,20.16725,20.1667,403348,"2024_06_25_0020","2024_06_25_0020_ev00189_rec0","no",199614
190,0,20.3311,66.7144593742851,68.956597391663,2.24213801737788,0.40000000000262,0.499999999998835,0.349999999997408,65.5656678441056,2.33474370801097,2.16611089090488,-27.490858253201,20.3311,20.3302,406622,"2024_06_25_0020","2024_06_25_0020_ev00190_rec0","no",199615
191,0,20.5701,70.2498022740963,72.2513316635262,2.00152938942986,0.0999999999997669,0.299999999999301,0,-973.561006368553,1043.60801037313,25995.2782490782,-23.1178876725623,20.56985,20.56975,411402,"2024_06_25_0020","2024_06_25_0020_ev00191_rec0","no",199616
192,0,20.69405,74.1893219840678,76.3106545367411,2.12133255267321,0.0499999999981071,0.249999999997641,0,69.1759970879237,2.56270309622413,34.7184097776142,-98.6358071802578,20.69405,20.69365,413881,"2024_06_25_0020","2024_06_25_0020_ev00192_rec0","no",199617
193,0,20.99785,69.1589861627794,73.0404632830912,3.88147712031181,0.0500000000016598,0.300000000002854,0,31.8111578078529,38.7781685757045,242.993525473512,-24.338634053163,20.9976,20.9975,419957,"2024_06_25_0020","2024_06_25_0020_ev00193_rec0","no",199618
194,0,21.01385,68.7212257788655,71.5162209681586,2.79499518929306,0.250000000001194,30.2500000000023,29.6500000000002,47997.1711457228,-47930.9514395039,401681.127414896,-20.9109304195586,21.01385,21.0135,420277,"2024_06_25_0020","2024_06_25_0020_ev00194_rec0","no",199619
195,0,21.0772,71.1563995882784,77.0024621214339,5.84606253315548,0.299999999999301,2.89999999999679,1.75000000000125,71.188110130574,6.05427720064059,1.66349873375214,18.9751425681916,21.07635,21.0748,421544,"2024_06_25_0020","2024_06_25_0020_ev00195_rec0","no",199620
196,0,21.1381,71.2120619212421,77.9796800035251,6.76761808228305,0.250000000001194,0.250000000001194,0.199999999999534,69.9265853049364,4.06861974426064,2.82264500381147,-25.1008719386304,21.13805,21.13745,422762,"2024_06_25_0020","2024_06_25_0020_ev00196_rec0","no",199621
197,0,21.2854,70.5217642392337,73.713846338795,3.19208209956125,0.750000000000028,6.04999999999833,8.35000000000008,71.2807221525347,3.62211034234954,3.89462173935427,42.0048801093614,21.28495,21.2842,425708,"2024_06_25_0020","2024_06_25_0020_ev00197_rec0","no",199622
198,0,21.30945,70.6177952709373,72.8461085745654,2.2283133036282,0.350000000000961,1.85000000000102,2.15000000000032,69.836937233769,2.77816031476642,3.88244887432629,-11.8115412946962,21.30945,21.3091,426189,"2024_06_25_0020","2024_06_25_0020_ev00198_rec0","no",199623
199,0,21.54765,69.6680447666766,79.9327528575438,10.2647080908672,0.300000000002854,0.249999999997641,1.85000000000102,69.6431632139213,5.06496876164545,6.50196579415184,33.8635035036762,21.5476,21.54725,430953,"2024_06_25_0020","2024_06_25_0020_ev00199_rec0","no",199624
200,0,21.79095,72.3654139509665,75.0579183169927,2.69250436602618,0.550000000000495,0.350000000000961,0,-9309.10405560757,9382.39172652205,131574.414068756,-3.10311765084978,21.7909,21.79025,435819,"2024_06_25_0020","2024_06_25_0020_ev00200_rec0","no",199625
201,0,21.809,72.303368968112,76.4333901559187,4.13002118780672,0.299999999999301,30.2499999999988,30.0000000000011,3043.23462404009,-2971.99361424297,121452.654229241,-19.2385941917607,21.809,21.8087,436180,"2024_06_25_0020","2024_06_25_0020_ev00201_rec0","no",199626
202,0,21.93135,66.2011885942975,69.4207704683676,3.21958187407009,2.45000000000317,1.45000000000195,0,8915.34145277428,-8845.35819983583,139965.52903337,176.011696601237,21.92775,21.9253,438627,"2024_06_25_0020","2024_06_25_0020_ev00202_rec0","no",199627
203,0,22.10035,72.2026750170759,76.4026507053526,4.19997568827677,0.250000000001194,1.55000000000172,2.34999999999985,72.0120283565759,3.40118300718549,3.50243030464389,7.4582740976567,22.10025,22.1,442007,"2024_06_25_0020","2024_06_25_0020_ev00203_rec0","no",199628
204,0,22.12475,72.6345069717441,75.9450867997735,3.31057982802939,0.0999999999997669,0.699999999998369,0.750000000000028,70.1965299488478,4.69541335939484,2.93573205577366,-58.329419737887,22.1245,22.1243,442495,"2024_06_25_0020","2024_06_25_0020_ev00204_rec0","no",199629
205,0,22.24355,74.3241680547179,77.6999927018942,3.37582464717629,0.249999999997641,0.199999999999534,0,70.4008505146771,3.27714413502005,8.79397333987873,-89.3454519721433,22.2435,22.24325,444871,"2024_06_25_0020","2024_06_25_0020_ev00205_rec0","no",199630
206,0,22.3927,69.4777157754239,76.3409620017099,6.86324622628599,0.399999999999068,1.30000000000052,1.99999999999889,53.6976409997451,20.7346678799798,15.9937838571303,-189.485682896964,22.39235,22.39195,447854,"2024_06_25_0020","2024_06_25_0020_ev00206_rec0","no",199631
207,0,22.54145,70.6130139714388,72.9988721548888,2.38585818345003,0.0999999999997669,0.0499999999981071,0,65.0554348639696,5.75313886440058,15.4949334283005,-90.2446915139099,22.54145,22.54135,450829,"2024_06_25_0020","2024_06_25_0020_ev00207_rec0","no",199632
208,0,22.6197,70.6946455186752,77.2191873423773,6.52454182370202,0.399999999999068,0.500000000002387,1.1499999999991,70.2936898356662,4.12241452613232,2.97670974061157,1.63045390283312,22.6197,22.6191,452394,"2024_06_25_0020","2024_06_25_0020_ev00208_rec0","no",199633
209,0,22.8274,73.042059618464,75.2680752846732,2.22601566620914,0.150000000001427,0.149999999997874,0,70.0789683035714,3.23316588192696,3.17001624680887,-78.2496503890273,22.82735,22.827,456548,"2024_06_25_0020","2024_06_25_0020_ev00209_rec0","no",199634
210,0,22.96885,72.7072811240158,74.8109898682618,2.10370874424601,0.199999999999534,1.65000000000148,1.45000000000195,72.5486090096932,5.65625747179784,0.815556439865988,1.51572136717403,22.96845,22.96825,459377,"2024_06_25_0020","2024_06_25_0020_ev00210_rec0","no",199635
211,0,22.99165,74.8574823421974,78.8709037279888,4.01342138579137,0.199999999999534,0.450000000000728,0.450000000000728,70.9040929037376,6.83349116341443,1.96189049310801,-104.470178102187,22.9916,22.99135,459833,"2024_06_25_0020","2024_06_25_0020_ev00211_rec0","no",199636
212,0,23.1205,74.4763890969319,76.9628535632006,2.48646446626866,0.249999999997641,30.2000000000007,30.0000000000011,5092.76577525988,-5020.65331114689,248450.950502908,-61.2222733707784,23.1205,23.12025,462410,"2024_06_25_0020","2024_06_25_0020_ev00212_rec0","no",199637
213,0,23.17005,74.2714324528331,77.9778825641756,3.70645011134245,0.350000000000961,0.549999999996942,0,-22699.2426940775,22773.7177721243,163368.861781397,-54.3387301016071,23.1698,23.16945,463401,"2024_06_25_0020","2024_06_25_0020_ev00213_rec0","no",199638
214,0,23.1899,73.2212936821424,75.3330622494508,2.11176856730836,0.299999999999301,30.2500000000023,30.0000000000011,5665.71096075304,-5594.72615124042,191642.078378614,-53.1681377969475,23.1899,23.1896,463798,"2024_06_25_0020","2024_06_25_0020_ev00214_rec0","no",199639
215,0,23.2146,70.6064030074162,74.5128260094024,3.90642300198618,0.150000000001427,1.85000000000102,2.25000000000009,70.8495626410309,3.67890555133495,2.00279686637544,16.8427125166951,23.2138,23.2136,464292,"2024_06_25_0020","2024_06_25_0020_ev00215_rec0","no",199640
216,0,23.36105,72.5494958799716,76.8691912830653,4.31969540309372,0.250000000001194,0.550000000000495,0.0499999999981071,70.8086797382111,3.37269079765585,3.41170460259498,-39.447998029735,23.36105,23.3603,467221,"2024_06_25_0020","2024_06_25_0020_ev00216_rec0","no",199641
217,0,23.3921,71.7383734174125,77.5502129055817,5.81183948816914,0.450000000000728,0.499999999998835,1.04999999999933,69.9538975316943,5.06261996013088,4.07819965414085,-31.675575847586,23.392,23.39155,467842,"2024_06_25_0020","2024_06_25_0020_ev00217_rec0","no",199642
218,0,23.8359,72.3201159030777,76.4044688503378,4.08435294726016,0.150000000001427,30.3999999999967,29.9999999999976,14586.9200199014,-14516.5072457045,140139.271176563,-9.01130979963254,23.8356,23.8354,476718,"2024_06_25_0020","2024_06_25_0020_ev00218_rec0","no",199643
219,0,24.20545,72.8623924579417,76.2635337259391,3.40114126799736,0.40000000000262,1.50000000000006,1.64999999999793,71.0313539119601,5.04829659230619,3.37522654150657,-36.1837257994654,24.20545,24.2048,484109,"2024_06_25_0020","2024_06_25_0020_ev00219_rec0","no",199644
220,0,24.47505,71.4354571234971,74.7061201684584,3.27066304496137,0.600000000002154,30.4000000000002,14.2999999999986,72.967405173862,-2.276642084557,7.30619212464924,31.8319044786945,24.47505,24.47445,489501,"2024_06_25_0020","2024_06_25_0020_ev00220_rec0","no",199645
221,0,24.4974,72.5564182094212,76.0651717575932,3.50875354817195,0.300000000002854,0.500000000002387,0.750000000000028,69.3864195675385,5.12485476519466,5.34075710678665,-66.4511110380369,24.4974,24.49705,489948,"2024_06_25_0020","2024_06_25_0020_ev00221_rec0","no",199646
222,0,24.5312,69.1351081921195,74.0993828574741,4.96427466535464,0.550000000000495,2.94999999999845,3.29999999999941,69.8687333948256,4.3867963586664,2.38551930643277,36.7136366601211,24.5309,24.5303,490624,"2024_06_25_0020","2024_06_25_0020_ev00222_rec0","no",199647
223,0,24.63335,72.0736199114168,78.6237656826238,6.55014577120703,0.849999999999795,0.199999999999534,0,69.7931654743121,4.47689906519005,7.28242460630608,-34.4222919300846,24.6333,24.63245,492667,"2024_06_25_0020","2024_06_25_0020_ev00223_rec0","no",199648
224,0,24.74955,71.5262169373363,74.432702470853,2.90648553351664,0.0999999999997669,30.0999999999974,29.9999999999976,3623.42499162862,-3553.86193377598,495740.631879412,-55.4546435231969,24.7495,24.7493,494991,"2024_06_25_0020","2024_06_25_0020_ev00224_rec0","no",199649
225,1,25.1349,74.2048494487362,78.5175506619712,4.31270121323502,0.0999999999997669,2.05000000000055,2.30000000000175,72.9162978002789,5.58895978648158,3.48538064865519,-17.2166058253298,25.13445,25.13435,2698,"2024_06_25_0020","2024_06_25_0020_ev00225_rec1","no",199650
226,1,25.15655,72.987034051734,78.1904671642882,5.20343311255418,0.299999999999301,0.199999999999534,0,70.6573641621918,4.0412325492561,8.06156901040386,-37.3486778865868,25.15655,25.15625,3131,"2024_06_25_0020","2024_06_25_0020_ev00226_rec1","no",199651
227,1,25.21495,72.9598003388721,80.155983378952,7.1961830400799,0.250000000001194,1.45000000000195,3.74999999999659,67.1659938701118,9.89220279079604,23.9422601863427,-3.451311994176,25.2149,25.21465,4299,"2024_06_25_0020","2024_06_25_0020_ev00227_rec1","no",199652
228,1,25.33915,69.359679340111,73.4859837988791,4.12630445876809,0.249999999997641,30.2500000000023,30.0000000000011,27049.5449112729,-26981.5128163975,316388.422484722,-0.554862463082277,25.3391,25.3388,6783,"2024_06_25_0020","2024_06_25_0020_ev00228_rec1","no",199653
229,1,25.47775,73.2048312073019,76.4310897077611,3.22625850045917,0.599999999998602,1.7499999999977,1.89999999999912,71.1293500487369,4.41377249453311,6.38878931575326,-31.7616510860982,25.4777,25.47705,9555,"2024_06_25_0020","2024_06_25_0020_ev00229_rec1","no",199654
230,1,25.60885,72.0462673716999,74.7504160133173,2.70414864161738,0.350000000000961,30.3500000000021,30.0000000000011,9409.50613188291,-9339.91509022901,153443.671346599,-44.9446045359133,25.60885,25.60845,12177,"2024_06_25_0020","2024_06_25_0020_ev00230_rec1","no",199655
231,1,25.71875,71.9482341815688,75.4772358131561,3.52900163158728,0.0999999999997669,0.0500000000016598,0,68.1193240887615,3.86187665258377,5.66199698581579,-93.0072101896825,25.71875,25.71865,14375,"2024_06_25_0020","2024_06_25_0020_ev00231_rec1","no",199656
232,1,25.85645,73.5982264223388,76.5365386052934,2.93831218295459,0.650000000000261,0.600000000002154,0.500000000002387,71.1951988998758,4.45902833970906,1.94919890514914,-62.4360581202132,25.85635,25.8557,17129,"2024_06_25_0020","2024_06_25_0020_ev00232_rec1","no",199657
233,1,25.89025,73.4400358745856,77.1728793918062,3.7328435172206,0.200000000003087,0.950000000003115,0.799999999998136,72.3206720891354,2.66323112934981,12.493614856195,0.533213324759735,25.8896,25.88915,17805,"2024_06_25_0020","2024_06_25_0020_ev00233_rec1","no",199658
234,1,26.03645,71.777871714495,76.865026045707,5.08715433121193,0.299999999999301,30.2000000000007,30.0000000000011,15283.5212306288,-15212.5188714025,357104.121417069,-3.0651428667261,26.03645,26.03615,20729,"2024_06_25_0020","2024_06_25_0020_ev00234_rec1","no",199659
235,1,26.25485,70.5922237461159,77.7711032486349,7.17887950251892,0.800000000001688,0.700000000001921,1.1999999999972,70.446015576407,4.38430079989036,2.63894028676601,9.69533867600531,26.25475,26.25395,25097,"2024_06_25_0020","2024_06_25_0020_ev00235_rec1","no",199660
236,1,26.33515,71.5840598745307,76.300340742323,4.71628086779239,0.250000000001194,0.299999999999301,0,68.8462416658175,4.18328577881864,3.2342183193626,-67.4854519494561,26.335,26.3346,26703,"2024_06_25_0020","2024_06_25_0020_ev00236_rec1","no",199661
237,1,26.39285,70.129258804346,73.5206340729323,3.39137526858629,0.350000000000961,3.29999999999941,4.14999999999921,69.8104347162986,3.62813518632991,4.99190699687525,9.99140764745366,26.3928,26.39245,27857,"2024_06_25_0020","2024_06_25_0020_ev00237_rec1","no",199662
238,1,26.5869,70.6896647363804,76.9710080386643,6.28134330228391,0.450000000000728,0.150000000001427,1.95000000000078,66.8872048916819,6.89679670814659,16.4680487033784,-17.1912082501103,26.5869,26.5864,31738,"2024_06_25_0020","2024_06_25_0020_ev00238_rec1","no",199663
239,1,26.92325,71.007094434112,76.5777355569222,5.57064112281017,0.350000000000961,30.1000000000009,30.0000000000011,1374.49096384218,-1303.71271089564,74411.6633948181,1.89977758127008,26.92325,26.92285,38465,"2024_06_25_0020","2024_06_25_0020_ev00239_rec1","no",199664
240,1,26.9722,70.3922922992804,75.0598591109975,4.66756681171711,0.10000000000332,4.89999999999924,7.99999999999912,64.7196459461018,8.88030887514461,43.7864679357657,26.1144555924625,26.9719,26.9712,39444,"2024_06_25_0020","2024_06_25_0020_ev00240_rec1","no",199665
241,1,27.0619,71.4508687382672,74.2099338943976,2.75906515613042,0.0999999999997669,0.0500000000016598,0,69.314611241957,2.30269342451055,4.14020358847271,-54.6029225545294,27.0619,27.0618,41238,"2024_06_25_0020","2024_06_25_0020_ev00241_rec1","no",199666
242,1,27.17055,70.1286724349768,73.5968555391117,3.46818310413487,0.0999999999997669,0.249999999997641,0,67.9157425095096,3.41227299239974,4.88822054039399,-48.8261216146126,27.17035,27.17025,43411,"2024_06_25_0020","2024_06_25_0020_ev00242_rec1","no",199667
243,1,27.2148,71.179079183515,76.5322736201615,5.35319443664653,0.0500000000016598,1.1499999999991,2.15000000000032,70.6531775168108,3.68510897381474,5.60676338996482,7.78296020495413,27.2143,27.21425,44296,"2024_06_25_0020","2024_06_25_0020_ev00243_rec1","no",199668
244,1,27.37765,69.991219660838,75.3600550650726,5.36883540423467,0.299999999999301,0.249999999997641,0,69.2271595528436,2.25705498386478,2.47066872097087,-15.8650578664988,27.37765,27.37735,47553,"2024_06_25_0020","2024_06_25_0020_ev00244_rec1","no",199669
245,1,27.4094,69.136084871307,74.0752269689501,4.93914209764314,1.04999999999933,0.800000000001688,0.549999999996942,25.7122568210292,66.0593039760477,1.43455121469109,-1202.39160178581,27.4089,27.4077,48188,"2024_06_25_0020","2024_06_25_0020_ev00245_rec1","no",199670
246,1,27.63195,70.1140528331902,74.7709721398978,4.65691930670766,0.299999999999301,0.450000000000728,0.199999999999534,67.6108248616667,7.9068430619815,0.338935953647807,-71.1986817111298,27.6319,27.6315,52639,"2024_06_25_0020","2024_06_25_0020_ev00246_rec1","no",199671
247,1,27.83025,72.2439892428151,74.4015800160675,2.15759077325239,0.0500000000016598,0.199999999999534,0.199999999999534,67.7345583541879,9.10603292197612,0.327735513826453,-131.624020321222,27.83,27.82995,56605,"2024_06_25_0020","2024_06_25_0020_ev00247_rec1","no",199672
248,1,27.97275,70.1913289500604,72.7077462837581,2.51641733369767,0.550000000000495,5.60000000000116,5.39999999999807,-144892.527079219,144967.93223917,182518.981013712,-199.489672595542,27.97265,27.97205,59455,"2024_06_25_0020","2024_06_25_0020_ev00248_rec1","no",199673
249,1,28.1465,69.0544721681881,76.403485977589,7.3490138094009,0.650000000000261,1.20000000000076,1.10000000000099,69.4659513037114,4.31313046985874,1.76566225557339,24.2388633532038,28.14635,28.14545,62930,"2024_06_25_0020","2024_06_25_0020_ev00249_rec1","no",199674
250,1,28.2935,69.5307521922318,72.8398668076084,3.30911461537667,0.499999999998835,2.10000000000221,2.14999999999677,68.8340029933093,4.39971539683987,2.56541755173745,-7.4010358432429,28.29345,28.2929,65870,"2024_06_25_0020","2024_06_25_0020_ev00250_rec1","no",199675
251,1,28.38415,68.9970485111342,74.2160496377472,5.21900112661302,0.300000000002854,0.250000000001194,0.199999999999534,67.8458942968453,3.24052064327078,4.17528432410561,-19.5247343718772,28.38415,28.38385,67683,"2024_06_25_0020","2024_06_25_0020_ev00251_rec1","no",199676
252,1,28.4802,68.06648546436,74.6842905194094,6.61780505504943,0.499999999998835,30.2000000000007,24.0000000000009,111145.159985532,-111078.048271991,783284.342348527,36.3627487295914,28.4802,28.4797,69604,"2024_06_25_0020","2024_06_25_0020_ev00252_rec1","no",199677
253,1,28.5071,68.7610167351744,72.8874011687545,4.12638443358009,0.750000000000028,6.75000000000026,5.8499999999988,68.2035986450535,4.19482794202597,8.39798631836994,26.8623399077557,28.505,28.50405,70142,"2024_06_25_0020","2024_06_25_0020_ev00253_rec1","no",199678
254,1,28.57675,68.6998381083214,72.8845807582402,4.18474264991873,0.750000000000028,31.25,30.0000000000011,4741.13322002112,-4672.07207667086,133356.118935293,30.32170143424,28.5765,28.57545,71535,"2024_06_25_0020","2024_06_25_0020_ev00254_rec1","no",199679
255,1,28.61615,70.50651016047,75.5392332092201,5.03272304875011,0.699999999998369,0.199999999999534,0,69.0968698492644,2.09991057597747,3.0591202654854,-33.460416682952,28.6161,28.6147,72323,"2024_06_25_0020","2024_06_25_0020_ev00255_rec1","no",199680
256,1,28.71,67.6096978492692,70.2798839402125,2.67018609094329,0.299999999999301,1.95000000000078,2.70000000000081,60.2190409004824,9.70494464384768,18.5288565903257,-76.2830865635887,28.71,28.7097,74200,"2024_06_25_0020","2024_06_25_0020_ev00256_rec1","no",199681
257,1,28.94175,71.8629995100731,74.341619952496,2.47862044242288,0.199999999999534,0.450000000000728,0.550000000000495,68.1751978054484,5.13437892317647,4.92509438565852,-84.6019233862175,28.9417,28.9415,78835,"2024_06_25_0020","2024_06_25_0020_ev00257_rec1","no",199682
258,1,29.05125,73.0613464615872,75.9392500301352,2.87790356854795,0.149999999997874,2.80000000000058,2.74999999999892,27.2833080004131,58.0134066159477,12.8707513954147,-698.761817294022,29.05125,29.05105,81025,"2024_06_25_0020","2024_06_25_0020_ev00258_rec1","no",199683
259,1,29.2031,64.063580037562,67.3189864316212,3.25540639405926,0.299999999999301,30.9500000000007,22.5000000000009,25530.1645293994,-25465.9983475012,519976.708967381,29.0479679786365,29.2024,29.2021,84062,"2024_06_25_0020","2024_06_25_0020_ev00259_rec1","no",199684
260,1,29.29335,66.6632155497459,72.6666389889847,6.00342343923889,0.299999999999301,0.699999999998369,1.1499999999991,66.0773910228529,4.05494985332548,3.09766014629987,-3.1314417684687,29.29325,29.29295,85867,"2024_06_25_0020","2024_06_25_0020_ev00260_rec1","no",199685
261,1,29.3581,65.9416348370867,75.1836764835589,9.24204164647215,0.300000000002854,1.69999999999959,2.05000000000055,68.1278611179022,4.30737557690328,1.62704035597176,76.690755533521,29.35805,29.3572,87162,"2024_06_25_0020","2024_06_25_0020_ev00261_rec1","no",199686
262,1,29.44275,70.5446577956935,76.4626020000332,5.91794420433972,2.25000000000009,5.60000000000116,3.45000000000084,70.1030388727023,3.52829191820515,11.7925624475744,45.5718703680082,29.4417,29.4374,88855,"2024_06_25_0020","2024_06_25_0020_ev00262_rec1","no",199687
263,1,29.53895,70.2611779488181,74.2584383726219,3.99726042380385,0.250000000001194,0.399999999999068,0,66.422892387766,4.5681475776978,11.0805715480001,-66.0822460089436,29.5387,29.5384,90779,"2024_06_25_0020","2024_06_25_0020_ev00263_rec1","no",199688
264,1,29.8597,72.3216269534573,76.0964921786915,3.77486522523419,0.199999999999534,0.800000000001688,0.750000000000028,70.6798811245832,4.25730592282482,2.2937675979085,-37.119983094657,29.8593,29.85905,97194,"2024_06_25_0020","2024_06_25_0020_ev00264_rec1","no",199689
265,1,29.89145,71.3920593849083,76.2656196624653,4.87356027755699,0.199999999999534,0.0999999999997669,0,70.2862050207791,1.37305307548195,4.26945112132471,-26.9090022178481,29.89145,29.8912,97829,"2024_06_25_0020","2024_06_25_0020_ev00265_rec1","no",199690
266,1,29.9396,71.4165426482893,75.8225733927031,4.40603074441385,0.0999999999997669,0.300000000002854,0,69.062868257966,2.60571771533177,7.74479169639116,-49.7639929447099,29.9394,29.9393,98792,"2024_06_25_0020","2024_06_25_0020_ev00266_rec1","no",199691
267,1,29.97565,70.1748122094779,72.3548994703338,2.18008726085583,0.0999999999997669,5.55000000000305,6.25000000000142,69.5130154805839,3.7475226681194,6.65215845540119,6.31341398098801,29.97525,29.97515,99513,"2024_06_25_0020","2024_06_25_0020_ev00267_rec1","no",199692
268,1,30.055,71.476141040384,75.5197886076049,4.04364756722092,0.0999999999997669,0.249999999997641,0,68.6912505821555,2.67317588814151,6.64239511691435,-64.6482905990469,30.0548,30.0547,101100,"2024_06_25_0020","2024_06_25_0020_ev00268_rec1","no",199693
269,1,30.2876,69.0041786822851,71.0632112286439,2.05903254635881,0.199999999999534,0.150000000001427,0,57.7206683201939,11.3022512214411,40.82688695268,-97.9701283981688,30.2876,30.2874,105752,"2024_06_25_0020","2024_06_25_0020_ev00269_rec1","no",199694
270,1,30.4408,70.7766521364485,72.8893771765856,2.11272504013705,0.0499999999981071,0.0499999999981071,0,66.9821548130175,1.56969307670453,12.9749301166751,-95.4878111921163,30.4408,30.4407,108816,"2024_06_25_0020","2024_06_25_0020_ev00270_rec1","no",199695
271,1,30.48545,68.1159386046466,72.8661458898546,4.75020728520803,0.250000000001194,28.9500000000018,18.6999999999991,33541.9046908147,-33473.1892784973,541087.51023906,48.4079602060009,30.4849,30.48465,109709,"2024_06_25_0020","2024_06_25_0020_ev00271_rec1","no",199696
272,1,30.5477,72.3913778379502,75.9045537820045,3.5131759440543,0.349999999997408,0.699999999998369,0.550000000000495,70.0381500282399,4.66571009329856,2.3325557412046,-58.3434633792903,30.5476,30.54725,110954,"2024_06_25_0020","2024_06_25_0020_ev00272_rec1","no",199697
273,1,30.64165,71.7403727136789,76.2981227940949,4.55775008041604,0.399999999999068,2.25000000000009,2.69999999999726,72.1790332367269,4.54660132568242,2.07071318543251,24.7708056696981,30.6416,30.6412,112833,"2024_06_25_0020","2024_06_25_0020_ev00273_rec1","no",199698
274,1,30.6701,72.8477610413689,75.180780483256,2.33301944188713,0.350000000000961,0.399999999999068,0.399999999999068,68.3509041667764,5.45707576260122,22.6391837648461,-42.5996231638511,30.6701,30.6696,113402,"2024_06_25_0020","2024_06_25_0020_ev00274_rec1","no",199699
275,1,30.72385,71.599226155112,76.3625537389006,4.76332758378854,0.250000000001194,0.299999999999301,0.449999999997175,70.0365039396085,3.99229433285522,2.3719016392301,-36.068050966542,30.7238,30.72355,114477,"2024_06_25_0020","2024_06_25_0020_ev00275_rec1","no",199700
276,1,31.0668,70.0216626520218,75.9032441699953,5.88158151797352,0.199999999999534,0.349999999997408,0.350000000000961,69.2578616428958,7.11659243535275,0.401198896797143,-19.5353382309808,31.0668,31.0666,121336,"2024_06_25_0020","2024_06_25_0020_ev00276_rec1","no",199701
277,1,31.1519,72.8295872552759,76.6031604960596,3.77357324078363,0.300000000002854,0.250000000001194,0,70.2156488187615,2.81354051892507,3.78355026047128,-66.6846538332151,31.1519,31.1514,123038,"2024_06_25_0020","2024_06_25_0020_ev00277_rec1","no",199702
278,1,31.18725,69.6905904403547,76.0704686203774,6.37987818002267,0.450000000000728,1.1499999999991,1.7999999999958,70.7179394373263,3.49968317395736,1.87205779891396,39.5147483108735,31.1872,31.1865,123745,"2024_06_25_0020","2024_06_25_0020_ev00278_rec1","no",199703
279,1,31.21615,70.409696229489,73.8058686576907,3.39617242820167,0.40000000000262,30.3499999999985,29.9999999999976,16845.2467294289,-16775.8473762679,322225.895880421,-5.28511345458665,31.21615,31.2157,124323,"2024_06_25_0020","2024_06_25_0020_ev00279_rec1","no",199704
280,1,31.2611,70.9151255349326,77.3214452741501,6.40631973921751,0.199999999999534,30.149999999999,30.0000000000011,22665.1944015855,-22596.5560162574,510851.040412371,-47.7160583399754,31.2611,31.26085,125222,"2024_06_25_0020","2024_06_25_0020_ev00280_rec1","no",199705
281,1,31.3904,74.6866918210728,79.6017689513136,4.91507713024079,0.349999999997408,0.199999999999534,0.450000000000728,71.6257684317117,5.16396484028205,7.99117269049976,-50.030872639139,31.3903,31.3898,127808,"2024_06_25_0020","2024_06_25_0020_ev00281_rec1","no",199706
282,1,31.45945,72.3966943253788,84.8681250926135,12.4714307672348,3.19999999999965,3.19999999999965,5.8499999999988,73.6315567822345,5.09716512724005,14.2789320270358,122.70969826365,31.4594,31.4556,129189,"2024_06_25_0020","2024_06_25_0020_ev00282_rec1","no",199707
283,1,31.47275,74.9648539201327,78.2255796552835,3.26072573515077,0.0999999999997669,1.20000000000076,0.899999999997902,74.4893831571584,2.13282308987374,3.81177590842942,-2.46391048389897,31.47195,31.4715,129455,"2024_06_25_0020","2024_06_25_0020_ev00283_rec1","no",199708
284,1,31.4948,72.2710469187836,78.8459056090646,6.57485869028102,0.450000000000728,2.94999999999845,4.6999999999997,70.7801295334433,5.88847711332771,11.5219060995897,20.8679407555013,31.49455,31.4941,129896,"2024_06_25_0020","2024_06_25_0020_ev00284_rec1","no",199709
285,1,31.565,75.8410108970779,83.0208078935683,7.1797969964904,1.00000000000122,1.85000000000102,0,73.9252860810591,4.13669354047015,10.0124538248827,-16.0317004797484,31.565,31.563,131300,"2024_06_25_0020","2024_06_25_0020_ev00285_rec1","no",199710
286,1,31.6355,73.4974340778236,75.5497672972282,2.05233321940453,0.350000000000961,23.5999999999983,20.150000000001,37681.0223936257,-37608.7077355057,390160.80182303,10.2714057312002,31.6351,31.63475,132710,"2024_06_25_0020","2024_06_25_0020_ev00286_rec1","no",199711
287,1,31.66655,75.912841782605,79.2831747221952,3.37033293959021,0.399999999999068,0.800000000001688,1.1499999999991,73.3328836290767,4.53177342240847,6.65675197161106,-46.3311073854927,31.6665,31.6661,133331,"2024_06_25_0020","2024_06_25_0020_ev00287_rec1","no",199712
288,1,31.71995,73.8065122700493,79.593431811441,5.78691954139174,0.499999999998835,0.299999999999301,0,70.9424048111362,3.96479540882653,3.81312308391138,-69.1484479641302,31.71985,31.7193,134399,"2024_06_25_0020","2024_06_25_0020_ev00288_rec1","no",199713
289,1,31.75945,71.54508408954,73.7803607574513,2.23527666791129,0.450000000000728,30.3499999999985,29.049999999998,9760.85545463,-9690.2047216521,163432.85240507,0.957317326962835,31.75945,31.759,135189,"2024_06_25_0020","2024_06_25_0020_ev00289_rec1","no",199714
290,1,32.103,74.1962049251021,82.1898033777076,7.99359845260554,0.300000000002854,30.2499999999952,30.0000000000011,11697.9153623788,-11624.7757339678,166574.18174058,1.25578290746329,32.10295,32.10265,142060,"2024_06_25_0020","2024_06_25_0020_ev00290_rec1","no",199715
291,1,32.50865,72.6537785460563,77.3991697681004,4.74539122204409,0.10000000000332,0.199999999999534,0.300000000002854,70.9603976452426,4.01078624460442,2.12889213777357,-41.1530242287239,32.5085,32.50835,150173,"2024_06_25_0020","2024_06_25_0020_ev00291_rec1","no",199716
292,1,32.5707,71.2134858269356,79.3789331356362,8.16544730870064,0.349999999997408,0.399999999999068,1.15000000000265,70.2835195582535,5.39063556525836,3.70355219266651,-6.40765787581385,32.5707,32.57035,151414,"2024_06_25_0020","2024_06_25_0020_ev00292_rec1","no",199717
293,1,32.8514,71.6824189381964,76.2521814189197,4.56976248072323,0.199999999992428,0.500000000002387,0.699999999994816,70.525571536363,3.71556695031345,2.69940015238891,-23.3215242072402,32.85125,32.85105,157028,"2024_06_25_0020","2024_06_25_0020_ev00293_rec1","no",199718
294,1,32.9854,73.7991057434648,78.2569154696555,4.4578097261907,0.749999999996476,1.80000000000291,1.75000000000125,71.8035032099011,6.64158787253963,2.93728291021664,-37.5993647238125,32.9853,32.9845,159708,"2024_06_25_0020","2024_06_25_0020_ev00294_rec1","no",199719
295,1,33.2056,73.6205730679762,80.8160476127424,7.19547454476616,0.300000000002854,0.149999999997874,1.50000000000006,69.8392442630818,7.08787382447465,15.7545790944269,-17.4049369398668,33.2056,33.20525,164112,"2024_06_25_0020","2024_06_25_0020_ev00295_rec1","no",199720
296,1,33.29745,73.5214687695927,76.3416718479826,2.82020307838991,0.300000000002854,0.10000000000332,0,69.8582699248505,3.88656589863057,5.14493015307815,-88.9210094211616,33.29705,33.2967,165949,"2024_06_25_0020","2024_06_25_0020_ev00296_rec1","no",199721
297,1,33.52445,72.7012276568547,77.7934766958059,5.09224903895117,1.00000000000477,0.250000000001194,0.700000000001921,71.6065247642286,3.56504812678109,3.82149099544544,-15.1242067226611,33.5244,33.5228,170489,"2024_06_25_0020","2024_06_25_0020_ev00297_rec1","no",199722
298,1,33.9742,70.5523803535894,76.2255054151356,5.67312506154624,0.300000000002854,2.45000000000317,3.79999999999825,72.2275568676275,1.73661428959914,2.70379377902359,62.3377654765229,33.97235,33.972,179484,"2024_06_25_0020","2024_06_25_0020_ev00298_rec1","no",199723
299,1,34.00325,71.2149673909534,73.2520832113644,2.03711582041102,0.650000000000261,1.89999999999912,2.9000000000039,71.6118984656455,0.919044376664308,3.08470386700066,15.7125968336666,34.00315,34.0025,180065,"2024_06_25_0020","2024_06_25_0020_ev00299_rec1","no",199724
300,1,34.0792,73.7457590377634,79.7339361239977,5.98817708623423,1.04999999999222,1.55000000000172,1.1999999999972,71.4382916532865,5.93211603780691,4.42381502257757,-39.662502664521,34.079,34.07735,181584,"2024_06_25_0020","2024_06_25_0020_ev00300_rec1","no",199725
301,1,34.1346,72.4098306698875,75.8178282749579,3.40799760507038,0.250000000001194,30.0499999999957,29.999999999994,18230.5981904139,-18160.5908620154,208953.965311681,-31.9523181177127,34.1343,34.134,182692,"2024_06_25_0020","2024_06_25_0020_ev00301_rec1","no",199726
302,1,34.1935,71.3534761511975,74.9880282670987,3.63455211590122,0.300000000002854,0.250000000001194,0.299999999995748,69.3566566471356,3.580286149877,4.12819904437951,-43.8718323283858,34.1935,34.19315,183870,"2024_06_25_0020","2024_06_25_0020_ev00302_rec1","no",199727
303,1,34.35785,73.301650119954,77.0035651887149,3.70191506876084,0.300000000002854,1.55000000000172,1.7999999999958,71.7667512749159,4.20641036031542,4.80679625437917,-24.4243859505734,34.3576,34.35725,187157,"2024_06_25_0020","2024_06_25_0020_ev00303_rec1","no",199728
304,1,34.3737,71.5076007287983,76.8990453829463,5.39144465414797,0.650000000000261,0.300000000002854,0,69.3528689195842,4.03133659337301,9.29085082724553,-24.2580635228775,34.37325,34.3726,187474,"2024_06_25_0020","2024_06_25_0020_ev00304_rec1","no",199729
305,1,34.5556,71.7603308889335,77.6764480326783,5.91611714374481,0.500000000002387,0.199999999999534,0,69.7541720148578,3.79389851463901,8.52473584959144,-27.2640209584778,34.5555,34.55495,191112,"2024_06_25_0020","2024_06_25_0020_ev00305_rec1","no",199730
306,1,34.7064,71.0335421747347,76.7714344777252,5.73789230299045,0.250000000001194,30.149999999999,30.0000000000011,5427.9267587422,-5358.07027173171,137029.017498333,-17.1598689055448,34.7064,34.7061,194128,"2024_06_25_0020","2024_06_25_0020_ev00306_rec1","no",199731
308,1,34.86335,71.9956582210076,78.0459764335874,6.05031821257977,0.199999999999534,0.450000000000728,0.599999999998602,69.9227671054522,6.43279192966812,1.55521716755103,-51.5484556303467,34.86335,34.86315,197267,"2024_06_25_0020","2024_06_25_0020_ev00308_rec1","no",199733
309,1,34.92365,71.3922018938888,77.1758160903912,5.7836141965024,0.549999999996942,1.1999999999972,1.69999999999959,71.6888299099444,4.12619873811474,2.09057743910546,19.8189138842009,34.9236,34.923,198473,"2024_06_25_0020","2024_06_25_0020_ev00309_rec1","no",199734
310,1,34.98545,69.8637426777369,72.3688942201184,2.50515154238155,0.399999999999068,11.5000000000052,13.149999999996,60.1134866968887,13.0338927916393,65.8980339084649,23.4248010681417,34.98545,34.98505,199709,"2024_06_25_0020","2024_06_25_0020_ev00310_rec1","no",199735
311,1,35.2711,73.3380998883929,81.3598556518555,8.02175576346261,0.900000000001455,0.799999999998136,0.250000000001194,72.7882935453491,10.5163933877977,0.236858764468476,-9.95875843593065,35.27085,35.2699,205422,"2024_06_25_0020","2024_06_25_0020_ev00311_rec1","no",199736
312,1,35.46445,73.9397321428571,76.416015625,2.47628348214286,0.399999999999068,2.6499999999956,1.99999999999534,71.2338242389538,5.24427511189711,5.46213299279694,-51.096452985491,35.46395,35.4633,209289,"2024_06_25_0020","2024_06_25_0020_ev00312_rec1","no",199737
313,1,35.6248,73.3351934523809,78.67431640625,5.33912295386905,0.89999999999435,1.75000000000125,0.950000000003115,73.6947052181656,3.84830902074186,1.07087224450978,17.8806830814908,35.6248,35.62305,212496,"2024_06_25_0020","2024_06_25_0020_ev00313_rec1","no",199738
314,1,35.7141,74.3582589285714,78.2470703125,3.88881138392857,0.299999999995748,0.299999999995748,0,72.0597614233788,2.68941486327929,8.01684514624342,-46.3265562874931,35.7141,35.71375,214282,"2024_06_25_0020","2024_06_25_0020_ev00314_rec1","no",199739
315,1,35.7857,75.3696986607143,79.345703125,3.97600446428571,0.250000000001194,0.500000000002387,0.0999999999962142,72.2369887975125,5.17341392516773,0.788772431769141,-88.5964541299005,35.7857,35.78515,215714,"2024_06_25_0020","2024_06_25_0020_ev00315_rec1","no",199740
316,1,35.81455,73.3468191964286,76.47705078125,3.13023158482143,0.299999999995748,0.299999999995748,0.250000000001194,72.3162722030033,2.45149356348608,2.15574359648167,-24.2871965680803,35.81455,35.81415,216291,"2024_06_25_0020","2024_06_25_0020_ev00316_rec1","no",199741
317,1,35.92845,72.2104027157738,75.37841796875,3.16801525297619,0.0999999999962142,0.499999999995282,0.299999999995748,70.9000638817627,7.23199633792364,0.301506440188891,-36.5578061058408,35.9282,35.9281,218569,"2024_06_25_0020","2024_06_25_0020_ev00317_rec1","no",199742
318,1,36.03265,74.2768787202381,79.2236328125,4.9467540922619,0.199999999999534,0.199999999999534,0,-21707.6248205663,21780.5504404685,186594.276480891,-92.2627766927085,36.0326,36.03235,220653,"2024_06_25_0020","2024_06_25_0020_ev00318_rec1","no",199743
319,1,36.0523,70.9083193824405,74.70703125,3.79871186755952,0.250000000001194,24.8999999999953,20.8500000000029,20472.1207910302,-20402.9318600626,136173.79446585,18.1077503022692,36.05175,36.0515,221046,"2024_06_25_0020","2024_06_25_0020_ev00319_rec1","no",199744
320,1,36.2598,75.1139322916667,79.89501953125,4.78108723958333,0.250000000001194,0.349999999997408,0.450000000000728,72.4566890832528,5.30148585337932,2.63017503420265,-64.5553600311281,36.2598,36.25955,225196,"2024_06_25_0020","2024_06_25_0020_ev00320_rec1","no",199745
321,1,36.3468,72.20458984375,76.84326171875,4.638671875,0.500000000002387,1.30000000000052,1.30000000000052,72.2543846329896,2.51326070469034,3.15564892624738,11.7019653320312,36.34665,36.3455,226936,"2024_06_25_0020","2024_06_25_0020_ev00321_rec1","no",199746
322,1,36.42775,72.8730701264881,80.4443283081055,7.57125818161737,0.700000000001921,30.2500000000023,30.0000000000011,2791.59615396347,-2718.56497988272,199481.332715062,15.4366618020192,36.42725,36.42645,228555,"2024_06_25_0020","2024_06_25_0020_ev00322_rec1","no",199747
323,1,36.4677,72.9108537946429,77.33154296875,4.42068917410714,0.349999999997408,1.84999999999746,1.65000000000504,68.3286511542294,9.40151291313986,3.95673362762177,-97.412553542001,36.46735,36.46695,229354,"2024_06_25_0020","2024_06_25_0020_ev00323_rec1","no",199748
324,1,36.55235,74.9192010788691,76.96533203125,2.04613095238095,0.300000000002854,1.4500000000055,1.24999999999886,65.5581779332417,16.6104963993569,2.48480707403164,-238.27161471049,36.55235,36.55205,231047,"2024_06_25_0020","2024_06_25_0020_ev00324_rec1","no",199749
325,1,36.70765,70.9083193824405,76.66015625,5.75183686755952,0.250000000001194,1.75000000000125,2.19999999999487,56.2382311183766,19.364863108553,15.3230633537832,-183.842088276999,36.7075,36.70725,234153,"2024_06_25_0020","2024_06_25_0020_ev00325_rec1","no",199750
326,1,36.761,68.2140531994048,73.6083984375,5.39434523809524,4.50000000000017,5.5499999999995,2.94999999999845,54.4970617836163,19.9211032936042,12.3399303415644,-180.714394101642,36.7609,36.7556,235220,"2024_06_25_0020","2024_06_25_0020_ev00326_rec1","no",199751
327,1,36.7931,38.7602293831961,63.6596641540527,24.8994347708566,8.35000000000008,13.1500000000031,3.30000000000297,35.5655264644968,29.6809053714017,3.782229910339,291.329750047411,36.7873,36.7784,235862,"2024_06_25_0020","2024_06_25_0020_ev00327_rec1","no",199752
328,1,36.8555,53.3447227478027,57.8002891540527,4.45556640625,2.89999999999679,6.00000000000023,4.59999999999638,-131077.032798509,131134.210542308,275321.964897088,-80.5114673137665,36.85425,36.8513,237110,"2024_06_25_0020","2024_06_25_0020_ev00328_rec1","no",199753
329,1,36.8748,53.6789628891718,59.2651329040527,5.58617001488095,0.149999999997874,1.64999999999793,1.65000000000504,34.6111452488187,29.0548103462915,5.13496226897032,-422.272758156913,36.8747,36.87455,237496,"2024_06_25_0020","2024_06_25_0020_ev00329_rec1","no",199754
330,1,36.91505,39.4345219930013,48.5839805603027,9.14945856730143,3.5000000000025,11.1500000000007,3.15000000000509,38.6930169550516,10.2105510449287,3.47924865531862,47.7787362098693,36.91495,36.9052,238301,"2024_06_25_0020","2024_06_25_0020_ev00330_rec1","no",199755
331,1,36.9434,39.5449667431059,45.3491172790527,5.8041505359468,0.900000000001455,4.55000000000183,2.00000000000244,14.193765774662,42.5349220306636,4.62447427914981,-550.070037625934,36.94215,36.93975,238868,"2024_06_25_0020","2024_06_25_0020_ev00331_rec1","no",199756
332,1,37.02585,38.9811192467099,46.3867149353027,7.40559568859282,1.04999999999933,37.0500000000007,28.2499999999999,86224.3071456987,-86188.6182976516,403795.436122731,35.045813133603,37.0237,37.017,240517,"2024_06_25_0020","2024_06_25_0020_ev00332_rec1","no",199757
333,1,37.07975,47.7876170930408,55.8471641540527,8.05954706101191,0.10000000000332,4.99999999999545,5.24999999999665,29.7927429669207,28.340910159816,17.5291434005883,-116.17318138395,37.0795,37.0747,241595,"2024_06_25_0020","2024_06_25_0020_ev00333_rec1","no",199758
334,1,37.1835,53.3476291838146,56.3964805603027,3.04885137648809,0.299999999995748,0.94999999999601,0.700000000001921,31.5332765242408,30.5736069514737,2.51743658047664,-576.410862414042,37.1835,37.1832,243670,"2024_06_25_0020","2024_06_25_0020_ev00334_rec1","no",199759
335,1,37.232,39.7338850838797,52.1240196228027,12.390134538923,3.60000000000582,16.8000000000035,30.0000000000011,44.3633642485569,9.80473458302857,6.57855731313351,258.673031003135,37.22945,37.22385,244640,"2024_06_25_0020","2024_06_25_0020_ev00335_rec1","no",199760
336,1,37.2892,50.6998659769694,55.2368125915527,4.53694661458334,0.299999999995748,6.79999999999836,6.90000000000168,-378947.60430837,379006.309685023,412036.543733079,-171.006742429733,37.2888,37.2885,245784,"2024_06_25_0020","2024_06_25_0020_ev00336_rec1","no",199761
337,1,37.3924,53.5597990126837,56.5185508728027,2.95875186011905,1.04999999999933,2.49999999999773,2.54999999999939,-100144.41684903,100200.305788973,207326.610540402,-140.800324839637,37.39055,37.3873,247848,"2024_06_25_0020","2024_06_25_0020_ev00337_rec1","no",199762
338,1,37.4962,58.7652259100051,65.673828125,6.90860221499489,0.89999999999435,0.300000000002854,0.599999999998602,51.4180470453561,10.8620209405603,6.34139969208635,-148.221260016305,37.4962,37.49445,249924,"2024_06_25_0020","2024_06_25_0020_ev00338_rec1","no",199763
339,1,37.5539,58.8466062999907,64.39208984375,5.5454835437593,0.10000000000332,4.30000000000064,2.39999999999441,49.793520343695,13.5698048608918,11.9137708933789,-120.899314630599,37.5513,37.55105,251078,"2024_06_25_0020","2024_06_25_0020_ev00339_rec1","no",199764
340,1,37.67675,39.2020076570057,46.9360313415527,7.73402368454706,0.549999999996942,0.799999999998136,0.749999999996476,34.29561456619,13.5415720260408,1.32057218738991,-127.090883581979,37.6766,37.6759,253535,"2024_06_25_0020","2024_06_25_0020_ev00340_rec1","no",199765
341,1,37.71015,38.048152196975,43.5790977478027,5.53094555082775,1.34999999999508,2.45000000000317,1.39999999999674,-1.59049837297519,44.9347560257886,18.3621916965936,-514.863196720547,37.70915,37.707,254203,"2024_06_25_0020","2024_06_25_0020_ev00341_rec1","no",199766
342,1,37.7392,-3.50806802724089,19.6533203125,23.1613883397409,9.45000000000107,39.2999999999972,30.0000000000011,8.612843194628,12.1682409055062,0.878933035448008,522.461126242445,37.7375,37.72785,254784,"2024_06_25_0020","2024_06_25_0020_ev00342_rec1","no",199767
343,1,37.78995,19.5603132247925,42.4804649353027,22.9201517105103,12.6500000000007,24.6499999999941,0,41781.403003199,-41752.0133516129,256435.012491587,587.800024867058,37.7852,37.77255,255799,"2024_06_25_0020","2024_06_25_0020_ev00343_rec1","no",199768
344,1,37.8908,56.4749543326242,63.8427696228027,7.36781529017857,2.60000000000105,0.700000000001921,0.650000000000261,43.0464810602044,21.9863741733754,2.07450197121269,-357.580766459874,37.8908,37.8876,257816,"2024_06_25_0020","2024_06_25_0020_ev00344_rec1","no",199769
345,1,37.92425,44.0150631495884,48.8891563415527,4.87409319196428,0.199999999999534,24.4,17.6499999999962,60580.5830724341,-60536.6355089939,571367.157770901,59.2230710165841,37.92225,37.9214,258485,"2024_06_25_0020","2024_06_25_0020_ev00345_rec1","no",199770
346,1,37.9707,51.4555393400646,60.9741172790527,9.5185779389881,0.399999999999068,11.7499999999993,3.5000000000025,26.7587689562884,42.9295626421749,8.29786605085562,-369.431432701292,37.96515,37.9615,259414,"2024_06_25_0020","2024_06_25_0020_ev00346_rec1","no",199771
347,1,38.0262,43.0297813415527,52.4902305603027,9.46044921875,2.29999999999819,6.54999999999717,4.75000000000136,-291804.333019025,291854.537155142,376010.036055027,-114.080760908127,38.02575,38.02115,260524,"2024_06_25_0020","2024_06_25_0020_ev00347_rec1","no",199772
348,1,38.11535,47.4853477478027,56.7016563415527,9.21630859375,2.49999999999773,8.24999999999676,1.95000000000078,44.9580503759532,16.5595742218979,1.90898551546,3.63007316589356,38.11055,38.108,262307,"2024_06_25_0020","2024_06_25_0020_ev00348_rec1","no",199773
349,1,38.19105,57.9020144144694,60.7910118103027,2.88899739583334,0.349999999997408,24.9999999999986,23.299999999999,43510.9458437458,-43457.3701213623,187697.421890734,-25.4246968587239,38.19105,38.1906,263821,"2024_06_25_0020","2024_06_25_0020_ev00349_rec1","no",199774
350,1,38.2179,52.8738801138742,68.115234375,15.2413542611258,6.1499999999981,6.79999999999836,7.04999999999245,46.4543387150134,18.7054382676223,16.0237885784095,115.429913112095,38.21695,38.2107,264358,"2024_06_25_0020","2024_06_25_0020_ev00350_rec1","no",199775
351,1,38.28775,59.7098176138742,63.5375938415527,3.82777622767857,0.350000000004513,1.4500000000055,1.40000000000384,21.545194421271,42.183601463285,22.3205938429764,-448.098259884971,38.28765,38.2873,265755,"2024_06_25_0020","2024_06_25_0020_ev00351_rec1","no",199776
352,1,38.40535,54.8182858058384,58.3496055603027,3.53131975446428,0.0500000000016598,2.89999999999679,2.39999999999441,-96.6220450753542,160.307274535006,50.0794281861982,-924.746861559472,38.4051,38.4045,268107,"2024_06_25_0020","2024_06_25_0020_ev00352_rec1","no",199777
353,1,38.4708,28.2883397965204,40.4052696228027,12.1169298262823,8.55000000000672,2.049999999997,1.10000000000099,7.00281556484078,47.9391432631338,1.77256059611995,-479.223504069589,38.4681,38.4582,269416,"2024_06_25_0020","2024_06_25_0020_ev00353_rec1","no",199778
354,1,38.5389,29.8374706449963,41.3207969665527,11.4833263215565,8.04999999999723,10.7999999999961,6.09999999999644,-438789.738980331,438832.317644728,315327.443019793,-186.030774608831,38.53845,38.5297,270778,"2024_06_25_0020","2024_06_25_0020_ev00354_rec1","no",199779
355,1,38.7339,50.4499124799456,59.2040977478027,8.75418526785715,2.54999999999939,4.64999999999804,3.99999999999778,7.68854762234211,51.2689599111947,36.9264515425178,-222.082690688542,38.73375,38.73075,274678,"2024_06_25_0020","2024_06_25_0020_ev00355_rec1","no",199780
356,1,38.82175,46.011784689767,51.3305625915527,5.31877790178572,0.650000000007367,5.34999999999997,6.10000000000355,-118.379697749949,171.270663369074,210.098285580242,-137.165577438899,38.8211,38.8188,276435,"2024_06_25_0020","2024_06_25_0020_ev00356_rec1","no",199781
357,1,38.87385,42.8989926292783,46.0815391540527,3.18254652477446,1.04999999999933,31.3999999999979,30.0000000000011,82145.6465725361,-82109.3925874927,481844.06061785,-120.43692174639,38.8736,38.87225,277477,"2024_06_25_0020","2024_06_25_0020_ev00357_rec1","no",199782
358,1,38.9574,55.9663280305408,61.0961875915527,5.12985956101191,0.450000000000728,1.94999999999368,0,51.4006310535469,2.14380952530092,3.50513857584705,-122.872633588882,38.9561,38.95525,279148,"2024_06_25_0020","2024_06_25_0020_ev00358_rec1","no",199783
359,1,39.00145,59.2070043654669,64.697265625,5.49026125953311,3.19999999999965,9.45000000000107,7.55000000000194,-348345.831488838,348415.907938597,297044.558269123,-194.628095199948,39.0012,38.99705,280029,"2024_06_25_0020","2024_06_25_0020_ev00359_rec1","no",199784
360,1,39.10345,54.007390158517,56.5185508728027,2.51116071428572,0.750000000003581,6.3999999999993,3.79999999999825,-4116.56372927463,4175.44088008923,4025.40564836051,-317.243259893145,39.0999,39.09905,282069,"2024_06_25_0020","2024_06_25_0020_ev00360_rec1","no",199785
361,1,39.1806,44.0964433579218,58.3496055603027,14.2531622023809,4.50000000000017,2.29999999999819,2.24999999999653,34.1462367693336,19.5771387962941,8.85593255429817,-97.7097294148946,39.18055,39.1755,283612,"2024_06_25_0020","2024_06_25_0020_ev00361_rec1","no",199786
362,1,39.2704,35.82763671875,38.9404296875,3.11279296875,0.849999999999795,24.8500000000007,16.4500000000061,19619.1842696003,-19583.5472936279,239786.977743646,42.5735230445862,39.26775,39.2669,285408,"2024_06_25_0020","2024_06_25_0020_ev00362_rec1","no",199787
363,1,39.35575,49.0373845781599,54.2602500915527,5.22286551339285,0.600000000005707,24.0500000000026,21.9999999999985,114172.004722204,-114133.220416611,206259.87852041,-47.1169399125236,39.35445,39.3532,287115,"2024_06_25_0020","2024_06_25_0020_ev00363_rec1","no",199788
364,1,39.38315,40.5302480061849,58.3496055603027,17.8193575541178,11.5000000000052,10.1000000000013,6.7499999999967,44.1662003640739,14.9440672408637,4.1723083151596,327.392890803019,39.3797,39.3681,287663,"2024_06_25_0020","2024_06_25_0020_ev00364_rec1","no",199789
365,1,39.4216,48.7728989010765,54.8706016540527,6.09770275297619,0.150000000004979,1.95000000000078,0.699999999994816,21.9650318948707,44.6702167404136,1.66450753396562,-723.768693476632,39.4204,39.42005,288432,"2024_06_25_0020","2024_06_25_0020_ev00365_rec1","no",199790
366,1,39.4785,37.3622349330357,48.2788047790527,10.916569846017,1.55000000000172,6.79999999999836,0.500000000002387,23.5943615773305,32.2733960509423,0.863134771974954,-343.26395723692,39.47485,39.4713,289570,"2024_06_25_0020","2024_06_25_0020_ev00366_rec1","no",199791
367,1,39.5328,37.1268136160714,47.3022422790527,10.1754286629813,5.45000000000329,21.5999999999994,0,21253.9482815402,-21212.8905902346,212383.809752094,283.569631045205,39.5237,39.518,290656,"2024_06_25_0020","2024_06_25_0020_ev00367_rec1","no",199792
368,1,39.582,52.1065810067313,54.4433555603027,2.33677455357143,0.749999999996476,31.099999999995,29.6000000000021,121129.475104244,-121082.912255519,559173.06230604,-64.84439364842,39.5801,39.57885,291640,"2024_06_25_0020","2024_06_25_0020_ev00368_rec1","no",199793
369,1,39.68895,61.7995458330427,68.42041015625,6.62086432320731,0.849999999999795,2.0500000000041,1.59999999999627,60.7475378969759,6.94329701015814,2.32026264945458,-10.4737755366735,39.6887,39.68785,293779,"2024_06_25_0020","2024_06_25_0020_ev00369_rec1","no",199794
370,1,39.8336,59.1081853594099,65.0634765625,5.95529120309012,0.549999999996942,2.00000000000244,1.69999999999959,49.4228478959754,20.075365678761,3.29117842780333,-221.8616973332,39.8336,39.83305,296672,"2024_06_25_0020","2024_06_25_0020_ev00370_rec1","no",199795
371,1,39.9114,58.4135471525646,67.3828125,8.96926534743536,1.35000000000218,3.39999999999918,4.34999999999519,57.4452538781,8.05253733282495,6.93461110908507,41.4034325327192,39.91135,39.90785,298228,"2024_06_25_0020","2024_06_25_0020_ev00371_rec1","no",199796
372,1,39.9474,61.1368776957194,63.6596641540527,2.52278645833334,0.0999999999962142,0.299999999995748,0.300000000002854,55.3997457512917,6.85818340210967,10.8071274973019,-101.299538103739,39.94715,39.94705,298948,"2024_06_25_0020","2024_06_25_0020_ev00372_rec1","no",199797
373,1,39.9742,58.0153654189337,61.1572227478027,3.14185732886905,0.250000000001194,28.8500000000056,26.6500000000036,42501.5225689873,-42447.4866962915,220029.726754514,-32.4210702654451,39.9742,39.97395,299484,"2024_06_25_0020","2024_06_25_0020_ev00373_rec1","no",199798
374,1,40.02485,61.7244533632914,64.9044952775455,3.18004191425405,0.449999999993622,1.20000000000431,0.699999999994816,60.0266253128929,8.34214110148724,0.669974414401598,-43.5532751277007,40.02445,40.024,300497,"2024_06_25_0020","2024_06_25_0020_ev00374_rec1","no",199799
375,1,40.05805,64.2774086765311,68.040632298608,3.76322362207694,1.55000000000172,4.04999999999944,0.450000000000728,54.1774980493715,13.3851277514593,2.95194578807613,-260.654064866887,40.05615,40.0542,301161,"2024_06_25_0020","2024_06_25_0020_ev00375_rec1","no",199800
376,1,40.0984,59.3569357610139,62.191369652927,2.83443389191313,1.04999999999933,30.7999999999993,30.0000000000011,19674.7811493748,-19622.2913207731,120081.50190383,-131.620594442598,40.0984,40.0971,301968,"2024_06_25_0020","2024_06_25_0020_ev00376_rec1","no",199801
377,1,40.2097,54.4707823744117,59.8205470430955,5.34976466868386,0.399999999999068,26.3999999999953,24.3499999999983,121177.788289807,-121131.169299392,299828.207162043,-52.3537101804141,40.2096,40.2092,304194,"2024_06_25_0020","2024_06_25_0020_ev00377_rec1","no",199802
378,1,40.2344,54.4818620081453,59.9637484008159,5.48188639267057,1.4499999999984,5.80000000000069,6.10000000000355,51.4080330794198,9.35567298941337,10.0655310502257,7.13373269943209,40.23185,40.2293,304688,"2024_06_25_0020","2024_06_25_0020_ev00378_rec1","no",199803
379,1,40.31,61.7002239590833,66.4416285540731,4.74140459498983,0.10000000000332,0.900000000001455,0.500000000002387,41.5864039843858,34.2760870223182,1.13406322887404,-560.318902369774,40.3095,40.3094,306200,"2024_06_25_0020","2024_06_25_0020_ev00379_rec1","no",199804
380,1,40.3584,48.7776131685325,61.0143620453042,12.2367488767716,5.40000000000163,21.7000000000027,23.0999999999995,51.8355354775852,9.89213506133266,12.1093332482731,287.011384905479,40.355,40.3471,307168,"2024_06_25_0020","2024_06_25_0020_ev00380_rec1","no",199805
381,1,40.44075,62.2698102925762,67.0688505427832,4.79904025020704,0.249999999994088,0.199999999999534,0.350000000004513,42.3981730903573,22.0946184770758,17.9678342130339,-273.01855696153,40.44075,40.4405,308815,"2024_06_25_0020","2024_06_25_0020_ev00381_rec1","no",199806
382,1,40.57535,62.8149193247662,66.6372227375953,3.82230341282909,0.550000000004047,0.500000000002387,0,-2616.05317767136,2679.48573115717,29885.020337609,-19.6465190839313,40.57535,40.57475,311507,"2024_06_25_0020","2024_06_25_0020_ev00382_rec1","no",199807
383,1,40.6153,65.1902117516701,70.6138097856972,5.42359803402705,0.300000000002854,0.900000000001455,1.55000000000172,21.2067791701807,47.174386847098,61.4149534908437,-198.355384263845,40.6153,40.61495,312306,"2024_06_25_0020","2024_06_25_0020_ev00383_rec1","no",199808
384,1,40.7355,63.5416310150892,68.3874541616917,4.84582314660244,0.150000000004979,29.9000000000049,20.8500000000029,66.6178971818015,-6.30598831912553,13.0861631977753,20.2292734257636,40.735,40.73465,314710,"2024_06_25_0020","2024_06_25_0020_ev00384_rec1","no",199809
385,1,40.75755,66.0365092222352,70.2213334122115,4.18482418997634,0.0999999999962142,3.14999999999799,2.9000000000039,3.71184540400641,70.4504899358843,29.7045141488138,-536.279100346323,40.7571,40.7567,315151,"2024_06_25_0020","2024_06_25_0020_ev00385_rec1","no",199810
386,1,40.81675,52.3388198321418,57.53912623914,5.20030640699827,0.399999999999068,2.50000000000483,2.34999999999985,22.462609992373,42.664838801992,7.99948971197487,-562.073626006647,40.81665,40.81425,316335,"2024_06_25_0020","2024_06_25_0020_ev00386_rec1","no",199811
387,1,40.9357,61.4247577616325,69.4537895719462,8.02903181031374,0.249999999994088,0.250000000001194,0,-103172.727200155,103235.474657155,333920.06238093,-97.1823270727956,40.9356,40.935,318714,"2024_06_25_0020","2024_06_25_0020_ev00387_rec1","no",199812
388,1,41.0254,64.8537065563439,68.219184906656,3.36547835031207,0.900000000001455,30.300000000004,30.0000000000011,28124.2709657958,-28064.8020598847,267803.088330347,-112.994000188817,41.0254,41.0241,320508,"2024_06_25_0020","2024_06_25_0020_ev00388_rec1","no",199813
389,1,41.04985,63.549647151491,68.4843686195803,4.93472146808934,0.849999999999795,0.999999999997669,1.00000000000477,51.7879771907233,19.33981902236,2.88862555674773,-295.138546119696,41.04955,41.04855,320997,"2024_06_25_0020","2024_06_25_0020_ev00389_rec1","no",199814
390,1,41.23435,66.0175680074847,69.5637232021605,3.54615519467585,0.0999999999962142,1.10000000000809,0.850000000006901,59.8457821075383,10.3766065047609,2.56591098732101,-156.615869716808,41.234,41.23385,324687,"2024_06_25_0020","2024_06_25_0020_ev00390_rec1","no",199815
391,1,41.3702,64.2730309287758,69.1475964618575,4.87456553308172,0.200000000006639,30.9500000000043,30.0000000000011,67.244526759571,3.86059443661929,2.81273945553436,105.772680402744,41.3694,41.36915,327404,"2024_06_25_0020","2024_06_25_0020_ev00391_rec1","no",199816
392,1,41.4128,68.5137253788168,74.4051262655971,5.8914008867803,0.350000000004513,0.849999999999795,0.750000000003581,61.2402683584706,16.1272052058822,1.36979683320746,-195.133379550062,41.4128,41.41225,328256,"2024_06_25_0020","2024_06_25_0020_ev00392_rec1","no",199817
393,1,41.6757,69.4529371019198,71.9295483661471,2.47661126422729,0.94999999999601,3.29999999999586,2.15000000000032,46.7750118304277,27.0273421713322,15.6462625554066,-319.613621345703,41.6753,41.674,333514,"2024_06_25_0020","2024_06_25_0020_ev00393_rec1","no",199818
394,1,41.75995,65.9248495655883,73.1650840827815,7.2402345171932,0.250000000001194,0.999999999997669,2.00000000000244,53.6913895055999,16.6095197191089,18.6211960528392,-118.572425855743,41.75995,41.7597,335199,"2024_06_25_0020","2024_06_25_0020_ev00394_rec1","no",199819
395,1,41.847,67.6291901766702,70.368196371227,2.73900619455675,0.600000000005707,4.00000000000489,4.75000000000136,68.2783036269047,2.88721223835545,2.282843402695,28.9869665895926,41.8467,41.84605,336940,"2024_06_25_0020","2024_06_25_0020_ev00395_rec1","no",199820
396,1,41.8734,68.8313590442968,76.5979623867768,7.76660334248004,0.200000000006639,0.199999999999534,0,65.4424949376203,3.34561021179381,12.1701367144786,-63.1600465171502,41.8733,41.8731,337468,"2024_06_25_0020","2024_06_25_0020_ev00396_rec1","no",199821
397,1,41.9139,69.1333277803357,76.68997470478,7.55664692444434,1.64999999999793,1.34999999999508,1.75000000000125,68.5132577626788,6.4207189645418,2.79394837388408,8.78665455372049,41.91345,41.90865,338278,"2024_06_25_0020","2024_06_25_0020_ev00397_rec1","no",199822
398,1,41.9472,71.6870939382947,77.112150966327,5.42505702803224,0.450000000000728,1.34999999999508,0.349999999997408,62.7375190895803,13.8453239254968,1.48707892672697,-245.969361717309,41.94715,41.9458,338944,"2024_06_25_0020","2024_06_25_0020_ev00398_rec1","no",199823
399,1,42.0385,68.3780618138166,71.2850131714883,2.90695135767174,0.650000000000261,2.20000000000198,2.20000000000198,68.003368162679,4.39394527452742,1.96285649028676,-0.195337719992849,42.0385,42.0378,340770,"2024_06_25_0020","2024_06_25_0020_ev00399_rec1","no",199824
400,1,42.08195,69.9851849316355,72.4003612581024,2.41517632646681,0.249999999994088,30.1999999999936,30.0000000000011,68.5137542977523,-0.89823602945746,24.0228690462341,-59.4566437627332,42.08195,42.0817,341639,"2024_06_25_0020","2024_06_25_0020_ev00400_rec1","no",199825
401,1,42.1184,65.3810757765229,73.7821033795187,8.40102760299582,0.200000000006639,2.049999999997,2.70000000000437,52.3242561538564,19.3076946086411,15.2173784537635,-136.095030584442,42.11815,42.11795,342368,"2024_06_25_0020","2024_06_25_0020_ev00401_rec1","no",199826
402,1,42.24765,70.1987602153248,74.8682421728298,4.669481957505,0.250000000001194,0.249999999994088,0,67.674773211566,3.78740233106404,3.76099415872592,-60.653343265903,42.2476,42.24735,344953,"2024_06_25_0020","2024_06_25_0020_ev00402_rec1","no",199827
403,1,42.31175,71.0826726701678,76.50106148897,5.41838881880217,0.199999999999534,2.049999999997,2.74999999999892,69.3051628278423,6.46046613514415,5.14170581328472,-18.9146995457581,42.3116,42.3114,346235,"2024_06_25_0020","2024_06_25_0020_ev00403_rec1","no",199828
404,1,42.3476,70.2755924772307,75.0845393083248,4.80894683109418,0.399999999999068,1.94999999999368,0.399999999999068,67.378396660754,10.4818491039478,0.470349219689848,-76.8175392699511,42.34615,42.34545,346952,"2024_06_25_0020","2024_06_25_0020_ev00404_rec1","no",199829
405,1,42.43935,72.1015597848407,75.5943799859164,3.49282020107573,0.250000000001194,1.30000000000052,1.4499999999984,37.2675238310457,37.8827952867443,30.4588162408141,-320.991962570309,42.43915,42.4389,348787,"2024_06_25_0020","2024_06_25_0020_ev00405_rec1","no",199830
406,1,42.84115,66.0591671861679,72.7253203655443,6.66615317937638,0.94999999999601,2.94999999999845,5.5499999999995,68.1510031612621,2.46135443619579,2.93963439608523,78.2830744370933,42.84045,42.8395,356823,"2024_06_25_0020","2024_06_25_0020_ev00406_rec1","no",199831
407,1,42.9638,74.0859807592271,80.7959065879252,6.70992582869805,0.650000000000261,2.69999999999726,2.75000000000603,-146693.941330494,146772.901665385,167273.698100054,-246.224156093743,42.9637,42.9624,359276,"2024_06_25_0020","2024_06_25_0020_ev00407_rec1","no",199832
408,1,43.06105,69.742342427537,72.7564838364137,3.01414140887671,0.250000000001194,1.75000000000125,1.95000000000789,68.6562341843488,3.95152269166672,3.30415484965319,-16.5519944633866,43.06045,43.05995,361221,"2024_06_25_0020","2024_06_25_0020_ev00408_rec1","no",199833
409,1,43.1188,73.2940305219248,79.3107188518591,6.01668832993431,0.299999999995748,0.0999999999962142,0,70.4652731057458,3.74690307440143,7.34454503994299,-56.9328935988588,43.1188,43.11845,362376,"2024_06_25_0020","2024_06_25_0020_ev00409_rec1","no",199834
410,1,43.2814,75.0738727329785,78.610586539792,3.53671380681349,0.350000000004513,1.50000000000006,0.799999999998136,62.9695669627168,15.9684229319331,4.53146353519617,-289.760457577449,43.2814,43.2805,365628,"2024_06_25_0020","2024_06_25_0020_ev00410_rec1","no",199835
411,1,43.48385,76.5832007129658,80.4923721090494,3.90917139608361,0.399999999999068,1.50000000000006,1.35000000000218,11.7734881330183,67.8591780895141,56.409752333161,-363.950966057854,43.48385,43.4832,369677,"2024_06_25_0020","2024_06_25_0020_ev00411_rec1","no",199836
412,1,43.62845,70.718374072586,75.1324121691289,4.4140380965429,0.200000000006639,0.849999999999795,1.09999999999388,58.0036676611399,16.4023811320984,8.2653223570239,-249.300035984153,43.62845,43.62825,372569,"2024_06_25_0020","2024_06_25_0020_ev00412_rec1","no",199837
413,1,43.6934,67.3385830752517,72.5030253011357,5.164442225884,0.699999999994816,1.50000000000006,1.04999999999933,60.5078958791457,12.3862770924198,3.04602829929666,-164.406228845652,43.6934,43.69265,373868,"2024_06_25_0020","2024_06_25_0020_ev00413_rec1","no",199838
414,1,43.8287,68.599825892937,71.5698501549489,2.97002426201185,0.450000000000728,1.35000000000218,1.54999999999461,63.0477088839115,7.6859982901275,10.5456517277822,-89.0116675730763,43.8287,43.82825,376574,"2024_06_25_0020","2024_06_25_0020_ev00414_rec1","no",199839
415,1,43.98755,70.0121663373527,74.6870984207095,4.67493208335674,0.300000000002854,0.450000000000728,0.249999999994088,69.1495363332127,6.57222165684316,0.288615374329629,-22.2193432728228,43.98755,43.98705,379751,"2024_06_25_0020","2024_06_25_0020_ev00415_rec1","no",199840
416,1,44.0408,71.1618620282065,74.9586204515264,3.79675842331992,0.250000000001194,1.75000000000125,1.89999999999912,48.4445939670436,27.2086694650942,15.9367649905914,-313.276769046053,44.0408,44.04045,380816,"2024_06_25_0020","2024_06_25_0020_ev00416_rec1","no",199841
417,1,44.2032,71.8068059027341,76.5848878633715,4.77808196063737,0.249999999994088,0.500000000002387,0.500000000002387,69.8963626729315,5.33398285736364,1.30738531328403,-49.2553463297459,44.20315,44.20275,384064,"2024_06_25_0020","2024_06_25_0020_ev00417_rec1","no",199842
418,1,44.24385,72.1850360537157,76.4170678998376,4.23203184612193,0.150000000004979,0.649999999993156,0,69.1127790204044,4.40079298931532,5.69642554003303,-66.1025642892689,44.24365,44.2431,384877,"2024_06_25_0020","2024_06_25_0020_ev00418_rec1","no",199843
419,1,44.28535,70.2877616552837,75.4907626834807,5.20300102819702,0.299999999995748,0.450000000000728,0.450000000000728,68.1921873276912,6.63830953118707,0.926066816889504,-55.8558270336277,44.2853,44.285,385707,"2024_06_25_0020","2024_06_25_0020_ev00419_rec1","no",199844
420,1,44.3698,73.0434134880476,75.8092009442736,2.76578745622598,0.149999999997874,1.10000000000809,1.30000000000052,70.6317941074083,5.27425024735789,2.9887946474496,-55.7797202241035,44.36955,44.3694,387396,"2024_06_25_0020","2024_06_25_0020_ev00420_rec1","no",199845
421,1,44.41495,75.4303911093005,81.1681591725714,5.73776806327092,0.499999999995282,1.09999999999388,1.75000000000125,-252.231318350309,331.598175666938,316.171691187856,-339.068373460238,44.4149,44.4137,388299,"2024_06_25_0020","2024_06_25_0020_ev00421_rec1","no",199846
422,1,44.6756,71.1632318862757,78.3023357733503,7.13910388707457,1.80000000000291,1.04999999999933,2.40000000000151,-151.178483288994,226.133400104218,469.428474342349,-91.7501730286708,44.67545,44.6733,393512,"2024_06_25_0020","2024_06_25_0020_ev00422_rec1","no",199847
423,1,44.8179,68.6059914189326,73.8654311936401,5.25943977470747,0.199999999999534,0.249999999994088,0.200000000006639,67.894442007009,2.86667998343461,2.81060554880847,-11.7690190836125,44.81775,44.81735,396358,"2024_06_25_0020","2024_06_25_0020_ev00423_rec1","no",199848
424,1,44.9671,74.3904755962832,79.6949478848576,5.30447228857442,0.250000000008299,0.399999999999068,0.349999999997408,72.1816097282834,5.91124745724541,0.984081699841941,-59.2112759867405,44.9671,44.96685,399342,"2024_06_25_0020","2024_06_25_0020_ev00424_rec1","no",199849
425,1,45.0075,71.4412597345747,76.8476644001041,5.40640466552934,0.200000000006639,0.249999999994088,0,-145757.128342259,145830.220700824,591672.944516294,-59.6316044119423,45.00735,45.00695,400150,"2024_06_25_0020","2024_06_25_0020_ev00425_rec1","no",199850
426,1,45.1395,68.6780543858525,72.5230537652284,3.84499937937588,0.149999999997874,30.2999999999969,30.0000000000011,4541.77234376668,-4475.02059246552,163682.653677782,-43.5689600689556,45.13925,45.1386,402790,"2024_06_25_0020","2024_06_25_0020_ev00426_rec1","no",199851
427,1,45.1637,68.9154247188727,73.0668736148293,4.15144889595656,0.999999999997669,1.30000000000052,0,66.6019022935349,3.36092563279121,1.20529344991912,-65.079704607568,45.16365,45.1618,403274,"2024_06_25_0020","2024_06_25_0020_ev00427_rec1","no",199852
428,1,45.2037,70.0156957388152,74.9119661157717,4.89627037695652,0.250000000001194,0.150000000004979,0.299999999995748,67.4789809904933,5.1987122270323,1.77653721473125,-66.4600030445175,45.2037,45.20335,404074,"2024_06_25_0020","2024_06_25_0020_ev00428_rec1","no",199853
430,1,45.3386,71.9862456398747,75.4975772262296,3.51133158635496,0.250000000001194,2.10000000000576,2.79999999999347,70.8788262618747,4.21929407991749,4.96146496732739,-11.5146511475682,45.3386,45.33835,406772,"2024_06_25_0020","2024_06_25_0020_ev00430_rec1","no",199855
431,1,45.3639,70.2406699804995,75.1378573018225,4.897187321323,0.650000000000261,30.5500000000052,30.0000000000011,2302.18183206535,-2232.32977609715,125289.730227204,-1.40460908858732,45.36375,45.36295,407278,"2024_06_25_0020","2024_06_25_0020_ev00431_rec1","no",199856
432,1,45.4065,71.5725130300835,75.816964559615,4.24445152953149,0.300000000002854,1.1999999999972,1.20000000000431,70.4123902827533,4.6284537753343,2.29719438439773,-22.6076747786601,45.4063,45.40595,408130,"2024_06_25_0020","2024_06_25_0020_ev00432_rec1","no",199857
433,1,45.429,68.2347698769982,71.9699543926382,3.73518451564004,0.150000000004979,4.75000000000136,5.64999999999571,69.202425574579,4.05687968065438,2.47082778245902,45.6316200714853,45.42765,45.4275,408580,"2024_06_25_0020","2024_06_25_0020_ev00433_rec1","no",199858
434,1,45.45275,71.7682667717059,75.7969213472306,4.0286545755247,0.699999999994816,0.349999999997408,0.399999999999068,66.2351332168863,8.62292575489285,1.83214842907858,-149.375978400934,45.4527,45.452,409055,"2024_06_25_0020","2024_06_25_0020_ev00434_rec1","no",199859
435,1,45.4977,73.1474080522667,78.7432592250994,5.59585117283268,0.94999999999601,1.54999999999461,0.600000000005707,62.4831584370372,15.4939195909393,3.17866304380579,-268.240559424259,45.49765,45.4956,409954,"2024_06_25_0020","2024_06_25_0020_ev00435_rec1","no",199860
436,1,45.6754,71.2907253563213,75.1977571362803,3.907031779959,0.849999999999795,3.64999999999327,4.30000000000064,69.4188023303543,5.13141599458556,9.86297203277269,-5.68185338344432,45.6753,45.67445,413508,"2024_06_25_0020","2024_06_25_0020_ev00436_rec1","no",199861
437,1,45.7173,71.3542323419543,74.3903501749965,3.03611783304227,0.299999999995748,0.249999999994088,0.10000000000332,66.5082312449209,6.0381077554194,7.40187062420108,-100.597939772878,45.7173,45.7169,414346,"2024_06_25_0020","2024_06_25_0020_ev00437_rec1","no",199862
438,1,45.96915,71.1438126247908,76.257694417081,5.11388179229023,0.0999999999962142,0.300000000009959,0.10000000000332,68.0490116386536,9.88812184958207,0.174465883565854,-90.1475025344368,45.969,45.9689,419383,"2024_06_25_0020","2024_06_25_0020_ev00438_rec1","no",199863
439,1,46.0028,67.7845685083527,73.2104812274181,5.42591271906539,0.149999999997874,3.39999999999918,4.3500000000023,60.1443037903868,11.1689746596303,29.8223270005323,-11.1812541403268,46.0007,46.00045,420056,"2024_06_25_0020","2024_06_25_0020_ev00439_rec1","no",199864
440,1,46.1809,70.228346650845,74.561483981032,4.33313733018701,0.200000000006639,1.59999999999627,1.69999999999959,69.32950693386,5.24241223389479,2.29065287352328,-13.10247504891,46.18065,46.1804,423618,"2024_06_25_0020","2024_06_25_0020_ev00440_rec1","no",199865
441,1,46.2255,72.6550932468865,75.5927814532171,2.93768820633065,0.699999999994816,30.2499999999952,30.0000000000011,7323.83451074515,-7253.01246279243,167307.613933236,-34.9314220944022,46.2255,46.22395,424510,"2024_06_25_0020","2024_06_25_0020_ev00441_rec1","no",199866
442,1,46.27275,73.1992554502287,77.5643427734634,4.36508732323465,0.450000000000728,0.300000000002854,1.49999999999295,69.5474806570317,5.86237513201257,14.0654831783702,-36.2793318442242,46.27275,46.27225,425455,"2024_06_25_0020","2024_06_25_0020_ev00442_rec1","no",199867
443,1,46.3131,72.3366805915687,76.1489656335596,3.8122850419909,0.250000000001194,0.250000000001194,0,70.4206292087326,3.30662206727318,2.2189455502825,-49.2355320191947,46.31305,46.3128,426262,"2024_06_25_0020","2024_06_25_0020_ev00443_rec1","no",199868
444,1,46.63375,69.6836066897006,76.1568762983492,6.47326960864865,0.650000000000261,0.10000000000332,0,63.1418821745213,6.53986643388985,13.5423170725614,-117.173807328689,46.63375,46.63295,432675,"2024_06_25_0020","2024_06_25_0020_ev00444_rec1","no",199869
445,1,46.7551,69.4496619983991,73.0417039867509,3.59204198835177,0.0500000000016598,0.250000000001194,0.10000000000332,68.2381940602118,2.87159366524783,0.985907206741193,-32.0990741727644,46.75485,46.7548,435102,"2024_06_25_0020","2024_06_25_0020_ev00445_rec1","no",199870
446,1,46.85855,70.2951880925818,73.6605796001602,3.36539150757845,0.349999999997408,2.65000000000271,2.65000000000271,52.9833831927398,22.2659301829372,14.6395399095887,-233.540238833721,46.8585,46.8576,437171,"2024_06_25_0020","2024_06_25_0020_ev00446_rec1","no",199871
447,1,47.17435,71.2358220347443,74.5857159691879,3.34989393444361,0.400000000006173,0.350000000004513,0.149999999997874,69.8980648395088,2.69936628449115,3.32699644915882,-30.0226509179705,47.1743,47.1739,443487,"2024_06_25_0020","2024_06_25_0020_ev00447_rec1","no",199872
448,1,47.2008,69.3378982776797,73.5953021461964,4.25740386851673,0.250000000008299,1.15000000000975,1.24999999999886,66.6884709684806,6.55824747112861,2.78828243789305,-59.5956763252965,47.2008,47.2005,444016,"2024_06_25_0020","2024_06_25_0020_ev00448_rec1","no",199873
449,1,47.2727,70.5780906058879,74.308942984021,3.73085237813318,0.350000000004513,0.0500000000016598,0,67.8202130875041,3.49998920173532,2.93557129442314,-71.8295126385546,47.2727,47.27225,445454,"2024_06_25_0020","2024_06_25_0020_ev00449_rec1","no",199874
450,1,47.3325,71.9622549427204,78.2870465686551,6.32479162593474,0.549999999996942,0.0500000000016598,1.59999999999627,70.7223146445071,4.35486048226572,8.09877143955311,-1.23737366530528,47.3325,47.3318,446650,"2024_06_25_0020","2024_06_25_0020_ev00450_rec1","no",199875
451,1,47.3566,71.2845495300654,73.8333649458109,2.54881541574552,0.10000000000332,0.0500000000016598,0.149999999997874,69.5571257618703,2.80774023352768,3.18801827987216,-42.7845764752212,47.3566,47.3565,447132,"2024_06_25_0020","2024_06_25_0020_ev00451_rec1","no",199876
452,1,47.43045,73.7316217152229,77.2804537992689,3.54883208404605,0.0500000000016598,0.550000000004047,0.300000000002854,70.1274771700352,8.50402303099863,0.562083962665916,-102.057017002266,47.4302,47.4301,448609,"2024_06_25_0020","2024_06_25_0020_ev00452_rec1","no",199877
453,1,47.49015,71.5530870297257,77.8157270708223,6.26264004109655,0.399999999999068,0.600000000005707,0.399999999999068,70.4976498397033,4.04845590636634,2.3015895818422,-20.3637775914417,47.49015,47.4895,449803,"2024_06_25_0020","2024_06_25_0020_ev00453_rec1","no",199878
454,1,47.5554,72.3548498694726,77.4046681389015,5.0498182694289,0.0999999999962142,0.400000000006173,0.250000000001194,70.8306447639286,4.12730937318162,1.20697784731791,-39.9884748260652,47.5554,47.5549,451108,"2024_06_25_0020","2024_06_25_0020_ev00454_rec1","no",199879
455,1,47.86055,76.1057824985975,81.2655097994743,5.1597273008768,0.349999999997408,0.149999999997874,0.400000000006173,73.6452989495157,4.81732720566783,4.2852120594972,-52.5196191997965,47.86055,47.8602,457211,"2024_06_25_0020","2024_06_25_0020_ev00455_rec1","no",199880
456,1,47.90695,76.0217017931237,80.8750112312615,4.8533094381378,0.549999999996942,1.35000000000218,0,72.900715246505,4.35692702654742,5.95654412981781,-63.5593409665982,47.9055,47.90495,458139,"2024_06_25_0020","2024_06_25_0020_ev00456_rec1","no",199881
457,1,48.0745,76.7719561449266,81.7230798212733,4.95112367634667,0.250000000001194,0.700000000001921,0,71.4143946279553,4.56002854374836,14.4877902025241,-101.902460589795,48.0745,48.0735,461490,"2024_06_25_0020","2024_06_25_0020_ev00457_rec1","no",199882
458,1,48.13885,74.2292277270459,78.4114613355803,4.18223360853433,0.250000000001194,0.599999999998602,0.599999999998602,73.245327168755,3.34016351942394,2.20899811357433,-20.9148747316134,48.13865,48.13835,462777,"2024_06_25_0020","2024_06_25_0020_ev00458_rec1","no",199883
459,1,48.2008,74.5564624759154,82.1117754717484,7.55531299583304,0.200000000006639,0.150000000004979,0,-10760.8106714541,10834.0109234147,169127.296327529,-68.4908964775755,48.20075,48.20055,464016,"2024_06_25_0020","2024_06_25_0020_ev00459_rec1","no",199884
460,1,48.21825,73.467745320854,76.611576222503,3.1438309016491,0.250000000001194,0.10000000000332,0,71.6558085030782,2.75260831905643,1.80502341317949,-49.1518594554926,48.21825,48.218,464365,"2024_06_25_0020","2024_06_25_0020_ev00460_rec1","no",199885
461,1,48.2767,73.75413163493,80.8753089990855,7.1211773641555,0.199999999999534,0.0999999999962142,0,71.8831486363691,3.65063186154399,1.62740764967327,-49.4711176289582,48.27665,48.27645,465534,"2024_06_25_0020","2024_06_25_0020_ev00461_rec1","no",199886
462,1,48.5039,74.5862145530534,76.7799458207993,2.19373126774589,0.300000000002854,1.15000000000265,1.44999999999129,74.1687702342213,2.06398099348303,2.79891981301398,-5.52004720119642,48.5039,48.50355,470078,"2024_06_25_0020","2024_06_25_0020_ev00462_rec1","no",199887
463,1,48.53315,75.3114230695853,79.5094367166471,4.19801364706176,0.350000000004513,0.300000000002854,0,71.1381241181155,5.14275988774361,6.74957252698556,-89.3735023866848,48.53315,48.5328,470663,"2024_06_25_0020","2024_06_25_0020_ev00463_rec1","no",199888
464,1,48.57355,70.8631618068107,74.5349144943115,3.6717526875008,1.14999999999554,2.15000000000032,3.79999999999825,70.5761651832466,2.47837101994823,9.25655108719762,18.9287154845742,48.573,48.57185,471471,"2024_06_25_0020","2024_06_25_0020_ev00464_rec1","no",199889
465,1,48.7108,71.7639833193308,74.7576791100124,2.99369579068166,0.199999999999534,3.79999999999825,4.24999999999898,-159965.669517472,160040.783303616,305027.772437386,-134.802359166548,48.71075,48.7105,474216,"2024_06_25_0020","2024_06_25_0020_ev00465_rec1","no",199890
466,1,48.8627,69.7118668706246,72.654409041865,2.94254217124042,0.499999999995282,30.4000000000002,30.0000000000011,70.5641823941328,-1.42004119105342,11.456538499685,12.3702166768664,48.8627,48.8622,477254,"2024_06_25_0020","2024_06_25_0020_ev00466_rec1","no",199891
467,1,48.9273,72.4000585602474,75.339958125555,2.93989956530754,0.350000000004513,1.55000000000172,1.44999999999129,27.2321641382295,64.7718938514828,4.28443468578271,-1075.73314362842,48.92685,48.92645,478546,"2024_06_25_0020","2024_06_25_0020_ev00467_rec1","no",199892
468,1,49.0589,64.4886804159992,68.7422164412826,4.25353602528335,0.0999999999962142,0.0500000000016598,0.650000000007367,63.6376278607395,2.91866395395772,3.4309343531394,-15.1772285497008,49.0589,49.05865,481178,"2024_06_25_0020","2024_06_25_0020_ev00468_rec1","no",199893
469,1,49.12945,65.238685086073,70.3313146519283,5.09262956585529,0.199999999999534,0.599999999998602,0,63.4374766629897,3.63901027253746,4.45718350136392,-37.1590056416116,49.1294,49.12875,482589,"2024_06_25_0020","2024_06_25_0020_ev00469_rec1","no",199894
470,1,49.25945,58.0101528046319,61.0930217238493,3.08286891921741,0.550000000004047,4.24999999999898,4.34999999999519,58.2534190304583,3.22108011431033,3.39598266570027,19.2503173025889,49.25945,49.2571,485189,"2024_06_25_0020","2024_06_25_0020_ev00470_rec1","no",199895
471,1,49.3571,64.2483096672999,67.6271100649981,3.37880039769817,0.350000000004513,0.450000000000728,0,61.9805680022868,3.26289992962465,6.66918668221287,-45.5702699964826,49.35705,49.35655,487142,"2024_06_25_0020","2024_06_25_0020_ev00471_rec1","no",199896
472,1,49.44605,64.6202765630507,68.5223042291104,3.90202766605975,0.300000000002854,5.34999999999997,7.30000000000075,60.3139120090455,7.40358181998539,28.9089645318876,11.3836780342768,49.4454,49.445,488921,"2024_06_25_0020","2024_06_25_0020_ev00472_rec1","no",199897
473,1,49.4836,65.7782371459214,68.3265629036815,2.54832575776017,0.300000000002854,26.2999999999991,23.4499999999969,70.8098523782392,-8.53621695840042,31.864520070067,-14.1693244747374,49.4834,49.483,489672,"2024_06_25_0020","2024_06_25_0020_ev00473_rec1","no",199898
474,1,49.5441,67.2495030209445,69.3415130169205,2.09200999597604,0.550000000004047,3.00000000000011,3.19999999999254,66.5409264360748,3.68486561540027,3.5212578682201,-7.00974066322151,49.5441,49.54335,490882,"2024_06_25_0020","2024_06_25_0020_ev00474_rec1","no",199899
475,1,49.5729,67.0717400080381,73.6301664975609,6.55842648952273,0.199999999999534,0.300000000002854,0,-64710.9960315566,64779.6518501475,409964.973949426,-21.3026791198105,49.5727,49.5725,491458,"2024_06_25_0020","2024_06_25_0020_ev00475_rec1","no",199900
476,1,49.6487,63.7185328780757,69.7280706944702,6.00953781639456,0.250000000001194,0.249999999994088,0.350000000004513,61.491371885053,5.51463792780108,1.58359784476964,-57.0981833215211,49.64865,49.6484,492974,"2024_06_25_0020","2024_06_25_0020_ev00476_rec1","no",199901
477,1,49.8173,70.0887831537882,72.9799503321212,2.89116717833296,0.0500000000016598,30.0499999999957,30.0000000000011,20006.7512017998,-19938.7225364904,302011.009767724,-31.5609623441131,49.8171,49.81705,496346,"2024_06_25_0020","2024_06_25_0020_ev00477_rec1","no",199902
478,2,50.00055,73.7662606318573,76.9592098188631,3.19294918700588,0.0500000000016598,0.299999999995748,0.350000000004513,70.0003132106811,5.89121502267127,2.13012046392145,-100.28317986754,50.0005,50.00045,11,"2024_06_25_0020","2024_06_25_0020_ev00478_rec2","no",199903
479,2,50.08745,72.6850556900781,78.4496488704745,5.76459318039635,1.00000000000477,1.14999999999554,0,70.935636646388,2.24560664616709,5.09252106268152,-38.1938410248898,50.0874,50.08615,1749,"2024_06_25_0020","2024_06_25_0020_ev00479_rec2","no",199904
480,2,50.43035,72.4895077065951,76.9119332152093,4.42242550861425,0.150000000004979,0.299999999995748,0,70.8874074664062,3.18719055073448,3.49371229349977,-35.0451012071283,50.42985,50.4297,8607,"2024_06_25_0020","2024_06_25_0020_ev00480_rec2","no",199905
481,2,50.59775,71.6973051944381,74.8992613028313,3.20195610839322,0.0999999999962142,30.2500000000023,30.0000000000011,69.6960227130758,-0.701466636336152,8.84756047149386,-65.0561129918122,50.59755,50.59745,11955,"2024_06_25_0020","2024_06_25_0020_ev00481_rec2","no",199906
482,2,50.74005,70.9342855678347,74.335008587219,3.40072301938433,0.399999999999068,2.84999999999513,2.50000000000483,35.7513171917293,48.1479991643251,9.00041452725826,-635.828698746299,50.73995,50.73955,14801,"2024_06_25_0020","2024_06_25_0020_ev00482_rec2","no",199907
483,2,50.93565,72.8012780706387,76.6080499059663,3.80677183532764,0.300000000002854,0.300000000002854,0,67.2037516688202,6.49224410702099,42.6631428709685,-26.5754495568619,50.93565,50.9353,18713,"2024_06_25_0020","2024_06_25_0020_ev00483_rec2","no",199908
484,2,50.992,72.4201326458111,74.8071629900763,2.38703034426513,0.149999999997874,0.799999999998136,0.800000000005241,70.0440453992327,4.06503510460029,3.65719323767829,-56.0054874428601,50.99185,50.9917,19840,"2024_06_25_0020","2024_06_25_0020_ev00484_rec2","no",199909
485,2,51.06925,64.2785810426897,71.5059533808649,7.22737233817521,0.199999999999534,30.4499999999948,30.0000000000011,68.2654511331441,1.81623252012296,2.43313557379568,127.41807555873,51.0689,51.0687,21385,"2024_06_25_0020","2024_06_25_0020_ev00485_rec2","no",199910
486,2,51.20765,70.1698142807947,77.3828020481598,7.21298776736508,0.199999999999534,0.199999999999534,0,68.1396666908752,4.33500218002743,7.51238802482172,-27.9666270514126,51.2076,51.20735,24153,"2024_06_25_0020","2024_06_25_0020_ev00486_rec2","no",199911
487,2,51.3075,68.1141019010075,74.9280876124153,6.81398571140771,0.450000000000728,0.349999999997408,0.650000000000261,66.9327223834509,4.12425631653311,5.90707892871309,-9.26624482448361,51.3075,51.30705,26150,"2024_06_25_0020","2024_06_25_0020_ev00487_rec2","no",199912
488,2,51.3431,68.6747725524339,74.7559695294819,6.08119697704802,0.10000000000332,1.4499999999984,1.35000000000218,28.8361969109386,60.2341096062854,3.74735345065186,-968.217235551234,51.34295,51.34285,26862,"2024_06_25_0020","2024_06_25_0020_ev00488_rec2","no",199913
489,2,51.50865,61.8268085977729,69.1040906545034,7.27728205673053,0.199999999999534,2.54999999999939,2.79999999999347,63.6458615573622,5.15772810299604,1.56345882190528,69.5616334357002,51.50755,51.50715,30173,"2024_06_25_0020","2024_06_25_0020_ev00489_rec2","no",199914
490,2,51.53035,65.2585475686708,67.5555559886766,2.29700842000578,0.399999999999068,0.299999999995748,0.199999999999534,62.8455385104473,3.49065753463121,2.881847965353,-61.2035711056679,51.5301,51.5297,30607,"2024_06_25_0020","2024_06_25_0020_ev00490_rec2","no",199915
491,2,51.6195,64.8352356816656,67.7240829618052,2.88884728013961,0.250000000001194,30.2500000000023,30.0000000000011,98582.3987976031,-98521.1616587549,759498.525501405,-48.4791226897739,51.6195,51.61915,32390,"2024_06_25_0020","2024_06_25_0020_ev00491_rec2","no",199916
492,2,51.6618,63.9617699846043,75.486658177835,11.5248881932307,1.20000000000431,0.349999999997408,3.30000000000297,64.167931501966,5.35444566708235,11.8901040034035,80.2796822284015,51.6617,51.6589,33236,"2024_06_25_0020","2024_06_25_0020_ev00492_rec2","no",199917
493,2,51.7687,68.530828301033,75.4704918110517,6.93966351001869,1.40000000000384,1.60000000000338,0.249999999994088,68.4234927742319,9.68078254804284,0.178356599396278,6.1446939057315,51.7685,51.766,35374,"2024_06_25_0020","2024_06_25_0020_ev00493_rec2","no",199918
494,2,51.871,70.0915552459842,76.0955798292468,6.00402458326259,0.250000000001194,0.199999999999534,0.250000000001194,68.5166047312714,4.04818394971717,4.18858557613972,-29.3332534789119,51.87095,51.87065,37420,"2024_06_25_0020","2024_06_25_0020_ev00494_rec2","no",199919
495,2,51.9203,68.2466839604174,71.3027312923036,3.05604733188619,0.299999999995748,0.299999999995748,0.10000000000332,66.5314349727985,3.91409495147706,0.360062082554339,-48.8509847121414,51.9203,51.92,38406,"2024_06_25_0020","2024_06_25_0020_ev00495_rec2","no",199920
496,2,51.96275,68.4404474923524,75.1791306689198,6.73868317656735,0.700000000001921,0.650000000000261,0.700000000001921,66.6450181462568,4.49661788617943,15.2268673329466,10.5344024698414,51.9622,51.9615,39255,"2024_06_25_0020","2024_06_25_0020_ev00496_rec2","no",199921
497,2,52.0773,71.4483663498632,75.3756832252957,3.92731687543245,0.349999999997408,1.75000000000125,1.55000000000172,69.988512310814,5.10262109780478,2.80748365795557,-27.7183406501609,52.07705,52.0761,41546,"2024_06_25_0020","2024_06_25_0020_ev00497_rec2","no",199922
498,2,52.1025,70.0282065554936,76.0109549229838,5.98274836749026,0.399999999999068,0.300000000002854,0.10000000000332,68.1687070847727,4.17629989834254,4.60103180277097,-34.8109489672347,52.10245,52.10195,42050,"2024_06_25_0020","2024_06_25_0020_ev00498_rec2","no",199923
499,2,52.2469,68.7481084031195,73.9358158051009,5.18770740198143,0.299999999995748,0.349999999997408,0.550000000004047,65.4293679712663,6.05195771874572,3.66643196617368,-75.8881795756845,52.2469,52.2466,44938,"2024_06_25_0020","2024_06_25_0020_ev00499_rec2","no",199924
500,2,52.4034,68.8649086502318,74.0824830270029,5.21757437677103,0.500000000002387,3.4999999999954,5.00000000000256,69.0394202496231,3.71268411326035,6.65307563615892,31.6508151397513,52.4031,52.4026,48068,"2024_06_25_0020","2024_06_25_0020_ev00500_rec2","no",199925
501,2,52.45215,68.6098564782974,77.1889875320156,8.57913105371824,0.450000000000728,1.20000000000431,1.4499999999984,69.7833597524611,6.01797816911046,1.29991320666984,45.6853810831759,52.4521,52.4516,49043,"2024_06_25_0020","2024_06_25_0020_ev00501_rec2","no",199926
502,2,52.65035,71.3478225801488,76.6078913411029,5.26006876095408,0.200000000006639,0.650000000000261,1.34999999999508,68.9502596203447,5.52551084213642,5.65179391185233,-40.1848208953465,52.65035,52.65,53007,"2024_06_25_0020","2024_06_25_0020_ev00502_rec2","no",199927
503,2,52.74175,74.3569364601151,78.7481933169118,4.39125685679667,0.450000000000728,1.00000000000477,1.10000000000099,69.3684545276063,8.14568987362511,5.29403286865011,-104.985558163632,52.7417,52.74125,54835,"2024_06_25_0020","2024_06_25_0020_ev00503_rec2","no",199928
504,2,52.7621,69.4842880676798,72.8808302767955,3.39654220911569,0.550000000004047,30.5499999999981,30.0000000000011,7208.44087369156,-7139.31019435594,261780.145245793,3.64983588971477,52.762,52.76145,55242,"2024_06_25_0020","2024_06_25_0020_ev00504_rec2","no",199929
505,2,52.83035,72.5962416765095,79.2708629181725,6.67462124166299,0.199999999999534,1.89999999999912,1.89999999999912,72.8459099720094,4.59867809394691,2.63116664848993,27.8243434560441,52.8294,52.8276,56607,"2024_06_25_0020","2024_06_25_0020_ev00505_rec2","no",199930
506,2,52.9623,73.3131073088278,79.2236301702721,5.91052286144428,0.450000000000728,0.599999999998602,0.999999999997669,73.2243850452868,4.03906032150242,1.73050872985602,6.68534889474047,52.9621,52.96155,59246,"2024_06_25_0020","2024_06_25_0020_ev00506_rec2","no",199931
507,2,53.05765,75.468659246513,80.936517331633,5.46785808512003,0.199999999999534,0.150000000004979,0,71.2019125452937,5.10495353914424,18.5730915216775,-51.1620202535731,53.05755,53.05735,61153,"2024_06_25_0020","2024_06_25_0020_ev00507_rec2","no",199932
508,2,53.12245,69.5147819238191,75.1171298074892,5.60234788367009,0.749999999996476,3.34999999999752,0,21919.8963941523,-21847.4081091325,408545.727833951,139.903461398924,53.11975,53.11785,62449,"2024_06_25_0020","2024_06_25_0020_ev00508_rec2","no",199933
509,2,53.1515,73.2772378433561,80.653285879112,7.37604803575587,0.150000000004979,0.199999999999534,0.199999999999534,72.3531058790591,4.63453906043195,0.875220823369417,-22.417508349197,53.1514,53.15125,63030,"2024_06_25_0020","2024_06_25_0020_ev00509_rec2","no",199934
510,2,53.19075,71.2656752687439,73.8048646044847,2.53918933574074,0.250000000001194,0.300000000002854,0.499999999995282,69.1744095774352,3.40881780094532,4.13448867351908,-47.8698582502347,53.19075,53.19045,63815,"2024_06_25_0020","2024_06_25_0020_ev00510_rec2","no",199935
511,2,53.3293,71.4032706799057,76.6829726380707,5.27970195816499,0.300000000002854,0.349999999997408,0.849999999999795,69.7827956687683,4.3065254732587,4.50833920659521,-27.4521438357782,53.3292,53.3287,66586,"2024_06_25_0020","2024_06_25_0020_ev00511_rec2","no",199936
512,2,53.5944,74.7112672527152,79.0076838208757,4.29641656816055,0.300000000002854,1.30000000000052,1.69999999999959,73.2928581799588,4.77075650589477,3.69452405647455,-23.6836601916191,53.5944,53.59405,71888,"2024_06_25_0020","2024_06_25_0020_ev00512_rec2","no",199937
513,2,53.66575,73.3519054425394,81.9444220367957,8.59251659425631,0.750000000003581,0.700000000001921,0,71.728995263333,4.75322031205685,6.07115262622222,-17.272206738242,53.6657,53.66495,73315,"2024_06_25_0020","2024_06_25_0020_ev00513_rec2","no",199938
514,2,53.75915,73.2174399630947,77.1736987110706,3.95625874797592,0.499999999995282,5.60000000000116,8.15000000000055,72.9958642689398,3.84992691025825,9.84813740525697,30.523852488256,53.75915,53.75865,75183,"2024_06_25_0020","2024_06_25_0020_ev00514_rec2","no",199939
515,2,53.7861,71.6946285004541,76.8037437337471,5.10911523329308,0.599999999998602,1.20000000000431,1.24999999999886,72.0037873267927,4.10868255553667,1.30473192563037,16.9658766335188,53.7861,53.7855,75722,"2024_06_25_0020","2024_06_25_0020_ev00515_rec2","no",199940
516,2,53.8845,71.4782330599918,73.9952534117177,2.51702035172583,0.149999999997874,0.450000000000728,0.149999999997874,65.6570886878702,6.89072619620691,8.51623971511412,-115.282443920794,53.88345,53.8833,77690,"2024_06_25_0020","2024_06_25_0020_ev00516_rec2","no",199941
517,2,53.9935,72.1309709106552,76.7443139722331,4.61334306157794,0.250000000001194,30.5499999999981,30.0000000000011,973.458556958384,-903.675568391725,77484.9873727228,-62.6419614161495,53.99335,53.99255,79870,"2024_06_25_0020","2024_06_25_0020_ev00517_rec2","no",199942
518,2,54.02455,70.236546753675,72.6791982666137,2.44265151293861,0.0499999999945544,2.49999999999773,2.20000000000198,69.3208563885257,3.87347122829711,2.92103269536671,-13.3218265352696,54.02385,54.0238,80491,"2024_06_25_0020","2024_06_25_0020_ev00518_rec2","no",199943
519,2,54.1094,67.9773561346423,70.5166575160522,2.53930138140993,0.0500000000016598,31.400000000005,30.0000000000011,69.4173946902268,2.93576962201545,1.84209649918477,63.572606493112,54.106,54.10595,82188,"2024_06_25_0020","2024_06_25_0020_ev00519_rec2","no",199944
520,2,54.1539,71.9191072164906,74.3725484358033,2.45344121931267,0.199999999999534,30.149999999999,30.0000000000011,1398.25815643813,-1328.905310631,32241.0695268863,-58.0463341187569,54.1539,54.1535,83078,"2024_06_25_0020","2024_06_25_0020_ev00520_rec2","no",199945
521,2,54.2405,70.7406174546696,75.6610309751381,4.92041352046854,0.399999999999068,0.749999999996476,0.350000000004513,70.1723483539338,2.63673237965467,3.33154338122531,-5.23505355617753,54.23985,54.23935,84810,"2024_06_25_0020","2024_06_25_0020_ev00521_rec2","no",199946
522,2,54.2805,70.0317922259577,74.7908750407034,4.75908281474577,0.0500000000016598,30.2499999999952,29.999999999994,12995.9339005229,-12927.1332748962,232667.97494046,-10.3345982563081,54.28025,54.2802,85610,"2024_06_25_0020","2024_06_25_0020_ev00522_rec2","no",199947
523,2,54.31555,68.9090585710961,76.8530274842826,7.9439689131865,0.300000000002854,30.1500000000061,30.0000000000011,11190.9567171233,-11122.1266251622,195779.577205641,24.3976068133903,54.3155,54.3152,86311,"2024_06_25_0020","2024_06_25_0020_ev00523_rec2","no",199948
524,2,54.42495,69.8722014190928,78.3833184882655,8.51111706917274,0.250000000001194,30.2499999999952,29.999999999994,6238.47650808096,-6169.51505147165,138001.863642429,-5.48362150561153,54.42485,54.4246,88499,"2024_06_25_0020","2024_06_25_0020_ev00524_rec2","no",199949
525,2,54.51605,73.2687354739883,77.8786344883275,4.60989901433921,0.250000000001194,30.4000000000002,30.0000000000011,73.5691158125475,-3.19361130639589,69.5028404173901,-67.8645524517923,54.51605,54.51555,90321,"2024_06_25_0020","2024_06_25_0020_ev00525_rec2","no",199950
526,2,54.7457,70.8717364714646,76.302521462683,5.43078499121845,0.250000000001194,30.2500000000023,30.0000000000011,4076.49032535826,-4007.14946400555,475787.578614795,-39.9713235782332,54.7453,54.745,94914,"2024_06_25_0020","2024_06_25_0020_ev00526_rec2","no",199951
527,2,54.8906,72.3640232276502,75.5138047001222,3.14978147247197,0.0499999999945544,2.69999999999726,3.34999999999752,70.4964334972741,4.66963167200495,7.71385498407956,-19.2591252569271,54.8903,54.89025,97812,"2024_06_25_0020","2024_06_25_0020_ev00527_rec2","no",199952
528,2,55.1136,70.400393955144,75.3492282783924,4.94883432324839,0.650000000000261,1.04999999999933,0.950000000003115,69.0003924348907,6.50547778595119,1.35425568514219,-29.6227574810039,55.11335,55.11215,102272,"2024_06_25_0020","2024_06_25_0020_ev00528_rec2","no",199953
529,2,55.3542,71.051534896444,75.8812727611147,4.82973786467068,0.200000000006639,1.65000000000504,2.15000000000032,71.1106367403098,3.98911987675728,2.56526382193731,14.2903181535018,55.3537,55.3534,107084,"2024_06_25_0020","2024_06_25_0020_ev00529_rec2","no",199954
530,2,55.40915,72.5818458937436,76.4807813157584,3.89893542201483,0.150000000004979,0.149999999997874,0,70.9955515968566,1.81700831155784,1.96574362653484,-43.5936565171207,55.4091,55.40895,108183,"2024_06_25_0020","2024_06_25_0020_ev00530_rec2","no",199955
531,2,55.55625,71.3350445159444,78.0053739745769,6.67032945863248,0.200000000006639,0.149999999997874,0.450000000000728,70.0522983732511,4.17836511710407,3.96762460590277,-20.7992651548226,55.55615,55.5559,111125,"2024_06_25_0020","2024_06_25_0020_ev00531_rec2","no",199956
532,2,55.7397,73.0849436548655,75.770281934258,2.68533827939245,0.299999999995748,0.749999999996476,1.60000000000338,71.9409113829354,2.85068898191398,5.63188189809232,-17.1675439117871,55.7397,55.7394,114794,"2024_06_25_0020","2024_06_25_0020_ev00532_rec2","no",199957
533,2,55.7862,72.4855704594439,75.9242628119383,3.43869235249433,0.350000000004513,30.0500000000028,30.0000000000011,23749.1179526012,-23679.104544421,261164.462253206,-32.9274161029501,55.7862,55.78585,115724,"2024_06_25_0020","2024_06_25_0020_ev00533_rec2","no",199958
534,2,55.8449,74.0816992548034,76.7652932041862,2.68359394938284,0.0999999999962142,0.499999999995282,0.750000000003581,71.5106109145755,4.46247542398931,3.44298456101322,-61.6517887820039,55.8449,55.8448,116898,"2024_06_25_0020","2024_06_25_0020_ev00534_rec2","no",199959
535,2,55.9037,73.6383338437531,79.7037356918927,6.06540184813962,0.300000000002854,30.2500000000023,30.0000000000011,4044.39216183117,-3973.8058172373,463430.761083729,-86.8204997156026,55.9037,55.9034,118074,"2024_06_25_0020","2024_06_25_0020_ev00535_rec2","no",199960
536,2,56.00605,71.7447317320492,77.9186568544054,6.17392512235622,0.299999999995748,0.350000000004513,0.900000000001455,70.1788463609015,4.65275026793179,4.82323109171435,-22.8793941447682,56.00595,56.00565,120121,"2024_06_25_0020","2024_06_25_0020_ev00536_rec2","no",199961
537,2,56.25785,71.5907244589184,74.3634091622137,2.77268470329537,0.399999999999068,0.900000000001455,0.700000000001921,69.0547473953288,5.20462616186385,1.8470513636849,-65.6067164508143,56.25775,56.25715,125157,"2024_06_25_0020","2024_06_25_0020_ev00537_rec2","no",199962
538,2,56.38675,70.3231771368565,74.5181905509974,4.19501341414092,0.349999999997408,0.849999999999795,1.04999999999933,64.1776804578818,8.51430305967101,10.380078180081,-98.6661650656135,56.3865,56.3861,127735,"2024_06_25_0020","2024_06_25_0020_ev00538_rec2","no",199963
539,2,56.51825,70.750343044211,73.864318658297,3.11397561408593,0.350000000004513,1.89999999999912,1.4499999999984,68.8586018425646,5.60541856084769,2.35582302770695,-41.3574494688191,56.5178,56.5174,130365,"2024_06_25_0020","2024_06_25_0020_ev00539_rec2","no",199964
540,2,56.56655,69.7748694170627,74.1597255001422,4.38485608307947,0.349999999997408,0.399999999999068,0.199999999999534,68.9122444084257,6.57864792658531,0.221904968085703,-23.0142446002416,56.56655,56.56615,131331,"2024_06_25_0020","2024_06_25_0020_ev00540_rec2","no",199965
541,2,56.59855,69.0840310739892,75.3967341925079,6.31270311851871,0.10000000000332,3.25000000000131,6.64999999999338,-16570.2680410505,16642.9811584678,85557.6000406259,24.6579026766097,56.59825,56.59745,131971,"2024_06_25_0020","2024_06_25_0020_ev00541_rec2","no",199966
542,2,56.70375,72.4291765157654,76.2543310292202,3.82515451345473,0.199999999999534,0.10000000000332,0,68.5321492844616,4.71055273528996,4.45803273299664,-95.6702247951296,56.70375,56.70355,134075,"2024_06_25_0020","2024_06_25_0020_ev00542_rec2","no",199967
543,2,56.76675,74.3499850986498,76.5172267835691,2.16724168491932,0.400000000006173,0.799999999998136,0.299999999995748,70.6595379064028,6.52999774398751,0.782995147727534,-105.322252917628,56.76655,56.76615,135335,"2024_06_25_0020","2024_06_25_0020_ev00543_rec2","no",199968
544,2,56.8323,72.8593141933161,76.825253464871,3.9659392715549,0.149999999997874,1.39999999999674,2.00000000000244,69.6670752707842,6.21320649659439,7.02222487675857,-51.9038329862749,56.83215,56.83185,136646,"2024_06_25_0020","2024_06_25_0020_ev00544_rec2","no",199969
545,2,57.01465,72.9786685587701,77.0897101991498,4.11104164037978,0.250000000001194,0.10000000000332,0,70.2551738926343,3.88030981971878,11.2350696444911,-39.8337421641829,57.0144,57.01415,140293,"2024_06_25_0020","2024_06_25_0020_ev00545_rec2","no",199970
546,2,57.0393,68.322293112404,71.681751582326,3.35945846992198,0.0500000000016598,12.3999999999995,7.15000000000288,62275.3749461852,-62206.4869596171,654639.41475338,63.0030025714807,57.0386,57.03855,140786,"2024_06_25_0020","2024_06_25_0020_ev00546_rec2","no",199971
547,2,57.1501,70.8845455776431,74.2473105904518,3.36276501280879,0.10000000000332,0.250000000001194,0,68.7696978177249,1.32328299044224,31.2113690372862,-37.1184416825431,57.1499,57.1498,143002,"2024_06_25_0020","2024_06_25_0020_ev00547_rec2","no",199972
548,2,57.1997,69.8373809428083,72.334843923444,2.49746298063573,0.249999999994088,5.20000000000209,5.64999999999571,67.3440601042784,5.92325769282598,10.2839310904839,-13.4400265602492,57.19895,57.19865,143994,"2024_06_25_0020","2024_06_25_0020_ev00548_rec2","no",199973
549,2,57.2401,71.5717237918588,75.5505251264932,3.97880133463445,1.04999999999933,4.15000000000276,2.25000000000364,70.4950590300128,6.46787795107154,2.39496973086907,-9.94632791373453,57.2393,57.235,144802,"2024_06_25_0020","2024_06_25_0020_ev00549_rec2","no",199974
550,2,57.25805,69.6107720570357,74.9751719468202,5.36439988978456,0.300000000002854,2.049999999997,2.09999999999866,70.3172075611413,4.60497445229523,1.62297661547164,31.9282151876235,57.25755,57.2572,145161,"2024_06_25_0020","2024_06_25_0020_ev00550_rec2","no",199975
551,2,57.31725,72.8512308734157,77.4930791470945,4.64184827367885,0.299999999995748,0.250000000001194,0.450000000000728,69.5108395363463,5.37705863850301,7.40210950368404,-59.8627997161104,57.31715,57.3167,146345,"2024_06_25_0020","2024_06_25_0020_ev00551_rec2","no",199976
552,2,57.40865,71.4327393153236,75.5572416189453,4.12450230362167,0.199999999999534,30.1999999999936,29.999999999994,18197.0612139705,-18127.0841320306,257552.437753918,-11.3732349214971,57.4086,57.4084,148173,"2024_06_25_0020","2024_06_25_0020_ev00552_rec2","no",199977
553,2,57.45415,72.6997459333137,74.755847083576,2.05610115026228,0.849999999999795,0.94999999999601,0.349999999997408,71.1711096121484,2.97746070972115,1.29463433033362,-39.7091484169689,57.45355,57.4527,149083,"2024_06_25_0020","2024_06_25_0020_ev00553_rec2","no",199978
554,2,57.59605,70.3936203182882,74.7031580922237,4.3095377739355,0.349999999997408,0.799999999998136,0.599999999998602,68.9986645444714,5.2399782937296,1.05849337699748,-34.3401625417975,57.5958,57.59545,151921,"2024_06_25_0020","2024_06_25_0020_ev00554_rec2","no",199979
555,2,57.7048,71.6611254044123,76.0519267604292,4.39080135601688,0.300000000002854,0.650000000000261,0.650000000000261,70.3759388872814,5.43078941490715,1.02463355286657,-32.1563376147779,57.7048,57.7045,154096,"2024_06_25_0020","2024_06_25_0020_ev00555_rec2","no",199980
556,2,57.7741,68.0410387617459,71.4373598604243,3.39632109867846,0.499999999995282,2.45000000000317,30.0000000000011,69.4911624463336,1.10209620538553,1.32960964768156,46.7236793372972,57.7741,57.77355,155482,"2024_06_25_0020","2024_06_25_0020_ev00556_rec2","no",199981
557,2,57.89655,68.6426615131935,72.5228833104702,3.88022179727663,0.299999999995748,30.0499999999957,26.6500000000036,114038.01759082,-113971.041901039,979387.319284394,3.23153624810438,57.89655,57.8962,157931,"2024_06_25_0020","2024_06_25_0020_ev00557_rec2","no",199982
558,2,58.1749,71.5794117927166,76.3295120435611,4.75010025084444,0.199999999999534,0.650000000000261,0.499999999995282,69.4558341098483,7.33249770386859,0.765013826098497,-56.4113478293846,58.1747,58.17425,163498,"2024_06_25_0020","2024_06_25_0020_ev00558_rec2","no",199983
559,2,58.28435,69.1900185325327,71.8399969899517,2.649978457419,0.300000000002854,7.05000000000666,7.24999999999909,-234066.165766827,234141.975883748,301502.290125239,-149.450332607969,58.28435,58.28385,165687,"2024_06_25_0020","2024_06_25_0020_ev00559_rec2","no",199984
560,2,58.60925,75.2820913517432,79.5386805072383,4.25658915549508,0.500000000002387,0.950000000003115,0,68.1211968550815,8.10898894414731,33.2583969722454,-53.0106741438674,58.6091,58.60825,172185,"2024_06_25_0020","2024_06_25_0020_ev00560_rec2","no",199985
561,2,58.74745,73.2742460235355,79.1182338642484,5.84398784071288,0.149999999997874,1.04999999999933,1.35000000000218,71.549602559792,5.91810296708572,3.21603936311155,-30.3184171560574,58.74695,58.74675,174949,"2024_06_25_0020","2024_06_25_0020_ev00561_rec2","no",199986
562,2,58.7734,70.5077685608795,73.8131072242863,3.30533866340689,0.199999999999534,0.849999999999795,0.950000000003115,70.6317240858099,4.14571308069697,0.701946604623547,7.278595171116,58.77335,58.7731,175468,"2024_06_25_0020","2024_06_25_0020_ev00562_rec2","no",199987
563,2,58.8896,70.6265851936621,75.3215888006632,4.69500360700108,0.199999999999534,1.74999999999415,1.99999999999534,68.4317309042375,5.98906097335605,4.80474476211859,-35.9147234834251,58.88935,58.889,177792,"2024_06_25_0020","2024_06_25_0020_ev00563_rec2","no",199988
564,2,58.92535,68.8779959633168,71.9107357409553,3.03273977763847,0.799999999998136,30.6499999999943,29.999999999994,18577.3781979465,-18510.033572462,233134.75385083,-7.97457423992595,58.9251,58.9242,178507,"2024_06_25_0020","2024_06_25_0020_ev00564_rec2","no",199989
565,2,58.9969,65.5929205974266,72.6934340968608,7.10051349943419,0.499999999995282,2.34999999999985,4.85000000000468,67.0379988213579,3.23842433556634,4.8139928253715,62.5381238725553,58.99675,58.99595,179938,"2024_06_25_0020","2024_06_25_0020_ev00565_rec2","no",199990
566,2,59.0634,67.1953998484108,70.6494545067064,3.45405465829562,0.300000000002854,0.350000000004513,0,64.5529068631087,3.35956877351977,9.69598961536976,-46.4182019774846,59.063,59.0627,181268,"2024_06_25_0020","2024_06_25_0020_ev00566_rec2","no",199991
567,2,59.14375,66.6204567206497,70.3642330114097,3.74377629076002,0.0500000000016598,1.64999999999793,2.60000000000105,66.1499398998636,3.10987677053295,5.00815290167976,2.8135120880796,59.14335,59.14325,182875,"2024_06_25_0020","2024_06_25_0020_ev00567_rec2","no",199992
568,2,59.22575,68.9270476652097,73.8157454467566,4.88869778154685,0.150000000004979,30.0999999999974,30.0000000000011,4706.68686046709,-4638.8273780625,188058.650009952,-20.4630428737638,59.2257,59.22555,184515,"2024_06_25_0020","2024_06_25_0020_ev00568_rec2","no",199993
569,2,59.5214,68.3402311835076,71.0192995628621,2.67906837935446,0.199999999999534,30.2500000000023,30.0000000000011,8968.74840048293,-8902.04329664703,512338.443708197,-40.6678671202103,59.5213,59.5211,190428,"2024_06_25_0020","2024_06_25_0020_ev00569_rec2","no",199994
570,2,59.6536,67.9065254487505,103.89338092352,35.9868554747697,1.69999999999959,29.3999999999954,30.0000000000011,77.3155006742459,28.6168371497133,20.5870939310604,909.891312361271,59.64975,59.648,193072,"2024_06_25_0020","2024_06_25_0020_ev00570_rec2","no",199995
571,2,59.73805,76.477948318139,83.7196155420421,7.24166722390314,0.149999999997874,2.9000000000039,4.59999999999638,77.4878533629007,4.64679663438814,4.47515587578823,53.6475502401028,59.7378,59.73765,194761,"2024_06_25_0020","2024_06_25_0020_ev00571_rec2","no",199996
572,2,59.765,78.0461305250517,82.2417998848197,4.195669359768,0.300000000002854,0.350000000004513,0.199999999999534,74.7842631831757,5.64677966379861,1.11271146873572,-89.8561975506337,59.765,59.76465,195300,"2024_06_25_0020","2024_06_25_0020_ev00572_rec2","no",199997
573,2,59.80465,68.9862417003613,74.8639231135906,5.87768141322925,1.90000000000623,32.9499999999996,30.0000000000011,72.3768272157969,3.23016418982813,3.58033836302823,136.256900915048,59.80355,59.80165,196093,"2024_06_25_0020","2024_06_25_0020_ev00573_rec2","no",199998
574,2,60.00005,70.9268615368196,73.42529296875,2.49843143193036,0.150000000004979,0.650000000000261,0.999999999997669,68.6281956739686,4.08277539822422,4.2163785618168,-51.834384569318,60.00005,59.9999,200001,"2024_06_25_0020","2024_06_25_0020_ev00574_rec2","no",199999
575,2,60.2605,66.2493019104004,75.8056640625,9.55636215209961,1.35000000000218,3.90000000000157,6.25000000000142,69.10415289915,3.9196424960436,3.57121737918935,109.012292766571,60.26005,60.2587,205210,"2024_06_25_0020","2024_06_25_0020_ev00575_rec2","no",200000
576,2,60.286,69.3766276041667,75.86669921875,6.49007161458333,0.399999999999068,0.94999999999601,1.54999999999461,68.9266178209841,4.63795711595338,3.17335947231394,2.8661073048908,60.28585,60.28535,205720,"2024_06_25_0020","2024_06_25_0020_ev00576_rec2","no",200001
577,2,60.35495,65.9935359046573,81.6039962768555,15.6104603721982,3.45000000000084,22.1500000000034,30.0000000000011,73.728819905603,4.32630666807122,4.04847013898484,351.247075612204,60.3486,60.34495,207099,"2024_06_25_0020","2024_06_25_0020_ev00577_rec2","no",200002
578,2,60.4681,78.078496660505,81.1157150268555,3.03721836635044,0.149999999997874,0.0500000000016598,0,72.506796437009,6.10458466560587,8.19245947895701,-118.359878730774,60.4681,60.4678,209362,"2024_06_25_0020","2024_06_25_0020_ev00578_rec2","no",200003
579,2,60.51755,71.6552734375,76.5380859375,4.8828125,0.0999999999962142,0.599999999998602,1.84999999999746,71.0732727281913,3.23012643068045,6.20367214708572,3.52783203125,60.5174,60.5173,210351,"2024_06_25_0020","2024_06_25_0020_ev00579_rec2","no",200004
580,2,60.6868,72.5126720610119,79.65087890625,7.1382068452381,0.600000000005707,0.149999999997874,0,68.8273049530921,3.11456106588892,7.89618812680381,-85.847038895743,60.6867,60.68595,213736,"2024_06_25_0020","2024_06_25_0020_ev00580_rec2","no",200005
581,2,60.77235,70.5043247767857,75.68359375,5.17926897321429,0.599999999998602,1.15000000000265,0.89999999999435,69.4906374800878,5.19914630458571,1.61235029764059,-16.5677763257706,60.77155,60.77085,215447,"2024_06_25_0020","2024_06_25_0020_ev00581_rec2","no",200006
582,2,60.8519,70.9955124627976,73.1201171875,2.12460472470238,0.450000000000728,0.250000000001194,0.0999999999962142,69.2996462997515,2.64156125490646,1.93572773941771,-44.7873085385278,60.8519,60.85145,217038,"2024_06_25_0020","2024_06_25_0020_ev00582_rec2","no",200007
583,2,60.89675,72.6638067336309,75.13427734375,2.47047061011905,1.69999999999959,1.4499999999984,0,-98288.9536571826,98361.7794571845,308707.123314886,-137.696852970123,60.8966,60.8947,217935,"2024_06_25_0020","2024_06_25_0020_ev00583_rec2","no",200008
584,2,61.04375,70.6147693452381,72.8759765625,2.2612072172619,0.349999999997408,2.00000000000244,1.09999999999388,68.0485871454846,4.74163606991457,3.30808793552526,-56.7834063393731,61.04235,61.042,220875,"2024_06_25_0020","2024_06_25_0020_ev00584_rec2","no",200009
585,2,61.11435,69.0685453869048,76.11083984375,7.04229445684524,0.199999999999534,1.75000000000125,2.84999999999513,69.9713328463076,4.39312997201237,2.99774106987163,41.5501910527548,61.1143,61.11405,222287,"2024_06_25_0020","2024_06_25_0020_ev00585_rec2","no",200010
586,2,61.2241,70.8124069940476,76.416015625,5.60360863095238,0.149999999997874,0.599999999998602,0,68.1221344026771,2.99719910184565,9.68132935938486,-51.2971452531361,61.224,61.22335,224482,"2024_06_25_0020","2024_06_25_0020_ev00586_rec2","no",200011
587,2,61.44835,68.0716378348214,75.1953125,7.12367466517857,0.400000000006173,0.999999999997669,1.10000000000099,50.6619647973838,26.5052322431216,3.90426464982699,-417.517622988565,61.4483,61.44785,228967,"2024_06_25_0020","2024_06_25_0020_ev00587_rec2","no",200012
588,2,61.55795,62.5726583571661,67.9931640625,5.42050570533389,1.34999999999508,1.84999999999746,1.55000000000172,46.3888290827032,22.3345848404484,7.66732362666116,-315.681415153685,61.5579,61.5563,231159,"2024_06_25_0020","2024_06_25_0020_ev00588_rec2","no",200013
589,2,61.62235,55.4170116242908,62.7441368103027,7.32712518601191,0.200000000006639,1.24999999999886,0.650000000000261,49.660128741465,13.2578766551152,1.47253771434351,-148.025874092465,61.6221,61.62095,232447,"2024_06_25_0020","2024_06_25_0020_ev00589_rec2","no",200014
590,2,61.6539,49.8192158653623,55.4809532165527,5.66173735119047,0.450000000000728,2.20000000000198,2.049999999997,48.1302962452395,7.85107808886649,2.78735867393265,-26.2552170526414,61.65365,61.65315,233078,"2024_06_25_0020","2024_06_25_0020_ev00590_rec2","no",200015
591,2,61.68895,49.5983267284575,51.9409141540527,2.34258742559524,0.10000000000332,3.10000000000343,2.00000000000244,34.2040840243964,25.8165432878578,4.36069549174061,-343.030812890189,61.68685,61.68675,233779,"2024_06_25_0020","2024_06_25_0020_ev00591_rec2","no",200016
592,2,61.7386,45.3694623311361,53.0395469665527,7.67008463541666,3.99999999999778,2.74999999999892,2.94999999999845,35.3684533343384,18.9215372778453,7.62147514635285,-138.522786935171,61.7384,61.7342,234772,"2024_06_25_0020","2024_06_25_0020_ev00592_rec2","no",200017
593,2,61.7609,33.7844119299026,42.6635704040527,8.87915847415016,2.9000000000039,19.8999999999998,7.89999999999935,24058.1656311496,-24022.5338125775,131950.290666267,181.660346483049,61.7565,61.75355,235218,"2024_06_25_0020","2024_06_25_0020_ev00593_rec2","no",200018
594,2,61.8068,44.4161516825358,49.7436485290527,5.32749684651693,1.54999999999461,8.35000000000008,2.80000000000769,35.0458045391406,15.654100382516,8.75939549573565,-133.203948783874,61.8038,61.80025,236136,"2024_06_25_0020","2024_06_25_0020_ev00594_rec2","no",200019
595,2,61.8275,38.8125450497582,42.4194297790527,3.60688472929455,0.300000000002854,1.69999999999959,1.89999999999912,25.3076988664481,18.0648396612074,9.65818238207312,-236.172415104367,61.82705,61.82675,236550,"2024_06_25_0020","2024_06_25_0020_ev00595_rec2","no",200020
596,2,61.8841,38.3242639814104,51.3305625915527,13.0062986101423,6.95000000000334,7.55000000000194,2.65000000000271,-2.72287495674287,72.9920897518042,5.74876362515945,-752.50397384651,61.88395,61.87365,237682,"2024_06_25_0020","2024_06_25_0020_ev00596_rec2","no",200021
597,2,61.9256,-4.72586479073479,26.9775371551514,31.7034019458862,17.2499999999971,16.1499999999961,1.84999999999746,4.94844886104289,13.4029824661168,0.99892479495909,672.091423405663,61.9241,61.90635,238512,"2024_06_25_0020","2024_06_25_0020_ev00597_rec2","no",200022
598,2,61.9987,26.7188645317441,36.19384765625,9.4749831245059,3.59999999999872,16.3000000000011,1.24999999999886,17.6795941236221,29.3633193672489,1.4846810133971,-104.645311803761,61.98695,61.9822,239974,"2024_06_25_0020","2024_06_25_0020_ev00598_rec2","no",200023
599,2,62.0286,13.4626108351208,36.43798828125,22.9753774461292,11.6499999999959,18.4500000000014,0.150000000004979,128648.009552998,-128626.085405004,454999.451509156,511.332456233388,62.0284,62.01565,240572,"2024_06_25_0020","2024_06_25_0020_ev00599_rec2","no",200024
600,2,62.06325,31.046548298427,41.0156211853027,9.9690728868757,1.04999999999222,30.6499999999943,30.0000000000011,46509.5078245909,-46478.4025823443,433865.158192622,63.1785190377916,62.0615,62.058,241265,"2024_06_25_0020","2024_06_25_0020_ev00600_rec2","no",200025
601,2,62.095,37.5714978717622,43.5180625915527,5.9465647197905,0.849999999999795,30.3499999999985,30.0000000000011,119224.668929884,-119204.272998842,253777.570728492,-304.40218427976,62.09475,62.09155,241900,"2024_06_25_0020","2024_06_25_0020_ev00601_rec2","no",200026
602,2,62.13235,29.6253009977795,43.3349571228027,13.7096561250233,7.99999999999557,37.2999999999948,29.999999999994,37.2796527645939,3.80767337576248,2.60803831877785,318.143309679485,62.1317,62.12035,242647,"2024_06_25_0020","2024_06_25_0020_ev00602_rec2","no",200027
603,2,62.1716,39.8588616507394,44.6777305603027,4.81886890956334,1.24999999999886,24.5499999999979,20.6000000000017,160128.703367444,-160098.094083385,298919.71489153,-27.8414947237288,62.16965,62.1684,243432,"2024_06_25_0020","2024_06_25_0020_ev00603_rec2","no",200028
604,2,62.25015,52.0513587225051,57.9223594665527,5.87100074404762,0.299999999995748,2.00000000000244,2.0500000000041,52.7230394083802,3.11772131949902,2.77222947013512,32.2304135277158,62.24995,62.24895,245003,"2024_06_25_0020","2024_06_25_0020_ev00604_rec2","no",200029
605,2,62.31725,62.0640309651693,65.185546875,3.12151590983073,0.600000000005707,0.849999999999795,0,-116985.914920104,117045.163003989,257819.793138928,-286.943047189713,62.31685,62.31625,246345,"2024_06_25_0020","2024_06_25_0020_ev00605_rec2","no",200030
606,2,62.38815,32.7816912333171,38.63525390625,5.85356267293295,0.199999999999534,1.10000000000099,0.950000000003115,16.2323464767737,25.4081646889469,3.05298320506179,-417.319829936325,62.38795,62.38775,247763,"2024_06_25_0020","2024_06_25_0020_ev00606_rec2","no",200031
607,2,62.43095,26.9600986299061,41.8701133728027,14.9100147428967,4.84999999999758,6.9999999999979,30.0000000000011,33.8392263445427,3.63640975260426,1.34150313358966,284.2841342154,62.4284,62.4195,248619,"2024_06_25_0020","2024_06_25_0020_ev00607_rec2","no",200032
608,2,62.50435,50.7550882611956,56.5185508728027,5.76346261160715,0.299999999995748,0.700000000001921,0.349999999997408,37.2620538070164,24.6429322598805,0.8140457643834,-383.00208467756,62.50415,62.5036,250087,"2024_06_25_0020","2024_06_25_0020_ev00608_rec2","no",200033
609,2,62.57915,51.658989860898,56.9457969665527,5.28680710565476,2.75000000000603,12.1999999999929,11.7000000000047,-97281.3399430895,97339.1046073224,273928.220830989,39.0304599761962,62.5788,62.57605,251583,"2024_06_25_0020","2024_06_25_0020_ev00609_rec2","no",200034
610,2,62.6446,49.9441926138742,59.1430625915527,9.19886997767857,1.34999999999508,2.9000000000039,2.3000000000053,37.7549365366207,19.4717277984759,10.3449355643625,-159.082658924375,62.64285,62.64015,252892,"2024_06_25_0020","2024_06_25_0020_ev00610_rec2","no",200035
611,2,62.7202,46.9389377775646,56.0302696228027,9.0913318452381,1.7999999999958,8.00000000000267,3.35000000000463,38.137303548562,24.2087841338942,4.83983190586573,-115.188692170098,62.71675,62.71495,254404,"2024_06_25_0020","2024_06_25_0020_ev00611_rec2","no",200036
612,2,62.77815,49.7029584248861,55.4199180603027,5.71695963541666,0.349999999997408,3.19999999999965,1.30000000000052,36.3554066346374,18.53538666212,7.06496426174535,-261.874332237244,62.7758,62.77505,255563,"2024_06_25_0020","2024_06_25_0020_ev00612_rec2","no",200037
613,2,62.87125,51.8043116614932,64.63623046875,12.8319188072568,8.40000000000174,8.90000000000413,6.35000000000474,49.6576946744263,13.0910100758838,9.88306325117091,182.16400718689,62.86565,62.85555,257425,"2024_06_25_0020","2024_06_25_0020_ev00613_rec2","no",200038
614,2,62.89845,49.0490103222075,55.9081993103027,6.85918898809524,0.0999999999962142,1.89999999999912,2.94999999999845,39.8286441869187,14.0129821662646,16.7771240366833,-79.2063294092813,62.8983,62.89815,257969,"2024_06_25_0020","2024_06_25_0020_ev00614_rec2","no",200039
615,2,62.9255,45.2619241986956,47.7294883728027,2.46756417410715,0.0500000000016598,3.00000000000011,2.84999999999513,-234779.379575307,234829.847016481,155545.957419057,-521.128998104802,62.92485,62.9248,258510,"2024_06_25_0020","2024_06_25_0020_ev00615_rec2","no",200040
616,2,62.98945,28.8754398709252,33.87451171875,4.99907184782482,5.65000000000282,33.9999999999989,26.3500000000008,241858.940589274,-241849.27944873,302356.645022624,-190.032852386453,62.98795,62.9819,259789,"2024_06_25_0020","2024_06_25_0020_ev00616_rec2","no",200041
617,2,63.032,30.7791559128534,44.2504844665527,13.4713285536993,5.04999999999711,25.4499999999993,12.2,178717.922421765,-178687.584379242,402474.793777081,277.205548785982,63.02525,63.0201,260640,"2024_06_25_0020","2024_06_25_0020_ev00617_rec2","no",200042
618,2,63.06945,43.5616591317313,45.6542930603027,2.09263392857143,5.15000000000043,25.0000000000057,16.2500000000065,40890.7838724284,-40852.0968554693,117602.89471746,22.0433062962124,63.0687,63.06125,261389,"2024_06_25_0020","2024_06_25_0020_ev00618_rec2","no",200043
619,2,63.1293,50.7492753891718,55.6640586853027,4.91478329613095,0.450000000000728,30.3499999999985,30.0000000000011,96.2251822192465,-61.5678976208671,99.3493040143627,-223.412045033773,63.1288,63.1276,262586,"2024_06_25_0020","2024_06_25_0020_ev00619_rec2","no",200044
620,2,63.2237,57.2277212597075,60.9130821228027,3.68536086309524,0.900000000001455,3.14999999999799,3.00000000000011,-150255.135570193,150316.860212323,143104.24529645,-335.494597671145,63.22365,63.22275,264474,"2024_06_25_0020","2024_06_25_0020_ev00620_rec2","no",200045
621,2,63.31495,52.9232895260765,58.5327110290527,5.60942150297619,1.40000000000384,4.44999999999851,2.15000000000032,27.5385705669237,40.8809549227436,5.46544095909757,-527.31942670913,63.3143,63.31235,266299,"2024_06_25_0020","2024_06_25_0020_ev00621_rec2","no",200046
622,2,63.33515,20.1241619927543,36.92626953125,16.8021075384957,6.75000000000381,7.35000000000241,0.0500000000016598,30.987648360068,5.93925327727418,1e-07,419.223884211268,63.332,63.325,266703,"2024_06_25_0020","2024_06_25_0020_ev00622_rec2","no",200047
623,2,63.444,56.9661420186361,62.1948204040527,5.22867838541666,0.250000000001194,0.599999999998602,0.499999999995282,56.2189990256176,6.78173078101551,0.531984618820638,-17.5577797571819,63.44395,63.4437,268880,"2024_06_25_0020","2024_06_25_0020_ev00623_rec2","no",200048
624,2,63.47315,57.2596920558384,61.6455039978027,4.38581194196428,1.14999999999554,2.09999999999866,3.14999999999799,57.752536721531,2.78426619166759,3.48330460858628,28.6102310180664,63.47295,63.4718,269463,"2024_06_25_0020","2024_06_25_0020_ev00624_rec2","no",200049
625,2,63.57045,58.8989219665527,63.5986289978027,4.69970703125,0.199999999999534,5.30000000000541,4.34999999999519,59.5824095096457,6.20345144769246,2.44441562550332,44.5114223480225,63.57,63.5683,271409,"2024_06_25_0020","2024_06_25_0020_ev00625_rec2","no",200050
626,2,63.62145,60.4248008728027,63.5986289978027,3.173828125,0.349999999997408,3.19999999999965,5.45000000000329,61.5435610361606,4.91782660530215,1.2145793333926,43.3258237838745,63.62085,63.6205,272429,"2024_06_25_0020","2024_06_25_0020_ev00626_rec2","no",200051
627,2,63.71985,51.048638298398,59.6313438415527,8.58270554315476,0.650000000000261,4.79999999999592,4.19999999999732,34.0559523062957,27.8687775771096,12.9377876190125,-178.713953495026,63.7198,63.7178,274397,"2024_06_25_0020","2024_06_25_0020_ev00627_rec2","no",200052
628,2,63.787,55.4053858802432,58.5937461853027,3.18836030505953,0.650000000000261,0.700000000001921,0.549999999996942,54.7594256904119,3.87996518283162,0.705803371192286,-14.6036783854166,63.787,63.78565,275740,"2024_06_25_0020","2024_06_25_0020_ev00628_rec2","no",200053
629,2,63.8536,58.9279863266718,64.697265625,5.76927929832821,0.199999999999534,0.349999999997408,0.199999999999534,56.9927438947806,7.72977756705036,0.349359972726491,-54.2277733394079,63.85355,63.85335,277072,"2024_06_25_0020","2024_06_25_0020_ev00629_rec2","no",200054
630,2,63.89015,56.8033816019694,69.4580078125,12.6546262105306,0.999999999997669,0.549999999996942,1.39999999999674,49.6545930575112,13.0434342932636,14.130991743998,-46.3846769968668,63.8901,63.8889,277803,"2024_06_25_0020","2024_06_25_0020_ev00630_rec2","no",200055
631,2,63.93625,52.0135750543504,66.83349609375,14.8199210393996,11.099999999999,18.8500000000005,8.15000000000055,55.9414299396137,11.2230491488969,4.11957396718656,361.011942336673,63.92935,63.9175,278725,"2024_06_25_0020","2024_06_25_0020_ev00631_rec2","no",200056
632,2,64.01105,58.7332551138742,63.2324180603027,4.49916294642857,0.300000000009959,27.150000000006,25.0500000000073,81894.0339044665,-81840.7972905425,286520.883874409,-35.4919376373292,64.01085,64.0104,280221,"2024_06_25_0020","2024_06_25_0020_ev00632_rec2","no",200057
633,2,64.03405,57.303288596017,63.6596641540527,6.35637555803572,0.200000000006639,4.6999999999997,30.0000000000011,60.084980977897,4.67733564041703,1.65634296130461,95.7236268179758,64.03335,64.03315,280681,"2024_06_25_0020","2024_06_25_0020_ev00633_rec2","no",200058
634,2,64.0614,61.9012707301549,67.3828125,5.48154176984514,1.15000000000975,1.55000000000882,1.1999999999972,32.9690754546558,43.2117632034925,3.64292012319886,-708.03355008534,64.0614,64.06015,281228,"2024_06_25_0020","2024_06_25_0020_ev00634_rec2","no",200059
635,2,64.18135,55.687310173398,60.7299766540527,5.04266648065476,0.399999999999068,0.849999999999795,0.900000000001455,51.0742197998531,8.20150730557213,3.81912084834852,-103.367541894459,64.18095,64.18055,283627,"2024_06_25_0020","2024_06_25_0020_ev00635_rec2","no",200060
636,2,64.357,57.4282653445289,59.9365196228027,2.50825427827381,0.0500000000016598,1.1999999999972,0.950000000003115,53.2031654285905,10.3467139658475,1.36220807703197,-110.800969977606,64.35645,64.3564,287140,"2024_06_25_0020","2024_06_25_0020_ev00636_rec2","no",200061
637,2,64.38835,55.8500705900646,62.6831016540527,6.83303106398809,0.550000000004047,1.4500000000055,0.0500000000016598,58.1786036058644,4.50560554145934,1e-07,81.5294563020979,64.3876,64.38585,287767,"2024_06_25_0020","2024_06_25_0020_ev00637_rec2","no",200062
638,2,64.49375,62.0727513631185,66.650390625,4.57763926188151,0.799999999998136,31.25,25.4500000000064,48199.4202477255,-48137.9419778692,535316.21583167,27.723694260915,64.4935,64.49165,289875,"2024_06_25_0020","2024_06_25_0020_ev00638_rec2","no",200063
639,2,64.52135,64.0142515273321,70.61767578125,6.60342425391788,0.299999999995748,0.949999999988904,1.69999999999959,48.305075581124,19.615630683485,22.1965003400817,-147.138723845709,64.5213,64.52085,290427,"2024_06_25_0020","2024_06_25_0020_ev00639_rec2","no",200064
640,2,64.58865,59.6952854338146,62.7441368103027,3.04885137648809,0.699999999994816,2.19999999998777,1.64999999999793,52.0844308782715,12.7360619935054,4.39483074470141,-170.175896363031,64.58855,64.5874,291773,"2024_06_25_0020","2024_06_25_0020_ev00640_rec2","no",200065
641,2,64.6426,59.6284374055408,67.5048828125,7.87644540695917,0.550000000004047,2.44999999999607,2.44999999999607,44.7377228915196,25.2805966133925,6.95209306722619,-265.882051949274,64.6421,64.63975,292852,"2024_06_25_0020","2024_06_25_0020_ev00641_rec2","no",200066
642,2,64.67165,29.1980549040295,49.6215782165527,20.4235233125233,9.10000000000366,45.5000000000041,30.0000000000011,44.3672763708068,2.63785224071233,3.651905862277,735.117349706377,64.66475,64.6552,293433,"2024_06_25_0020","2024_06_25_0020_ev00642_rec2","no",200067
643,2,64.7554,58.616997673398,62.3168907165527,3.69989304315476,0.199999999992428,0.750000000010687,0.799999999998136,45.6282780105782,17.3829274172125,4.16625778807198,-316.765329678853,64.75535,64.7551,295108,"2024_06_25_0020","2024_06_25_0020_ev00643_rec2","no",200068
645,2,64.98725,59.2912908281599,66.40625,7.11495917184012,0.299999999995748,1.40000000000384,1.84999999999036,58.3378758528222,7.59645688095922,2.43493617276255,-7.22672829365378,64.9872,64.98655,299745,"2024_06_25_0020","2024_06_25_0020_ev00645_rec2","no",200070
646,2,65.0525,61.9437550489475,77.6107536624405,15.666998613493,9.55000000000439,31.8499999999915,30.0000000000011,72.7037868943295,4.91905049734033,1.92221547596913,430.925678386936,65.05185,65.0421,301050,"2024_06_25_0020","2024_06_25_0020_ev00646_rec2","no",200071
647,2,65.07955,71.0801773227575,74.2160615443137,3.13588422155621,1.15000000000975,1.35000000000218,0.0500000000016598,71.4280573951475,2.78787441895383,1e-07,15.790060234491,65.07925,65.0781,301591,"2024_06_25_0020","2024_06_25_0020_ev00647_rec2","no",200072
648,2,65.119,70.5890475261671,75.1223564590506,4.53330893288347,0.299999999995748,0.700000000009027,1.00000000000477,56.4714765355823,16.9850394161476,13.5263215011257,-217.976896865971,65.1189,65.1186,302380,"2024_06_25_0020","2024_06_25_0020_ev00648_rec2","no",200073
649,2,65.2457,58.1184860371059,62.5647211576521,4.44623512054617,3.39999999999918,30.6499999999943,30.0000000000011,67788.415597445,-67735.1067404669,643604.425675413,-98.7579137442032,65.2457,65.2421,304914,"2024_06_25_0020","2024_06_25_0020_ev00649_rec2","no",200074
650,2,65.28385,59.6687021858209,66.225954689303,6.55725250348209,1.14999999999554,33.0000000000013,30.0000000000011,25843.0149383394,-25784.7631607058,322038.053975986,0.361152043322439,65.2837,65.2807,305677,"2024_06_25_0020","2024_06_25_0020_ev00650_rec2","no",200075
651,2,65.30825,58.9292520252159,66.3993970071047,7.47014498188872,0.549999999989836,1.50000000000716,1.40000000000384,43.1513833381808,26.9763699715416,3.73190101109982,-369.533265205942,65.30805,65.3075,306165,"2024_06_25_0020","2024_06_25_0020_ev00651_rec2","no",200076
652,2,65.3773,59.3421108337286,67.1445164072546,7.802405573526,0.650000000007367,31.0500000000076,26.2499999999903,86686.0454906483,-86626.4647378338,858061.260375815,60.7769732932743,65.376,65.3746,307546,"2024_06_25_0020","2024_06_25_0020_ev00652_rec2","no",200077
653,2,65.4562,66.889541290098,70.9286153583954,4.03907406829742,0.249999999994088,0.799999999998136,0.799999999998136,64.1546008591762,6.94016100787564,1.64716992658912,-69.5836051300362,65.4562,65.45595,309124,"2024_06_25_0020","2024_06_25_0020_ev00653_rec2","no",200078
654,2,65.49945,62.8140135330977,65.9203530323169,3.10633949921922,0.10000000000332,8.25000000000387,8.35000000000719,-62892.7700948808,62960.3081413218,146681.900943585,-47.1484824740905,65.49865,65.49855,309989,"2024_06_25_0020","2024_06_25_0020_ev00654_rec2","no",200079
655,2,65.63985,68.1985286702826,72.0881545017514,3.88962583146882,0.299999999995748,4.3500000000023,4.85000000000468,-673584.254695611,673657.178217056,990315.92537231,-163.035341205778,65.63985,65.6395,312797,"2024_06_25_0020","2024_06_25_0020_ev00655_rec2","no",200080
656,2,65.74435,60.4159205726488,66.4670984735883,6.05117790093956,0.199999999992428,0.450000000000728,0,-70958.4866322036,71014.6998342421,349184.217936938,-211.834151161362,65.74425,65.74185,314887,"2024_06_25_0020","2024_06_25_0020_ev00656_rec2","no",200081
657,2,65.76265,59.2697114653105,63.4689959523364,4.19928448702588,0.249999999994088,30.1999999999936,30.0000000000011,16866.1717862422,-16816.4507914826,141752.106315715,-232.385708208952,65.76265,65.7624,315253,"2024_06_25_0020","2024_06_25_0020_ev00657_rec2","no",200082
658,2,65.83865,62.1986016307393,66.874394715923,4.67579308518373,0.10000000000332,0.799999999998136,1.04999999999222,60.8589382811166,6.06909416658215,1.53295217481452,-30.6535086429896,65.83865,65.8385,316773,"2024_06_25_0020","2024_06_25_0020_ev00658_rec2","no",200083
659,2,65.8668,60.4535163749451,67.7881262122537,7.33460983730859,0.349999999997408,0.950000000003115,1.1999999999972,53.2422539372281,14.0896555140816,3.4205414336377,-167.009429496248,65.8668,65.86625,317336,"2024_06_25_0020","2024_06_25_0020_ev00659_rec2","no",200084
660,2,65.91865,57.1343736049119,63.8000058104662,6.66563220555427,3.09999999998922,4.24999999999898,3.74999999999659,54.1720930921329,8.9804797023367,7.47049007086891,-10.4497748445712,65.91845,65.9153,318373,"2024_06_25_0020","2024_06_25_0020_ev00660_rec2","no",200085
661,2,65.9473,56.3945624829591,63.6665780495094,7.27201556655029,0.500000000002387,1.4500000000055,1.54999999999461,42.353441646616,22.3400574150838,5.3651359854225,-300.395828114288,65.94725,65.94675,318946,"2024_06_25_0020","2024_06_25_0020_ev00661_rec2","no",200086
662,2,66.2902,61.0769170940435,66.698416176401,5.62149908235755,0.349999999997408,1.24999999999886,0.900000000001455,55.0661131118495,14.0175462719908,1.63264258698821,-154.970351488965,66.28995,66.2896,325804,"2024_06_25_0020","2024_06_25_0020_ev00662_rec2","no",200087
663,2,66.4287,64.0166885061115,70.4103577802988,6.3936692741872,0.599999999991496,30.2500000000094,29.6499999999895,17561.3291746204,-17497.4580108712,206741.090806233,38.2818286431234,66.4279,66.4273,328574,"2024_06_25_0020","2024_06_25_0020_ev00663_rec2","no",200088
664,2,66.47095,65.1238591030213,70.0102727709411,4.88641366791981,0.149999999990769,2.49999999999773,2.60000000000105,48.86096143472,20.3148845867305,22.3347172208599,-150.680245138568,66.4704,66.4702,329419,"2024_06_25_0020","2024_06_25_0020_ev00664_rec2","no",200089
665,2,66.58625,57.8005115126773,64.9058220336177,7.10531052094036,0.450000000000728,0.749999999996476,2.35000000000696,-160776.788678791,160838.387343198,326424.326791195,-105.884620820066,66.58625,66.58555,331725,"2024_06_25_0020","2024_06_25_0020_ev00665_rec2","no",200090
666,2,66.7134,60.6854708978041,63.5824560162441,2.89698511843998,0.599999999991496,6.64999999999338,4.30000000000064,100646.809295029,-100585.908554699,503461.693713917,99.2442082914099,66.7134,66.7128,334268,"2024_06_25_0020","2024_06_25_0020_ev00666_rec2","no",200091
667,2,66.7738,66.3846775718701,73.0214567693586,6.63677919748855,0.149999999990769,0.149999999990769,0,-130834.508895993,130898.384445435,223529.72185062,-338.168872009236,66.77375,66.7736,335476,"2024_06_25_0020","2024_06_25_0020_ev00667_rec2","no",200092
668,2,66.9165,67.5259532159436,72.5459338628543,5.0199806469107,0.349999999997408,0.849999999999795,0.349999999997408,57.9573035325319,13.7172540473447,1.82863107912412,-260.521220515403,66.91635,66.9157,338330,"2024_06_25_0020","2024_06_25_0020_ev00668_rec2","no",200093
669,2,67.10605,63.7402508966047,68.5604717554255,4.82022085882075,2.25000000000364,4.24999999999898,1.40000000000384,58.9288017848743,14.4847150853178,1.77143326351455,-108.384600875665,67.1049,67.102,342121,"2024_06_25_0020","2024_06_25_0020_ev00669_rec2","no",200094
670,2,67.2101,68.0824617223873,71.7168734773322,3.63441175494492,0.349999999997408,2.049999999997,2.25000000000364,68.403760657382,4.57670788112061,1.50169505338478,18.5553508799198,67.21005,67.2093,344202,"2024_06_25_0020","2024_06_25_0020_ev00670_rec2","no",200095
671,2,67.25005,68.3164961097315,71.5031651944516,3.18666908472007,0.199999999992428,30.4500000000019,30.0000000000011,33475.6734813842,-33408.6037073141,431527.436101134,-0.814856550594034,67.2493,67.2491,345001,"2024_06_25_0020","2024_06_25_0020_ev00671_rec2","no",200096
672,2,67.2841,70.0767661502683,74.0247814236562,3.9480152733879,0.299999999995748,1.30000000000052,1.60000000001048,60.0924896913425,13.0320367518843,12.2149067392029,-152.847008955787,67.2841,67.2836,345682,"2024_06_25_0020","2024_06_25_0020_ev00672_rec2","no",200097
673,2,67.3868,68.9126987894663,72.4827726807398,3.57007389127341,0.399999999999068,30.2999999999969,30.0000000000011,8153.81239156643,-8086.55941158284,471809.253706264,-41.0036503538761,67.3868,67.3864,347736,"2024_06_25_0020","2024_06_25_0020_ev00673_rec2","no",200098
674,2,67.4149,67.4531937319861,71.5259147193776,4.07272098739155,0.300000000009959,2.65000000000271,2.64999999998849,41.2046981216425,32.9303099525823,15.6221732299298,-347.122628675619,67.4149,67.41455,348298,"2024_06_25_0020","2024_06_25_0020_ev00674_rec2","no",200099
675,2,67.5895,71.4066036497368,75.0797834261825,3.67317977644578,0.300000000009959,30.2499999999952,30.0000000000011,33780.0426336884,-33711.5078823163,279984.695595895,-30.920307249655,67.5895,67.58915,351790,"2024_06_25_0020","2024_06_25_0020_ev00675_rec2","no",200100
676,2,67.65155,71.7627815103568,74.0938957417143,2.33111423135749,0.150000000004979,0.199999999992428,0.149999999990769,70.2076255197951,6.13595208840084,0.167419980448116,-45.2952049247881,67.65155,67.6514,353031,"2024_06_25_0020","2024_06_25_0020_ev00676_rec2","no",200101
677,2,67.6748,67.6874009192396,71.519745016667,3.83234409742737,0.10000000000332,31.9499999999948,30.0000000000011,69.8779310261262,4.87001289331387,1.18641008676721,81.8201806259351,67.6729,67.6728,353496,"2024_06_25_0020","2024_06_25_0020_ev00677_rec2","no",200102
678,2,67.7158,68.7816250269018,73.8192067133961,5.03758168649428,0.550000000004047,3.29999999999586,3.05000000000177,50.9566001749857,25.7314288345079,11.3942398159142,-260.839476793067,67.7157,67.71515,354316,"2024_06_25_0020","2024_06_25_0020_ev00678_rec2","no",200103
679,2,67.77615,67.6702244181923,69.8650118221863,2.19478740399403,0.799999999998136,1.10000000000809,0,65.1866167555751,3.14972639766422,6.54858524521496,-52.5849496080914,67.7761,67.775,355523,"2024_06_25_0020","2024_06_25_0020_ev00679_rec2","no",200104
680,2,67.86285,68.8151654089962,73.6160388558298,4.80087344683358,0.250000000008299,0.249999999994088,1.10000000000809,67.5746419690006,3.62606232664632,5.84525118317981,-14.3788995151453,67.8627,67.8622,357257,"2024_06_25_0020","2024_06_25_0020_ev00680_rec2","no",200105
681,2,68.2063,71.8301187170299,76.103950193968,4.27383147693808,0.10000000000332,30.1500000000061,30.0000000000011,22607.3222448811,-22538.5150777069,323644.021844673,-59.1293611853595,68.2063,68.20615,364126,"2024_06_25_0020","2024_06_25_0020_ev00681_rec2","no",200106
682,2,68.3397,69.3444128576163,72.5980174922747,3.25360463465846,0.550000000004047,1.4500000000055,1.10000000000809,67.1702161973981,4.96436503685418,2.90765050416129,-50.2232247104418,68.33955,68.339,366794,"2024_06_25_0020","2024_06_25_0020_ev00682_rec2","no",200107
683,2,68.4177,61.7327107844768,71.0592042287261,9.32649344424924,1.75000000000125,3.70000000000914,2.049999999997,64.2204726580652,5.14390131353306,1.21873507123383,97.8895232908462,68.41575,68.41275,368354,"2024_06_25_0020","2024_06_25_0020_ev00683_rec2","no",200108
684,2,68.55565,69.0180911554919,74.941384269249,5.92329311375715,0.200000000006639,3.59999999999161,4.24999999999898,44.6966366594772,29.8678818136187,35.6155563594445,-119.734150081482,68.5548,68.5545,371113,"2024_06_25_0020","2024_06_25_0020_ev00684_rec2","no",200109
685,2,68.6581,69.5165150406254,76.7962095913958,7.27969455077033,0.250000000008299,0.150000000004979,0,60.8069728948626,11.1684650320907,12.3934441776198,-133.888149940788,68.6581,68.65745,373162,"2024_06_25_0020","2024_06_25_0020_ev00685_rec2","no",200110
686,2,68.8588,67.8850689401506,73.6358274916196,5.75075855146896,0.650000000007367,1.19999999998299,1.24999999999886,63.2232778497305,10.2069855007369,3.04220426402775,-106.172642694946,68.8588,68.85805,377176,"2024_06_25_0020","2024_06_25_0020_ev00686_rec2","no",200111
687,2,68.9211,67.0030853804449,75.7923711727995,8.78928579235468,0.249999999994088,30.0999999999902,30.0000000000011,1677.93593818415,-1610.97379308699,341529.021283761,1.86242357962921,68.9211,68.92085,378422,"2024_06_25_0020","2024_06_25_0020_ev00687_rec2","no",200112
688,2,69.0192,69.1813070323218,72.5076362847233,3.32632925240152,1.24999999999886,2.80000000000769,1.24999999999886,69.1291915770455,4.89082168091887,0.921337947737664,9.87730584436516,69.01915,69.01655,380384,"2024_06_25_0020","2024_06_25_0020_ev00688_rec2","no",200113
689,2,69.066,69.7332122024463,75.8497751465949,6.11656294414861,0.749999999996476,0.699999999994816,0.399999999999068,68.1615076339495,5.94525390351504,0.958548832497948,-38.9827676615464,69.066,69.06525,381320,"2024_06_25_0020","2024_06_25_0020_ev00689_rec2","no",200114
690,2,69.0938,66.7480910593862,73.2662755323477,6.51818447296149,0.250000000008299,1.55000000000882,3.29999999999586,-38955.9113220065,39026.5059366041,89120.212128499,-80.7174543408412,69.09375,69.0935,381876,"2024_06_25_0020","2024_06_25_0020_ev00690_rec2","no",200115
691,2,69.2022,72.5589882872112,77.1175366725122,4.55854838530107,0.399999999984857,0.299999999995748,0,70.3493977383557,3.09816729778164,8.33081436614012,-39.6410096709579,69.2022,69.2018,384044,"2024_06_25_0020","2024_06_25_0020_ev00691_rec2","no",200116
692,2,69.2729,70.3408050239859,73.2168302344387,2.87602521045281,0.0500000000016598,0.0500000000158707,0,65.6233503587977,4.68512697093642,13.3399264854794,-84.5638370143924,69.27255,69.2725,385458,"2024_06_25_0020","2024_06_25_0020_ev00692_rec2","no",200117
693,2,69.3934,69.4912897083408,72.4349724900367,2.94368278169584,0.349999999997408,30.3000000000111,30.0000000000011,3233.64911756582,-3167.06508922831,245574.808106518,-80.2241738063428,69.3934,69.39305,387868,"2024_06_25_0020","2024_06_25_0020_ev00693_rec2","no",200118
694,2,69.56275,71.813747203884,75.6125640509648,3.79881684708081,0.10000000000332,0.299999999995748,0.399999999999068,70.189443988139,3.36488917936991,3.73343420321002,-34.8843609289547,69.5625,69.5624,391255,"2024_06_25_0020","2024_06_25_0020_ev00694_rec2","no",200119
695,2,69.6715,72.1296464246407,77.4833651469752,5.35371872233449,0.349999999997408,30.1000000000045,30.0000000000011,3343.58193571709,-3273.67780603885,155570.377315386,-56.0883453259703,69.6715,69.67085,393430,"2024_06_25_0020","2024_06_25_0020_ev00695_rec2","no",200120
696,2,69.698,70.4680754735206,75.4217522889958,4.95367681547518,0.200000000006639,1.54999999999461,1.65000000001214,58.274781589937,18.2874886530787,6.29742533817448,-250.768874848292,69.69795,69.6977,393960,"2024_06_25_0020","2024_06_25_0020_ev00696_rec2","no",200121
697,2,69.89655,69.0066909571545,73.3618156316884,4.35512467453385,0.350000000011619,1.05000000000643,0.949999999988904,53.5004645055139,26.8568178721934,2.13412925726297,-406.903480086066,69.8965,69.89615,397931,"2024_06_25_0020","2024_06_25_0020_ev00697_rec2","no",200122
698,2,70.1307,70.1667034966425,77.1109190645196,6.94421556787717,0.250000000008299,1.35000000000218,1.39999999998963,69.4542035294327,4.74656791072707,3.78472754404623,0.105414371019821,70.13065,70.12975,402614,"2024_06_25_0020","2024_06_25_0020_ev00698_rec2","no",200123
699,2,70.21345,71.6047703412674,77.0287544494146,5.42398410814717,0.150000000004979,1.44999999999129,2.09999999999866,-223848.88480325,223923.65921555,405352.043211768,-151.531878608143,70.21335,70.21245,404269,"2024_06_25_0020","2024_06_25_0020_ev00699_rec2","no",200124
700,2,70.315,62.6722432196065,67.018992780008,4.34674956040158,0.500000000002387,3.55000000000416,0,13581.9961180263,-13517.2977832349,235624.184188767,92.0120399155588,70.31445,70.3139,406300,"2024_06_25_0020","2024_06_25_0020_ev00700_rec2","no",200125
701,2,70.46485,68.4597094628418,74.9121049387314,6.45239547588967,0.249999999994088,0.10000000000332,0.0500000000016598,58.4693896002563,12.4595654016066,6.66242704881963,-217.012883372961,70.46485,70.4646,409297,"2024_06_25_0020","2024_06_25_0020_ev00701_rec2","no",200126
702,2,70.50515,61.9836004725167,69.075942630871,7.09234215835428,0.249999999994088,0.200000000006639,0.149999999990769,60.5532926391179,9.2749422228466,0.177022915178151,-40.3906944390703,70.50515,70.50485,410103,"2024_06_25_0020","2024_06_25_0020_ev00702_rec2","no",200127
703,2,70.5463,62.0883081765891,64.1383629957974,2.05005481920823,0.0500000000016598,18.7499999999972,16.7499999999876,42812.0350382023,-42752.0354229884,251400.432687161,14.7801061733551,70.5459,70.54585,410926,"2024_06_25_0020","2024_06_25_0020_ev00703_rec2","no",200128
704,2,70.663,67.1406802169348,71.5275096411643,4.3868294242295,0.149999999990769,0.300000000009959,0.300000000009959,64.4446149261345,6.82744707161627,0.666834779512177,-76.0738336803918,70.663,70.66285,413260,"2024_06_25_0020","2024_06_25_0020_ev00704_rec2","no",200129
705,2,70.74295,66.2746676928716,68.9003170230143,2.62564933014271,0.199999999992428,1.14999999999554,0.849999999999795,65.1556063959781,3.81528919489758,1.39753434906026,-26.7212924166044,70.7426,70.7424,414859,"2024_06_25_0020","2024_06_25_0020_ev00705_rec2","no",200130
706,2,70.8766,69.5419835689449,73.7494926143027,4.20750904535785,0.249999999994088,0.199999999992428,0,66.9812666649515,3.19399721246458,2.68309468321041,-67.4344195421002,70.8766,70.87635,417532,"2024_06_25_0020","2024_06_25_0020_ev00706_rec2","no",200131
707,2,70.98625,67.5049149208003,69.5179853634825,2.01307044268216,0.500000000002387,5.0499999999829,5.15000000000043,-381.929327665595,452.056070016072,1238.86444187258,-82.1656451795489,70.98575,70.98525,419725,"2024_06_25_0020","2024_06_25_0020_ev00707_rec2","no",200132
708,2,71.0594,63.7642804844459,67.5417445101682,3.7774640257223,0.10000000000332,3.20000000000675,3.10000000000343,48.787541792508,22.4938011407668,9.75607286181974,-237.819634667497,71.0591,71.059,421188,"2024_06_25_0020","2024_06_25_0020_ev00708_rec2","no",200133
709,2,71.1515,62.7707599472104,68.2053821056738,5.43462215846338,0.250000000008299,1.09999999999388,1.05000000000643,53.0069188479881,18.017270112788,2.42256828113449,-247.974433059481,71.1515,71.15105,423030,"2024_06_25_0020","2024_06_25_0020_ev00709_rec2","no",200134
710,2,71.22185,63.5882097676941,68.6677419039143,5.07953213622022,0.200000000006639,30.5500000000052,30.0000000000011,65.6510912654267,-14.4138774847082,22.7201063142041,-175.943286673379,71.22165,71.22095,424437,"2024_06_25_0020","2024_06_25_0020_ev00710_rec2","no",200135
711,2,71.3108,64.7791655296336,70.4219472607292,5.6427817310956,0.149999999990769,0.550000000004047,0.699999999994816,63.0521925050285,5.37400138905625,1.98989917764708,-39.6988804446252,71.31065,71.3105,426216,"2024_06_25_0020","2024_06_25_0020_ev00711_rec2","no",200136
712,2,71.38375,67.383661867552,74.101290860047,6.71762899249498,0.350000000011619,0.150000000004979,1.04999999999222,67.4848274990323,3.02711023353817,4.42230851204083,17.7905018175441,71.38375,71.38335,427675,"2024_06_25_0020","2024_06_25_0020_ev00712_rec2","no",200137
713,2,71.4403,66.6551796234277,69.3618399589488,2.70666033552109,0.299999999995748,0.049999999987449,0.0500000000016598,-257479.337499933,257547.010374707,766742.850427221,-120.031107542636,71.4403,71.43995,428806,"2024_06_25_0020","2024_06_25_0020_ev00713_rec2","no",200138
714,2,71.6452,70.0772799896793,72.719840618701,2.6425606290217,0.349999999997408,0.10000000000332,0,65.6425676571927,4.42953931545964,21.4448879173539,-61.0709740172586,71.6452,71.64485,432904,"2024_06_25_0020","2024_06_25_0020_ev00714_rec2","no",200139
715,2,71.6741,65.9537007496318,70.0583516963488,4.104650946717,0.10000000000332,21.5000000000032,15.9500000000037,20866.1881557484,-20800.261037979,214486.983094271,42.9682903335672,71.6741,71.674,433482,"2024_06_25_0020","2024_06_25_0020_ev00715_rec2","no",200140
716,2,71.7373,68.9089022618705,73.6252488856101,4.71634662373958,0.249999999994088,0.049999999987449,0,66.4654990294017,3.30034734824345,2.2982571554829,-65.5531589121151,71.7373,71.73695,434746,"2024_06_25_0020","2024_06_25_0020_ev00716_rec2","no",200141
717,2,71.9056,67.8424318190091,71.9200876566674,4.07765583765824,0.150000000004979,1.1999999999972,1.34999999998797,67.9596376929653,3.80082805274181,1.34467531369445,9.56823539702457,71.90545,71.9053,438112,"2024_06_25_0020","2024_06_25_0020_ev00717_rec2","no",200142
718,2,71.99005,71.5120732047806,76.6319087996309,5.11983559485034,0.649999999993156,0.10000000000332,0.299999999995748,-118813.71286611,118887.371389328,150329.639460741,-291.726118097096,71.99,71.98885,439801,"2024_06_25_0020","2024_06_25_0020_ev00718_rec2","no",200143
719,2,72.05275,56.713293008548,64.0919899029347,7.37869689438671,0.950000000003115,2.24999999998943,2.49999999999773,56.2963047962767,8.74979373255006,2.42395225867766,14.1983176543865,72.05265,72.05145,441055,"2024_06_25_0020","2024_06_25_0020_ev00719_rec2","no",200144
720,2,72.14,66.6332780032369,71.5102660999559,4.87698809671893,1.14999999999554,4.35000000001651,3.5000000000025,68.1725536861756,3.7482858244818,1.31717866521887,59.5723334683909,72.139,72.13705,442800,"2024_06_25_0020","2024_06_25_0020_ev00720_rec2","no",200145
721,2,72.1865,68.3730853354919,73.4076137011066,5.03452836561468,0.299999999995748,0.900000000001455,1.40000000000384,68.0762014240873,3.5482638221263,2.80171669122893,2.48725565355758,72.18645,72.18605,443730,"2024_06_25_0020","2024_06_25_0020_ev00721_rec2","no",200146
722,2,72.2397,67.4386353000649,71.4694140618661,4.03077876180127,0.10000000000332,4.6999999999997,6.7499999999967,65.997146343696,4.65068554651916,14.5874042250159,17.429475578311,72.2394,72.2393,444794,"2024_06_25_0020","2024_06_25_0020_ev00722_rec2","no",200147
723,2,72.33585,67.089111152535,78.8068523799079,11.7177412273729,6.79999999999836,7.84999999999059,0,11752.557583696,-11677.8893429564,191956.430845817,383.288491136632,72.32865,72.3218,446717,"2024_06_25_0020","2024_06_25_0020_ev00723_rec2","no",200148
724,2,72.36245,73.9990928862306,80.6995388459273,6.70044595969668,0.200000000006639,1.99999999999534,2.89999999999679,-18910.6789177019,18987.4331644796,198665.049141215,50.2025475266748,72.3619,72.35975,447249,"2024_06_25_0020","2024_06_25_0020_ev00724_rec2","no",200149
725,2,72.41215,74.7803800622659,78.7930348501719,4.012654787906,1.30000000000052,2.29999999999109,1.54999999999461,74.504354662125,6.14449436301458,1.23157393887429,4.66084104106217,72.41185,72.41055,448243,"2024_06_25_0020","2024_06_25_0020_ev00725_rec2","no",200150
726,2,72.50055,68.6228099230594,70.9315911748779,2.30878125181846,0.349999999997408,6.7499999999967,6.80000000001257,-252551.024345779,252625.944125204,316175.480031837,-169.405062773579,72.50055,72.50005,450011,"2024_06_25_0020","2024_06_25_0020_ev00726_rec2","no",200151
727,2,72.59015,64.5197772645217,71.0701580954881,6.55038083096647,1.14999999999554,0.500000000002387,0.550000000004047,63.5950795511493,3.80491234293829,4.27322857159387,-9.95354452892736,72.59015,72.58865,451803,"2024_06_25_0020","2024_06_25_0020_ev00727_rec2","no",200152
728,2,72.62065,64.1523307580488,71.915053554953,7.76272279690423,0.149999999990769,0.150000000004979,0,64.3075400098712,2.47839291097568,4.59872767916506,17.1416670591235,72.62055,72.6204,452413,"2024_06_25_0020","2024_06_25_0020_ev00728_rec2","no",200153
729,2,72.6855,70.7062946218839,73.4863203321528,2.78002571026893,0.0500000000158707,0.300000000009959,0,64.4855046066634,6.63518983713264,19.5934861067978,-82.4533247904554,72.6847,72.6843,453710,"2024_06_25_0020","2024_06_25_0020_ev00729_rec2","no",200154
730,2,72.71465,67.4414296728928,70.1201738876501,2.67874421475722,0.0999999999891088,30.0499999999886,30.0000000000011,34075.1027706916,-34009.7285039306,455286.140056039,-28.3630184716651,72.71465,72.71455,454293,"2024_06_25_0020","2024_06_25_0020_ev00730_rec2","no",200155
731,2,72.7675,70.5651820577885,76.2761469574002,5.71096489961172,0.199999999992428,0.299999999995748,0,59.3427400031801,10.3917621649679,107.112679236168,-63.4951738229855,72.76735,72.76715,455350,"2024_06_25_0020","2024_06_25_0020_ev00731_rec2","no",200156
732,2,72.78095,67.1595146277004,73.0012409875955,5.84172635989503,0.250000000008299,1.14999999999554,1.99999999999534,67.0938111782829,3.71110787710829,3.91410695073436,14.0600475756161,72.7809,72.7806,455619,"2024_06_25_0020","2024_06_25_0020_ev00732_rec2","no",200157
733,2,72.92845,67.3813945918134,72.015342559635,4.63394796782154,0.799999999998136,2.15000000000032,3.55000000000416,66.326838855795,4.07489472810937,9.14329783254067,7.15701616880826,72.9284,72.9276,458569,"2024_06_25_0020","2024_06_25_0020_ev00733_rec2","no",200158
734,2,72.9773,66.3928677184313,69.1829514273077,2.79008370887638,0.200000000006639,30.5000000000035,19.2499999999995,67.9961727956894,-1.8566967619531,16.3261124888957,24.6779541274932,72.97695,72.97675,459546,"2024_06_25_0020","2024_06_25_0020_ev00734_rec2","no",200159
735,2,72.9954,67.3713196593378,73.0051434533838,5.63382379404591,0.299999999995748,0.750000000010687,0.900000000001455,65.4686982325329,4.59612045590205,6.31901547393211,-25.6322574590147,72.99525,72.99455,459908,"2024_06_25_0020","2024_06_25_0020_ev00735_rec2","no",200160
736,2,73.03505,66.6636816816061,73.8206573603532,7.15697567874709,0.199999999992428,0.599999999991496,2.15000000000032,67.3427968442097,3.1341017796687,4.65680427399324,36.7195733386308,73.0349,73.0347,460701,"2024_06_25_0020","2024_06_25_0020_ev00736_rec2","no",200161
737,2,73.2491,71.0840419261094,73.3576432529086,2.27360132679922,0.450000000000728,0.550000000004047,0.600000000005707,67.2205386916909,5.70722571381296,3.14638302714948,-97.1892553195053,73.2491,73.24865,464982,"2024_06_25_0020","2024_06_25_0020_ev00737_rec2","no",200162
738,2,73.28665,66.7593212117482,73.5121492797354,6.75282806798718,0.399999999999068,0.600000000005707,0.500000000002387,65.0533473051656,6.35983761459377,1.24984252123797,-41.7537947312542,73.28665,73.2862,465733,"2024_06_25_0020","2024_06_25_0020_ev00738_rec2","no",200163
739,2,73.3866,68.0356195387519,71.1478352290966,3.11221569034478,0.349999999997408,1.24999999999886,1.35000000000218,67.148489729671,2.40900109501801,8.03458267867959,-3.2892721334435,73.38565,73.3849,467732,"2024_06_25_0020","2024_06_25_0020_ev00739_rec2","no",200164
740,2,73.5334,68.5404090929573,72.2896634756319,3.74925438267454,1.75000000001546,4.75000000000136,4.75000000000136,68.5899704203538,2.7942741052079,6.43749903105713,26.4822815459125,73.5331,73.53135,470668,"2024_06_25_0020","2024_06_25_0020_ev00740_rec2","no",200165
741,2,73.7791,69.241589898207,73.254872496791,4.01328259858403,0.249999999994088,6.00000000000023,6.99999999999079,-79118.832299395,79192.4633926916,190645.172081441,-54.0153118011209,73.77895,73.7787,475582,"2024_06_25_0020","2024_06_25_0020_ev00741_rec2","no",200166
742,2,73.85245,71.3400283978534,78.2773957705564,6.93736737270297,0.649999999993156,0.299999999995748,0,69.2437215333759,3.62405265110458,17.2687086393682,-2.65639523749265,73.8503,73.8496,477049,"2024_06_25_0020","2024_06_25_0020_ev00742_rec2","no",200167
743,2,73.9061,70.440488689491,75.2689452522984,4.82845656280743,0.399999999999068,0.900000000001455,0.450000000000728,60.6591819525614,14.1271680760375,2.33507457963478,-259.365376000686,73.9061,73.9054,478122,"2024_06_25_0020","2024_06_25_0020_ev00743_rec2","no",200168
744,2,74.05955,69.1104181006653,72.9580905910176,3.84767249035235,0.350000000011619,1.1999999999972,1.85000000000457,68.8271956506803,2.82726202713255,3.68681308165191,3.75914539496214,74.05955,74.0592,481191,"2024_06_25_0020","2024_06_25_0020_ev00744_rec2","no",200169
746,2,74.3227,68.2743508129157,72.8233092038183,4.54895839090264,0.0500000000016598,1.99999999999534,2.84999999999513,68.9674357704129,4.07327900678987,2.02151311022413,30.2485259808576,74.3224,74.32235,486454,"2024_06_25_0020","2024_06_25_0020_ev00746_rec2","no",200171
747,2,74.5759,69.0580958661792,76.0078820787185,6.94978621253931,0.299999999995748,0.450000000000728,0.299999999995748,70.8715170394886,6.459837449378,0.139364380038458,57.5060164857124,74.5757,74.5754,491518,"2024_06_25_0020","2024_06_25_0020_ev00747_rec2","no",200172
748,2,74.6011,67.383785582116,74.1599740664215,6.77618848430552,0.400000000013279,6.10000000000355,8.49999999999795,68.3416217792126,5.42432208054799,6.7832446367687,69.2842463370498,74.6007,74.6002,492022,"2024_06_25_0020","2024_06_25_0020_ev00748_rec2","no",200173
749,2,74.65225,68.2096434041665,73.3650940122931,5.15545060812661,0.10000000000332,1.75000000000125,2.54999999999939,69.0098066454523,3.31649606618893,2.34088408173045,33.8196074059568,74.652,74.6519,493045,"2024_06_25_0020","2024_06_25_0020_ev00749_rec2","no",200174
751,2,74.75465,66.7381808852226,72.1472720764358,5.40909119121324,0.150000000004979,0.949999999988904,1.09999999999388,66.1990308018178,4.59599059896495,1.8221153177048,-4.75480766343232,74.7541,74.7538,495093,"2024_06_25_0020","2024_06_25_0020_ev00751_rec2","no",200176
752,2,74.88615,68.0054125323147,72.2565341585835,4.2511216262689,0.149999999990769,0.249999999994088,0,67.3635009565772,1.8132936713876,3.30499058283559,-11.9544041456698,74.88595,74.8858,497723,"2024_06_25_0020","2024_06_25_0020_ev00752_rec2","no",200177
753,3,75.2136,67.7874744394327,72.4086832571565,4.62120881772383,0.0500000000016598,0.299999999995748,0,67.0977560650685,1.95088706968327,2.95130928804451,-13.4551529294051,75.21335,75.2133,4272,"2024_06_25_0020","2024_06_25_0020_ev00753_rec3","no",200178
754,3,75.51235,68.7272581418335,74.2462823926959,5.51902425086244,0.149999999990769,0.150000000004979,0.0500000000016598,67.3898464070014,3.42924238732874,2.49139413259877,-30.7648667184856,75.5123,75.51205,10247,"2024_06_25_0020","2024_06_25_0020_ev00754_rec3","no",200179
755,3,75.568,66.2741805562749,74.2956227977753,8.0214422415004,0.599999999991496,30.1999999999936,30.0000000000011,79.502855378181,-13.3182638179993,183.813978457317,30.3610940225001,75.56795,75.56735,11360,"2024_06_25_0020","2024_06_25_0020_ev00755_rec3","no",200180
756,3,75.6104,68.5206802890948,73.8792388557868,5.35855856669193,0.0999999999891088,30.1500000000061,30.0000000000011,27559.447434241,-27493.4808107752,377972.882679817,-43.122868755616,75.6103,75.6102,12208,"2024_06_25_0020","2024_06_25_0020_ev00756_rec3","no",200181
757,3,75.71895,68.1033578691185,71.3509102364587,3.24755236734015,0.0500000000016598,1.55000000000882,1.59999999999627,67.4946010203538,4.80966187687824,1.62934398790733,-8.84023495435078,75.71865,75.7186,14379,"2024_06_25_0020","2024_06_25_0020_ev00757_rec3","no",200182
758,3,75.81055,68.8324419778278,72.1587823159345,3.32634033810666,0.450000000000728,1.69999999999959,1.54999999999461,67.5220816979838,4.36835498587577,2.83052737396616,-25.4030465211841,75.8102,75.80975,16211,"2024_06_25_0020","2024_06_25_0020_ev00758_rec3","no",200183
759,3,75.89985,68.1327440848118,72.8579085420887,4.72516445727688,0.150000000004979,0.150000000004979,0,67.3036018710442,2.4401375437591,2.52146650033385,-18.2447179517417,75.8998,75.89965,17997,"2024_06_25_0020","2024_06_25_0020_ev00759_rec3","no",200184
760,3,76.0564,71.4807500097964,74.8052297954719,3.32447978567546,0.149999999990769,0.0500000000016598,0.500000000002387,69.1284930539587,3.99048472224024,4.51191660182294,-51.923050273665,76.0563,76.0561,21128,"2024_06_25_0020","2024_06_25_0020_ev00760_rec3","no",200185
761,3,76.14475,69.5439173021963,72.9474030043781,3.40348570218173,0.299999999995748,0.650000000007367,0.699999999994816,69.2109048100806,3.99412273844249,0.776632683482789,-6.31201896611555,76.14475,76.1443,22895,"2024_06_25_0020","2024_06_25_0020_ev00761_rec3","no",200186
762,3,76.70375,68.5297757584679,74.9877759745399,6.45800021607205,0.249999999994088,0.150000000004979,0,64.9388177911937,5.82106872021066,19.1722033740815,-18.6656040953103,76.70375,76.7035,34075,"2024_06_25_0020","2024_06_25_0020_ev00762_rec3","no",200187
763,3,76.8508,66.8550807048323,71.6554077089147,4.80032700408243,0.299999999995748,0.550000000004047,0.0999999999891088,66.1159627187243,2.58035500980951,3.07079225704068,-11.2346280326107,76.85015,76.84985,37016,"2024_06_25_0020","2024_06_25_0020_ev00763_rec3","no",200188
764,3,77.0337,68.4091582388305,72.7319345676747,4.32277632884414,0.199999999992428,2.44999999999607,3.25000000000841,68.4159107083455,3.82773076273494,3.68997323187324,16.7657643872617,77.0333,77.0331,40674,"2024_06_25_0020","2024_06_25_0020_ev00764_rec3","no",200189
765,3,77.13795,70.6584265908727,75.283809589309,4.62538299843627,0.150000000004979,0.399999999999068,0.349999999997408,68.1260507955778,5.988809903145,0.964755255317462,-69.3561550673661,77.13785,77.1377,42759,"2024_06_25_0020","2024_06_25_0020_ev00765_rec3","no",200190
766,3,77.22945,69.8860243459682,74.0537217991292,4.16769745316095,0.549999999989836,1.05000000000643,0.550000000004047,68.7633567279632,6.10421373926233,0.654502882883044,-27.9724142420454,77.2293,77.22875,44589,"2024_06_25_0020","2024_06_25_0020_ev00766_rec3","no",200191
767,3,77.33395,68.6517804087842,71.5473855331816,2.89560512439733,0.299999999995748,2.09999999999866,2.44999999999607,67.9926784305178,3.04574102513871,4.31514014299663,-0.344090659367481,77.33215,77.33185,46679,"2024_06_25_0020","2024_06_25_0020_ev00767_rec3","no",200192
768,3,77.43915,68.1110104461567,73.8676639565653,5.75665351040864,0.350000000011619,30.3499999999985,30.0000000000011,72.5592074373122,-6.4118541101532,32.7423677829116,10.1245034446006,77.43895,77.43855,48783,"2024_06_25_0020","2024_06_25_0020_ev00768_rec3","no",200193
769,3,77.70845,71.3923893064511,75.7958506785331,4.40346137208206,0.10000000000332,0.0500000000016598,0,68.3529798909874,3.09710459609,5.51504477848398,-74.012940542526,77.70845,77.70815,54169,"2024_06_25_0020","2024_06_25_0020_ev00769_rec3","no",200194
770,3,77.8489,68.4284212253362,73.1877631168856,4.75934189154938,0.600000000005707,1.09999999999388,0.950000000003115,67.5185756262316,5.79816641253594,1.21403854673311,-18.1564381016762,77.84885,77.8482,56978,"2024_06_25_0020","2024_06_25_0020_ev00770_rec3","no",200195
771,3,77.90715,66.4701588801152,70.3561400068315,3.88598112671629,0.700000000009027,6.00000000000023,6.34999999999764,66.8777736865015,4.60523990379664,4.24369011705034,38.3922314650783,77.90635,77.9056,58143,"2024_06_25_0020","2024_06_25_0020_ev00771_rec3","no",200196
772,3,78.03125,68.6453497452188,72.7299871744921,4.08463742927331,0.299999999995748,0.849999999999795,1.40000000000384,64.9042661262872,6.44072419326733,6.85404511719904,-67.4935006015481,78.03105,78.03075,60625,"2024_06_25_0020","2024_06_25_0020_ev00772_rec3","no",200197
773,3,78.0692,66.6178847848882,71.85699983105,5.2391150461618,0.149999999990769,6.34999999999764,6.65000000000759,66.7316264234907,3.99946252917222,8.4564569309922,44.2026152148516,78.06795,78.06635,61384,"2024_06_25_0020","2024_06_25_0020_ev00773_rec3","no",200198
774,3,78.12295,69.0189163776627,72.1853030359589,3.16638665829615,0.399999999999068,0.300000000009959,0,67.3557739892905,2.69978287597076,1.55182148264253,-44.8082632598867,78.12295,78.12245,62459,"2024_06_25_0020","2024_06_25_0020_ev00774_rec3","no",200199
775,3,78.16315,69.2280475253881,73.3713731638799,4.14332563849179,0.199999999992428,1.59999999999627,1.14999999999554,66.6267722343211,6.06822206817593,2.98797728016102,-58.7006269618952,78.16295,78.16225,63263,"2024_06_25_0020","2024_06_25_0020_ev00775_rec3","no",200200
776,3,78.32065,70.0440447000754,75.9981434890038,5.95409878892835,0.10000000000332,0.0500000000016598,0,68.0010091206665,3.49692008673347,2.39562365387386,-52.7707112179626,78.32065,78.32055,66413,"2024_06_25_0020","2024_06_25_0020_ev00776_rec3","no",200201
777,3,78.3925,69.2284668093388,75.9284311858598,6.69996437652102,0.249999999994088,0.150000000004979,0,67.9933714745537,3.20803795350956,3.34972400349664,-25.4420702694258,78.39245,78.3922,67850,"2024_06_25_0020","2024_06_25_0020_ev00777_rec3","no",200202
778,3,78.54885,67.6113180393407,72.5441329825648,4.93281494322417,0.450000000000728,0.500000000002387,0.749999999996476,66.0811709519808,5.02855659364286,1.83170281795201,-35.4427890820709,78.54885,78.5483,70977,"2024_06_25_0020","2024_06_25_0020_ev00778_rec3","no",200203
779,3,78.6573,67.5149316988626,74.0284050042278,6.51347330536518,0.10000000000332,30.0499999999886,29.9999999999869,11363.1316325553,-11295.960198951,203896.944149911,14.7807335750474,78.6573,78.6572,73146,"2024_06_25_0020","2024_06_25_0020_ev00779_rec3","no",200204
780,3,78.6819,68.8621542788882,70.8925674963838,2.03041321749559,0.249999999994088,1.30000000000052,0,63.9587644557023,5.57703238711211,30.7738254370873,-37.1669824823068,78.681,78.67985,73638,"2024_06_25_0020","2024_06_25_0020_ev00780_rec3","no",200205
781,3,78.78905,66.7190512880806,69.7590503962342,3.03999910815358,0.649999999993156,2.40000000000862,2.65000000000271,66.1073297963656,3.10705789221466,4.58185566816397,-1.87417514732071,78.78895,78.7883,75781,"2024_06_25_0020","2024_06_25_0020_ev00781_rec3","no",200206
782,3,78.97215,67.1436129982999,71.0553817575599,3.91176875925996,0.900000000001455,0.600000000005707,0,-6228.19770580931,6296.60051860869,198656.584495341,27.364177255725,78.97185,78.9709,79443,"2024_06_25_0020","2024_06_25_0020_ev00782_rec3","no",200207
783,3,79.0563,68.3496314155711,72.354486706081,4.00485529050999,0.10000000000332,0.299999999995748,0.150000000004979,66.7068055801373,5.76117677857312,0.229675196178293,-47.1182425931345,79.05615,79.05605,81126,"2024_06_25_0020","2024_06_25_0020_ev00783_rec3","no",200208
784,3,79.116,68.9756335946121,71.0921651972194,2.1165316026073,0.0500000000016598,0.10000000000332,0,65.4785101065717,4.01028806099501,1.33491480761478,-98.9563220295266,79.11575,79.1157,82320,"2024_06_25_0020","2024_06_25_0020_ev00784_rec3","no",200209
785,3,79.3565,68.7308616238361,71.9412257060759,3.21036408223979,0.299999999995748,30.2499999999952,30.0000000000011,2953.54566338425,-2888.7016573745,321981.362263347,-111.829476160031,79.3565,79.35615,87130,"2024_06_25_0020","2024_06_25_0020_ev00785_rec3","no",200210
786,3,79.55525,66.6562503125319,69.9640523948446,3.30780208231276,0.299999999995748,3.05000000000177,4.14999999999566,65.6543954360051,3.84161877547929,7.59789433493146,0.0378577313532062,79.55525,79.55495,91105,"2024_06_25_0020","2024_06_25_0020_ev00786_rec3","no",200211
787,3,79.6107,66.6859506480139,71.7517174717957,5.06576682378184,0.450000000000728,0.650000000007367,0.399999999999068,65.883450811043,8.80435130249237,0.322775892583865,-19.2946145116738,79.61065,79.6102,92214,"2024_06_25_0020","2024_06_25_0020_ev00787_rec3","no",200212
788,3,79.6347,66.7540502079489,68.9585011528444,2.20445094489556,0.10000000000332,0.599999999991496,0.550000000004047,64.4367030071769,3.97079246423673,2.22738469494745,-60.0054052160271,79.63455,79.6344,92694,"2024_06_25_0020","2024_06_25_0020_ev00788_rec3","no",200213
789,3,79.71345,65.951505933296,69.3817402144223,3.43023428112627,0.299999999995748,30.2499999999952,30.0000000000011,66.4271186550432,-2.6725335723308,8.2539309468609,-6.04329985503965,79.71345,79.71315,94269,"2024_06_25_0020","2024_06_25_0020_ev00789_rec3","no",200214
790,3,79.79375,66.0560669109277,69.0532092896795,2.99714237875178,0.150000000004979,30.5000000000035,30.0000000000011,68.1188753893947,2.34563801603983,2.14602093712201,72.2397413466749,79.79275,79.7922,95875,"2024_06_25_0020","2024_06_25_0020_ev00790_rec3","no",200215
791,3,79.83775,65.2877126368355,71.3771579424542,6.08944530561871,0.149999999990769,30.2499999999952,30.0000000000011,2361.47139667428,-2296.60700050412,121597.7997653,-2.8902576429979,79.8376,79.83745,96755,"2024_06_25_0020","2024_06_25_0020_ev00791_rec3","no",200216
792,3,79.88495,66.7602241205313,69.8750940652982,3.11486994476694,0.300000000009959,1.50000000000716,1.39999999998963,65.3194407688414,6.14589306261353,1.64488618153541,-31.6716901674078,79.88495,79.8846,97699,"2024_06_25_0020","2024_06_25_0020_ev00792_rec3","no",200217
793,3,80.06915,64.9645194381957,71.8562225135122,6.89170307531649,0.450000000000728,30.2499999999952,30.0000000000011,31564.736424011,-31501.6693958177,352541.761458717,-15.132690976124,80.0691,80.06845,101383,"2024_06_25_0020","2024_06_25_0020_ev00793_rec3","no",200218
794,3,80.14105,69.085081602569,75.0980564178893,6.01297481532025,0.200000000006639,1.09999999999388,0,-37063.7655837948,37134.4363535442,156213.564991306,-56.7858246224156,80.141,80.13985,102821,"2024_06_25_0020","2024_06_25_0020_ev00794_rec3","no",200219
795,3,80.2124,64.5798266280857,71.7535519280124,7.1737252999267,0.200000000006639,1.89999999999202,3.45000000000084,65.1640656107249,3.56554321856601,6.37074470495575,44.4721715683609,80.21195,80.21145,104248,"2024_06_25_0020","2024_06_25_0020_ev00795_rec3","no",200220
796,3,80.40725,66.2938262512647,71.8363274131965,5.54250116193181,0.300000000009959,0.450000000000728,0.999999999990564,66.3329714169929,3.10602770100585,2.24842336355583,8.71321416706361,80.40725,80.40695,108145,"2024_06_25_0020","2024_06_25_0020_ev00796_rec3","no",200221
797,3,80.75385,68.9834793964961,71.6042784631815,2.62079906668541,0.149999999990769,0.600000000005707,0,67.3204227832051,2.01046615536805,5.90612872444197,-35.996697321211,80.7533,80.75285,115077,"2024_06_25_0020","2024_06_25_0020_ev00797_rec3","no",200222
798,3,81.17245,70.3524594473111,73.7899841528031,3.43752470549198,0.750000000010687,0.600000000005707,1.1999999999972,67.5244120827103,4.86041291393972,6.96562236488983,-49.127088021402,81.17225,81.17145,123449,"2024_06_25_0020","2024_06_25_0020_ev00798_rec3","no",200223
799,3,81.2014,68.9308153834976,74.582095442066,5.65128005856846,0.200000000006639,30.1999999999936,30.0000000000011,4019.02684090478,-3952.04340873236,270191.653017386,-50.733916439428,81.2013,81.2011,124028,"2024_06_25_0020","2024_06_25_0020_ev00799_rec3","no",200224
800,3,81.2347,65.9199941038365,69.993793321586,4.07379921774955,0.350000000011619,30.3000000000111,30.0000000000011,2547.14163798813,-2480.79337776191,113784.002835059,23.6365152397852,81.2347,81.2343,124694,"2024_06_25_0020","2024_06_25_0020_ev00800_rec3","no",200225
801,3,81.45505,65.8874628770471,70.6630470126438,4.77558413559667,0.150000000004979,6.3999999999993,9.00000000000034,67.1102665815708,4.32358389651459,4.33435485905012,60.5597331904293,81.4542,81.45405,129101,"2024_06_25_0020","2024_06_25_0020_ev00801_rec3","no",200226
802,3,81.5134,69.2811545268021,72.5289174199771,3.24776289317501,0.0500000000016598,30.2000000000078,30.0000000000011,8772.09068659282,-8705.76640002262,108238.806309321,-52.0634043464085,81.5133,81.51315,130268,"2024_06_25_0020","2024_06_25_0020_ev00802_rec3","no",200227
803,3,81.6089,66.6623862608088,69.3807490928693,2.71836283206048,0.10000000000332,30.2499999999952,29.9999999999869,5234.21601142657,-5169.18703334248,77364.3142967588,-18.2260160619809,81.6087,81.6086,132178,"2024_06_25_0020","2024_06_25_0020_ev00803_rec3","no",200228
804,3,81.66065,68.157764468212,70.7929919542125,2.63522748600053,0.150000000004979,0.250000000008299,0,38.1239912047068,30.0513577149299,166.858297151234,-74.5421316873424,81.66025,81.6601,133213,"2024_06_25_0020","2024_06_25_0020_ev00804_rec3","no",200229
805,3,81.8388,65.6020495826442,71.9359683708176,6.33391878817334,0.700000000009027,1.69999999999959,0,64.9096583051681,2.91956042566451,4.24662967599318,-1.57419863481971,81.83875,81.83595,136776,"2024_06_25_0020","2024_06_25_0020_ev00805_rec3","no",200230
806,3,81.9364,66.1184886243769,72.0305935443658,5.91210491998889,0.250000000008299,30.1499999999919,29.9999999999869,18544.2967355637,-18480.1468005293,209848.749374966,-18.5290602182671,81.93635,81.93605,138728,"2024_06_25_0020","2024_06_25_0020_ev00806_rec3","no",200231
807,3,82.0054,66.1598093327633,71.3375502871587,5.17774095439543,0.10000000000332,0.949999999988904,1.35000000000218,65.1003733060757,4.8272883902851,2.8249253988276,-16.887125704844,82.0051,82.005,140108,"2024_06_25_0020","2024_06_25_0020_ev00807_rec3","no",200232
808,3,82.19315,69.8593797602393,73.215702961715,3.35632320147569,0.10000000000332,0.0500000000016598,0,67.4498016535888,3.35281928779328,3.03640824375936,-61.6160014290388,82.19295,82.19265,143863,"2024_06_25_0020","2024_06_25_0020_ev00808_rec3","no",200233
809,3,82.22165,67.6803382999689,72.1637618182236,4.48342351825475,0.199999999992428,1.14999999999554,2.44999999999607,67.5883605074904,2.71838301640437,5.58706700252892,13.7006579343858,82.22155,82.2213,144433,"2024_06_25_0020","2024_06_25_0020_ev00809_rec3","no",200234
810,3,82.5689,67.4179492668541,72.3849320394541,4.96698277259996,0.500000000002387,0.349999999997408,0.399999999999068,66.776223086785,3.04908618103582,2.00064268578689,-11.4837053318308,82.5689,82.56835,151378,"2024_06_25_0020","2024_06_25_0020_ev00810_rec3","no",200235
811,3,82.7321,69.0344896356515,72.7732906034091,3.7388009677576,0.300000000009959,0.700000000009027,1.59999999999627,68.621289902308,2.51141902617019,4.71321714835746,1.25939820887902,82.7321,82.73175,154642,"2024_06_25_0020","2024_06_25_0020_ev00811_rec3","no",200236
812,3,82.8008,66.12976053396,72.541010393631,6.41124985967099,0.150000000004979,1.69999999999959,3.74999999999659,65.5727610730077,4.42726405941686,9.0683940336117,23.4690141641793,82.80065,82.8005,156016,"2024_06_25_0020","2024_06_25_0020_ev00812_rec3","no",200237
813,3,82.86555,69.9244832669897,79.8454379431582,9.92095467616849,1.04999999999222,0.950000000003115,0,66.6609251163217,6.05784183043806,7.8967111693859,-46.8756055227363,82.86545,82.86435,157311,"2024_06_25_0020","2024_06_25_0020_ev00813_rec3","no",200238
814,3,82.9945,68.3172928073786,76.8330510465454,8.51575823916674,2.20000000000198,1.64999999999793,3.74999999999659,68.0844966686482,4.67230362977632,11.6977285791431,50.8541559006234,82.99445,82.99225,159890,"2024_06_25_0020","2024_06_25_0020_ev00814_rec3","no",200239
816,3,83.14415,66.3756421249126,70.1404363361503,3.76479421123777,0.249999999994088,30.7999999999993,30.0000000000011,5112.94245234378,-5045.85472798044,263549.980432509,33.541529341293,83.14325,83.143,162883,"2024_06_25_0020","2024_06_25_0020_ev00816_rec3","no",200241
817,3,83.24705,64.1082897414513,69.7069077772422,5.59861803579093,0.450000000000728,1.44999999999129,0.999999999990564,65.4699499673806,6.21767302616252,0.461303297124832,48.8717330210139,83.24625,83.24575,164941,"2024_06_25_0020","2024_06_25_0020_ev00817_rec3","no",200242
818,3,83.59175,66.1738603835529,71.0139237220234,4.84006333847054,0.300000000009959,0.250000000008299,0.149999999990769,65.1061676057217,3.11165172045104,2.05487624917502,-24.1016494988871,83.59175,83.59125,171835,"2024_06_25_0020","2024_06_25_0020_ev00818_rec3","no",200243
819,3,83.88375,71.7704895740131,76.9455350596566,5.17504548564354,0.349999999997408,1.65000000001214,1.7999999999887,70.0410613482169,6.48002664069216,3.09145049441362,-28.9298443123107,83.88345,83.8831,177675,"2024_06_25_0020","2024_06_25_0020_ev00819_rec3","no",200244
820,3,83.9066,69.6953542315929,72.7018710265722,3.00651679497931,0.349999999997408,24.2999999999967,14.4999999999982,32614.1252916201,-32543.9141097872,790613.080119028,35.2603773401659,83.9066,83.90625,178132,"2024_06_25_0020","2024_06_25_0020_ev00820_rec3","no",200245
821,3,83.9504,69.2258780608554,72.8336362676288,3.60775820677341,0.049999999987449,1.05000000000643,1.44999999999129,68.427029225224,3.58004590588697,2.83326429944847,-13.1004506914673,83.95015,83.9501,179008,"2024_06_25_0020","2024_06_25_0020_ev00821_rec3","no",200246
822,3,84.16475,70.7158165247524,75.22563885871,4.50982233395759,0.299999999995748,0.199999999992428,0,61.8546289311355,9.52448174999496,45.0953037927085,-56.0251193730072,84.1646,84.1643,183295,"2024_06_25_0020","2024_06_25_0020_ev00822_rec3","no",200247
823,3,84.2383,69.1884411879146,72.9271393159821,3.73869812806747,0.499999999988177,0.249999999994088,0.0500000000016598,67.0582914680024,3.55992986097632,2.86478460993939,-52.6643723941819,84.2383,84.2378,184766,"2024_06_25_0020","2024_06_25_0020_ev00823_rec3","no",200248
824,3,84.27995,68.5760675120134,71.6075787052241,3.03151119321075,0.500000000002387,1.95000000000789,1.64999999999793,62.6830268718259,9.25056924429586,5.89447907752353,-121.201263933528,84.2797,84.2792,185599,"2024_06_25_0020","2024_06_25_0020_ev00824_rec3","no",200249
825,3,84.3586,67.5909061790029,72.7643021814338,5.17339600243096,0.249999999994088,0.199999999992428,0,64.1673618977804,4.94735156802164,17.1725958822071,-31.8911128128517,84.3586,84.35835,187172,"2024_06_25_0020","2024_06_25_0020_ev00825_rec3","no",200250
826,3,84.492,65.6683931932415,71.0644388341972,5.39604564095568,0.550000000004047,30.7999999999993,27.9999999999916,15087.9332317319,-15023.2195375088,142616.751316899,21.7442986008285,84.49165,84.4911,189840,"2024_06_25_0020","2024_06_25_0020_ev00826_rec3","no",200251
827,3,84.61035,70.1666904113018,72.5450247384299,2.37833432712816,0.299999999995748,0.599999999991496,0.450000000000728,67.0829179481312,5.591690087721,1.26065853878242,-84.4437718565916,84.61035,84.61,192207,"2024_06_25_0020","2024_06_25_0020_ev00827_rec3","no",200252
828,3,84.73945,70.4187223514908,74.2962683799377,3.8775460284469,2.79999999999347,0.150000000004979,0.249999999994088,67.7014336699409,4.32279691561729,6.32915802348027,-51.1545719202502,84.7392,84.7364,194789,"2024_06_25_0020","2024_06_25_0020_ev00828_rec3","no",200253
829,3,84.89545,68.5586811392877,76.1423513969844,7.58367025769664,0.10000000000332,0.249999999994088,2.75000000000603,65.2278240461166,6.76693470910331,27.9610605373145,28.6063225321013,84.8947,84.89455,197909,"2024_06_25_0020","2024_06_25_0020_ev00829_rec3","no",200254
830,3,85.02425,67.6531110491071,73.974609375,6.32149832589286,0.349999999997408,1.1999999999972,1.55000000000882,67.6140907171633,4.52585739606595,2.43990920551708,12.4293694087438,85.02405,85.0237,200485,"2024_06_25_0020","2024_06_25_0020_ev00830_rec3","no",200255
831,3,85.17865,67.5862624758766,70.80078125,3.21451877412342,0.0500000000016598,0.300000000009959,1.09999999999388,63.5573295173943,5.60427669197934,15.2616515277412,-46.1085087458292,85.1784,85.17835,203573,"2024_06_25_0020","2024_06_25_0020_ev00831_rec3","no",200256
832,3,85.24495,67.8216843377976,71.4111328125,3.58944847470238,0.10000000000332,0.250000000008299,0.149999999990769,66.3578709970093,5.32237186857238,0.19489770068449,-42.1782179060437,85.24485,85.24475,204899,"2024_06_25_0020","2024_06_25_0020_ev00832_rec3","no",200257
833,3,85.26755,68.0367604210263,72.57080078125,4.53404036022368,0.250000000008299,30.2000000000078,30.0000000000011,66.8814110794445,-0.800859257404097,22.892342312557,-47.4999652181351,85.26755,85.2673,205351,"2024_06_25_0020","2024_06_25_0020_ev00833_rec3","no",200258
834,3,85.33865,68.5831705729167,74.3408203125,5.75764973958333,0.550000000004047,0.399999999999068,0.699999999994816,67.5645853043756,4.22823873499351,2.42753962725081,-19.2459142684938,85.33865,85.3378,206773,"2024_06_25_0020","2024_06_25_0020_ev00834_rec3","no",200259
835,3,85.3851,67.0311337425595,72.32666015625,5.29552641369048,0.299999999995748,0.249999999994088,0.800000000012346,67.0478069893888,2.67624624847324,2.51637306907732,8.1744125002908,85.38505,85.38475,207702,"2024_06_25_0020","2024_06_25_0020_ev00835_rec3","no",200260
836,3,85.41195,68.5570126488095,70.86181640625,2.30480375744048,0.049999999987449,30.3000000000111,27.4000000000001,55133.6133682535,-55065.9127383882,883038.114875292,3.06730343046658,85.41165,85.4116,208239,"2024_06_25_0020","2024_06_25_0020_ev00836_rec3","no",200261
837,3,85.45345,67.7112397693452,72.6318359375,4.92059616815476,1.10000000000809,5.70000000000448,6.79999999999836,68.9324727068337,3.23342838549114,4.03650880888244,65.1298869087582,85.4505,85.4494,209069,"2024_06_25_0020","2024_06_25_0020_ev00837_rec3","no",200262
838,3,85.5418,67.6938011532738,71.22802734375,3.53422619047619,0.10000000000332,0.299999999995748,0,64.5207469320005,3.64350640497788,12.0847632235292,-53.490509505499,85.54155,85.54145,210836,"2024_06_25_0020","2024_06_25_0020_ev00838_rec3","no",200263
839,3,85.82645,68.9348493303571,72.08251953125,3.14767020089286,0.500000000002387,1.69999999999959,1.55000000000882,67.9162509639553,4.90435958585403,1.94454176212008,-18.4988894598823,85.82645,85.82595,216529,"2024_06_25_0020","2024_06_25_0020_ev00839_rec3","no",200264
840,3,85.9671,70.2078683035714,72.75390625,2.54603794642857,0.349999999997408,0.699999999994816,0.349999999997408,68.4951291084514,3.32008823356131,1.50185579570225,-44.8410053253174,85.9668,85.96645,219342,"2024_06_25_0020","2024_06_25_0020_ev00840_rec3","no",200265
841,3,86.03215,65.3105227152507,69.51904296875,4.20852025349934,0.199999999992428,15.8999999999878,30.0000000000011,66.9595894372485,3.58032017429933,7.34353830192063,81.3282066663105,86.031,86.03075,220643,"2024_06_25_0020","2024_06_25_0020_ev00841_rec3","no",200266
842,3,86.08805,67.8914388020833,74.951171875,7.05973307291667,0.149999999990769,0.10000000000332,0,65.5185095920967,3.07509812252636,3.2734314202512,-60.5565621693928,86.088,86.08785,221761,"2024_06_25_0020","2024_06_25_0020_ev00842_rec3","no",200267
843,3,86.34725,67.2752736409505,69.4580078125,2.18273417154948,0.299999999995748,0.999999999990564,0.849999999999795,66.0537122179024,3.73787772018775,1.41044769526102,-30.6485091527302,86.34725,86.3469,226945,"2024_06_25_0020","2024_06_25_0020_ev00843_rec3","no",200268
844,3,86.3839,61.0961875915527,66.22314453125,5.12695693969727,0.399999999999068,9.00000000000034,30.0000000000011,63.5586079636087,5.54527146207292,2.04230223400163,91.00042552948,86.38345,86.38305,227678,"2024_06_25_0020","2024_06_25_0020_ev00844_rec3","no",200269
845,3,86.4239,64.8571185157413,67.626953125,2.76983460925874,0.10000000000332,30.4500000000019,30.0000000000011,14057.0651219589,-13993.5533263063,195901.130524565,-6.5257635934014,86.4235,86.42275,228478,"2024_06_25_0020","2024_06_25_0020_ev00845_rec3","no",200270
846,3,86.45445,66.6358582632882,72.20458984375,5.56873158046177,0.199999999992428,0.0999999999891088,0,64.0246774313757,4.09736866401276,2.66953816196173,-67.0359011922564,86.45445,86.45425,229089,"2024_06_25_0020","2024_06_25_0020_ev00846_rec3","no",200271
847,3,86.5484,66.1940798078265,72.021484375,5.82740456717355,0.549999999989836,9.95000000000346,20.0999999999993,68.272473473252,3.39342709197207,5.32108479519638,94.197093772888,86.54605,86.5453,230968,"2024_06_25_0020","2024_06_25_0020_ev00847_rec3","no",200272
848,3,86.6692,63.566659109933,66.71142578125,3.14476667131697,1.05000000000643,9.69999999999516,10.549999999995,-106628.742391431,106695.778120092,488443.634633564,10.6904924256461,86.6692,86.6681,233384,"2024_06_25_0020","2024_06_25_0020_ev00848_rec3","no",200273
849,3,86.69515,63.5492206755139,68.17626953125,4.62704885573614,0.199999999992428,30.2999999999969,30.0000000000011,35535.7130756384,-35479.4618197194,155800.618104027,-115.123074386233,86.69505,86.6948,233903,"2024_06_25_0020","2024_06_25_0020_ev00849_rec3","no",200274
850,3,86.7624,46.3954342433384,53.5278282165527,7.13239397321428,3.64999999999327,4.85000000000468,0.10000000000332,31.9402681755629,19.020736183187,1.11732066223494,-396.549909210205,86.76175,86.7572,235248,"2024_06_25_0020","2024_06_25_0020_ev00850_rec3","no",200275
851,3,86.79995,35.2289109002976,47.6074180603027,12.3785071600051,2.15000000000032,2.25000000000364,2.15000000000032,30.9926520897266,22.249485305339,2.30374839471892,-37.8057422002157,86.79725,86.7951,235999,"2024_06_25_0020","2024_06_25_0020_ev00851_rec3","no",200276
852,3,86.83865,36.5542457217262,43.2739219665527,6.71967624482654,6.50000000000261,13.0000000000052,15.1000000000039,38.767689830732,5.99493162684469,4.88297279448961,115.241502339499,86.83765,86.82985,236773,"2024_06_25_0020","2024_06_25_0020_ev00852_rec3","no",200277
853,3,86.94545,19.4963720866612,33.5693359375,14.0729638508388,2.75000000000603,31.0499999999934,19.5500000000095,17308.6619245628,-17286.1126293527,156849.246343863,165.431836768559,86.9453,86.9422,238909,"2024_06_25_0020","2024_06_25_0020_ev00853_rec3","no",200278
854,3,86.97165,19.3510505131313,30.7617168426514,11.4106663295201,4.64999999999804,5.40000000000873,1.69999999999959,7.45827620898919,29.6625496244249,2.80807859879229,-211.215152025542,86.96755,86.9628,239433,"2024_06_25_0020","2024_06_25_0020_ev00854_rec3","no",200279
855,3,87.0233,13.0905868439447,30.2734355926514,17.1828487487066,6.45000000000095,9.04999999998779,5.70000000000448,14.2441301268559,16.2104739124354,5.02279159397812,183.465501985096,87.023,87.01395,240466,"2024_06_25_0020","2024_06_25_0020_ev00855_rec3","no",200280
856,3,87.11815,34.9208286830357,41.4428672790527,6.52203859601702,1.20000000001141,1.35000000000218,0,-171281.167119617,171309.838444683,473298.409462584,-329.830110134397,87.11485,87.1134,242363,"2024_06_25_0020","2024_06_25_0020_ev00856_rec3","no",200281
857,3,87.14085,27.8291229066395,33.69140625,5.86228334336054,0.349999999997408,0.700000000009027,0.150000000004979,18.5965239700118,15.9808109051595,0.423661938889332,-268.07350033919,87.14085,87.1402,242817,"2024_06_25_0020","2024_06_25_0020_ev00857_rec3","no",200282
858,3,87.17205,19.3423310234433,34.11865234375,14.7763213203067,6.54999999999006,4.75000000000136,1.05000000000643,14.9971626038133,25.2356544887331,1.12441345340342,-32.6282447467603,87.1702,87.16245,243441,"2024_06_25_0020","2024_06_25_0020_ev00858_rec3","no",200283
859,3,87.24305,33.2409083956764,40.3442344665527,7.10332607087635,3.15000000000509,6.05000000000189,2.49999999999773,25.4120425048633,17.879828421876,4.66751614233516,-140.467501532464,87.2428,87.23895,244861,"2024_06_25_0020","2024_06_25_0020_ev00859_rec3","no",200284
860,3,87.3637,46.3896213713146,54.3823204040527,7.99269903273809,0.900000000001455,2.84999999999513,2.60000000000105,36.7722504641278,19.2467103083873,6.10497881603617,-166.180653917222,87.36355,87.3626,247274,"2024_06_25_0020","2024_06_25_0020_ev00860_rec3","no",200285
861,3,87.38415,38.9433348519461,44.9829063415527,6.03957148960659,0.950000000003115,0.599999999991496,0.950000000003115,26.0629183973224,15.8539123328499,19.4870601774851,-140.750116157532,87.3841,87.38315,247683,"2024_06_25_0020","2024_06_25_0020_ev00861_rec3","no",200286
862,3,87.42,40.1698499407087,48.2788047790527,8.10895483834403,1.64999999999793,8.80000000000791,6.64999999999338,10.6640599442451,39.7943275661665,32.8526527133981,-85.6430202484132,87.41805,87.4162,248400,"2024_06_25_0020","2024_06_25_0020_ev00862_rec3","no",200287
863,3,87.46385,33.5460840861003,43.7622032165527,10.2161191304525,6.50000000000261,22.5500000000096,10.8500000000049,33578.626177498,-33543.2475896032,187212.048253915,171.038139820099,87.46375,87.45625,249277,"2024_06_25_0020","2024_06_25_0020_ev00863_rec3","no",200288
864,3,87.4904,36.8216376531692,44.3725547790527,7.55091712588356,0.150000000004979,3.19999999999254,2.05000000001121,31.6861980724594,15.6905303900683,2.97730398508544,-95.0191324347541,87.488,87.48785,249808,"2024_06_25_0020","2024_06_25_0020_ev00864_rec3","no",200289
865,3,87.54015,29.0585456121536,46.3256797790527,17.2671341668992,11.1500000000007,39.749999999998,15.7000000000096,46.8392446958764,-16.545421396278,42.0790480025108,372.246463366917,87.53295,87.52115,250803,"2024_06_25_0020","2024_06_25_0020_ev00865_rec3","no",200290
866,3,87.58655,42.4514011201404,44.8608360290527,2.4094349089123,0.399999999999068,1.39999999998963,1.04999999999222,35.9275913307173,12.0179129297804,2.17848483008475,-167.351507339023,87.5865,87.58605,251731,"2024_06_25_0020","2024_06_25_0020_ev00866_rec3","no",200291
867,3,87.6097,37.6790359133766,41.1987266540527,3.51969074067615,0.400000000013279,1.30000000000052,0.799999999998136,33.7874918655961,6.95649595390866,2.8027855549674,-93.3360004515875,87.6085,87.6079,252194,"2024_06_25_0020","2024_06_25_0020_ev00867_rec3","no",200292
868,3,87.6487,43.645946139381,46.2646446228027,2.61869848342169,2.70000000000437,32.6000000000022,30.0000000000011,29390.0095584472,-29351.7209450786,197964.543509254,-99.6510421435038,87.6487,87.64525,252974,"2024_06_25_0020","2024_06_25_0020_ev00868_rec3","no",200293
869,3,87.6668,38.0917503720238,49.0722618103027,10.9805114382789,1.89999999999202,16.5000000000077,1.35000000000218,42995.1331536097,-42953.1227108282,405860.704319718,187.559255141304,87.666,87.66315,253336,"2024_06_25_0020","2024_06_25_0020_ev00869_rec3","no",200294
870,3,87.69085,47.6335759844099,51.6357383728027,4.00216238839285,0.199999999992428,1.80000000000291,1.30000000000052,30.3018169277862,22.4391808870757,7.47919376061522,-354.90913004194,87.6908,87.68995,253817,"2024_06_25_0020","2024_06_25_0020_ev00870_rec3","no",200295
871,3,87.75155,39.2397916884649,46.2646446228027,7.0248529343378,2.34999999999275,2.79999999999347,0,26.3089606719292,13.3111181894715,1.64965648355678,-358.04279167198,87.75145,87.7479,255031,"2024_06_25_0020","2024_06_25_0020_ev00871_rec3","no",200296
872,3,87.81645,36.9495204743885,45.8984336853027,8.94891321091425,6.05000000000189,5.20000000000209,1.30000000000052,31.5003732821919,16.3515667702054,2.09157032136085,-95.7441403593336,87.8156,87.8087,256329,"2024_06_25_0020","2024_06_25_0020_ev00872_rec3","no",200297
873,3,87.8706,36.3653273809524,44.6166954040527,8.25136802310035,7.05000000000666,6.85000000000002,0,28.9354336634533,7.63957296034603,1.90322784087805,-152.908896573385,87.8691,87.8619,257412,"2024_06_25_0020","2024_06_25_0020_ev00873_rec3","no",200298
874,3,87.91045,33.9675170353481,41.5039024353027,7.53638539995466,1.10000000000809,11.4499999999964,6.55000000000427,33.9250588768466,10.6283705627602,4.95227676715084,98.8634100164686,87.9073,87.90225,258209,"2024_06_25_0020","2024_06_25_0020_ev00874_rec3","no",200299
875,3,87.9653,45.6281351361956,52.7954063415527,7.16727120535715,1.1999999999972,0.500000000002387,0,-100227.474171919,100274.737169828,294218.71184147,-95.892516871861,87.9652,87.9597,259306,"2024_06_25_0020","2024_06_25_0020_ev00875_rec3","no",200300
876,3,88.0524,49.8163094293504,52.6733360290527,2.85702659970238,0.200000000006639,2.19999999998777,1.90000000000623,46.3983109026748,8.84432807292931,2.80624727564103,-73.1835476739066,88.05105,88.0508,261048,"2024_06_25_0020","2024_06_25_0020_ev00876_rec3","no",200301
877,3,88.29535,59.1546883356004,66.22314453125,7.06845619564965,1.4500000000055,1.35000000000218,0,-17878.0582193434,17933.5537564765,27432.4504716601,-396.070906248547,88.2951,88.29185,265907,"2024_06_25_0020","2024_06_25_0020_ev00877_rec3","no",200302
878,3,88.36455,50.4847897120884,53.0395469665527,2.55475725446428,0.450000000000728,30.549999999991,30.0000000000011,137171.945192856,-137137.963601991,320932.573767591,-301.473296724047,88.3645,88.3638,267291,"2024_06_25_0020","2024_06_25_0020_ev00878_rec3","no",200303
879,3,88.4091,50.2871520632789,55.1147422790527,4.82759021577381,0.450000000000728,1.64999999999793,1.69999999999959,-17.2582344383717,71.9004019730412,46.6647695367728,-433.712874299004,88.4091,88.40865,268182,"2024_06_25_0020","2024_06_25_0020_ev00879_rec3","no",200304
880,3,88.53335,54.7049348013742,57.4340782165527,2.72914341517857,0.499999999988177,2.39999999999441,1.99999999999534,48.0814038833372,10.3315558718583,6.653204673822,-128.617204747881,88.53315,88.53265,270667,"2024_06_25_0020","2024_06_25_0020_ev00880_rec3","no",200305
881,3,88.56215,43.7127939860026,48.5839805603027,4.87118657430013,1.85000000000457,8.04999999999723,30.0000000000011,45.9712616957887,7.3612425891758,0.981280630204152,106.975669193268,88.5597,88.55755,271243,"2024_06_25_0020","2024_06_25_0020_ev00881_rec3","no",200306
882,3,88.7391,55.0914907909575,58.8989219665527,3.80743117559524,0.299999999995748,30.2499999999952,30.0000000000011,127542.647122555,-127500.208942524,379702.426282035,-228.430384036473,88.7391,88.7387,274782,"2024_06_25_0020","2024_06_25_0020_ev00882_rec3","no",200307
883,3,88.8076,57.852605002267,60.1806602478027,2.32805524553572,0.0500000000016598,2.20000000000198,1.40000000000384,51.2826587618394,12.9243387036996,2.55854626081324,-161.738586235046,88.80665,88.8066,276152,"2024_06_25_0020","2024_06_25_0020_ev00883_rec3","no",200308
884,3,88.86105,57.6433416094099,63.4155235290527,5.77218191964285,0.549999999989836,0.699999999994816,1.00000000000477,56.5674578465047,3.88498520968612,5.23078093924386,-8.07102691105444,88.86075,88.85845,277221,"2024_06_25_0020","2024_06_25_0020_ev00884_rec3","no",200309
885,3,88.95685,61.4565863836379,67.19970703125,5.74312064761207,0.749999999996476,0.600000000005707,0.699999999994816,53.903621036286,11.8742543399293,3.51991913655876,-183.360965183803,88.95685,88.9557,279137,"2024_06_25_0020","2024_06_25_0020_ev00885_rec3","no",200310
886,3,89.0352,60.509087517148,64.8193359375,4.31024842035202,0.599999999991496,2.49999999999773,1.94999999999368,56.2178343426779,9.27010698700019,4.3140373416827,-84.0119069962275,89.0346,89.034,280704,"2024_06_25_0020","2024_06_25_0020_ev00886_rec3","no",200311
887,3,89.13495,59.9452389308384,65.24658203125,5.30134310041155,0.699999999994816,1.00000000000477,0.799999999998136,58.1831662616335,8.05496511952632,1.05377391215227,-41.5047741753715,89.1347,89.13385,282699,"2024_06_25_0020","2024_06_25_0020_ev00887_rec3","no",200312
888,3,89.19255,61.7443235488165,63.9038047790527,2.15948123023624,0.550000000004047,3.39999999999918,2.80000000000769,52.8491549254189,15.2096627677597,6.16351734302723,-172.491537893386,89.1924,89.19175,283851,"2024_06_25_0020","2024_06_25_0020_ev00888_rec3","no",200313
889,3,89.2822,55.5884913489932,62.4999961853027,6.91150483630953,0.249999999994088,1.05000000000643,1.24999999999886,50.384209990033,11.1993647650081,3.37980733834478,-116.784958040147,89.2821,89.28185,285644,"2024_06_25_0020","2024_06_25_0020_ev00889_rec3","no",200314
890,3,89.31525,52.6123008728027,58.7768516540527,6.16455078125,0.400000000013279,20.85000000001,20.4999999999984,56.3119574694749,0.555480307188496,0.625896337592736,114.239502716064,89.31525,89.31485,286305,"2024_06_25_0020","2024_06_25_0020_ev00890_rec3","no",200315
891,3,89.3694,62.1686633882068,64.75830078125,2.58963739304316,0.10000000000332,0.10000000000332,0.200000000006639,49.8094874552334,13.4891169560762,15.9898631484007,-187.974572213491,89.36935,89.3691,287388,"2024_06_25_0020","2024_06_25_0020_ev00891_rec3","no",200316
892,3,89.46275,60.2852919442313,68.42041015625,8.1351182120187,0.699999999994816,0.200000000006639,0,55.4861824905398,4.24456827134678,3.58585723435231,-127.5373153959,89.4627,89.46165,289255,"2024_06_25_0020","2024_06_25_0020_ev00892_rec3","no",200317
893,3,89.5557,56.3296325320289,62.0727500915527,5.74311755952381,0.10000000000332,0.350000000011619,0.150000000004979,47.6768497977429,14.6924306717628,0.558719837931268,-250.129476002284,89.55555,89.55545,291114,"2024_06_25_0020","2024_06_25_0020_ev00893_rec3","no",200318
894,3,89.58275,52.6413652329218,55.2978477478027,2.65648251488095,0.10000000000332,31.5499999999957,29.9999999999869,89323.3323761125,-89277.2292288572,1003962.32449329,-156.843856012254,89.58125,89.5809,291655,"2024_06_25_0020","2024_06_25_0020_ev00894_rec3","no",200319
895,3,89.6872,60.0178998311361,66.83349609375,6.81559626261393,0.500000000002387,1.30000000000052,1.69999999999959,59.6296936393715,4.76527192813906,3.47949737781429,7.59583520889276,89.687,89.6865,293744,"2024_06_25_0020","2024_06_25_0020_ev00895_rec3","no",200320
896,3,89.7503,63.9444968813942,70.00732421875,6.06282733735584,0.450000000000728,1.10000000000809,2.54999999999939,-178488.415064849,178555.712302562,411243.003820033,-92.5873010226658,89.7502,89.74975,295006,"2024_06_25_0020","2024_06_25_0020_ev00896_rec3","no",200321
897,3,89.86175,59.8551394144694,66.162109375,6.3069699605306,0.249999999994088,30.8500000000009,30.0000000000011,5893.588766145,-5832.81869702782,159997.740485372,47.8836257934571,89.8612,89.8606,297235,"2024_06_25_0020","2024_06_25_0020_ev00897_rec3","no",200322
898,3,89.90345,63.7323270525251,67.2607421875,3.52841513497489,1.05000000000643,1.14999999999554,0.599999999991496,53.2918237535496,13.9224159317264,3.66260779989261,-261.906709466662,89.90335,89.9023,298069,"2024_06_25_0020","2024_06_25_0020_ev00898_rec3","no",200323
899,3,89.9236,53.4638866242908,55.9081993103027,2.44431268601191,0.299999999995748,1.00000000000477,1.15000000000975,53.1119992740106,2.22108839045197,2.04228561707817,-4.63278634207588,89.9236,89.9232,298472,"2024_06_25_0020","2024_06_25_0020_ev00899_rec3","no",200324
900,3,89.99745,60.2736665634882,64.8193359375,4.54566937401181,0.799999999998136,1.24999999999886,1.14999999999554,51.6668470415732,12.659059548098,5.59628726981524,-184.906123664034,89.99745,89.99665,299949,"2024_06_25_0020","2024_06_25_0020_ev00900_rec3","no",200325
901,3,90.0976,63.8741448944406,67.3388517021217,3.46470680768112,0.149999999990769,1.10000000000809,0.500000000002387,61.2053788438962,5.99558374867667,1.21430629522991,-70.3486640735175,90.09735,90.09675,301952,"2024_06_25_0020","2024_06_25_0020_ev00901_rec3","no",200326
902,3,90.1693,59.2661095419216,65.430633003147,6.16452346122534,0.700000000009027,2.3000000000053,2.3000000000053,46.5957637694607,20.3062411645343,7.47285136315095,-227.892512795815,90.16915,90.16845,303386,"2024_06_25_0020","2024_06_25_0020_ev00902_rec3","no",200327
903,3,90.2644,60.7777339796617,66.8085986827722,6.03086470311058,0.149999999990769,0.899999999987244,2.54999999999939,-2007.80775881666,2071.96923455449,4540.74297573153,-102.942523496482,90.2644,90.26425,305288,"2024_06_25_0020","2024_06_25_0020_ev00903_rec3","no",200328
904,3,90.41275,62.9972099542606,68.8573875192316,5.86017756497107,1.20000000001141,30.1500000000061,30.0000000000011,43574.1330204331,-43512.909442877,337555.95350871,7.73036216591742,90.41275,90.41115,308255,"2024_06_25_0020","2024_06_25_0020_ev00904_rec3","no",200329
905,3,90.58055,62.628571864383,69.0133846376113,6.38481277322831,0.299999999995748,1.35000000000218,1.39999999998963,53.9916889473581,15.5229889243096,4.04263376438335,-195.134700863783,90.5805,90.5802,311611,"2024_06_25_0020","2024_06_25_0020_ev00905_rec3","no",200330
906,3,90.6241,60.8651850094676,66.2897252859132,5.42454027644558,0.349999999997408,0.199999999992428,0,-10611.4216252043,10673.7523977525,33382.8690854992,-98.8646117663231,90.624,90.62345,312482,"2024_06_25_0020","2024_06_25_0020_ev00906_rec3","no",200331
907,3,90.699,58.2693667128162,63.4457609782842,5.17639426546807,0.149999999990769,1.40000000000384,1.54999999999461,50.9985235335258,12.539894514865,5.01558077721271,-154.080607361563,90.69885,90.6987,313980,"2024_06_25_0020","2024_06_25_0020_ev00907_rec3","no",200332
908,3,90.76575,59.4199610553352,63.4616628110451,4.04170175570987,0.349999999997408,3.60000000000582,3.55000000000416,31.4716222288429,34.6251857410925,22.033870435339,-269.365853533278,90.7657,90.7653,315315,"2024_06_25_0020","2024_06_25_0020_ev00908_rec3","no",200333
909,3,90.8822,61.5155664812808,69.1461180022628,7.63055152098195,1.09999999999388,30.1500000000061,24.6999999999957,20238.053103734,-20175.7434854545,245634.629991559,63.4626585003353,90.88215,90.88085,317644,"2024_06_25_0020","2024_06_25_0020_ev00909_rec3","no",200334
910,3,90.95315,62.6714717181043,71.3895988486485,8.71812713054427,0.199999999992428,0.849999999999795,1.50000000000716,50.8277749758824,17.1948469909609,11.4136789736567,-171.947077606769,90.9531,90.9529,319063,"2024_06_25_0020","2024_06_25_0020_ev00910_rec3","no",200335
911,3,91.2035,63.2138149166609,66.3985842820784,3.18476936541759,0.0500000000016598,0.149999999990769,0.249999999994088,55.8442492133474,9.33485728943212,2.59028677920184,-196.869727685448,91.2035,91.2034,324070,"2024_06_25_0020","2024_06_25_0020_ev00911_rec3","no",200336
912,3,91.3232,64.9701204970988,71.3617110177696,6.39159052067072,0.10000000000332,0.450000000000728,2.15000000000032,64.8374708157746,3.40694004868138,6.89458513073546,21.0650057229624,91.32295,91.3228,326464,"2024_06_25_0020","2024_06_25_0020_ev00912_rec3","no",200337
913,3,91.42135,64.8172418378038,71.3086599244935,6.49141808668963,1.49999999999295,5.40000000000873,5.94999999999857,-62322.5161927703,62391.3638606788,227465.861250493,12.6746183598696,91.42065,91.41785,328427,"2024_06_25_0020","2024_06_25_0020_ev00913_rec3","no",200338
914,3,91.4345,64.0115016137734,68.4889626393127,4.47746102553933,0.200000000006639,3.2499999999942,3.84999999999991,42.0416606880231,26.4172798441002,34.2899767961958,-129.816002305904,91.4344,91.4342,328690,"2024_06_25_0020","2024_06_25_0020_ev00914_rec3","no",200339
915,3,91.5373,60.7393955133683,64.6387070504991,3.89931153713081,0.349999999997408,30.3000000000111,30.0000000000011,36463.6779318845,-36404.7209615872,393599.522991715,-9.98207054870358,91.53705,91.53665,330746,"2024_06_25_0020","2024_06_25_0020_ev00915_rec3","no",200340
916,3,91.60395,59.4954569931946,65.9857210968468,6.49026410365222,0.450000000000728,0.700000000009027,0.150000000004979,57.4837770246341,8.63713475755644,0.212032144595937,-57.3866909893549,91.6039,91.60325,332079,"2024_06_25_0020","2024_06_25_0020_ev00916_rec3","no",200341
917,3,91.73505,65.4312498530808,72.8803674133847,7.44911756030382,0.250000000008299,0.200000000006639,0.500000000002387,33.6561955299767,34.8489484762733,53.4327727042532,-151.72228360919,91.73505,91.7348,334701,"2024_06_25_0020","2024_06_25_0020_ev00917_rec3","no",200342
918,3,91.80255,59.6277410497748,64.8326950580476,5.20495400827279,0.399999999999068,19.4999999999936,15.900000000002,34313.4513996465,-34255.0500869297,172738.998543935,53.5001770064019,91.8025,91.8021,336051,"2024_06_25_0020","2024_06_25_0020_ev00918_rec3","no",200343
919,3,91.86485,60.8126645741432,65.3712676999138,4.55860312577065,0.199999999992428,6.00000000000023,6.84999999998581,49.2673744888652,16.3550174966215,32.3546327238856,-22.1522483095296,91.86415,91.86395,337297,"2024_06_25_0020","2024_06_25_0020_ev00919_rec3","no",200344
920,3,91.9026,55.8314838704695,59.3178839074583,3.48640003698876,0.450000000000728,6.85000000001423,30.0000000000011,57.1357739964162,2.76536261642795,3.48503753086194,51.1552679723619,91.90255,91.90205,338052,"2024_06_25_0020","2024_06_25_0020_ev00920_rec3","no",200345
921,3,92.02105,61.8974226221658,64.3297107644999,2.43228814233409,0.0500000000016598,3.55000000000416,3.00000000000011,52.4022083778486,20.2046696700056,4.49952580420285,-187.481420547964,92.01965,92.0196,340421,"2024_06_25_0020","2024_06_25_0020_ev00921_rec3","no",200346
922,3,92.13885,63.7232314233762,69.7764424744474,6.05321105107121,0.150000000004979,30.2000000000078,30.0000000000011,16259.0683026631,-16196.8379138411,349299.371125988,-22.838452666228,92.13875,92.13855,342777,"2024_06_25_0020","2024_06_25_0020_ev00922_rec3","no",200347
923,3,92.25,66.0004506537198,70.9766667362455,4.97621608252568,0.399999999999068,7.54999999999484,8.54999999999961,47.8961401945852,24.5250823423518,41.2500308928205,-17.698881644291,92.25,92.24955,345000,"2024_06_25_0020","2024_06_25_0020_ev00923_rec3","no",200348
924,3,92.34595,67.2453776496689,72.1017930871929,4.85641543752395,0.300000000009959,0.250000000008299,0.499999999988177,-132035.821311448,132105.076790644,302269.923507209,-135.302020160578,92.34595,92.34565,346919,"2024_06_25_0020","2024_06_25_0020_ev00924_rec3","no",200349
925,3,92.45045,62.8597144191896,67.2589079814222,4.39919356223266,0.650000000007367,30.5500000000052,30.0000000000011,67752.8148942692,-67696.941355493,533023.045463351,-149.998497765442,92.45045,92.44975,349009,"2024_06_25_0020","2024_06_25_0020_ev00925_rec3","no",200350
926,3,92.5221,63.206482921277,66.7552745453647,3.54879162408773,0.450000000000728,4.14999999999566,4.3500000000023,44.1365340711638,25.1374316295696,20.6568888019057,-172.251101866957,92.5221,92.52165,350442,"2024_06_25_0020","2024_06_25_0020_ev00926_rec3","no",200351
927,3,92.6006,61.0008358076241,67.6490770883078,6.64824128068368,0.150000000004979,30.699999999996,30.0000000000011,24956.9239541495,-24896.0770344183,308376.35495197,34.25677320186,92.60045,92.5998,352012,"2024_06_25_0020","2024_06_25_0020_ev00927_rec3","no",200352
928,3,92.62045,61.0741657800956,66.2824012609572,5.20823548086153,0.199999999992428,4.44999999999141,9.70000000000937,62.6613102722348,2.23860829655951,5.13625419183242,61.7557490541751,92.62,92.61975,352409,"2024_06_25_0020","2024_06_25_0020_ev00928_rec3","no",200353
929,3,92.682,65.5050387499073,70.3587034425804,4.85366469267314,0.299999999995748,0.700000000009027,0.599999999991496,65.9779253605791,4.10209291756144,0.550290078344173,17.6801702882616,92.6819,92.6816,353640,"2024_06_25_0020","2024_06_25_0020_ev00929_rec3","no",200354
930,3,92.71115,66.2991141402385,73.2170271816187,6.91791304138019,0.399999999999068,31.3499999999891,29.9999999999869,7061.37392035588,-6998.82284919837,261537.786145551,-96.7071589293424,92.7111,92.70945,354223,"2024_06_25_0020","2024_06_25_0020_ev00930_rec3","no",200355
931,3,92.7578,65.8479397042173,70.9024556780264,5.05451597380909,0.200000000006639,1.04999999999222,1.14999999999554,57.272791196615,13.5216583494761,4.47298789064014,-196.360941312285,92.7578,92.75755,355156,"2024_06_25_0020","2024_06_25_0020_ev00931_rec3","no",200356
932,3,92.91185,66.6479289674134,69.7953148075804,3.14738584016706,0.249999999994088,0.549999999989836,0.349999999997408,56.149748985433,14.5660784196523,1.62076338895206,-292.033247270101,92.91165,92.91015,358237,"2024_06_25_0020","2024_06_25_0020_ev00932_rec3","no",200357
933,3,93.15065,64.8423151905124,70.1688203605803,5.3265051700679,0.299999999995748,0.799999999998136,0.749999999996476,57.8020578183975,13.0191583053126,2.04122244820907,-183.78173604096,93.15065,93.1503,363013,"2024_06_25_0020","2024_06_25_0020_ev00933_rec3","no",200358
934,3,93.20145,59.9133158750442,63.8732360516459,3.95992017660169,0.0999999999891088,0.0500000000016598,0.150000000004979,53.0558120725476,8.664843352865,3.78481940359645,-172.781741385822,93.20145,93.2012,364029,"2024_06_25_0020","2024_06_25_0020_ev00934_rec3","no",200359
935,3,93.28835,61.8738153950445,67.2480953009003,5.37427990585577,0.199999999992428,0.349999999997408,0.750000000010687,59.8894593907476,4.67593696843194,4.6928105295927,-36.4879828151221,93.28835,93.2878,365767,"2024_06_25_0020","2024_06_25_0020_ev00935_rec3","no",200360
936,3,93.3691,58.5464968983853,65.963323413879,7.41682651549363,0.450000000000728,0.399999999999068,1.7999999999887,59.1386047871527,3.19612207700688,4.50232150179002,36.0727269843035,93.36885,93.3682,367382,"2024_06_25_0020","2024_06_25_0020_ev00936_rec3","no",200361
937,3,93.4109,57.1248143231579,61.2808821566607,4.15606783350285,2.44999999999607,0.550000000004047,0,8999.24324704401,-8939.69020101018,198733.124457288,107.245146859985,93.41045,93.40795,368218,"2024_06_25_0020","2024_06_25_0020_ev00937_rec3","no",200362
938,3,93.56455,63.7195528659458,65.8757766714907,2.15622380554485,0.399999999999068,0.500000000002387,0.399999999999068,63.1593110488569,5.12543039080151,0.295926213294758,-14.0986282527205,93.56455,93.56385,371291,"2024_06_25_0020","2024_06_25_0020_ev00938_rec3","no",200363
939,3,93.6093,60.8559892611952,68.7002383428789,7.8442490816837,0.700000000009027,1.44999999999129,1.09999999999388,52.3752643352753,16.4264983668844,3.03567573790172,-201.802871774585,93.6093,93.60825,372186,"2024_06_25_0020","2024_06_25_0020_ev00939_rec3","no",200364
940,3,93.7768,64.3467930968991,70.0301852500139,5.68339215311478,0.949999999988904,30.1000000000045,30.0000000000011,72404.3885580983,-72342.2150199093,570008.786743369,-4.96047730008843,93.77625,93.7751,375536,"2024_06_25_0020","2024_06_25_0020_ev00940_rec3","no",200365
941,3,93.9415,64.0126537808741,68.720366296368,4.70771251549395,0.500000000002387,30.3000000000111,30.0000000000011,4984.07082492864,-4920.30969601063,261059.034146596,2.75980631947916,93.9414,93.94085,378830,"2024_06_25_0020","2024_06_25_0020_ev00941_rec3","no",200366
942,3,94.13985,65.5678286850439,71.4130719068456,5.8452432218017,0.600000000005707,0.199999999992428,0,64.9891708500221,2.53201363184049,3.15832945397225,-8.04060512729914,94.13985,94.13925,382797,"2024_06_25_0020","2024_06_25_0020_ev00942_rec3","no",200367
943,3,94.202,65.0071876044735,69.3651820587995,4.357994454326,0.399999999999068,1.69999999999959,1.54999999999461,60.7711854532732,11.7388147934472,2.26016535022702,-98.27574860321,94.202,94.2016,384040,"2024_06_25_0020","2024_06_25_0020_ev00943_rec3","no",200368
944,3,94.3114,66.5838599091209,70.439072471998,3.85521256287716,1.30000000000052,1.04999999999222,0.149999999990769,63.4298709864637,7.79116215454126,0.326933506599279,-90.8838136794986,94.31115,94.30985,386228,"2024_06_25_0020","2024_06_25_0020_ev00944_rec3","no",200369
945,3,94.4472,66.492678392234,69.3694027416492,2.87672434941516,0.450000000000728,4.24999999999898,4.10000000000821,-192.50180047031,263.05411982477,359.006281434268,-197.622314957488,94.4472,94.44645,388944,"2024_06_25_0020","2024_06_25_0020_ev00945_rec3","no",200370
946,3,94.63175,62.5496937645161,67.7019645377345,5.15227077321846,0.10000000000332,0.299999999995748,0.300000000009959,62.2747510446578,7.04902266604164,0.272644795927862,-6.07851451753115,94.63175,94.63165,392635,"2024_06_25_0020","2024_06_25_0020_ev00946_rec3","no",200371
947,3,94.9304,59.948832926979,65.8776773938462,5.92884446686715,0.300000000009959,31.8500000000057,30.0000000000011,34332.8983637559,-34274.7341702251,358962.683589294,-7.38429285878883,94.9303,94.9284,398608,"2024_06_25_0020","2024_06_25_0020_ev00947_rec3","no",200372
948,3,94.9865,63.5099392575804,65.6510106291986,2.14107137161813,0.799999999998136,5.5499999999995,5.5499999999995,-111186.327596185,111252.131731184,409464.692699448,-50.1922530532051,94.98615,94.98535,399730,"2024_06_25_0020","2024_06_25_0020_ev00948_rec3","no",200373
949,3,95.0104,61.7368781282656,67.5602342579273,5.82335612966179,0.250000000008299,24.1500000000059,22.2500000000139,117093.554098259,-117039.81083368,256693.140397775,-33.7840332474461,95.01035,95.01005,400208,"2024_06_25_0020","2024_06_25_0020_ev00949_rec3","no",200374
950,3,95.0774,66.5898226793141,72.0674946643486,5.47767198503446,0.149999999990769,0.400000000013279,0.600000000005707,58.6116626841598,11.1537764464892,5.56353278531975,-176.637486228034,95.0773,95.0771,401548,"2024_06_25_0020","2024_06_25_0020_ev00950_rec3","no",200375
951,3,95.1556,60.1619630222877,62.4930816792547,2.33111865696699,0.300000000009959,2.79999999999347,2.54999999998518,56.1111540302974,10.9318404920854,3.19154553229582,-83.2140521376759,95.1547,95.15435,403112,"2024_06_25_0020","2024_06_25_0020_ev00951_rec3","no",200376
952,3,95.2317,65.3197557761321,69.2784970415181,3.95874126538604,0.200000000006639,0.249999999994088,0.149999999990769,64.2186866158968,6.31053678662251,0.177328035481062,-31.4689026764299,95.23165,95.23145,404634,"2024_06_25_0020","2024_06_25_0020_ev00952_rec3","no",200377
953,3,95.25345,63.6886257555985,67.9907673750455,4.30214161944696,0.300000000009959,22.350000000003,18.2499999999948,12589.6178915365,-12527.0297043385,84977.9557852372,34.9211299351094,95.25345,95.2531,405069,"2024_06_25_0020","2024_06_25_0020_ev00953_rec3","no",200378
954,3,95.3138,65.1600451321704,71.1716726162615,6.01162748409112,0.0500000000016598,1.80000000000291,3.5000000000025,65.0618559331073,3.7234431139762,7.37399350214829,26.6702333418092,95.3134,95.3133,406276,"2024_06_25_0020","2024_06_25_0020_ev00954_rec3","no",200379
955,3,95.72405,64.0980488244656,68.8237824224551,4.72573359798953,0.150000000004979,2.95000000001266,4.50000000000728,65.3708080656998,3.13818108214283,2.38417501215811,49.5383748777743,95.72305,95.72285,414481,"2024_06_25_0020","2024_06_25_0020_ev00955_rec3","no",200380
956,3,95.7626,68.1076794093746,70.1555746283224,2.04789521894784,0.150000000004979,0.900000000001455,0.649999999993156,65.0628777579318,4.79818928482427,2.79703223869557,-77.3605654789065,95.76245,95.762,415252,"2024_06_25_0020","2024_06_25_0020_ev00956_rec3","no",200381
957,3,95.91345,67.7383653901389,71.0885174111493,3.3501520210104,0.10000000000332,30.0500000000028,30.0000000000011,6886.82937964369,-6821.98834243601,212908.295262572,-72.3810569985897,95.91345,95.91335,418269,"2024_06_25_0020","2024_06_25_0020_ev00957_rec3","no",200382
958,3,96.16445,65.8761622017164,68.5715269708212,2.69536476910474,0.250000000008299,0.900000000001455,0.749999999996476,64.3271860683327,5.5193000118198,0.958385375153427,-40.14202849693,96.16445,96.16395,423289,"2024_06_25_0020","2024_06_25_0020_ev00958_rec3","no",200383
959,3,96.33605,63.7696041482487,68.17827268495,4.40866853670126,0.0999999999891088,0.849999999985585,0.699999999994816,63.4713139896031,6.76843273635292,0.553796063798961,-3.9777463370152,96.33585,96.3357,426721,"2024_06_25_0020","2024_06_25_0020_ev00959_rec3","no",200384
960,3,96.449,66.1819089239411,68.3149178761931,2.13300895225203,0.349999999997408,30.2999999999969,30.0000000000011,4678.32234641786,-4613.2119832218,162766.458223791,-18.2730350133406,96.449,96.44865,428980,"2024_06_25_0020","2024_06_25_0020_ev00960_rec3","no",200385
961,3,96.4892,67.721665029808,75.3456714650582,7.62400643525021,0.10000000000332,0.300000000009959,0.300000000009959,65.2488567271753,8.64606265048786,0.585720361088027,-68.6115572064225,96.4892,96.4891,429784,"2024_06_25_0020","2024_06_25_0020_ev00961_rec3","no",200386
962,3,96.57075,66.439177339716,69.0080526974666,2.56887535775057,0.649999999993156,1.30000000000052,1.30000000001473,63.243098785418,4.90142781906188,7.87837854890372,-56.1107896804217,96.57075,96.5701,431415,"2024_06_25_0020","2024_06_25_0020_ev00962_rec3","no",200387
963,3,96.69765,64.4871312618799,68.1846619444161,3.69753068253621,0.10000000000332,1.1999999999972,1.55000000000882,62.7865488524546,4.37232354080553,4.37462756789582,-30.1220365304961,96.6974,96.6969,433953,"2024_06_25_0020","2024_06_25_0020_ev00963_rec3","no",200388
964,3,96.86885,68.6600864888293,74.4248033960905,5.76471690726122,0.650000000007367,2.54999999999939,0,63.6137012961147,5.34824748009844,4.56349745278311,-123.372285488939,96.8677,96.8646,437377,"2024_06_25_0020","2024_06_25_0020_ev00964_rec3","no",200389
965,3,96.92585,66.7621549553005,69.3976510493508,2.63549609405023,0.250000000008299,0.799999999998136,0.649999999993156,63.8619987818758,5.73086208772147,1.66594712200026,-76.0723726343396,96.9256,96.92485,438517,"2024_06_25_0020","2024_06_25_0020_ev00965_rec3","no",200390
966,3,96.9585,63.8485155676422,66.6704283847684,2.82191281712623,0.250000000008299,2.24999999998943,2.049999999997,63.3505502671143,3.04064114431536,3.03172031341522,-3.08285823647118,96.9577,96.9574,439170,"2024_06_25_0020","2024_06_25_0020_ev00966_rec3","no",200391
967,3,97.0226,67.2478921960254,72.7454010808027,5.49750888477732,0.249999999994088,0.249999999994088,0,63.7023388571642,3.97279498328122,4.90390281555198,-85.5432731253905,97.0225,97.0219,440452,"2024_06_25_0020","2024_06_25_0020_ev00967_rec3","no",200392
968,3,97.05855,65.0548140327269,71.4600962008281,6.40528216810124,0.199999999992428,0.600000000005707,0,63.2257424737144,4.21835925678931,1.7449572996488,-45.3994603985842,97.0584,97.0579,441171,"2024_06_25_0020","2024_06_25_0020_ev00968_rec3","no",200393
969,3,97.1278,64.2317865060521,71.3202945172012,7.0885080111491,0.600000000005707,0.249999999994088,0.550000000004047,62.2915888918167,5.64076909543145,2.60914058331628,-41.527993719648,97.12775,97.1269,442556,"2024_06_25_0020","2024_06_25_0020_ev00969_rec3","no",200394
970,3,97.27695,66.6862776817394,69.2421674490879,2.55588976734852,0.450000000000728,1.00000000000477,0.999999999990564,65.1341951185521,3.4748404603383,3.02307716797365,-34.8240024924132,97.2769,97.2763,445539,"2024_06_25_0020","2024_06_25_0020_ev00970_rec3","no",200395
971,3,97.39965,64.6876879293707,68.224123777264,3.53643584789332,1.09999999999388,3.10000000000343,3.05000000000177,65.5849910875408,2.52569831209728,1.6885531777608,36.9360425705702,97.3991,97.39795,447993,"2024_06_25_0020","2024_06_25_0020_ev00971_rec3","no",200396
972,3,97.5652,65.006650841144,69.1962035405128,4.18955269936882,1.10000000000809,2.00000000000955,2.85000000000935,65.1541315369507,2.50317360254805,4.89434301424607,21.6888378315127,97.5648,97.5637,451304,"2024_06_25_0020","2024_06_25_0020_ev00972_rec3","no",200397
973,3,97.64415,66.422944661814,70.275559019187,3.85261435737308,1.00000000000477,1.04999999999222,1.24999999999886,66.5162577646793,3.07581710530486,1.4743551799865,12.5153953300007,97.64295,97.64195,452883,"2024_06_25_0020","2024_06_25_0020_ev00973_rec3","no",200398
974,3,97.6684,67.1508467669076,70.971666223137,3.82081945622939,0.299999999995748,2.54999999999939,3.2499999999942,65.1524628685691,5.32332922523333,7.31802652248206,-20.2977476442015,97.66835,97.66795,453368,"2024_06_25_0020","2024_06_25_0020_ev00974_rec3","no",200399
975,3,97.84295,67.5021386120764,69.7943537621732,2.29221515009677,0.299999999995748,30.2500000000094,30.0000000000011,68.265324644926,-2.06989839758603,10.5856508487459,3.16138278394348,97.84295,97.84265,456859,"2024_06_25_0020","2024_06_25_0020_ev00975_rec3","no",200400
976,3,98.1659,68.7833333663956,71.7240558669103,2.94072250051472,0.249999999994088,30.4000000000002,30.0000000000011,27191.3505269902,-27124.8980629049,317755.213159276,-30.2651102782498,98.16585,98.16535,463318,"2024_06_25_0020","2024_06_25_0020_ev00976_rec3","no",200401
977,3,98.20125,69.4354486772033,75.6979881400169,6.26253946281362,0.10000000000332,0.250000000008299,0,67.3272433887416,3.78835304408673,7.59228611336117,-33.3449741390758,98.20105,98.20095,464025,"2024_06_25_0020","2024_06_25_0020_ev00977_rec3","no",200402
978,3,98.23035,67.1920275175136,72.266603448039,5.07457593052538,0.349999999997408,1.10000000000809,2.54999999999939,65.7638475813323,4.32657213433156,9.43255815052662,-1.83737324690192,98.23035,98.23,464607,"2024_06_25_0020","2024_06_25_0020_ev00978_rec3","no",200403
979,3,98.293,67.4937063904444,72.7153539952255,5.2216476047811,0.350000000011619,30.3499999999985,30.0000000000011,41113.517749894,-41048.3962474988,401595.655338227,-23.625469778331,98.29295,98.2926,465860,"2024_06_25_0020","2024_06_25_0020_ev00979_rec3","no",200404
980,3,98.3155,67.2143944400959,70.0500488612135,2.83565442111764,0.349999999997408,3.49999999998829,3.99999999999068,66.6727230691636,3.99937496131519,4.33736807195639,2.53323694691646,98.3154,98.31505,466310,"2024_06_25_0020","2024_06_25_0020_ev00980_rec3","no",200405
981,3,98.416,65.6473326192521,69.7233045658429,4.07597194659081,0.149999999990769,0.249999999994088,0.749999999996476,60.110307962168,7.25700273637273,26.0942764488166,-35.7014666474052,98.41585,98.41565,468320,"2024_06_25_0020","2024_06_25_0020_ev00981_rec3","no",200406
982,3,98.60345,67.2172475033878,69.9244481734146,2.70720067002675,0.149999999990769,1.85000000000457,2.35000000000696,63.5589618629285,6.19760646785301,8.23336628451535,-58.6365418505722,98.60345,98.6028,472069,"2024_06_25_0020","2024_06_25_0020_ev00982_rec3","no",200407
983,3,98.80865,66.289620261701,69.5760372771143,3.28641701541331,0.049999999987449,0.450000000000728,0.299999999995748,64.548214653944,3.81080330455412,1.16737918773845,-46.6378536777688,98.8084,98.80835,476173,"2024_06_25_0020","2024_06_25_0020_ev00983_rec3","no",200408
984,3,98.91015,64.0094905016909,71.5632340799306,7.55374357823966,0.300000000009959,0.849999999999795,2.34999999999275,63.8861780563898,4.4708969278661,5.48881035507915,21.8131642396899,98.91015,98.90985,478203,"2024_06_25_0020","2024_06_25_0020_ev00984_rec3","no",200409
985,3,99.0504,65.1484215092174,69.8738172794096,4.72539577019224,0.500000000002387,2.15000000000032,2.20000000000198,65.8880583191688,3.78462578150506,1.66602991634491,32.3975763197367,99.05005,99.0495,481008,"2024_06_25_0020","2024_06_25_0020_ev00985_rec3","no",200410
986,3,99.18715,69.4952144951492,73.4205457214402,3.92533122629099,0.150000000004979,0.300000000009959,0.0500000000016598,67.1556655644482,3.88344064208476,2.90333585097111,-57.9340821195228,99.18695,99.1868,483743,"2024_06_25_0020","2024_06_25_0020_ev00986_rec3","no",200411
987,3,99.2084,66.557685124172,72.5394063435235,5.98172121935153,1.05000000000643,1.64999999999793,0.450000000000728,66.2872079282785,6.38077312000858,0.458040620106963,2.66960364593125,99.2071,99.20595,484168,"2024_06_25_0020","2024_06_25_0020_ev00987_rec3","no",200412
988,3,99.30075,64.3609410063564,69.8392713930117,5.47833038665524,0.749999999996476,6.64999999999338,30.0000000000011,66.8788167337696,2.71722779057609,2.38116053617778,85.5723869779115,99.3007,99.29995,486015,"2024_06_25_0020","2024_06_25_0020_ev00988_rec3","no",200413
989,3,99.3241,68.163923281201,71.2767610072139,3.11283772601287,0.0999999999891088,0.300000000009959,0,64.25839486323,3.56599525825805,8.41108384569226,-87.2835357656103,99.32385,99.32375,486482,"2024_06_25_0020","2024_06_25_0020_ev00989_rec3","no",200414
990,3,99.417,67.8744043961118,75.3634781602249,7.48907376411309,0.200000000006639,0.150000000004979,0,57.8726084329997,10.355955744164,21.0465930326735,-133.64079634459,99.41695,99.4167,488340,"2024_06_25_0020","2024_06_25_0020_ev00990_rec3","no",200415
991,3,99.601,66.289420519247,70.7649928301755,4.47557231092848,0.10000000000332,0.250000000008299,0.249999999994088,62.322856902808,5.73835623354658,12.6407163320581,-51.9509785256212,99.6008,99.6007,492020,"2024_06_25_0020","2024_06_25_0020_ev00991_rec3","no",200416
992,3,99.6475,65.8453021138594,72.5803086656825,6.73500655182305,0.299999999995748,0.499999999988177,0,62.9882532608243,4.9759980732107,10.1349252217989,-35.7313415894522,99.6474,99.6468,492950,"2024_06_25_0020","2024_06_25_0020_ev00992_rec3","no",200417
993,3,99.66355,65.0567729719119,70.4402342875701,5.38346131565824,0.249999999994088,30.2000000000078,30.0000000000011,23263.2973301604,-23200.6676960661,212553.776319229,-22.5224678465766,99.66355,99.6633,493271,"2024_06_25_0020","2024_06_25_0020_ev00993_rec3","no",200418
994,3,99.73015,64.916062160422,71.1140001023768,6.19793794195479,0.199999999992428,30.699999999996,30.0000000000011,22043.5613823787,-21980.1858364216,368450.107953566,-17.382230499996,99.73015,99.7292,494603,"2024_06_25_0020","2024_06_25_0020_ev00994_rec3","no",200419
995,3,99.8813,64.1455287159119,71.149480692931,7.0039519770191,0.249999999994088,0.450000000000728,0.600000000005707,64.917387551621,3.42519633838749,0.934758052494322,27.6335570755525,99.88125,99.881,497626,"2024_06_25_0020","2024_06_25_0020_ev00995_rec3","no",200420
