"Event.Number","Record","Event.Time..s.","Baseline..pA.","Peak..pA.","Amplitude..pA.","Rise.Time..ms.","Half.Width..ms.","Decay.Time..ms.","Decay.Fit.b0","Decay.Fit.b1","Decay.Fit.Tau..ms.","AUC..pA.ms.","rise_max_time","baseline_time","event_index","file_prefix","event_id","noise","event_entry_number"
1,0,0.066369999332428,112.479283847821,116.764396751165,4.28511290334428,0.0500000000000222,2.97,30,114.209098991408,5.42524030108936,1.03019862546559,60.4429962290758,0.065909999332428,0.065859999332428,6637,"2025_01_16_0013","2025_01_16_0013_ev00001_rec0","no",218403
2,0,0.306829999332428,115.895031029591,118.579480424076,2.68444939448513,0.240000000000018,0.280000000000002,0.859999999999972,108.544992527094,8.84118988799148,14.7746128285691,-105.861008297411,0.306829999332428,0.306589999332428,30683,"2025_01_16_0013","2025_01_16_0013_ev00002_rec0","no",218404
3,0,0.410449999332428,111.629580476899,114.993254679489,3.36367420258948,0.0600000000000045,13.4,20.1,112.645592447822,4.86205489055493,6.57505261664591,64.666562461107,0.410159999332428,0.410069999332428,41045,"2025_01_16_0013","2025_01_16_0013_ev00003_rec0","no",218405
4,0,0.602589999332428,124.548797743284,129.786797297371,5.2379995540867,0.0900000000000345,0.190000000000023,0,118.891095572858,5.46516663713529,6.7184439683655,-134.702972431297,0.602589999332428,0.602099999332428,60259,"2025_01_16_0013","2025_01_16_0013_ev00004_rec0","no",218406
5,0,0.631489999332428,118.313778860891,124.746161145954,6.43238228506253,0.0499999999999945,0.149999999999983,1.01999999999991,117.055539865242,4.50020805449272,4.79469833375663,-15.3066030483635,0.631389999332428,0.631339999332428,63149,"2025_01_16_0013","2025_01_16_0013_ev00005_rec0","no",218407
6,0,0.680959999332428,118.036718023709,132.490372030686,14.4536540069775,1.85999999999997,31.09,30,119.918472377846,12.1065183345383,32.0385695742055,359.230457327556,0.677349999332428,0.675199999332428,68096,"2025_01_16_0013","2025_01_16_0013_ev00006_rec0","no",218408
7,0,0.694719999332428,127.570231243024,131.857804815942,4.2875735729186,0.159999999999938,0.099999999999989,0,-24319.0805848017,24447.9759549143,84985.0403147914,-88.1646435918035,0.694399999332428,0.694219999332428,69472,"2025_01_16_0013","2025_01_16_0013_ev00007_rec0","no",218409
8,0,0.769289999332428,119.785848455915,127.021734735171,7.23588627925574,0.0899999999999235,1.12000000000001,2.25000000000009,119.768127078476,4.87998680750802,3.7848794695285,19.5163078169993,0.768729999332428,0.768509999332428,76929,"2025_01_16_0013","2025_01_16_0013_ev00008_rec0","no",218410
9,0,0.820879999332428,126.389953499202,130.036461072192,3.64650757299034,0.059999999999949,0.149999999999983,0,119.796402470041,7.59488090600069,3.79916200690556,-168.568493271864,0.820809999332428,0.820699999332428,82088,"2025_01_16_0013","2025_01_16_0013_ev00009_rec0","no",218411
10,0,0.911529999332428,121.264649535194,126.844784309162,5.58013477396825,0.00999999999995449,0.04000000000004,0,117.314473410727,5.80901835795209,3.77134175154129,-95.5318776796461,0.911379999332428,0.911199999332428,91153,"2025_01_16_0013","2025_01_16_0013_ev00010_rec0","no",218412
11,0,0.933509999332428,119.131373255258,123.974610851721,4.84323759646271,0.02000000000002,0.199999999999978,0,114.623437006445,5.46725905963885,4.0555008309209,-111.869509806569,0.933289999332428,0.933059999332428,93351,"2025_01_16_0013","2025_01_16_0013_ev00011_rec0","no",218413
12,0,1.21420999933243,117.084175752855,120.329407121739,3.24523136888392,0.0100000000000655,13.97,13.22,158784.668386474,-158674.402477084,261501.811643684,69.0140863022359,1.21405999933243,1.21403999933243,121421,"2025_01_16_0013","2025_01_16_0013_ev00012_rec0","no",218414
13,0,1.23503999933243,112.09225613505,130.032390367849,17.9401342327988,0.51000000000001,26.1100000000001,30,112.38285829682,18.563693341847,31.3099400500799,401.863088703095,1.23297999933243,1.23209999933243,123504,"2025_01_16_0013","2025_01_16_0013_ev00013_rec0","no",218415
14,0,1.30869999933243,115.821306248012,121.012432969184,5.19112672117205,0.310000000000032,3.83,4.03999999999982,115.365915328781,9.23290717989155,2.97674380007709,19.6626732787928,1.30803999933243,1.30763999933243,130870,"2025_01_16_0013","2025_01_16_0013_ev00014_rec0","no",218416
15,0,1.34054999933243,114.084182876021,118.859741024644,4.77555814862339,0.199999999999978,30.0500000000001,30,12715.776411439,-12603.6942204687,320903.466463362,-41.3804319621462,1.34047999933243,1.34022999933243,134055,"2025_01_16_0013","2025_01_16_0013_ev00015_rec0","no",218417
16,0,1.41029999933243,115.799887486881,125.012105577243,9.2122180903614,0.0500000000001055,0.08000000000008,0,113.928615989942,4.46561706009598,2.99498922924409,-41.9007496356361,1.41020999933243,1.41001999933243,141030,"2025_01_16_0013","2025_01_16_0013_ev00016_rec0","no",218418
17,0,1.46683999933243,114.243507454593,120.313349172706,6.069841718113,0.0500000000001055,29.1599999999999,24.1499999999999,47792.8440616211,-47680.2084567436,298796.305241832,24.1388745140793,1.46673999933243,1.46668999933243,146684,"2025_01_16_0013","2025_01_16_0013_ev00017_rec0","no",218419
18,0,1.54194999933243,118.021591556986,126.521586095572,8.49999453858544,0.129999999999963,0.350000000000072,0.680000000000014,117.926262185987,5.57564314577879,1.25811872482524,6.25010270173531,1.54175999933243,1.54153999933243,154195,"2025_01_16_0013","2025_01_16_0013_ev00018_rec0","no",218420
19,0,1.58980999933243,116.922207982904,124.162713012444,7.2405050295397,0.229999999999952,0.390000000000112,0.680000000000014,106.819267247197,13.192583718633,21.4390083430129,-88.3890049963363,1.58969999933243,1.58940999933243,158981,"2025_01_16_0013","2025_01_16_0013_ev00019_rec0","no",218421
20,0,1.71765999933243,113.110418344263,115.248219819938,2.13780147567508,0.290000000000123,30.2900000000001,27.96,23386.5972109553,-23276.0848326972,192045.261326071,-22.2195607669448,1.71765999933243,1.71733999933243,171766,"2025_01_16_0013","2025_01_16_0013_ev00020_rec0","no",218422
21,0,1.89999999933243,110.836522722337,115.852521640847,5.01599891850994,0.240000000000018,30.3100000000001,30,98078.7958031856,-97971.4563507798,889088.441943387,-54.0149993341863,1.89989999933243,1.89965999933243,190000,"2025_01_16_0013","2025_01_16_0013_ev00021_rec0","no",218423
22,0,2.10412999933243,116.19836137088,121.04755879132,4.84919742043965,0.219999999999665,0.960000000000072,1.50000000000006,111.885572807982,7.75458904551673,6.26657120203842,-80.0980120451108,2.10405999933243,2.10383999933243,210413,"2025_01_16_0013","2025_01_16_0013_ev00022_rec0","no",218424
23,0,2.31696999933243,112.894500029794,119.302407758045,6.40790772825072,0.249999999999861,0.589999999999868,0.79000000000029,111.268573256194,6.85729959081313,1.47124768840864,-37.3880453738377,2.31691999933243,2.31660999933243,231697,"2025_01_16_0013","2025_01_16_0013_ev00023_rec0","no",218425
24,0,2.36375999933243,116.337237648673,128.278694868968,11.9414572202947,2.00999999999985,4.50999999999979,5.80000000000025,115.656406321875,9.88287309975819,8.77119769901596,86.1643960542622,2.36241999933243,2.35972999933243,236376,"2025_01_16_0013","2025_01_16_0013_ev00024_rec0","no",218426
25,0,2.46774999933243,114.978209229436,120.020581213527,5.04237198409065,0.319999999999876,0.729999999999897,1.17000000000012,110.344965521713,8.1130165404301,5.2900057846749,-93.4537128173952,2.46713999933243,2.46676999933243,246775,"2025_01_16_0013","2025_01_16_0013_ev00025_rec0","no",218427
26,0,2.51311999933243,110.743478763806,115.156237689935,4.41275892612859,0.0999999999997669,1.14999999999998,1.17000000000012,88.1198931025897,28.895635153984,6.6680948643487,-487.762784718047,2.51296999933243,2.51286999933243,251312,"2025_01_16_0013","2025_01_16_0013_ev00026_rec0","no",218428
27,0,2.71611999933243,112.482445115348,166.488007679688,54.0055625643395,0.749999999999584,15.93,29.0300000000001,129.5647634363,29.9489624499885,12.4320031902144,957.553116391539,2.71447999933243,2.71365999933243,271612,"2025_01_16_0013","2025_01_16_0013_ev00027_rec0","no",218429
28,0,2.81249999933243,121.565403650254,123.983561451388,2.41815780113403,0.239999999999796,0.190000000000357,0,112.445113949352,7.406790357474,24.0199621667023,-145.77043007638,2.81231999933243,2.81204999933243,281250,"2025_01_16_0013","2025_01_16_0013_ev00028_rec0","no",218430
29,0,2.84539999933243,117.141595968601,121.21608867078,4.0744927021793,0.0700000000000145,0.119999999999898,0,109.811513752166,8.73663562714442,25.7506161122876,-64.126376131465,2.84533999933243,2.84511999933243,284540,"2025_01_16_0013","2025_01_16_0013_ev00029_rec0","no",218431
30,0,2.90533999933243,114.227878576997,124.769748943789,10.5418703667922,4.1500000000001,16.8499999999998,16.6499999999998,-260.106081227738,382.953807442331,1342.78033438706,213.208814783987,2.89874999933243,2.89450999933243,290534,"2025_01_16_0013","2025_01_16_0013_ev00030_rec0","no",218432
31,0,2.96022999933243,114.695603977474,119.766670089319,5.0710661118454,0.08000000000008,0.420000000000087,1.06000000000028,113.773783991573,3.68034178936639,3.86353559712179,-12.4484873341068,2.96010999933243,2.95999999933243,296023,"2025_01_16_0013","2025_01_16_0013_ev00031_rec0","no",218433
32,0,3.25128999933243,113.746669783876,137.965944090501,24.2192743066248,1.36000000000003,10.0699999999998,19.1299999999996,121.178107078267,11.8762569732184,9.33216042644317,355.943215986405,3.25097999933243,3.24938999933243,325129,"2025_01_16_0013","2025_01_16_0013_ev00032_rec0","no",218434
33,0,3.27963999933243,121.660976372656,124.049323256182,2.38834688352615,0.119999999999898,0.519999999999854,0.920000000000254,112.154661281686,11.0285375250327,15.4159927311018,-139.137429415698,3.27963999933243,3.27942999933243,327964,"2025_01_16_0013","2025_01_16_0013_ev00033_rec0","no",218435
34,0,3.34983999933243,109.110094506624,113.209568457174,4.09947395055055,0.059999999999949,12.8900000000001,29.9999999999998,111.046006113293,4.4534535735073,3.27252271883231,78.2547896485702,3.34897999933243,3.34891999933243,334984,"2025_01_16_0013","2025_01_16_0013_ev00034_rec0","no",218436
35,0,3.42085999933243,115.690887485597,122.640190952323,6.94930346672614,0.179999999999847,0.220000000000109,0,103.124222717054,12.5518612363411,23.3099415937589,-164.597462621531,3.42085999933243,3.42061999933243,342086,"2025_01_16_0013","2025_01_16_0013_ev00035_rec0","no",218437
36,0,3.46203999933243,107.433214476168,130.163853180057,22.7306387038885,3.41999999999976,29.62,29.9999999999998,116.606966053267,10.8563345605283,15.506901182355,514.46157530405,3.45942999933243,3.45540999933243,346204,"2025_01_16_0013","2025_01_16_0013_ev00036_rec0","no",218438
37,0,3.51030999933243,115.687675693749,118.618980084012,2.93130439026305,0.190000000000357,1.00999999999996,0.889999999999613,111.597239537487,7.18293880442655,2.70984789738057,-102.027050775012,3.51016999933243,3.50994999933243,351031,"2025_01_16_0013","2025_01_16_0013_ev00037_rec0","no",218439
38,0,3.59776999933243,110.771028191273,113.081124149522,2.31009595824872,0.100000000000211,0.480000000000036,0.310000000000255,-27976.8391246067,28088.5069265502,206005.393727113,-32.7930854797695,3.59760999933243,3.59721999933243,359777,"2025_01_16_0013","2025_01_16_0013_ev00038_rec0","no",218440
39,0,3.61057999933243,113.116936982081,115.213128639443,2.09619165736268,0.0199999999996869,0.159999999999716,0.269999999999992,108.789779957021,5.65514589564644,2.65314620462877,-114.621715989944,3.61050999933243,3.61048999933243,361058,"2025_01_16_0013","2025_01_16_0013_ev00039_rec0","no",218441
40,0,3.65015999933243,106.16159516546,110.368788685714,4.20719352025394,0.500000000000167,30.43,29.9999999999998,109.173716900599,5.19170974763375,5.25844512077997,120.783156713131,3.65012999933243,3.64962999933243,365016,"2025_01_16_0013","2025_01_16_0013_ev00040_rec0","no",218442
41,0,3.78047999933243,116.935844221913,134.617888682621,17.6820444607078,1.59999999999982,7.40000000000007,11.5699999999999,115.60489426195,13.6343046500091,21.0696437852943,199.222973501179,3.78032999933243,3.77872999933243,378048,"2025_01_16_0013","2025_01_16_0013_ev00041_rec0","no",218443
42,0,3.91515999933243,110.39571460644,113.064448000741,2.66873339430111,0.359999999999694,5.53000000000026,7.00000000000012,110.688602549383,4.03620081489405,3.97982783458675,26.4163010414952,3.91515999933243,3.91476999933243,391516,"2025_01_16_0013","2025_01_16_0013_ev00042_rec0","no",218444
43,0,4.00274999933243,111.839232640399,130.615234375,18.7760017346006,1.50999999999968,33.9699999999996,29.9999999999994,120.579716817779,11.3762175066069,18.4105402119608,499.662019403697,3.99995999933243,3.99773999933243,400275,"2025_01_16_0013","2025_01_16_0013_ev00043_rec0","no",218445
44,0,4.03957999933243,127.436567174326,132.75146484375,5.31489766942393,0.040000000000262,1.75000000000036,1.70000000000048,114.866143553526,16.8407154371083,11.5549323185303,-193.386505562055,4.03857999933243,4.03830999933243,403958,"2025_01_16_0013","2025_01_16_0013_ev00044_rec0","no",218446
45,0,4.07507999933243,119.100128702598,128.173828125,9.07369942240196,0.110000000000277,0.220000000000553,0.0999999999997669,114.744867015856,9.51494207800338,0.471908814450429,-125.080252089548,4.07501999933243,4.07481999933243,407508,"2025_01_16_0013","2025_01_16_0013_ev00045_rec0","no",218447
47,0,4.24420999933243,116.265921942078,119.628898620605,3.36297667852723,0.179999999999403,1.54000000000032,1.09999999999921,110.884017513206,10.1937836067042,2.56285205906131,-134.053825151802,4.24370999933243,4.24352999933243,424421,"2025_01_16_0013","2025_01_16_0013_ev00047_rec0","no",218449
48,0,4.32570999933243,111.694328308105,115.356437683105,3.662109375,0.0999999999997669,7.27999999999973,16.9000000000006,113.027481071744,5.11945517469312,3.09686443480882,56.2255859375,4.32570999933243,4.32560999933243,432571,"2025_01_16_0013","2025_01_16_0013_ev00048_rec0","no",218450
49,0,4.48948999933243,111.201816898761,114.440910339355,3.23909344059406,0.140000000000029,2.53000000000014,2.62000000000029,110.198626240551,5.26250431625651,3.00731401932185,-12.8475075901144,4.48916999933243,4.48901999933243,448949,"2025_01_16_0013","2025_01_16_0013_ev00049_rec0","no",218451
50,0,4.70932999933243,123.339353127055,130.92041015625,7.58105702919535,1.85000000000013,6.06000000000062,3.19999999999965,116.56721554243,13.7916803850389,8.779809941137,-72.7089063549986,4.70754999933243,4.70559999933243,470933,"2025_01_16_0013","2025_01_16_0013_ev00050_rec0","no",218452
51,0,4.73581999933243,118.172515189294,123.291007995605,5.11849280631188,0.210000000000043,1.65999999999933,1.57000000000007,111.066386345903,15.7666211054648,2.79757550707789,-167.287860530438,4.73576999933243,4.73551999933243,473582,"2025_01_16_0013","2025_01_16_0013_ev00051_rec0","no",218453
52,0,4.94046999933243,108.642570495605,112.304679870605,3.662109375,0.020000000000131,0.0299999999997524,0.00999999999962142,109.993479273813,2.31923829329934,1e-07,40.6173706054688,4.94046999933243,4.94044999933243,494047,"2025_01_16_0013","2025_01_16_0013_ev00052_rec0","no",218454
53,0,4.96724999933243,108.216533018811,112.609855651855,4.39332263304455,0.249999999999417,10.5900000000005,9.62999999999958,708031.747380727,-707930.124521842,829572.411298154,187.251533263933,4.96721999933243,4.96687999933243,496725,"2025_01_16_0013","2025_01_16_0013_ev00053_rec0","no",218455
54,0,4.99895999933243,105.291679986633,144.34814453125,39.0564645446173,11.0000000000001,26.2900000000004,17.7100000000001,-815941.263776855,816083.55610917,641014.133779011,832.633869909909,4.99624999933243,4.98497999933243,499896,"2025_01_16_0013","2025_01_16_0013_ev00054_rec0","no",218456
55,0,5.07176999933243,109.836079739108,133.36181640625,23.5257366671421,2.18999999999969,14.5000000000008,12.8399999999997,107.298995435242,28.3902578239929,13.8593277820735,372.559516611382,5.06791999933243,5.06570999933243,507177,"2025_01_16_0013","2025_01_16_0013_ev00055_rec0","no",218457
56,0,5.14300999933243,113.443801351113,116.271965026855,2.82816367574257,0.0900000000001455,0.329999999999941,0.200000000000422,109.996460550826,5.0182816904277,1.8067806893169,-93.2844105333385,5.14284999933243,5.14273999933243,514301,"2025_01_16_0013","2025_01_16_0013_ev00056_rec0","no",218458
57,0,5.18723999933243,113.839623404021,115.966789245605,2.12716584158416,0.360000000000582,5.38999999999934,4.55000000000005,107.508160706461,11.7202579542663,9.11835911699094,-82.2883530418472,5.18672999933243,5.18600999933243,518724,"2025_01_16_0013","2025_01_16_0013_ev00057_rec0","no",218459
58,0,5.24926999933243,108.258834612252,113.220207214355,4.96137260210396,0.360000000000582,2.17000000000045,2.28000000000073,105.793685335079,8.07321629688797,3.62061829842887,-43.048594257619,5.24915999933243,5.24867999933243,524927,"2025_01_16_0013","2025_01_16_0013_ev00058_rec0","no",218460
59,0,5.45902999933243,108.823863038922,111.389152526855,2.56528948793317,0.130000000000408,2.29999999999997,2.31000000000048,105.185412515197,7.24267805789647,5.0594988398163,-71.2833971080213,5.45878999933243,5.45862999933243,545903,"2025_01_16_0013","2025_01_16_0013_ev00059_rec0","no",218461
60,0,5.52396999933243,115.601182616583,123.596183776855,7.99500116027228,0.379999999999825,0.910000000000188,0,109.57807911036,6.80497966686967,9.21506684887138,-120.397526202815,5.52393999933243,5.52284999933243,552397,"2025_01_16_0013","2025_01_16_0013_ev00060_rec0","no",218462
61,0,5.69508999933243,108.28300695136,113.220207214355,4.93720026299505,0.239999999999796,0.420000000000087,0.32000000000032,104.804598703309,7.21119482903968,1.03279681444178,-96.1368523021736,5.69505999933243,5.69481999933243,569509,"2025_01_16_0013","2025_01_16_0013_ev00061_rec0","no",218463
62,0,5.79828999933243,108.802712242202,112.915031433105,4.11231919090346,0.0900000000001455,5.65999999999978,8.18999999999992,109.567855127221,3.79190519630642,5.08110979017324,43.5752490959544,5.79812999933243,5.79797999933243,579829,"2025_01_16_0013","2025_01_16_0013_ev00062_rec0","no",218464
63,0,5.97571999933243,117.927770255816,123.596183776855,5.66841352103961,0.210000000000043,0.0700000000000145,0,111.064026769315,6.88785252064975,8.27669511628931,-149.86144717377,5.97549999933243,5.97525999933243,597572,"2025_01_16_0013","2025_01_16_0013_ev00063_rec0","no",218465
64,0,6.06015999933243,113.42869363917,121.154777526855,7.72608388768565,0.529999999999475,0.659999999999883,0,110.143547525149,5.24277697519523,6.90914738403883,-60.3267405292774,6.05993999933243,6.05932999933243,606016,"2025_01_16_0013","2025_01_16_0013_ev00064_rec0","no",218466
65,0,6.10198999933243,111.023545897833,113.525382995605,2.50183709777228,0.270000000000437,1.15999999999961,1.05000000000022,109.533217654672,5.31960895061619,1.32688080600428,-36.332083220529,6.10198999933243,6.10169999933243,610199,"2025_01_16_0013","2025_01_16_0013_ev00065_rec0","no",218467
66,0,6.15380999933243,112.845535958167,115.661613464355,2.81607750618812,0.450000000000728,0.770000000000159,0.579999999999359,112.69704361096,3.67216163992961,0.512413959664129,-1.12212530457137,6.15380999933243,6.15335999933243,615381,"2025_01_16_0013","2025_01_16_0013_ev00066_rec0","no",218468
67,0,6.19019999933243,113.975592811509,119.934074401855,5.95848159034654,0.020000000000131,0.0300000000006406,0,109.141273088334,4.77697326910412,13.0121137733141,-89.0270422000695,6.19019999933243,6.19014999933243,619020,"2025_01_16_0013","2025_01_16_0013_ev00067_rec0","no",218469
68,0,6.20822999933243,110.20168636813,114.746086120605,4.54439975247524,0.119999999999898,0.150000000000539,0.91999999999981,108.971219768394,3.61483034344543,4.24417466390327,-20.470692851756,6.20805999933243,6.20793999933243,620823,"2025_01_16_0013","2025_01_16_0013_ev00068_rec0","no",218470
69,0,6.32095999933243,110.521969861323,115.661613464355,5.13964360303218,0.659999999999883,0.809999999999533,0.490000000000101,108.452135144904,5.20100652553113,1.81964028704844,-50.6064084496827,6.32085999933243,6.32019999933243,632096,"2025_01_16_0013","2025_01_16_0013_ev00069_rec0","no",218471
70,0,6.56795999933243,114.407673373081,117.187492370605,2.77981899752476,0.0299999999997524,0.0700000000000145,0.420000000000087,108.467479949634,7.15151802071731,16.0793192283563,-80.3495048296332,6.56778999933243,6.56773999933243,656796,"2025_01_16_0013","2025_01_16_0013_ev00070_rec0","no",218472
71,0,6.64829999933243,110.685133150308,115.356437683105,4.67130453279702,0.0300000000006406,1.06000000000073,1.24999999999975,99.1146052918675,17.0377717795058,5.04822372110687,-261.358461285582,6.64829999933243,6.64826999933243,664830,"2025_01_16_0013","2025_01_16_0013_ev00071_rec0","no",218473
72,0,6.79989999933243,113.002656162375,118.713371276855,5.71071511448019,0.339999999999563,0.190000000000801,0,108.39312538499,5.55869249215705,2.77889451436829,-122.424225759978,6.79984999933243,6.79929999933243,679990,"2025_01_16_0013","2025_01_16_0013_ev00072_rec0","no",218474
73,0,6.90378999933243,114.555728950123,120.239250183105,5.68352123298267,0.0900000000001455,0.189999999999912,0,-231295.244870921,231411.609094072,358111.173841452,-235.700006768255,6.90367999933243,6.90355999933243,690379,"2025_01_16_0013","2025_01_16_0013_ev00073_rec0","no",218475
74,0,7.13654999933243,111.905836275308,116.577140808105,4.67130453279702,0.0499999999998835,0.299999999999301,0.409999999999577,109.713205477091,5.9984471431092,0.961998553325402,-59.7865945041772,7.13654999933243,7.13641999933243,713655,"2025_01_16_0013","2025_01_16_0013_ev00074_rec0","no",218476
75,0,7.34791999933243,111.612746663613,119.934074401855,8.32132773824257,0.0499999999998835,0.0499999999998835,0,106.923587995071,5.63236142763912,7.51906541240604,-98.7531907487624,7.34788999933243,7.34779999933243,734792,"2025_01_16_0013","2025_01_16_0013_ev00075_rec0","no",218477
76,0,7.39402999933243,106.461016891026,122.070304870605,15.6092879795792,3.5400000000001,43.1700000000008,30.0000000000002,116.410538294885,4.2331196820533,1.97061565603339,496.66181660265,7.38028999933243,7.37667999933243,739403,"2025_01_16_0013","2025_01_16_0013_ev00076_rec0","no",218478
77,0,7.42126999933243,120.021699131125,125.122062683105,5.10036355198019,0.020000000000131,1.93000000000065,2.91999999999959,116.502711693811,7.30625071359412,9.68013916440444,-37.3545717152512,7.42121999933243,7.42103999933243,742127,"2025_01_16_0013","2025_01_16_0013_ev00077_rec0","no",218479
78,0,7.45493999933243,117.927770255816,120.849601745605,2.92183148978961,0.46999999999997,2.36999999999998,3.37000000000032,94.126860205037,25.8058307963988,92.5584057663528,-51.3421086981743,7.45493999933243,7.45436999933243,745494,"2025_01_16_0013","2025_01_16_0013_ev00078_rec0","no",218480
79,0,7.50485999933243,116.891381216521,126.647941589355,9.75656037283416,0.189999999999912,0.0100000000005096,0,111.7989390825,6.03201802172796,6.02752855132655,-115.383065100944,7.50473999933243,7.50447999933243,750486,"2025_01_16_0013","2025_01_16_0013_ev00079_rec0","no",218481
80,0,7.59044999933243,104.336872591831,110.473625183105,6.13675259127476,0.270000000000437,1.31000000000014,1.45999999999979,103.030323523957,5.4193585158901,3.5231088486532,-17.5492239470528,7.58975999933243,7.58899999933243,759045,"2025_01_16_0013","2025_01_16_0013_ev00080_rec0","no",218482
81,0,7.63120999933243,102.539054870605,108.337394714355,5.79833984375,0.119999999999898,17.2799999999995,16.2300000000002,106.022169866583,5.23730212230665,0.474058607594684,113.28125,7.63028999933243,7.63013999933243,763121,"2025_01_16_0013","2025_01_16_0013_ev00081_rec0","no",218483
82,0,7.71977999933243,114.637310594615,120.849601745605,6.2122911509901,1.54999999999994,0.989999999999824,0.929999999999431,112.101371347338,6.07968652109275,4.06047476926799,-50.6937159170019,7.71919999933243,7.71751999933243,771978,"2025_01_16_0013","2025_01_16_0013_ev00082_rec0","no",218484
83,0,7.77760999933243,115.175145139789,117.492668151855,2.31752301206683,0.179999999999403,30.0199999999995,11.2399999999999,116.190119525449,-1.38942013731216,5.162987809678,25.3650297115816,7.77750999933243,7.77731999933243,777761,"2025_01_16_0013","2025_01_16_0013_ev00083_rec0","no",218485
84,0,7.79452999933243,113.984657438675,129.08935546875,15.1046980300752,1.16000000000049,6.80000000000014,4.27999999999962,89.4175310384287,42.0766301879443,12.8551471886051,-204.945648298358,7.79182999933243,7.79049999933243,779453,"2025_01_16_0013","2025_01_16_0013_ev00084_rec0","no",218486
85,0,7.84901999933243,101.544967424752,107.421867370605,5.87689994585396,0.16000000000016,0.229999999999286,0.48000000000048,95.0330136222107,9.24659096343182,7.69055079020954,-124.712666426555,7.84849999933243,7.84833999933243,784902,"2025_01_16_0013","2025_01_16_0013_ev00085_rec0","no",218487
86,0,7.93081999933243,104.66622071219,108.642570495605,3.97634978341584,0.210000000000043,1.64000000000009,1.17999999999974,103.259755769405,6.62915540210108,1.40958740163243,-29.7123672938583,7.93026999933243,7.93005999933243,793082,"2025_01_16_0013","2025_01_16_0013_ev00086_rec0","no",218488
87,0,7.97737999933243,107.038131487252,129.08935546875,22.0512239814985,6.99000000000005,17.4400000000015,18.1499999999986,112.952955110439,13.4548481695478,10.1324958411761,420.898567364381,7.97511999933243,7.96809999933243,797738,"2025_01_16_0013","2025_01_16_0013_ev00087_rec0","no",218489
88,0,8.08638999933243,113.510275283662,122.985832214355,9.47555693069307,1.09000000000137,11.1600000000003,5.32999999999895,112.59991513288,8.56588362857465,8.0504004066053,95.441112638417,8.07958999933243,8.07837999933243,808639,"2025_01_16_0013","2025_01_16_0013_ev00088_rec0","no",218490
89,0,8.30055999933243,113.631136979207,117.492668151855,3.86153117264851,0.479999999999592,0.619999999999621,0.349999999999184,110.125989142753,5.50115557093264,3.18313849157924,-85.8956969610536,8.30037999933243,8.29989999933243,830056,"2025_01_16_0013","2025_01_16_0013_ev00089_rec0","no",218491
90,0,8.34131999933243,104.980461120605,108.337394714355,3.35693359375,0.150000000001427,2.57000000000041,0,108.974027568838,-2.63954297071861,17.6071028162858,83.0032348632812,8.34117999933243,8.34102999933243,834132,"2025_01_16_0013","2025_01_16_0013_ev00090_rec0","no",218492
91,0,8.50500999933243,115.963767703217,118.408195495605,2.44442779238861,0.0499999999998835,0.14999999999965,0,111.215007439871,4.36127482107391,7.28703249046233,-110.97847211479,8.50481999933243,8.50462999933243,850501,"2025_01_16_0013","2025_01_16_0013_ev00091_rec0","no",218493
92,0,8.64130999933243,112.53431709214,117.187492370605,4.65317527846534,0.17000000000067,0.159999999999272,0,109.543164959676,4.47150313119606,5.90579685197831,-62.731450146968,8.64130999933243,8.64113999933243,864131,"2025_01_16_0013","2025_01_16_0013_ev00092_rec0","no",218494
93,0,8.97601999933243,117.50475432141,129.39453125,11.8897769285901,2.60000000000105,3.72999999999912,1.10000000000099,114.225490983057,8.26726720504437,14.8429888774348,30.5273403772035,8.97504999933243,8.97222999933243,897602,"2025_01_16_0013","2025_01_16_0013_ev00093_rec0","no",218495
94,0,9.04699999933243,113.921205048514,133.6669921875,19.7457871389861,2.4999999999995,38.1499999999999,29.9999999999994,124.272149010466,11.421695429339,10.1918194982277,550.348456309101,9.04119999933243,9.03866999933243,904700,"2025_01_16_0013","2025_01_16_0013_ev00094_rec0","no",218496
95,0,9.06925999933243,124.777607983882,129.39453125,4.61692326611812,0.160000000001048,0.139999999998253,1.12000000000023,-34928.2687841992,35055.110447723,110508.092364465,-80.2489811868949,9.06922999933243,9.06906999933243,906926,"2025_01_16_0013","2025_01_16_0013_ev00095_rec0","no",218497
96,0,9.10161999933243,117.492668151855,121.154777526855,3.662109375,0.0599999999995049,9.3399999999999,11.2400000000008,-3280.68259450487,3402.24767569518,14064.3915994747,13.6657717895508,9.10161999933243,9.10152999933243,910162,"2025_01_16_0013","2025_01_16_0013_ev00096_rec0","no",218498
97,0,9.15833999933243,102.233879089355,108.642570495605,6.40869140625,0.0700000000009027,33.2399999999993,29.9999999999994,105.59386521084,8.30099775025949,5.86305135777523,178.910827636719,9.15512999933243,9.15502999933243,915834,"2025_01_16_0013","2025_01_16_0013_ev00097_rec0","no",218499
98,0,9.29458999933243,116.320309705073,122.680656433105,6.36034672803218,0.209999999999155,4.51999999999941,6.94000000000017,-54229.5255017407,54350.3634276825,174236.908062343,0.407410125732596,9.29399999933243,9.29377999933243,929459,"2025_01_16_0013","2025_01_16_0013_ev00098_rec0","no",218500
99,0,9.38680999933243,116.543903841831,118.713371276855,2.16946743502476,0.0900000000001455,4.37999999999938,3.08000000000064,112.348278970622,7.64916472583504,7.23848926658674,-66.7321082388999,9.38493999933243,9.38473999933243,938681,"2025_01_16_0013","2025_01_16_0013_ev00099_rec0","no",218501
100,0,9.42290999933243,110.778800964355,119.018547058105,8.23974609375,0.420000000000087,32.2700000000005,30.0000000000011,117.690220711421,5.86530064332928,2.69664383613539,248.431397094727,9.42104999933243,9.42062999933243,942291,"2025_01_16_0013","2025_01_16_0013_ev00100_rec0","no",218502
101,0,9.57968999933243,118.099998171967,122.985832214355,4.88583404238861,0.180000000000291,0.539999999999097,0.410000000000466,114.931989944473,6.97803058851157,1.20899168457365,-84.5038536751626,9.57880999933243,9.57859999933243,957969,"2025_01_16_0013","2025_01_16_0013_ev00101_rec0","no",218503
102,0,9.61279999933243,113.507253741274,119.018547058105,5.51129331683168,0.169999999998893,0.329999999999941,0.540000000000873,111.345615176412,5.28043202936177,2.37791556611976,-51.0578873133895,9.61273999933243,9.61251999933243,961280,"2025_01_16_0013","2025_01_16_0013_ev00102_rec0","no",218504
103,0,9.70593999933243,109.820972027165,112.915031433105,3.0940594059406,0.0900000000001455,0.43999999999933,0.410000000000466,109.540305562057,7.76714135089193,0.242482148639582,-6.0503062635364,9.70590999933243,9.70581999933243,970594,"2025_01_16_0013","2025_01_16_0013_ev00103_rec0","no",218505
104,0,9.95876999933243,98.5385327480807,124.206535339355,25.6680025912748,3.91000000000119,24.6500000000012,22.8099999999998,-556279.051067344,556404.659611292,722281.98281135,597.494885749439,9.95551999933243,9.95119999933243,995877,"2025_01_16_0013","2025_01_16_0013_ev00104_rec0","no",218506
105,0,10.0362199993324,80.4686200152346,135.077834888333,54.609214873098,20.1700000000002,33.6800000000004,21.1700000000015,97.0766583913829,43.4104334769185,8.49893559620652,1922.17813029494,10.0307699993324,10.0088999993324,1003622,"2025_01_16_0013","2025_01_16_0013_ev00105_rec0","no",218507
106,0,10.0867699993324,109.267806251822,128.917028590243,19.6492223384211,8.07000000000002,13.1200000000007,9.86999999999938,97.0956785920264,32.04068338283,19.7649107555273,261.949236762951,10.0858699993324,10.0757999993324,1008677,"2025_01_16_0013","2025_01_16_0013_ev00106_rec0","no",218508
107,0,10.2118499993324,113.243649783459,117.38286246549,4.13921268203092,0.220000000000553,0.0799999999987477,0,109.115612308728,4.87052439565916,2.35107035190659,-112.548276370355,10.2117799993324,10.2114699993324,1021185,"2025_01_16_0013","2025_01_16_0013_ev00107_rec0","no",218509
108,0,10.3077699993324,106.611979039652,113.547713669373,6.93573462972019,0.0200000000010192,0.450000000000728,0.939999999999941,99.6789048172854,10.7310343773591,7.72434438572534,-125.827860112558,10.3076799993324,10.3074599993324,1030777,"2025_01_16_0013","2025_01_16_0013_ev00108_rec0","no",218510
109,0,10.5694999993324,125.410300423984,134.780560239396,9.37025981541183,1.39000000000067,1.35000000000041,0,-35655.9512061078,35778.7465908529,347706.082814556,-124.963346835828,10.5694099993324,10.5675099993324,1056950,"2025_01_16_0013","2025_01_16_0013_ev00109_rec0","no",218511
110,0,10.5887999993324,122.332809408964,125.62209205408,3.28928264511586,0.0200000000010192,0.00999999999962142,0,96.5852336123337,25.9167290755557,92.4573687161632,-108.133788925964,10.5886899993324,10.5886699993324,1058880,"2025_01_16_0013","2025_01_16_0013_ev00110_rec0","no",218512
111,0,10.6247299993324,117.503259602902,123.304722567018,5.80146296411628,0.0499999999998835,0.160000000001048,0,-94651.6002569493,94769.5704279257,301371.463097466,-126.33873325772,10.6245999993324,10.6245199993324,1062473,"2025_01_16_0013","2025_01_16_0013_ev00111_rec0","no",218513
112,0,10.6778999993324,103.985832694612,127.1030892912,23.1172565965876,6.14999999999988,37.8499999999988,29.9999999999994,117.459521006153,7.09042822866492,18.1666509395854,642.29922713676,10.6744499993324,10.6680999993324,1067790,"2025_01_16_0013","2025_01_16_0013_ev00112_rec0","no",218514
113,0,10.7115399993324,116.607505835452,123.808982159277,7.20147632382513,0.0800000000005241,0.00999999999962142,0,111.502858724561,6.47250235934149,18.5316547671384,-56.448776461068,10.7115099993324,10.7113999993324,1071154,"2025_01_16_0013","2025_01_16_0013_ev00113_rec0","no",218515
114,0,10.7677299993324,115.276649443774,118.398045475108,3.12139603133451,0.0499999999998835,10.23,9.55000000000084,321507.140193936,-321397.776559331,434066.214636379,156.22733138464,10.7676099993324,10.7675599993324,1076773,"2025_01_16_0013","2025_01_16_0013_ev00114_rec0","no",218516
115,0,10.7973799993324,111.380842174009,130.565495830464,19.1846536564554,10.84,35.99,30.0000000000011,113.128433077477,20.1176295210876,25.9775539014946,632.697069086592,10.7946799993324,10.7837399993324,1079738,"2025_01_16_0013","2025_01_16_0013_ev00115_rec0","no",218517
116,0,10.8489999993324,117.007437509688,126.612787474153,9.60534996446445,0.0499999999998835,0.0699999999991263,0.300000000001077,112.867881228262,7.88532811859942,12.1158941748635,-35.8670015673275,10.8489499993324,10.8488499993324,1084900,"2025_01_16_0013","2025_01_16_0013_ev00116_rec0","no",218518
117,0,10.8945299993324,109.534853452032,113.485597186179,3.95074373414732,0.289999999999679,13.2499999999993,15.6499999999991,107.886013425715,7.5603955250385,17.6267418195159,61.6259406054555,10.8945299993324,10.8942399993324,1089453,"2025_01_16_0013","2025_01_16_0013_ev00117_rec0","no",218519
118,0,11.1203599993324,114.682124751864,118.181696090702,3.49957133883768,0.249999999999417,0.410000000000466,0,111.459991544631,4.25355969926577,4.54491549535857,-76.2030115880534,11.1203399993324,11.1198499993324,1112036,"2025_01_16_0013","2025_01_16_0013_ev00118_rec0","no",218520
119,0,11.1717599993324,112.433979431591,115.618738566601,3.18475913501044,0.109999999999388,0.310000000000699,1.21000000000038,108.057534166853,6.10105626001818,12.8815270853475,-59.9486452179299,11.1717599993324,11.1716499993324,1117176,"2025_01_16_0013","2025_01_16_0013_ev00119_rec0","no",218521
120,0,11.2385899993324,116.797844307956,127.526250437268,10.7284061293112,0.220000000000553,7.65999999999956,9.61000000000034,107.785429529636,17.5102577445358,32.1298537126895,96.2413579937524,11.2368899993324,11.2343999993324,1123859,"2025_01_16_0013","2025_01_16_0013_ev00120_rec0","no",218522
121,0,11.4523399993324,113.236243780275,117.297297484748,4.0610537044726,0.0499999999998835,0.17000000000067,0,110.580587355035,3.50538558204603,4.08611372428307,-64.9863040326794,11.4522299993324,11.4521499993324,1145234,"2025_01_16_0013","2025_01_16_0013_ev00121_rec0","no",218523
122,0,11.5369599993324,112.111004786951,138.995864850809,26.8848600638586,0.58999999999898,8.63999999999976,14.17,109.268526939139,21.6010914547722,27.0468845159668,326.936348917774,11.5362999993324,11.5356899993324,1153696,"2025_01_16_0013","2025_01_16_0013_ev00122_rec0","no",218524
123,0,11.6170099993324,115.258176285408,118.045390918624,2.78721463321607,0.040000000000262,0.629999999999242,0.46999999999997,111.408768515234,6.27650713518366,1.87284909508563,-102.060463296702,11.6167299993324,11.6166599993324,1161701,"2025_01_16_0013","2025_01_16_0013_ev00123_rec0","no",218525
124,0,11.6828499993324,107.71468543525,130.671803721379,22.9571182861292,1.64000000000009,18.4499999999996,30.0000000000011,115.735811184867,15.2874122416936,10.7921732538024,450.292102600705,11.6815099993324,11.6795299993324,1168285,"2025_01_16_0013","2025_01_16_0013_ev00124_rec0","no",218526
125,0,11.7516099993324,114.359029505816,117.06032416449,2.7012946586741,0.0900000000001455,0.0300000000006406,0,-29044.8357706272,29158.8184382536,102381.438140298,-139.237535525553,11.7516099993324,11.7515199993324,1175161,"2025_01_16_0013","2025_01_16_0013_ev00125_rec0","no",218527
126,0,11.7921699993324,107.603605493169,111.300222568189,3.69661707502027,0.0699999999991263,28.1500000000001,25.9600000000013,156251.665672515,-156148.560472748,691036.090790576,-32.9303633785673,11.7921199993324,11.7920399993324,1179217,"2025_01_16_0013","2025_01_16_0013_ev00126_rec0","no",218528
127,0,11.8559799993324,107.182120064792,109.625708140993,2.44358807620178,0.040000000000262,4.59999999999994,6.12000000000101,107.579718105343,3.57354678131435,3.13031039805583,23.2032540753406,11.8559799993324,11.8559399993324,1185598,"2025_01_16_0013","2025_01_16_0013_ev00127_rec0","no",218529
128,0,11.9208499993324,111.272256009016,116.331064672288,5.05880866327212,0.109999999999388,0.0700000000009027,0,108.016757619436,4.75845687585112,7.02210974042741,-64.2881752306982,11.9208199993324,11.9206399993324,1192085,"2025_01_16_0013","2025_01_16_0013_ev00128_rec0","no",218530
129,0,12.3162099993324,113.774260095176,118.695433534858,4.92117343968245,8.16000000000017,37.21,29.9999999999994,-16828.043063328,16946.893836586,174539.193176328,170.830826749302,12.3153499993324,12.3056599993324,1231621,"2025_01_16_0013","2025_01_16_0013_ev00129_rec0","no",218531
130,0,12.3414099993324,115.552539244066,120.013646368717,4.46110712465187,0.0900000000001455,0.0200000000010192,0,-10192.8253477279,10308.3463226953,275352.508870126,-17.3387802476261,12.3413799993324,12.3412499993324,1234141,"2025_01_16_0013","2025_01_16_0013_ev00130_rec0","no",218532
131,0,12.5319699993324,118.902304138751,124.00284702702,5.10054288826976,0.270000000000437,0.199999999999534,0,114.476199706025,6.1093549059449,3.24761664885943,-111.893585619375,12.5319599993324,12.5316899993324,1253197,"2025_01_16_0013","2025_01_16_0013_ev00131_rec0","no",218533
132,0,12.5866399993324,110.784662277019,130.48012298744,19.6954607104215,1.92000000000014,14.9699999999999,19.1800000000004,117.012195668322,12.4506380115864,7.78665875144465,372.032989692443,12.5827599993324,12.5807299993324,1258664,"2025_01_16_0013","2025_01_16_0013_ev00132_rec0","no",218534
133,0,12.6158699993324,118.78592732791,125.708399463796,6.9224721358856,0.140000000000029,0.159999999999272,0,113.504149684377,6.0230459623849,3.5515016095433,-135.960035902434,12.6157699993324,12.6156099993324,1261587,"2025_01_16_0013","2025_01_16_0013_ev00133_rec0","no",218535
134,0,12.6419299993324,113.958141628327,117.456665978823,3.49852435049614,0.0600000000012813,1.73000000000023,2.76000000000032,101.85116955094,14.5822487931024,32.7209884186935,-76.4913732309124,12.6418999993324,12.6418399993324,1264193,"2025_01_16_0013","2025_01_16_0013_ev00134_rec0","no",218536
135,0,12.7266899993324,111.476828134264,113.551603614242,2.07477547997767,0.0399999999984857,0.270000000000437,0.259999999999039,109.415178990325,3.02114110797507,3.91498467769019,-49.0847134459543,12.7265299993324,12.7264199993324,1272669,"2025_01_16_0013","2025_01_16_0013_ev00135_rec0","no",218537
136,0,12.9785599993324,110.559505166496,113.095206451511,2.53570128501508,0.260000000000815,1.36000000000003,1.28999999999913,108.650215194855,5.98062133249144,1.73684875369147,-45.3504704730522,12.9785599993324,12.9782199993324,1297856,"2025_01_16_0013","2025_01_16_0013_ev00136_rec0","no",218538
137,0,13.0669299993324,110.841886137307,128.44293754374,17.6010514064335,2.95999999999985,2.95000000000023,4.63000000000058,115.535937838367,11.5853164230621,2.50027376250819,218.047210687443,13.0656199993324,13.0617299993324,1306693,"2025_01_16_0013","2025_01_16_0013_ev00137_rec0","no",218539
138,0,13.1788299993324,116.873596203444,120.909373476366,4.03577727292215,0.040000000000262,30.1600000000004,29.9999999999994,17858.5558201909,-17743.7031563931,208547.441287743,-21.4035350846416,13.1786799993324,13.1786099993324,1317883,"2025_01_16_0013","2025_01_16_0013_ev00138_rec0","no",218540
139,0,13.2131199993324,117.999275061208,120.069285809404,2.07001074819527,0.20000000000131,0.210000000000932,0,108.235491986024,10.0112934345027,20.3736088392692,-134.979182121548,13.2130699993324,13.2128699993324,1321312,"2025_01_16_0013","2025_01_16_0013_ev00139_rec0","no",218541
140,0,13.2842599993324,114.760794924217,117.837698563985,3.07690363976874,0.0999999999997669,0.600000000000378,0.309999999998922,112.138796010282,4.48420373695217,1.73472778547909,-70.1758766711816,13.2837999993324,13.2834499993324,1328426,"2025_01_16_0013","2025_01_16_0013_ev00140_rec0","no",218542
141,0,13.4534099993324,115.931432561878,124.454550665313,8.5231181034345,3.48999999999933,0.560000000000116,0,114.471892244678,4.53498397013331,7.97214326723027,3.03565834230253,13.4528799993324,13.4491999993324,1345341,"2025_01_16_0013","2025_01_16_0013_ev00141_rec0","no",218543
142,0,13.5289499993324,112.559990768267,118.036240518544,5.47624975027648,0.110000000001165,13.910000000001,12.7199999999998,407907.366938531,-407801.075719373,625267.482316904,105.646197951488,13.5289499993324,13.5288399993324,1352895,"2025_01_16_0013","2025_01_16_0013_ev00142_rec0","no",218544
143,0,13.5520899993324,111.457109597517,132.212026103421,20.7549165059037,2.2000000000002,16.2499999999994,19.4899999999993,-18.7715789042035,147.681307830137,284.616249841738,345.410945308311,13.5513999993324,13.5489899993324,1355209,"2025_01_16_0013","2025_01_16_0013_ev00143_rec0","no",218545
144,0,13.6521099993324,115.005270804085,124.49389166283,9.4886208587445,0.560000000000116,18.7599999999986,17.2000000000008,101.964434884856,24.1916556576101,45.3253504542379,197.299074235706,13.6466099993324,13.6448499993324,1365211,"2025_01_16_0013","2025_01_16_0013_ev00144_rec0","no",218546
145,0,13.6868799993324,114.362757254414,118.29361138773,3.93085413331671,0.219999999998777,0.230000000000175,0.760000000001426,111.310046801899,5.09118530084576,6.27441107251423,-58.8956533414352,13.6868299993324,13.6866099993324,1368688,"2025_01_16_0013","2025_01_16_0013_ev00145_rec0","no",218547
146,0,13.8239999993324,115.619078689544,118.873775920573,3.25469723102954,0.0499999999998835,1.16999999999834,0.829999999998776,112.690098211257,5.52508089081022,2.86700869569295,-69.708322275943,13.8232099993324,13.8231099993324,1382400,"2025_01_16_0013","2025_01_16_0013_ev00146_rec0","no",218548
148,0,13.9345199993324,112.289365609081,117.006363794821,4.71699818574017,0.0199999999992428,0.43999999999933,0,109.635803695009,3.83343993316536,6.27457191903638,-55.2733264977505,13.9341399993324,13.9340199993324,1393452,"2025_01_16_0013","2025_01_16_0013_ev00148_rec0","no",218550
149,0,14.0855399993324,106.145740994992,109.505742488155,3.36000149316328,0.0599999999995049,30.2600000000002,29.9999999999994,41173.5602218262,-41067.8142740683,842671.713820656,11.5672235570453,14.0853299993324,14.0852699993324,1408554,"2025_01_16_0013","2025_01_16_0013_ev00149_rec0","no",218551
150,0,14.3902099993324,113.229494968894,119.809627412652,6.58013244375847,0.32000000000032,0.0300000000006406,0.650000000000261,108.618311844365,7.79005338265143,6.48809897617803,-85.3409659589523,14.3896799993324,14.3893099993324,1439021,"2025_01_16_0013","2025_01_16_0013_ev00150_rec0","no",218552
151,0,14.5213299993324,108.435237757371,120.474534219899,12.0392964625275,2.76999999999994,22.4299999999999,23.1000000000012,-225.813013317414,348.979208928047,772.948690934389,277.008911014257,14.5210499993324,14.5181999993324,1452133,"2025_01_16_0013","2025_01_16_0013_ev00151_rec0","no",218553
152,0,14.6939999993324,112.202164628496,117.095218115811,4.89305348731534,0.220000000000553,1.70999999999921,0,143687.514834226,-143573.189434802,608561.308019599,173.734530628121,14.6936899993324,14.6934699993324,1469400,"2025_01_16_0013","2025_01_16_0013_ev00152_rec0","no",218554
153,0,14.7296999993324,126.329493733996,134.674031899017,8.34453816502082,2.25000000000009,0.0900000000001455,0,-89037.2820610138,89163.6894019042,366004.271460613,-105.627892569892,14.7296699993324,14.7265599993324,1472970,"2025_01_16_0013","2025_01_16_0013_ev00153_rec0","no",218555
154,0,14.8258099993324,116.511618752752,121.948312163307,5.43669341055472,0.0199999999992428,0.00999999999962142,0.230000000000175,112.125753040173,6.61391351308115,6.80051919320033,-87.1258835222184,14.8258099993324,14.8257899993324,1482581,"2025_01_16_0013","2025_01_16_0013_ev00154_rec0","no",218556
155,1,26.8107360302162,113.774458625543,126.888814283243,13.1143556576998,1.70999999999921,12.6400000000011,30.0000000000011,118.624736183404,8.39355330910643,6.93572305577311,224.661887732741,26.8104260302162,26.8086360302162,14407,"2025_01_16_0013","2025_01_16_0013_ev00155_rec1","no",218557
156,1,26.9488660302162,110.177694884226,122.947725329947,12.770030445721,1.45000000000195,1.98999999999927,2.91999999999959,113.357523693733,6.77662674568151,1.97666602434113,120.895342249029,26.9486460302162,26.9470460302162,28220,"2025_01_16_0013","2025_01_16_0013_ev00156_rec1","no",218558
157,1,27.1137460302162,116.264864587615,119.105651024387,2.84078643677252,0.149999999997874,0.160000000001048,0.17000000000067,111.569407881165,5.98025379796617,4.26059301003014,-114.621916965527,27.1136660302162,27.1135160302162,44708,"2025_01_16_0013","2025_01_16_0013_ev00157_rec1","no",218559
158,1,27.1896960302162,115.065824799035,120.960930980965,5.89510618192975,0.180000000000291,30.0599999999989,30.0000000000011,29748.3424390779,-29635.7922492808,368911.041669555,-39.0585474475742,27.1896960302162,27.1895160302162,52303,"2025_01_16_0013","2025_01_16_0013_ev00158_rec1","no",218560
159,1,27.2317560302162,115.05579700096,123.440582617755,8.38478561679528,0.149999999997874,0.190000000003465,0.0599999999977285,112.689340651623,5.63705403385237,1.85470016180187,-59.6746560365812,27.2317360302162,27.2315560302162,56509,"2025_01_16_0013","2025_01_16_0013_ev00159_rec1","no",218561
160,1,27.3008860302162,117.103508326639,132.467348359888,15.3638400332492,2.44999999999962,13.6399999999988,17.2699999999999,86.8356179013995,43.3629230361845,92.1272029481332,237.666088133361,27.3006060302162,27.2980660302162,63422,"2025_01_16_0013","2025_01_16_0013_ev00160_rec1","no",218562
161,1,27.3691660302162,121.496747870114,128.136225572344,6.63947770222961,0.0499999999981071,0.00999999999962142,0,106.05100298416,15.8432496578945,30.488591273869,-160.657544279966,27.3691360302162,27.3690560302162,70250,"2025_01_16_0013","2025_01_16_0013_ev00161_rec1","no",218563
162,1,27.4532760302162,118.287167786483,124.224517478471,5.93734969198766,0.0999999999997669,0.0399999999984857,0,98.0241351205942,19.8243518703551,51.4944741995878,-156.694909289063,27.4532760302162,27.4531760302162,78661,"2025_01_16_0013","2025_01_16_0013_ev00162_rec1","no",218564
163,1,27.5156960302162,107.487746138064,111.161602946128,3.67385680806331,0.339999999997787,6.26000000000104,2.68000000000157,39362.3237149185,-39253.865574881,270814.475312408,96.4116753038115,27.5156960302162,27.5153560302162,84903,"2025_01_16_0013","2025_01_16_0013_ev00163_rec1","no",218565
164,1,27.7590460302162,114.681133014116,117.350069877418,2.66893686330273,0.249999999997641,3.54000000000099,4.25000000000253,108.084453739835,9.22850237874745,21.6483836072648,-46.912166982042,27.7590460302162,27.7587560302162,109238,"2025_01_16_0013","2025_01_16_0013_ev00164_rec1","no",218566
165,1,27.9274960302162,113.049323664227,118.053213011412,5.00388934718541,0.150000000001427,0.139999999998253,0.40000000000262,109.83225702148,5.39264334808078,6.39613210671516,-61.2811798734294,27.9274260302162,27.9271560302162,126083,"2025_01_16_0013","2025_01_16_0013_ev00165_rec1","no",218567
166,1,28.0008260302162,111.764555143367,114.780623513301,3.01606836993423,0.0800000000005241,4.23999999999936,4.71999999999895,110.675176783004,6.5799542737341,4.31820723206726,-2.23365261083136,28.0003860302162,28.0003060302162,133416,"2025_01_16_0013","2025_01_16_0013_ev00166_rec1","no",218568
167,1,28.2974560302162,121.729655741218,129.760323312777,8.03066757155956,0.0500000000016598,0.0200000000027956,0,107.181780509771,16.5152849757156,35.802688478534,-100.803098194697,28.2974560302162,28.2974060302162,163079,"2025_01_16_0013","2025_01_16_0013_ev00167_rec1","no",218569
168,1,28.4039860302162,118.063092613132,121.945721415541,3.88262880240923,0.0200000000027956,0.00999999999962142,0,113.49301794615,5.43782826166487,11.3760140736878,-79.6563969337024,28.4039860302162,28.4039660302162,173732,"2025_01_16_0013","2025_01_16_0013_ev00168_rec1","no",218570
169,1,28.6440360302162,114.883022319048,121.278677615584,6.39565529653679,0.0800000000005241,0.120000000002563,0,112.13905216049,5.1020909868653,0.970172074587292,-76.9489194515322,28.6439760302162,28.6438960302162,197737,"2025_01_16_0013","2025_01_16_0013_ev00169_rec1","no",218571
170,1,28.7875460302162,122.352175905268,129.836725158202,7.48454925293441,0.200000000003087,0.0999999999997669,0,118.575931775603,5.88826146046917,5.43988753430467,-80.3354064912899,28.7875160302162,28.7872860302162,212088,"2025_01_16_0013","2025_01_16_0013_ev00170_rec1","no",218572
171,1,28.8157660302162,120.139814231233,122.693663495832,2.55384926459935,0.0799999999969714,0.270000000000437,0,-39616.5559143144,39734.4922573743,249748.281843642,-136.750816363364,28.8155660302162,28.8154560302162,214910,"2025_01_16_0013","2025_01_16_0013_ev00171_rec1","no",218573
172,1,28.8572760302162,114.799074900327,118.904611093293,4.10553619296587,0.189999999999912,30.2499999999988,29.9999999999976,3215.85502864203,-3102.0467584825,148526.232380433,-18.8899008289053,28.8571760302162,28.8569860302162,219061,"2025_01_16_0013","2025_01_16_0013_ev00172_rec1","no",218574
173,1,28.9222160302162,118.77503401828,137.290801889739,18.5157678714596,2.06999999999979,18.1199999999997,16.9499999999978,54.7654133563012,81.1793578916853,124.681910928112,331.625238392863,28.9188460302162,28.9165560302162,225555,"2025_01_16_0013","2025_01_16_0013_ev00173_rec1","no",218575
174,1,29.0306660302162,117.81143338971,122.367278478211,4.55584508850029,0.120000000002563,0.030000000002417,0,112.570921652071,6.79514886015665,7.013546063335,-109.67000859711,29.0306660302162,29.0304860302162,236400,"2025_01_16_0013","2025_01_16_0013_ev00174_rec1","no",218576
175,1,29.0820760302162,124.098160009251,127.054842213222,2.95668220397111,3.12999999999874,1.90000000000268,2.38000000000227,115.591497169669,10.8695927733888,19.1733410402048,-80.3844267503719,29.0820460302162,29.0772160302162,241541,"2025_01_16_0013","2025_01_16_0013_ev00175_rec1","no",218577
176,1,29.1967360302162,113.650186435434,116.394307259505,2.74412082407085,0.0199999999992428,6.92000000000093,8.23000000000107,102.951875352888,14.0885629731989,44.599201075778,-13.2143164650495,29.1967360302162,29.1967160302162,253007,"2025_01_16_0013","2025_01_16_0013_ev00176_rec1","no",218578
177,1,29.2656260302162,109.972500270414,113.960554798613,3.98805452819948,0.0499999999981071,3.92000000000081,5.30000000000186,110.012062314699,4.48523375215622,4.65437875177199,24.1872592822667,29.2653460302162,29.2652960302162,259896,"2025_01_16_0013","2025_01_16_0013_ev00177_rec1","no",218579
178,1,29.3507660302162,114.466713585205,118.090219859094,3.62350627388922,0.169999999997117,0.399999999999068,0.46999999999997,111.488733799321,6.29477805776087,1.2377592352073,-81.5706948628362,29.3507660302162,29.3505860302162,268410,"2025_01_16_0013","2025_01_16_0013_ev00178_rec1","no",218580
179,1,29.7190860302162,118.917655468516,127.741760372284,8.82410490376805,6.66999999999973,23.7199999999973,19.8900000000002,-122287.059043972,122413.934036928,518900.500553972,213.223568851581,29.7165660302162,29.7096760302162,305242,"2025_01_16_0013","2025_01_16_0013_ev00179_rec1","no",218581
180,1,29.8793760302162,119.65261723808,125.746678906899,6.09406166881931,1.97000000000003,3.0399999999986,0.980000000001979,118.495018788925,5.02478740566931,2.53978685513993,-3.66584077269375,29.8785460302162,29.8731960302162,321271,"2025_01_16_0013","2025_01_16_0013_ev00180_rec1","no",218582
181,1,30.0377260302162,118.173797470877,122.698084899278,4.52428742840154,0.0399999999984857,0.0200000000027956,0.519999999998078,103.060931333895,16.9956987930667,41.796516533433,-89.3483710708402,30.0376860302162,30.0376360302162,337106,"2025_01_16_0013","2025_01_16_0013_ev00181_rec1","no",218583
182,1,30.1580560302162,118.181734848399,124.149703017628,5.9679681692286,0.0399999999984857,0.46999999999997,0,110.984567309154,6.74706735622285,16.4789057741845,-120.704757504619,30.1575260302162,30.1570060302162,349139,"2025_01_16_0013","2025_01_16_0013_ev00182_rec1","no",218584
183,1,30.2844260302162,116.356769486151,127.120586417225,10.7638169310747,3.37999999999994,12.5600000000006,12.9000000000019,-160912.382813251,161040.551279994,265330.923800954,119.169158653391,30.2824160302162,30.2779160302162,361776,"2025_01_16_0013","2025_01_16_0013_ev00183_rec1","no",218585
184,1,30.6812260302162,115.661613464355,123.596183776855,7.9345703125,0.0900000000001455,10.6900000000003,12.0000000000005,115.144958523786,8.84971362970981,12.7525862188527,100.866701126099,30.6789360302162,30.6787760302162,401456,"2025_01_16_0013","2025_01_16_0013_ev00184_rec1","no",218586
185,1,30.8000060302162,110.975201219615,115.051261901855,4.0760606822401,0.349999999997408,1.91999999999837,1.49000000000044,109.524099611099,4.66681625358856,3.28165880265475,-26.176936083501,30.7993260302162,30.7989760302162,413334,"2025_01_16_0013","2025_01_16_0013_ev00185_rec1","no",218587
186,1,30.8653160302162,113.171862536138,129.39453125,16.2226687138623,5.06999999999991,7.88000000000011,6.23000000000218,111.665523875522,11.1572957067603,15.7285698761632,150.319077165056,30.8640960302162,30.8589160302162,419865,"2025_01_16_0013","2025_01_16_0013_ev00186_rec1","no",218588
187,1,30.9560360302162,114.43184571219,117.492668151855,3.06082243966584,0.00999999999962142,1.92999999999799,2.05000000000055,110.94463015744,6.941735970983,5.04642885077326,-67.9625105149675,30.9557260302162,30.9557160302162,428937,"2025_01_16_0013","2025_01_16_0013_ev00187_rec1","no",218589
188,1,31.1598360302162,113.21114258719,116.271965026855,3.06082243966584,0.220000000002329,4.14999999999921,3.89999999999802,112.243109530186,4.2895747732663,5.46608230687298,-1.39281017945545,31.1587060302162,31.1584860302162,449317,"2025_01_16_0013","2025_01_16_0013_ev00188_rec1","no",218590
189,1,31.3480160302162,115.283920665779,121.765129089355,6.48120842357673,0.419999999998311,1.57000000000096,0.00999999999962142,114.334707471661,7.43550738153869,1e-07,-25.0219817208772,31.3471160302162,31.3464360302162,468135,"2025_01_16_0013","2025_01_16_0013_ev00189_rec1","no",218591
190,1,31.3775560302162,116.441171400618,126.647941589355,10.2067701887376,0.410000000002242,0.0400000000020384,0,-508887.450893256,509007.231417043,1139067.45666333,-100.288315574722,31.3775560302162,31.3770260302162,471089,"2025_01_16_0013","2025_01_16_0013_ev00190_rec1","no",218592
191,1,31.4582760302162,111.649005172276,130.615234375,18.9662292027237,3.49999999999895,13.3700000000019,15.4299999999985,117.647201003265,9.54968697086783,6.89864211968238,333.377249772478,31.4540060302162,31.4504260302162,479161,"2025_01_16_0013","2025_01_16_0013_ev00191_rec1","no",218593
192,1,31.5414960302162,114.280768592759,129.08935546875,14.8085868759911,3.13999999999837,43.2600000000001,29.9999999999976,124.555912255974,4.51393611952285,5.80534514349942,471.281313687315,31.5303560302162,31.5271760302162,487483,"2025_01_16_0013","2025_01_16_0013_ev00192_rec1","no",218594
193,1,31.6106260302162,121.571750527561,124.816886901855,3.24513637429416,0.11999999999901,0.139999999998253,0,113.092851230083,9.44645523433941,15.7733840025553,-127.514819026985,31.6105860302162,31.6104560302162,494396,"2025_01_16_0013","2025_01_16_0013_ev00193_rec1","no",218595
194,1,31.6641060302162,113.767106386695,151.9775390625,38.2104326758054,11.1100000000022,22.9099999999995,14.5700000000026,-809340.69685687,809494.256012777,459655.541037888,638.675358529421,31.6625660302162,31.6510760302162,499744,"2025_01_16_0013","2025_01_16_0013_ev00194_rec1","no",218596
195,1,31.7152860302162,99.2214013279074,109.558097839355,10.336696511448,1.01000000000084,13.1300000000003,9.93000000000066,565695.782847405,-565603.17203464,537979.869571128,285.752920993012,31.7145660302162,31.7131560302162,504862,"2025_01_16_0013","2025_01_16_0013_ev00195_rec1","no",218597
196,1,31.7427060302162,108.808755326979,131.53076171875,22.7220063917708,2.06000000000017,9.89000000000218,9.85000000000014,116.289473307219,14.7920766502626,3.55396227776649,372.837686293196,31.7390560302162,31.7369460302162,507604,"2025_01_16_0013","2025_01_16_0013_ev00196_rec1","no",218598
197,1,31.8123260302162,117.323461778093,120.849601745605,3.52613996751238,0.109999999999388,1.69999999999959,2.17000000000311,113.894301983624,6.27337339023614,7.72310864854729,-54.2814349183941,31.8121660302162,31.8120560302162,514566,"2025_01_16_0013","2025_01_16_0013_ev00197_rec1","no",218599
198,1,31.8550260302162,116.876273504578,121.154777526855,4.27850402227723,0.0400000000020384,8.49999999999795,7.9899999999995,108.531989657321,15.3883976943451,18.2317430715995,-14.8190175311399,31.8534460302162,31.8534060302162,518836,"2025_01_16_0013","2025_01_16_0013_ev00198_rec1","no",218600
199,1,31.8925460302162,111.694328308105,115.051261901855,3.35693359375,0.0299999999988643,30.0100000000008,30.0000000000011,115.337433395015,3.2479665220449,5.42795261848878,126.951599121094,31.8925460302162,31.8925160302162,522588,"2025_01_16_0013","2025_01_16_0013_ev00199_rec1","no",218601
200,1,32.0590460302162,112.470864701979,115.966789245605,3.49592454362623,0.030000000002417,0.350000000004513,0.450000000000728,111.434113479533,3.57901060898604,1.06022415293324,-26.9953510548811,32.0590060302162,32.0589460302162,539238,"2025_01_16_0013","2025_01_16_0013_ev00200_rec1","no",218602
201,1,32.1457860302162,110.488732895049,113.220207214355,2.73147431930693,0.309999999998922,1.40999999999991,1.68000000000035,110.297570747581,4.64643751426101,1.24176280257485,1.44645766456514,32.1457860302162,32.1454760302162,547912,"2025_01_16_0013","2025_01_16_0013_ev00201_rec1","no",218603
202,1,32.1734460302162,113.425672096781,121.154777526855,7.72910543007426,0.199999999999534,0.279999999996505,0.419999999998311,111.940345524439,4.98731106655816,3.03688347332274,-28.1994659121674,32.1732960302162,32.1727860302162,550678,"2025_01_16_0013","2025_01_16_0013_ev00202_rec1","no",218604
203,1,32.2852560302162,110.836210269739,113.830558776855,2.99434850711634,0.180000000000291,1.68000000000035,1.8400000000014,109.26906287545,5.09222095453198,2.85810852150678,-31.5100641533878,32.2852260302162,32.2849660302162,561859,"2025_01_16_0013","2025_01_16_0013_ev00203_rec1","no",218605
204,1,32.3330760302162,114.516448899071,117.492668151855,2.97621925278466,0.0399999999984857,0.0500000000016598,0,110.221276152881,3.44600672591197,6.90868907440719,-105.18378833733,32.3328660302162,32.3327660302162,566641,"2025_01_16_0013","2025_01_16_0013_ev00204_rec1","no",218606
205,1,32.4667860302162,122.29087769159,135.19287109375,12.90199340216,1.51000000000323,17.949999999999,17.6500000000033,44.7046018365712,88.1545974503905,259.593251850046,225.418231620789,32.4614960302162,32.4599160302162,580012,"2025_01_16_0013","2025_01_16_0013_ev00205_rec1","no",218607
206,1,32.7028260302162,111.872599309034,127.563468933105,15.6908696240718,3.39999999999918,19.8200000000028,20.7699999999988,-26128.6755498154,26251.8121024165,99903.9224081766,291.017304397432,32.6979660302162,32.6945360302162,603616,"2025_01_16_0013","2025_01_16_0013_ev00206_rec1","no",218608
207,1,32.9213660302162,115.178166682177,125.732414245605,10.5542475634282,1.48000000000081,1.31999999999977,0,106.770376015173,10.4885092347305,27.2772618814304,-57.0419915831914,32.9213360302162,32.9197860302162,625470,"2025_01_16_0013","2025_01_16_0013_ev00207_rec1","no",218609
208,1,32.9567460302162,114.214294660209,119.018547058105,4.80425239789604,0.0799999999969714,0.889999999998281,0.630000000001019,111.880475179319,6.33261102897397,1.45494091621464,-58.7599801545097,32.9560560302162,32.9559760302162,629008,"2025_01_16_0013","2025_01_16_0013_ev00208_rec1","no",218610
209,1,33.0425960302162,119.801126536756,127.868644714355,8.06751817759901,0.160000000001048,0.0100000000031741,0.0799999999969714,114.653075659283,8.33001699047181,3.52798968957278,-123.373684185519,33.0425160302162,33.0423160302162,637593,"2025_01_16_0013","2025_01_16_0013_ev00209_rec1","no",218611
210,1,33.0921160302162,115.078455783353,126.037590026855,10.9591342435025,0.0799999999969714,0.129999999998631,0.86000000000297,110.414655058202,9.39984540870757,11.4496074303927,-39.0023712301726,33.0920260302162,33.0919460302162,642545,"2025_01_16_0013","2025_01_16_0013_ev00210_rec1","no",218612
211,1,33.1271860302162,113.371284333786,119.323722839355,5.9524385055693,0.279999999996505,1.14999999999554,0.459999999996796,110.858377429767,6.66054425403695,1.34456267928664,-63.1467158251471,33.1264860302162,33.1262060302162,646052,"2025_01_16_0013","2025_01_16_0013_ev00211_rec1","no",218613
212,1,33.2117660302162,111.694328308105,114.746086120605,3.0517578125,0.0100000000031741,30.3699999999978,30.0000000000011,113.222243193865,3.61197042368119,3.73584008466973,62.0452880859375,33.2113760302162,33.2113660302162,654510,"2025_01_16_0013","2025_01_16_0013_ev00212_rec1","no",218614
213,1,33.3414760302162,109.252922058105,113.220207214355,3.96728515625,0.219999999998777,2.45999999999924,3.54000000000099,110.634663527303,5.55342119711912,0.85082482075917,49.1317749023438,33.3411460302162,33.3408960302162,667481,"2025_01_16_0013","2025_01_16_0013_ev00213_rec1","no",218615
214,1,33.4316960302162,110.162406317078,135.80322265625,25.6408163391718,5.36999999999921,12.1300000000062,14.4499999999965,-44015.5129997093,44141.8132048254,95896.6097939872,344.130468038427,33.4316660302162,33.4262560302162,676503,"2025_01_16_0013","2025_01_16_0013_ev00214_rec1","no",218616
215,1,33.4709360302162,115.181188224566,117.492668151855,2.31147992728961,0.060000000004834,1.70999999999566,1.78999999999974,113.903267147619,6.58340014480515,1.58915913077025,-25.9598533705907,33.4708960302162,33.4704660302162,680427,"2025_01_16_0013","2025_01_16_0013_ev00215_rec1","no",218617
216,1,33.8757960302162,108.144016001484,113.220207214355,5.07619121287129,0.180000000000291,0.540000000000873,0.500000000002387,107.895591529109,5.05528002313995,0.574846837089189,-3.42596072961767,33.8757360302162,33.8755560302162,720913,"2025_01_16_0013","2025_01_16_0013_ev00216_rec1","no",218618
217,1,34.3076460302162,112.694458838737,115.356437683105,2.66197884436882,0.030000000002417,1.78999999999974,2.09000000000259,109.530080094696,5.61300560616571,6.92769666978572,-55.3644010336091,34.3074560302162,34.3073660302162,764098,"2025_01_16_0013","2025_01_16_0013_ev00217_rec1","no",218619
218,1,34.4531860302162,108.769475275927,126.647941589355,17.8784663134282,1.46999999999764,34.0299999999942,29.999999999994,118.911388736955,6.21189408951595,3.49391135075806,389.76702197462,34.4496360302162,34.4480560302162,778652,"2025_01_16_0013","2025_01_16_0013_ev00218_rec1","no",218620
219,1,34.5920560302162,111.582531239727,116.882316589355,5.29978534962871,0.0700000000009027,22.2199999999972,19.599999999997,111840.543382436,-111732.229977119,418696.340603886,23.0501835889153,34.5918760302162,34.5917760302162,792539,"2025_01_16_0013","2025_01_16_0013_ev00219_rec1","no",218621
220,1,34.6279260302162,115.987940042326,307.0068359375,191.018895895174,4.00000000000489,32.9799999999949,29.999999999994,184.197291656496,125.019378777331,21.2799883063871,4638.6369660047,34.6270560302162,34.6223660302162,796126,"2025_01_16_0013","2025_01_16_0013_ev00220_rec1","no",218622
221,1,34.7089660302162,172.397107265963,187.988265991211,15.5911587252475,2.24000000000046,8.32999999999373,4.62000000000273,148.438423358817,36.9646087031413,21.2157597479595,-66.6332021044736,34.7058760302162,34.7033760302162,804230,"2025_01_16_0013","2025_01_16_0013_ev00221_rec1","no",218623
222,1,34.7948660302162,133.108006845606,144.6533203125,11.5453134668936,0.360000000000582,9.66999999999984,8.78000000000156,7.09353473035018,135.116783472526,241.220745927981,67.3760738912902,34.7912260302162,34.7908360302162,812820,"2025_01_16_0013","2025_01_16_0013_ev00222_rec1","no",218624
223,1,34.9574060302162,122.05519730974,125.732414245605,3.67721693586596,0.140000000001805,0.389999999995894,0.120000000002563,121.532096474646,2.64541968313889,0.347475204132168,-14.0731137183159,34.9571660302162,34.9569960302162,829074,"2025_01_16_0013","2025_01_16_0013_ev00223_rec1","no",218625
224,1,35.1963160302162,118.438410919492,123.596183776855,5.15777285736387,0.369999999996651,0.0400000000055911,0.529999999997699,114.199584817858,6.64603067252782,6.76608024049363,-82.3166648940283,35.1962360302162,35.1957560302162,852965,"2025_01_16_0013","2025_01_16_0013_ev00224_rec1","no",218626
225,1,35.2587460302162,122.29087769159,125.427238464355,3.13636077276551,0.300000000002854,0.369999999996651,0,118.552889174541,4.22153356324923,9.21261819782136,-74.3601188021366,35.2585360302162,35.2581460302162,859208,"2025_01_16_0013","2025_01_16_0013_ev00225_rec1","no",218627
226,1,35.3481260302162,121.701676774733,125.427238464355,3.72556168962232,0.0700000000009027,0.280000000003611,0,113.966580454723,9.04017337239785,18.1199285060348,-97.9091083130036,35.3478360302162,35.3477660302162,868146,"2025_01_16_0013","2025_01_16_0013_ev00226_rec1","no",218628
227,1,35.6954960302162,106.201164245605,110.473625183105,4.2724609375,0.770000000002824,31.7900000000009,30.0000000000011,110.206732971034,3.16030677235154,3.7212019839897,143.116760253906,35.6944660302162,35.6936860302162,902883,"2025_01_16_0013","2025_01_16_0013_ev00227_rec1","no",218629
228,1,35.7780160302162,113.609986182487,116.577140808105,2.96715462561882,0.250000000001194,2.5100000000009,0.560000000000116,109.297707333245,7.69481130439185,1.58321523562958,-115.009134122641,35.7759160302162,35.7756660302162,911135,"2025_01_16_0013","2025_01_16_0013_ev00228_rec1","no",218630
229,1,35.8468660302162,115.057304986633,118.713371276855,3.65606629022277,0.900000000001455,11.2099999999984,9.03000000000276,74.465148529623,45.1108038414074,124.05131663873,-2.35718075591753,35.8440760302162,35.8430760302162,918020,"2025_01_16_0013","2025_01_16_0013_ev00229_rec1","no",218631
230,1,36.0232860302162,115.643484210024,121.154777526855,5.51129331683168,0.0500000000016598,0.00999999999606871,0,101.451354357729,13.3652020916393,7.87277559213161,-322.621456939395,36.0232160302162,36.0231660302162,935662,"2025_01_16_0013","2025_01_16_0013_ev00230_rec1","no",218632
231,1,36.2850160302162,111.056782864108,115.966789245605,4.91000638149752,0.0100000000031741,0.690000000005853,1.03999999999616,110.501449014717,3.82097241263266,2.1829009659957,-7.38729344736233,36.2847960302162,36.2847860302162,961835,"2025_01_16_0013","2025_01_16_0013_ev00231_rec1","no",218633
232,1,36.3349060302162,109.446300770977,126.037590026855,16.5912892558787,1.60999999999945,14.3800000000027,30.0000000000011,116.099800193275,10.4118646865932,5.69198716647649,366.511814220919,36.3281060302162,36.3256860302162,966824,"2025_01_16_0013","2025_01_16_0013_ev00232_rec1","no",218634
233,1,36.4595660302162,113.383370503341,116.271965026855,2.88859452351485,0.160000000001048,0.430000000001485,0,108.962526544147,5.41986251317886,1.79552197871264,-122.046668930809,36.4593160302162,36.4591160302162,979290,"2025_01_16_0013","2025_01_16_0013_ev00233_rec1","no",218635
234,1,36.5319060302162,113.688546284591,117.187492370605,3.49894608601485,0.120000000002563,2.89999999999679,2.84999999999513,110.56480362339,6.87206898172433,6.44265971736626,-47.0668981571008,36.5311060302162,36.5309860302162,986524,"2025_01_16_0013","2025_01_16_0013_ev00234_rec1","no",218636
235,1,36.5899360302162,112.531295549752,117.492668151855,4.96137260210396,0.119999999995457,0.160000000001048,0,109.127462302021,4.69779074998081,4.50267485818966,-80.2244885133044,36.5898760302162,36.5897460302162,992327,"2025_01_16_0013","2025_01_16_0013_ev00235_rec1","no",218637
236,1,36.7009860302162,88.4775305904881,135.580224804984,47.1026942144959,17.6600000000064,29.1899999999998,14.0499999999975,94.4743835999652,49.2354238240212,9.6232724779689,1450.41852589924,36.6962660302162,36.6775560302162,1003432,"2025_01_16_0013","2025_01_16_0013_ev00236_rec1","no",218638
237,1,36.7506060302162,105.80149347076,125.032990992057,19.2314975212969,7.42000000000331,18.2700000000011,15.3299999999987,102.775659518037,24.5965560170862,17.2991608580609,360.329918989042,36.7496260302162,36.7420660302162,1008394,"2025_01_16_0013","2025_01_16_0013_ev00237_rec1","no",218639
238,1,36.9460760302162,118.024452150221,122.479324268934,4.45487211871325,0.420000000005416,6.45000000000095,8.00999999999874,114.558909953046,7.18895580193999,23.51322070354,24.9255105990061,36.9450160302162,36.9439560302162,1027941,"2025_01_16_0013","2025_01_16_0013_ev00238_rec1","no",218640
239,1,36.9628060302162,110.150905439102,116.509213693814,6.35830825471253,1.64000000000186,31.4999999999941,29.999999999994,114.911947536209,4.67142541826621,8.85159249290687,206.022919796609,36.9617260302162,36.9600860302162,1029614,"2025_01_16_0013","2025_01_16_0013_ev00239_rec1","no",218641
240,1,37.0213160302162,110.229929968538,114.557021445116,4.32709147657782,0.270000000000437,5.69999999999737,7.41000000000014,-50343.1043105362,50457.0361582885,177923.829607035,-14.8013773543291,37.0212460302162,37.0209760302162,1035465,"2025_01_16_0013","2025_01_16_0013_ev00240_rec1","no",218642
241,1,37.0877160302162,112.542365787246,115.885622295144,3.34325650789718,0.279999999996505,1.52000000000641,1.50000000000006,109.929233934558,5.54199887746297,4.10697482756323,-52.7213187903155,37.0876660302162,37.0867160302162,1042105,"2025_01_16_0013","2025_01_16_0013_ev00241_rec1","no",218643
242,1,37.1918360302162,114.383897702076,118.656079391193,4.27218168911645,0.120000000002563,30.2199999999999,29.999999999994,12827.2699570956,-12714.738344475,335875.478257922,-37.1983841170909,37.1917160302162,37.1915860302162,1052517,"2025_01_16_0013","2025_01_16_0013_ev00242_rec1","no",218644
243,1,37.2431460302162,103.828769880881,110.22062217633,6.39185229544834,0.0500000000016598,30.5800000000005,30.0000000000011,108.888094178612,3.63067657178967,3.29078148148536,168.717235304709,37.2426060302162,37.2425560302162,1057648,"2025_01_16_0013","2025_01_16_0013_ev00243_rec1","no",218645
244,1,37.2958760302162,110.239199463375,126.941206822021,16.7020073586462,2.9699999999977,37.3000000000019,30.0000000000011,118.503743528413,8.13181121801032,8.87149581917606,485.964443786007,37.2869160302162,37.2830260302162,1062921,"2025_01_16_0013","2025_01_16_0013_ev00244_rec1","no",218646
245,1,37.3148860302162,119.04292297455,122.674763867081,3.63184089253129,0.0400000000055911,1.55000000000172,2.36000000000303,-189873.5754085,189995.258010162,345395.611055173,-168.222335755254,37.3148660302162,37.3148260302162,1064822,"2025_01_16_0013","2025_01_16_0013_ev00245_rec1","no",218647
246,1,37.3894160302162,107.974059310532,111.027054066763,3.05299475623085,0.0199999999992428,10.0899999999982,17.0900000000032,108.932779286514,3.17151218202021,5.8511761137219,47.2992826171337,37.3894160302162,37.3893960302162,1072275,"2025_01_16_0013","2025_01_16_0013_ev00246_rec1","no",218648
247,1,37.4985660302162,113.996441357548,116.872559952339,2.87611859479137,1.19000000000113,5.76999999999828,5.77000000000538,110.872774659349,6.47192121471189,13.247378947676,-12.5220798782903,37.4982560302162,37.4956060302162,1083190,"2025_01_16_0013","2025_01_16_0013_ev00247_rec1","no",218649
248,1,37.6950260302162,108.07584709985,111.399250197283,3.32340309743304,0.030000000002417,6.39000000000323,7.66000000000133,107.742538752208,5.27452868473515,6.30092982921232,25.2349682467001,37.6947160302162,37.6946860302162,1102836,"2025_01_16_0013","2025_01_16_0013_ev00248_rec1","no",218650
249,1,37.7815860302162,112.575533978758,116.465270182488,3.88973620372936,0.0200000000063483,0.0900000000001455,0.330000000005271,109.909491934063,4.53964804121735,3.23192260105611,-64.8848569491385,37.7815560302162,37.7812160302162,1111492,"2025_01_16_0013","2025_01_16_0013_ev00249_rec1","no",218651
250,1,38.0689460302162,118.423664758086,121.382361285491,2.95869652740541,0.280000000003611,0.0999999999962142,0.289999999999679,-26.8927714837479,146.595868922513,233.447351924835,-231.715199194978,38.0688860302162,38.0685860302162,1140228,"2025_01_16_0013","2025_01_16_0013_ev00250_rec1","no",218652
251,1,38.1633160302162,108.226364835792,110.975241077126,2.74887624133483,0.119999999995457,0.779999999998893,1.09999999999388,106.178607468971,4.33515766496507,3.1705725872336,-47.3274678742179,38.1632960302162,38.1631760302162,1149665,"2025_01_16_0013","2025_01_16_0013_ev00251_rec1","no",218653
252,1,38.3189860302162,112.433443052345,129.820963487028,17.3875204346834,0.680000000002678,7.62999999999892,9.66000000000378,106.42687228314,22.3539477756787,16.4863287196493,147.169028664208,38.3183860302162,38.3176360302162,1165232,"2025_01_16_0013","2025_01_16_0013_ev00252_rec1","no",218654
253,1,38.4089460302162,115.04572849982,133.677971217344,18.6322427175243,2.38000000000227,21.0099999999969,24.5799999999932,-413932.809201305,414065.746488419,925554.684573043,371.962897373282,38.4084760302162,38.4060360302162,1174228,"2025_01_16_0013","2025_01_16_0013_ev00253_rec1","no",218655
254,1,38.4830260302162,113.932799159351,117.011333881146,3.07853472179515,0.060000000004834,16.9300000000021,14.3300000000011,152756.853371527,-152644.259564332,882909.407710395,39.9483784810662,38.4827560302162,38.4826860302162,1181636,"2025_01_16_0013","2025_01_16_0013_ev00254_rec1","no",218656
255,1,38.5264460302162,117.549916520387,121.926198089485,4.37628156909837,0.169999999997117,1.74000000000518,2.09999999999866,113.846361854534,7.49324366256618,6.15354218882932,-62.843858916949,38.5254560302162,38.5252860302162,1185978,"2025_01_16_0013","2025_01_16_0013_ev00255_rec1","no",218657
256,1,38.5872660302162,116.270455833412,118.662909223648,2.39245339023535,0.639999999997087,2.09999999999866,2.45999999999924,114.180168917207,5.61635309577344,3.87559186591003,-36.6942851375131,38.5867860302162,38.5860660302162,1192060,"2025_01_16_0013","2025_01_16_0013_ev00256_rec1","no",218658
257,1,38.7965860302162,115.689629325747,123.253893931003,7.56426460525542,0.0199999999992428,0.0199999999992428,0,108.721988794673,7.57437262222125,9.8073071316821,-138.253109002099,38.7965860302162,38.7965660302162,1212992,"2025_01_16_0013","2025_01_16_0013_ev00257_rec1","no",218659
258,1,38.9506960302162,118.086469956364,123.528190801437,5.44172084507316,0.0599999999977285,0.0200000000063483,0,112.249745849103,6.75503237375418,3.22757204613558,-151.964592505067,38.9504860302162,38.9504260302162,1228403,"2025_01_16_0013","2025_01_16_0013_ev00258_rec1","no",218660
259,1,39.1688460302162,113.077196776232,117.825759727413,4.74856295118086,2.25999999999971,17.940000000003,14.0200000000021,110.983763222366,9.16572404542679,16.1603917499236,91.1988682418219,39.1658560302162,39.1621760302162,1250218,"2025_01_16_0013","2025_01_16_0013_ev00259_rec1","no",218661
260,1,39.2316760302162,112.500902750194,130.778087170798,18.2771844206034,4.50000000000728,17.6500000000033,21.8199999999982,108.204233084624,21.327277291904,33.2254730162554,355.190801117307,39.2313660302162,39.2261160302162,1256501,"2025_01_16_0013","2025_01_16_0013_ev00260_rec1","no",218662
261,1,39.3376560302162,112.266199861812,120.444675373001,8.17847551118858,0.160000000001048,0.1399999999947,0,108.113926559171,5.61736343622382,10.8629437293552,-66.0611689466969,39.3375760302162,39.3374160302162,1267099,"2025_01_16_0013","2025_01_16_0013_ev00261_rec1","no",218663
262,1,39.4245160302162,116.896786371324,123.393688686513,6.49690231518912,0.230000000001951,0.140000000001805,0,-77151.810311823,77269.148145963,300416.44214738,-101.525888078972,39.4245160302162,39.4242460302162,1275785,"2025_01_16_0013","2025_01_16_0013_ev00262_rec1","no",218664
263,1,39.5111160302162,113.395193306883,124.075442096346,10.680248789462,0.109999999999388,0.0199999999992428,0,110.434490440162,3.92042230958784,3.11755726263931,-75.943932155489,39.5110860302162,39.5109060302162,1284445,"2025_01_16_0013","2025_01_16_0013_ev00263_rec1","no",218665
264,1,39.7623660302162,112.70471019512,115.429193248625,2.72448305350477,0.030000000002417,0.0199999999921374,0,109.042143620494,3.54793869402387,3.66009049553956,-96.0706487742226,39.7621860302162,39.7621560302162,1309570,"2025_01_16_0013","2025_01_16_0013_ev00264_rec1","no",218666
265,1,39.8536060302162,111.412011943293,115.517410623684,4.10539868039048,0.0700000000009027,0.650000000000261,0.880000000002212,109.162277309007,4.7672087432083,3.73338498607325,-47.8844665574079,39.8533760302162,39.8533060302162,1318694,"2025_01_16_0013","2025_01_16_0013_ev00265_rec1","no",218667
266,1,40.0441360302162,107.856877530222,112.216989223578,4.36011169335623,0.129999999998631,0.489999999999213,0.750000000003581,100.900571312903,9.74673880159302,5.82329155392442,-151.503674066561,40.0440360302162,40.0438860302162,1337747,"2025_01_16_0013","2025_01_16_0013_ev00266_rec1","no",218668
267,1,40.3377660302162,120.0591007023,124.062141931866,4.00304122956589,2.22000000000122,2.049999999997,0,112.995310223074,7.92371978081459,21.0262116026587,-77.6750914844876,40.3374860302162,40.3348960302162,1367110,"2025_01_16_0013","2025_01_16_0013_ev00267_rec1","no",218669
268,1,40.3590960302162,115.957053905627,119.34448430929,3.3874304036632,0.219999999998777,0.200000000006639,0.429999999994379,-75740.3980024389,75857.8055508656,166946.493995212,-159.570404189206,40.3590860302162,40.3588560302162,1369243,"2025_01_16_0013","2025_01_16_0013_ev00268_rec1","no",218670
269,1,40.4373960302162,115.50883017219,118.86662437896,3.35779420677073,0.219999999998777,0.230000000001951,0,109.48448698098,7.01731593321341,10.6138322706742,-109.864020416671,40.4373160302162,40.4370960302162,1377073,"2025_01_16_0013","2025_01_16_0013_ev00269_rec1","no",218671
270,1,40.5207460302162,109.650688964353,116.645634726219,6.99494576186568,0.289999999999679,30.2900000000008,30.0000000000011,113.251186122487,2.08380790470134,3.03419245136076,117.083837519971,40.5206860302162,40.5203660302162,1385408,"2025_01_16_0013","2025_01_16_0013_ev00270_rec1","no",218672
271,1,40.5565160302162,115.271698577998,117.632091986478,2.36039340847992,0.230000000001951,1.68999999999642,1.78000000000367,112.90347146571,5.17483428449521,3.79581634587009,-50.5813618237941,40.5564560302162,40.5562260302162,1388985,"2025_01_16_0013","2025_01_16_0013_ev00271_rec1","no",218673
272,1,40.6074460302162,114.567884502028,121.045311226858,6.47742672483018,0.0800000000040768,0.689999999998747,0.740000000000407,-343984.815567469,344102.251985158,541212.580234844,-198.687017905931,40.6072560302162,40.6067360302162,1394078,"2025_01_16_0013","2025_01_16_0013_ev00272_rec1","no",218674
273,1,40.7501560302162,117.161642402323,119.532431035558,2.37078863323487,0.0100000000031741,0.210000000002708,0.0599999999977285,91.1382558257989,26.9234763512431,72.4881726340201,-118.369469548944,40.7499560302162,40.7499460302162,1408349,"2025_01_16_0013","2025_01_16_0013_ev00273_rec1","no",218675
274,1,40.8364860302162,112.507111514368,125.737939506355,13.2308279919866,4.70000000000681,36.0299999999967,29.999999999994,119.952100786792,4.82144709233372,11.2736304294495,399.315121570328,40.8289660302162,40.8241960302162,1416982,"2025_01_16_0013","2025_01_16_0013_ev00274_rec1","no",218676
275,1,40.8597960302162,114.127883095597,119.794926776266,5.66704368066912,1.75999999999732,18.2799999999972,19.2400000000035,108.302229430111,12.765299652084,40.3245725269605,119.345687126,40.8582760302162,40.8565060302162,1419313,"2025_01_16_0013","2025_01_16_0013_ev00275_rec1","no",218677
276,1,40.9606760302162,113.649824778963,116.398450039504,2.7486252605414,0.0900000000001455,3.84999999999991,3.90000000000157,108.938694541869,9.28603725335648,8.07923409192941,-66.2875683882174,40.9602760302162,40.9601460302162,1429401,"2025_01_16_0013","2025_01_16_0013_ev00276_rec1","no",218678
277,1,41.0297160302162,112.81990514649,120.0614049957,7.24149984920984,0.399999999999068,2.35000000000696,0.979999999998427,112.346914135757,3.60542257330208,7.33199563554981,22.8340945627682,41.0286460302162,41.0268960302162,1436305,"2025_01_16_0013","2025_01_16_0013_ev00277_rec1","no",218679
278,1,41.1693060302162,109.160141626551,113.675217061026,4.51507543447531,0.0199999999992428,4.48000000000093,6.45000000000095,98.54535813042,14.0304442260976,48.5623240393285,3.0989768723421,41.1682460302162,41.1682260302162,1450264,"2025_01_16_0013","2025_01_16_0013_ev00278_rec1","no",218680
279,1,41.2286160302162,110.714262840806,112.814424668989,2.10016182818276,0.0199999999921374,9.59999999999894,9.55000000000439,105.53040819273,8.62910381275058,25.8279171400829,1.98183889386886,41.2282960302162,41.2272860302162,1456195,"2025_01_16_0013","2025_01_16_0013_ev00279_rec1","no",218681
280,1,41.4674460302162,112.424234774595,115.845598995575,3.42136422098022,0.0800000000040768,0.109999999999388,0,107.768629932419,5.85260140659101,6.64308458806802,-100.525024456419,41.4673660302162,41.4672760302162,1480078,"2025_01_16_0013","2025_01_16_0013_ev00280_rec1","no",218682
281,1,41.5804460302162,109.11441652536,114.677005981332,5.56258945597192,0.0199999999992428,30.1800000000014,30.0000000000011,43512.4839681234,-43405.7457427817,404425.764542037,-21.2983967415378,41.5801660302162,41.5800760302162,1491378,"2025_01_16_0013","2025_01_16_0013_ev00281_rec1","no",218683
282,2,53.5837120611,113.250307106001,115.591835212151,2.34152810614921,0.199999999999534,0.0799999999969714,0,109.784667468771,3.56777632719243,2.9526234735555,-92.6551461526299,53.5836220611,53.5834220611,25038,"2025_01_16_0013","2025_01_16_0013_ev00282_rec2","no",218684
283,2,53.8608320611,112.453438464525,123.36391992916,10.9104814646355,1.30000000000052,3.32999999999828,5.25999999999982,113.20940481902,7.61481808818862,6.24574810794525,85.7022820168081,53.8601120611,53.8588020611,52750,"2025_01_16_0013","2025_01_16_0013_ev00283_rec2","no",218685
284,2,53.9385620611,111.973592327221,131.338892375396,19.3653000481745,4.13000000000352,14.7599999999954,30.0000000000011,120.466416379073,10.3664743747868,5.87163921524163,392.83958377659,53.9370720611,53.9326820611,60523,"2025_01_16_0013","2025_01_16_0013_ev00284_rec2","no",218686
285,2,53.9853820611,115.166225552235,119.377809520101,4.21158396786514,0.0500000000016598,0.0200000000063483,0.629999999993913,113.500834640997,3.73607215007629,4.26367057343336,-33.1512023649942,53.9851820611,53.9851320611,65205,"2025_01_16_0013","2025_01_16_0013_ev00285_rec2","no",218687
286,2,54.0573820611,110.858892610555,114.82421255831,3.96531994775476,0.0900000000001455,9.5099999999988,11.6700000000023,111.258512695753,6.98796143720411,6.21072505391671,56.9168685322386,54.0571220611,54.0570220611,72405,"2025_01_16_0013","2025_01_16_0013_ev00286_rec2","no",218688
287,2,54.1056920611,113.646356809777,119.553904948256,5.90754813847992,0.0900000000001455,0.569999999996185,0.970000000002358,111.74889704863,5.60252796453357,3.08002817125392,-38.7151357645265,54.1055820611,54.1054420611,77236,"2025_01_16_0013","2025_01_16_0013_ev00287_rec2","no",218689
288,2,54.2093320611,113.747140140193,120.772099329244,7.02495918905015,0.0799999999969714,0.150000000004979,0.10000000000332,113.572331046316,6.40341626333429,0.115897253972809,-3.76046308285375,54.2092620611,54.2091820611,87600,"2025_01_16_0013","2025_01_16_0013_ev00288_rec2","no",218690
289,2,54.2273720611,114.373739232734,116.947670386114,2.57393115338023,0.10000000000332,13.5199999999998,12.1800000000007,97926.540721987,-97814.6391467253,347896.098753085,53.9655661995106,54.2269220611,54.2267920611,89404,"2025_01_16_0013","2025_01_16_0013_ev00289_rec2","no",218691
290,2,54.2497920611,117.670911156235,124.184395769244,6.51348461300847,1.31999999999977,5.45999999999935,6.70999999999822,104.177906236786,17.8607929060553,57.8362702483035,20.3163445570418,54.2497320611,54.2476320611,91646,"2025_01_16_0013","2025_01_16_0013_ev00290_rec2","no",218692
291,2,54.4182220611,109.9639835648,112.203544622765,2.23956105796458,0.030000000002417,0.790000000002067,0.789999999994961,107.289610449299,7.16226370557547,1.11067158875205,-70.97458904692,54.4179720611,54.4179420611,108489,"2025_01_16_0013","2025_01_16_0013_ev00291_rec2","no",218693
292,2,54.6609320611,112.534141049132,115.583811665387,3.04967061625497,0.250000000001194,1.93999999999761,2.59000000000498,110.464146771492,4.5124147395393,7.53728916168519,-27.4383191009386,54.6609220611,54.6606720611,132760,"2025_01_16_0013","2025_01_16_0013_ev00292_rec2","no",218694
293,2,54.7122320611,112.597963248038,139.384343358661,26.7863801106233,0.560000000000116,3.36999999999676,3.41999999999842,110.504506495803,26.209282026612,4.3742104194721,79.7460439853298,54.7113320611,54.7106420611,137890,"2025_01_16_0013","2025_01_16_0013_ev00293_rec2","no",218695
294,2,54.9132320611,105.958887337259,109.610448664413,3.65156132715362,0.210000000002708,30.5599999999941,29.999999999994,108.995485306259,2.24757351450744,2.9905761393326,101.992945098155,54.9127620611,54.9125420611,157990,"2025_01_16_0013","2025_01_16_0013_ev00294_rec2","no",218696
295,2,55.2478720611,109.537675196105,112.289414093101,2.75173889699636,0.0400000000055911,8.69000000000142,11.6699999999952,110.118506435421,4.50596267478291,5.00508023125616,40.0488847825541,55.2478720611,55.2478320611,191454,"2025_01_16_0013","2025_01_16_0013_ev00295_rec2","no",218697
296,2,55.3013820611,107.978960836368,110.939953518377,2.96099268200841,0.0900000000001455,1.95000000000078,1.73000000000201,107.982242960156,6.39723461434988,0.981340813026326,8.84048736324918,55.3009720611,55.3008320611,196805,"2025_01_16_0013","2025_01_16_0013_ev00296_rec2","no",218698
297,2,55.5639520611,108.778581907747,114.328847076294,5.55026516854693,0.129999999998631,1.77999999999656,2.08999999999548,89.2577167995913,25.2716176408653,13.2022250739437,-285.152014402208,55.5638620611,55.5636820611,223062,"2025_01_16_0013","2025_01_16_0013_ev00297_rec2","no",218699
298,2,55.6769120611,106.171365520074,109.816910968877,3.64554544880359,0.419999999998311,1.89999999999912,2.58999999999787,106.066656502942,3.91398146866389,2.61407083020039,9.09938760353371,55.6764020611,55.6759220611,234358,"2025_01_16_0013","2025_01_16_0013_ev00298_rec2","no",218700
299,2,55.7403020611,111.088781660329,117.62706590011,6.53828423978095,0.0400000000055911,0.370000000003756,0.81000000000131,107.518183492793,6.52815326667563,9.36842445700708,-46.6042488566883,55.7399920611,55.7399220611,240697,"2025_01_16_0013","2025_01_16_0013_ev00299_rec2","no",218701
300,2,55.8802320611,118.265876501697,128.157417060211,9.89154055851455,4.35999999999837,13.9500000000012,0,124.670838171594,-0.175766491005993,8.46000139214953,317.683659485823,55.8689220611,55.8643520611,254690,"2025_01_16_0013","2025_01_16_0013_ev00300_rec2","no",218702
301,2,56.0488020611,110.498011804589,121.451951902288,10.9539400976994,2.85999999999831,33.8599999999971,30.0000000000011,117.562278676381,5.82901440836376,1.37659376870571,293.943132068538,56.0435420611,56.0399320611,271547,"2025_01_16_0013","2025_01_16_0013_ev00301_rec2","no",218703
302,2,56.1754720611,114.602109232952,117.728821264736,3.12671203178431,0.0199999999992428,0.370000000003756,0.509999999998456,110.825687406084,6.07176460781662,2.45561992089569,-98.2451997084803,56.1754420611,56.1754220611,284214,"2025_01_16_0013","2025_01_16_0013_ev00302_rec2","no",218704
303,2,56.2563020611,107.912505835368,132.456275063595,24.543769228227,6.6799999999958,23.3499999999935,30.0000000000011,117.314929021605,15.7216753756734,7.06062797910807,635.83266593487,56.2508320611,56.2429820611,292297,"2025_01_16_0013","2025_01_16_0013_ev00303_rec2","no",218705
304,2,56.2765820611,119.592521081032,127.001200257349,7.40867917631701,0.120000000002563,0.0999999999962142,0,94.4070308471572,24.7024097416822,118.056638621703,-100.558162492303,56.2765820611,56.2764620611,294325,"2025_01_16_0013","2025_01_16_0013_ev00304_rec2","no",218706
305,2,56.3445720611,110.21530704008,116.74198427382,6.5266772337398,0.00999999999606871,18.4399999999982,30.0000000000011,112.421002334509,7.20662047268566,8.61728426995602,142.744373420593,56.3429020611,56.3426420611,301124,"2025_01_16_0013","2025_01_16_0013_ev00305_rec2","no",218707
306,2,56.5878720611,113.932781610321,120.580825473586,6.64804386326547,0.379999999999825,0.0199999999992428,0,108.896340755063,5.02890075286589,13.6058097545885,-89.6319276395055,56.5878720611,56.5874920611,325454,"2025_01_16_0013","2025_01_16_0013_ev00306_rec2","no",218708
307,2,56.7162920611,113.695675951905,117.451995182278,3.75631923037214,0.0800000000040768,0.160000000001048,0,-54943.2115887065,55058.148908414,238933.375007116,-65.1755400302025,56.7161220611,56.7160420611,338296,"2025_01_16_0013","2025_01_16_0013_ev00307_rec2","no",218709
308,2,57.0751920611,114.294093826505,119.197316393914,4.90322256740902,0.230000000001951,0.0200000000063483,0,108.783381791151,6.46433761005875,18.5991560528008,-66.6492743830896,57.0747520611,57.0739820611,374186,"2025_01_16_0013","2025_01_16_0013_ev00308_rec2","no",218710
309,2,57.1989820611,113.650143232369,116.778830422035,3.12868718966592,0.0799999999969714,30.2199999999999,29.999999999994,12679.4682694009,-12569.5202627147,265350.657323419,-89.0773598354312,57.1988120611,57.1987320611,386565,"2025_01_16_0013","2025_01_16_0013_ev00309_rec2","no",218711
310,2,57.2538220611,113.742052721376,120.540323554819,6.79827083344327,0.0700000000009027,0.120000000002563,0,109.29806737791,5.97730029171475,1.68896886232026,-122.693154238276,57.2537920611,57.2536220611,392049,"2025_01_16_0013","2025_01_16_0013_ev00310_rec2","no",218712
311,2,57.3781620611,107.409781201051,123.291007995605,15.8812267945545,1.53999999999854,38.7399999999971,30.0000000000011,115.616310270825,7.98749410302416,22.5915693048063,500.53113251941,57.3711620611,57.3692620611,404483,"2025_01_16_0013","2025_01_16_0013_ev00311_rec2","no",218713
312,2,57.5197320611,114.75817229016,122.680656433105,7.92248414294555,0.309999999998922,0.149999999997874,0,110.071794829475,4.40961359222417,4.74800778994635,-118.657268864093,57.5196720611,57.5192720611,418640,"2025_01_16_0013","2025_01_16_0013_ev00312_rec2","no",218714
313,2,57.5954120611,113.845666488799,119.934074401855,6.08840791305693,0.0399999999984857,0.0199999999992428,0,-13899.2799483762,14011.4868514264,117203.504920828,-102.790333965037,57.5954120611,57.5953420611,426208,"2025_01_16_0013","2025_01_16_0013_ev00313_rec2","no",218715
314,2,57.6107020611,111.207859983539,116.577140808105,5.36928082456683,0.0699999999937972,0.280000000003611,0.390000000002999,109.442390509153,4.73487314322151,1.65969993390429,-44.5494245774676,57.6106720611,57.6104720611,427737,"2025_01_16_0013","2025_01_16_0013_ev00314_rec2","no",218716
315,2,57.7702620611,116.314266620296,118.408195495605,2.0939288753094,0.329999999998165,0.439999999997553,0.650000000000261,111.821454679717,5.94777142791922,5.3123656711608,-102.839766398515,57.7700820611,57.7697020611,443693,"2025_01_16_0013","2025_01_16_0013_ev00315_rec2","no",218717
316,2,57.7987920611,114.117605303774,116.577140808105,2.45953550433168,0.0800000000040768,0.030000000002417,0,109.681083072785,5.34441529733185,6.06673364726959,-100.721242168162,57.7987920611,57.7987120611,446546,"2025_01_16_0013","2025_01_16_0013_ev00316_rec2","no",218718
317,2,57.8972420611,115.277877581002,121.765129089355,6.48725150835396,0.329999999998165,0.700000000001921,0.52000000000163,112.982686526026,6.26298945704428,1.80164178903754,-55.4553343517944,57.8969320611,57.8965720611,456391,"2025_01_16_0013","2025_01_16_0013_ev00317_rec2","no",218719
318,2,57.9194920611,112.902945263551,116.271965026855,3.36901976330445,0.00999999999606871,0.0100000000031741,0,110.246816130806,3.90828727399667,2.83597606196203,-68.5703390895732,57.9194820611,57.9194720611,458616,"2025_01_16_0013","2025_01_16_0013_ev00318_rec2","no",218720
319,2,58.3309920611,132.419094501155,150.45166015625,18.0325656550946,4.98999999999938,9.99999999999801,8.71000000000066,-772225.945325885,772379.046224793,479917.492806783,-67.6726092264907,58.3293020611,58.3240020611,499766,"2025_01_16_0013","2025_01_16_0013_ev00319_rec2","no",218721
320,2,58.4044820611,116.21757726386,125.427238464355,9.20966120049505,2.25000000000364,4.71999999999895,3.03000000000253,95.8712054851769,27.9474667330465,18.6653389511234,-182.852080679412,58.4039320611,58.4014820611,507115,"2025_01_16_0013","2025_01_16_0013_ev00320_rec2","no",218722
321,2,58.4502620611,107.077411538303,126.037590026855,18.960178488552,2.13000000000108,12.8599999999963,20.6400000000002,111.903337441793,11.3617921631062,12.5339327760203,305.899864583535,58.4489520611,58.4467120611,511693,"2025_01_16_0013","2025_01_16_0013_ev00321_rec2","no",218723
322,2,58.5333820611,115.845927550061,121.154777526855,5.30884997679455,0.250000000001194,0.0399999999984857,0.309999999998922,110.496821019767,7.52487542014325,10.9418070793438,-82.4848439433789,58.5332820611,58.5329920611,520005,"2025_01_16_0013","2025_01_16_0013_ev00322_rec2","no",218724
323,2,58.7087620611,114.897163240036,126.037590026855,11.1404267868193,1.87999999999988,10.9100000000026,1.56999999999385,116.814056139486,7.41773206573264,1.29804466327248,132.175167132085,58.7004420611,58.6985420611,537543,"2025_01_16_0013","2025_01_16_0013_ev00323_rec2","no",218725
324,2,58.7359820611,115.051261901855,119.018547058105,3.96728515625,0.10000000000332,12.049999999995,14.6099999999976,113.806132723595,6.16553827221873,17.7977820913423,55.224609375,58.7355120611,58.7354120611,540265,"2025_01_16_0013","2025_01_16_0013_ev00324_rec2","no",218726
325,2,58.9110220611,120.758955473947,125.427238464355,4.66828299040841,0.419999999998311,3.28999999999979,0,115.104792623235,6.55901579022283,10.7765633632867,-102.785559622887,58.9082420611,58.9076120611,557769,"2025_01_16_0013","2025_01_16_0013_ev00325_rec2","no",218727
326,2,59.1145520611,112.939203772214,133.36181640625,20.4226126340356,1.57000000000096,24.1399999999956,30.0000000000011,99.8071730699866,29.6864150374292,84.9144311256129,416.966581448092,59.1116920611,59.1100920611,578122,"2025_01_16_0013","2025_01_16_0013_ev00326_rec2","no",218728
327,2,59.3109120611,114.274725507982,118.408195495605,4.13346998762377,0.0199999999992428,0.929999999996767,1.37000000000143,111.687424507826,5.63543507871716,4.35817386058635,-52.2091856097229,59.3107020611,59.3106420611,597758,"2025_01_16_0013","2025_01_16_0013_ev00327_rec2","no",218729
328,2,59.4968320611,113.090280891645,121.765129089355,8.67484819771039,0.909999999997524,4.80999999999909,2.54999999999939,114.370215536766,5.27878417502442,2.53537269527438,68.0818463316056,59.4949420611,59.4932020611,616350,"2025_01_16_0013","2025_01_16_0013_ev00328_rec2","no",218730
329,2,59.6246520611,108.340416256744,110.473625183105,2.13320892636139,0.149999999997874,0.65999999999633,0.880000000002212,104.618153626541,5.33091980613297,5.29634942052764,-83.5581864460859,59.6246520611,59.6245020611,629132,"2025_01_16_0013","2025_01_16_0013_ev00329_rec2","no",218731
330,2,59.9433920611,106.210228872771,111.389152526855,5.17892365408416,0.0500000000016598,0.869999999999038,1.37000000000143,104.328779768524,5.60063987890167,3.5214365022981,-36.2028518525681,59.9433220611,59.9432720611,661006,"2025_01_16_0013","2025_01_16_0013_ev00330_rec2","no",218732
331,2,60.0486820611,108.110779035209,111.694328308105,3.58354927289604,0.109999999999388,3.19999999999965,2.83999999999907,106.527590883681,4.74223689012762,5.81101526744098,-16.5590493985923,60.0475620611,60.0474420611,671535,"2025_01_16_0013","2025_01_16_0013_ev00331_rec2","no",218733
332,2,60.2188720611,112.733738889789,118.103019714355,5.36928082456683,0.0399999999984857,1.15000000000265,0.700000000001921,111.607662671824,9.01950482911835,0.65485313937403,-25.0176609152615,60.2183120611,60.2182520611,688554,"2025_01_16_0013","2025_01_16_0013_ev00332_rec2","no",218734
333,2,60.2616320611,111.642962087499,113.830558776855,2.18759668935644,0.030000000002417,1.5900000000002,1.68000000000035,110.851079201635,3.32371236215952,2.3044353397437,-14.6344628664525,60.2613820611,60.2613520611,692830,"2025_01_16_0013","2025_01_16_0013_ev00333_rec2","no",218735
334,2,60.4983620611,110.183557113799,112.304679870605,2.12112275680693,0.170000000004222,0.75999999999965,0.859999999995864,107.330511762375,4.71489387989593,3.3215961124333,-69.1147757048656,60.4983620611,60.4981520611,716503,"2025_01_16_0013","2025_01_16_0013_ev00334_rec2","no",218736
335,2,60.6449820611,106.524469281187,116.577140808105,10.0526715269183,1.3800000000046,37.3200000000011,30.0000000000011,112.698804371512,5.99240532440656,3.93731348363314,277.028527590308,60.6380620611,60.6366320611,731165,"2025_01_16_0013","2025_01_16_0013_ev00335_rec2","no",218737
336,2,60.7693720611,111.425411035519,124.816886901855,13.3914758663366,0.229999999994845,0.10000000000332,0,15.3722771844306,100.298602748098,258.498141530001,-39.0397931089496,60.7693420611,60.7690620611,743604,"2025_01_16_0013","2025_01_16_0013_ev00336_rec2","no",218738
337,2,60.8336520611,108.977961700742,120.239250183105,11.2612884823639,0.769999999995719,7.0699999999988,7.89999999999935,107.350165809819,14.4923071340188,8.61935668726143,88.6034676617917,60.8328220611,60.8319920611,750032,"2025_01_16_0013","2025_01_16_0013_ev00337_rec2","no",218739
338,2,60.9092820611,121.336070070172,124.511711120605,3.17564105043317,0.199999999999534,0.300000000002854,0.630000000001019,112.029043745733,10.9214196771301,15.3812059080884,-133.968209137869,60.9091820611,60.9089820611,757595,"2025_01_16_0013","2025_01_16_0013_ev00338_rec2","no",218740
339,2,60.9745220611,111.083976745605,116.577140808105,5.4931640625,0.280000000003611,12.7200000000016,30.0000000000011,113.6221735481,4.76064004851556,3.78502964814118,101.2451171875,60.9738920611,60.9735820611,764119,"2025_01_16_0013","2025_01_16_0013_ev00339_rec2","no",218741
340,2,60.9930220611,110.778800964355,115.661613464355,4.8828125,0.0700000000009027,4.19000000000125,7.06000000000273,-13793.4023014194,13907.3911303385,69917.2358331525,9.11712646484375,60.9927320611,60.9926420611,765969,"2025_01_16_0013","2025_01_16_0013_ev00340_rec2","no",218742
341,2,61.0032920611,113.162797908972,116.882316589355,3.71951868038366,0.120000000002563,0.0499999999945544,0,109.047629876422,3.38507834348492,6.7286654243351,-100.476179972734,61.0031620611,61.0030420611,766996,"2025_01_16_0013","2025_01_16_0013_ev00341_rec2","no",218743
343,2,61.1033720611,111.845405427536,115.661613464355,3.8162080368193,0.140000000001805,0.249999999994088,0,100.12156574591,12.8122995668715,41.695738141323,-76.9614644569927,61.1032320611,61.1030320611,777004,"2025_01_16_0013","2025_01_16_0013_ev00343_rec2","no",218745
344,2,61.3124420611,113.739912505197,118.103019714355,4.36310720915841,0.129999999998631,0.149999999997874,0,109.806984379774,5.0202725029041,6.18962707718253,-86.3214776067451,61.3123620611,61.3122320611,797911,"2025_01_16_0013","2025_01_16_0013_ev00344_rec2","no",218746
345,2,61.4101420611,108.866164632363,146.17919921875,37.3130345863871,2.30999999999426,31.1500000000038,30.0000000000011,115.271373443309,28.5746535102633,32.4298460841344,880.444102928615,61.4071420611,61.4045120611,807681,"2025_01_16_0013","2025_01_16_0013_ev00345_rec2","no",218747
346,2,61.4688120611,118.674091225803,123.901359558105,5.22726833230197,0.00999999999606871,0.060000000004834,0.619999999997844,116.656231507767,4.2467342281503,8.62409526501099,-24.5670732539717,61.4687320611,61.4687120611,813548,"2025_01_16_0013","2025_01_16_0013_ev00346_rec2","no",218748
347,2,61.4934720611,117.489646609467,120.849601745605,3.35995513613861,0.0500000000016598,0.190000000003465,0,-84200.3131612138,84317.745564105,303350.878239016,-126.045514097308,61.4933120611,61.4932620611,816014,"2025_01_16_0013","2025_01_16_0013_ev00347_rec2","no",218749
348,2,61.6900220611,112.757911228898,137.63427734375,24.8763661148525,0.540000000000873,14.9699999999982,17.5299999999936,105.911685622133,33.6779996185986,23.6589620044224,410.614484519581,61.6884020611,61.6877820611,835669,"2025_01_16_0013","2025_01_16_0013_ev00348_rec2","no",218750
349,2,61.9163220611,114.776301544492,120.849601745605,6.07330020111387,0.0500000000016598,0.0900000000001455,0,111.021477553334,3.71959803213345,4.18628402107579,-96.7122446192372,61.9162520611,61.9162020611,858299,"2025_01_16_0013","2025_01_16_0013_ev00349_rec2","no",218751
350,2,61.9720720611,115.039175732301,122.070304870605,7.03112913830445,0.309999999998922,0.289999999999679,0,106.680498745975,10.1610836704289,31.3593715912263,-53.3351482731283,61.9720420611,61.9717320611,863874,"2025_01_16_0013","2025_01_16_0013_ev00350_rec2","no",218752
351,2,62.0674920611,111.781953037375,117.492668151855,5.71071511448019,0.219999999998777,0.240000000005125,0.950000000003115,109.726781901307,5.03860427752792,4.98654574217973,-35.2646025100558,62.0674520611,62.0671520611,873416,"2025_01_16_0013","2025_01_16_0013_ev00351_rec2","no",218753
352,2,62.1609020611,109.944855265098,113.525382995605,3.58052773050743,0.10000000000332,0.679999999995573,0.550000000004047,108.625462659547,5.67102014012009,0.723205739184078,-34.0595509746287,62.1606920611,62.1605920611,882757,"2025_01_16_0013","2025_01_16_0013_ev00352_rec2","no",218754
353,2,62.2863920611,106.980722181868,254.516586303711,147.535864121843,3.63000000000113,29.0200000000027,30.0000000000011,167.206486472758,93.0707820293234,13.1099094443602,3429.25592332103,62.2845820611,62.2805620611,895306,"2025_01_16_0013","2025_01_16_0013_ev00353_rec2","no",218755
354,2,62.4458920611,124.581207577545,130.31005859375,5.72885101620514,0.240000000005125,0.120000000002563,0,118.744322458465,7.49078695244546,13.2991657026757,-84.9386874283893,62.4458920611,62.4456220611,911256,"2025_01_16_0013","2025_01_16_0013_ev00354_rec2","no",218756
355,2,62.4944320611,125.6750060733,128.47900390625,2.8039978329498,0.0500000000016598,0.379999999999825,0.859999999995864,124.629221601445,2.7331818962408,3.16335717066885,-22.6849945978597,62.4944220611,62.4943620611,916110,"2025_01_16_0013","2025_01_16_0013_ev00355_rec2","no",218757
356,2,62.7539020611,109.343568329764,115.966789245605,6.62322091584159,0.199999999999534,0.610000000001776,0.650000000000261,104.87895074063,9.01409054894551,2.43909998811601,-110.934614427019,62.7538420611,62.7536120611,942057,"2025_01_16_0013","2025_01_16_0013_ev00356_rec2","no",218758
357,2,63.0878820611,104.370109558105,108.032218933105,3.662109375,0.0399999999984857,6.27999999999673,7.58000000000436,104.023394523697,5.41342551827441,6.54867703710661,26.5853881835938,63.0875920611,63.0875220611,975455,"2025_01_16_0013","2025_01_16_0013_ev00357_rec2","no",218759
358,2,63.1253620611,111.419367950742,128.47900390625,17.0596359555084,2.84000000000617,33.4100000000035,30.0000000000011,121.968805282562,7.28345794935736,1.96367301313765,370.942741775513,63.1234520611,63.1205120611,979203,"2025_01_16_0013","2025_01_16_0013_ev00358_rec2","no",218760
359,2,63.1500620611,110.815059473019,135.498046875,24.6829874019812,3.52000000000174,12.2599999999977,29.999999999994,120.362898395789,13.8706924475881,4.30940740388182,450.602362401226,63.1474120611,63.1438120611,981673,"2025_01_16_0013","2025_01_16_0013_ev00359_rec2","no",218761
360,2,63.1684220611,119.701415637932,123.901359558105,4.19994392017327,0.0199999999992428,2.58999999999787,2.81999999999982,109.876172074801,12.5140947137983,29.713629847466,-55.9396869100438,63.1674520611,63.1672620611,983509,"2025_01_16_0013","2025_01_16_0013_ev00360_rec2","no",218762
361,2,63.2310220611,117.495689694244,124.206535339355,6.71084564511139,0.46999999999997,1.69999999999959,1.39000000000067,96.317548138189,24.4876621940345,40.3490978008141,-113.80879619334,63.2294320611,63.2288320611,989769,"2025_01_16_0013","2025_01_16_0013_ev00361_rec2","no",218763
362,2,63.2954020611,104.370109558105,109.863273620605,5.4931640625,0.909999999997524,25.4499999999993,24.4,109.54802219618,3.7043171944264,0.719990067517218,171.022033691406,63.2946420611,63.2937320611,996207,"2025_01_16_0013","2025_01_16_0013_ev00362_rec2","no",218764
363,2,63.3161820611,113.588835385766,118.713371276855,5.12453589108911,0.0399999999984857,2.47999999999848,1.78999999999974,87.4628494322474,32.4486735284073,12.1739830727805,-419.815637438557,63.3155220611,63.3150020611,998285,"2025_01_16_0013","2025_01_16_0013_ev00363_rec2","no",218765
364,2,63.3601820611,93.243555196785,133.791369934569,40.5478147377843,6.79999999999836,29.0500000000051,19.1099999999977,-626566.247271618,626706.858608638,369985.26808076,1125.27397652823,63.3514920611,63.3437520611,1002685,"2025_01_16_0013","2025_01_16_0013_ev00364_rec2","no",218766
365,2,63.4216020611,99.4782497870902,124.680370292055,25.2021205049647,8.87999999999778,28.6700000000053,14.9400000000028,71.8870756473435,49.7095403642259,50.2054697198733,752.516331260998,63.4063620611,63.3969520611,1008827,"2025_01_16_0013","2025_01_16_0013_ev00365_rec2","no",218767
366,2,63.4767320611,117.384700979988,136.050415780777,18.6657148007886,7.63999999999498,9.29000000000002,8.83999999999929,102.213253700455,31.3293400231018,25.2703438949171,138.07757455614,63.4767120611,63.4683420611,1014340,"2025_01_16_0013","2025_01_16_0013_ev00366_rec2","no",218768
367,2,63.6159120611,109.018312406469,117.158958899428,8.14064649295911,0.0499999999945544,0.109999999999388,0,97.2155592790686,13.9979462633834,24.8018440101877,-109.363978547906,63.6157520611,63.6157020611,1028258,"2025_01_16_0013","2025_01_16_0013_ev00367_rec2","no",218769
368,2,63.9000520611,107.843251193022,112.722626259652,4.87937506663052,0.160000000001048,0.0199999999992428,0,105.079071258565,3.8210482208175,3.24860749641382,-69.29919866863,63.8999420611,63.8997620611,1056672,"2025_01_16_0013","2025_01_16_0013_ev00368_rec2","no",218770
369,2,63.9902920611,104.644791201689,108.831766018471,4.18697481678163,0.0399999999984857,1.03000000000009,1.35000000000218,104.600352110625,4.85808748513426,1.21331157540791,4.69149237327317,63.9902920611,63.9902520611,1065696,"2025_01_16_0013","2025_01_16_0013_ev00369_rec2","no",218771
370,2,64.1055120611,108.540765524149,117.848762783676,9.30799725952689,0.889999999998281,23.6700000000098,23.0900000000105,-61908.326442163,62024.2631377966,362450.071744442,210.335712547562,64.0994220611,64.0968020611,1077218,"2025_01_16_0013","2025_01_16_0013_ev00370_rec2","no",218772
371,2,64.1237920611,114.513177051015,120.08995409512,5.57677704410546,0.109999999992283,0.169999999997117,0,111.263629512612,3.39032112328419,3.86432121060391,-83.5514450353531,64.1236920611,64.1235320611,1079046,"2025_01_16_0013","2025_01_16_0013_ev00371_rec2","no",218773
372,2,64.1699220611,107.905794052234,112.197087099303,4.29129304706861,0.0900000000001455,26.1099999999885,23.7800000000021,101934.288405885,-101830.598252408,417272.48345299,-16.0663629078141,64.1698520611,64.1697620611,1083659,"2025_01_16_0013","2025_01_16_0013_ev00372_rec2","no",218774
373,2,64.1972520611,109.689020060698,112.734260235019,3.04524017432024,0.0199999999921374,0.200000000006639,0.910000000004629,91.6298006641959,19.6584393215052,37.2453453451577,-136.581914080854,64.1971720611,64.1971520611,1086392,"2025_01_16_0013","2025_01_16_0013_ev00373_rec2","no",218775
374,2,64.4824420611,101.151406710699,106.296233190278,5.14482647957936,0.0100000000031741,30.3799999999939,30.0000000000011,104.536968050369,3.33037781967948,3.01079381007662,115.066200160174,64.4820420611,64.4820020611,1114911,"2025_01_16_0013","2025_01_16_0013_ev00374_rec2","no",218776
375,2,64.5572320611,108.017953033637,110.455275745798,2.43732271216105,0.22999999998774,3.11999999999557,3.50999999999146,105.64300124956,5.02982344918548,8.19675919603156,-30.0862473311266,64.5571620611,64.5567020611,1122390,"2025_01_16_0013","2025_01_16_0013_ev00375_rec2","no",218777
376,2,64.5999320611,104.650197116512,108.314422172305,3.66422505579318,0.129999999998631,30.3499999999985,30.0000000000011,21409.7887961498,-21304.7978579864,942160.777020387,22.7233343035636,64.5997220611,64.5994320611,1126660,"2025_01_16_0013","2025_01_16_0013_ev00376_rec2","no",218778
377,2,64.6356020611,107.799162483564,112.986974354682,5.18781187111786,5.49999999999784,26.9399999999962,18.9100000000053,91600.0238788311,-91492.1570601109,934100.792267321,68.3834125199357,64.6348020611,64.6268020611,1130227,"2025_01_16_0013","2025_01_16_0013_ev00377_rec2","no",218779
378,2,64.6930920611,117.495160863639,124.782197445357,7.28703658171824,0.270000000000437,0.159999999993943,0,106.473244194858,12.9870100916001,17.2381964099503,-145.799298760503,64.6930920611,64.6926820611,1135976,"2025_01_16_0013","2025_01_16_0013_ev00378_rec2","no",218780
379,2,64.7152620611,111.333452715193,113.693540851245,2.36008813605221,0.129999999998631,22.7699999999942,21.2000000000074,357562.045805764,-357456.148940903,1200720.51374194,-27.5446319336641,64.7148720611,64.7147020611,1138193,"2025_01_16_0013","2025_01_16_0013_ev00379_rec2","no",218781
380,2,64.7474620611,106.139253003251,123.40054475945,17.2612917561997,5.74000000000296,14.3699999999995,30.0000000000011,112.860733113571,9.59852493846923,4.8688055598614,368.496447224474,64.7419520611,64.7361720611,1141413,"2025_01_16_0013","2025_01_16_0013_ev00380_rec2","no",218782
381,2,64.7928320611,110.885755916655,114.887817702886,4.00206178623139,1.78000000001077,19.5700000000016,20.6400000000002,109.77014394951,8.61388372097276,17.2106536503689,104.16833420271,64.7925120611,64.7907320611,1145950,"2025_01_16_0013","2025_01_16_0013_ev00381_rec2","no",218783
382,2,64.8296620611,111.965764595903,117.982644796061,6.0168802001581,0.159999999993943,0.190000000003465,0,108.693082821276,5.30424612028936,8.68592902956798,-52.7496369627403,64.8296420611,64.8294520611,1149633,"2025_01_16_0013","2025_01_16_0013_ev00382_rec2","no",218784
383,2,64.9057820611,108.674201879459,127.430023937152,18.7558220576929,1.69999999999959,20.6799999999987,24.9399999999866,99.627217464448,25.689125550991,52.587060417768,377.711409779203,64.9036520611,64.9018920611,1157245,"2025_01_16_0013","2025_01_16_0013_ev00383_rec2","no",218785
384,2,64.9806220611,115.194071994562,119.583819232457,4.38974723789578,0.250000000008299,0.959999999992078,0.979999999998427,113.660786201085,6.44804609910084,1.37402642551624,-36.0083417202953,64.9805920611,64.9803420611,1164729,"2025_01_16_0013","2025_01_16_0013_ev00384_rec2","no",218786
385,2,65.0742020611,114.453715901713,120.52018368189,6.06646778017702,0.0200000000063483,0.159999999993943,0.299999999995748,110.076137236802,8.27140997524397,1.33529469075392,-120.2148501388,65.0742020611,65.0741620611,1174087,"2025_01_16_0013","2025_01_16_0013_ev00385_rec2","no",218787
386,2,65.2478720611,113.314663506366,127.440614650819,14.1259511444528,1.35000000000218,15.9699999999958,0,48353.0531727249,-48234.3824906425,411571.352597698,232.844569181212,65.2473220611,65.2459420611,1191454,"2025_01_16_0013","2025_01_16_0013_ev00386_rec2","no",218788
387,2,65.2803820611,114.017099335643,133.505585870392,19.488486534749,8.45999999999947,13.8000000000034,7.9900000000066,97.8620722521185,28.2957977699896,41.7574400034903,250.079213970569,65.2776120611,65.2682320611,1194705,"2025_01_16_0013","2025_01_16_0013_ev00387_rec2","no",218789
388,2,65.4298820611,108.053764659389,113.237166146023,5.18340148663377,0.060000000004834,8.31999999999766,9.30999999999926,-39942.0611377735,40058.060422604,61843.6413706561,-52.7376114200517,65.4298620611,65.4298020611,1209655,"2025_01_16_0013","2025_01_16_0013_ev00388_rec2","no",218790
389,2,65.6578020611,105.682451596294,113.731539960333,8.04908836403951,0.10000000000332,0.129999999998631,0.58000000001357,104.827299863672,4.99486160490629,2.20549857460352,-13.84934236316,65.6577720611,65.6576020611,1232447,"2025_01_16_0013","2025_01_16_0013_ev00389_rec2","no",218791
390,2,65.7560620611,113.870816375391,122.006107106872,8.13529073148133,0.0900000000001455,0.500000000002387,0,108.504605981655,7.51508212476192,4.31995386478167,-128.316060706392,65.7560320611,65.7551820611,1242273,"2025_01_16_0013","2025_01_16_0013_ev00390_rec2","no",218792
391,2,65.8010120611,111.260662759955,114.265807147969,3.00514438801443,0.0399999999984857,0.0100000000031741,0,106.737403273755,5.09508999252049,5.73743920917744,-106.522758822933,65.8010020611,65.8009620611,1246768,"2025_01_16_0013","2025_01_16_0013_ev00391_rec2","no",218793
392,2,65.9668020611,107.184207139721,115.506282794575,8.32207565485393,0.939999999999941,30.7699999999897,29.9999999999869,110.824824990755,7.53885495695674,14.7849361435302,228.945102407339,65.9642920611,65.9632020611,1263347,"2025_01_16_0013","2025_01_16_0013_ev00392_rec2","no",218794
393,2,66.1199120611,112.695144709669,117.836513667762,5.14136895809328,0.0500000000016598,0.260000000011473,0.0199999999921374,109.483563820035,5.17092320015697,2.00621885645812,-84.8308046472151,66.1197520611,66.1196320611,1278658,"2025_01_16_0013","2025_01_16_0013_ev00393_rec2","no",218795
394,2,66.1689720611,111.430852516216,115.873054197821,4.44220168160544,0.0900000000001455,0.309999999998922,0,107.15359846307,5.76593046722221,2.71870437939009,-111.443716317736,66.1686120611,66.1684920611,1283564,"2025_01_16_0013","2025_01_16_0013_ev00394_rec2","no",218796
395,2,66.2333320611,108.682986745029,110.919859845608,2.23687310057898,0.150000000004979,2.08999999999548,2.27999999999895,107.598580036865,3.23919709563668,4.32011316279672,-17.5249808579106,66.2331220611,66.2329020611,1290000,"2025_01_16_0013","2025_01_16_0013_ev00395_rec2","no",218797
396,2,66.3210620611,110.41482707132,114.276968259316,3.86214118799543,0.150000000004979,0.420000000005416,0.410000000002242,108.880204508487,8.59891480504522,0.384651925492611,-41.7890834866714,66.3209620611,66.3207720611,1298773,"2025_01_16_0013","2025_01_16_0013_ev00396_rec2","no",218798
397,2,66.6003820611,107.093362563823,110.432491053335,3.33912848951286,0.240000000005125,0.060000000004834,0.270000000000437,104.890592313799,3.62956364388009,5.00211016055816,-47.0168635643088,66.6003320611,66.6000720611,1326705,"2025_01_16_0013","2025_01_16_0013_ev00397_rec2","no",218799
398,2,66.6756920611,109.283101347937,115.299983724518,6.01688237658051,0.0500000000016598,0.0100000000031741,0,102.197354784851,7.13277378545564,23.7647251901074,-90.9306547813916,66.6756920611,66.6756420611,1334236,"2025_01_16_0013","2025_01_16_0013_ev00398_rec2","no",218800
399,2,66.8427520611,113.326561012862,117.912423538502,4.58586252563981,0.0100000000031741,0.0199999999921374,0,109.008953332971,5.40805729056399,5.49637153564957,-99.8029107178031,66.8427120611,66.8427020611,1350942,"2025_01_16_0013","2025_01_16_0013_ev00399_rec2","no",218801
400,2,66.8754420611,112.452223398208,116.888291701405,4.43606830319706,0.280000000003611,0.0900000000001455,0,108.178071533745,4.69681826569899,1.93019436389214,-119.32812759739,66.8754120611,66.8748020611,1354211,"2025_01_16_0013","2025_01_16_0013_ev00400_rec2","no",218802
401,2,66.9178320611,108.416414416285,113.024521384219,4.60810696793402,0.299999999995748,0.309999999998922,0,100.888620440978,7.15146239982836,18.7849804160317,-117.976637739544,66.9178120611,66.9175020611,1358450,"2025_01_16_0013","2025_01_16_0013_ev00401_rec2","no",218803
402,2,67.1589720611,103.225877410537,108.829384753366,5.60350734282919,2.65000000000271,32.9699999999917,30.0000000000011,107.382092240672,4.28818913036308,4.63718342998496,169.89267047789,67.1586220611,67.1559420611,1382564,"2025_01_16_0013","2025_01_16_0013_ev00402_rec2","no",218804
403,2,67.4115220611,110.677015918355,113.56164803329,2.88463211493527,0.0100000000031741,0.119999999995457,0.129999999998631,106.859933420787,8.53079775725437,0.22529658485036,-112.45437613708,67.4113920611,67.4113720611,1407819,"2025_01_16_0013","2025_01_16_0013_ev00403_rec2","no",218805
404,2,67.4800620611,111.61327309594,119.40244331487,7.78917021893011,0.00999999998896328,0.0299999999953116,0,109.435649271371,4.3244003469994,1.25060901732015,-59.8025547492375,67.4800620611,67.4799920611,1414673,"2025_01_16_0013","2025_01_16_0013_ev00404_rec2","no",218806
405,2,67.6033320611,112.592726863399,118.176663447038,5.58393658363839,0.129999999998631,0.159999999993943,0,97.4876245415483,16.675224104826,54.087095711209,-68.5669822059122,67.6032620611,67.6031020611,1427000,"2025_01_16_0013","2025_01_16_0013_ev00405_rec2","no",218807
406,2,67.7097820611,104.233833578211,107.025636046203,2.79180246799179,6.70999999999822,13.9499999999941,0,120.052823377587,-10.7213006959825,6428.90256274681,295.840603882647,67.6895020611,67.6811920611,1437645,"2025_01_16_0013","2025_01_16_0013_ev00406_rec2","no",218808
407,2,67.7811220611,112.989762058058,117.891920477313,4.90215841925475,0.0200000000063483,2.74000000000285,3.88999999999839,109.472650549898,7.23135671999446,12.7597666996579,-20.3569671072492,67.7808620611,67.7808120611,1444779,"2025_01_16_0013","2025_01_16_0013_ev00407_rec2","no",218809
408,2,67.9147620611,109.050382940578,113.70715785746,4.65677491688278,0.0900000000001455,4.40000000000396,4.54999999999472,108.046532612856,6.77305758746542,5.00486544040747,8.67043775130876,67.9139620611,67.9138420611,1458143,"2025_01_16_0013","2025_01_16_0013_ev00408_rec2","no",218810
409,2,68.0220820611,109.633192800223,112.303720347081,2.67052754685756,0.190000000003465,6.48999999999944,30.0000000000011,110.665334681323,3.67779090810409,2.48753604779194,41.3061255894711,68.0219320611,68.0217420611,1468875,"2025_01_16_0013","2025_01_16_0013_ev00409_rec2","no",218811
410,2,68.0905920611,112.015508783497,115.625285014872,3.60977623137506,0.149999999990769,0.060000000004834,0,109.624781351273,3.15329350752153,2.92849763039693,-61.8580324850853,68.0905620611,68.0903920611,1475726,"2025_01_16_0013","2025_01_16_0013_ev00410_rec2","no",218812
411,3,80.1152780919838,107.624163892888,112.899079821979,5.27491592909075,0.349999999997408,17.5899999999984,21.8200000000053,107.648800441837,7.28140980876967,16.4116485217145,106.11414673894,80.1148480919838,80.1144880919838,11528,"2025_01_16_0013","2025_01_16_0013_ev00411_rec3","no",218813
412,3,80.1642780919838,110.222560721647,115.625827375455,5.40326665380847,0.060000000004834,0.320000000002096,0.360000000000582,107.215585079416,6.0618224042808,1.89600321360446,-77.2798895106665,80.1640880919838,80.1640280919838,16428,"2025_01_16_0013","2025_01_16_0013_ev00412_rec3","no",218814
413,3,80.2838880919838,109.597233220054,121.195169357984,11.5979361379298,0.730000000004338,0.0200000000063483,0,106.491604555827,7.25063728944649,4.6744010036102,-56.3528632425023,80.2838580919838,80.2830480919838,28389,"2025_01_16_0013","2025_01_16_0013_ev00413_rec3","no",218815
414,3,80.4396780919838,110.955264922805,128.169386709218,17.2141217864125,1.48000000000081,10.9199999999987,12.6800000000031,109.083104554797,17.8297604134496,16.4362216763024,306.079389496181,80.4311380919838,80.4296180919838,43968,"2025_01_16_0013","2025_01_16_0013_ev00414_rec3","no",218816
415,3,80.5083280919838,114.960460055602,117.122202419259,2.16174236365629,0.369999999989545,0.839999999996621,0,95.2265199718148,20.5206504662899,62.4434848218678,-99.8313180627329,80.5078180919838,80.5066080919838,50833,"2025_01_16_0013","2025_01_16_0013_ev00415_rec3","no",218817
416,3,80.6144480919838,106.315035855222,125.752181174222,19.4371453190006,2.62999999999636,16.2699999999916,27.00999999999,112.231816347959,11.7464893621566,12.1613536288341,358.413321935623,80.6130680919838,80.6103080919838,61445,"2025_01_16_0013","2025_01_16_0013_ev00416_rec3","no",218818
417,3,80.6519180919838,114.720840698895,121.882449929232,7.16160923033657,0.149999999990769,0.160000000008154,0.169999999997117,113.00192796326,4.72824282677518,2.13832043219816,-40.544106961857,80.6518380919838,80.6516880919838,65192,"2025_01_16_0013","2025_01_16_0013_ev00417_rec3","no",218819
418,3,80.7231480919838,112.549897501221,124.381732179007,11.8318346777858,2.26999999999578,11.2099999999913,15.5699999999968,112.75845837145,10.6561873821642,16.5946171654096,172.453484538389,80.7231280919838,80.7207280919838,72315,"2025_01_16_0013","2025_01_16_0013_ev00418_rec3","no",218820
419,3,80.8299980919838,107.815230759667,110.14004142974,2.32481067007393,0.289999999992574,1.00000000000477,1.0599999999954,105.524915792185,5.09511617250622,2.19717709679146,-56.5599703091253,80.8299080919838,80.8295880919838,83000,"2025_01_16_0013","2025_01_16_0013_ev00419_rec3","no",218821
420,3,80.9116380919838,109.302005231604,116.686671419262,7.38466618765783,0.149999999990769,0.889999999998281,2.049999999997,108.648532335451,5.24506598455422,4.68789546806489,6.43876245934889,80.9115580919838,80.9114080919838,91164,"2025_01_16_0013","2025_01_16_0013_ev00420_rec3","no",218822
421,3,80.9780280919838,111.728037917211,113.993964834446,2.26592691723459,0.0200000000063483,0.950000000003115,1.36999999999432,108.788338796995,4.74754654558926,6.00422573227258,-59.8120527755541,80.9780280919838,80.9778180919838,97803,"2025_01_16_0013","2025_01_16_0013_ev00421_rec3","no",218823
422,3,81.0514080919838,108.683534524468,113.595669397102,4.91213487263356,0.10000000000332,1.78999999999974,2.69000000000119,107.180653689315,5.000333411358,6.56407732477066,-11.0239036646173,81.0512080919838,81.0511080919838,105141,"2025_01_16_0013","2025_01_16_0013_ev00422_rec3","no",218824
423,3,81.1096580919838,107.449286847441,112.093216326051,4.64392947861057,0.0399999999984857,0.0300000000095224,0,103.360930904984,5.44318512945277,4.20417878204325,-99.2569606202064,81.1095680919838,81.1094880919838,110966,"2025_01_16_0013","2025_01_16_0013_ev00423_rec3","no",218825
424,3,81.3402380919838,100.645626339552,104.799926802077,4.15430046252513,1.49000000000399,0.419999999991205,0,152511.830522625,-152408.337352462,1015392.83177903,166.371706768199,81.3399180919838,81.3384280919838,134024,"2025_01_16_0013","2025_01_16_0013_ev00424_rec3","no",218826
425,3,81.5598280919838,112.120050150867,116.996221211481,4.87617106061377,0.0900000000001455,0.330000000005271,2.75999999999499,102.871665109426,11.7046021253377,48.2314670881383,-12.9628906638192,81.5591880919838,81.5590080919838,155983,"2025_01_16_0013","2025_01_16_0013_ev00425_rec3","no",218827
426,3,81.5781480919838,109.887788801048,113.22693132394,3.33914252289216,0.0399999999984857,2.36000000001013,2.68000000001223,108.578737003903,5.57342099276884,3.41347529251517,-18.5758972598591,81.5779080919838,81.5776980919838,157815,"2025_01_16_0013","2025_01_16_0013_ev00426_rec3","no",218828
427,3,81.7133280919838,106.804736230856,127.148875470356,20.3441392395009,2.58999999999787,33.4600000000052,30.0000000000011,110.22785389251,14.821440754054,31.5992660658079,527.477886576925,81.7066880919838,81.7037680919838,171333,"2025_01_16_0013","2025_01_16_0013_ev00427_rec3","no",218829
428,3,81.7446780919838,116.520947952303,122.759428498059,6.23848054575608,0.0399999999984857,0.489999999999213,0.829999999993447,111.467935862607,8.71974190080147,4.90725560545311,-107.838306322415,81.7445580919838,81.7444880919838,174468,"2025_01_16_0013","2025_01_16_0013_ev00428_rec3","no",218830
429,3,81.8960280919838,116.210018764681,124.840016323664,8.62999755898325,0.140000000001805,0.10000000000332,0,113.906980065609,4.5125636590377,1.24088133384,-62.9374603429198,81.8960280919838,81.8957380919838,189603,"2025_01_16_0013","2025_01_16_0013_ev00429_rec3","no",218831
430,3,81.9226280919838,107.158861518773,115.136013027317,7.97715150854386,0.500000000002387,30.7899999999961,30.0000000000011,112.085729005625,4.61449298570535,7.36887331571479,188.422694378959,81.9222880919838,81.9217880919838,192263,"2025_01_16_0013","2025_01_16_0013_ev00430_rec3","no",218832
431,3,82.0096080919838,113.450265829945,117.444406947677,3.99414111773194,0.0399999999984857,0.0399999999984857,0,110.844619339172,3.65393252355799,2.26407475475011,-69.2259433416438,82.0094480919838,82.0094080919838,200961,"2025_01_16_0013","2025_01_16_0013_ev00431_rec3","no",218833
432,3,82.0611680919838,114.498314592224,119.026511223902,4.52819663167801,0.0699999999937972,0.260000000011473,0,-29870.6770496615,29985.7017813524,152822.440878603,-70.7674342393954,82.0609280919838,82.0608480919838,206117,"2025_01_16_0013","2025_01_16_0013_ev00432_rec3","no",218834
433,3,82.2166380919838,108.449827339484,115.244001140972,6.79417380148735,0.140000000001805,0.0500000000016598,0,-29059.0680406858,29167.4948141556,318626.190725719,-41.0779913963766,82.2166080919838,82.2164680919838,221664,"2025_01_16_0013","2025_01_16_0013_ev00433_rec3","no",218835
434,3,82.2808680919838,109.044004353361,113.475326522085,4.43132216872364,0.0100000000031741,0.0399999999984857,0,105.894754767071,4.11590384363561,4.36130388831367,-75.8117543979301,82.2806580919838,82.2806180919838,228087,"2025_01_16_0013","2025_01_16_0013_ev00434_rec3","no",218836
435,3,82.3666380919838,113.935608115344,117.139970133809,3.20436201846421,0.0199999999921374,0.110000000006494,0.270000000000437,109.041174510697,6.58901313364483,3.30338490574562,-124.9416894464,82.3665680919838,82.3665480919838,236664,"2025_01_16_0013","2025_01_16_0013_ev00435_rec3","no",218837
436,3,82.6252580919838,111.068362677372,118.222566386604,7.15420370923279,0.180000000000291,30.1900000000046,30.0000000000011,19153.582276525,-19043.9889437496,648844.001645584,-29.7311728573652,82.6252280919838,82.6249680919838,262526,"2025_01_16_0013","2025_01_16_0013_ev00436_rec3","no",218838
437,3,82.6577280919838,112.088261690147,117.06942998953,4.98116829938333,0.469999999992865,3.59000000000265,3.64000000000431,108.224457733958,7.55484265095196,12.9769458234001,-23.1490637361558,82.6574980919838,82.6562380919838,265773,"2025_01_16_0013","2025_01_16_0013_ev00437_rec3","no",218839
438,3,82.7507580919838,108.900017335001,118.653064314484,9.75304697948337,0.0399999999984857,30.060000000006,30.0000000000011,114.80802060074,-6.17538729728915,97.590813597929,17.9881418586455,82.7507580919838,82.7506880919838,275076,"2025_01_16_0013","2025_01_16_0013_ev00438_rec3","no",218840
439,3,82.7967280919838,104.856721796536,108.665735314015,3.80901351747941,0.169999999997117,12.3700000000042,13.7300000000096,98.7322844261503,12.4799567434034,27.1977532827679,45.1139191737214,82.7963780919838,82.7962080919838,279673,"2025_01_16_0013","2025_01_16_0013_ev00439_rec3","no",218841
440,3,82.8938280919838,109.116857779637,115.377672210629,6.26081443099216,0.520000000008736,3.05999999999074,1.86000000000774,89.9182901311668,32.7652418838562,4.42789904951623,-424.537088558922,82.8934580919838,82.8922780919838,289383,"2025_01_16_0013","2025_01_16_0013_ev00440_rec3","no",218842
441,3,82.9374580919838,97.5460893820522,106.347522474437,8.80143309238511,1.08000000000175,28.6600000000021,21.339999999995,143362.610497603,-143265.32296634,869906.850123898,68.4630127289897,82.9374280919838,82.9355380919838,293746,"2025_01_16_0013","2025_01_16_0013_ev00441_rec3","no",218843
442,3,83.0333180919838,111.047921670164,119.002243361391,7.95432169122635,1.33999999999901,3.86000000000308,9.95999999999242,96.5923648386638,19.0473582265018,110.042430739044,78.9558299674183,83.0324380919838,83.0308280919838,303332,"2025_01_16_0013","2025_01_16_0013_ev00442_rec3","no",218844
443,3,83.1539580919838,110.010156839262,118.594442582335,8.58428574307369,0.0799999999969714,0.159999999993943,0,106.548207875031,5.63208901162641,1.72393596414547,-93.5338554109835,83.1539280919838,83.1537580919838,315396,"2025_01_16_0013","2025_01_16_0013_ev00443_rec3","no",218845
444,3,83.3519280919838,110.647196663419,112.660580198044,2.01338353462582,0.190000000003465,2.07000000000335,1.85000000000457,108.594813901051,6.08841773290504,2.37643357502644,-42.7159543318834,83.3508080919838,83.3499480919838,335193,"2025_01_16_0013","2025_01_16_0013_ev00444_rec3","no",218846
445,3,83.5051980919838,109.730618129284,114.83410187318,5.10348374389655,0.180000000000291,30.1200000000108,30.0000000000011,34134.2018273361,-34026.4150555618,429412.76881703,-22.0230583048148,83.5051580919838,83.5048980919838,350520,"2025_01_16_0013","2025_01_16_0013_ev00445_rec3","no",218847
446,3,83.6702580919838,109.968939827501,113.174078571752,3.2051387442511,0.320000000002096,0.140000000001805,0.559999999993011,99.3774618109912,12.0858186258637,21.6623191424956,-121.053599770533,83.6702280919838,83.6696280919838,367026,"2025_01_16_0013","2025_01_16_0013_ev00446_rec3","no",218848
447,3,83.7285180919838,109.122149305183,112.462748678377,3.34059937319365,0.300000000009959,30.2900000000079,30.0000000000011,11765.9746880836,-11658.1706453369,377227.67081555,-23.8994473182938,83.7285180919838,83.7281680919838,372852,"2025_01_16_0013","2025_01_16_0013_ev00447_rec3","no",218849
448,3,83.7777580919838,111.959005354765,114.761813099616,2.80280774485131,0.259999999997262,0.060000000004834,0,-86987.3873888444,87097.8689945098,439754.497831692,-133.156391878156,83.7777580919838,83.7774980919838,377776,"2025_01_16_0013","2025_01_16_0013_ev00448_rec3","no",218850
449,3,83.7938480919838,108.74126009215,117.022597257746,8.28133716559624,0.0799999999969714,0.0699999999937972,0,105.586039350124,5.70829697928617,2.05110598775773,-82.6007733873793,83.7938480919838,83.7937380919838,379385,"2025_01_16_0013","2025_01_16_0013_ev00449_rec3","no",218851
450,3,83.8168080919838,107.70307382784,109.82441791832,2.12134409048048,0.219999999998777,0.869999999991933,0.509999999991351,104.940554680287,4.68547319226338,1.82703984022474,-72.3893875481397,83.8164880919838,83.8162680919838,381681,"2025_01_16_0013","2025_01_16_0013_ev00450_rec3","no",218852
451,3,84.0437980919838,109.923704468378,111.999504089355,2.07579962097772,0.0500000000016598,3.12999999999874,3.14999999999088,99.871227724182,13.8046995479021,12.9518026152579,-139.315176482248,84.0435280919838,84.0434780919838,404380,"2025_01_16_0013","2025_01_16_0013_ev00451_rec3","no",218853
452,3,84.1240480919838,106.593964756125,109.558097839355,2.96413308323019,0.0900000000001455,1.32999999999583,1.87999999999988,104.129955509797,4.53684907380145,7.75274886789605,-38.17247447401,84.1238380919838,84.1237480919838,412405,"2025_01_16_0013","2025_01_16_0013_ev00452_rec3","no",218854
453,3,84.1803580919838,108.926595480135,115.356437683105,6.42984220297029,0.0399999999984857,0.109999999992283,0.110000000006494,106.711000421485,4.81892396278462,2.3569078159427,-54.3964952525528,84.1802680919838,84.1802180919838,418036,"2025_01_16_0013","2025_01_16_0013_ev00453_rec3","no",218855
454,3,84.2193580919838,107.394673489108,109.558097839355,2.16342435024752,0.0700000000080081,2.16999999999246,2.21000000000515,84.1447961266447,26.9447431634267,19.45750093166,-284.406469363977,84.2191580919838,84.2190880919838,421936,"2025_01_16_0013","2025_01_16_0013_ev00454_rec3","no",218856
455,3,84.3166080919838,101.013175964355,104.980461120605,3.96728515625,0.339999999994234,30.3100000000001,30.0000000000011,105.444763298679,1.11415041763233,2.4330439612443,138.104248046875,84.3166080919838,84.3162680919838,431661,"2025_01_16_0013","2025_01_16_0013_ev00455_rec3","no",218857
456,3,84.3765980919838,112.389283057487,118.713371276855,6.32408821936882,0.230000000001951,0.349999999997408,1.41999999999598,110.531359010815,5.2354196445276,6.44693941267233,-21.3976265180227,84.3764380919838,84.3761280919838,437660,"2025_01_16_0013","2025_01_16_0013_ev00456_rec3","no",218858
457,3,84.4137280919838,109.848165908662,119.628898620605,9.78073271194307,0.950000000003115,15.1600000000087,9.01000000000352,111.075483251873,8.58084615702484,7.05519957649207,156.783649708965,84.4051380919838,84.4041580919838,441373,"2025_01_16_0013","2025_01_16_0013_ev00457_rec3","no",218859
458,3,84.4650780919838,112.990569992821,120.544425964355,7.55385597153466,0.0700000000080081,0.219999999998777,0,110.132871093331,5.37000817478509,3.21688093581267,-68.1004137095836,84.4650480919838,84.4648480919838,446508,"2025_01_16_0013","2025_01_16_0013_ev00458_rec3","no",218860
459,3,84.4953180919838,113.371284333786,117.187492370605,3.8162080368193,0.289999999992574,0.180000000000291,0,-26767.490129233,26879.4824792931,172821.292023316,-110.806984476524,84.4953180919838,84.4949780919838,449532,"2025_01_16_0013","2025_01_16_0013_ev00459_rec3","no",218861
460,3,84.5138380919838,109.956941434652,118.103019714355,8.14607827970298,0.0799999999969714,0.0300000000095224,0,104.532104142182,5.61089130104287,15.1880855787797,-88.7141614857285,84.5137880919838,84.5136680919838,451384,"2025_01_16_0013","2025_01_16_0013_ev00460_rec3","no",218862
461,3,84.5718780919838,106.370370619368,123.901359558105,17.5309889387376,0.669999999999504,15.5499999999904,15.6400000000048,106.333463384969,15.9143749924363,17.5394147997164,296.72676343559,84.5669680919838,84.5661880919838,457188,"2025_01_16_0013","2025_01_16_0013_ev00461_rec3","no",218863
462,3,84.6374980919838,115.078455783353,125.732414245605,10.6539584622525,0.70999999999799,15.0399999999991,16.7000000000002,-151.790706676554,279.904081367063,505.565936262124,157.803664886172,84.6369480919838,84.6361380919838,463750,"2025_01_16_0013","2025_01_16_0013_ev00462_rec3","no",218864
463,3,84.6730880919838,114.08134679511,120.544425964355,6.46307916924505,0.0799999999969714,0.280000000003611,0.0299999999953116,111.869295940139,4.62444534874185,5.84357381708507,-38.2804341835551,84.6729080919838,84.6727680919838,467309,"2025_01_16_0013","2025_01_16_0013_ev00463_rec3","no",218865
464,3,84.8934680919838,112.380218430321,118.408195495605,6.02797706528466,0.0799999999969714,0.0999999999891088,0,105.73736028434,7.23556767456969,20.1715328121614,-85.9120435053757,84.8933980919838,84.8932980919838,489347,"2025_01_16_0013","2025_01_16_0013_ev00464_rec3","no",218866
465,3,84.9970880919838,106.32202594115,138.24462890625,31.9226029651,9.88999999999862,25.6499999999988,18.1699999999978,-862135.779478597,862283.563852681,528342.852248849,732.148337195368,84.9946980919838,84.9846080919838,499709,"2025_01_16_0013","2025_01_16_0013_ev00465_rec3","no",218867
466,3,85.0476680919838,94.7223247112614,106.506340026855,11.7840153155941,0.749999999996476,11.1599999999896,8.44999999999629,105.369038507248,2.74708308540642,0.251423846907975,340.28903470181,85.0455980919838,85.0447580919838,504767,"2025_01_16_0013","2025_01_16_0013_ev00466_rec3","no",218868
467,3,85.0710280919838,104.660177627412,116.271965026855,11.6117873994431,1.3100000000037,4.21999999998945,3.53000000001202,86.3256692135384,26.2975371867607,23.5095407426063,-94.0325142133352,85.0704180919838,85.0687180919838,507103,"2025_01_16_0013","2025_01_16_0013_ev00467_rec3","no",218869
468,3,85.1303080919838,102.862359906187,110.168449401855,7.30608949566832,0.799999999998136,4.27000000000533,2.08000000000652,97.2839563978901,9.85367844416839,11.9729582169632,-47.6590147112856,85.1273680919838,85.1265680919838,513031,"2025_01_16_0013","2025_01_16_0013_ev00468_rec3","no",218870
469,3,85.3234980919838,107.660569219306,110.168449401855,2.5078801825495,0.22999999998774,1.12000000000023,0.820000000004484,105.482471021158,4.08812000284523,2.99035831708553,-52.8140681804999,85.3230380919838,85.3228080919838,532350,"2025_01_16_0013","2025_01_16_0013_ev00469_rec3","no",218871
470,3,85.4286580919838,109.355654499318,117.797843933105,8.44218943378714,0.0900000000001455,0.109999999992283,0.210000000009813,106.796373867916,5.86986472494924,6.54356111220015,-37.7999938360533,85.4285680919838,85.4284480919838,542866,"2025_01_16_0013","2025_01_16_0013_ev00470_rec3","no",218872
471,3,85.7709480919838,117.607486762623,125.122062683105,7.51457592048267,2.29000000000212,5.18999999999892,0.0200000000063483,107.40042866932,12.99708435013,27.5455702639351,-60.2534076192121,85.7677780919838,85.7653980919838,577095,"2025_01_16_0013","2025_01_16_0013_ev00471_rec3","no",218873
472,3,85.9430580919838,114.752129205383,123.901359558105,9.14923035272277,2.61999999999318,13.3299999999963,7.54999999999484,112.04562704314,9.95179038227847,15.3906027300881,92.9141662945132,85.9371280919838,85.9344780919838,594306,"2025_01_16_0013","2025_01_16_0013_ev00472_rec3","no",218874
473,3,85.9918880919838,114.175014609157,117.187492370605,3.01247776144803,0.129999999998631,0.360000000000582,0.60999999999467,110.779112948882,5.3030796480876,3.75161358162172,-81.5345688621595,85.9918880919838,85.9917580919838,599189,"2025_01_16_0013","2025_01_16_0013_ev00473_rec3","no",218875
474,3,86.0108580919838,109.793778145667,116.882316589355,7.08853844368812,0.140000000001805,0.240000000005125,2.34000000000378,105.851991104636,7.49630858889519,17.6326398549704,-8.99430076674648,86.0107480919838,86.0106080919838,601086,"2025_01_16_0013","2025_01_16_0013_ev00474_rec3","no",218876
475,3,86.0511180919838,108.337394714355,112.915031433105,4.57763671875,0.119999999995457,26.7900000000054,29.0999999999997,-29994.684541925,30108.8361604405,212618.255846172,121.990966796875,86.0493580919838,86.0492080919838,605112,"2025_01_16_0013","2025_01_16_0013_ev00475_rec3","no",218877
476,3,86.1054880919838,110.455495928774,117.187492370605,6.73199644183168,0.209999999995603,1.32999999999583,1.91999999999837,108.504126383317,7.27322419226208,3.88479224569816,-29.0478847994663,86.1054280919838,86.1051680919838,610549,"2025_01_16_0013","2025_01_16_0013_ev00476_rec3","no",218878
477,3,86.1940980919838,107.116691589355,112.304679870605,5.18798828125,0.0900000000001455,5.24000000001479,7.72000000000617,108.553532379915,5.18506254254351,3.25213264077043,63.12255859375,86.1937980919838,86.1937080919838,619410,"2025_01_16_0013","2025_01_16_0013_ev00477_rec3","no",218879
478,3,86.4633580919838,110.917791914232,136.1083984375,25.1906065232683,1.19000000000824,15.979999999999,17.2699999999963,117.818008770403,16.0607696525965,9.12650222352227,490.264120246208,86.4576480919838,86.4564380919838,646336,"2025_01_16_0013","2025_01_16_0013_ev00478_rec3","no",218880
479,3,86.5709380919838,109.70011033162,113.525382995605,3.82527266398515,0.0799999999969714,0.790000000009172,0.690000000005853,108.173156056656,5.88608185124717,0.990490472409321,-38.7507221486309,86.5707380919838,86.5706580919838,657094,"2025_01_16_0013","2025_01_16_0013_ev00479_rec3","no",218881
480,3,86.7413980919838,109.730325755506,113.220207214355,3.48988145884901,0.049999999987449,0.190000000003465,0,105.905046708278,4.1178752477927,10.3817697389775,-73.3288453357054,86.7411980919838,86.7411480919838,674140,"2025_01_16_0013","2025_01_16_0013_ev00480_rec3","no",218882
481,3,86.7929880919838,110.839231812128,116.271965026855,5.43273321472772,0.0800000000111822,0.0700000000080081,0,107.677361914198,3.57429068734396,3.93172023376841,-80.4374166054302,86.7929480919838,86.7928480919838,679299,"2025_01_16_0013","2025_01_16_0013_ev00481_rec3","no",218883
482,3,86.9947080919838,109.4402576862,112.915031433105,3.47477374690594,0.120000000009668,0.399999999999068,0,107.437437570338,3.21787656865192,0.979495949552216,-56.0959315536046,86.9943680919838,86.9942480919838,699471,"2025_01_16_0013","2025_01_16_0013_ev00482_rec3","no",218884
483,3,87.0431680919838,106.201164245605,108.947746276855,2.74658203125,0.0500000000016598,30.9200000000089,30.0000000000011,108.137218390903,3.90780882676419,2.35329459362132,72.00927734375,87.0422680919838,87.0421880919838,704317,"2025_01_16_0013","2025_01_16_0013_ev00483_rec3","no",218885
484,3,87.0884680919838,111.860513139479,116.271965026855,4.41145188737623,0.120000000009668,2.7199999999965,3.10000000000343,107.364643631015,9.36039969508457,7.31174075432774,-67.1919265595995,87.0882480919838,87.0881180919838,708847,"2025_01_16_0013","2025_01_16_0013_ev00484_rec3","no",218886
485,3,87.1960180919838,106.506340026855,111.999504089355,5.4931640625,0.320000000002096,18.7899999999956,23.1399999999979,-14929.4960074323,15041.0345229234,116004.162693178,100.991821289062,87.1951080919838,87.1947880919838,719602,"2025_01_16_0013","2025_01_16_0013_ev00485_rec3","no",218887
486,3,87.2337580919838,110.603551505816,115.356437683105,4.75288617728961,0.239999999990914,0.140000000001805,0,106.458613812209,5.80583969907648,4.71136671494396,-96.0455715066134,87.2336880919838,87.2334480919838,723376,"2025_01_16_0013","2025_01_16_0013_ev00486_rec3","no",218888
487,3,87.2991880919838,111.123256796657,126.953117370605,15.829860573948,1.30000000000052,3.34999999999752,4.14999999999566,111.16021445616,9.89484570268142,7.8253716495193,90.1753039225967,87.2987480919838,87.2974180919838,729919,"2025_01_16_0013","2025_01_16_0013_ev00487_rec3","no",218889
488,3,87.4234980919838,104.980461120605,108.032218933105,3.0517578125,0.360000000000582,10.2899999999977,12.8999999999877,106.004136876966,4.56121102479746,3.42424077485831,60.6201171875,87.4210880919838,87.4207280919838,742350,"2025_01_16_0013","2025_01_16_0013_ev00488_rec3","no",218890
489,3,87.5058980919838,107.745172406187,111.999504089355,4.25433168316832,0.0599999999906231,3.02999999999543,3.12999999999874,90.1249802068742,24.5437758858093,12.738987584171,-243.635287143216,87.5056680919838,87.5056080919838,750590,"2025_01_16_0013","2025_01_16_0013_ev00489_rec3","no",218891
490,3,87.6040180919838,100.732172522214,122.070304870605,21.3381323483911,0.529999999997699,13.0900000000054,28.9300000000026,108.099998459433,13.8764895290538,8.84517657211339,350.445466146941,87.6038080919838,87.6030780919838,760402,"2025_01_16_0013","2025_01_16_0013_ev00490_rec3","no",218892
491,3,87.6490480919838,115.709958142573,122.070304870605,6.36034672803218,0.240000000005125,1.8400000000014,0.339999999994234,111.047753930313,7.67438500485315,3.80414220717221,-109.061439438621,87.6473980919838,87.6469280919838,764905,"2025_01_16_0013","2025_01_16_0013_ev00491_rec3","no",218893
493,3,87.7998780919838,116.042327805321,118.713371276855,2.67104347153466,0.060000000004834,0.110000000006494,0.119999999995457,113.277915620305,7.36468756863115,0.17210366741562,-80.8888199305768,87.7997280919838,87.7996680919838,779988,"2025_01_16_0013","2025_01_16_0013_ev00493_rec3","no",218895
494,3,87.8761680919838,115.036154189912,125.427238464355,10.3910842744431,1.54999999999461,10.5199999999996,3.86000000000308,110.882406573103,11.7419466145397,10.0554375843137,40.3546328448307,87.8691680919838,87.8673980919838,787617,"2025_01_16_0013","2025_01_16_0013_ev00494_rec3","no",218896
495,3,87.9974180919838,109.113931108229,115.661613464355,6.54768235612623,0.700000000009027,1.33000000001005,0.289999999992574,108.07520019967,3.89211487149754,2.4604426265857,-17.5422743995593,87.9966080919838,87.9958780919838,799742,"2025_01_16_0013","2025_01_16_0013_ev00495_rec3","no",218897
496,3,88.1572580919838,110.721391658972,115.966789245605,5.24539758663366,0.459999999989691,0.630000000001019,0.210000000009813,107.697453154962,5.15234641429817,5.64916379343738,-59.6480870010831,88.1566680919838,88.1562080919838,815726,"2025_01_16_0013","2025_01_16_0013_ev00496_rec3","no",218898
497,3,88.5480580919838,112.485972413922,116.271965026855,3.78599261293317,0.169999999997117,2.92999999999211,2.33000000000061,106.944606691387,11.5950845398488,4.53809892074894,-109.660399786316,88.5467980919838,88.5466080919838,854806,"2025_01_16_0013","2025_01_16_0013_ev00497_rec3","no",218899
498,3,88.7241080919838,108.376674765407,110.473625183105,2.09695041769803,0.319999999987886,1.04000000000326,0.749999999996476,103.77958284707,7.3363236735081,2.42226537802123,-118.879820568727,88.7239180919838,88.7235280919838,872411,"2025_01_16_0013","2025_01_16_0013_ev00498_rec3","no",218900
499,3,88.8944380919838,102.233879089355,107.727043151855,5.4931640625,0.110000000006494,30.5000000000035,30.0000000000011,105.050918624525,6.37521007841777,3.35735673791002,110.072326660156,88.8940680919838,88.8939180919838,889444,"2025_01_16_0013","2025_01_16_0013_ev00499_rec3","no",218901
500,3,89.0409780919838,106.717847994058,110.168449401855,3.45060140779702,0.0900000000001455,4.06999999999869,5.24000000001479,105.810364152393,4.81905987358433,6.62660954259402,6.6952695940979,89.0405980919838,89.0404480919838,904098,"2025_01_16_0013","2025_01_16_0013_ev00500_rec3","no",218902
501,3,89.1289380919838,110.757650167635,115.356437683105,4.59878751547029,1.23999999999569,2.830000000003,0,88.0418728090898,23.4084964271709,107.882548311051,-62.6840874700265,89.1272380919838,89.1259380919838,912894,"2025_01_16_0013","2025_01_16_0013_ev00501_rec3","no",218903
502,3,89.2458680919838,107.775387830073,113.830558776855,6.05517094678218,0.150000000004979,0.259999999997262,0,77.9445994128099,29.3624023975583,69.6920698559475,-177.647641625735,89.2457480919838,89.2455580919838,924587,"2025_01_16_0013","2025_01_16_0013_ev00502_rec3","no",218904
503,3,89.3318680919838,111.766845325432,115.661613464355,3.89476813892327,0.110000000006494,0.150000000004979,0,103.507079954524,9.65278405204291,24.768729010486,-79.0366144463567,89.3317480919838,89.3316380919838,933187,"2025_01_16_0013","2025_01_16_0013_ev00503_rec3","no",218905
504,3,89.3690680919838,109.790756603279,112.609855651855,2.81909904857673,0.0200000000063483,13.7700000000081,12.6900000000063,75129.3857485658,-75023.4840449127,193019.815806326,58.6977514890161,89.3689480919838,89.3689280919838,936907,"2025_01_16_0013","2025_01_16_0013_ev00504_rec3","no",218906
505,3,89.3906480919838,114.510405814294,121.154777526855,6.64437171256188,0.0799999999969714,4.13000000000352,4.28999999999746,110.094285690581,10.0980054968325,11.1545166166439,-20.900054025178,89.3893180919838,89.3891780919838,939065,"2025_01_16_0013","2025_01_16_0013_ev00505_rec3","no",218907
506,3,89.5690980919838,109.935790637932,115.966789245605,6.03099860767327,0.0900000000001455,0.500000000002387,0.81000000000131,104.804693960858,8.7865748335259,4.56848554977579,-113.198066938041,89.5689780919838,89.5688880919838,956910,"2025_01_16_0013","2025_01_16_0013_ev00506_rec3","no",218908
507,3,89.6388980919838,108.452213325123,124.816886901855,16.3646735767327,0.649999999993156,10.1499999999959,12.9799999999989,108.302837033094,16.0858895601359,13.6293738927983,203.718356073209,89.6382880919838,89.6375280919838,963890,"2025_01_16_0013","2025_01_16_0013_ev00507_rec3","no",218909
508,3,89.8006480919838,111.999504089355,117.797843933105,5.79833984375,0.0699999999937972,8.97999999999399,11.5400000000108,111.311026906047,7.30049763840471,12.1934684237402,63.427734375,89.8003380919838,89.8002680919838,980065,"2025_01_16_0013","2025_01_16_0013_ev00508_rec3","no",218910
509,3,89.8662380919838,102.539054870605,108.032218933105,5.4931640625,0.0100000000031741,37.0999999999952,29.9999999999869,109.640165002645,4.61050387067946,1.3442518929979,278.994750976562,89.8591280919838,89.8591180919838,986624,"2025_01_16_0013","2025_01_16_0013_ev00509_rec3","no",218911
510,3,89.8963080919838,111.981374835024,115.051261901855,3.06988706683168,0.060000000004834,0.190000000003465,0,105.693975440202,6.88199505471636,19.9454153338935,-80.687947792582,89.8961380919838,89.8960580919838,989631,"2025_01_16_0013","2025_01_16_0013_ev00510_rec3","no",218912
511,3,89.9764080919838,110.455495928774,115.966789245605,5.51129331683168,0.0500000000016598,1.0599999999954,1.46999999999764,-102.452774000178,217.495604259337,124.617904257732,-587.94125504792,89.9763480919838,89.9762980919838,997641,"2025_01_16_0013","2025_01_16_0013_ev00511_rec3","no",218913
512,3,90.0286980919838,78.8561321033424,129.977302681605,51.1211705782629,13.0300000000005,33.0299999999966,22.5399999999922,44.0610752976168,93.9393823629456,40.3203570343655,1645.09721279871,90.0237680919838,90.0088980919838,1002870,"2025_01_16_0013","2025_01_16_0013_ev00512_rec3","no",218914
513,3,90.0830180919838,101.051564660577,120.066944859065,19.0153801984881,7.18999999999426,18.6199999999985,13.3199999999931,83.2983499783739,37.6207698881148,31.9309914446055,345.994017365572,90.0793180919838,90.0708880919838,1008302,"2025_01_16_0013","2025_01_16_0013_ev00513_rec3","no",218915
514,3,90.1452280919838,108.229900406121,115.231578471514,7.00167806539262,0.669999999999504,3.94000000000005,3.86000000000308,99.7551601999903,14.5141779225039,14.2166572126085,-69.2029615972458,90.1445480919838,90.1438780919838,1014523,"2025_01_16_0013","2025_01_16_0013_ev00514_rec3","no",218916
515,3,90.3530880919838,105.336249849241,120.842124407159,15.5058745579184,5.2999999999912,22.3100000000045,24.6599999999972,73.5824567205843,46.1219888596954,119.039439181093,355.826226870137,90.3511480919838,90.3456980919838,1035309,"2025_01_16_0013","2025_01_16_0013_ev00515_rec3","no",218917
516,3,90.5552480919838,110.815176236172,117.100218508607,6.28504227243525,0.0799999999969714,0.10000000000332,0,106.024227594911,5.00232222645354,5.55612207992196,-115.759663231487,90.5552480919838,90.5550680919838,1055525,"2025_01_16_0013","2025_01_16_0013_ev00516_rec3","no",218918
517,3,90.7326380919838,109.331255823572,114.087242085958,4.75598626238633,0.110000000006494,1.59999999999627,3.69999999999493,66.3870304308943,45.6795334856267,171.552935085755,-29.8215432116786,90.7324580919838,90.7323480919838,1073264,"2025_01_16_0013","2025_01_16_0013_ev00517_rec3","no",218919
518,3,90.8031280919838,107.222868800754,112.80968087871,5.58681207795564,0.250000000008299,30.1099999999934,30.0000000000011,72882.2409771487,-72778.471698146,641514.847111918,-51.5027788790058,90.8030980919838,90.8028480919838,1080313,"2025_01_16_0013","2025_01_16_0013_ev00518_rec3","no",218920
519,3,90.8906280919838,111.370714676421,121.029979604731,9.65926492831026,3.75999999999976,34.2700000000065,30.0000000000011,118.452801893035,4.60139789953315,4.21861102323394,268.187180401561,90.8902480919838,90.8860480919838,1089063,"2025_01_16_0013","2025_01_16_0013_ev00519_rec3","no",218921
520,3,90.9449780919838,116.341319312793,119.401177858162,3.05985854536878,0.309999999998922,30.0300000000107,30.0000000000011,118.209465401968,0.992051675938761,1.4904174062951,59.1607896201581,90.9449680919838,90.9446580919838,1094498,"2025_01_16_0013","2025_01_16_0013_ev00520_rec3","no",218922
521,3,91.2208280919838,115.72145740245,120.409422442758,4.6879650403085,0.209999999995603,0.239999999990914,0,108.017449853352,8.89182004160414,12.3987011249162,-129.507891010585,91.2207780919838,91.2205680919838,1122083,"2025_01_16_0013","2025_01_16_0013_ev00521_rec3","no",218923
522,3,91.3283380919838,120.944008536595,128.224690159362,7.28068162276648,1.10000000000809,10.4700000000122,11.8200000000002,100.464737208396,29.523158468714,48.8146226755989,114.052831115073,91.3231180919838,91.3202280919838,1132834,"2025_01_16_0013","2025_01_16_0013_ev00522_rec3","no",218924
523,3,91.4144280919838,117.813303633519,120.80569609633,2.99239246281113,0.110000000006494,0.180000000000291,0.700000000009027,112.353955317724,6.93666448047614,12.7468057649115,-82.5498927872465,91.4142580919838,91.4141480919838,1141443,"2025_01_16_0013","2025_01_16_0013_ev00523_rec3","no",218925
524,3,91.5320280919838,114.906782385741,118.640414287381,3.73363190163917,0.180000000000291,0.199999999992428,0,-47.1692551729454,161.695247792403,540.204335404634,-142.562134586275,91.5319780919838,91.5317880919838,1153203,"2025_01_16_0013","2025_01_16_0013_ev00524_rec3","no",218926
525,3,91.6405080919838,115.802234870135,120.92279812058,5.12056325044423,0.180000000000291,0.379999999992719,0.680000000002678,108.307485588473,9.9991036317957,10.7788626183482,-122.339213765202,91.6403680919838,91.6400780919838,1164051,"2025_01_16_0013","2025_01_16_0013_ev00525_rec3","no",218927
526,3,91.7547680919838,99.3470385697944,105.756649527325,6.40961095753083,0.0700000000080081,30.2700000000016,30.0000000000011,105.302826933605,1.46180102238823,2.35796820233989,185.136266096617,91.7545280919838,91.7544580919838,1175477,"2025_01_16_0013","2025_01_16_0013_ev00526_rec3","no",218928
527,3,91.8161780919838,109.747925881588,125.530424775578,15.7824988939906,5.49000000000888,28.1099999999981,30.0000000000011,-33277.7983265313,33403.2924214808,114663.872502958,424.989746648672,91.8154680919838,91.8096980919838,1181618,"2025_01_16_0013","2025_01_16_0013_ev00527_rec3","no",218929
528,3,91.9698880919838,109.848115937042,123.08260045531,13.2344845182687,6.75999999998567,17.2500000000042,12.0500000000021,110.299473170551,13.0234462940165,11.2074043432723,244.933456630004,91.9682680919838,91.9598580919838,1196989,"2025_01_16_0013","2025_01_16_0013_ev00528_rec3","no",218930
529,3,91.9988880919838,111.966120550188,117.928200088136,5.96207953794759,0.0700000000080081,0.0300000000095224,0,106.303590901679,6.03849618112372,15.5740843986037,-89.3147064704614,91.9988880919838,91.9988180919838,1199889,"2025_01_16_0013","2025_01_16_0013_ev00529_rec3","no",218931
530,3,92.0552980919838,109.056494431172,112.009881481045,2.95338704987303,0.129999999998631,12.360000000001,11.5299999999934,357900.882696395,-357797.266325471,631429.896696203,92.3166451688234,92.0552680919838,92.0551380919838,1205530,"2025_01_16_0013","2025_01_16_0013_ev00530_rec3","no",218932
531,3,92.0872280919838,107.937673732313,121.113538752436,13.1758650201227,10.8400000000017,9.4399999999979,13.3200000000073,110.714170158571,11.1154272119405,7.98815003682047,318.49639262265,92.0843480919838,92.0734580919838,1208723,"2025_01_16_0013","2025_01_16_0013_ev00531_rec3","no",218933
532,3,92.2297280919838,107.679289371516,110.390433908329,2.71114453681302,0.349999999997408,4.37999999999761,5.47000000000253,104.79259694368,5.40201934899684,16.6648997504603,-9.14196959471598,92.2297280919838,92.2293780919838,1222973,"2025_01_16_0013","2025_01_16_0013_ev00532_rec3","no",218934
533,3,92.2940180919838,105.7672775717,121.115273606327,15.347996034627,1.91999999999837,14.0499999999975,20.6400000000144,33.0640305981236,83.8925532852808,303.79414011054,245.071439927093,92.2931580919838,92.2912280919838,1229402,"2025_01_16_0013","2025_01_16_0013_ev00533_rec3","no",218935
534,3,92.3367380919838,109.606416248086,116.414904013054,6.80848776496761,0.169999999997117,0.70999999999799,1.27000000000521,105.77860813473,7.99401351328111,5.51761715884294,-69.4241288019372,92.3366480919838,92.3364780919838,1233674,"2025_01_16_0013","2025_01_16_0013_ev00534_rec3","no",218936
535,3,92.4140880919838,113.93509783686,118.744780327784,4.80968249092447,0.0799999999969714,0.0500000000016598,0,109.165150459658,5.33037736577622,8.7300435033068,-97.5849898386492,92.4140580919838,92.4139480919838,1241409,"2025_01_16_0013","2025_01_16_0013_ev00535_rec3","no",218937
536,3,92.5059080919838,108.731801974659,146.203510156874,37.4717081822143,2.21000000000515,20.7300000000004,24.729999999991,93.6378522685329,50.2366789505183,44.8955429156189,750.282495112859,92.5043380919838,92.5020280919838,1250591,"2025_01_16_0013","2025_01_16_0013_ev00536_rec3","no",218938
537,3,92.5408080919838,123.384380033851,125.764560495215,2.38018046136494,0.0100000000031741,0.0599999999906231,0.309999999998922,116.369745616615,8.17842837356267,8.70416519546648,-141.524616796289,92.5408080919838,92.5406680919838,1254081,"2025_01_16_0013","2025_01_16_0013_ev00537_rec3","no",218939
538,3,92.5923280919838,114.996687586258,119.386202110713,4.38951452445571,0.0900000000001455,4.45999999999458,6.31999999998811,106.905060773307,11.5723161272563,36.1309151477546,-5.90764923386136,92.5921180919838,92.5920280919838,1259233,"2025_01_16_0013","2025_01_16_0013_ev00538_rec3","no",218940
539,3,92.7068180919838,109.771456019929,114.422347567327,4.65089154739755,0.0300000000095224,0.10000000000332,1.13000000000341,96.8524929818421,15.0024719350423,46.0583267518565,-55.6754259861227,92.7065780919838,92.7065380919838,1270682,"2025_01_16_0013","2025_01_16_0013_ev00539_rec3","no",218941
540,3,92.9706380919838,105.367815795312,109.308376697549,3.9405609022363,0.0200000000063483,0.0400000000126965,0,103.534082164863,1.87406269940219,11.543252898706,-34.7612063448883,92.9705880919838,92.9705680919838,1297064,"2025_01_16_0013","2025_01_16_0013_ev00540_rec3","no",218942
541,3,93.0726580919838,106.019684674781,131.304007913476,25.2843232386947,0.529999999997699,20.8300000000037,25.030000000001,103.723422612024,27.748884153398,28.8451405507853,522.105497942754,93.0700880919838,93.0695280919838,1307266,"2025_01_16_0013","2025_01_16_0013_ev00541_rec3","no",218943
542,3,93.1054680919838,117.083394991941,125.115625156623,8.03223016468223,0.110000000006494,0.0699999999937972,0,-22733.4350527864,22849.1760959833,145310.936221349,-110.656130371079,93.1054680919838,93.1053580919838,1310547,"2025_01_16_0013","2025_01_16_0013_ev00542_rec3","no",218944
543,3,93.1277780919838,113.155847642885,120.962234656911,7.80638701402589,0.0500000000016598,30.1000000000045,30.0000000000011,8258.06930482925,-8147.2177513482,148227.562379266,-43.877164151674,93.1277180919838,93.1276380919838,1312778,"2025_01_16_0013","2025_01_16_0013_ev00543_rec3","no",218945
544,3,93.1797480919838,105.903458890193,110.646845238366,4.74338634817236,0.870000000006144,43.1999999999988,30.0000000000011,110.129835347381,7.73207385387377,2.20963183382712,314.964034415888,93.1617480919838,93.1608680919838,1317975,"2025_01_16_0013","2025_01_16_0013_ev00544_rec3","no",218946
545,3,93.2030780919838,111.367376354197,115.274668405419,3.9072920512218,0.109999999992283,0.200000000006639,0,107.191423912378,4.18244977748099,7.80575479580843,-92.2653824869603,93.2029180919838,93.2028080919838,1320308,"2025_01_16_0013","2025_01_16_0013_ev00545_rec3","no",218947
546,3,93.3199680919838,113.37149397864,119.62728691874,6.25579294009941,0.250000000008299,0.750000000010687,2.48999999999455,102.730474220437,13.9827900981843,32.5855002049003,-43.6121802658337,93.3199280919838,93.3196280919838,1331997,"2025_01_16_0013","2025_01_16_0013_ev00546_rec3","no",218948
547,3,93.4366880919838,106.492704244946,108.71904163371,2.22633738876422,0.259999999997262,3.64999999999327,4.21000000000049,104.374983770407,4.7257846188296,8.88744831743383,-21.5894514084219,93.4366880919838,93.4363980919838,1343669,"2025_01_16_0013","2025_01_16_0013_ev00547_rec3","no",218949
548,3,93.4925980919838,106.04357273543,129.136735071918,23.0931623364877,2.03999999999382,20.0099999999992,22.8100000000069,87.9329427467941,41.5724437373307,51.3203985144377,460.381881446012,93.4915080919838,93.4894380919838,1349260,"2025_01_16_0013","2025_01_16_0013_ev00548_rec3","no",218950
549,3,93.5499080919838,113.606684286928,117.182940077622,3.57625579069357,0.140000000001805,0.649999999993156,0.640000000004193,110.870057972877,4.77138696820272,3.95201529981487,-62.0430952337879,93.5495480919838,93.5494080919838,1354991,"2025_01_16_0013","2025_01_16_0013_ev00549_rec3","no",218951
550,3,93.6185380919838,110.950619123381,113.415728895528,2.46510977214702,0.159999999993943,0.219999999998777,0,106.753375215713,4.89383582743345,5.8086658447084,-96.7145217838042,93.6183380919838,93.6181780919838,1361854,"2025_01_16_0013","2025_01_16_0013_ev00550_rec3","no",218952
551,3,93.8230880919838,109.506550351467,117.540595151982,8.0340448005155,0.140000000001805,0.119999999995457,0,104.876873945052,5.90534721571577,26.8925665518037,-30.8090843157225,93.8228680919838,93.8226580919838,1382309,"2025_01_16_0013","2025_01_16_0013_ev00551_rec3","no",218953
552,3,93.9353980919838,111.120133758651,114.021852328859,2.90171857020783,0.170000000011328,0.730000000004338,0.98999999998739,106.770624361309,6.65331540900641,4.86683603174391,-98.6132444845163,93.9353980919838,93.9349680919838,1393540,"2025_01_16_0013","2025_01_16_0013_ev00552_rec3","no",218954
553,3,93.9649980919838,107.651971743539,112.235980952558,4.58400920901845,0.0900000000001455,30.0199999999933,29.9999999999869,162319.417652862,-162220.46638119,476887.581197064,-107.760657779072,93.9649980919838,93.9648880919838,1396500,"2025_01_16_0013","2025_01_16_0013_ev00553_rec3","no",218955
554,3,94.0566780919838,114.922351731127,118.810553219959,3.88820148883273,0.0100000000031741,0.399999999999068,0,111.388284474455,4.776147419702,8.65492672942874,-64.5548147089149,94.0563480919838,94.0562580919838,1405668,"2025_01_16_0013","2025_01_16_0013_ev00554_rec3","no",218956
555,3,94.1669280919838,110.553416732128,113.943644471561,3.39022773943233,0.10000000000332,0.209999999995603,0.230000000001951,107.106448538243,6.62056125812435,0.665698376189591,-98.6452191864062,94.1669280919838,94.1667680919838,1416693,"2025_01_16_0013","2025_01_16_0013_ev00555_rec3","no",218957
556,3,94.2441180919838,108.225909051031,113.023627738166,4.79771868713458,0.330000000005271,0.780000000005998,1.12000000000023,105.37046353171,6.04711285001131,4.20632551823065,-59.2591227294389,94.2439580919838,94.2435980919838,1424412,"2025_01_16_0013","2025_01_16_0013_ev00556_rec3","no",218958
557,3,94.3422880919838,108.786654195777,112.75561682801,3.96896263223317,0.049999999987449,30.0999999999902,30.0000000000011,54455.7679395037,-54351.7944282162,501049.615026557,-95.4166909685302,94.3422880919838,94.3421480919838,1434229,"2025_01_16_0013","2025_01_16_0013_ev00557_rec3","no",218959
558,3,94.4743180919838,114.467836253222,118.725417108147,4.25758085492528,0.060000000004834,0.789999999994961,1.26000000000204,100.595543995869,16.9440050772486,13.6476567219121,-209.689447395364,94.4740380919838,94.4739580919838,1447432,"2025_01_16_0013","2025_01_16_0013_ev00558_rec3","no",218960
559,3,94.7987280919838,110.287707951306,114.098638129956,3.8109301786494,0.10000000000332,0.389999999995894,0.370000000003756,105.146465504897,8.00889253862789,1.86528024081742,-138.450222248992,94.7985680919838,94.7984680919838,1479873,"2025_01_16_0013","2025_01_16_0013_ev00559_rec3","no",218961
