"Event.Number","Record","Event.Time..s.","Baseline..pA.","Peak..pA.","Amplitude..pA.","Rise.Time..ms.","Half.Width..ms.","Decay.Time..ms.","Decay.Fit.b0","Decay.Fit.b1","Decay.Fit.Tau..ms.","AUC..pA.ms.","rise_max_time","baseline_time","event_index","file_prefix","event_id","noise","event_entry_number"
1,0,0.0557999991989136,-392.416702151999,-396.933568818002,-4.51686666600256,0.0500000000000084,1.25,1.75,-389.336436668046,-6.82557659096036,4.8455591769785,58.4508150523624,0.0557999991989136,0.0555999991989136,1116,"2026_06_04_0028","2026_06_04_0028_ev00001_rec0","no",451084
2,0,0.356899999198914,-379.995174884797,-392.522410111033,-12.5272352262356,0.0499999999999945,34.6,30,-390.188772760416,-7.55794043768321,22.2550124528563,-527.429119537801,0.351999999198914,0.351949999198914,7138,"2026_06_04_0028","2026_06_04_0028_ev00002_rec0","no",451085
3,0,0.380249999198914,-392.919767697701,-396.178768925876,-3.25900122817529,0.099999999999989,1.14999999999998,1.55,-384.136572431762,-11.5096344708905,10.9466359783689,145.589787212086,0.380249999198914,0.380149999198914,7605,"2026_06_04_0028","2026_06_04_0028_ev00003_rec0","no",451086
4,0,0.546549999198914,-401.174301888733,-439.071470548923,-37.8971686601905,2.20000000000009,8.40000000000007,7.54999999999995,-390.889678641745,-58.238993009912,8.64169236821712,-297.926457827741,0.544449999198914,0.542249999198913,10931,"2026_06_04_0028","2026_06_04_0028_ev00004_rec0","no",451087
5,0,0.639699999198914,-395.663699472295,-400.986572115544,-5.3228726432489,0.349999999999961,23.7999999999999,21.25,-62728.3165109268,62337.4658707589,195322.112249698,0.245397374694058,0.639699999198914,0.639299999198914,12794,"2026_06_04_0028","2026_06_04_0028_ev00005_rec0","no",451088
6,0,0.760549999198914,-398.560227537658,-403.827981137292,-5.26775359963437,0.199999999999978,0.349999999999961,0.499999999999945,-390.984105685168,-11.5672535860718,2.55351703534733,197.394760114077,0.760549999198914,0.760199999198914,15211,"2026_06_04_0028","2026_06_04_0028_ev00006_rec0","no",451089
7,0,0.972949999198914,-395.267169240529,-600.732308729624,-205.465139489095,6.34999999999997,14.45,11.3500000000001,-382.152852762414,-244.986184707878,11.2507757773076,-3238.26031327586,0.971749999198914,0.964899999198913,19459,"2026_06_04_0028","2026_06_04_0028_ev00007_rec0","no",451090
8,0,1.03739999919891,-402.351372438763,-414.191417682508,-11.8400452437452,0.199999999999978,30.1499999999999,30,-177859.719318166,177466.969034982,382667.030742992,79.7631313874421,1.03739999919891,1.03719999919891,20748,"2026_06_04_0028","2026_06_04_0028_ev00008_rec0","no",451091
9,0,1.06764999919891,-397.03355702965,-435.928297207379,-38.8947401777288,1.90000000000001,11.05,12.3499999999999,-398.894320397096,-34.4796862335738,12.1899245359011,-554.503664171784,1.06609999919891,1.06409999919891,21353,"2026_06_04_0028","2026_06_04_0028_ev00009_rec0","no",451092
10,0,1.12699999919891,-393.541282264058,-423.931530573907,-30.3902483098489,1.70000000000003,5.90000000000002,6.14999999999988,-396.446965269728,-24.7527571384793,5.65501211984445,-295.178347932708,1.12554999919891,1.12349999919891,22540,"2026_06_04_0028","2026_06_04_0028_ev00010_rec0","no",451093
11,0,1.18404999919891,-399.367387588972,-402.297613779176,-2.93022619020411,0,0.149999999999872,0.099999999999989,-394.047696434157,-6.70097473374829,1.9508829735974,146.090456561181,1.18389999919891,1.18364999919891,23681,"2026_06_04_0028","2026_06_04_0028_ev00011_rec0","no",451094
12,0,1.22139999919891,-396.209680101272,-398.855553426046,-2.64587332477356,0.099999999999989,2,2.05000000000011,-394.32983456095,-6.14162205604286,2.6611363422881,40.0581599825955,1.22114999919891,1.22094999919891,24428,"2026_06_04_0028","2026_06_04_0028_ev00012_rec0","no",451095
13,0,1.30159999919891,-391.429406617396,-397.91631821611,-6.4869115987147,0.399999999999956,0.399999999999956,0,-18489.9857642502,18092.646526457,388032.850243383,-203.816911283211,1.30159999919891,1.30119999919891,26032,"2026_06_04_0028","2026_06_04_0028_ev00013_rec0","no",451096
14,0,1.32389999919891,-388.839512608236,-397.185753996848,-8.34624138861204,2.80000000000014,33.35,30,-395.288325019507,-8.00795338559514,3.61810086453394,-270.046907914731,1.32279999919891,1.31999999919891,26478,"2026_06_04_0028","2026_06_04_0028_ev00014_rec0","no",451097
15,0,1.34434999919891,-387.400215160266,-395.074149606124,-7.67393444585827,1.50000000000006,31.05,30,-392.099800816607,-10.2549939698702,2.92971368102484,-191.180905323755,1.34434999919891,1.34284999919891,26887,"2026_06_04_0028","2026_06_04_0028_ev00015_rec0","no",451098
16,0,1.38454999919891,-393.233409744479,-407.128552378743,-13.8951426342637,1.70000000000003,33.8500000000002,30,-406.56248627156,-3.5166631267149,1.75519796228436,-472.978707804299,1.38304999919891,1.37989999919891,27691,"2026_06_04_0028","2026_06_04_0028_ev00016_rec0","no",451099
17,0,1.40674999919891,-402.550768086897,-416.260193386272,-13.7094252993746,0.299999999999967,2.55000000000005,2.59999999999994,-398.334470455227,-21.1012137776135,3.1838120560339,30.3985778537263,1.40514999919891,1.40474999919891,28135,"2026_06_04_0028","2026_06_04_0028_ev00017_rec0","no",451100
18,0,1.45184999919891,-402.908289672468,-457.293487345374,-54.3851976729057,4.85000000000002,14.3500000000001,9.64999999999994,-1606592.51995407,1606196.30564613,578157.59100928,-1190.86333062137,1.45174999919891,1.44639999919891,29037,"2026_06_04_0028","2026_06_04_0028_ev00018_rec0","no",451101
19,0,1.47739999919891,-407.943613317835,-505.198417970349,-97.2548046525136,4.44999999999984,10.4,8.45000000000007,-391.422965758934,-124.800075837215,9.7555119829416,-1072.67357196139,1.47569999919891,1.47094999919891,29548,"2026_06_04_0028","2026_06_04_0028_ev00019_rec0","no",451102
20,0,1.50859999919891,-402.421103024532,-412.1478392698,-9.72673624526772,3.34999999999996,0.0500000000001055,0,122038.20412968,-122443.698916277,421696.686163985,14.0430458964252,1.50739999919891,1.50404999919891,30172,"2026_06_04_0028","2026_06_04_0028_ev00020_rec0","no",451103
21,0,1.55484999919891,-411.224963177759,-686.606462890039,-275.381499712279,5.49999999999984,12.9000000000001,11.15,-411.129462458455,-303.10713541698,10.240064199431,-4191.4825018847,1.55324999919891,1.54739999919891,31097,"2026_06_04_0028","2026_06_04_0028_ev00021_rec0","no",451104
22,0,1.62264999919891,-403.74522704919,-434.303327102869,-30.5581000536791,1.70000000000003,3.60000000000005,3.90000000000001,-404.545672641157,-30.1208000249692,3.69834373601457,-174.469074718358,1.62244999919891,1.62049999919891,32453,"2026_06_04_0028","2026_06_04_0028_ev00022_rec0","no",451105
23,0,1.67019999919891,-410.15818810602,-436.261366945148,-26.1031788391281,5.05,4.80000000000014,2.55000000000005,-400.949267120881,-33.1466381507941,4.54982288194854,61.7946857369884,1.67014999919891,1.66489999919891,33404,"2026_06_04_0028","2026_06_04_0028_ev00023_rec0","no",451106
24,0,1.72499999919891,-401.006971714354,-410.855335311993,-9.84836359763943,1.1000000000001,5.24999999999998,5.44999999999995,-398.527459674135,-23.5424187536711,4.03327931411695,-52.1839511022555,1.72419999919891,1.72309999919891,34500,"2026_06_04_0028","2026_06_04_0028_ev00024_rec0","no",451107
25,0,1.77994999919891,-400.370103392955,-435.331117270253,-34.9610138772974,1.65000000000015,6.19999999999998,5.80000000000003,-399.963040227807,-38.3648925220494,5.49898295998144,-258.928175661598,1.77899999919891,1.77734999919891,35599,"2026_06_04_0028","2026_06_04_0028_ev00025_rec0","no",451108
26,0,1.80739999919891,-402.006131243553,-405.360504947871,-3.35437370431777,0.150000000000095,0.250000000000083,0,96177.4966162546,-96577.18894966,368730.491914456,186.852008589888,1.80729999919891,1.80704999919891,36148,"2026_06_04_0028","2026_06_04_0028_ev00026_rec0","no",451109
27,0,1.86679999919891,-377.929033413394,-391.469353136628,-13.5403197232337,4.85000000000002,37.3999999999999,30,31088.1491577862,-31484.9215601267,210009.020673208,-647.309354981397,1.86374999919891,1.85889999919891,37336,"2026_06_04_0028","2026_06_04_0028_ev00027_rec0","no",451110
28,0,1.88844999919891,-397.374518304335,-401.549628832366,-4.17511052803098,0.299999999999967,30.0499999999999,30,-397.039666602064,4.67630409034057,17.7482774070152,76.7562403702625,1.88844999919891,1.88814999919891,37769,"2026_06_04_0028","2026_06_04_0028_ev00028_rec0","no",451111
29,0,1.92414999919891,-392.935827355619,-399.114157436043,-6.17833008042396,0.350000000000072,20.4,20.2,-399.232514604452,-3.39185414766699,0.622273795205798,-193.922657067517,1.92414999919891,1.92379999919891,38483,"2026_06_04_0028","2026_06_04_0028_ev00029_rec0","no",451112
30,0,1.95084999919891,-398.742660532612,-417.523092528259,-18.780431995647,2.19999999999998,13.15,8.29999999999997,-158972.829909608,158573.512058064,206139.68167691,-394.745111238203,1.95069999919891,1.94839999919891,39017,"2026_06_04_0028","2026_06_04_0028_ev00030_rec0","no",451113
31,0,1.97219999919891,-403.167351118979,-431.458720634556,-28.2913695155768,3.09999999999988,8.19999999999999,5.05,-990324.578650331,989925.210866169,351792.822941996,-1206.73228074347,1.97209999919891,1.96894999919891,39444,"2026_06_04_0028","2026_06_04_0028_ev00031_rec0","no",451114
32,0,1.99694999919891,-412.328312286279,-508.27511075848,-95.9467984722008,5.14999999999999,9.2500000000002,6.70000000000037,-412.415954557951,-102.583971264917,6.29892301544184,-1054.96849848348,1.99629999919891,1.99079999919891,39939,"2026_06_04_0028","2026_06_04_0028_ev00032_rec0","no",451115
33,0,2.03049999919891,-424.252336693512,-450.031152866114,-25.7788161726025,3.35000000000019,4.99999999999989,5.09999999999966,-393.845180972793,-56.2422487939004,14.8573254980802,132.878039345844,2.03014999919891,2.02619999919891,40610,"2026_06_04_0028","2026_06_04_0028_ev00033_rec0","no",451116
34,0,2.06814999919891,-394.863619366484,-405.939457497821,-11.0758381313372,1.59999999999982,25.0999999999997,27.8,23506.1105759093,-23912.6385068881,87871.8463404157,-268.056078982889,2.06699999919891,2.06539999919891,41363,"2026_06_04_0028","2026_06_04_0028_ev00034_rec0","no",451117
35,0,2.11684999919891,-410.689646293921,-419.415489966234,-8.72584367231315,0.55000000000005,6.65000000000004,5.19999999999987,-409.371795240402,-10.8905579691469,5.95313991303636,-49.2068439528198,2.11519999919891,2.11314999919891,42337,"2026_06_04_0028","2026_06_04_0028_ev00035_rec0","no",451118
36,0,2.14379999919891,-412.417738591388,-426.477260667406,-14.0595220760174,0.199999999999978,0.0999999999997669,0,-396.180242530893,-16.9297591399142,12.973967278008,288.7619792499,2.14379999919891,2.14359999919891,42876,"2026_06_04_0028","2026_06_04_0028_ev00036_rec0","no",451119
37,0,2.32949999919891,-395.114067669923,-443.709060406162,-48.5949927362383,1.1000000000001,16.2,19.0999999999999,183748.573891281,-184189.488137117,126368.538137558,-794.671901068985,2.32874999919891,2.32749999919891,46590,"2026_06_04_0028","2026_06_04_0028_ev00037_rec0","no",451120
38,0,2.37304999919891,-403.640410855908,-408.534083583028,-4.89367272711996,0.699999999999701,1.40000000000029,1.50000000000006,-397.366981774549,-11.4660246415101,4.3179937453576,137.163894295389,2.37304999919891,2.37234999919891,47461,"2026_06_04_0028","2026_06_04_0028_ev00038_rec0","no",451121
39,0,2.40639999919891,-401.647998681494,-408.409589808017,-6.76159112652329,0.299999999999745,0.299999999999745,0.0500000000003276,-397.957498352515,-6.64369293133691,0.995491499362218,103.530925223802,2.40639999919891,2.40609999919891,48128,"2026_06_04_0028","2026_06_04_0028_ev00039_rec0","no",451122
40,0,2.44709999919891,-394.365031762794,-400.548167636814,-6.18313587402037,0.0499999999998835,15.7999999999996,14.5,-380.142392111212,-28.6307359784789,26.3749028839655,-133.043807466507,2.44424999919891,2.44294999919891,48942,"2026_06_04_0028","2026_06_04_0028_ev00040_rec0","no",451123
41,0,2.56539999919891,-399.422601608788,-429.955379501352,-30.5327778925648,0.99999999999989,1.99999999999978,2.59999999999971,-388.544623131901,-33.8279483112985,6.1403901521646,79.0796927949345,2.56469999919891,2.56334999919891,51308,"2026_06_04_0028","2026_06_04_0028_ev00041_rec0","no",451124
42,0,2.68959999919891,-389.023615219413,-394.131769168576,-5.10815394916239,0.249999999999861,8.05000000000033,9.45000000000018,-386.747859728863,-9.19953320400026,11.9109923179993,-38.1035677867999,2.68894999919891,2.68869999919891,53792,"2026_06_04_0028","2026_06_04_0028_ev00042_rec0","no",451125
43,0,2.72179999919891,-390.744565587636,-401.27912362961,-10.5345580419744,0.0999999999997669,0.249999999999861,0,-385.403112691767,-7.67089021560103,2.82476529857441,137.53896733393,2.72179999919891,2.72149999919891,54436,"2026_06_04_0028","2026_06_04_0028_ev00043_rec0","no",451126
44,0,3.00509999919891,-389.106380521194,-404.432990671744,-15.3266101505496,0.449999999999839,5.90000000000002,5.54999999999994,-383.849212195522,-20.0898599848733,9.14956878184522,-47.13456125983,3.00334999919891,3.00264999919891,60102,"2026_06_04_0028","2026_06_04_0028_ev00044_rec0","no",451127
45,0,3.27239999919891,-390.589170115106,-556.700525275573,-166.111355160467,17.1999999999999,15.2999999999999,12.8499999999998,-416.062137002881,-128.383491118419,10.109673746406,-3661.37160838173,3.27114999919891,3.25314999919891,65448,"2026_06_04_0028","2026_06_04_0028_ev00045_rec0","no",451128
46,0,3.32474999919891,-392.362870598598,-439.433036663669,-47.070166065071,3.20000000000009,9.00000000000034,8.39999999999996,-388.065495137837,-58.4348152727282,8.48103255735654,-526.769383093127,3.32229999919891,3.31909999919891,66495,"2026_06_04_0028","2026_06_04_0028_ev00046_rec0","no",451129
47,0,3.37234999919891,-391.263646555309,-402.677353123388,-11.4137065680782,1.45000000000017,7.00000000000012,5.00000000000034,-392.16250372786,-13.5151556708546,3.56227719587544,-147.853199751129,3.36744999919891,3.36514999919891,67447,"2026_06_04_0028","2026_06_04_0028_ev00047_rec0","no",451130
48,0,3.43114999919891,-384.659136469153,-391.691123106473,-7.03198663732036,3.00000000000011,1.7999999999998,0,-18906.6627101011,18514.3686086777,247914.227068529,-303.049807285064,3.43114999919891,3.42814999919891,68623,"2026_06_04_0028","2026_06_04_0028_ev00048_rec0","no",451131
49,0,3.50194999919891,-390.105573287713,-394.99672447411,-4.89115118639739,0.199999999999978,30.2500000000001,29.9999999999998,-391.93881784806,7.13494010578939,9.82082852865632,11.0108910523973,3.50179999919891,3.50159999919891,70039,"2026_06_04_0028","2026_06_04_0028_ev00049_rec0","no",451132
50,0,3.51944999919891,-393.191415751343,-404.859606377835,-11.6681906264922,0.349999999999628,30.2000000000002,30.0000000000002,-20781.1299439436,20391.1212406346,232903.32069519,55.2790087456766,3.51944999919891,3.51909999919891,70389,"2026_06_04_0028","2026_06_04_0028_ev00050_rec0","no",451133
51,0,3.54639999919891,-395.005941299066,-399.19804883325,-4.19210753418321,0.750000000000028,0.700000000000145,0,-365.360582979556,-30.7919643710296,66.8226355091628,143.79092020347,3.54639999919891,3.54554999919891,70928,"2026_06_04_0028","2026_06_04_0028_ev00051_rec0","no",451134
52,0,3.63334999919891,-388.841163926588,-426.657184422643,-37.8160204960546,2.2000000000002,12.0499999999999,12.6499999999998,-390.496935084479,-38.9927411847054,10.981365921681,-574.24726430947,3.63154999919891,3.62914999919891,72667,"2026_06_04_0028","2026_06_04_0028_ev00052_rec0","no",451135
53,0,3.66514999919891,-390.051137204392,-403.432198476572,-13.3810612721807,3.15000000000021,8.50000000000017,0,-63710.8831010534,63315.7574602199,310563.500890094,-292.374944376311,3.66509999919891,3.66169999919891,73303,"2026_06_04_0028","2026_06_04_0028_ev00053_rec0","no",451136
54,0,3.68484999919891,-394.352952380976,-407.209846224994,-12.8568938440183,2.45000000000006,11.1500000000002,10.2000000000002,176403.958637501,-176809.803700576,268092.268543175,-96.8787436490992,3.68474999919891,3.68059999919891,73697,"2026_06_04_0028","2026_06_04_0028_ev00054_rec0","no",451137
55,0,3.72934999919891,-396.407208981393,-431.651509561742,-35.2443005803488,10.4499999999996,10.0500000000001,7.60000000000005,-386.016874315589,-55.2417509118691,8.88095083913172,-365.90951707972,3.72849999919891,3.71799999919891,74587,"2026_06_04_0028","2026_06_04_0028_ev00055_rec0","no",451138
56,0,3.82149999919891,-395.819658555747,-398.400673021883,-2.58101446613608,0,1.45000000000017,1.65000000000015,-386.867237010841,-13.2802572311166,5.5579439976967,195.002332563835,3.82149999919891,3.82139999919891,76430,"2026_06_04_0028","2026_06_04_0028_ev00056_rec0","no",451139
57,0,3.94784999919891,-376.561864325813,-386.20937586131,-9.64751153549736,0.0499999999998835,3.20000000000009,0.799999999999912,-260424.783986402,260045.073344085,483647.390913271,-337.670517373805,3.94774999919891,3.94769999919891,78957,"2026_06_04_0028","2026_06_04_0028_ev00057_rec0","no",451140
58,0,4.05054999919891,-391.083585039399,-418.86808135827,-27.784496318871,3.95000000000056,7.50000000000028,30.0000000000002,-401.888122153194,-23.7074068849175,2.56104999283002,-462.530779537962,4.04999999919891,4.04534999919891,81011,"2026_06_04_0028","2026_06_04_0028_ev00058_rec0","no",451141
59,0,4.07114999919891,-400.766048731664,-426.139269111421,-25.3732203797566,1.1000000000001,0.59999999999949,0.449999999999839,-390.113809118958,-20.9138131120202,10.6408129013336,74.4592081880427,4.07039999919891,4.06794999919891,81423,"2026_06_04_0028","2026_06_04_0028_ev00059_rec0","no",451142
60,0,4.13379999919891,-398.187129982974,-506.588500461062,-108.401370478088,2.25000000000009,8.75000000000004,9.34999999999952,-416.250462996173,-113.754946167748,5.70500021310509,-1422.92685777051,4.13274999919891,4.13024999919891,82676,"2026_06_04_0028","2026_06_04_0028_ev00060_rec0","no",451143
61,0,4.15599999919891,-406.418060299844,-430.296302540193,-23.8782422403493,2.90000000000035,8.14999999999966,6.6499999999996,-395.812761222644,-40.9053088075299,8.94050762837535,-93.5318160527738,4.15549999919891,4.15254999919891,83120,"2026_06_04_0028","2026_06_04_0028_ev00061_rec0","no",451144
62,0,4.18569999919891,-400.199229939046,-404.588269522607,-4.38903958356104,0.150000000000539,30.2000000000007,30.0000000000002,-17441.451723424,17047.5041328997,168234.095590291,140.97031170956,4.18569999919891,4.18529999919891,83714,"2026_06_04_0028","2026_06_04_0028_ev00062_rec0","no",451145
63,0,4.22254999919891,-404.638402094118,-415.547858929737,-10.9094568356197,1.70000000000048,4.04999999999944,2.69999999999992,-391.398299864896,-26.6322700723471,6.19759513282572,214.9807349399,4.22224999919891,4.21934999919891,84451,"2026_06_04_0028","2026_06_04_0028_ev00063_rec0","no",451146
64,0,4.31984999919891,-387.096240193353,-425.159201287703,-38.0629610943505,1.99999999999978,9.54999999999995,10.0499999999997,-391.172080710326,-36.4118793924845,7.78037909504403,-480.246695999256,4.31904999919891,4.31689999919891,86397,"2026_06_04_0028","2026_06_04_0028_ev00064_rec0","no",451147
65,0,4.36694999919891,-390.781229345294,-400.032361005078,-9.25113165978405,0.150000000000539,3.40000000000007,4.05000000000033,-389.687902234201,-16.7784947147036,3.09892170298216,-26.1296325455562,4.36659999919891,4.36644999919891,87339,"2026_06_04_0028","2026_06_04_0028_ev00065_rec0","no",451148
66,0,4.40639999919891,-390.085874668261,-393.527575885541,-3.44170121727984,0,0.0499999999998835,0,-387.452753892889,-2.32224947967253,3.03604749151802,72.0594893836218,4.40634999919891,4.40624999919891,88128,"2026_06_04_0028","2026_06_04_0028_ev00066_rec0","no",451149
67,0,4.57349999919891,-385.710432886054,-411.800233895709,-26.0898010096551,1.14999999999998,9.70000000000049,12.4000000000004,-389.814142723299,-20.227912513269,9.57310454229694,-359.393058291827,4.57224999919891,4.57109999919891,91470,"2026_06_04_0028","2026_06_04_0028_ev00067_rec0","no",451150
68,0,4.62039999919891,-387.455976099214,-401.029622360216,-13.5736462610025,4.49999999999928,11.6000000000005,10.2000000000002,-387.700173850659,-16.7868726761535,8.13716635534334,-217.648959857847,4.61999999919891,4.61539999919891,92408,"2026_06_04_0028","2026_06_04_0028_ev00068_rec0","no",451151
69,0,4.67399999919891,-390.545186567079,-404.202143866548,-13.6569572994684,0.199999999999534,4.49999999999928,6.80000000000014,-391.915623614174,-9.23695637234701,7.39480830401279,-120.321337956813,4.67334999919891,4.67264999919891,93480,"2026_06_04_0028","2026_06_04_0028_ev00069_rec0","no",451152
70,0,4.70409999919891,-386.096823431097,-391.592584580125,-5.49576114902771,0.300000000000189,4.99999999999989,1.45000000000017,-101009.016896781,100621.179962067,490301.063559689,-146.898976925495,4.70409999919891,4.70379999919891,94082,"2026_06_04_0028","2026_06_04_0028_ev00070_rec0","no",451153
71,0,4.74659999919891,-397.769874700895,-407.76060055123,-9.99072585033446,0.199999999999534,0.0500000000007716,0.14999999999965,-390.445225681944,-11.4610271455149,3.8777209367545,174.213357819177,4.74649999919891,4.74614999919891,94932,"2026_06_04_0028","2026_06_04_0028_ev00071_rec0","no",451154
72,0,4.82014999919891,-396.787952279739,-400.668379025864,-3.88042674612507,0.0499999999998835,1.99999999999978,1.99999999999978,-386.389230055893,-15.4294759743501,7.50498878423636,194.614737107907,4.81889999919891,4.81864999919891,96403,"2026_06_04_0028","2026_06_04_0028_ev00072_rec0","no",451155
73,0,4.86714999919891,-386.643283951246,-391.190966752863,-4.54768280161716,0.250000000000306,0.250000000000306,0.300000000000189,-380.656897363537,-8.33241989479575,3.68244858925799,147.492298489141,4.86704999919891,4.86679999919891,97343,"2026_06_04_0028","2026_06_04_0028_ev00073_rec0","no",451156
74,0,4.93559999919891,-389.887475449901,-397.90257322798,-8.01509777807973,0.350000000000072,2.34999999999985,2.69999999999992,-387.935013626948,-12.7260498705378,2.83067320465421,15.4528975178187,4.93524999919891,4.93449999919891,98712,"2026_06_04_0028","2026_06_04_0028_ev00074_rec0","no",451157
75,0,4.96574999919891,-385.490076622424,-413.907001527745,-28.4169249053215,2.54999999999939,6.09999999999999,6.05000000000011,-380.043910677076,-26.6735105797919,11.7453712480621,-174.217377991364,4.96564999919891,4.96309999919891,99315,"2026_06_04_0028","2026_06_04_0028_ev00075_rec0","no",451158
76,0,5.00169999919891,-384.318484105295,-403.659851943879,-19.3413678385838,1.59999999999982,33.4000000000003,30.0000000000002,-398.883960660175,-3.04788303917776,1.90426744486053,-523.682571018638,4.99854999919891,4.99639999919891,100034,"2026_06_04_0028","2026_06_04_0028_ev00076_rec0","no",451159
77,0,5.01959999919891,-400.953903315506,-405.089150679056,-4.1352473635493,1.70000000000048,1.64999999999971,0.449999999999839,287715.381354029,-288118.19786344,409478.339987954,244.903046195873,5.01804999919891,5.01609999919891,100392,"2026_06_04_0028","2026_06_04_0028_ev00077_rec0","no",451160
78,0,5.11039999919891,-378.356478535152,-387.412402359931,-9.05592382477903,0.150000000000539,30.4000000000002,30.0000000000002,-383.397303259965,-6.20259427948564,5.07024148304195,-193.976696839824,5.10944999919891,5.10929999919891,102208,"2026_06_04_0028","2026_06_04_0028_ev00078_rec0","no",451161
79,0,5.16894999919891,-385.882377661153,-408.224659248632,-22.3422815874786,1.30000000000052,7.00000000000056,7.90000000000024,-388.608397639304,-31.2252648974518,4.57587626111783,-247.081902849635,5.16894999919891,5.16759999919891,103379,"2026_06_04_0028","2026_06_04_0028_ev00079_rec0","no",451162
80,0,5.32099999919891,-394.747889890639,-407.128390744379,-12.38050085374,0.550000000000495,4.59999999999994,5.34999999999997,-390.118250144992,-19.263910032786,7.25132753758641,-38.8172640138355,5.31824999919891,5.31769999919891,106420,"2026_06_04_0028","2026_06_04_0028_ev00080_rec0","no",451163
81,0,5.58679999919891,-388.581792753514,-397.729220899929,-9.14742814641505,0.350000000000072,0.650000000000261,0,-338538.24068109,338145.38385529,749833.312917761,-334.64901630476,5.58679999919891,5.58644999919891,111736,"2026_06_04_0028","2026_06_04_0028_ev00081_rec0","no",451164
82,0,5.61669999919891,-395.338975051851,-430.593285054373,-35.2543100025217,7.4999999999994,10.8499999999996,5.79999999999981,-387.042677423717,-46.1982703517821,7.53203493737754,-213.992786390207,5.61659999919891,5.60859999919891,112334,"2026_06_04_0028","2026_06_04_0028_ev00082_rec0","no",451165
83,0,5.65599999919891,-389.53066473744,-431.411804794127,-41.8811400566871,3.35000000000019,8.15000000000055,7.7499999999997,-395.170662127752,-39.3954533813958,5.57626008954666,-493.064792348166,5.65594999919891,5.65189999919891,113120,"2026_06_04_0028","2026_06_04_0028_ev00083_rec0","no",451166
84,0,5.68904999919891,-385.727764423964,-393.707122903473,-7.97935847950896,0.100000000000655,19.0999999999999,29.9999999999994,-389.468284241275,-8.48381645221601,5.36770537389009,-161.740767207611,5.68874999919891,5.68864999919891,113781,"2026_06_04_0028","2026_06_04_0028_ev00084_rec0","no",451167
85,0,5.76334999919891,-384.916223144791,-475.197849325367,-90.2816261805755,2.39999999999974,10.3999999999997,10.7000000000008,-389.428631657991,-105.498691732758,8.27224120186495,-1220.62879978762,5.76214999919891,5.75949999919891,115267,"2026_06_04_0028","2026_06_04_0028_ev00085_rec0","no",451168
86,0,5.85984999919891,-385.421246971639,-401.549051229207,-16.1278042575673,2.00000000000067,11.2000000000005,11.7499999999993,-383.445306964543,-18.0935675828641,14.2784715706736,-216.990336526707,5.85869999919891,5.85644999919891,117197,"2026_06_04_0028","2026_06_04_0028_ev00086_rec0","no",451169
87,0,5.93964999919891,-393.801985635872,-399.231067606129,-5.42908197025724,0.899999999999679,10.1500000000003,9.90000000000002,34103.3449028339,-34502.0623709529,117363.207717581,-35.7259679981253,5.93739999919891,5.93649999919891,118793,"2026_06_04_0028","2026_06_04_0028_ev00087_rec0","no",451170
88,0,5.95344999919891,-396.983074244859,-401.344915735578,-4.36184149071966,0,0.0499999999998835,0,-389.327876393819,-7.45525017479236,9.68295471170227,160.499879844917,5.95339999919891,5.95334999919891,119069,"2026_06_04_0028","2026_06_04_0028_ev00088_rec0","no",451171
89,0,5.99149999919891,-386.596588903752,-420.778257254145,-34.1816683503936,1.49999999999917,13.7499999999999,13.3999999999999,-391.346306536452,-36.4224452693362,8.76877350190076,-603.369722516332,5.98819999919891,5.98634999919891,119830,"2026_06_04_0028","2026_06_04_0028_ev00089_rec0","no",451172
90,0,6.06344999919891,-395.606484143524,-402.263209333779,-6.65672519025543,0.0499999999998835,0.0999999999997669,0,-389.238703040127,-8.14686537561247,8.49413776453868,122.941065016412,6.06319999919891,6.06309999919891,121269,"2026_06_04_0028","2026_06_04_0028_ev00090_rec0","no",451173
91,0,6.11419999919891,-397.753470734626,-408.09785619825,-10.3443854636242,0.900000000000567,0.799999999999912,1.40000000000029,-389.320787432484,-13.7952611829411,11.9404316879354,94.9950016292781,6.11324999919891,6.11214999919891,122284,"2026_06_04_0028","2026_06_04_0028_ev00091_rec0","no",451174
92,0,6.20549999919891,-411.259749732449,-413.704224995652,-2.44447526320323,0.300000000000189,2.55000000000027,2.69999999999992,-397.289562335736,-18.0339066874168,14.114180051206,193.462599386058,6.20549999919891,6.20519999919891,124110,"2026_06_04_0028","2026_06_04_0028_ev00092_rec0","no",451175
93,0,6.27814999919891,-397.313902416596,-407.200913581313,-9.88701116471788,2.2000000000002,14.85,30.0000000000002,-401.73852971436,-8.06980127845155,4.70007006793599,-207.848664635826,6.27774999919891,6.27489999919891,125563,"2026_06_04_0028","2026_06_04_0028_ev00093_rec0","no",451176
94,0,6.29799999919891,-402.326667463618,-405.324805799729,-2.99813833611057,0,2.69999999999992,3.00000000000011,-387.773981791532,-19.685221769571,13.1199622965729,204.35854028026,6.29799999919891,6.29789999919891,125960,"2026_06_04_0028","2026_06_04_0028_ev00094_rec0","no",451177
95,0,6.33394999919891,-387.351533157303,-393.390345414778,-6.03881225747534,0.399999999999956,6.29999999999953,9.39999999999941,-389.12933615095,-7.41583542550111,3.36327791740014,-82.383889420389,6.33394999919891,6.33354999919891,126679,"2026_06_04_0028","2026_06_04_0028_ev00095_rec0","no",451178
96,0,6.36029999919891,-375.306175882751,-384.794607075517,-9.48843119276546,2.04999999999966,32.1500000000006,30.0000000000002,-386.593875285921,-6.71923552758716,5.14726232101368,-410.963278590234,6.35999999919891,6.35794999919891,127206,"2026_06_04_0028","2026_06_04_0028_ev00096_rec0","no",451179
97,0,6.45839999919891,-384.96963693623,-391.033325526579,-6.06368859034939,0.300000000000189,5.39999999999985,7.15000000000021,-385.742227009949,-8.42560105370194,4.10589300960544,-60.0905649624812,6.45839999919891,6.45809999919891,129168,"2026_06_04_0028","2026_06_04_0028_ev00097_rec0","no",451180
98,0,6.49234999919891,-385.724285626299,-414.269120224181,-28.5448345978821,0.550000000000495,7.29999999999986,6.95000000000068,-383.062077148496,-37.331036222977,6.70293302886773,-219.452454905069,6.49059999919891,6.49004999919891,129847,"2026_06_04_0028","2026_06_04_0028_ev00098_rec0","no",451181
99,0,6.52894999919891,-382.573843130813,-389.04415284012,-6.47030970930734,1.24999999999975,7.69999999999982,8.95000000000046,-378.412660912013,-12.0470304592,14.6989721095461,-43.0161362194705,6.52884999919891,6.52759999919891,130579,"2026_06_04_0028","2026_06_04_0028_ev00099_rec0","no",451182
100,0,6.74034999919891,-389.502549502698,-403.573690243316,-14.0711407406174,0.849999999999795,4.24999999999986,4.19999999999998,-387.727112824293,-15.5600098842079,5.26276981556205,-42.4276861681998,6.73999999919891,6.73894999919891,134807,"2026_06_04_0028","2026_06_04_0028_ev00100_rec0","no",451183
101,0,6.95249999919891,-387.112795514847,-440.679150221577,-53.5663547067297,3.40000000000007,6.94999999999979,6.29999999999953,-379.178051938123,-69.8925017507562,6.84274468239345,-361.071756178576,6.95209999919891,6.94859999919891,139050,"2026_06_04_0028","2026_06_04_0028_ev00101_rec0","no",451184
102,0,6.98744999919891,-385.269656735552,-413.481444575862,-28.2117878403105,1.64999999999971,24.4999999999997,30.0000000000002,51603.1827265638,-52006.4408731947,295665.629663046,-539.399939426113,6.98579999919891,6.98404999919891,139749,"2026_06_04_0028","2026_06_04_0028_ev00102_rec0","no",451185
103,0,7.00449999919891,-402.116865597857,-425.286218069369,-23.169352471512,2.25000000000009,2.04999999999966,1.59999999999982,-380.174463353382,-35.928300771479,9.81065489442706,297.543695442646,7.00329999919891,7.00084999919891,140090,"2026_06_04_0028","2026_06_04_0028_ev00103_rec0","no",451186
104,0,7.08984999919891,-383.66139124576,-445.59300638961,-61.9316151438509,5.30000000000008,12.9000000000001,13.7999999999998,-386.356230665521,-59.4958670136431,12.8040789735716,-948.298046672581,7.08939999919891,7.08389999919891,141797,"2026_06_04_0028","2026_06_04_0028_ev00104_rec0","no",451187
105,0,7.12089999919891,-389.057497700606,-393.105474546017,-4.04797684541063,0.350000000000072,12.8499999999994,6.49999999999995,-383.274856640093,-18.2132926560305,7.11323784034775,-35.2405354054381,7.11429999919891,7.11289999919891,142418,"2026_06_04_0028","2026_06_04_0028_ev00105_rec0","no",451188
106,0,7.32434999919891,-392.868906452837,-419.748620928857,-26.8797144760192,1.30000000000052,7.55000000000017,7.15000000000021,-389.931042903876,-36.0336286182468,6.97554490132175,-208.049872862344,7.32339999919891,7.32199999919891,146487,"2026_06_04_0028","2026_06_04_0028_ev00106_rec0","no",451189
107,0,7.36194999919891,-394.51201723649,-397.938279005417,-3.4262617689273,0.250000000000306,1.19999999999987,0.899999999999679,-387.24994841917,-10.6419814747753,4.11352445414295,173.563209999784,7.36189999919891,7.36094999919891,147239,"2026_06_04_0028","2026_06_04_0028_ev00107_rec0","no",451190
108,0,7.41694999919891,-393.854840366901,-404.015706687412,-10.1608663205105,0.299999999999301,0.0499999999998835,0,-388.008017261139,-6.11700970552668,6.49914728961012,135.019476710061,7.41694999919891,7.41619999919891,148339,"2026_06_04_0028","2026_06_04_0028_ev00108_rec0","no",451191
109,0,7.53479999919891,-385.13892593363,-398.173114240596,-13.0341883069667,0.600000000000378,9.90000000000002,29.9999999999994,-390.106786588738,-14.8486775368282,2.98676182042668,-244.446637748918,7.53214999919891,7.53154999919891,150696,"2026_06_04_0028","2026_06_04_0028_ev00109_rec0","no",451192
110,0,7.65724999919891,-385.94143691897,-395.775960411277,-9.83452349230726,0.299999999999301,8.64999999999938,9.29999999999964,-380.154672576925,-15.7748589897821,18.0430469500019,-70.9274020115862,7.65629999919891,7.65549999919891,153145,"2026_06_04_0028","2026_06_04_0028_ev00110_rec0","no",451193
111,0,7.72864999919891,-379.269457839755,-384.177140937025,-4.90768309727042,0.350000000000072,4.45000000000029,3.60000000000049,-143764.51201023,143386.196766646,186795.183433023,-319.841234436078,7.72864999919891,7.72829999919891,154573,"2026_06_04_0028","2026_06_04_0028_ev00111_rec0","no",451194
112,0,7.74949999919891,-386.544136490893,-419.023013714189,-32.4788772232952,1.54999999999994,4.25000000000075,4.6999999999997,-378.705114148925,-32.785727974527,9.41356996015228,-97.7005394135719,7.74894999919891,7.74724999919891,154990,"2026_06_04_0028","2026_06_04_0028_ev00112_rec0","no",451195
113,0,7.98679999919891,-386.828544556837,-419.19148828442,-32.3629437275832,1.10000000000099,3.70000000000026,3.50000000000072,-387.250063833297,-28.6410222140684,3.83069459942004,-165.224515765316,7.98639999919891,7.98484999919891,159736,"2026_06_04_0028","2026_06_04_0028_ev00113_rec0","no",451196
114,0,8.27014999919891,-378.957491542979,-387.435700170531,-8.47820862755208,0.14999999999965,30.1999999999989,29.9999999999994,76133.5700209424,-76522.2372181847,514097.023608321,-228.453819598224,8.26994999919891,8.26979999919891,165403,"2026_06_04_0028","2026_06_04_0028_ev00114_rec0","no",451197
115,0,8.39784999919891,-390.148204603691,-414.196531650889,-24.0483270471979,2.34999999999985,3.94999999999968,4.89999999999924,-392.638518594737,-14.7879761158422,5.84847599140082,-194.996092068165,8.39774999919891,8.39534999919891,167957,"2026_06_04_0028","2026_06_04_0028_ev00115_rec0","no",451198
116,0,8.45389999919891,-390.215924681141,-394.224582000652,-4.00865731951058,0,0.249999999999417,0.450000000000728,-385.012274924008,-7.94292443937177,2.64230040865937,134.689415786798,8.45389999919891,8.45379999919891,169078,"2026_06_04_0028","2026_06_04_0028_ev00116_rec0","no",451199
117,0,8.52469999919891,-386.07151137734,-394.478966867346,-8.40745549000627,0.500000000000611,3.24999999999953,3.94999999999968,-386.536888567042,-10.5927237105105,2.83342580992079,-49.0781392343334,8.52434999919891,8.52384999919891,170494,"2026_06_04_0028","2026_06_04_0028_ev00117_rec0","no",451200
118,0,8.61844999919891,-378.309573365811,-386.854935021364,-8.54536165555339,0.0999999999997669,7.50000000000028,29.9999999999994,-382.067903097409,-6.94090058403356,2.80295045674978,-136.208129754161,8.61824999919891,8.61814999919891,172369,"2026_06_04_0028","2026_06_04_0028_ev00118_rec0","no",451201
119,0,8.99184999919891,-387.82028908795,-393.260997338588,-5.44070825063881,0.0999999999997669,4.55000000000005,5.49999999999962,-384.063234895608,-10.7727344971362,8.77136085870031,18.759644796369,8.99184999919891,8.99149999919891,179837,"2026_06_04_0028","2026_06_04_0028_ev00119_rec0","no",451202
120,0,9.04109999919891,-390.619466082388,-462.990698890722,-72.3712328083334,5.2500000000002,6.59999999999883,6.09999999999999,-387.87609407415,-79.378929050607,6.16832570785364,-633.530787342831,9.04019999919891,9.03294999919891,180822,"2026_06_04_0028","2026_06_04_0028_ev00120_rec0","no",451203
121,0,9.09419999919891,-384.616136418511,-395.782761160534,-11.166624742023,0.449999999998951,12.4499999999994,15.8000000000005,-381.301483548635,-14.2099160483565,24.4734020198771,-159.651065770397,9.09359999919891,9.09314999919891,181884,"2026_06_04_0028","2026_06_04_0028_ev00121_rec0","no",451204
122,0,9.24489999919891,-391.172212424445,-399.965780794645,-8.79356837019998,0,0.0499999999998835,0,-384.421598190014,-6.98256779706294,2.94139825390339,181.638466999376,9.24484999919891,9.24479999919891,184898,"2026_06_04_0028","2026_06_04_0028_ev00122_rec0","no",451205
123,0,9.66064999919891,-380.300641026018,-385.975181692299,-5.67454066628056,0.999999999999446,0.849999999999795,0,-27081.352776327,26698.0735982474,82463.6261811904,-244.550809938,9.66064999919891,9.65964999919891,193213,"2026_06_04_0028","2026_06_04_0028_ev00123_rec0","no",451206
124,0,9.72304999919891,-388.834463097148,-398.268669729573,-9.4342066324258,0.0499999999998835,0.999999999999446,2.10000000000043,-385.2679388651,-8.89120082358612,9.18322255678218,19.5381596804993,9.72214999919891,9.72174999919891,194461,"2026_06_04_0028","2026_06_04_0028_ev00124_rec0","no",451207
125,0,9.97314999919891,-377.905759815279,-387.742341385907,-9.83658157062786,0.0499999999998835,15.9500000000001,19.6500000000004,63679.3616098867,-64066.3718882776,230250.458786383,-161.337279560778,9.97219999919891,9.97214999919891,199463,"2026_06_04_0028","2026_06_04_0028_ev00125_rec0","no",451208
126,0,10.0547499991989,-372.870640273117,-379.646716681729,-6.77607640861225,0.399999999999068,6.70000000000037,3.00000000000011,-380.698408559856,6.26040130562062,18.5528489548609,-145.169823934132,10.0547499991989,10.0543499991989,201095,"2026_06_04_0028","2026_06_04_0028_ev00126_rec0","no",451209
127,0,10.1288999991989,-377.707473259297,-384.496960625648,-6.78948736635158,0.100000000001543,0.100000000001543,0,-36205.9779166706,35824.375137711,245651.23621856,-183.291066193655,10.1288999991989,10.1287999991989,202578,"2026_06_04_0028","2026_06_04_0028_ev00127_rec0","no",451210
128,0,10.1508499991989,-382.946981712637,-387.6580726197,-4.71109090706307,3.00000000000011,15.3499999999998,9.50000000000095,-47167.0617088898,46784.4480069689,213510.283579195,-117.895842404409,10.1503999991989,10.1473999991989,203017,"2026_06_04_0028","2026_06_04_0028_ev00128_rec0","no",451211
129,0,10.2609999991989,-385.635607901597,-799.339672790938,-413.704064889341,4.09999999999933,14.7500000000012,13.3499999999991,-372.393990793578,-456.141696018501,13.2368120453876,-7040.74587975285,10.2583499991989,10.2536999991989,205220,"2026_06_04_0028","2026_06_04_0028_ev00129_rec0","no",451212
130,0,10.3038499991989,-416.512964324971,-465.918805660302,-49.405841335331,0.999999999999446,4.74999999999959,4.20000000000087,-410.206727018055,-72.9503554137612,3.88336370768157,-156.214658708764,10.3032499991989,10.3021999991989,206077,"2026_06_04_0028","2026_06_04_0028_ev00130_rec0","no",451213
131,0,10.3330499991989,-387.75532359496,-436.189473668818,-48.4341500738582,5.65000000000104,10.3000000000009,5.20000000000032,-401.14327914628,-43.6387592921842,2.29906505986622,-815.515680601276,10.3303499991989,10.3240499991989,206661,"2026_06_04_0028","2026_06_04_0028_ev00131_rec0","no",451214
132,0,10.3650499991989,-401.485994021596,-421.674973786952,-20.188979765356,0.0499999999998835,8.94999999999868,4.85000000000113,-1303752.57593087,1303349.87922203,1006590.81006567,-660.161252859552,10.3631499991989,10.3622999991989,207301,"2026_06_04_0028","2026_06_04_0028_ev00132_rec0","no",451215
133,0,10.3870499991989,-395.077078619024,-458.168874960011,-63.0917963409865,1.65000000000148,18.5000000000013,20.6,403976.013583641,-404428.25422493,246320.774219193,-1145.30779193125,10.3849999991989,10.3831999991989,207741,"2026_06_04_0028","2026_06_04_0028_ev00133_rec0","no",451216
134,0,10.4514999991989,-381.821969107125,-412.970300686806,-31.1483315796812,6.25000000000142,19.7000000000003,20.5500000000001,44370.4326091551,-44772.4642744499,106026.52563746,-705.520318298917,10.4474499991989,10.4405999991989,209030,"2026_06_04_0028","2026_06_04_0028_ev00134_rec0","no",451217
135,0,10.5080999991989,-382.499716574808,-428.966214233609,-46.4664976588006,1.50000000000006,6.95000000000157,6.85000000000002,-386.040314580188,-49.310612795462,5.34524828176144,-469.212513259872,10.5066999991989,10.5051499991989,210162,"2026_06_04_0028","2026_06_04_0028_ev00135_rec0","no",451218
136,0,10.6253999991989,-389.420660305551,-405.259398300872,-15.8387379953216,0.949999999999562,6.20000000000154,6.05000000000011,-388.624066792557,-15.9085584152409,6.96853151224747,-110.671245837535,10.6238999991989,10.6229499991989,212508,"2026_06_04_0028","2026_06_04_0028_ev00136_rec0","no",451219
137,0,10.6549499991989,-394.353805378666,-399.219532281991,-4.86572690332486,0.450000000000728,30.7499999999994,29.9999999999994,-11848.7500448995,11459.2235318082,215283.584840667,118.099235154478,10.6547499991989,10.6539999991989,213099,"2026_06_04_0028","2026_06_04_0028_ev00137_rec0","no",451220
138,0,10.8022499991989,-392.972247348347,-396.348584630255,-3.37633728190826,0.0999999999997669,2.54999999999939,2.80000000000058,-387.755154304104,-11.1980683999112,5.06423771472126,97.3447957412352,10.8022499991989,10.8019499991989,216045,"2026_06_04_0028","2026_06_04_0028_ev00138_rec0","no",451221
139,0,10.9738999991989,-386.962860107422,-415.649383544922,-28.6865234375,2.7500000000007,6.45000000000095,5.20000000000032,-390.998572678264,-23.9262636200965,4.02068522714686,-293.441772460938,10.9730499991989,10.9700499991989,219478,"2026_06_04_0028","2026_06_04_0028_ev00139_rec0","no",451222
140,0,11.0254499991989,-393.996435256231,-400.390594482422,-6.39415922619048,0.150000000001427,0.0999999999997669,0,-384.754138749647,-11.4037904058505,4.85513173504218,221.120198567708,11.0252999991989,11.0251499991989,220509,"2026_06_04_0028","2026_06_04_0028_ev00140_rec0","no",451223
141,0,11.0936499991989,-386.352508544922,-391.845672607422,-5.4931640625,0.20000000000131,1.20000000000076,0.750000000000028,-382.146506118712,-8.70605068950392,2.31142657848638,102.6611328125,11.0930499991989,11.0928499991989,221873,"2026_06_04_0028","2026_06_04_0028_ev00141_rec0","no",451224
142,0,11.1342999991989,-387.398825509208,-398.559539794922,-11.1607142857143,0.350000000000961,0.150000000001427,0,-379.412947828231,-10.8474741609404,5.51933998630058,178.257533482143,11.1342999991989,11.1338499991989,222686,"2026_06_04_0028","2026_06_04_0028_ev00142_rec0","no",451225
143,0,11.3007499991989,-388.387013753255,-534.0576171875,-145.670603434245,6.80000000000014,11.1499999999989,6.44999999999918,-385.633222373078,-164.743032615128,6.06523742348559,-1538.05041605632,11.3001999991989,11.2930499991989,226015,"2026_06_04_0028","2026_06_04_0028_ev00143_rec0","no",451226
144,0,11.3415999991989,-389.520523797898,-392.456024169922,-2.9355003720238,0.250000000001194,0.500000000000611,0.449999999998951,-384.029826410228,-7.47093001959224,3.59126146345843,137.577601841518,11.3415999991989,11.3413499991989,226832,"2026_06_04_0028","2026_06_04_0028_ev00144_rec0","no",451227
145,0,11.4022999991989,-388.125434512184,-393.066375732422,-4.94094122023807,0.199999999999534,0.500000000000611,0.300000000001077,-384.67292217468,-7.17825050728455,0.956223412805065,95.9545317150304,11.4021499991989,11.4019499991989,228046,"2026_06_04_0028","2026_06_04_0028_ev00145_rec0","no",451228
146,0,11.4318999991989,-391.380642845517,-399.169891357422,-7.78924851190476,0.14999999999965,2.64999999999915,2.70000000000081,-383.730721279546,-18.0930017026551,4.97207210572824,136.172340029762,11.4317499991989,11.4312999991989,228638,"2026_06_04_0028","2026_06_04_0028_ev00146_rec0","no",451229
147,0,11.4937499991989,-391.758479527065,-403.442352294922,-11.6838727678572,0.299999999999301,2.85000000000046,2.70000000000081,-387.057200757825,-16.6021363167261,4.40075367973426,59.9474225725439,11.4930999991989,11.4926999991989,229875,"2026_06_04_0028","2026_06_04_0028_ev00147_rec0","no",451230
148,0,11.5213999991989,-381.673146565755,-404.052703857422,-22.3795572916667,1.19999999999898,5.59999999999938,5.04999999999889,-380.176613564759,-21.4036064664443,6.45003194549767,-134.816487630209,11.5195999991989,11.5180999991989,230428,"2026_06_04_0028","2026_06_04_0028_ev00148_rec0","no",451231
149,0,11.5777499991989,-374.145477294922,-383.911102294922,-9.765625,1.35000000000041,31.6500000000008,30.0000000000011,-383.130741377952,-4.19087936834535,6.90488788208712,-345.535278320312,11.5757499991989,11.5743999991989,231555,"2026_06_04_0028","2026_06_04_0028_ev00149_rec0","no",451232
150,0,11.6401999991989,-385.654963902065,-424.194305419922,-38.5393415178572,2.59999999999927,7.49999999999851,8.0000000000009,-386.95156684806,-35.8023264044758,7.8646159258219,-387.211390904019,11.6392999991989,11.6363499991989,232804,"2026_06_04_0028","2026_06_04_0028_ev00150_rec0","no",451233
151,0,11.7880499991989,-386.119993663969,-405.273406982422,-19.1534133184524,0.799999999999912,7.64999999999993,9.50000000000095,-388.119799852329,-19.8734666968295,6.96278787175139,-219.946725027903,11.7875499991989,11.7862999991989,235761,"2026_06_04_0028","2026_06_04_0028_ev00151_rec0","no",451234
152,0,11.9392999991989,-388.096370152065,-397.949188232422,-9.85281808035717,0.14999999999965,3.80000000000003,4.99999999999901,-389.672837600813,-10.4089325067854,3.09622051628118,-85.6018066406257,11.9387999991989,11.9386499991989,238786,"2026_06_04_0028","2026_06_04_0028_ev00152_rec0","no",451235
153,0,12.0037999991989,-392.630410330636,-399.169891357422,-6.53948102678572,0.849999999999795,3.14999999999976,2.95000000000023,-390.267549389467,-16.1144973161454,2.41970866714977,23.4810965401783,12.0033999991989,12.0025499991989,240076,"2026_06_04_0028","2026_06_04_0028_ev00153_rec0","no",451236
154,0,12.0294999991989,-385.131805419922,-396.728485107422,-11.5966796875,0.199999999999534,15.1500000000002,29.9999999999994,-390.498538426675,-7.5129925606079,5.29195897402849,-205.047607421875,12.0293499991989,12.0291499991989,240590,"2026_06_04_0028","2026_06_04_0028_ev00154_rec0","no",451237
155,0,12.2178999991989,-409.662125360398,-413.207977294922,-3.5458519345238,0.349999999999184,0.14999999999965,0,-156.011872414695,-254.599358158519,568.390213759472,168.854486374628,12.2178999991989,12.2175499991989,244358,"2026_06_04_0028","2026_06_04_0028_ev00155_rec0","no",451238
156,0,12.3180999991989,-388.183563232422,-397.338836669922,-9.1552734375,0.400000000000844,26.7999999999997,26.3999999999989,-393.552672571634,-8.95030940516312,0.790171913120121,-173.4619140625,12.3180999991989,12.3176999991989,246362,"2026_06_04_0028","2026_06_04_0028_ev00156_rec0","no",451239
157,0,12.4077999991989,-391.700350806827,-402.221649169922,-10.5212983630952,1.35000000000041,7.64999999999993,8.15000000000055,-393.672675624742,-15.4037323941817,3.91662975274683,-146.041143508185,12.4071999991989,12.4056499991989,248156,"2026_06_04_0028","2026_06_04_0028_ev00157_rec0","no",451240
158,0,12.4368999991989,-402.977322533017,-405.883758544922,-2.90643601190476,0.500000000000611,0.650000000000261,0.349999999999184,-394.712326063493,-10.1010912534028,4.60501128939101,200.153169177827,12.4368999991989,12.4363999991989,248738,"2026_06_04_0028","2026_06_04_0028_ev00158_rec0","no",451241
159,0,12.5851999991989,-393.967370896112,-567.626953125,-173.659582228888,3.24999999999953,11.8999999999989,8.49999999999973,-382.255730074,-209.754496453831,8.35253588224344,-2262.43838740758,12.5814499991989,12.5777499991989,251704,"2026_06_04_0028","2026_06_04_0028_ev00159_rec0","no",451242
160,0,12.6271499991989,-390.014617919922,-408.325164794922,-18.310546875,0.949999999999562,5.30000000000008,3.55000000000061,-384.262061878412,-28.2669922749083,4.38055154032386,3.448486328125,12.6255499991989,12.6243999991989,252543,"2026_06_04_0028","2026_06_04_0028_ev00160_rec0","no",451243
161,0,12.7654499991989,-392.19444492885,-549.31640625,-157.12196132115,2.95000000000023,11.0499999999991,9.29999999999964,-380.310875294865,-162.720124157548,11.0559875271028,-2009.29714835031,12.7625499991989,12.7592999991989,255309,"2026_06_04_0028","2026_06_04_0028_ev00161_rec0","no",451244
162,0,12.8514999991989,-388.154498872303,-425.415008544922,-37.260509672619,1.50000000000006,12.95,15.5999999999992,-387.762057130826,-31.6097638545078,19.4564125322096,-553.27642531622,12.8499999991989,12.8475999991989,257030,"2026_06_04_0028","2026_06_04_0028_ev00162_rec0","no",451245
163,0,12.9883499991989,-400.535916283017,-422.973602294922,-22.4376860119048,2.54999999999939,8.79999999999903,6.29999999999953,-390.768484499139,-34.0445625748887,9.96989893782426,-94.8420933314732,12.9867499991989,12.9840499991989,259767,"2026_06_04_0028","2026_06_04_0028_ev00163_rec0","no",451246
164,0,13.0450499991989,-401.901941208612,-416.870086669922,-14.9681454613095,1.39999999999851,2.04999999999878,0,-373.308135625064,-27.1015268264108,48.0952124050526,249.58728608631,13.0450499991989,13.0429499991989,260901,"2026_06_04_0028","2026_06_04_0028_ev00164_rec0","no",451247
165,0,13.1660499991989,-390.624969482422,-396.728485107422,-6.103515625,1.15000000000087,2.69999999999904,1.05000000000111,-386.310215633123,-10.4233179491525,2.31021761002809,98.419189453125,13.1643499991989,13.1631999991989,263321,"2026_06_04_0028","2026_06_04_0028_ev00165_rec0","no",451248
166,0,13.1998499991989,-380.248992919922,-385.742156982422,-5.4931640625,2.60000000000105,30.9000000000008,29.9999999999994,-386.460656595808,-8.28898860365761,2.55006282484665,-237.579345703125,13.1998499991989,13.1972499991989,263997,"2026_06_04_0028","2026_06_04_0028_ev00166_rec0","no",451249
167,0,13.2772999991989,-393.153568812779,-408.935516357422,-15.7819475446428,0.650000000000261,4.14999999999921,4.20000000000087,-380.896671130556,-27.9615126670876,9.63580881976901,92.5859723772329,13.2766499991989,13.2752999991989,265546,"2026_06_04_0028","2026_06_04_0028_ev00167_rec0","no",451250
168,0,13.4426999991989,-388.619528634208,-404.052703857422,-15.4331752232143,0.199999999999534,4.45000000000029,4.59999999999994,-383.469291814669,-22.7374522762431,6.23581153400985,-3.28717912946404,13.4417499991989,13.4413999991989,268854,"2026_06_04_0028","2026_06_04_0028_ev00168_rec0","no",451251
169,0,13.5230999991989,-382.806656610398,-417.480438232422,-34.6737816220238,0.600000000000378,6.80000000000014,7.64999999999993,-386.56270669541,-40.5152191267504,5.12364985389997,-365.172613234747,13.5224499991989,13.5216999991989,270462,"2026_06_04_0028","2026_06_04_0028_ev00169_rec0","no",451252
170,0,13.5662999991989,-388.881107875279,-393.676727294922,-4.79561941964283,0.0499999999998835,1.20000000000076,1.40000000000029,-385.769982019602,-7.18343090067755,3.67458316600381,66.4869035993311,13.5659999991989,13.5659499991989,271326,"2026_06_04_0028","2026_06_04_0028_ev00170_rec0","no",451253
171,0,13.6211999991989,-386.933795747303,-408.935516357422,-22.001720610119,3.35000000000107,7.89999999999935,5.70000000000093,-389.739064645399,-18.5138468160807,4.58429485734427,-238.224574497767,13.6184499991989,13.6147999991989,272424,"2026_06_04_0028","2026_06_04_0028_ev00171_rec0","no",451254
172,0,13.6799999991989,-387.63134039016,-406.494110107422,-18.8627697172619,0.20000000000131,3.3499999999993,3.55000000000061,-384.42317760989,-25.6731805385689,3.82635130562694,-15.0844029017864,13.6793999991989,13.6791499991989,273600,"2026_06_04_0028","2026_06_04_0028_ev00172_rec0","no",451255
173,0,13.7914999991989,-393.095440092541,-406.494110107422,-13.398670014881,0.900000000001455,9.90000000000002,11.4999999999998,49022.7390239478,-49426.7422925991,95491.1570813668,-121.382940383185,13.7898999991989,13.7888999991989,275830,"2026_06_04_0028","2026_06_04_0028_ev00173_rec0","no",451256
174,0,13.8859499991989,-397.135386149089,-399.169891357422,-2.03450520833331,0.400000000000844,4.15000000000099,4.24999999999898,-386.259748081192,-14.2660145102944,20.7593809344802,98.3123779296881,13.8859499991989,13.8855499991989,277719,"2026_06_04_0028","2026_06_04_0028_ev00174_rec0","no",451257
175,0,14.1201999991989,-385.277127220517,-394.897430419922,-9.62030319940476,0.199999999999534,36.0499999999995,29.9999999999994,-392.749944569723,-9.36601766758208,2.01976970600286,-320.877801804315,14.1147999991989,14.1138499991989,282404,"2026_06_04_0028","2026_06_04_0028_ev00175_rec0","no",451258
176,0,14.2778499991989,-401.030010405041,-407.714813232422,-6.68480282738096,0.0999999999997669,0.0499999999998835,0.199999999999534,-393.366793246776,-10.7662726456812,2.95184858104608,198.080153692336,14.2777999991989,14.2776999991989,285557,"2026_06_04_0028","2026_06_04_0028_ev00176_rec0","no",451259
177,0,14.3904499991989,-400.187143961589,-488.891571044922,-88.7044270833333,0.849999999999795,4.14999999999921,5.09999999999877,-394.22102688972,-82.7872052536697,6.72370237221763,-439.305623372395,14.3900499991989,14.3890499991989,287809,"2026_06_04_0028","2026_06_04_0028_ev00177_rec0","no",451260
178,0,14.4641499991989,-396.321584065755,-452.880828857422,-56.5592447916667,3.54999999999883,18.3,18.2000000000002,-144.332895209855,-310.004384826576,142.863817789119,-1047.78035481771,14.4627999991989,14.4572499991989,289283,"2026_06_04_0028","2026_06_04_0028_ev00178_rec0","no",451261
179,0,14.5564499991989,-392.078187488374,-394.897430419922,-2.81924293154759,0,0,0,-384.802642892075,-6.77101581892239,3.96112261980546,191.235496884301,14.5564499991989,14.5562499991989,291129,"2026_06_04_0028","2026_06_04_0028_ev00179_rec0","no",451262
180,0,14.6353499991989,-392.107251848493,-395.507781982422,-3.40053013392856,0.0999999999997669,1.79999999999936,1.84999999999924,-383.325355312613,-14.1115827452066,5.37293595933968,187.443324497768,14.6352499991989,14.6351499991989,292707,"2026_06_04_0028","2026_06_04_0028_ev00180_rec0","no",451263
181,0,14.8279499991989,-382.690399169922,-390.624969482422,-7.9345703125,0.0999999999997669,7.4500000000004,0.0499999999998835,-389.342210534412,-1.28480402053344,1e-07,-301.7578125,14.8204499991989,14.8203499991989,296559,"2026_06_04_0028","2026_06_04_0028_ev00181_rec0","no",451264
182,0,15.0414499991989,-382.545077369327,-385.742156982422,-3.19707961309524,0.14999999999965,3.05,3.80000000000003,-369.770831295804,-16.0724561915384,26.8656467088796,92.0359293619791,15.0412999991989,15.0411499991989,300829,"2026_06_04_0028","2026_06_04_0028_ev00182_rec0","no",451265
183,0,15.1032499991989,-387.079117547898,-401.611297607422,-14.5321800595238,1.25000000000064,7.24999999999909,4.94999999999912,-373.69438884267,-32.4197998810827,9.08224816666664,72.1668061755957,15.1024499991989,15.0999499991989,302065,"2026_06_04_0028","2026_06_04_0028_ev00183_rec0","no",451266
184,0,15.3427999991989,-386.236251104446,-393.066375732422,-6.8301246279762,0.199999999999534,1.64999999999971,0.650000000000261,-381.621906124001,-9.0883462898756,2.64151787396868,107.85420735677,15.3419999991989,15.3414499991989,306856,"2026_06_04_0028","2026_06_04_0028_ev00184_rec0","no",451267
185,0,15.4937999991989,-375.133665538969,-402.832000732422,-27.6983351934524,0.999999999999446,6.14999999999988,7.4500000000004,-378.87693642145,-23.8529031523893,5.73736816551727,-280.895414806549,15.4930499991989,15.4916999991989,309876,"2026_06_04_0028","2026_06_04_0028_ev00185_rec0","no",451268
186,0,15.5253999991989,-378.882967994327,-401.000946044922,-22.1179780505952,0.750000000000028,5.14999999999866,5.49999999999962,-381.27163830309,-19.2852946211846,4.56084527164461,-184.832618350074,15.5244999991989,15.5237499991989,310508,"2026_06_04_0028","2026_06_04_0028_ev00186_rec0","no",451269
187,0,15.6992999991989,-382.516013009208,-396.728485107422,-14.2124720982143,0.20000000000131,2.15000000000032,3.00000000000011,-381.770285972535,-12.985554677496,3.86134760821979,-31.2042236328123,15.6991999991989,15.6989999991989,313986,"2026_06_04_0028","2026_06_04_0028_ev00187_rec0","no",451270
188,0,16.0625499991989,-378.417938232422,-386.352508544922,-7.9345703125,2.30000000000175,36.6500000000016,30.0000000000011,-385.707107003801,-8.73225910073062,5.46151552001003,-355.95703125,16.0580999991989,16.0557999991989,321251,"2026_06_04_0028","2026_06_04_0028_ev00188_rec0","no",451271
189,0,16.1006999991989,-388.85204351516,-401.000946044922,-12.1489025297619,0.299999999999301,3.00000000000011,3.94999999999968,-390.904668780862,-11.5072252792608,2.56424028620623,-95.4052153087804,16.1006499991989,16.1003499991989,322014,"2026_06_04_0028","2026_06_04_0028_ev00189_rec0","no",451272
190,0,16.1277499991989,-392.659474690755,-402.832000732422,-10.1725260416667,0.0500000000016598,0.0999999999997669,0,-390.265485237853,-3.8483550825315,2.45676065070754,61.5590413411453,16.1277499991989,16.1275499991989,322555,"2026_06_04_0028","2026_06_04_0028_ev00190_rec0","no",451273
191,0,16.3024999991989,-393.705791655041,-419.311492919922,-25.605701264881,1.24999999999886,7.34999999999886,8.09999999999889,-394.104140637919,-24.2785860862403,8.23033931943476,-255.537487211682,16.3006499991989,16.2993499991989,326050,"2026_06_04_0028","2026_06_04_0028_ev00191_rec0","no",451274
192,0,16.3464499991989,-394.897430419922,-434.570281982422,-39.6728515625,0.599999999998602,9.59999999999894,8.90000000000057,-394.613174463423,-50.5486192441972,7.30045384104894,-482.086181640625,16.3435499991989,16.3428499991989,326929,"2026_06_04_0028","2026_06_04_0028_ev00192_rec0","no",451275
193,0,16.4573499991989,-393.560469854446,-397.338836669922,-3.7783668154762,0.0499999999981071,0.599999999998602,0.399999999999068,-388.360737689777,-8.69232436216955,1.50044910678206,141.97285970052,16.4570999991989,16.4570499991989,329147,"2026_06_04_0028","2026_06_04_0028_ev00193_rec0","no",451276
194,0,16.4994499991989,-394.34520757766,-406.494110107422,-12.1489025297619,1.04999999999933,1.10000000000099,0.199999999999534,-390.488714187982,-9.04825689438646,2.28585983057334,90.6364804222464,16.4994499991989,16.4981999991989,329989,"2026_06_04_0028","2026_06_04_0028_ev00194_rec0","no",451277
195,0,16.5836499991989,-395.914683024089,-401.000946044922,-5.08626302083331,0.450000000000728,1.69999999999959,1.99999999999889,-392.670730718862,-7.26423363239783,5.79921395673894,53.9906819661464,16.5836499991989,16.5831999991989,331673,"2026_06_04_0028","2026_06_04_0028_ev00195_rec0","no",451278
196,0,16.6530999991989,-399.344277518136,-405.273406982422,-5.92912946428572,0.149999999997874,0.700000000001921,1.4499999999984,-379.518430467733,-22.97016988411,34.3222962929006,133.946010044643,16.6528499991989,16.6525999991989,333062,"2026_06_04_0028","2026_06_04_0028_ev00196_rec0","no",451279
197,0,16.8095499991989,-390.712162562779,-402.832000732422,-12.1198381696428,0.750000000000028,0.450000000000728,0,-384.587955336317,-10.3782434082964,9.46181879988391,81.6083635602686,16.8084499991989,16.8074499991989,336191,"2026_06_04_0028","2026_06_04_0028_ev00197_rec0","no",451280
198,0,16.9534499991989,-400.12901524135,-403.442352294922,-3.31333705357144,0.0999999999997669,1.10000000000099,0,-371.892809063867,-29.3904582670333,31.4022444683631,279.264177594866,16.9522499991989,16.9521499991989,339069,"2026_06_04_0028","2026_06_04_0028_ev00198_rec0","no",451281
199,0,17.1402499991989,-395.159009660993,-409.545867919922,-14.3868582589286,1.35000000000218,1.10000000000099,0.350000000000961,-383.60026763848,-17.9510627513351,6.00656396859878,230.141775948661,17.1398499991989,17.1380499991989,342805,"2026_06_04_0028","2026_06_04_0028_ev00199_rec0","no",451282
200,0,17.2076499991989,-378.708581833612,-388.183563232422,-9.47498139880952,0.349999999997408,1.4499999999984,2.05000000000055,-377.41166709987,-9.90470559984887,2.84307054155018,7.92657761346743,17.2076499991989,17.2071499991989,344153,"2026_06_04_0028","2026_06_04_0028_ev00200_rec0","no",451283
201,0,17.3215499991989,-387.195374988374,-391.235321044922,-4.03994605654759,0.550000000000495,2.69999999999726,1.75000000000125,-381.48562106393,-9.71732790093629,5.91392022985774,109.06473795573,17.3203999991989,17.3198499991989,346431,"2026_06_04_0028","2026_06_04_0028_ev00201_rec0","no",451284
202,0,17.4852499991989,-383.911102294922,-407.104461669922,-23.193359375,0.600000000002154,1.84999999999746,3.15000000000154,-382.612979486929,-15.9597713892623,6.58993314418234,-80.9326171875,17.4848999991989,17.4837999991989,349705,"2026_06_04_0028","2026_06_04_0028_ev00202_rec0","no",451285
203,0,17.5162499991989,-384.347067696708,-407.104461669922,-22.7573939732143,0.599999999998602,0.750000000000028,1.1499999999991,-388.734173097576,-7.69899381081216,1.79343240191602,-159.295218331473,17.5155499991989,17.5144999991989,350325,"2026_06_04_0028","2026_06_04_0028_ev00203_rec0","no",451286
204,0,17.6331999991989,-396.757549467541,-399.169891357422,-2.41234188988096,0.399999999999068,3.14999999999799,3.00000000000011,-394.758247256751,-8.64989986042544,2.74826698284689,33.9486258370532,17.6331999991989,17.6327999991989,352664,"2026_06_04_0028","2026_06_04_0028_ev00204_rec0","no",451287
205,0,17.6783499991989,-397.629480271112,-403.442352294922,-5.81287202380952,0.0999999999997669,0.250000000001194,0.199999999999534,-396.400650733905,-7.37014480793342,0.238349841920821,35.0319998604913,17.6783499991989,17.6782499991989,353567,"2026_06_04_0028","2026_06_04_0028_ev00205_rec0","no",451288
206,0,17.6997999991989,-393.211697533017,-410.156219482422,-16.9445219494048,0.650000000000261,7.60000000000005,9.00000000000034,-387.437731343414,-23.3291401859065,13.5755200192663,-124.170939127604,17.6990999991989,17.6984499991989,353996,"2026_06_04_0028","2026_06_04_0028_ev00206_rec0","no",451289
207,0,17.8604999991989,-397.629480271112,-403.442352294922,-5.81287202380952,0.0999999999997669,0.0499999999981071,0,-395.761067879234,-7.68727540542483,1e-07,55.0195603143603,17.8603999991989,17.8602999991989,357210,"2026_06_04_0028","2026_06_04_0028_ev00207_rec0","no",451290
208,0,17.9624499991989,-391.845672607422,-396.728485107422,-4.8828125,0.399999999999068,4.70000000000326,4.90000000000279,-392.199720099383,-11.4767863110537,2.37440369350031,-43.609619140625,17.9624499991989,17.9616499991989,359249,"2026_06_04_0028","2026_06_04_0028_ev00208_rec0","no",451291
209,0,18.0543499991989,-389.317073277065,-408.325164794922,-19.0080915178572,1.54999999999816,11.0499999999973,12.8999999999984,-391.799457048184,-17.7616165066713,9.48389609114452,-279.429844447546,18.0531999991989,18.0516499991989,361087,"2026_06_04_0028","2026_06_04_0028_ev00209_rec0","no",451292
210,0,18.1403999991989,-391.613157726469,-484.619110107422,-93.0059523809524,2.09999999999866,11.5000000000016,11.2999999999985,-398.279182396569,-106.791169494461,8.38822862335478,-1366.88232421875,18.1385499991989,18.1362499991989,362808,"2026_06_04_0028","2026_06_04_0028_ev00210_rec0","no",451293
211,0,18.2481499991989,-393.938306535993,-425.415008544922,-31.4767020089286,2.50000000000128,4.85000000000113,6.3999999999993,-390.637476799147,-27.9577539701229,10.2531957655086,-224.105834960937,18.2478499991989,18.2446999991989,364963,"2026_06_04_0028","2026_06_04_0028_ev00211_rec0","no",451294
212,0,18.3662999991989,-376.586883544922,-388.183563232422,-11.5966796875,0.849999999999795,19.0999999999981,30.0000000000011,-381.587323732221,-15.2346520114791,5.63765015566122,-276.9775390625,18.3645999991989,18.3637499991989,367326,"2026_06_04_0028","2026_06_04_0028_ev00212_rec0","no",451295
213,0,18.4660999991989,-389.14268711635,-408.325164794922,-19.1824776785714,3.8000000000018,11.2500000000004,6.85000000000002,-384.02153734449,-31.2460646850515,7.31347488981907,-121.686662946429,18.4649999991989,18.4594499991989,369322,"2026_06_04_0028","2026_06_04_0028_ev00213_rec0","no",451296
214,0,18.5104499991989,-378.214487711589,-386.352508544922,-8.13802083333331,0.900000000001455,12.2999999999998,30.0000000000011,-381.73133063412,-16.04822399261,3.24103090170918,-175.354003906249,18.5100499991989,18.5089999991989,370209,"2026_06_04_0028","2026_06_04_0028_ev00214_rec0","no",451297
215,0,18.5518499991989,-372.924774169922,-380.859344482422,-7.9345703125,0.0999999999997669,9.49999999999918,30.0000000000011,-376.482703461993,-10.911340626884,2.82943358626891,-143.37158203125,18.5515499991989,18.5514499991989,371037,"2026_06_04_0028","2026_06_04_0028_ev00215_rec0","no",451298
216,0,18.6509999991989,-381.469696044922,-394.287078857422,-12.8173828125,1.30000000000052,7.65000000000171,5.2500000000002,-381.672973502028,-17.7367898426134,3.85099641719528,-116.836547851562,18.6487499991989,18.6470999991989,373020,"2026_06_04_0028","2026_06_04_0028_ev00216_rec0","no",451299
217,0,18.6812499991989,-392.485088530041,-394.897430419922,-2.41234188988096,0.149999999997874,0.199999999999534,0,-382.54074240894,-4.46903122130007,3.00646885810125,284.080142066592,18.6811999991989,18.6810499991989,373625,"2026_06_04_0028","2026_06_04_0028_ev00217_rec0","no",451300
218,0,18.6994999991989,-387.718533470517,-399.780242919922,-12.0617094494048,0.500000000002387,0.499999999998835,0,-378.906820992826,-9.20466791773798,10.7422823727404,168.954758417039,18.6993499991989,18.6987499991989,373990,"2026_06_04_0028","2026_06_04_0028_ev00218_rec0","no",451301
219,0,18.8539499991989,-380.365250360398,-393.676727294922,-13.3114769345238,0.150000000001427,6.55000000000072,7.14999999999932,-379.840174818247,-21.4263852620485,5.22968797632713,-111.883254278273,18.8531499991989,18.8529999991989,377079,"2026_06_04_0028","2026_06_04_0028_ev00219_rec0","no",451302
220,0,18.9462999991989,-382.254433768136,-389.404266357422,-7.14983258928572,0.750000000000028,0.999999999997669,0.0999999999997669,-376.809626215817,-8.5230213203709,2.2581566725465,137.669154575893,18.9461499991989,18.9450999991989,378926,"2026_06_04_0028","2026_06_04_0028_ev00220_rec0","no",451303
221,0,19.0041999991989,-366.210906982422,-378.417938232422,-12.20703125,0.450000000000728,31.9499999999984,30.0000000000011,-376.39008735954,-9.25743298701326,2.49941009793741,-363.739013671875,19.0024499991989,19.0019999991989,380084,"2026_06_04_0028","2026_06_04_0028_ev00221_rec0","no",451304
222,0,19.0759999991989,-389.026429675874,-391.845672607422,-2.81924293154759,0.0499999999981071,1.20000000000076,1.65000000000148,-372.489521551872,-18.8245256364666,23.8457174596651,174.549647739956,19.0759999991989,19.0758999991989,381520,"2026_06_04_0028","2026_06_04_0028_ev00222_rec0","no",451305
223,0,19.3388999991989,-379.028289794922,-386.962860107422,-7.9345703125,0.800000000001688,11.45,13.5499999999986,-378.437517517574,-12.7564551210499,10.5544500507101,-118.057250976562,19.3388999991989,19.3380999991989,386778,"2026_06_04_0028","2026_06_04_0028_ev00223_rec0","no",451306
224,0,19.3745499991989,-383.010107131231,-429.687469482422,-46.6773623511905,5.05000000000067,8.84999999999891,7.64999999999816,-383.064916874799,-39.8794301253056,9.07796699775688,-516.798473539807,19.3736999991989,19.3681999991989,387491,"2026_06_04_0028","2026_06_04_0028_ev00224_rec0","no",451307
225,0,19.5863999991989,-393.967370896112,-396.728485107422,-2.76111421130952,0.799999999998136,2.44999999999962,2.15000000000032,-383.096234889487,-13.5527026048989,16.4806094261135,135.010492234003,19.5863999991989,19.5854499991989,391728,"2026_06_04_0028","2026_06_04_0028_ev00225_rec0","no",451308
226,0,19.6449499991989,-387.980112711589,-400.390594482422,-12.4104817708333,0.250000000001194,0.700000000001921,0.949999999999562,-384.255797395655,-11.7119158847094,2.74634481522569,77.0161946614589,19.6448999991989,19.6444999991989,392899,"2026_06_04_0028","2026_06_04_0028_ev00226_rec0","no",451309
227,0,19.7720999991989,-377.197235107422,-385.742156982422,-8.544921875,0.0999999999997669,32.2999999999993,30.0000000000011,-386.910187993698,-6.37667454981966,3.87142315408037,-355.926513671875,19.7692499991989,19.7691499991989,395442,"2026_06_04_0028","2026_06_04_0028_ev00227_rec0","no",451310
228,0,19.8329999991989,-384.172681535993,-387.573211669922,-3.40053013392856,0.299999999999301,0.599999999998602,0.599999999998602,-378.682245724485,-7.76812814302904,4.1925379118282,131.103515625001,19.8329999991989,19.8326999991989,396660,"2026_06_04_0028","2026_06_04_0028_ev00228_rec0","no",451311
229,0,19.9346999991989,-393.938306535993,-397.338836669922,-3.40053013392856,0.499999999998835,5.99999999999667,4.64999999999804,-383.226132001089,-19.744917937326,9.26763455635933,131.833757672992,19.9342499991989,19.9329499991989,398694,"2026_06_04_0028","2026_06_04_0028_ev00229_rec0","no",451312
230,0,20.4164499991989,-383.736716134208,-405.273406982422,-21.5366908482143,1.10000000000099,6.04999999999833,3.65000000000038,-387.312859338853,-19.6302753245895,2.42867632535005,-201.710292271205,20.4140999991989,20.4127999991989,408329,"2026_06_04_0028","2026_06_04_0028_ev00230_rec0","no",451313
231,0,20.4366499991989,-388.299820672898,-392.456024169922,-4.1562034970238,0.399999999999068,3.84999999999991,3.60000000000227,-382.026663975389,-12.051049727637,8.27432014510914,87.5011625744052,20.4363499991989,20.4358499991989,408733,"2026_06_04_0028","2026_06_04_0028_ev00231_rec0","no",451314
232,0,20.7619999991989,-382.690399169922,-388.183563232422,-5.4931640625,0.149999999997874,4.20000000000087,5.10000000000232,-381.947594152996,-8.64050679213281,4.49233412813323,-17.7459716796875,20.7619999991989,20.7618499991989,415240,"2026_06_04_0028","2026_06_04_0028_ev00232_rec0","no",451315
233,0,21.0728499991989,-382.254433768136,-390.624969482422,-8.37053571428572,0.249999999997641,3.99999999999778,4.20000000000087,-380.932561917252,-12.9407482725194,3.90536266610681,-26.4434814453128,21.0713999991989,21.0711499991989,421457,"2026_06_04_0028","2026_06_04_0028_ev00233_rec0","no",451316
234,0,21.1858999991989,-378.098230271112,-403.442352294922,-25.3441220238095,0.499999999998835,1.15000000000265,1.55000000000172,-378.535657398503,-13.6980005299751,3.65659126196247,-72.9094005766367,21.1858999991989,21.1846999991989,423718,"2026_06_04_0028","2026_06_04_0028_ev00234_rec0","no",451317
235,0,21.3281499991989,-402.076327369327,-405.273406982422,-3.19707961309524,0.199999999999534,0.299999999999301,0,-390.910146872242,-10.3762289063761,17.828467754354,183.481852213542,21.3280999991989,21.3278499991989,426563,"2026_06_04_0028","2026_06_04_0028_ev00235_rec0","no",451318
236,0,21.6793499991989,-396.525034586589,-410.156219482422,-13.6311848958333,0.350000000000961,4.15000000000276,4.99999999999901,-399.710904955633,-10.7062388078004,2.86329647177687,-141.962687174479,21.6785999991989,21.6781499991989,433587,"2026_06_04_0028","2026_06_04_0028_ev00236_rec0","no",451319
237,0,21.6998499991989,-402.89012945266,-412.597625732422,-9.70749627976193,0.0999999999997669,0,0,-382.710695116587,-20.644836447612,33.0724395260343,197.85417829241,21.6998499991989,21.6997499991989,433997,"2026_06_04_0028","2026_06_04_0028_ev00237_rec0","no",451320
238,0,21.8278999991989,-389.229880196708,-410.156219482422,-20.9263392857143,0.650000000000261,2.50000000000128,3.69999999999848,-384.439893966408,-22.4196996214268,6.3659830589981,-16.562325613839,21.8271999991989,21.8262499991989,436558,"2026_06_04_0028","2026_06_04_0028_ev00238_rec0","no",451321
239,0,22.0266999991989,-385.829350062779,-408.935516357422,-23.1061662946428,0.750000000000028,4.44999999999851,5.05000000000067,-388.15134233629,-26.6680806353122,3.47007420103371,-178.268432617187,22.0265499991989,22.0256999991989,440534,"2026_06_04_0028","2026_06_04_0028_ev00239_rec0","no",451322
240,0,22.0491499991989,-395.217138381231,-399.169891357422,-3.95275297619048,0.0999999999997669,0,0,-387.979591503502,-7.18228464914498,2.31546642105985,200.151715959821,22.0491499991989,22.0490499991989,440983,"2026_06_04_0028","2026_06_04_0028_ev00240_rec0","no",451323
241,0,22.1201999991989,-386.555959065755,-402.832000732422,-16.2760416666667,0.350000000000961,5.85000000000235,5.60000000000116,-388.384550499496,-19.6368451667278,3.63748660903371,-157.70975748698,22.1183999991989,22.1180499991989,442404,"2026_06_04_0028","2026_06_04_0028_ev00241_rec0","no",451324
242,0,22.2138999991989,-383.504201253255,-402.832000732422,-19.3277994791667,1.00000000000122,4.14999999999921,4.84999999999758,-383.847868569046,-18.4892513087846,4.86962151702916,-132.176717122396,22.2124999991989,22.2114999991989,444278,"2026_06_04_0028","2026_06_04_0028_ev00242_rec0","no",451325
243,0,22.3279499991989,-386.614087785993,-392.456024169922,-5.84193638392856,0.0499999999981071,0.199999999999534,0.299999999999301,-379.455772603559,-11.1203983916962,1.69024050931465,195.626395089286,22.3279499991989,22.3278499991989,446559,"2026_06_04_0028","2026_06_04_0028_ev00243_rec0","no",451326
244,0,22.4987999991989,-374.145477294922,-380.248992919922,-6.103515625,0.650000000000261,1.59999999999982,0,-380.428019828657,0.173306683464353,1e-07,-231.918334960938,22.4960499991989,22.4953999991989,449976,"2026_06_04_0028","2026_06_04_0028_ev00244_rec0","no",451327
245,0,22.8354499991989,-373.767640613374,-389.404266357422,-15.6366257440476,0.549999999996942,3.8000000000018,3.49999999999895,-374.061327442897,-15.9483568282326,3.29499910161155,-80.0098237537194,22.8353999991989,22.8334999991989,456709,"2026_06_04_0028","2026_06_04_0028_ev00245_rec0","no",451328
246,0,22.8708999991989,-375.71495274135,-412.597625732422,-36.8826729910714,3.09999999999988,6.09999999999999,5.29999999999831,-370.497000794065,-39.7968251610956,7.09500620135483,-207.717895507813,22.8705499991989,22.8674499991989,457418,"2026_06_04_0028","2026_06_04_0028_ev00246_rec0","no",451329
247,0,23.5219499991989,-389.200815836589,-402.221649169922,-13.0208333333333,0.849999999999795,1.4499999999984,2.00000000000244,-382.605383279095,-15.6210715138256,6.38346651213914,90.4846191406256,23.5211999991989,23.5203499991989,470439,"2026_06_04_0028","2026_06_04_0028_ev00247_rec0","no",451330
248,0,23.8761999991989,-382.109111967541,-422.363250732422,-40.254138764881,1.60000000000338,4.50000000000017,4.99999999999901,-386.201893561313,-32.0741574283276,4.61388472011708,-322.780064174108,23.8759499991989,23.8739999991989,477524,"2026_06_04_0028","2026_06_04_0028_ev00248_rec0","no",451331
249,0,23.9018499991989,-387.951048351469,-397.949188232422,-9.99813988095241,0.10000000000332,0.0500000000016598,0,-380.907783122855,-7.32259931889518,5.56521632953357,170.451572963169,23.9018499991989,23.9017499991989,478037,"2026_06_04_0028","2026_06_04_0028_ev00249_rec0","no",451332
250,0,23.9485499991989,-376.586883544922,-386.962860107422,-10.3759765625,0.0500000000016598,24.5500000000014,30.0000000000011,-381.619225301003,-7.42301139938854,6.32304004488812,-198.2421875,23.9484999991989,23.9484499991989,478971,"2026_06_04_0028","2026_06_04_0028_ev00250_rec0","no",451333
251,0,24.0191499991989,-383.417008172898,-406.494110107422,-23.0771019345238,0.999999999997669,7.95000000000101,10.150000000003,-388.892335557728,-18.8500287398874,5.58975671251425,-299.617222377232,24.0180999991989,24.0167999991989,480383,"2026_06_04_0028","2026_06_04_0028_ev00251_rec0","no",451334
252,0,24.0926999991989,-380.248992919922,-390.014617919922,-9.765625,0.250000000001194,11.6499999999995,13.9999999999993,-372.110806064687,-20.0931993040541,26.1267412747256,-122.528076171875,24.0923999991989,24.0921499991989,481854,"2026_06_04_0028","2026_06_04_0028_ev00252_rec0","no",451335
253,0,24.1393499991989,-392.630410330636,-394.897430419922,-2.26702008928572,0.299999999999301,1.00000000000122,1.00000000000122,-388.088714591969,-6.87734505909627,4.16425525561893,106.842041015625,24.1393499991989,24.1390499991989,482787,"2026_06_04_0028","2026_06_04_0028_ev00253_rec0","no",451336
254,0,24.2009499991989,-390.014617919922,-397.949188232422,-7.9345703125,0.0999999999997669,31.5999999999974,29.9999999999976,-394.804117474132,-12.5042421395579,3.7808658197964,-211.532592773438,24.1992499991989,24.1991499991989,484019,"2026_06_04_0028","2026_06_04_0028_ev00254_rec0","no",451337
255,0,24.2505999991989,-403.297030494327,-442.504852294922,-39.2078218005952,2.049999999997,6.94999999999979,4.14999999999921,-398.213544948635,-41.5295904904736,5.51727504176495,-212.298438662575,24.2477499991989,24.2447499991989,485012,"2026_06_04_0028","2026_06_04_0028_ev00255_rec0","no",451338
256,0,24.3089999991989,-406.84288242885,-415.649383544922,-8.80650111607144,0.399999999999068,6.55000000000072,5.44999999999973,-396.178080652489,-26.0529573415464,8.69713620335993,76.2350899832585,24.3073999991989,24.3068999991989,486180,"2026_06_04_0028","2026_06_04_0028_ev00256_rec0","no",451339
257,0,24.3332999991989,-401.175332205636,-403.442352294922,-2.26702008928572,0.150000000001427,0.250000000001194,0,-390.158165806222,-10.7896511070741,9.18822555306428,234.778267996652,24.3332999991989,24.3330499991989,486666,"2026_06_04_0028","2026_06_04_0028_ev00257_rec0","no",451340
258,0,24.4014999991989,-393.676727294922,-402.221649169922,-8.544921875,0.499999999998835,4.15000000000276,3.45000000000084,-390.9635411795,-17.7230646723744,3.11007475314035,10.6658935546875,24.4006999991989,24.4001999991989,488030,"2026_06_04_0028","2026_06_04_0028_ev00258_rec0","no",451341
259,0,24.6036999991989,-387.573211669922,-394.287078857422,-6.7138671875,0.0500000000016598,7.95000000000101,9.50000000000273,-388.853359429502,-7.57503961912197,5.1774647701324,-92.315673828125,24.6021499991989,24.6019499991989,492074,"2026_06_04_0028","2026_06_04_0028_ev00259_rec0","no",451342
260,0,24.6507499991989,-383.911102294922,-393.066375732422,-9.1552734375,1.95000000000078,30.7499999999976,29.9999999999976,-392.46060889544,-9.12060603175247,9.3798632209408,-379.730224609375,24.6498499991989,24.6478999991989,493015,"2026_06_04_0028","2026_06_04_0028_ev00260_rec0","no",451343
261,0,24.7080999991989,-391.845672607422,-410.766571044922,-18.9208984375,1.24999999999886,4.50000000000017,5.29999999999831,-390.769840395439,-18.5087036924745,6.38646601029478,-101.547241210938,24.7079999991989,24.7067499991989,494162,"2026_06_04_0028","2026_06_04_0028_ev00261_rec0","no",451344
262,0,24.7371499991989,-396.089069184803,-399.780242919922,-3.69117373511904,0.199999999999534,0.0499999999981071,0,-387.712217220873,-7.397007117693,5.81778671370676,208.258492606027,24.7370999991989,24.7368999991989,494743,"2026_06_04_0028","2026_06_04_0028_ev00262_rec0","no",451345
263,0,24.8464499991989,-394.63585117885,-401.000946044922,-6.36509486607144,0.250000000001194,0.149999999997874,0,-389.937263734116,-6.71386665962771,1.0301112771972,133.902413504464,24.8463499991989,24.8459999991989,496929,"2026_06_04_0028","2026_06_04_0028_ev00263_rec0","no",451346
264,0,24.8856999991989,-390.915613083612,-401.611297607422,-10.6956845238095,0.350000000000961,2.40000000000151,4.050000000003,-387.100000516156,-10.3189427397943,14.3126441938099,-19.9268504565467,24.8851999991989,24.8847499991989,497714,"2026_06_04_0028","2026_06_04_0028_ev00264_rec0","no",451347
265,0,25.1492999991989,-381.638158517243,-404.451848138161,-22.8136896209183,0.899999999997902,3.04999999999822,3.84999999999991,-374.682818188913,-25.1504625291787,7.823225403967,0.597657871693357,25.1490999991989,25.1476499991989,502986,"2026_06_04_0028","2026_06_04_0028_ev00265_rec0","no",451348
266,0,25.2307499991989,-383.634888433738,-388.624817321281,-4.98992888754219,0,0,0,-379.589162651067,-4.22204847117134,2.97711336089649,108.642108927848,25.2307499991989,25.2306499991989,504615,"2026_06_04_0028","2026_06_04_0028_ev00266_rec0","no",451349
267,0,25.3799499991989,-377.304287118463,-392.961470017713,-15.6571828992505,0.899999999997902,7.69999999999982,8.90000000000057,-377.908489276229,-18.4759084314353,6.99309432729741,-164.125415728792,25.3795999991989,25.3786999991989,507599,"2026_06_04_0028","2026_06_04_0028_ev00267_rec0","no",451350
268,0,25.4189999991989,-386.387039558512,-411.465912134459,-25.0788725759463,0.800000000001688,5.34999999999997,4.6500000000016,-379.330869500695,-33.7829450124129,6.40060881885195,-38.7082821929671,25.4181999991989,25.4159499991989,508380,"2026_06_04_0028","2026_06_04_0028_ev00268_rec0","no",451351
269,0,25.4945999991989,-375.469484756629,-396.735209369937,-21.2657246133085,0.849999999999795,13.9499999999977,17.949999999999,-377.911705789968,-18.5068847803479,14.6428516861399,-345.234558227473,25.4938499991989,25.4925499991989,509892,"2026_06_04_0028","2026_06_04_0028_ev00269_rec0","no",451352
270,0,25.5505999991989,-394.745094356563,-406.680215172023,-11.9351208154599,0.450000000000728,5.29999999999831,3.84999999999991,-382.460666375685,-38.4436122345484,4.63703009921769,158.458488504821,25.5485499991989,25.5480499991989,511012,"2026_06_04_0028","2026_06_04_0028_ev00270_rec0","no",451353
271,0,25.5922999991989,-381.167441933003,-405.056785681875,-23.8893437488728,0.700000000001921,0.499999999998835,0.599999999998602,-388.37143978385,-1.94367911091858,3.57884288593098,-236.254866439382,25.5918999991989,25.5911999991989,511846,"2026_06_04_0028","2026_06_04_0028_ev00271_rec0","no",451354
272,0,25.6158499991989,-380.115343031058,-405.732150045173,-25.6168070141151,2.34999999999985,5.44999999999973,5.44999999999973,-376.935309460997,-23.5629635484507,8.7603712572684,-145.204151221663,25.6157999991989,25.6133999991989,512317,"2026_06_04_0028","2026_06_04_0028_ev00272_rec0","no",451355
273,0,25.6901499991989,-379.855076332403,-384.280721192749,-4.42564486034632,0.0999999999997669,30.0999999999974,29.9999999999976,-35242.7071485493,34868.4532238898,251495.889428659,104.712226666524,25.6901499991989,25.6899499991989,513803,"2026_06_04_0028","2026_06_04_0028_ev00273_rec0","no",451356
274,0,25.7204999991989,-375.022124783684,-400.238296084512,-25.2161713008272,2.20000000000198,31.0500000000005,7.14999999999932,-3623.60598791759,3239.48085057162,102155.005948129,-332.893881239965,25.7198999991989,25.7173999991989,514410,"2026_06_04_0028","2026_06_04_0028_ev00274_rec0","no",451357
275,0,25.7382999991989,-374.52726119624,-397.353136799418,-22.8258756031774,0.750000000000028,7.44999999999862,8.15000000000055,-375.828752692327,-24.7347046994918,6.56473580121746,-243.410829179244,25.7368999991989,25.7358999991989,514766,"2026_06_04_0028","2026_06_04_0028_ev00275_rec0","no",451358
276,0,25.8444499991989,-370.570766269272,-395.642690104592,-25.0719238353199,3.09999999999988,8.65000000000293,9.75000000000037,-373.323485828221,-22.2848151199004,7.92622542786648,-307.147766910507,25.8440999991989,25.8408999991989,516889,"2026_06_04_0028","2026_06_04_0028_ev00276_rec0","no",451359
277,0,25.9535999991989,-362.311023334735,-371.593602452241,-9.28257911750512,0.199999999999534,0.750000000000028,0,-85487.3514234177,85117.4073245586,554125.518625477,-311.190706222806,25.9528499991989,25.9526499991989,519072,"2026_06_04_0028","2026_06_04_0028_ev00277_rec0","no",451360
278,0,25.9799999991989,-371.699918640134,-382.687203630372,-10.987284990238,0.399999999999068,2.44999999999962,30.0000000000011,-375.900281209642,-5.83686683641903,1.41571981592936,-142.113518798862,25.9794499991989,25.9790499991989,519600,"2026_06_04_0028","2026_06_04_0028_ev00278_rec0","no",451361
279,0,26.0023499991989,-379.751645714038,-392.168518693024,-12.4168729789858,1.64999999999793,0.899999999997902,0.350000000000961,-372.92859308441,-12.2870464042346,4.73375184565199,143.239830081573,26.0023499991989,26.0002999991989,520047,"2026_06_04_0028","2026_06_04_0028_ev00279_rec0","no",451362
280,0,26.0442999991989,-386.69497614245,-394.852132029217,-8.15715588676687,0.350000000000961,2.19999999999843,1.30000000000052,-379.653717025139,-13.429210537851,4.58428160064402,137.522132814317,26.0434999991989,26.0420999991989,520886,"2026_06_04_0028","2026_06_04_0028_ev00280_rec0","no",451363
281,0,26.2034499991989,-378.974117384528,-383.74029475314,-4.76617736861186,0.349999999997408,0,0,-140752.543542875,140369.266614007,657909.377698068,-228.543880476386,26.2034499991989,26.2030999991989,524069,"2026_06_04_0028","2026_06_04_0028_ev00281_rec0","no",451364
282,0,26.2323499991989,-387.992557488438,-405.129312858316,-17.1367553698781,0.500000000002387,4.04999999999944,3.84999999999991,-387.034324242189,-17.3110859650445,4.48356147041927,-75.3222588807751,26.2306999991989,26.2296499991989,524647,"2026_06_04_0028","2026_06_04_0028_ev00282_rec0","no",451365
283,0,26.2461999991989,-390.842291818392,-393.17699468475,-2.33470286635838,0.849999999999795,1.50000000000006,1.50000000000006,-385.925735658067,-9.65946700076435,2.92229839997534,116.354150825014,26.2461999991989,26.2452499991989,524924,"2026_06_04_0028","2026_06_04_0028_ev00283_rec0","no",451366
284,0,26.3674999991989,-386.517425846414,-404.718795705268,-18.2013698588535,0.750000000000028,10.2999999999973,30.0000000000011,-393.800332632958,-13.227376436053,4.21715214299267,-298.392109620409,26.3666999991989,26.3649999991989,527350,"2026_06_04_0028","2026_06_04_0028_ev00284_rec0","no",451367
285,0,26.4577499991989,-393.232456473859,-397.821273112388,-4.58881663852867,0.0999999999997669,31.5499999999993,30.0000000000011,-395.429030435606,-11.260884257579,11.1867818890087,-199.725275080414,26.4563999991989,26.4559499991989,529155,"2026_06_04_0028","2026_06_04_0028_ev00285_rec0","no",451368
286,0,26.5016499991989,-393.6236302196,-417.446402916517,-23.8227726969162,1.40000000000029,3.99999999999778,3.35000000000107,-396.876585082106,-22.9806701077596,2.37199924687126,-182.48240579214,26.5013999991989,26.4997999991989,530033,"2026_06_04_0028","2026_06_04_0028_ev00286_rec0","no",451369
287,0,26.5448499991989,-402.282053781726,-409.230001961198,-6.94794817947252,0.800000000001688,2.39999999999796,2.20000000000198,-397.853294852013,-10.3570196902385,5.59513767098447,62.2395309233516,26.5430999991989,26.5422999991989,530897,"2026_06_04_0028","2026_06_04_0028_ev00287_rec0","no",451370
288,0,26.7361999991989,-387.96134246447,-407.499027435846,-19.5376849713762,0.849999999999795,1.79999999999936,1.95000000000078,-384.759289407634,-16.2077039976707,4.42516337340573,10.7593732699541,26.7356499991989,26.7345999991989,534724,"2026_06_04_0028","2026_06_04_0028_ev00288_rec0","no",451371
289,0,26.8118999991989,-391.507154485297,-394.98873343845,-3.48157895315302,0.150000000001427,0.0500000000016598,0,-377.50714184878,-12.9927943315731,35.8477849834894,155.423958131115,26.8118999991989,26.8117499991989,536238,"2026_06_04_0028","2026_06_04_0028_ev00289_rec0","no",451372
290,0,27.0882999991989,-383.648035019942,-391.74952954007,-8.10149452012831,0.299999999999301,0.0499999999981071,0.550000000000495,-379.127508777919,-8.29697166692304,5.55812992412348,88.4912382109829,27.0882999991989,27.0879999991989,541766,"2026_06_04_0028","2026_06_04_0028_ev00290_rec0","no",451373
291,0,27.2334999991989,-392.180958186809,-406.129195587074,-13.9482374002654,0.249999999997641,1.85000000000102,2.49999999999773,-380.831409338621,-23.2347880983454,7.38003545644688,163.896095030121,27.2330999991989,27.2327499991989,544670,"2026_06_04_0028","2026_06_04_0028_ev00291_rec0","no",451374
292,0,27.3767499991989,-375.326087660402,-377.827320312355,-2.50123265195379,0.900000000001455,21.9500000000004,21.8999999999987,41291.1337937388,-41676.172601671,103896.544739865,-118.880990875924,27.3767499991989,27.3758499991989,547535,"2026_06_04_0028","2026_06_04_0028_ev00292_rec0","no",451375
293,0,27.4572499991989,-380.294623542409,-453.023810447433,-72.7291869050241,3.00000000000011,9.3500000000013,8.69999999999749,-366.133817304556,-69.254072521693,16.6817085718968,-777.770703674754,27.4549999991989,27.4519499991989,549145,"2026_06_04_0028","2026_06_04_0028_ev00293_rec0","no",451376
294,0,27.5299999991989,-373.592920978006,-378.577300321509,-4.98437934350352,0.550000000000495,30.7500000000012,30.0000000000011,-376.887942686979,-9.78003319930346,1.81788547838443,-127.307642249251,27.5296999991989,27.5288499991989,550600,"2026_06_04_0028","2026_06_04_0028_ev00294_rec0","no",451377
295,0,27.5680999991989,-382.765599890947,-402.974440025151,-20.2088401342042,1.24999999999886,6.55000000000072,6.19999999999976,-378.416692253135,-27.383900549712,7.3580249282288,-102.125258180487,27.5670999991989,27.5654499991989,551362,"2026_06_04_0028","2026_06_04_0028_ev00295_rec0","no",451378
296,0,27.6153999991989,-387.816403003254,-391.600514619391,-3.78411161613701,0.0500000000016598,0.350000000000961,0,-376.535278421778,-12.4342559250944,7.85580713225703,242.461786685225,27.6153999991989,27.6149999991989,552308,"2026_06_04_0028","2026_06_04_0028_ev00296_rec0","no",451379
297,0,27.6750499991989,-367.161870854544,-376.557153981993,-9.39528312744903,9.25000000000154,39.6499999999982,29.9999999999976,-373.519631202763,-10.4341602306913,10.1058527059592,-510.72530872359,27.6709499991989,27.6616999991989,553501,"2026_06_04_0028","2026_06_04_0028_ev00297_rec0","no",451380
298,0,27.8611999991989,-386.632024303585,-392.458298707608,-5.82627440402359,0.0999999999997669,0.199999999999534,0,-378.466681827344,-9.88893807345955,8.36699904573679,163.480470892257,27.8611999991989,27.8609999991989,557224,"2026_06_04_0028","2026_06_04_0028_ev00298_rec0","no",451381
299,0,27.9025999991989,-389.140177292899,-391.719089057527,-2.57891176462761,0.949999999999562,30.6500000000014,30.0000000000011,-41389.1512172921,41006.5466371615,564018.360899642,165.150963397079,27.9025999991989,27.9013999991989,558052,"2026_06_04_0028","2026_06_04_0028_ev00299_rec0","no",451382
300,0,27.9384499991989,-381.301516931941,-389.542673497914,-8.24115656597314,0.750000000000028,15.8999999999985,15.8000000000023,-374.994781371821,-22.0042849118316,18.4839686821393,-157.905874709433,27.9370499991989,27.9362999991989,558769,"2026_06_04_0028","2026_06_04_0028_ev00300_rec0","no",451383
301,0,27.9737999991989,-383.04298876744,-397.612067278797,-14.5690785113571,0.299999999999301,4.9500000000009,4.14999999999921,-387.092571471838,-12.347793313964,1.87530108482507,-177.739895791402,27.9715499991989,27.9710999991989,559476,"2026_06_04_0028","2026_06_04_0028_ev00301_rec0","no",451384
302,0,28.0034999991989,-385.819125986807,-403.623609758133,-17.8044837713261,2.79999999999703,9.34999999999775,10.1499999999994,-390.159479971144,-17.5855941716742,4.94332619638521,-274.809985462673,28.0031999991989,27.9997999991989,560070,"2026_06_04_0028","2026_06_04_0028_ev00302_rec0","no",451385
303,0,28.2389999991989,-392.103385903808,-395.308820733941,-3.20543483013307,0,0.949999999999562,1.24999999999886,-386.990208662382,-8.3775487438618,4.31490701659666,117.072555248151,28.2389999991989,28.2388999991989,564780,"2026_06_04_0028","2026_06_04_0028_ev00303_rec0","no",451386
304,0,28.3081499991989,-384.364121555425,-395.981217481099,-11.6170959256739,0.0999999999997669,0.350000000000961,1.10000000000099,-378.486342513726,-10.9692478924275,14.6330277266735,34.3042793328695,28.3080999991989,28.3077499991989,566163,"2026_06_04_0028","2026_06_04_0028_ev00304_rec0","no",451387
305,0,28.4215499991989,-381.016017869431,-401.867177099675,-20.8511592302435,1.30000000000052,12.0000000000005,11.6000000000014,-366.754043491404,-42.9854147401277,17.2907774224953,-239.908868864188,28.4199999991989,28.4181499991989,568431,"2026_06_04_0028","2026_06_04_0028_ev00305_rec0","no",451388
306,0,28.4796499991989,-383.494773025253,-388.15516911015,-4.66039608489695,0.399999999999068,0.499999999998835,0,-374.466856421713,-10.8254397446138,3.09422591537292,237.042101090786,28.4794499991989,28.4790499991989,569593,"2026_06_04_0028","2026_06_04_0028_ev00306_rec0","no",451389
307,0,28.5923999991989,-375.46786787698,-387.897114837921,-12.4292469609414,1.30000000000052,6.6999999999986,30.0000000000011,-381.103778552594,-9.49776331331415,2.35604933433637,-209.56408948492,28.5921499991989,28.5905499991989,571848,"2026_06_04_0028","2026_06_04_0028_ev00307_rec0","no",451390
308,0,28.6651499991989,-374.49763063871,-382.411869119089,-7.91423848037886,0.0999999999997669,4.4000000000004,5.64999999999927,-374.873240499266,-10.4608232396528,3.99791830661996,-53.8131981897544,28.6651499991989,28.6650499991989,573303,"2026_06_04_0028","2026_06_04_0028_ev00308_rec0","no",451391
309,0,28.7186499991989,-376.812110179284,-392.017582173359,-15.2054719940746,1.79999999999936,11.1500000000007,12.0000000000005,-375.866563139306,-24.3727789516995,9.16704345123158,-216.487503253191,28.7185499991989,28.7164999991989,574373,"2026_06_04_0028","2026_06_04_0028_ev00309_rec0","no",451392
310,0,28.8334999991989,-370.06233638722,-392.604808191722,-22.5424718045023,1.99999999999889,12.5499999999974,21.3500000000018,-376.815901034845,-12.3530693420183,10.3999769448383,-370.806610375485,28.8329499991989,28.8303499991989,576670,"2026_06_04_0028","2026_06_04_0028_ev00310_rec0","no",451393
311,0,28.8616999991989,-373.756843679463,-380.857590263984,-7.10074658452089,0.250000000001194,3.5000000000025,4.44999999999851,-374.877783163401,-11.2831715056837,2.20860579041305,-64.2615509813661,28.8612499991989,28.8609999991989,577234,"2026_06_04_0028","2026_06_04_0028_ev00311_rec0","no",451394
312,0,28.8781499991989,-376.43783590245,-384.993796839752,-8.55596093730242,0.0500000000016598,1.45000000000195,2.09999999999866,-372.234821648669,-10.546653619039,5.87595357043018,63.2292748077728,28.8781499991989,28.8778499991989,577563,"2026_06_04_0028","2026_06_04_0028_ev00312_rec0","no",451395
313,0,28.9409999991989,-376.218601451746,-380.760321124198,-4.54171967245162,1.1499999999991,3.15000000000154,3.54999999999706,-377.045325233607,-2.12043184559797,3.88335856108032,-41.28235409676,28.9394499991989,28.9382999991989,578820,"2026_06_04_0028","2026_06_04_0028_ev00313_rec0","no",451396
314,0,28.9820999991989,-387.476800178595,-397.786764304923,-10.3099641263278,0.500000000002387,2.30000000000175,1.79999999999936,-378.675613429815,-24.6294515162053,2.68265011388352,184.888467648941,28.9808999991989,28.9800499991989,579642,"2026_06_04_0028","2026_06_04_0028_ev00314_rec0","no",451397
315,0,29.0051999991989,-383.831454433181,-394.088622467959,-10.257168034778,0.0500000000016598,0.150000000001427,0,72138.9306668407,-72520.1773844463,209724.622369646,231.743567395179,29.0051999991989,29.0048499991989,580104,"2026_06_04_0028","2026_06_04_0028_ev00315_rec0","no",451398
316,0,29.0200499991989,-380.364973168511,-383.761127173609,-3.39615400509797,0.0999999999997669,0.499999999998835,0.550000000000495,-374.312767924695,-8.89213353945524,2.88579838920324,155.323773732039,29.0200499991989,29.0199499991989,580401,"2026_06_04_0028","2026_06_04_0028_ev00316_rec0","no",451399
317,0,29.0438999991989,-379.966083453251,-383.425581696536,-3.45949824328511,0.299999999999301,0.849999999999795,0.599999999998602,-373.188886709336,-11.9402762962885,1.56266760500016,183.383971411135,29.0438999991989,29.0435999991989,580878,"2026_06_04_0028","2026_06_04_0028_ev00317_rec0","no",451400
318,0,29.0831499991989,-379.781092176569,-387.947801826354,-8.16670964978499,2.60000000000105,9.050000000002,8.85000000000247,-10982835.9246551,10982594.5856943,687842.78970161,-3041.29837007292,29.0827499991989,29.0798999991989,581663,"2026_06_04_0028","2026_06_04_0028_ev00318_rec0","no",451401
319,0,29.1115999991989,-380.052983556922,-867.939089174504,-487.886105617582,4.79999999999947,16.0499999999999,14.9000000000008,-365.84351224431,-570.412602607578,13.8584733918522,-8909.76982671938,29.1092499991989,29.1038499991989,582232,"2026_06_04_0028","2026_06_04_0028_ev00319_rec0","no",451402
320,0,29.1857499991989,-384.07540906342,-386.382101315385,-2.30669225196465,0.800000000001688,12.5500000000009,11.6499999999995,-431.981464998572,57.1028128651135,60.108675650486,-89.1486319659857,29.1857499991989,29.1849499991989,583715,"2026_06_04_0028","2026_06_04_0028_ev00320_rec0","no",451403
321,0,29.2619499991989,-391.374824339213,-417.126381939493,-25.7515576002797,2.34999999999985,4.74999999999781,3.54999999999706,-385.174832749911,-39.7099967709933,3.8312411614913,-11.7626490677171,29.2614499991989,29.2589999991989,585239,"2026_06_04_0028","2026_06_04_0028_ev00321_rec0","no",451404
322,0,29.3043499991989,-382.754902189939,-403.577933408448,-20.8230312185086,2.25000000000009,10.6999999999999,6.75000000000026,-385.576596156645,-29.8763258865796,3.73108084445167,-318.63974932872,29.3011999991989,29.2974499991989,586087,"2026_06_04_0028","2026_06_04_0028_ev00322_rec0","no",451405
323,0,29.3357499991989,-390.259963866471,-401.945232267641,-11.6852684011694,0.450000000000728,16.0499999999999,13.5000000000005,-528685.383725262,528304.333839519,526390.607602806,-183.506174174887,29.3356499991989,29.3345999991989,586715,"2026_06_04_0028","2026_06_04_0028_ev00323_rec0","no",451406
324,0,29.3607499991989,-396.644952698327,-422.731256919392,-26.0863042210657,2.64999999999915,4.6999999999997,4.30000000000064,-378.514168124759,-48.25310941953,7.77138250969176,130.061851120041,29.3606999991989,29.3548999991989,587215,"2026_06_04_0028","2026_06_04_0028_ev00324_rec0","no",451407
325,0,29.3976499991989,-386.212466974875,-396.391284328658,-10.1788173537824,0.0999999999997669,0.0500000000016598,0,-380.707367593415,-8.74381182585863,7.14882528798275,103.160652574272,29.3976499991989,29.3975499991989,587953,"2026_06_04_0028","2026_06_04_0028_ev00325_rec0","no",451408
326,0,29.5332499991989,-383.396877728865,-410.405634370133,-27.0087566412674,1.04999999999933,5.64999999999927,5.04999999999711,-379.944726436899,-37.2107145023406,4.9579710717297,-128.813115723486,29.5319999991989,29.5308499991989,590665,"2026_06_04_0028","2026_06_04_0028_ev00326_rec0","no",451409
327,0,29.5900999991989,-379.545438661752,-418.746393001553,-39.2009543398015,0.800000000001688,5.2500000000002,6.80000000000192,-382.881985249802,-36.7334627319329,5.72050765350652,-338.229795920458,29.5899499991989,29.5890499991989,591802,"2026_06_04_0028","2026_06_04_0028_ev00327_rec0","no",451410
328,0,29.7207499991989,-383.306140079941,-391.074323374996,-7.76818329505585,0.0500000000016598,0.799999999998136,1.1999999999972,-378.980516532153,-9.87943487522544,3.77135695731717,90.8848901143945,29.7207499991989,29.7202999991989,594415,"2026_06_04_0028","2026_06_04_0028_ev00328_rec0","no",451411
329,0,29.9951999991989,-387.026914691273,-402.614187318721,-15.587272627448,0.0999999999997669,8.05000000000078,9.3500000000013,-385.367745195271,-17.2634304568252,11.0648811355548,-150.619269419001,29.9942499991989,29.9935499991989,599904,"2026_06_04_0028","2026_06_04_0028_ev00329_rec0","no",451412
330,0,30.0489999991989,-372.657731018834,-382.861623000352,-10.2038919815172,0.799999999998136,31.5499999999993,30.0000000000011,-383.872939804754,-4.08197912916893,2.90407657707191,-550.083706314006,30.0365999991989,30.0357999991989,600980,"2026_06_04_0028","2026_06_04_0028_ev00330_rec0","no",451413
331,0,30.1341499991989,-378.142702425606,-397.850373199008,-19.7076707734022,0.849999999999795,9.69999999999871,17.0999999999992,-384.924840940653,-19.2007961380708,4.71396529026658,-318.246660474341,30.1336499991989,30.1327999991989,602683,"2026_06_04_0028","2026_06_04_0028_ev00331_rec0","no",451414
332,0,30.2486499991989,-382.776457985689,-406.436108466349,-23.6596504806604,0.900000000001455,1.59999999999982,2.19999999999843,-388.790452466345,-11.925531298731,1.49994397753837,-207.456111778031,30.2486499991989,30.2477499991989,604973,"2026_06_04_0028","2026_06_04_0028_ev00332_rec0","no",451415
333,0,30.2818499991989,-392.053722876251,-417.280718564635,-25.2269956883843,1.10000000000099,1.20000000000076,1.79999999999936,-390.454560536678,-18.8169629176068,3.28040352236235,-27.7938781718976,30.2815999991989,30.2804999991989,605637,"2026_06_04_0028","2026_06_04_0028_ev00333_rec0","no",451416
334,0,30.3242499991989,-390.434287142497,-420.75427599545,-30.319988852953,1.20000000000076,5.34999999999997,6.05000000000189,-387.005627122109,-26.3305771245601,10.3289330013586,-191.905223974091,30.3231999991989,30.3219999991989,606485,"2026_06_04_0028","2026_06_04_0028_ev00334_rec0","no",451417
335,0,30.4551499991989,-393.981965072435,-403.721510005651,-9.73954493321543,0.0500000000016598,0.199999999999534,0,-388.05579520482,-9.3176539609334,2.33939563353765,155.985189311611,30.4546499991989,30.4541499991989,609103,"2026_06_04_0028","2026_06_04_0028_ev00335_rec0","no",451418
336,0,30.5163999991989,-394.868888392984,-408.022461336182,-13.1535729431982,0.750000000000028,8.25000000000031,5.15000000000043,-385.894577860345,-27.6037652828293,7.46763891760582,27.476068518688,30.5132499991989,30.5123999991989,610328,"2026_06_04_0028","2026_06_04_0028_ev00336_rec0","no",451419
337,0,30.5519999991989,-395.494328396524,-399.970663941104,-4.47633554458025,0.0999999999997669,0.249999999997641,0,-382.087641876915,-12.7781302803037,6.15422080713855,323.421334098871,30.5519999991989,30.5517499991989,611040,"2026_06_04_0028","2026_06_04_0028_ev00337_rec0","no",451420
338,0,30.6126499991989,-375.104249385719,-392.653630205476,-17.5493808197571,1.30000000000052,9.14999999999822,8.49999999999795,-377.767584603421,-23.0483847273771,4.7235194072732,-252.427266240971,30.6105999991989,30.6092999991989,612253,"2026_06_04_0028","2026_06_04_0028_ev00338_rec0","no",451421
339,0,30.6385499991989,-379.336529350202,-385.90943770074,-6.57290835053783,0.0499999999981071,0.150000000001427,0.799999999998136,-377.080313694135,-5.65205676450519,4.34648469237045,42.7700830581167,30.6384999991989,30.6384499991989,612771,"2026_06_04_0028","2026_06_04_0028_ev00339_rec0","no",451422
340,0,30.7316999991989,-377.643158999811,-407.336445532249,-29.6932865324378,1.04999999999933,3.29999999999941,3.5000000000025,-381.227291105836,-25.3969442450188,2.834134542566,-215.526102146698,30.7311499991989,30.7298499991989,614634,"2026_06_04_0028","2026_06_04_0028_ev00340_rec0","no",451423
341,0,30.8556999991989,-374.831152573596,-385.85083537535,-11.0196828017536,0.0999999999997669,31.1500000000002,29.9999999999976,-383.746594151256,-9.49620352270083,1.47075600382455,-300.454320732024,30.8545999991989,30.8544999991989,617114,"2026_06_04_0028","2026_06_04_0028_ev00341_rec0","no",451424
342,0,30.8845499991989,-377.63750775059,-384.939554478055,-7.30204672746498,0.700000000001921,0.350000000000961,0,-112862.15157772,112480.372750065,499492.96463818,-233.911028831428,30.8844499991989,30.8837499991989,617691,"2026_06_04_0028","2026_06_04_0028_ev00342_rec0","no",451425
343,0,30.9124999991989,-385.606234579741,-388.61187320054,-3.00563862079912,0.0999999999997669,22.5000000000009,20.7999999999977,-171757.96777365,171376.401968602,691899.635954627,8.1309804341088,30.9124999991989,30.9118499991989,618250,"2026_06_04_0028","2026_06_04_0028_ev00343_rec0","no",451426
344,0,30.9395999991989,-384.085602244527,-388.5448170944,-4.45921484987349,1.04999999999933,21.250000000002,20.6499999999998,-377.022962244292,-18.8072081808396,26.8447676890782,-149.072791303092,30.9383999991989,30.9372999991989,618792,"2026_06_04_0028","2026_06_04_0028_ev00344_rec0","no",451427
345,0,30.9803999991989,-389.409356689247,-407.406419051332,-17.9970623620849,0.349999999997408,2.70000000000081,2.00000000000244,-379.596849334088,-22.5023252734127,6.47842820291907,134.315305772919,30.9797499991989,30.9785499991989,619608,"2026_06_04_0028","2026_06_04_0028_ev00345_rec0","no",451428
346,0,31.0789999991989,-384.800158263365,-391.390034955293,-6.58987669192771,0.900000000001455,0.350000000000961,0,-375.175111482718,-8.6293714295281,6.5675229429975,232.046694984488,31.0784999991989,31.0774499991989,621580,"2026_06_04_0028","2026_06_04_0028_ev00346_rec0","no",451429
347,0,31.1949499991989,-382.42241173826,-388.44303894753,-6.02062720927023,1.65000000000148,0.949999999999562,1.34999999999863,-372.876123664947,-14.1473440580915,7.29445510149516,176.20402169141,31.1947999991989,31.1931499991989,623899,"2026_06_04_0028","2026_06_04_0028_ev00347_rec0","no",451430
348,0,31.2470999991989,-376.075838467394,-395.588313263856,-19.5124747964618,1.89999999999912,8.09999999999889,7.75000000000148,-374.959163218348,-21.9055245036858,7.99774391825206,-199.565649438543,31.2457499991989,31.2434999991989,624942,"2026_06_04_0028","2026_06_04_0028_ev00348_rec0","no",451431
349,0,31.3244499991989,-375.955879361585,-422.135085108269,-46.1792057466834,2.70000000000081,6.65000000000049,5.5499999999995,-373.421671317118,-48.7487335338308,6.07285297486696,-325.311451915324,31.3236999991989,31.3209499991989,626489,"2026_06_04_0028","2026_06_04_0028_ev00349_rec0","no",451432
350,0,31.7160999991989,-377.862839470437,-400.203038631807,-22.3401991613703,1.40000000000029,6.6999999999986,6.90000000000168,-379.807808929543,-21.6922226081057,5.59460113606294,-210.462655776119,31.7155499991989,31.7141499991989,634322,"2026_06_04_0028","2026_06_04_0028_ev00350_rec0","no",451433
351,0,31.7853499991989,-381.217859814643,-383.825396135133,-2.60753632049051,0.0999999999997669,23.7499999999997,22.8000000000002,-82538.6573351324,82166.0471543771,195845.224234262,69.515600990762,31.7853499991989,31.7852499991989,635707,"2026_06_04_0028","2026_06_04_0028_ev00351_rec0","no",451434
352,0,32.1791499991989,-380.692546300265,-385.604202757081,-4.91165645681525,0.350000000004513,9.19999999999988,10.1499999999959,-369.74576558569,-18.8503716507979,26.0595323200815,-11.0097626961117,32.1790999991989,32.1787499991989,643583,"2026_06_04_0028","2026_06_04_0028_ev00352_rec0","no",451435
353,0,32.2649499991989,-377.933476848178,-383.653868241985,-5.72039139380632,0.0999999999962142,30.5000000000035,30.0000000000011,-382.702701226723,-8.36034245062509,5.43517871230263,-200.577053424247,32.2646499991989,32.2638499991989,645299,"2026_06_04_0028","2026_06_04_0028_ev00353_rec0","no",451436
354,0,32.3324999991989,-386.566037044312,-391.256094624214,-4.69005757990232,0.700000000001921,0.549999999996942,0,-382.389860121759,-5.61315861787757,2.95361171156804,107.994118345826,32.3324999991989,32.3316999991989,646650,"2026_06_04_0028","2026_06_04_0028_ev00354_rec0","no",451437
355,0,32.7239499991989,-377.851303903177,-380.992741486009,-3.14143758283154,0.199999999999534,17.2999999999988,16.3000000000011,-127193.049445441,126820.958865527,298414.399476575,-18.584514412802,32.7239499991989,32.7237499991989,654479,"2026_06_04_0028","2026_06_04_0028_ev00355_rec0","no",451438
356,0,32.7451999991989,-374.295422737637,-391.376600793778,-17.0811780561403,1.69999999999959,6.85000000000002,6.30000000000308,-374.002690396155,-24.3707744068707,4.81756626040895,-141.056184187525,32.7447499991989,32.7429999991989,654904,"2026_06_04_0028","2026_06_04_0028_ev00356_rec0","no",451439
357,0,32.8378499991989,-379.356962200887,-383.969023028776,-4.61206082788971,0.399999999999068,0.850000000006901,0.650000000000261,-371.793894459079,-10.6996635670215,4.48527947955783,177.409505641768,32.8378499991989,32.8371499991989,656757,"2026_06_04_0028","2026_06_04_0028_ev00357_rec0","no",451440
358,0,32.9115499991989,-372.62894933316,-386.275154160227,-13.6462048270666,0.450000000000728,6.4000000000064,8.40000000000174,-367.017402276601,-17.6018888533569,16.767623118708,-85.6315734663868,32.9112499991989,32.9107999991989,658231,"2026_06_04_0028","2026_06_04_0028_ev00358_rec0","no",451441
359,0,32.9564999991989,-371.596279025526,-397.801374355471,-26.2050953299446,0.849999999999795,2.54999999999939,2.69999999999726,-374.273542558483,-16.6651129555447,3.10690549818418,-152.062017137049,32.9561999991989,32.9549499991989,659130,"2026_06_04_0028","2026_06_04_0028_ev00359_rec0","no",451442
360,0,33.2212999991989,-371.565734466224,-373.764332093665,-2.19859762744051,0,30.1500000000061,30.0000000000011,-16564.4059586094,16196.4843931681,384903.364003488,89.917054444844,33.2211499991989,33.2210999991989,664426,"2026_06_04_0028","2026_06_04_0028_ev00360_rec0","no",451443
361,0,33.3530499991989,-365.27741908284,-372.021363480972,-6.74394439813119,0.299999999995748,8.59999999999417,11.250000000004,-366.09467462367,-8.40362879827104,6.98011204622157,-85.5958170710579,33.3530499991989,33.3527499991989,667061,"2026_06_04_0028","2026_06_04_0028_ev00361_rec0","no",451444
362,0,33.4121499991989,-364.666079342794,-372.57287644651,-7.90679710371552,0.500000000002387,13.9500000000012,15.9500000000037,-366.869551765279,-9.88338984078841,6.10486235369125,-160.773888488293,33.4091999991989,33.4086999991989,668243,"2026_06_04_0028","2026_06_04_0028_ev00362_rec0","no",451445
363,0,33.5995499991989,-376.454897439311,-380.838493961632,-4.38359652232128,0.0999999999962142,0.199999999999534,0.250000000001194,-371.047260644781,-8.70760094909919,1.07196964545014,152.140292797993,33.5993499991989,33.5991499991989,671991,"2026_06_04_0028","2026_06_04_0028_ev00363_rec0","no",451446
364,0,33.6149499991989,-371.285728030263,-384.431785211769,-13.1460571815055,0.749999999996476,1.24999999999886,1.4499999999984,-367.662504521943,-10.9150710911304,5.80781962779841,36.2849838317222,33.6147499991989,33.6139999991989,672299,"2026_06_04_0028","2026_06_04_0028_ev00364_rec0","no",451447
365,0,33.6628499991989,-363.33318845273,-367.694569120188,-4.36138066745758,0.300000000002854,7.44999999999862,8.64999999999583,-361.96282836847,-10.8396287857661,6.69817307635236,-33.322039254844,33.6628499991989,33.6625499991989,673257,"2026_06_04_0028","2026_06_04_0028_ev00365_rec0","no",451448
366,0,33.8704499991989,-371.974962419762,-375.12101616481,-3.1460537450476,0,0,0,-367.008355087273,-5.73772339406932,4.3594366870414,123.083852807613,33.8704499991989,33.8702999991989,677409,"2026_06_04_0028","2026_06_04_0028_ev00366_rec0","no",451449
367,0,33.9223499991989,-369.475756202841,-395.84378351231,-26.3680273094687,2.69999999999726,2.74999999999892,0,-391.576678125445,5.84271796057821,11.2311737577626,-691.713876548276,33.9206499991989,33.9173999991989,678447,"2026_06_04_0028","2026_06_04_0028_ev00367_rec0","no",451450
368,0,33.9410999991989,-374.58924787907,-432.223333359397,-57.634085480327,1.85000000000457,6.65000000000049,6.90000000000168,-381.451658285854,-41.1422883634022,6.59954581248751,-598.76429955999,33.9396499991989,33.9376499991989,678822,"2026_06_04_0028","2026_06_04_0028_ev00368_rec0","no",451451
369,0,34.0271499991989,-373.10837605456,-396.790411693531,-23.6820356389709,1.59999999999627,11.9499999999988,14.4499999999965,-366.511990691717,-28.9145573232181,22.8109085982615,-322.371253340592,34.0266499991989,34.0247999991989,680543,"2026_06_04_0028","2026_06_04_0028_ev00369_rec0","no",451452
370,0,34.1264999991989,-371.360792337264,-377.29643074481,-5.93563840754621,0.10000000000332,18.3000000000035,29.999999999994,-373.869224728634,-9.98176014327823,5.59687467583897,-145.525999355402,34.1249999991989,34.1248999991989,682530,"2026_06_04_0028","2026_06_04_0028_ev00370_rec0","no",451453
371,0,34.2404499991989,-378.152843207581,-391.037816868697,-12.8849736611164,0.0999999999962142,0.0999999999962142,0,-373.291169730346,-6.85347471758809,3.29733116355328,122.614649455541,34.2404499991989,34.2403499991989,684809,"2026_06_04_0028","2026_06_04_0028_ev00371_rec0","no",451454
372,0,34.3253499991989,-379.127834294907,-383.760782364877,-4.63294806997004,0.900000000001455,1.00000000000477,0,-367.443001070447,-12.2564929167843,14.4781773210021,193.786439222702,34.3253499991989,34.3239499991989,686507,"2026_06_04_0028","2026_06_04_0028_ev00372_rec0","no",451455
373,0,34.6902999991989,-380.543916901992,-382.850317716508,-2.30640081451577,0,2.00000000000244,2.50000000000483,-368.081818962724,-14.8799582272571,22.4060856520227,127.231312289012,34.6902999991989,34.6897999991989,693806,"2026_06_04_0028","2026_06_04_0028_ev00373_rec0","no",451456
374,0,34.8277499991989,-377.443421249857,-403.472426016,-26.029004766143,0.650000000000261,8.44999999999629,8.60000000000127,-376.67586494541,-34.83549239185,7.09297399616086,-261.01085187964,34.8264999991989,34.8257999991989,696555,"2026_06_04_0028","2026_06_04_0028_ev00374_rec0","no",451457
375,0,34.8758999991989,-383.384237160363,-391.255973355533,-7.87173619517028,0.650000000000261,0.700000000001921,0.550000000004047,-376.098991452562,-13.5752890374989,1.91247453201726,189.13819625574,34.8758999991989,34.8743999991989,697518,"2026_06_04_0028","2026_06_04_0028_ev00375_rec0","no",451458
376,0,35.0020999991989,-371.422717610799,-381.231206358237,-9.8084887474385,0.599999999998602,5.45000000000329,9.29999999999609,-374.577232325292,-7.59809692850277,3.35405401313335,-127.344359908965,35.0019999991989,35.0013999991989,700042,"2026_06_04_0028","2026_06_04_0028_ev00376_rec0","no",451459
377,0,35.2405499991989,-379.321815278666,-387.596348705106,-8.27453342644054,0.10000000000332,0.150000000004979,0,-370.737896803069,-8.16608070657974,10.7544385138975,175.391815827098,35.2405499991989,35.2402999991989,704811,"2026_06_04_0028","2026_06_04_0028_ev00377_rec0","no",451460
378,0,35.3903499991989,-368.368064333173,-377.143271224767,-8.77520689159337,0.10000000000332,30.0500000000028,30.0000000000011,-75601.7709747111,75237.698324283,481704.178958058,58.616672010314,35.3903499991989,35.3901999991989,707807,"2026_06_04_0028","2026_06_04_0028_ev00378_rec0","no",451461
379,0,35.4906499991989,-371.471065785516,-378.963516925074,-7.49245113955772,0.349999999997408,3.39999999999918,3.59999999999872,-369.346273562891,-14.1496732681196,3.40676486313261,11.106823429605,35.4904999991989,35.4901499991989,709813,"2026_06_04_0028","2026_06_04_0028_ev00379_rec0","no",451462
380,0,35.6010999991989,-368.166691216006,-376.671665331212,-8.5049741152061,0.349999999997408,14.0499999999975,15.5999999999992,-352.697569702171,-29.9952270098943,32.6913883550024,-130.92404486257,35.6010999991989,35.6007499991989,712022,"2026_06_04_0028","2026_06_04_0028_ev00380_rec0","no",451463
381,0,35.7240999991989,-352.752098432119,-364.757924113864,-12.005825681745,1.4499999999984,1.15000000000265,0,-104028.326367584,103666.511124422,391684.742449351,-424.925824017206,35.7236999991989,35.7218499991989,714482,"2026_06_04_0028","2026_06_04_0028_ev00381_rec0","no",451464
382,0,35.8835999991989,-376.497740640882,-382.245132271324,-5.74739163044194,0.0499999999945544,0.149999999997874,0.450000000000728,-365.82638026175,-13.7420126779028,6.46907067277696,232.04640111589,35.8835999991989,35.8834999991989,717672,"2026_06_04_0028","2026_06_04_0028_ev00382_rec0","no",451465
383,0,36.1190499991989,-373.942648404496,-377.627582813837,-3.68493440934083,0.0999999999962142,0.0999999999962142,0.150000000004979,-369.388939922176,-6.42638610054018,1.60290476850405,124.901631825366,36.1190499991989,36.1188499991989,722381,"2026_06_04_0028","2026_06_04_0028_ev00383_rec0","no",451466
384,0,36.2571499991989,-372.202993729295,-374.649267416548,-2.44627368725298,0,1.60000000000338,1.85000000000457,-369.69675501694,-6.32115682262184,2.99050609449359,55.2312637643214,36.2571499991989,36.2570499991989,725143,"2026_06_04_0028","2026_06_04_0028_ev00384_rec0","no",451467
385,0,36.3382999991989,-375.493369236752,-378.065496288937,-2.57212705218484,0.450000000000728,30.3499999999985,30.0000000000011,-377.142817473271,-8.7385359860396,2.94717684730706,-84.5153437791294,36.3374499991989,36.3369999991989,726766,"2026_06_04_0028","2026_06_04_0028_ev00385_rec0","no",451468
386,0,36.4059499991989,-380.649716352158,-387.156398368791,-6.50668201663285,1.10000000000099,8.20000000000221,6.85000000000002,-268874.621558664,268500.355707595,208636.446717136,-421.306902798358,36.4039999991989,36.4028999991989,728119,"2026_06_04_0028","2026_06_04_0028_ev00386_rec0","no",451469
387,0,36.4319499991989,-390.751951606866,-424.317149007322,-33.565197400456,0.700000000001921,7.44999999999862,7.2500000000062,-391.541355750348,-38.1238026030967,6.08742479488613,-342.901097647675,36.4299999991989,36.4289499991989,728639,"2026_06_04_0028","2026_06_04_0028_ev00387_rec0","no",451470
388,0,36.4846499991989,-388.830697444383,-405.150053211057,-16.3193557666747,0.149999999997874,0.0500000000016598,0,-381.889118862457,-9.76771254734619,7.11860514500248,138.972782422334,36.4846499991989,36.4844999991989,729693,"2026_06_04_0028","2026_06_04_0028_ev00388_rec0","no",451471
389,0,36.6628499991989,-383.808594000593,-386.927873480804,-3.11927948021139,1.89999999999912,9.09999999999656,8.84999999999536,-383.066333508502,-9.92881841003754,5.34722940749138,-42.2235251961957,36.6628499991989,36.6608999991989,733257,"2026_06_04_0028","2026_06_04_0028_ev00389_rec0","no",451472
390,0,36.8452999991989,-388.238519443939,-392.704027309417,-4.46550786547829,0.149999999997874,1.64999999999793,0.900000000001455,-381.660489691802,-12.0705610978381,2.36251424509371,164.029598638084,36.8447499991989,36.8442999991989,736906,"2026_06_04_0028","2026_06_04_0028_ev00390_rec0","no",451473
391,0,36.8934499991989,-373.735603048732,-379.771150975143,-6.0355479264108,0.599999999998602,30.4000000000002,30.0000000000011,-376.29013249482,-9.9287239925572,10.4855556847953,-180.214087108371,36.8934499991989,36.8928499991989,737869,"2026_06_04_0028","2026_06_04_0028_ev00391_rec0","no",451474
392,0,36.9614499991989,-374.44928146466,-394.803013768644,-20.3537323039843,1.4499999999984,1.69999999999959,3.34999999999752,-378.515493909107,-9.94849677499135,3.16964215352013,-173.257222538602,36.9611999991989,36.9596999991989,739229,"2026_06_04_0028","2026_06_04_0028_ev00392_rec0","no",451475
393,0,37.0137999991989,-386.873787963393,-408.050452039646,-21.1766640762539,0.799999999998136,4.04999999999944,6.30000000000308,-393.912897109046,-11.4184767810342,2.37297629079761,-265.723439487958,37.0126999991989,37.0114999991989,740276,"2026_06_04_0028","2026_06_04_0028_ev00393_rec0","no",451476
394,0,37.0333999991989,-389.657700078473,-407.344735721933,-17.6870356434602,0.699999999994816,2.34999999999985,3.05000000000177,-386.123420055644,-16.9179849049093,5.85237414304448,-4.97151329262313,37.0329999991989,37.0320999991989,740668,"2026_06_04_0028","2026_06_04_0028_ev00394_rec0","no",451477
395,0,37.0897999991989,-377.639841721423,-432.529271352675,-54.8894296312519,1.34999999999508,5.20000000000209,5.60000000000116,-387.495781489709,-48.0623074291572,3.66322399807551,-549.700043638151,37.0892999991989,37.0874999991989,741796,"2026_06_04_0028","2026_06_04_0028_ev00395_rec0","no",451478
396,0,37.1105999991989,-387.831673934863,-392.677964400686,-4.84629046582273,0.250000000001194,3.54999999999706,3.59999999999872,-382.979264968956,-10.9301488923875,7.22911775347577,64.3178165259623,37.1102999991989,37.1098499991989,742212,"2026_06_04_0028","2026_06_04_0028_ev00396_rec0","no",451479
397,0,37.1739499991989,-390.599657097197,-398.34200206738,-7.74234497018267,0.0500000000016598,3.45000000000084,4.64999999999804,-370.243163416251,-26.5686498734181,34.4542171617021,75.11248350255,37.1736499991989,37.1733499991989,743479,"2026_06_04_0028","2026_06_04_0028_ev00397_rec0","no",451480
398,0,37.2461499991989,-378.508397321921,-389.740163087326,-11.2317657654055,1.00000000000477,5.24999999999665,3.04999999999467,-378.069050149249,-13.598651251693,2.79070237026072,-58.8741072229177,37.2456999991989,37.2421499991989,744923,"2026_06_04_0028","2026_06_04_0028_ev00398_rec0","no",451481
399,0,37.3395499991989,-373.625555303072,-380.972163003516,-7.34660770044388,0.0999999999962142,3.04999999999467,3.79999999999825,-371.993193260805,-10.8800556186469,4.12490847559266,3.01137863367469,37.3395499991989,37.3394499991989,746791,"2026_06_04_0028","2026_06_04_0028_ev00399_rec0","no",451482
400,0,37.4181999991989,-365.325869825407,-373.316888191744,-7.99101836633639,0.500000000002387,31.3500000000033,30.0000000000011,-372.396098382325,-6.35928640058687,1.53362350011168,-245.196088145693,37.4166999991989,37.4161999991989,748364,"2026_06_04_0028","2026_06_04_0028_ev00400_rec0","no",451483
401,0,37.5626999991989,-375.598386291392,-380.983367785121,-5.38498149372958,0.400000000006173,30.4000000000002,29.999999999994,-381.297112797124,-7.0172849043509,3.92160344853515,-203.782278925605,37.5626999991989,37.5622999991989,751254,"2026_06_04_0028","2026_06_04_0028_ev00401_rec0","no",451484
402,0,37.6966499991989,-381.998164708831,-389.2087707282,-7.21060601936875,0.799999999998136,0.900000000001455,0.499999999995282,-376.348760572099,-9.4070786251971,3.93126575479421,129.260208867637,37.6965499991989,37.6956999991989,753933,"2026_06_04_0028","2026_06_04_0028_ev00402_rec0","no",451485
403,0,37.7678499991989,-382.401591822555,-398.581177195978,-16.1795853734229,0.94999999999601,4.50000000000017,4.9500000000009,-382.976275849335,-18.5481868826978,4.00045974635291,-107.982154357506,37.7677999991989,37.7666499991989,755357,"2026_06_04_0028","2026_06_04_0028_ev00403_rec0","no",451486
404,0,37.9923999991989,-386.525858352689,-401.744541585649,-15.2186832329604,1.34999999999508,31.4499999999995,30.0000000000011,-71087.0667154201,70703.012054921,327165.169749496,-37.1000372853364,37.9923499991989,37.9898499991989,759848,"2026_06_04_0028","2026_06_04_0028_ev00404_rec0","no",451487
405,0,38.0271499991989,-383.652131057728,-390.005935935226,-6.35380487749825,5.04999999999711,36.6500000000016,30.0000000000011,-387.111278670723,-9.37957092425429,5.98043546912053,-247.027227105565,38.0248999991989,38.0181999991989,760543,"2026_06_04_0028","2026_06_04_0028_ev00405_rec0","no",451488
406,0,38.1007999991989,-396.869678905936,-532.121728351043,-135.252049445107,4.34999999999519,8.35000000000008,7.74999999999437,-382.692127328961,-175.706504853827,7.68429871425242,-1327.735408698,38.0995499991989,38.0940499991989,762016,"2026_06_04_0028","2026_06_04_0028_ev00406_rec0","no",451489
407,0,38.1323499991989,-391.036292153661,-405.913902727517,-14.8776105738554,4.6999999999997,8.40000000000174,7.6000000000036,331369.103764336,-331769.5521831,644829.946096895,-119.009602552344,38.1317999991989,38.1269499991989,762647,"2026_06_04_0028","2026_06_04_0028_ev00407_rec0","no",451490
408,0,38.2177499991989,-398.652954950181,-640.802793293645,-242.149838343464,2.94999999999845,11.4999999999981,10.6000000000037,-380.664342364728,-296.5979199509,10.4407033999905,-3199.97377954221,38.2160499991989,38.2129499991989,764355,"2026_06_04_0028","2026_06_04_0028_ev00408_rec0","no",451491
409,0,38.2921999991989,-378.887365010148,-386.598890006639,-7.71152499649139,0.750000000003581,5.29999999999831,4.1000000000011,-501042.830434375,500666.068008837,413076.108279441,-509.429880188236,38.2905999991989,38.2898499991989,765844,"2026_06_04_0028","2026_06_04_0028_ev00409_rec0","no",451492
410,0,38.3174499991989,-391.050177371881,-422.476994538743,-31.426817166862,2.54999999999939,8.15000000000055,8.60000000000127,-378.663205141655,-43.3461844453483,14.5981666024171,-254.143223713758,38.3172499991989,38.3140999991989,766349,"2026_06_04_0028","2026_06_04_0028_ev00410_rec0","no",451493
411,0,38.3533499991989,-396.13939430123,-400.865790486382,-4.72639618515211,0.750000000003581,3.00000000000011,3.04999999999467,-377.033850841655,-24.4241989196415,19.4600569240437,192.316513732845,38.3533499991989,38.3523999991989,767067,"2026_06_04_0028","2026_06_04_0028_ev00411_rec0","no",451494
412,0,38.3910999991989,-378.221434920693,-386.422718710172,-8.20128378947823,1.04999999999933,3.84999999999991,0,-18637.8092760041,18255.9521504205,126754.820132432,-206.093340444567,38.3897999991989,38.3883499991989,767822,"2026_06_04_0028","2026_06_04_0028_ev00412_rec0","no",451495
413,0,38.4385999991989,-394.269870644989,-405.61486049829,-11.3449898533016,0.950000000003115,5.5499999999995,5.75000000000614,-386.234584713116,-21.8319547703603,9.90965644054913,21.7134706544712,38.4380999991989,38.4370999991989,768772,"2026_06_04_0028","2026_06_04_0028_ev00413_rec0","no",451496
414,0,38.4729499991989,-383.807206506536,-391.073329832619,-7.26612332608323,0.10000000000332,4.59999999999638,5.69999999999737,-383.244870656004,-12.2362127680882,4.28598680585167,-36.3844829115142,38.4729499991989,38.4728499991989,769459,"2026_06_04_0028","2026_06_04_0028_ev00414_rec0","no",451497
415,0,38.5261499991989,-378.512949445662,-402.127182392042,-23.6142329463804,1.34999999999508,32.2499999999977,30.0000000000011,-394.82203125893,-10.6352656987809,1.16446008911872,-545.291264866015,38.5254999991989,38.5236499991989,770523,"2026_06_04_0028","2026_06_04_0028_ev00415_rec0","no",451498
416,0,38.5437499991989,-381.955241953286,-419.29985765162,-37.3446156983336,1.04999999999933,7.35000000000241,7.84999999999769,-379.748680402134,-46.7709829044656,7.33248432102401,-318.168150054421,38.5430999991989,38.5418999991989,770875,"2026_06_04_0028","2026_06_04_0028_ev00416_rec0","no",451499
417,0,38.5912999991989,-385.788722006381,-394.997824826257,-9.20910281987602,1.1999999999972,3.84999999999991,2.54999999999939,-384.478218512481,-13.4615254435227,2.45117121181198,-17.9612723143612,38.5904499991989,38.5885999991989,771826,"2026_06_04_0028","2026_06_04_0028_ev00417_rec0","no",451500
418,0,38.7594999991989,-383.240733420866,-389.936711892348,-6.69597847148185,0.500000000002387,10.3499999999954,11.4999999999981,-352.859690803686,-40.2559617359842,56.7475386019021,-31.9129650273794,38.7593499991989,38.7588499991989,775190,"2026_06_04_0028","2026_06_04_0028_ev00418_rec0","no",451501
419,0,38.9121499991989,-380.59544730907,-389.91876107879,-9.32331376972002,0.0999999999962142,11.0499999999973,9.25000000000154,-381.433336006233,-18.8573435415778,4.68788560164701,-165.827366306064,38.9082499991989,38.9081499991989,778243,"2026_06_04_0028","2026_06_04_0028_ev00419_rec0","no",451502
420,0,38.9492999991989,-381.61197994058,-468.406644661304,-86.7946647207238,5.90000000000401,10.8999999999995,7.35000000000241,-385.247665610521,-91.0766762865832,6.31513427570742,-1170.84914592666,38.9470999991989,38.9405499991989,778986,"2026_06_04_0028","2026_06_04_0028_ev00420_rec0","no",451503
421,0,38.9862999991989,-387.758210164493,-395.73442618434,-7.97621601984787,0.300000000002854,1.1999999999972,1.1999999999972,-388.366964821184,-11.1504031781108,0.757170834060574,-30.61970668885,38.9862999991989,38.9859999991989,779726,"2026_06_04_0028","2026_06_04_0028_ev00421_rec0","no",451504
422,0,39.0205999991989,-389.79367272078,-405.300937326982,-15.5072646062016,0.349999999997408,5.00000000000256,3.95000000000323,-389.794814919201,-24.6024273891894,2.70731594367045,-120.986531129019,39.0178999991989,39.0174999991989,780412,"2026_06_04_0028","2026_06_04_0028_ev00422_rec0","no",451505
423,0,39.0834499991989,-374.556408626464,-426.698527314556,-52.1421186880919,10.0499999999997,8.70000000000459,9.85000000000014,-376.468876354014,-51.1921649051039,9.11056667164023,-775.283751681105,39.0828499991989,39.0721999991989,781669,"2026_06_04_0028","2026_06_04_0028_ev00423_rec0","no",451506
424,0,39.1987499991989,-388.872420555452,-401.715844078358,-12.8434235229057,0.149999999997874,4.75000000000136,5.09999999999877,-384.9144542158,-19.6626872981057,6.2780447670334,-17.5588321729087,39.1978499991989,39.1976999991989,783975,"2026_06_04_0028","2026_06_04_0028_ev00424_rec0","no",451507
425,0,39.2406999991989,-374.807901296825,-386.45434115148,-11.6464398546553,0.149999999997874,17.5000000000054,21.2000000000003,-356.334557510984,-32.1280751381874,61.6043504814596,-214.437281128303,39.2403999991989,39.2402499991989,784814,"2026_06_04_0028","2026_06_04_0028_ev00425_rec0","no",451508
426,0,39.3276999991989,-385.950096740357,-397.377578190006,-11.4274814496485,0.300000000002854,0.450000000000728,0.849999999999795,-378.364824805116,-14.6628907698837,3.84220940724096,166.367545316167,39.3272499991989,39.3267999991989,786554,"2026_06_04_0028","2026_06_04_0028_ev00426_rec0","no",451509
427,0,39.5479499991989,-372.228989896015,-383.983892895074,-11.7549029990589,0.950000000003115,7.04999999999956,9.85000000000014,-376.098963846271,-10.2486596297696,3.21339110179559,-187.580851380825,39.5459999991989,39.5445499991989,790959,"2026_06_04_0028","2026_06_04_0028_ev00427_rec0","no",451510
428,0,39.6186999991989,-380.277722264373,-384.888657337673,-4.61093507330031,0.399999999999068,0.399999999999068,0,-375.728603665173,-4.86986076222196,1.46385176930807,128.886903951704,39.6186999991989,39.6182999991989,792374,"2026_06_04_0028","2026_06_04_0028_ev00428_rec0","no",451511
429,0,39.7058499991989,-392.007139663697,-399.197848165955,-7.19070850225751,2.09999999999866,1.10000000000099,0.599999999998602,-375.390380482724,-20.5943348482257,8.99183049326613,305.647442909261,39.7056999991989,39.7024999991989,794117,"2026_06_04_0028","2026_06_04_0028_ev00429_rec0","no",451512
430,0,39.7708499991989,-378.367806005391,-469.380754763942,-91.012948758551,9.39999999999941,11.5999999999943,8.49999999999795,-372.585737716418,-83.1952372408713,11.392970313933,-1093.07115493549,39.7705999991989,39.7609999991989,795417,"2026_06_04_0028","2026_06_04_0028_ev00430_rec0","no",451513
431,0,39.8276999991989,-381.132896786506,-410.496028540568,-29.3631317540612,0.94999999999601,12.5000000000028,13.9500000000012,-371.663809532297,-43.4381107408175,18.3887709348186,-403.395520634739,39.8266499991989,39.8254999991989,796554,"2026_06_04_0028","2026_06_04_0028_ev00431_rec0","no",451514
432,0,39.8743999991989,-389.611171168039,-435.428909255463,-45.8177380874239,3.45000000000084,7.40000000000407,8.60000000000127,-390.300231130675,-43.9200158623237,8.6708342843815,-732.81223016985,39.8655499991989,39.8616999991989,797488,"2026_06_04_0028","2026_06_04_0028_ev00432_rec0","no",451515
433,0,39.9181499991989,-391.174977617098,-394.629645682666,-3.45466806556783,0,0.450000000000728,0.500000000002387,-384.589739966222,-10.107994773455,2.01973449177683,175.477665901467,39.9180999991989,39.9178499991989,798363,"2026_06_04_0028","2026_06_04_0028_ev00433_rec0","no",451516
434,0,40.0229999991989,-377.397336341758,-395.807288550546,-18.4099522087882,0.0499999999945544,3.39999999999918,4.80000000000302,-377.279709797787,-13.323750284807,7.3312742854811,-105.080456697426,40.0226999991989,40.0215499991989,800460,"2026_06_04_0028","2026_06_04_0028_ev00434_rec0","no",451517
435,0,40.0628999991989,-377.960198044481,-384.121253379959,-6.16105533547864,1.40000000000384,8.69999999999749,8.49999999999795,-355.217601800962,-29.701435670205,49.4644301196183,-5.9722301518687,40.0619999991989,40.0604499991989,801258,"2026_06_04_0028","2026_06_04_0028_ev00435_rec0","no",451518
436,0,40.1662999991989,-380.158879940257,-389.83667386431,-9.67779392405265,0.799999999998136,24.8500000000007,20.3999999999951,-214965.738842796,214588.933622191,631952.00661971,-57.4474770672214,40.1659499991989,40.1651499991989,803326,"2026_06_04_0028","2026_06_04_0028_ev00436_rec0","no",451519
437,0,40.1953499991989,-382.040589761196,-410.617835882052,-28.5772461208558,0.650000000000261,5.15000000000043,6.3999999999993,-383.870510116035,-29.8431154659515,5.21527577878043,-239.318442275011,40.1944999991989,40.1936499991989,803907,"2026_06_04_0028","2026_06_04_0028_ev00437_rec0","no",451520
438,0,40.3796499991989,-392.203421344821,-409.672434555689,-17.4690132108677,2.09999999999866,3.39999999999918,2.69999999999726,-387.037277759514,-18.7933580784212,5.64066417093057,25.7010331337672,40.3794999991989,40.3771499991989,807593,"2026_06_04_0028","2026_06_04_0028_ev00438_rec0","no",451521
439,0,40.4646499991989,-391.562801143518,-399.343446647649,-7.78064550413126,0.0999999999962142,0.10000000000332,0,-387.053480205947,-7.46323830898444,2.3500004035199,117.619553510153,40.4645499991989,40.4644499991989,809293,"2026_06_04_0028","2026_06_04_0028_ev00439_rec0","no",451522
440,0,40.5468499991989,-397.897064780951,-404.222213536488,-6.32514875553704,0.0500000000016598,1.1999999999972,1.59999999999627,-386.576304018967,-15.2328388416095,14.7274644042148,143.063077857303,40.5466499991989,40.5461499991989,810937,"2026_06_04_0028","2026_06_04_0028_ev00440_rec0","no",451523
441,0,40.6408999991989,-397.87447575926,-402.678967742173,-4.8044919829137,0.10000000000332,30.2500000000023,30.0000000000011,-29195.5929758342,28803.8368104751,467337.304210646,155.539178871058,40.6407999991989,40.6405499991989,812818,"2026_06_04_0028","2026_06_04_0028_ev00441_rec0","no",451524
442,0,40.6709499991989,-391.746799216497,-417.562596381241,-25.8157971647437,0.550000000004047,5.30000000000541,4.89999999999924,-379.834487568414,-35.257203116067,9.86502590790301,-11.9816479911555,40.6692499991989,40.6686999991989,813419,"2026_06_04_0028","2026_06_04_0028_ev00442_rec0","no",451525
443,0,41.1766499991989,-370.870347209303,-383.945769641156,-13.0754224318529,1.14999999999554,32.2000000000031,30.0000000000011,-378.508361687765,-14.3703281431518,3.52989258762817,-321.12589058727,41.1748999991989,41.1737499991989,823533,"2026_06_04_0028","2026_06_04_0028_ev00443_rec0","no",451526
444,0,41.1961999991989,-381.664147430515,-386.952270315085,-5.28812288457004,0.149999999997874,0.149999999997874,0,-378.358877783894,-3.38246988401138,1.58704821567823,93.8296041020144,41.1961999991989,41.1960499991989,823924,"2026_06_04_0028","2026_06_04_0028_ev00444_rec0","no",451527
445,0,41.2264499991989,-380.67485321949,-389.992474419733,-9.3176212002424,0.199999999999534,0.200000000006639,0,-373.754425046641,-9.75847745090134,2.96527985494966,177.229840401121,41.2263499991989,41.2261499991989,824529,"2026_06_04_0028","2026_06_04_0028_ev00445_rec0","no",451528
446,0,41.4013499991989,-387.409387123696,-403.971330375739,-16.5619432520427,1.04999999999933,2.44999999999607,0.250000000001194,-383.90992003049,-10.6647535707102,2.5546211932937,67.8719104739572,41.3994999991989,41.3982499991989,828027,"2026_06_04_0028","2026_06_04_0028_ev00446_rec0","no",451529
447,0,41.5121999991989,-385.171480805918,-397.264028105983,-12.0925473000648,1.39999999999674,6.05000000000189,4.70000000000681,-382.206766711704,-17.3031415085247,5.55225611690683,-31.1159918735895,41.5119999991989,41.5094999991989,830244,"2026_06_04_0028","2026_06_04_0028_ev00447_rec0","no",451530
448,0,41.7429999991989,-389.553553675499,-400.390004764256,-10.8364510887563,0.700000000001921,1.4499999999984,2.0500000000041,-375.224972309655,-22.2608985696228,10.4741491125494,206.57907932586,41.7429999991989,41.7420999991989,834860,"2026_06_04_0028","2026_06_04_0028_ev00448_rec0","no",451531
449,0,41.8607999991989,-386.012742920027,-395.699300070079,-9.68655715005252,0.0999999999962142,0.10000000000332,0.0999999999962142,-381.898461355282,-8.34681124826132,1.21065345068091,113.142792587832,41.8606999991989,41.8605999991989,837216,"2026_06_04_0028","2026_06_04_0028_ev00449_rec0","no",451532
450,0,41.9940499991989,-375.787725571991,-402.603339243124,-26.8156136711334,1.84999999999746,4.75000000000136,6.19999999999976,-378.242920871245,-23.7532736961544,5.34390737805342,-242.519252513061,41.9936499991989,41.9915999991989,839881,"2026_06_04_0028","2026_06_04_0028_ev00450_rec0","no",451533
451,0,42.1646499991989,-372.822916592722,-383.174316669586,-10.3514000768637,5.25000000000375,36.7999999999995,30.0000000000011,-378.211514043075,-11.2755345724671,9.75080586974034,-369.937907210395,42.1629999991989,42.1577499991989,843293,"2026_06_04_0028","2026_06_04_0028_ev00451_rec0","no",451534
452,0,42.2440499991989,-373.705120871997,-394.918712075815,-21.2135912038178,1.55000000000172,6.34999999999764,7.40000000000407,-373.640771178443,-23.8614447559593,6.71905022098115,-260.88913403947,42.2406999991989,42.2388999991989,844881,"2026_06_04_0028","2026_06_04_0028_ev00452_rec0","no",451535
453,0,42.5293499991989,-369.455467956092,-377.989785849218,-8.534317893126,0.550000000004047,1.1999999999972,0,-22182.9623783435,21804.0778354399,505379.257547238,-336.58943125304,42.5270999991989,42.5265499991989,850587,"2026_06_04_0028","2026_06_04_0028_ev00453_rec0","no",451536
454,0,43.2758499991989,-394.17642874021,-414.461471833668,-20.285043093458,0.199999999999534,3.35000000000463,3.59999999999872,-391.670854421997,-22.9233673748788,4.36078230065636,-49.3937806948419,43.2753999991989,43.2739499991989,865517,"2026_06_04_0028","2026_06_04_0028_ev00454_rec0","no",451537
455,0,43.3062999991989,-394.461727188265,-401.603507536184,-7.14178034791905,0.499999999995282,4.64999999999804,4.55000000000183,-392.352559070024,-8.21278134416416,8.34364208341948,-13.9571324353328,43.3043999991989,43.3038999991989,866126,"2026_06_04_0028","2026_06_04_0028_ev00455_rec0","no",451538
456,0,43.4270999991989,-390.660957880956,-401.902055959236,-11.2410980782803,0.350000000004513,3.19999999999965,4.44999999999851,-389.823028530861,-11.8966347557254,5.15050673051407,-41.9900341587103,43.4269499991989,43.4261999991989,868542,"2026_06_04_0028","2026_06_04_0028_ev00456_rec0","no",451539
457,0,43.5120499991989,-388.439507221406,-411.953279789677,-23.5137725682712,2.65000000000271,5.14999999999333,3.39999999999918,-386.95183754088,-26.456464436088,3.58619414321993,-117.678250875294,43.5112999991989,43.5081499991989,870241,"2026_06_04_0028","2026_06_04_0028_ev00457_rec0","no",451540
458,0,43.5360999991989,-387.264821913155,-391.016640882232,-3.75181896907714,0.199999999999534,1.59999999999627,1.99999999999534,-378.299472072771,-12.0862936062775,12.8293450218521,127.255385513367,43.5360999991989,43.5357999991989,870722,"2026_06_04_0028","2026_06_04_0028_ev00458_rec0","no",451541
459,0,43.6709499991989,-388.939827224258,-398.436020677448,-9.49619345319013,0.750000000003581,3.30000000000297,2.54999999999939,-380.659263829465,-17.3530908858304,6.66294841740863,121.57323213862,43.6698499991989,43.6690499991989,873419,"2026_06_04_0028","2026_06_04_0028_ev00459_rec0","no",451542
460,0,43.7285999991989,-377.130454072149,-383.913256935108,-6.7828028629595,0.650000000000261,30.0000000000011,30.0000000000011,-380.96131398369,-3.36188051878188,2.48018819671876,-130.652666689195,43.7285999991989,43.7279499991989,874572,"2026_06_04_0028","2026_06_04_0028_ev00460_rec0","no",451543
461,0,43.7497499991989,-368.110673893563,-376.63775527505,-8.52708138148711,4.74999999999426,32.6999999999984,29.999999999994,20145.0632006509,-20528.2008443505,60445.227364536,-404.660325047661,43.7472499991989,43.7424999991989,874995,"2026_06_04_0028","2026_06_04_0028_ev00461_rec0","no",451544
462,0,43.7705999991989,-381.392929200582,-387.375695253979,-5.98276605339652,0,30.0000000000011,30.0000000000011,-379.253544530073,5.97333811545534,10.2017775400275,121.634123688316,43.7705999991989,43.7704999991989,875412,"2026_06_04_0028","2026_06_04_0028_ev00462_rec0","no",451545
463,0,43.8511499991989,-370.829193612575,-376.281992620825,-5.45279900824909,3.59999999999872,33.0500000000029,30.0000000000011,15196.8156632997,-15575.6111896947,178573.783551204,-295.161560349078,43.8457999991989,43.8419999991989,877023,"2026_06_04_0028","2026_06_04_0028_ev00463_rec0","no",451546
464,0,43.9064499991989,-374.076304437405,-383.670381585045,-9.59407714763932,1.7999999999958,9.99999999999801,8.39999999999463,-3079257.75775249,3078931.75834362,500042.18357863,-1354.14695149927,43.9060499991989,43.9042499991989,878129,"2026_06_04_0028","2026_06_04_0028_ev00464_rec0","no",451547
465,0,43.9385499991989,-395.326246348761,-776.490860898073,-381.164614549312,5.50000000000495,13.3999999999972,11.7999999999938,-351.855266134515,-454.481371019891,13.0630488305989,-5770.75728327184,43.9367999991989,43.9305499991989,878771,"2026_06_04_0028","2026_06_04_0028_ev00465_rec0","no",451548
466,0,43.9922999991989,-395.677056784435,-478.033567163525,-82.3565103790905,4.55000000000183,10.5500000000021,7.04999999999956,-408.473983804181,-78.2990164061838,4.7292716289196,-1223.05146347571,43.9883499991989,43.9837499991989,879846,"2026_06_04_0028","2026_06_04_0028_ev00466_rec0","no",451549
467,0,44.0203999991989,-386.456587190578,-426.758079369736,-40.3014921791587,2.44999999999607,10.2499999999992,8.94999999999868,-395.908491865159,-41.8096218021771,4.38851900800693,-629.337013885493,44.0179999991989,44.0154499991989,880408,"2026_06_04_0028","2026_06_04_0028_ev00467_rec0","no",451550
468,0,44.0554999991989,-387.497349957109,-434.521782665085,-47.0244327079769,6.90000000000168,16.849999999998,12.3499999999979,-395.703750766492,-52.9670443710114,7.05274154554596,-951.263843430172,44.0514499991989,44.0442499991989,881110,"2026_06_04_0028","2026_06_04_0028_ev00468_rec0","no",451551
469,0,44.0852999991989,-391.228984303412,-413.868302406204,-22.6393181027928,1.89999999999912,8.15000000000055,30.0000000000011,-400.684660556811,-26.0252743403295,2.43426707509193,-403.553626945564,44.0844499991989,44.0825499991989,881706,"2026_06_04_0028","2026_06_04_0028_ev00469_rec0","no",451552
470,0,44.1074999991989,-388.93873157094,-412.64771094968,-23.7089793787403,5.34999999999997,8.94999999999868,4.40000000000396,-392.619701765647,-19.8842576643547,3.21446622995713,-310.929437757347,44.1065499991989,44.0993499991989,882150,"2026_06_04_0028","2026_06_04_0028_ev00470_rec0","no",451553
471,0,44.1300999991989,-402.719478907418,-404.720725309701,-2.00124640228273,0.400000000006173,0.349999999997408,0.299999999995748,-383.81428448174,-20.845678518974,5.28499289668285,457.377330962411,44.1300999991989,44.1296999991989,882602,"2026_06_04_0028","2026_06_04_0028_ev00471_rec0","no",451554
472,0,44.1461999991989,-388.94311551635,-391.720111304578,-2.77699578822785,0.199999999999534,0.349999999997408,0,-384.593512316239,-2.15461675704652,3.26704657101129,123.229391501749,44.1460499991989,44.1457999991989,882924,"2026_06_04_0028","2026_06_04_0028_ev00472_rec0","no",451555
473,0,44.1787499991989,-383.376451992524,-431.36210265548,-47.9856506629555,2.00000000000244,7.10000000000122,6.75000000000381,-375.878391490945,-54.9358059935323,8.70636022479965,-337.462404491782,44.1775499991989,44.1754999991989,883575,"2026_06_04_0028","2026_06_04_0028_ev00473_rec0","no",451556
474,0,44.2260499991989,-370.960129967363,-379.591862891588,-8.63173292422505,0.0999999999962142,30.0999999999974,30.0000000000011,-376.394710394004,-6.4711484854172,2.07646151735715,-177.524100641975,44.2260499991989,44.2259499991989,884521,"2026_06_04_0028","2026_06_04_0028_ev00474_rec0","no",451557
475,0,44.2900499991989,-382.239911552126,-390.27467041988,-8.03475886775385,0.199999999999534,30.0999999999974,30.0000000000011,-389.103000511539,12.6585849264364,48.316543105242,76.2008955617111,44.2900499991989,44.2898499991989,885801,"2026_06_04_0028","2026_06_04_0028_ev00475_rec0","no",451558
476,0,44.3938999991989,-373.524222259209,-380.079023826157,-6.55480156694819,1.20000000000431,27.8500000000008,30.0000000000011,21097.7698292114,-21479.019326398,122931.816146496,-218.515856252098,44.3892499991989,44.3880499991989,887878,"2026_06_04_0028","2026_06_04_0028_ev00476_rec0","no",451559
477,0,44.4956999991989,-377.856687337067,-395.193111662741,-17.3364243256744,1.04999999999933,3.69999999999493,4.59999999999638,-378.791454025995,-13.385319533483,5.13380403876858,-134.487551470266,44.4938499991989,44.4926499991989,889914,"2026_06_04_0028","2026_06_04_0028_ev00477_rec0","no",451560
478,0,44.6253999991989,-386.926560275661,-389.158715836199,-2.23215556053776,0.350000000004513,6.95000000000334,4.84999999999758,-379.22552948113,-13.5079270485804,10.5361706192794,82.0272535905879,44.6253999991989,44.6220499991989,892508,"2026_06_04_0028","2026_06_04_0028_ev00478_rec0","no",451561
479,0,44.6808499991989,-388.271851371531,-393.321331553689,-5.04948018215839,0,0,0,-379.162804734887,-10.3001462839446,3.42174941126105,237.694423258738,44.6808499991989,44.6807499991989,893617,"2026_06_04_0028","2026_06_04_0028_ev00479_rec0","no",451562
480,0,44.7150999991989,-379.499453277493,-395.155954580326,-15.6565013028329,0.500000000002387,11.4999999999981,12.6999999999953,-380.588840598087,-20.9627031016835,8.50366662873677,-238.521275124349,44.7136999991989,44.7128499991989,894302,"2026_06_04_0028","2026_06_04_0028_ev00480_rec0","no",451563
481,0,44.7628499991989,-380.84088561165,-401.239433755553,-20.3985481439023,4.24999999999898,6.60000000000593,6.35000000000474,-379.257721523021,-19.8558777446083,8.14854793612137,-203.454705394716,44.7615999991989,44.7569499991989,895257,"2026_06_04_0028","2026_06_04_0028_ev00481_rec0","no",451564
482,0,44.9682499991989,-392.041580796901,-395.966562516282,-3.92498171938047,0.599999999998602,22.8999999999999,19.999999999996,-127128.586586536,126739.412540935,586425.10284,-14.4413398968389,44.9679499991989,44.9672999991989,899365,"2026_06_04_0028","2026_06_04_0028_ev00482_rec0","no",451565
483,0,45.0718999991989,-397.081410654689,-401.968465654055,-4.88705499936651,0.0500000000016598,1.75000000000125,1.69999999999959,-387.694108152016,-15.7880037080122,4.93206079208065,200.382573478256,45.0718499991989,45.0710999991989,901438,"2026_06_04_0028","2026_06_04_0028_ev00483_rec0","no",451566
484,0,45.1092999991989,-395.30692553213,-401.175281954973,-5.86835642284274,0.550000000004047,0.450000000000728,0.399999999999068,-388.485788238022,-10.0134698579954,3.57415649624289,167.473920062247,45.1092999991989,45.1087499991989,902186,"2026_06_04_0028","2026_06_04_0028_ev00484_rec0","no",451567
485,0,45.1544499991989,-394.761034996775,-397.405032053954,-2.64399705717847,0.700000000001921,30.4500000000019,30.0000000000011,-4639.84048105004,4250.27353853757,126965.507771668,141.164326950423,45.1544499991989,45.1535999991989,903089,"2026_06_04_0028","2026_06_04_0028_ev00485_rec0","no",451568
486,0,45.1844999991989,-384.979557970076,-425.245588808426,-40.2660308383503,1.39999999999674,6.59999999999883,8.00000000000267,-391.382505226865,-34.2227019578808,5.72466819077922,-436.636082633007,45.1840999991989,45.1825499991989,903690,"2026_06_04_0028","2026_06_04_0028_ev00486_rec0","no",451569
487,0,45.2709999991989,-389.524208880101,-402.749018546412,-13.224809666311,0.900000000001455,11.3000000000056,9.25000000000154,-2670931.45683987,2670558.62617037,1144113.04820819,-562.831999851106,45.2707999991989,45.2692999991989,905420,"2026_06_04_0028","2026_06_04_0028_ev00487_rec0","no",451570
488,0,45.2989999991989,-395.453014807818,-537.935693462418,-142.482678654599,0.799999999998136,6.59999999999883,7.89999999999935,-398.712844714448,-150.110334541346,7.13491518496103,-1287.54529052956,45.2984999991989,45.2975999991989,905980,"2026_06_04_0028","2026_06_04_0028_ev00488_rec0","no",451571
489,0,45.3371999991989,-398.660964542895,-438.859561544905,-40.1985970020097,1.34999999999508,5.89999999999691,5.94999999999857,-393.72914607344,-46.5743076053952,6.95374278625199,-228.027941019666,45.3362999991989,45.3348499991989,906744,"2026_06_04_0028","2026_06_04_0028_ev00489_rec0","no",451572
490,0,45.3739499991989,-396.833429523606,-401.233648642984,-4.4002191193772,0.0999999999962142,0.449999999993622,0.550000000004047,-393.108838034641,-7.57884859956623,1.56232424942643,99.5123059972534,45.3739499991989,45.3738499991989,907479,"2026_06_04_0028","2026_06_04_0028_ev00490_rec0","no",451573
491,0,45.4281999991989,-389.513355916631,-396.540286695317,-7.02693077868577,0.199999999999534,6.00000000000023,4.75000000000136,-124961.901783441,124573.493083406,159666.137734285,-321.065513250378,45.4280999991989,45.4278999991989,908564,"2026_06_04_0028","2026_06_04_0028_ev00491_rec0","no",451574
492,0,45.4486999991989,-393.583116747012,-421.387250588308,-27.8041338412964,1.60000000000338,8.89999999999702,10.5500000000021,-388.483738248522,-31.3751094317532,14.8415703506137,-289.790351028017,45.4482999991989,45.4466499991989,908974,"2026_06_04_0028","2026_06_04_0028_ev00492_rec0","no",451575
493,0,45.4963499991989,-396.44316653203,-466.237002363874,-69.7938358318432,2.20000000000198,7.55000000000194,6.65000000000049,-394.985636523731,-68.7800608606859,7.195084707702,-650.697836408489,45.4945999991989,45.4919999991989,909927,"2026_06_04_0028","2026_06_04_0028_ev00493_rec0","no",451576
494,0,45.5284499991989,-398.671286565158,-400.992165075213,-2.32087851005537,0.0500000000016598,0.0500000000016598,0,-393.7086620916,-4.9630152483135,3.36799720327524,134.604949272905,45.5284499991989,45.5283499991989,910569,"2026_06_04_0028","2026_06_04_0028_ev00494_rec0","no",451577
495,0,45.5924999991989,-391.748681753607,-397.394447926454,-5.64576617284672,0.0500000000016598,0.149999999997874,0,1853.54875919549,-2243.96590913708,172923.642905808,44.6088609569697,45.5923499991989,45.5922999991989,911850,"2026_06_04_0028","2026_06_04_0028_ev00495_rec0","no",451578
496,0,45.6499999991989,-374.540496235358,-385.869517106547,-11.3290208711892,0.149999999997874,8.60000000000127,6.04999999999478,-2185803.99345583,2185447.12917037,606995.930769975,-1173.87354545284,45.6447999991989,45.6446499991989,913000,"2026_06_04_0028","2026_06_04_0028_ev00496_rec0","no",451579
497,0,45.6846999991989,-392.099871610303,-573.096382028492,-180.99651041819,10.9500000000011,11.250000000004,7.64999999999816,-396.534122612488,-193.590837295211,6.7549702929894,-2683.42250996197,45.6839999991989,45.6729999991989,913694,"2026_06_04_0028","2026_06_04_0028_ev00497_rec0","no",451580
498,0,45.7546999991989,-397.686414312249,-427.054601873072,-29.3681875608229,1.09999999999388,7.10000000000122,7.55000000000194,-397.962998827187,-31.597649482335,6.90333610224435,-272.253485811613,45.7538499991989,45.7525499991989,915094,"2026_06_04_0028","2026_06_04_0028_ev00498_rec0","no",451581
499,0,45.7779999991989,-402.162643559448,-406.207284628791,-4.04464106934233,0.250000000001194,0.150000000004979,0,-394.163997571509,-9.14089892959404,7.99789090747202,167.390522518425,45.7776499991989,45.7773999991989,915560,"2026_06_04_0028","2026_06_04_0028_ev00499_rec0","no",451582
500,0,45.8097499991989,-395.756934272683,-401.880914525978,-6.12398025329458,0.199999999999534,0.299999999995748,0,-389.685446335117,-8.23702164477003,2.5568618901748,160.717052809396,45.8097499991989,45.8093999991989,916195,"2026_06_04_0028","2026_06_04_0028_ev00500_rec0","no",451583
501,0,45.8246499991989,-375.72499904084,-384.225197511026,-8.50019847018638,5.15000000000043,37.2500000000002,30.0000000000011,-390.015589107414,-2.03293165562182,4.07391554427191,-542.987029549014,45.8220499991989,45.8168999991989,916493,"2026_06_04_0028","2026_06_04_0028_ev00501_rec0","no",451584
502,0,45.8668999991989,-381.473794532446,-387.9336755574,-6.4598810249546,0.450000000000728,30.4500000000019,30.0000000000011,-390.783977020524,-8.54349075479625,3.38511083813384,-315.219070139408,45.8668999991989,45.8664499991989,917338,"2026_06_04_0028","2026_06_04_0028_ev00502_rec0","no",451585
503,0,45.9470999991989,-381.767419396692,-387.438484192093,-5.67106479540121,0.10000000000332,4.34999999999519,3.34999999999752,-277145.437556456,276764.737275356,293340.877895947,-394.33697026126,45.9468999991989,45.9467999991989,918942,"2026_06_04_0028","2026_06_04_0028_ev00503_rec0","no",451586
504,0,45.9910999991989,-400.481997630795,-508.647811056396,-108.165813425601,2.49999999999773,21.1500000000058,15.349999999998,-309.590594630141,-219.188237965932,29.7868772890437,-2405.6415357598,45.9777999991989,45.9749999991989,919822,"2026_06_04_0028","2026_06_04_0028_ev00504_rec0","no",451587
505,0,46.1062999991989,-400.692844132142,-402.910733918154,-2.21788978601217,0.199999999999534,0.550000000004047,0.349999999997408,-393.128019482716,-9.15324205061363,3.95574499820591,190.551899653852,46.1062999991989,46.1058999991989,922126,"2026_06_04_0028","2026_06_04_0028_ev00505_rec0","no",451588
506,0,46.1250499991989,-378.799205682155,-391.254680288635,-12.4554746064802,3.34999999999752,30.2999999999969,30.0000000000011,-390.591637117327,-6.89842365144394,3.96203197108658,-442.594280837048,46.1248499991989,46.1214999991989,922501,"2026_06_04_0028","2026_06_04_0028_ev00506_rec0","no",451589
507,0,46.3398999991989,-392.899266302785,-400.859790826072,-7.96052452328638,0.0999999999962142,0.0999999999962142,0,-384.756073295087,-9.64196869627812,8.80343562705313,161.348794710755,46.3398999991989,46.3397499991989,926798,"2026_06_04_0028","2026_06_04_0028_ev00507_rec0","no",451590
508,0,46.3601499991989,-387.289256199529,-391.134640861254,-3.84538466172495,0,0.0500000000016598,0,-380.960242480147,-7.70005093318113,6.79317741836014,138.117196755613,46.3600999991989,46.3600499991989,927203,"2026_06_04_0028","2026_06_04_0028_ev00508_rec0","no",451591
509,0,46.6131999991989,-383.077245936297,-389.660448949521,-6.58320301322334,0.600000000005707,0.500000000002387,0,-19540.900808943,19151.4365400061,225388.577431135,-237.07537932963,46.6131999991989,46.6125999991989,932264,"2026_06_04_0028","2026_06_04_0028_ev00509_rec0","no",451592
510,0,46.8114999991989,-381.119090102218,-390.878505845842,-9.75941574362349,0.599999999998602,0.300000000002854,0,-54024.5044357073,53638.3182379861,279460.708282712,-245.641011646422,46.8114999991989,46.8108999991989,936230,"2026_06_04_0028","2026_06_04_0028_ev00510_rec0","no",451593
511,0,47.1430999991989,-387.488219201598,-396.579820794527,-9.09160159292912,0.599999999998602,0.450000000000728,0,-379.264213011924,-10.2580732927766,14.1529198967408,117.453534685562,47.1430999991989,47.1424499991989,942862,"2026_06_04_0028","2026_06_04_0028_ev00511_rec0","no",451594
512,0,47.3645499991989,-376.330747388089,-398.63749612077,-22.3067487326809,0.0999999999962142,1.64999999999793,3.79999999999825,-380.567920478519,-9.73577269586486,4.31789311180796,-173.041229430692,47.3643499991989,47.3642499991989,947291,"2026_06_04_0028","2026_06_04_0028_ev00512_rec0","no",451595
513,0,47.4367499991989,-380.462746265328,-387.904071049209,-7.44132478388065,0.199999999999534,3.65000000000038,5.49999999999784,-372.753528006179,-13.4109994609935,22.0989806292129,8.90938893433408,47.4366499991989,47.4364499991989,948735,"2026_06_04_0028","2026_06_04_0028_ev00513_rec0","no",451596
514,0,47.5526499991989,-380.228494657569,-404.065800976992,-23.8373063194228,1.00000000000477,3.84999999999991,5.55000000000661,-370.73625665681,-29.6606785799275,11.5211772915459,-63.0116369326706,47.5517499991989,47.5507499991989,951053,"2026_06_04_0028","2026_06_04_0028_ev00514_rec0","no",451597
515,0,47.6154999991989,-380.904542545788,-394.088344865577,-13.1838023197895,3.2499999999942,5.5499999999995,5.04999999999711,-377.42665170529,-16.1258207263309,7.71189450747709,-68.7698274306631,47.6149499991989,47.6103499991989,952310,"2026_06_04_0028","2026_06_04_0028_ev00515_rec0","no",451598
516,0,47.7870999991989,-387.526336532259,-403.284164984094,-15.757828451835,1.24999999999886,4.34999999999519,2.34999999999985,-381.100185670697,-16.0894604199002,8.60129868087859,11.666714336155,47.7823499991989,47.7809499991989,955742,"2026_06_04_0028","2026_06_04_0028_ev00516_rec0","no",451599
517,0,47.8391499991989,-381.533250462247,-386.945857114465,-5.41260665221836,0,0.149999999997874,0.0999999999962142,-382.480094210742,-4.58514012819614,0.0746810239743882,-29.5961185437264,47.8390999991989,47.8389999991989,956783,"2026_06_04_0028","2026_06_04_0028_ev00517_rec0","no",451600
518,0,47.9272999991989,-376.378893458685,-408.582228997443,-32.2033355387579,1.20000000000431,8.35000000000008,7.95000000000101,-378.229166080709,-28.7132550569065,7.59599750644393,-353.356505425116,47.9251999991989,47.9234499991989,958546,"2026_06_04_0028","2026_06_04_0028_ev00518_rec0","no",451601
519,0,48.0094499991989,-372.848873349299,-383.232755654422,-10.3838823051223,0.0999999999962142,30.0000000000011,30.0000000000011,-378.391424393163,-8.90707085011418,3.00967035499079,-193.82468399524,48.0094499991989,48.0093499991989,960189,"2026_06_04_0028","2026_06_04_0028_ev00519_rec0","no",451602
520,0,48.0622499991989,-390.19726509578,-408.224829716607,-18.0275646208265,0.399999999999068,3.65000000000038,3.00000000000011,-382.184706011702,-30.4458502745409,4.09161001777219,88.929455461057,48.0610999991989,48.0606999991989,961245,"2026_06_04_0028","2026_06_04_0028_ev00520_rec0","no",451603
521,0,48.2248999991989,-402.828827380851,-415.987768602281,-13.1589412214297,0.10000000000332,0,0,-390.389004837252,-13.1883713425148,12.1083156676987,226.704802904599,48.2248999991989,48.2247999991989,964498,"2026_06_04_0028","2026_06_04_0028_ev00521_rec0","no",451604
522,0,48.3163999991989,-397.591983036175,-404.426251888969,-6.83426885279414,0.0500000000016598,0.199999999999534,0.199999999999534,-395.152437948981,-6.14227192900133,0.825437541756416,67.3656202695371,48.3161999991989,48.3161499991989,966328,"2026_06_04_0028","2026_06_04_0028_ev00522_rec0","no",451605
523,0,48.3527999991989,-394.509454218401,-397.953159462429,-3.44370524402814,0.250000000001194,0.999999999997669,1.24999999999886,-387.992674958056,-10.0771463641143,4.85453895975449,144.95452443325,48.3527999991989,48.3525499991989,967056,"2026_06_04_0028","2026_06_04_0028_ev00523_rec0","no",451606
524,0,48.5090499991989,-390.338291229191,-399.406823759182,-9.06853252999099,0.299999999995748,7.5999999999965,10.3000000000009,-389.89871863988,-9.63464281050908,11.0338257475069,-89.7344317444895,48.5090499991989,48.5087499991989,970181,"2026_06_04_0028","2026_06_04_0028_ev00524_rec0","no",451607
525,0,48.5469499991989,-400.733140844842,-406.254502602138,-5.52136175729601,0.999999999997669,5.25000000000375,2.85000000000224,-397.593265227209,-12.4637435142093,3.22164367005288,36.7623471551886,48.5450499991989,48.5426499991989,970939,"2026_06_04_0028","2026_06_04_0028_ev00525_rec0","no",451608
526,0,48.6382499991989,-404.709726509561,-454.839627277036,-50.1299007674748,5.40000000000163,9.34999999999775,7.40000000000407,-392.46659229041,-67.5640386078253,9.43735415283341,-440.137119590902,48.6375499991989,48.6318499991989,972765,"2026_06_04_0028","2026_06_04_0028_ev00526_rec0","no",451609
527,0,48.8498999991989,-396.266634589299,-412.156420600965,-15.8897860116659,1.1999999999972,1.04999999999933,1.69999999999959,-386.067109332973,-20.5094598563986,6.9797639651119,149.916395610234,48.8493999991989,48.8472499991989,976998,"2026_06_04_0028","2026_06_04_0028_ev00527_rec0","no",451610
528,0,48.9239999991989,-389.501765280936,-402.819777626228,-13.3180123452921,3.19999999999965,7.75000000000148,5.80000000000069,-390.234114073439,-12.6295147410154,5.25304771932128,-127.01632717007,48.9231499991989,48.9198499991989,978480,"2026_06_04_0028","2026_06_04_0028_ev00528_rec0","no",451611
529,0,48.9851499991989,-390.00916706774,-400.464345652336,-10.4551785845962,0.199999999999534,7.99999999999557,10.7999999999961,-391.766222038455,-10.1426397146474,6.89338934974308,-129.087924455692,48.9846999991989,48.9844999991989,979703,"2026_06_04_0028","2026_06_04_0028_ev00529_rec0","no",451612
530,0,49.5368499991989,-394.062479285237,-401.81374834597,-7.75126906073388,0.650000000000261,12.5000000000028,13.1000000000014,-393.430736415874,-13.4372816400537,9.72199201622465,-138.69149425877,49.5346499991989,49.5339999991989,990737,"2026_06_04_0028","2026_06_04_0028_ev00530_rec0","no",451613
531,0,49.5845999991989,-397.674874306729,-419.019193541522,-21.3443192347925,2.54999999999939,7.64999999999816,6.75000000000381,-390.164656281054,-20.67762481571,22.9042990798866,-215.123160144717,49.5803499991989,49.5777499991989,991692,"2026_06_04_0028","2026_06_04_0028_ev00531_rec0","no",451614
532,0,49.6531499991989,-399.537102180522,-403.248578761732,-3.71147658121043,0.10000000000332,0.849999999999795,0.149999999997874,-392.706634477296,-8.29674854516774,11.8054610335627,111.845106936819,49.6514499991989,49.6511499991989,993063,"2026_06_04_0028","2026_06_04_0028_ev00532_rec0","no",451615
533,0,49.7027499991989,-385.399357099522,-395.731006727808,-10.331649628286,0.10000000000332,29.999999999994,29.6999999999983,-392.047283560317,-8.06461266196253,0.936977829309368,-212.264353230912,49.7024499991989,49.7023499991989,994055,"2026_06_04_0028","2026_06_04_0028_ev00533_rec0","no",451616
534,0,49.7317999991989,-391.189066258151,-406.09793363019,-14.9088673720398,1.39999999999674,30.3499999999985,30.0000000000011,-11881.5828998414,11489.2060168994,220542.661876122,-75.6784697347087,49.7315999991989,49.7297999991989,994636,"2026_06_04_0028","2026_06_04_0028_ev00534_rec0","no",451617
535,0,49.7621999991989,-390.773603667788,-426.370072839352,-35.5964691715636,1.99999999999534,8.85000000000247,11.2000000000023,-388.652770193845,-31.704524051741,15.3864052258742,-408.269211344822,49.7617999991989,49.7597499991989,995244,"2026_06_04_0028","2026_06_04_0028_ev00535_rec0","no",451618
536,0,49.8059999991989,-384.177817689167,-392.76291284176,-8.58509515259311,0.599999999998602,31.1000000000021,30.0000000000011,-387.638037861111,-13.6293645744869,15.6610072244762,-304.308894179738,49.8051999991989,49.8045999991989,996120,"2026_06_04_0028","2026_06_04_0028_ev00536_rec0","no",451619
537,0,49.8299499991989,-383.452435024177,-391.49795482423,-8.04551980005249,0.799999999998136,30.300000000004,30.0000000000011,-388.000843647005,-6.95077630619054,2.23816887005824,-160.778119520611,49.8297499991989,49.8289499991989,996599,"2026_06_04_0028","2026_06_04_0028_ev00537_rec0","no",451620
538,0,49.8899499991989,-388.834583332844,-396.377264420857,-7.54268108801392,0.200000000006639,12.6500000000007,13.5999999999967,-385.894463479689,-15.772392693919,13.440201665236,-113.283711097868,49.8884499991989,49.8881999991989,997799,"2026_06_04_0028","2026_06_04_0028_ev00538_rec0","no",451621
539,0,49.9593999991989,-394.793910517471,-399.540902499465,-4.74699198199414,0.0999999999962142,0.449999999993622,0.999999999997669,-386.048305538907,-11.491141154094,11.3161266068961,140.885996482153,49.9593999991989,49.9590999991989,999188,"2026_06_04_0028","2026_06_04_0028_ev00539_rec0","no",451622
540,0,50.0893999991989,-387.367119329333,-392.214485328247,-4.84736599891426,0.300000000002854,4.44999999999851,5.24999999999665,-383.377694745771,-9.54866839900371,10.4263697452679,23.2852242233783,50.0893999991989,50.0889499991989,1001788,"2026_06_04_0028","2026_06_04_0028_ev00540_rec0","no",451623
541,0,50.1383999991989,-395.379356375895,-408.052947799944,-12.6735914240486,0.350000000004513,1.1999999999972,1.59999999999627,-382.85023761191,-21.6900928390241,7.00749617361063,223.173358909467,50.1383999991989,50.1378999991989,1002768,"2026_06_04_0028","2026_06_04_0028_ev00541_rec0","no",451624
542,0,50.6441999991989,-391.897849671828,-397.795830467302,-5.89798079547427,0.0500000000016598,30.2500000000023,30.0000000000011,-27669.2733035378,27282.7670635296,232089.840290985,108.033715607612,50.6441999991989,50.6439499991989,1012884,"2026_06_04_0028","2026_06_04_0028_ev00542_rec0","no",451625
543,0,50.6765499991989,-391.329351986414,-403.197059506836,-11.8677075204218,1.30000000000052,3.19999999999965,4.19999999999732,-390.15435737346,-11.7864478933044,5.59894636237974,-41.9176392990265,50.6764499991989,50.6750999991989,1013531,"2026_06_04_0028","2026_06_04_0028_ev00543_rec0","no",451626
544,0,50.7824999991989,-386.554503601723,-413.478171945635,-26.923668343912,0.749999999996476,4.45000000000562,6.04999999999478,-384.393883595293,-21.561240458399,10.5067911172935,-172.862276972852,50.7820999991989,50.7811499991989,1015650,"2026_06_04_0028","2026_06_04_0028_ev00544_rec0","no",451627
545,0,50.9256499991989,-391.038314796191,-393.247744693988,-2.20942989779752,0.500000000002387,1.75000000000125,1.54999999999461,-379.750045780669,-13.5433822963263,13.842185332394,168.5711668767,50.9256499991989,50.9247499991989,1018513,"2026_06_04_0028","2026_06_04_0028_ev00545_rec0","no",451628
546,0,51.2808499991989,-373.329470797081,-382.782288777263,-9.45281798018175,1.14999999999554,32.6499999999967,30.0000000000011,-378.787705537236,-6.67398949810094,2.21358581708858,-210.902256086161,51.2791499991989,51.2779999991989,1025617,"2026_06_04_0028","2026_06_04_0028_ev00546_rec0","no",451629
547,0,51.3719499991989,-383.598814417669,-414.193877775646,-30.5950633579765,1.89999999999912,3.65000000000038,3.54999999999706,-382.383356857919,-24.8886090672485,5.17467543532845,-131.23012033078,51.3718499991989,51.3698499991989,1027439,"2026_06_04_0028","2026_06_04_0028_ev00547_rec0","no",451630
548,0,51.4129499991989,-376.085527872327,-382.49309952052,-6.40757164819291,0.10000000000332,0.300000000002854,0,-15537.14835533,15156.0798829265,274778.396333425,-178.878288275794,51.4125499991989,51.4124499991989,1028259,"2026_06_04_0028","2026_06_04_0028_ev00548_rec0","no",451631
549,0,51.4645499991989,-386.574163275837,-440.053898802996,-53.479735527159,2.85000000000224,8.25000000000387,8.15000000000055,-375.51484148229,-63.6629375389018,11.2342559807218,-445.854489311464,51.4642999991989,51.4612999991989,1029291,"2026_06_04_0028","2026_06_04_0028_ev00549_rec0","no",451632
550,0,51.5373499991989,-376.624565027663,-382.042499627555,-5.41793459989219,0.499999999995282,13.4000000000043,17.4499999999966,-377.794019083357,-8.85168747720849,7.38488091700779,-107.820516352389,51.5370499991989,51.5365499991989,1030747,"2026_06_04_0028","2026_06_04_0028_ev00550_rec0","no",451633
551,0,51.7529499991989,-369.109974287116,-379.650580107937,-10.5406058208215,0.450000000000728,30.2999999999969,29.999999999994,-377.605598605701,-7.46823793791027,5.80580653833447,-304.01044336314,51.7529499991989,51.7524999991989,1035059,"2026_06_04_0028","2026_06_04_0028_ev00551_rec0","no",451634
552,0,51.8315999991989,-384.356721626352,-390.722667249666,-6.36594562331356,0.250000000001194,0.300000000002854,0.300000000002854,-375.194976280293,-12.6151000422417,3.56019762069197,229.136356130449,51.8315999991989,51.8313499991989,1036632,"2026_06_04_0028","2026_06_04_0028_ev00552_rec0","no",451635
553,0,52.1511499991989,-387.280413392324,-421.128936084296,-33.8485226919718,1.69999999999959,3.60000000000582,5.05000000000422,-395.79199564907,-19.509275697797,3.20048833848295,-383.602987288099,52.1498499991989,52.1479999991989,1043023,"2026_06_04_0028","2026_06_04_0028_ev00553_rec0","no",451636
554,0,52.2853999991989,-406.370776236144,-413.584675553548,-7.21389931740407,0.900000000001455,1.24999999999886,0.799999999998136,-399.7687928548,-13.4707431496699,2.1898522037852,167.353304885711,52.2852499991989,52.2842999991989,1045708,"2026_06_04_0028","2026_06_04_0028_ev00554_rec0","no",451637
555,0,52.3644499991989,-407.22555022405,-412.470772383806,-5.24522215975571,0.10000000000332,12.2,11.8999999999971,-1762862.9805386,1762490.92204444,565900.374590714,-344.233287473198,52.3644499991989,52.3643499991989,1047289,"2026_06_04_0028","2026_06_04_0028_ev00555_rec0","no",451638
556,0,52.3936999991989,-403.783726567897,-531.530694051108,-127.746967483211,3.89999999999446,10.3500000000025,8.74999999999915,-387.49554431134,-158.082608684187,9.60133619818159,-1406.92044530288,52.3927499991989,52.3884499991989,1047874,"2026_06_04_0028","2026_06_04_0028_ev00556_rec0","no",451639
557,0,52.4585999991989,-382.318679119452,-392.757765166259,-10.4390860468072,0.250000000001194,30.2000000000007,30.0000000000011,-390.904979412836,-7.42355190838074,6.13335153223539,-314.321061156858,52.4579999991989,52.4577499991989,1049172,"2026_06_04_0028","2026_06_04_0028_ev00557_rec0","no",451640
558,0,52.5045999991989,-396.10291029097,-415.825073099816,-19.722162808846,2.24999999999653,2.25000000000364,2.44999999999607,-389.561874988374,-21.7070059527465,5.40223264167714,55.0570551606324,52.5043499991989,52.5010999991989,1050092,"2026_06_04_0028","2026_06_04_0028_ev00558_rec0","no",451641
559,0,52.5567999991989,-394.403063995407,-401.919846978223,-7.51678298281553,0.249999999994088,1.95000000000078,2.60000000000105,-386.365602609556,-15.0019349185115,7.89697229395223,123.049885993406,52.5566999991989,52.5564499991989,1051136,"2026_06_04_0028","2026_06_04_0028_ev00559_rec0","no",451642
560,0,52.6701499991989,-392.560331037354,-546.082114249827,-153.521783212473,3.05000000000177,9.85000000000014,9.70000000000226,-396.470198462124,-172.450662730619,8.1962259115353,-1904.94159930723,52.6692499991989,52.6657999991989,1053403,"2026_06_04_0028","2026_06_04_0028_ev00560_rec0","no",451643
561,0,52.7251499991989,-371.925031212594,-385.609051467404,-13.6840202548102,9.70000000000226,43.9000000000007,30.0000000000011,-382.400303520639,-10.4845850956173,1.47855084367178,-572.057349974877,52.7207999991989,52.7110999991989,1054503,"2026_06_04_0028","2026_06_04_0028_ev00561_rec0","no",451644
562,0,52.7791499991989,-391.861574827316,-406.513727077816,-14.6521522504999,2.45000000000317,3.59999999999872,3.14999999999799,-385.042637333645,-19.5935540431642,6.67199508867454,42.2798991214815,52.7783999991989,52.7749499991989,1055583,"2026_06_04_0028","2026_06_04_0028_ev00562_rec0","no",451645
563,0,52.8268999991989,-395.683820258967,-401.974316310973,-6.29049605200657,0.550000000004047,0.250000000001194,0,-376.163509716497,-13.6223267598461,36.5315988038072,306.600983027781,52.8267999991989,52.8261999991989,1056538,"2026_06_04_0028","2026_06_04_0028_ev00563_rec0","no",451646
564,0,53.0230999991989,-385.118494916591,-392.071682089985,-6.95318717339353,0.149999999997874,30.0999999999974,30.0000000000011,-66641.5479365342,66261.3558024865,318466.01978499,54.1579055156713,53.0230999991989,53.0228499991989,1060462,"2026_06_04_0028","2026_06_04_0028_ev00564_rec0","no",451647
565,0,53.0592499991989,-388.755633002924,-393.763461252011,-5.00782824908686,0.200000000006639,0.0500000000016598,0,-384.092654930591,-6.01856383124949,2.64582948228679,123.437643154667,53.0592499991989,53.0585999991989,1061185,"2026_06_04_0028","2026_06_04_0028_ev00565_rec0","no",451648
566,0,53.1223999991989,-384.478874901775,-388.156266980972,-3.67739207919743,0.0500000000016598,0.0499999999945544,0,-379.77455246094,-2.76647817084014,2.88211251322475,133.125888901054,53.1223499991989,53.1222999991989,1062448,"2026_06_04_0028","2026_06_04_0028_ev00566_rec0","no",451649
567,0,53.1926999991989,-376.076503291559,-385.966544212136,-9.89004092057712,0.0500000000016598,24.2500000000021,30.0000000000011,-377.790314053969,-15.9285364026658,14.8030671168292,-267.587192040884,53.1920499991989,53.1919999991989,1063854,"2026_06_04_0028","2026_06_04_0028_ev00567_rec0","no",451650
568,0,53.4408499991989,-395.888457430522,-415.498770787742,-19.6103133572199,1.30000000000052,1.89999999999912,0,-385.639915306131,-14.3967664806068,11.404470435375,139.219760514931,53.4408499991989,53.4375999991989,1068817,"2026_06_04_0028","2026_06_04_0028_ev00568_rec0","no",451651
569,0,53.4919999991989,-404.119827127925,-419.978072420645,-15.8582452927199,0.700000000001921,1.00000000000477,0,-394.864470145291,-12.4374470964455,6.14707309932804,201.740029288057,53.4919999991989,53.4906499991989,1069840,"2026_06_04_0028","2026_06_04_0028_ev00569_rec0","no",451652
570,0,53.6752499991989,-405.656643129165,-410.166137558514,-4.50949442934939,0.10000000000332,0.0500000000016598,0,-399.262996273302,-4.93033812907706,5.73905369282092,163.732370592987,53.6752499991989,53.6751499991989,1073505,"2026_06_04_0028","2026_06_04_0028_ev00570_rec0","no",451653
571,0,53.8011999991989,-389.54503102909,-402.320468323186,-12.7754372940955,1.84999999999746,5.45000000000329,5.80000000000069,-391.378114908724,-14.395125375524,3.61717808061015,-125.966379385384,53.8009999991989,53.7991499991989,1076024,"2026_06_04_0028","2026_06_04_0028_ev00571_rec0","no",451654
572,0,53.8433499991989,-391.00264376986,-408.46585697204,-17.4632132021805,1.60000000000338,6.59999999999883,8.29999999999842,-385.617538635335,-23.9561495981078,11.7632149812755,-117.823398861246,53.8430499991989,53.8413499991989,1076867,"2026_06_04_0028","2026_06_04_0028_ev00572_rec0","no",451655
573,0,53.9922499991989,-386.216660466925,-392.306543663446,-6.08988319652099,0.350000000004513,0.350000000004513,0,-28949.8840990774,28558.2110829701,240099.66768215,-221.227894468859,53.9922499991989,53.9918999991989,1079845,"2026_06_04_0028","2026_06_04_0028_ev00573_rec0","no",451656
574,0,54.0543999991989,-387.398905801091,-398.542325696925,-11.1434198958336,1.1999999999972,32.2999999999993,30.0000000000011,-393.850568593522,-7.18912186265939,6.75216992425257,-280.073013609247,54.0530499991989,54.0518499991989,1081088,"2026_06_04_0028","2026_06_04_0028_ev00574_rec0","no",451657
575,0,54.2016999991989,-393.340908424474,-412.798039717826,-19.457131293352,0.94999999999601,0.250000000001194,0,-391.718256260813,-8.8704747385463,2.09389805234741,18.3694498221215,54.2005499991989,54.1994999991989,1084034,"2026_06_04_0028","2026_06_04_0028_ev00575_rec0","no",451658
576,0,54.2654999991989,-388.211801296018,-397.658214965951,-9.44641366993341,0.500000000002387,30.5999999999997,30.0000000000011,-393.811229179692,-6.34273300044573,4.2615647312232,-212.614240081023,54.2644999991989,54.2639999991989,1085310,"2026_06_04_0028","2026_06_04_0028_ev00576_rec0","no",451659
577,0,54.3336999991989,-391.885148956504,-417.484509262121,-25.5993603056168,3.40000000000629,7.89999999999935,7.44999999999862,-389.162135448121,-30.1419749615845,8.23670659591816,-227.885806523614,54.3336499991989,54.3301999991989,1086674,"2026_06_04_0028","2026_06_04_0028_ev00577_rec0","no",451660
578,0,54.6885499991989,-394.927927167061,-399.250538600923,-4.32261143386216,0.650000000000261,1.1999999999972,0.150000000004979,-385.770115482019,-10.8371523824957,20.8287732152926,97.5495918785382,54.6883499991989,54.6871499991989,1093771,"2026_06_04_0028","2026_06_04_0028_ev00578_rec0","no",451661
579,0,54.7252999991989,-390.422324381416,-395.860378579019,-5.43805419760309,1.75000000000125,10.6999999999999,11.8499999999955,-389.629735229111,-13.4741874834347,7.55671932524375,-92.0773164037304,54.7252999991989,54.7234999991989,1094506,"2026_06_04_0028","2026_06_04_0028_ev00579_rec0","no",451662
580,0,54.7786499991989,-390.210177441943,-417.102152198252,-26.8919747563091,0.900000000001455,7.44999999999862,8.05000000000433,-392.767605495524,-27.4077096009726,6.15284172325154,-281.369236610189,54.7777499991989,54.7767499991989,1095573,"2026_06_04_0028","2026_06_04_0028_ev00580_rec0","no",451663
581,0,54.8317999991989,-394.018027193232,-407.768330825367,-13.7503036321349,0.799999999998136,8.80000000000081,11.099999999999,75235.3636105719,-75639.2565399546,175180.664149463,-139.496278064845,54.8313499991989,54.8283999991989,1096636,"2026_06_04_0028","2026_06_04_0028_ev00581_rec0","no",451664
582,0,54.8848499991989,-398.720202103995,-413.803733163509,-15.0835310595142,0.450000000000728,0.250000000001194,0,-399.147337756572,-2.90775662909536,2.27445019324345,-23.5388840409865,54.8848499991989,54.8843999991989,1097697,"2026_06_04_0028","2026_06_04_0028_ev00582_rec0","no",451665
583,0,54.9456499991989,-383.964069114053,-400.403037640153,-16.4389685260996,2.25000000000364,32.1500000000015,30.0000000000011,-395.30210173553,-15.3157443747327,3.37351338957909,-440.131849828762,54.9453499991989,54.9430999991989,1098913,"2026_06_04_0028","2026_06_04_0028_ev00583_rec0","no",451666
584,0,54.9905999991989,-391.391518073587,-397.564188148834,-6.17267007524674,0.10000000000332,8.70000000000459,7.35000000000241,-535.492214091112,146.984866132057,205.337464187234,-223.222720635204,54.9902499991989,54.9901499991989,1099812,"2026_06_04_0028","2026_06_04_0028_ev00584_rec0","no",451667
585,0,55.0119999991989,-401.770031644669,-410.841355963574,-9.07132431890449,0.299999999995748,4.75000000000136,4.44999999999851,-401.645383306943,-21.5367072625948,2.4543599444948,-63.3512788472599,55.0110999991989,55.0107999991989,1100240,"2026_06_04_0028","2026_06_04_0028_ev00585_rec0","no",451668
586,0,55.0268999991989,-403.142947444636,-408.626525094904,-5.48357765026765,0.500000000002387,3.19999999999965,3.34999999999752,-401.985044728258,-12.3383611222589,2.47792623768773,0.696546354805708,55.0268999991989,55.0263999991989,1100538,"2026_06_04_0028","2026_06_04_0028_ev00586_rec0","no",451669
587,0,55.0700999991989,-407.964065309289,-411.761281346548,-3.7972160372592,0,9.35000000000485,9.19999999999988,-7075957.85776959,7075671.92169429,526928.843341558,-2377.73863517326,55.0699999991989,55.0698999991989,1101402,"2026_06_04_0028","2026_06_04_0028_ev00587_rec0","no",451670
588,0,55.0971499991989,-402.950533836828,-789.09752390505,-386.146990068222,4.1000000000011,12.9500000000036,12.0000000000005,-393.377314940982,-429.863597275341,11.5752704827465,-5880.97025620662,55.0952499991989,55.0906999991989,1101943,"2026_06_04_0028","2026_06_04_0028_ev00588_rec0","no",451671
589,0,55.1665999991989,-431.229398157373,-484.500569734565,-53.2711715771919,5.45000000000329,18.3999999999997,16.6499999999985,794983.832921022,-795482.303145881,278335.148604886,-941.136330536259,55.1664499991989,55.1609499991989,1103332,"2026_06_04_0028","2026_06_04_0028_ev00589_rec0","no",451672
590,0,55.2115999991989,-412.826770178297,-422.012588145822,-9.185817967525,0.149999999997874,0.500000000002387,0,-411.400062051862,-1.76792391330152,3.68722596140404,29.0098233039451,55.2111499991989,55.2105999991989,1104232,"2026_06_04_0028","2026_06_04_0028_ev00590_rec0","no",451673
591,0,55.2885999991989,-438.614628378672,-461.512039335669,-22.897410956997,0.799999999998136,0.599999999998602,0.900000000001455,-303.772582075486,-145.179294072076,68.1125211041703,490.555110115346,55.2874999991989,55.2865999991989,1105772,"2026_06_04_0028","2026_06_04_0028_ev00591_rec0","no",451674
592,0,55.3236999991989,-395.456563622044,-401.55038639957,-6.09382277752553,0.749999999996476,17.4999999999983,7.44999999999862,-16844.7781932691,16447.6677457132,204049.691537777,-90.7665794867172,55.3232499991989,55.3224999991989,1106474,"2026_06_04_0028","2026_06_04_0028_ev00592_rec0","no",451675
593,0,55.3783499991989,-404.747968512734,-423.197926925943,-18.4499584132088,0.650000000000261,3.40000000000629,2.84999999999513,-406.90004930956,-17.4587484502911,2.17178701391778,-122.431077017304,55.3776999991989,55.3766999991989,1107567,"2026_06_04_0028","2026_06_04_0028_ev00593_rec0","no",451676
594,0,55.4209999991989,-409.734200112933,-438.609467590346,-28.8752674774121,1.80000000000291,10.3000000000009,11.0000000000028,-376.754646497421,-65.6361310379623,27.0440276482303,-247.583473506577,55.4206999991989,55.4186999991989,1108420,"2026_06_04_0028","2026_06_04_0028_ev00594_rec0","no",451677
595,0,55.4876499991989,-406.602640430407,-413.016793603214,-6.41415317280712,0.650000000000261,0.950000000003115,1.24999999999886,-400.394571782711,-11.2493873220788,4.65127349139891,132.017880183452,55.4876499991989,55.4866999991989,1109753,"2026_06_04_0028","2026_06_04_0028_ev00595_rec0","no",451678
596,0,55.7517499991989,-390.170917970127,-396.227591374834,-6.05667340470683,0.199999999999534,30.2000000000007,30.0000000000011,-396.421493177506,-3.94643413136441,3.40769508769832,-202.872665603229,55.7517499991989,55.7515499991989,1115035,"2026_06_04_0028","2026_06_04_0028_ev00596_rec0","no",451679
597,0,55.8568999991989,-392.841548049999,-395.517154011692,-2.67560596169318,0.250000000001194,0.0500000000016598,0,-386.778284925853,-6.42583284443488,7.3875489263972,134.784114995972,55.8568999991989,55.8566499991989,1117138,"2026_06_04_0028","2026_06_04_0028_ev00597_rec0","no",451680
598,0,55.9186999991989,-390.531069284421,-397.710954743901,-7.17988545948054,2.60000000000105,31.6499999999991,30.0000000000011,-394.720974289283,-1.74065267601829,3.44742722803891,-157.687310983,55.9183999991989,55.9154999991989,1118374,"2026_06_04_0028","2026_06_04_0028_ev00598_rec0","no",451681
599,0,55.9471999991989,-392.816841750609,-408.36521322857,-15.5483714779604,0.0499999999945544,2.60000000000105,2.65000000000271,-394.126619239053,-12.3910911724865,2.57789612916324,-83.6518194096592,55.9462499991989,55.9460999991989,1118944,"2026_06_04_0028","2026_06_04_0028_ev00599_rec0","no",451682
600,0,56.0297999991989,-394.656130304642,-396.73405846023,-2.07792815558776,0.749999999996476,2.24999999999653,0.799999999998136,-390.150644541153,-6.63184085022759,3.4559428091233,108.145317526924,56.0297999991989,56.0280999991989,1120596,"2026_06_04_0028","2026_06_04_0028_ev00600_rec0","no",451683
601,0,56.1201999991989,-407.055827960856,-415.797400908632,-8.74157294777677,0.250000000001194,2.54999999999939,2.6499999999956,-391.146438407486,-27.6473631418049,7.19790052779568,273.551603816704,56.1194999991989,56.1190499991989,1122404,"2026_06_04_0028","2026_06_04_0028_ev00601_rec0","no",451684
602,0,56.1843999991989,-384.561348291527,-391.719870097545,-7.1585218060182,0.399999999999068,0.10000000000332,0,-21095.0320970231,20706.1298376391,248272.016529142,-171.676670207004,56.1842999991989,56.1838999991989,1123688,"2026_06_04_0028","2026_06_04_0028_ev00602_rec0","no",451685
603,0,56.2206999991989,-386.018265907162,-391.690434807713,-5.67216890055164,0.900000000001455,0.499999999995282,0,-16916.067136297,16526.4197916569,238536.91109466,-152.277545937462,56.2203999991989,56.2194999991989,1124414,"2026_06_04_0028","2026_06_04_0028_ev00603_rec0","no",451686
604,0,56.2703499991989,-397.813247057037,-459.00940948929,-61.1961624322529,4.59999999999638,8.54999999999961,7.15000000000288,-390.703444315989,-67.9908859096454,8.64388728096549,-560.104343187161,56.2702999991989,56.2653499991989,1125407,"2026_06_04_0028","2026_06_04_0028_ev00604_rec0","no",451687
605,0,56.3395999991989,-392.810620100686,-395.532748214254,-2.72212811356871,0.0999999999962142,1.30000000000052,1.39999999999674,-387.760582385183,-8.12857693068579,4.77132759449317,111.903723948474,56.3394499991989,56.3393499991989,1126792,"2026_06_04_0028","2026_06_04_0028_ev00605_rec0","no",451688
606,0,56.4078499991989,-388.406231499585,-418.178610557214,-29.7723790576292,0.999999999997669,11.0499999999973,7.50000000000028,-652120.166688683,651737.2424183,297037.599869047,-880.503162371231,56.4062999991989,56.4049999991989,1128157,"2026_06_04_0028","2026_06_04_0028_ev00606_rec0","no",451689
607,0,56.4304499991989,-392.302956042293,-505.777808611267,-113.474852568974,0.750000000003581,5.50000000000495,6.35000000000474,-388.604901622172,-124.780017080927,6.31719496505208,-765.758996131148,56.4299499991989,56.4291499991989,1128609,"2026_06_04_0028","2026_06_04_0028_ev00607_rec0","no",451690
608,0,56.4610999991989,-390.836312737049,-397.818844744095,-6.98253200704698,0.500000000002387,15.2000000000001,13.3500000000026,-239885.377403663,239503.128560114,286593.109648591,-123.923285611149,56.4610999991989,56.4595999991989,1129222,"2026_06_04_0028","2026_06_04_0028_ev00608_rec0","no",451691
609,0,56.4841499991989,-388.632305666269,-418.575515340189,-29.9432096739198,0.699999999994816,5.94999999999857,4.6999999999997,-391.091281447873,-40.9642393494438,3.00773191312197,-284.030301672277,56.4821999991989,56.4808499991989,1129683,"2026_06_04_0028","2026_06_04_0028_ev00609_rec0","no",451692
610,0,56.5336499991989,-388.60508876287,-413.827587728733,-25.2224989658628,0.450000000000728,4.54999999999472,5.94999999999857,-385.691736880311,-23.8860166911221,8.87184338464047,-139.616665559327,56.5330499991989,56.5319999991989,1130673,"2026_06_04_0028","2026_06_04_0028_ev00610_rec0","no",451693
611,0,56.6160999991989,-386.494983611614,-392.756227478231,-6.26124386661718,0.950000000003115,20.150000000001,30.0000000000011,-388.488227814186,-8.53838885018205,9.95024727274601,-150.710140362276,56.6160999991989,56.6151499991989,1132322,"2026_06_04_0028","2026_06_04_0028_ev00611_rec0","no",451694
612,0,56.6497499991989,-391.1140439543,-414.504733078271,-23.3906891239701,0.900000000001455,12.0000000000005,14.0499999999975,-393.572162547122,-26.6402266676038,9.62123886376903,-373.843936080975,56.6481499991989,56.6467999991989,1132995,"2026_06_04_0028","2026_06_04_0028_ev00612_rec0","no",451695
613,0,56.7792499991989,-398.101396214199,-443.224435608996,-45.1230393947968,2.15000000000032,5.45000000000329,4.89999999999924,-399.095513421529,-45.3734838339601,4.63337520376302,-331.739225211639,56.7784499991989,56.7762499991989,1135585,"2026_06_04_0028","2026_06_04_0028_ev00613_rec0","no",451696
614,0,56.8458499991989,-394.083649855453,-402.639330117907,-8.55568026245328,1.24999999999886,7.44999999999862,5.50000000000495,-182806.830991937,182414.01300945,225692.484618579,-341.652936390805,56.8455499991989,56.8442999991989,1136917,"2026_06_04_0028","2026_06_04_0028_ev00614_rec0","no",451697
615,0,56.8717499991989,-400.44881281666,-446.57946160293,-46.1306487862699,1.30000000000052,4.20000000000442,4.1000000000011,-395.950053022009,-45.4139952581852,5.47675234672606,-161.660271012906,56.8712499991989,56.8696999991989,1137435,"2026_06_04_0028","2026_06_04_0028_ev00615_rec0","no",451698
616,0,57.0352999991989,-415.276775764512,-432.913250389548,-17.6364746250366,1.50000000000006,3.39999999999918,0,-397.860932103764,-21.4293666629078,21.4429389195331,157.285683815392,57.0350999991989,57.0285499991989,1140706,"2026_06_04_0028","2026_06_04_0028_ev00616_rec0","no",451699
617,0,57.1059999991989,-395.071871245065,-401.676542757231,-6.60467151216653,0.200000000006639,8.1999999999951,11.099999999999,-394.968362519087,-7.45417392785351,10.3172575318014,-72.8214959827386,57.1058999991989,57.1056999991989,1142120,"2026_06_04_0028","2026_06_04_0028_ev00617_rec0","no",451700
618,0,57.2065499991989,-404.481633179787,-423.833123288363,-19.3514901085767,3.14999999999799,10.3000000000009,8.60000000000127,-402.868791045875,-29.2271919509436,7.16614579194469,-371.274396900476,57.1973999991989,57.1941999991989,1144131,"2026_06_04_0028","2026_06_04_0028_ev00618_rec0","no",451701
619,0,57.3024499991989,-402.763212903988,-415.014850667449,-12.2516377634606,0.0499999999945544,1.75000000000125,2.25000000000364,-391.683357263219,-22.6802534171162,5.99494262476848,193.967994283861,57.3021999991989,57.3018999991989,1146049,"2026_06_04_0028","2026_06_04_0028_ev00619_rec0","no",451702
620,0,57.3814499991989,-394.5667227353,-401.860207689182,-7.29348495388189,0.299999999995748,5.5499999999995,6.70000000000215,-394.786853422019,-16.5931158891735,3.51359726433566,-69.8949753748705,57.3814499991989,57.3811499991989,1147629,"2026_06_04_0028","2026_06_04_0028_ev00620_rec0","no",451703
621,0,57.4674499991989,-396.512850200743,-419.856998821533,-23.3441486207898,0.799999999998136,6.65000000000049,6.75000000000381,-390.838003178006,-29.3502156410626,9.4124126155549,-123.047068789377,57.4663999991989,57.4654499991989,1149349,"2026_06_04_0028","2026_06_04_0028_ev00621_rec0","no",451704
622,0,57.5498999991989,-391.833499594188,-427.722210056695,-35.8887104625078,0.999999999997669,5.65000000000282,6.34999999999764,-388.752881827149,-36.7424970157894,7.82913030734983,-238.508782124526,57.5492499991989,57.5478999991989,1150998,"2026_06_04_0028","2026_06_04_0028_ev00622_rec0","no",451705
623,0,57.7479499991989,-402.671814738738,-415.042745098778,-12.3709303600401,0.750000000003581,1.10000000000099,0,-395.176189476027,-9.76670223013686,4.43153493067521,177.562861480731,57.7479499991989,57.7466999991989,1154959,"2026_06_04_0028","2026_06_04_0028_ev00623_rec0","no",451706
624,0,57.8524999991989,-390.249174798148,-429.637040458332,-39.3878656601842,1.1999999999972,5.15000000000043,5.45000000000329,-390.861074146912,-38.6080548945924,5.36622196116781,-266.387990674709,57.8520999991989,57.8508999991989,1157050,"2026_06_04_0028","2026_06_04_0028_ev00624_rec0","no",451707
625,0,57.8846999991989,-396.502404068627,-409.371248052948,-12.8688439843215,0.650000000000261,0.549999999996942,0.399999999999068,-393.077737815042,-9.23970736714668,3.43797536770779,66.9283256797818,57.8845499991989,57.8837999991989,1157694,"2026_06_04_0028","2026_06_04_0028_ev00625_rec0","no",451708
626,0,57.9232499991989,-389.427882719733,-406.470140337942,-17.042257618209,1.75000000000125,8.90000000000413,9.39999999999941,-389.440976495853,-21.2329157349034,7.73871418883877,-197.247456558803,57.9229999991989,57.9209999991989,1158465,"2026_06_04_0028","2026_06_04_0028_ev00626_rec0","no",451709
627,0,58.0747999991989,-395.999187441352,-403.477599543909,-7.47841210255683,0.10000000000332,0.250000000001194,0.149999999997874,-390.301113719763,-9.69241855575192,1.07756472866396,160.140437459388,58.0747999991989,58.0745999991989,1161496,"2026_06_04_0028","2026_06_04_0028_ev00627_rec0","no",451710
628,0,58.5863999991989,-396.983235719047,-402.844697636815,-5.86146191776811,0.0500000000016598,0.150000000004979,0,-391.409912033926,-7.47855236438181,4.62627786570768,132.271757361521,58.5863999991989,58.5860499991989,1171728,"2026_06_04_0028","2026_06_04_0028_ev00628_rec0","no",451711
629,0,58.6463499991989,-395.638920461138,-410.163799145668,-14.5248786845299,0.350000000004513,0.450000000000728,0.749999999996476,-391.491433385101,-12.7652362894136,2.52906656713771,89.5243026449277,58.6463499991989,58.6459999991989,1172927,"2026_06_04_0028","2026_06_04_0028_ev00629_rec0","no",451712
630,0,58.6893499991989,-395.697722387156,-416.851580937177,-21.153858550021,1.00000000000477,0.10000000000332,0,-395.05270772859,-8.12551823761801,7.48568773809079,-46.7888898919004,58.6893499991989,58.6883499991989,1173787,"2026_06_04_0028","2026_06_04_0028_ev00630_rec0","no",451713
631,0,59.0126999991989,-398.379651866537,-402.8622183884,-4.4825665218633,0.250000000001194,4.45000000000562,5.09999999999877,-389.590751333363,-14.0558476333362,17.1771483018683,62.1404898838583,59.0126499991989,59.0122999991989,1180254,"2026_06_04_0028","2026_06_04_0028_ev00631_rec0","no",451714
632,0,59.1722499991989,-392.341995975323,-407.379123852367,-15.0371278770434,1.09999999999388,8.49999999999795,7.89999999999935,-395.134150877916,-17.0784192471641,4.34191520859054,-203.446162740913,59.1705499991989,59.1690999991989,1183445,"2026_06_04_0028","2026_06_04_0028_ev00632_rec0","no",451715
633,0,59.2497499991989,-400.092098648902,-402.121906393224,-2.02980774432206,0.150000000004979,0.0999999999962142,0,-389.163007354199,-10.5674321191189,6.13774823110313,263.577506672879,59.2496999991989,59.2495499991989,1184995,"2026_06_04_0028","2026_06_04_0028_ev00633_rec0","no",451716
634,0,59.2804999991989,-397.436534128005,-407.529121968703,-10.0925878406973,0.900000000001455,19.3000000000012,16.1000000000016,-133968.617939521,133574.642655073,298637.898171188,-104.49233630438,59.2804499991989,59.2795499991989,1185610,"2026_06_04_0028","2026_06_04_0028_ev00634_rec0","no",451717
635,0,59.3027999991989,-392.480226288811,-416.08197043118,-23.6017441423687,2.54999999999939,8.24999999999676,6.59999999999883,-392.698526468103,-29.7229921360687,5.29128671254279,-232.319740055047,59.3021999991989,59.2994499991989,1186056,"2026_06_04_0028","2026_06_04_0028_ev00635_rec0","no",451718
636,0,59.5123999991989,-395.064363533638,-402.03190829163,-6.96754475799253,0.199999999999534,2.85000000000224,3.10000000000343,-395.149034291321,-10.4591852344816,2.1772543758994,-33.5853337066849,59.5117999991989,59.5115999991989,1190248,"2026_06_04_0028","2026_06_04_0028_ev00636_rec0","no",451719
637,0,59.5728999991989,-389.222340446207,-394.83579251745,-5.61345207124231,0.550000000004047,9.050000000002,12.0999999999967,-389.786750613327,-6.81800060348799,8.03313788842469,-75.3089936672737,59.5728999991989,59.5723499991989,1191458,"2026_06_04_0028","2026_06_04_0028_ev00637_rec0","no",451720
638,0,59.6424999991989,-388.185679601097,-398.06325176974,-9.87757216864276,0.350000000004513,5.45000000000329,6.29999999999598,-385.404637556702,-12.9748045292885,9.00610238601305,-41.5065526751905,59.6415999991989,59.6412499991989,1192850,"2026_06_04_0028","2026_06_04_0028_ev00638_rec0","no",451721
639,0,59.7064999991989,-377.768135638523,-387.214219014182,-9.44608337565887,1.84999999999746,37.0999999999952,30.0000000000011,-391.933579318106,-8.05961718384198,4.48726186844742,-712.637083540689,59.6930499991989,59.6911999991989,1194130,"2026_06_04_0028","2026_06_04_0028_ev00639_rec0","no",451722
640,0,59.8555499991989,-384.89856983574,-394.608951355656,-9.71038151991536,0.199999999999534,30.3499999999985,30.0000000000011,-390.788932235495,-9.24034646193055,2.05444079510748,-206.305546560796,59.8549999991989,59.8547999991989,1197111,"2026_06_04_0028","2026_06_04_0028_ev00640_rec0","no",451723
