"Event.Number","Record","Event.Time..s.","Baseline..pA.","Peak..pA.","Amplitude..pA.","Rise.Time..ms.","Half.Width..ms.","Decay.Time..ms.","Decay.Fit.b0","Decay.Fit.b1","Decay.Fit.Tau..ms.","AUC..pA.ms.","rise_max_time","baseline_time","event_index","file_prefix","event_id","noise","event_entry_number"
1,0,0.0285,-136.062477254726,-165.881664648508,-29.8191873937821,3,6.9,7.25,-140.335110642399,-22.017859235355,6.14510311092095,-327.36349389306,0.02835,0.0252,570,"2026_01_14_0036","2026_01_14_0036_ev00001_rec0","no",276824
2,0,0.24745,-135.927797279401,-149.889453100928,-13.9616558215269,3.14999999999999,10.6,8.49999999999998,-134.049303611757,-16.0944765424545,10.2710880525962,-161.15131255601,0.2447,0.24155,4949,"2026_01_14_0036","2026_01_14_0036_ev00002_rec0","no",276825
3,0,0.39425,-140.955379255748,-145.465729392139,-4.51035013639077,0.100000000000044,30.05,30,-22851.2484987812,22714.909496375,145969.765631939,68.1837138726061,0.39425,0.39395,7885,"2026_01_14_0036","2026_01_14_0036_ev00003_rec0","no",276826
4,0,0.41315,-141.853197832709,-148.038148058622,-6.18495022591298,0.300000000000022,30.25,30,-50627.2579923576,50487.5850094666,425880.528807805,10.7831655424879,0.4131,0.41275,8263,"2026_01_14_0036","2026_01_14_0036_ev00004_rec0","no",276827
5,0,0.43805,-141.048871137175,-148.156221088945,-7.10734995176966,2.5,4.09999999999999,2.60000000000005,-138.316961721519,-9.55080458742337,4.46119000576515,22.7867494478539,0.43755,0.43485,8761,"2026_01_14_0036","2026_01_14_0036_ev00005_rec0","no",276828
6,0,0.4691,-138.998473685194,-147.130048402461,-8.13157471726788,0.250000000000028,0.0499999999999945,0,-135.736659143753,-5.63945984518356,4.51524107729779,71.6765165031543,0.4691,0.46885,9382,"2026_01_14_0036","2026_01_14_0036_ev00006_rec0","no",276829
7,0,0.52715,-135.35906947519,-150.737501185672,-15.378431710482,0.900000000000012,10.6499999999999,29.9999999999999,-141.908373598163,-12.2763944545599,3.81370075955625,-263.847044141998,0.5263,0.52535,10543,"2026_01_14_0036","2026_01_14_0036_ev00007_rec0","no",276830
8,0,0.5646,-143.000203500221,-163.365130544089,-20.3649270438689,1.54999999999994,9.00000000000001,7.54999999999995,-138.922130300252,-25.7829774319361,9.44538268156372,-169.389153054619,0.56215,0.5605,11292,"2026_01_14_0036","2026_01_14_0036_ev00008_rec0","no",276831
9,0,0.59635,-138.583744397137,-151.930521951395,-13.3467775542578,3,8.69999999999993,9.14999999999999,-140.811017911801,-12.4660102244997,5.98864024352931,-177.891174542367,0.5959,0.59285,11927,"2026_01_14_0036","2026_01_14_0036_ev00009_rec0","no",276832
10,0,0.62525,-140.814517980699,-146.298585892575,-5.48406791187631,0.199999999999978,2.59999999999994,3.14999999999999,-136.254652611387,-8.30451293173565,13.6764191220647,31.9079963447288,0.62435,0.62415,12505,"2026_01_14_0036","2026_01_14_0036_ev00010_rec0","no",276833
11,0,0.71455,-147.46468551574,-177.964930439886,-30.5002449241462,0.900000000000012,6.30000000000008,5.70000000000004,-137.965941996677,-44.2658592738896,7.52086641417824,-101.50122133263,0.7131,0.71205,14291,"2026_01_14_0036","2026_01_14_0036_ev00011_rec0","no",276834
12,0,0.79615,-136.275120181149,-141.917923399459,-5.64280321831012,1.50000000000006,15.35,30,-138.509928491062,-6.95333217498467,4.88080088229425,-132.652084556014,0.7926,0.7911,15923,"2026_01_14_0036","2026_01_14_0036_ev00012_rec0","no",276835
13,0,0.8243,-139.089887542614,-144.056315040714,-4.96642749809985,0.349999999999961,1.19999999999998,1.55000000000005,-135.447116671469,-7.44664517045225,5.10753248033175,69.6345518073685,0.82415,0.8238,16486,"2026_01_14_0036","2026_01_14_0036_ev00013_rec0","no",276836
14,0,0.84295,-133.868447673033,-136.799544893113,-2.93109722008094,0.499999999999945,5.29999999999997,5.89999999999991,-134.095704605414,-5.55511045365084,3.16725265781607,-26.7555369286613,0.84285,0.84225,16859,"2026_01_14_0036","2026_01_14_0036_ev00014_rec0","no",276837
15,0,0.87595,-134.863728710815,-145.042656750436,-10.1789280396211,0.499999999999945,4.95000000000001,8.1,-133.795291780446,-8.71960188330546,13.7008569762527,-78.4035896681752,0.8757,0.8751,17519,"2026_01_14_0036","2026_01_14_0036_ev00015_rec0","no",276838
16,0,0.91395,-136.519191857643,-159.661227096679,-23.1420352390353,0.849999999999906,4.70000000000004,6.34999999999997,-143.153290568353,-17.6222884737626,2.87678569591311,-272.283903278389,0.91345,0.91255,18279,"2026_01_14_0036","2026_01_14_0036_ev00016_rec0","no",276839
17,0,0.9361,-140.135046305066,-154.744259271543,-14.6092129664773,1.35000000000007,3.64999999999993,2.64999999999993,-138.032870240703,-12.7615706411617,5.01523679840819,-26.4261873254549,0.935,0.9334,18722,"2026_01_14_0036","2026_01_14_0036_ev00017_rec0","no",276840
18,0,0.9835,-138.180792614989,-140.187237595561,-2.00644498057196,0.0499999999998835,2.29999999999997,2.85000000000002,-136.54536458276,-3.44092287655799,7.73010010571029,22.1622836188617,0.98325,0.98315,19670,"2026_01_14_0036","2026_01_14_0036_ev00018_rec0","no",276841
19,0,1.04755,-134.159145227804,-138.769318096685,-4.61017286888054,0.400000000000178,22.1499999999999,29.8499999999999,7006.17941508135,-7144.27531347899,95546.0042344912,-86.5146137708066,1.04755,1.04715,20951,"2026_01_14_0036","2026_01_14_0036_ev00019_rec0","no",276842
20,0,1.1022,-135.892572580518,-139.150404110919,-3.25783153040089,0.199999999999978,0.099999999999989,0.099999999999989,-135.321522051209,-3.32819660669254,0.164061864985157,16.3098714794602,1.1022,1.102,22044,"2026_01_14_0036","2026_01_14_0036_ev00020_rec0","no",276843
21,0,1.22885,-138.303574635923,-155.636766083758,-17.3331914478344,1.64999999999993,6.49999999999995,2.54999999999983,-595896.485719462,595756.630060401,309990.551472627,-961.361706964754,1.2273,1.22505,24577,"2026_01_14_0036","2026_01_14_0036_ev00021_rec0","no",276844
22,0,1.2504,-154.692773932698,-203.158644715228,-48.4658707825303,2.24999999999986,11.35,11.35,-118.559592105716,-91.5911696846873,21.5200565183213,-504.84217830834,1.2496,1.247,25008,"2026_01_14_0036","2026_01_14_0036_ev00022_rec0","no",276845
23,0,1.3344,-140.804937796479,-156.903839930163,-16.0989021336842,2.55000000000005,6.35000000000008,5.65000000000015,-141.600125989949,-15.2824829504597,5.18328203586665,-142.100877856217,1.3337,1.3307,26688,"2026_01_14_0036","2026_01_14_0036_ev00023_rec0","no",276846
24,0,1.44085,-138.993844075698,-144.766662565455,-5.77281848975713,0.0500000000001055,0.0500000000001055,0,-135.355418206053,-3.73628292820209,14.9859457876088,60.2805398501076,1.44085,1.4407,28817,"2026_01_14_0036","2026_01_14_0036_ev00024_rec0","no",276847
25,0,1.49255,-143.08203950129,-146.71439988353,-3.6323603822409,0.199999999999978,1.05,0.55000000000005,-134.966011046849,-9.95785276050432,11.2062594455634,137.292235826092,1.49165,1.49115,29851,"2026_01_14_0036","2026_01_14_0036_ev00025_rec0","no",276848
26,0,1.5391,-140.386887528929,-144.676287074667,-4.28939954573823,0.450000000000061,0.150000000000095,0.299999999999967,-137.862221889243,-4.52923461859798,2.98022542320025,61.4080144000673,1.5391,1.53855,30782,"2026_01_14_0036","2026_01_14_0036_ev00026_rec0","no",276849
27,0,1.5683,-140.682373334132,-152.188793482074,-11.5064201479422,0.449999999999839,1.74999999999992,2.85000000000002,-136.340387512016,-11.7686768232427,9.08094503792019,24.757839184988,1.5683,1.5678,31366,"2026_01_14_0036","2026_01_14_0036_ev00027_rec0","no",276850
28,0,1.67985,-141.865508396941,-147.187847932437,-5.3223395354959,0.0500000000001055,0.0499999999998835,0,-133.735864215912,-7.35010560258699,8.14883406027752,185.253578800167,1.67975,1.6797,33597,"2026_01_14_0036","2026_01_14_0036_ev00028_rec0","no",276851
29,0,1.8068,-136.23185715672,-144.554432738288,-8.32257558156775,2.70000000000015,8.69999999999993,9.35000000000019,-136.098300346013,-9.58041048553917,8.53783295291597,-100.575289193848,1.80645,1.8016,36136,"2026_01_14_0036","2026_01_14_0036_ev00029_rec0","no",276852
30,0,1.8764,-141.436691551514,-145.181150714288,-3.74445916277364,1.09999999999988,0.899999999999901,0.399999999999956,-135.456514759712,-7.72002929868187,8.96672171115489,111.127237082494,1.87625,1.87515,37528,"2026_01_14_0036","2026_01_14_0036_ev00030_rec0","no",276853
31,0,1.95,-139.706110157531,-173.063132840805,-33.3570226832736,1.80000000000002,8.19999999999999,8.1,-139.161260132348,-35.1663043795044,8.06239690747316,-336.724362053282,1.94885,1.94705,39000,"2026_01_14_0036","2026_01_14_0036_ev00031_rec0","no",276854
32,0,2.1288,-136.775781322868,-138.887298098693,-2.11151677582487,0.150000000000095,30.0500000000001,29.9999999999998,-15203.0860993484,15068.3609304229,380831.315305132,43.4440303271019,2.12875,2.1286,42576,"2026_01_14_0036","2026_01_14_0036_ev00032_rec0","no",276855
33,0,2.161,-137.723359958555,-145.603222347766,-7.87986238921064,0.200000000000422,0.250000000000306,0,-135.75783818262,-3.44243034131939,4.21246904180078,43.5618603178036,2.161,2.16065,43220,"2026_01_14_0036","2026_01_14_0036_ev00033_rec0","no",276856
34,0,2.25175,-138.579321357929,-141.985297489587,-3.4059761316588,0.249999999999861,2.40000000000018,2.34999999999985,-136.80299541787,-6.10078331836505,3.38984239278861,30.7939966443342,2.2517,2.25115,45035,"2026_01_14_0036","2026_01_14_0036_ev00034_rec0","no",276857
35,0,2.27875,-134.137270465954,-143.282178060054,-9.14490759410018,1.19999999999987,5.24999999999975,6.45000000000007,-137.162165364773,-4.90285510892382,2.46907055152452,-122.506884516766,2.27655,2.27535,45575,"2026_01_14_0036","2026_01_14_0036_ev00035_rec0","no",276858
36,0,2.33775,-138.263963282877,-145.933302483242,-7.66933920036519,0.599999999999934,3.3000000000003,3.55000000000016,-136.420849438833,-9.50940828543346,5.02208652650269,0.867352764624961,2.337,2.3364,46755,"2026_01_14_0036","2026_01_14_0036_ev00036_rec0","no",276859
37,0,2.38435,-134.289087424716,-147.967434682504,-13.6783472577881,0.900000000000123,6.45000000000007,7.44999999999996,-136.422687472626,-11.9391637249405,5.2938916475723,-148.348689692241,2.38325,2.382,47687,"2026_01_14_0036","2026_01_14_0036_ev00037_rec0","no",276860
38,0,2.41275,-139.655700940796,-142.957017131126,-3.30131619033003,0.0499999999998835,0.350000000000072,0.499999999999723,-135.796083646444,-6.12428700346637,2.60298722111482,99.4764217034498,2.4125,2.41245,48255,"2026_01_14_0036","2026_01_14_0036_ev00038_rec0","no",276861
39,0,2.4967,-136.714616954965,-139.162464909371,-2.44784795440646,0.499999999999723,1.59999999999982,1.70000000000003,-135.668206455175,-3.63710506492831,2.74450452079599,20.4016022009222,2.4967,2.4962,49934,"2026_01_14_0036","2026_01_14_0036_ev00039_rec0","no",276862
40,0,2.5561,-134.16289896179,-165.532026645461,-31.369127683671,0.950000000000006,9.60000000000028,12.8499999999998,-141.667082217928,-27.2132096225596,6.77915860875731,-457.428955737741,2.55495,2.55385,51122,"2026_01_14_0036","2026_01_14_0036_ev00040_rec0","no",276863
41,0,2.687,-138.698247091409,-160.262625823625,-21.5643787322154,0.900000000000123,7.09999999999988,8.75000000000004,-136.046262913553,-25.136544769344,10.1525793543037,-178.072334131231,2.68675,2.68585,53740,"2026_01_14_0036","2026_01_14_0036_ev00041_rec0","no",276864
42,0,2.74315,-137.065782351554,-158.12976149225,-21.0639791406962,1.60000000000027,11.8499999999999,14.6999999999999,-142.300529479977,-16.8760724288407,7.79809034340297,-339.506921101355,2.74145,2.7398,54863,"2026_01_14_0036","2026_01_14_0036_ev00042_rec0","no",276865
43,0,2.84895,-138.051535189746,-150.245035984789,-12.1935007950425,0.4000000000004,8.1500000000001,9.50000000000006,-134.595681148321,-17.0512427821754,12.4588726487366,-103.506446054077,2.84815,2.84765,56979,"2026_01_14_0036","2026_01_14_0036_ev00043_rec0","no",276866
44,0,2.90505,-138.898664240386,-142.517222611036,-3.61855837064988,0.150000000000095,27.9500000000001,25.1999999999999,-142335.699890723,142199.877078585,812179.061974807,12.9617060076783,2.905,2.90485,58101,"2026_01_14_0036","2026_01_14_0036_ev00044_rec0","no",276867
45,0,2.9327,-136.978456683928,-153.17904830718,-16.2005916232524,0.699999999999701,4.04999999999989,6.05000000000011,-139.601328163542,-10.7555769842467,5.22699533868089,-144.965292703051,2.93235,2.93145,58654,"2026_01_14_0036","2026_01_14_0036_ev00045_rec0","no",276868
46,0,2.95015,-140.790271308522,-145.743737098932,-4.95346579041018,0.150000000000095,0.100000000000211,0.0499999999998835,-137.876540742779,-4.76445388247713,6.7380605192827,55.1519502443694,2.9501,2.94995,59003,"2026_01_14_0036","2026_01_14_0036_ev00046_rec0","no",276869
47,0,3.03135,-131.832108346332,-137.7559913962,-5.92388304986781,0.249999999999861,30.5499999999999,29.9999999999998,-136.097114549241,-3.05547571128683,5.81116339082566,-154.736897461254,3.03025,3.03,60627,"2026_01_14_0036","2026_01_14_0036_ev00047_rec0","no",276870
48,0,3.18255,-141.507432766219,-147.890057153537,-6.38262438731792,0.199999999999978,1.95000000000034,2.45000000000006,-133.353638412964,-12.9427107490244,11.8977717480521,100.33872048264,3.1824,3.18175,63651,"2026_01_14_0036","2026_01_14_0036_ev00048_rec0","no",276871
49,0,3.2887,-138.528525323517,-147.223432991867,-8.6949076683498,0.249999999999861,10.1,13.1000000000001,-134.123951009832,-10.302811965779,43.470115393802,-111.57653722133,3.28775,3.28435,65774,"2026_01_14_0036","2026_01_14_0036_ev00049_rec0","no",276872
50,0,3.3131,-138.844388701247,-142.533715436735,-3.68932673548798,0.249999999999861,0.750000000000028,1.70000000000003,-135.282252443557,-5.63774127631677,12.6798518257794,41.0015592735113,3.31305,3.3128,66262,"2026_01_14_0036","2026_01_14_0036_ev00050_rec0","no",276873
51,0,3.40055,-138.994874726683,-150.11061677535,-11.1157420486666,2.05000000000011,4.75000000000003,3.24999999999998,-141.370111205009,-6.76190881737771,2.38820011437422,-119.158650468782,3.3985,3.39645,68011,"2026_01_14_0036","2026_01_14_0036_ev00051_rec0","no",276874
52,0,3.41865,-139.15372738123,-146.913470552633,-7.75974317140322,2.69999999999992,3.90000000000024,4,-137.862644973686,-9.59843877169305,4.78940723543666,-23.1897359661513,3.4186,3.415,68373,"2026_01_14_0036","2026_01_14_0036_ev00052_rec0","no",276875
53,0,3.45655,-142.023935101158,-151.304397372712,-9.2804622715538,1.9499999999999,5.64999999999971,4.45000000000029,-138.30317758324,-11.6388134567375,9.16107712906122,-1.49463251134821,3.45645,3.4532,69131,"2026_01_14_0036","2026_01_14_0036_ev00053_rec0","no",276876
54,0,3.556,-139.02364795168,-144.600230864002,-5.57658291232224,0.350000000000072,4.59999999999994,4.70000000000015,-138.508390418068,-6.32147110957565,5.24159418244885,-24.1129125773709,3.5554,3.55475,71120,"2026_01_14_0036","2026_01_14_0036_ev00054_rec0","no",276877
55,0,3.6039,-138.229652613285,-151.266703327623,-13.0370507143377,0.599999999999934,4.35000000000008,6.85000000000002,-141.156240458448,-8.32448479213355,4.64226081190926,-137.407167052029,3.6034,3.6025,72078,"2026_01_14_0036","2026_01_14_0036_ev00055_rec0","no",276878
56,0,3.6677,-144.389856744332,-242.359170149453,-97.9693134051207,2.55000000000027,15.9499999999997,17.6500000000002,-32.1000399921179,-214.588829472106,47.9295144097613,-1637.43627939006,3.66665,3.6637,73354,"2026_01_14_0036","2026_01_14_0036_ev00056_rec0","no",276879
57,0,3.7208,-144.426616316759,-156.039902609125,-11.6132862923668,0.449999999999839,5.54999999999994,0,-79960.1717172171,79810.745084355,461306.228999943,-239.405846666888,3.72025,3.7197,74416,"2026_01_14_0036","2026_01_14_0036_ev00057_rec0","no",276880
58,0,3.7488,-149.355915458447,-162.263776046897,-12.9078605884508,0.650000000000261,6.49999999999995,8.19999999999999,-153.418968862996,-17.199486396992,2.58305073350442,-185.109629036153,3.74795,3.74715,74976,"2026_01_14_0036","2026_01_14_0036_ev00058_rec0","no",276881
59,0,3.76705,-146.396087397654,-162.657769572516,-16.2616821748622,2.69999999999992,6.40000000000018,4.95000000000001,-150.334497462066,-16.3015454840675,2.40347770611446,-217.745134727681,3.76575,3.7623,75341,"2026_01_14_0036","2026_01_14_0036_ev00059_rec0","no",276882
60,0,3.81695,-148.476498256173,-180.743626559548,-32.2671283033751,1.30000000000008,5.9499999999999,5.70000000000004,-141.688652055353,-46.8432346982589,6.22926761103094,-131.9767195937,3.8162,3.81485,76339,"2026_01_14_0036","2026_01_14_0036_ev00060_rec0","no",276883
61,0,3.8853,-140.854133513444,-164.855393903424,-24.0012603899797,1.19999999999987,13.35,5.2500000000002,-129327.833521289,129180.460046059,286237.594147316,-423.670546788558,3.88485,3.8836,77706,"2026_01_14_0036","2026_01_14_0036_ev00061_rec0","no",276884
62,0,3.9106,-156.762637148123,-171.854654251145,-15.092017103023,1.30000000000008,24.6499999999998,20.9000000000001,-664674.247983864,664526.053030677,981776.378522919,-56.1200029792682,3.9105,3.90675,78212,"2026_01_14_0036","2026_01_14_0036_ev00062_rec0","no",276885
63,0,3.9381,-144.940223517988,-192.062212003282,-47.121988485294,3.15000000000021,10.7499999999998,10.0500000000001,-151.717676735698,-47.3293556369512,6.74290682239593,-672.752753879715,3.9367,3.93315,78762,"2026_01_14_0036","2026_01_14_0036_ev00063_rec0","no",276886
64,0,3.9739,-143.844354949303,-182.599643502045,-38.7552885527414,8.00000000000001,12.9500000000005,8.04999999999989,-139.655209759451,-39.5659206918986,10.6062075146774,-510.932403490544,3.97315,3.96485,79478,"2026_01_14_0036","2026_01_14_0036_ev00064_rec0","no",276887
65,0,4.01945,-148.11514133664,-171.265394565743,-23.150253229103,8.05000000000078,9.34999999999952,4.84999999999935,-136.967802704831,-35.550558839381,8.18808473237987,-51.0711436047185,4.0194,4.0104,80389,"2026_01_14_0036","2026_01_14_0036_ev00065_rec0","no",276888
66,0,4.07705,-142.433001538405,-149.165909784825,-6.73290824641936,1.3999999999994,4.50000000000017,4.6999999999997,-142.936508827341,-7.6055706538878,3.48991793017899,-50.9595319821368,4.07655,4.0749,81541,"2026_01_14_0036","2026_01_14_0036_ev00066_rec0","no",276889
67,0,4.19475,-140.191777917594,-168.306651569748,-28.114873652154,3.64999999999949,8.75000000000004,9.34999999999952,-136.700647965258,-30.9400020525304,11.6885683579728,-284.975057882131,4.19455,4.19085,83895,"2026_01_14_0036","2026_01_14_0036_ev00067_rec0","no",276890
68,0,4.23615,-140.605559124204,-148.649744541858,-8.04418541765389,0.300000000000189,4.85000000000024,9.25000000000065,53812.1385166138,-53957.8795069998,231330.168612157,-54.2414234261052,4.23595,4.2351,84723,"2026_01_14_0036","2026_01_14_0036_ev00068_rec0","no",276891
69,0,4.2733,-140.343337125805,-142.551187998099,-2.20785087229427,0.250000000000306,30.2499999999997,29.9999999999994,-8013.25850918424,7875.31662746397,176993.194055659,51.2771824691183,4.2733,4.273,85466,"2026_01_14_0036","2026_01_14_0036_ev00069_rec0","no",276892
70,0,4.3323,-139.488038528554,-156.837928685928,-17.3498901573736,2.94999999999934,2.25000000000009,3.49999999999984,-140.88900277766,-10.6796541905269,4.63091917453029,-114.894623346513,4.33225,4.3292,86646,"2026_01_14_0036","2026_01_14_0036_ev00070_rec0","no",276893
71,0,4.4427,-139.426356484282,-175.628470132678,-36.2021136483959,4.50000000000017,10.3999999999997,9.75000000000037,-143.434657604946,-30.545403050438,8.26395119034173,-513.827924844716,4.4408,4.4361,88854,"2026_01_14_0036","2026_01_14_0036_ev00071_rec0","no",276894
72,0,4.4683,-145.341097469396,-152.013792956201,-6.67269548680483,0.0999999999997669,0.350000000000072,0.550000000000495,-142.507510917835,-5.85411329227097,5.51937355618759,52.1850651689433,4.46815,4.4679,89366,"2026_01_14_0036","2026_01_14_0036_ev00072_rec0","no",276895
73,0,4.4962,-143.280720446471,-146.725556588664,-3.44483614219331,0.0499999999998835,0.300000000000189,0.699999999999257,-140.137231991362,-4.95317727417475,5.9106981013352,64.2550562627563,4.49605,4.4959,89924,"2026_01_14_0036","2026_01_14_0036_ev00073_rec0","no",276896
74,0,4.5845,-138.273591273238,-146.195432123327,-7.92184085008918,0.499999999999723,3.45000000000084,4.55000000000005,-138.447077832759,-7.80675748816793,4.3538323072626,-42.5312666925991,4.5845,4.584,91690,"2026_01_14_0036","2026_01_14_0036_ev00074_rec0","no",276897
75,0,4.65385,-139.531904195766,-143.006046976653,-3.47414278088709,0.199999999999534,0.0999999999997669,0,-135.408796963372,-4.25452622701528,10.3621481708905,81.6416486584895,4.65385,4.65365,93077,"2026_01_14_0036","2026_01_14_0036_ev00075_rec0","no",276898
76,0,4.70955,-145.504667083036,-151.46848095918,-5.96381387614485,0.699999999999257,0.249999999999417,0.250000000000306,-138.844375011939,-9.36704053620423,4.27506391719075,158.834710976511,4.70955,4.7087,94191,"2026_01_14_0036","2026_01_14_0036_ev00076_rec0","no",276899
77,0,4.7302,-139.41912939,-142.082053681641,-2.66292429164193,0.14999999999965,0.0500000000007716,0.199999999999534,-137.390348896492,-3.12586179656397,5.76246444493341,42.4852740045537,4.73005,4.7299,94604,"2026_01_14_0036","2026_01_14_0036_ev00077_rec0","no",276900
78,0,4.8644,-137.881062552119,-150.691475420212,-12.8104128680927,1.90000000000001,6.30000000000042,6.14999999999988,-138.896074594652,-10.0360463699981,6.22507629029507,-118.383117435931,4.86315,4.8612,97288,"2026_01_14_0036","2026_01_14_0036_ev00078_rec0","no",276901
79,0,4.8972,-143.459814520517,-158.253094320637,-14.7932798001205,1.80000000000025,7.75000000000059,8.04999999999989,-135.868669832658,-23.0173648489291,14.2134847932723,-83.2694901455003,4.8966,4.894,97944,"2026_01_14_0036","2026_01_14_0036_ev00079_rec0","no",276902
80,0,4.95735,-139.70399930721,-146.161021322366,-6.45702201515596,0.0500000000007716,30.0500000000001,29.9999999999994,-27975.3175459669,27837.0128321624,507898.315237397,17.3209332502409,4.95735,4.95725,99147,"2026_01_14_0036","2026_01_14_0036_ev00080_rec0","no",276903
81,0,4.9838,-140.997757478524,-145.388326844837,-4.39056936631292,0.200000000000422,1.59999999999982,1.40000000000029,-138.233840058034,-7.10549927107726,2.88157476499254,60.4559379444409,4.9834,4.9832,99676,"2026_01_14_0036","2026_01_14_0036_ev00081_rec0","no",276904
82,0,5.01335,-138.960608778813,-143.599078691733,-4.6384699129207,0.250000000000306,0.549999999999606,0.999999999999446,-137.447783828885,-4.08611369485329,4.33897219735508,26.9644820492838,5.01335,5.01305,100267,"2026_01_14_0036","2026_01_14_0036_ev00082_rec0","no",276905
83,0,5.046,-136.542871358802,-186.675672488677,-50.1328011298755,1.99999999999978,8.99999999999945,9.24999999999976,-137.925802015893,-51.3290962150338,8.43511242501439,-591.577211518147,5.04475,5.04255,100920,"2026_01_14_0036","2026_01_14_0036_ev00083_rec0","no",276906
84,0,5.14115,-139.127585178035,-148.479985945194,-9.35240076715877,1.25000000000064,4.4000000000004,3.70000000000026,-139.65633193199,-10.2850146164391,2.96113978708282,-62.657892203114,5.14065,5.1394,102823,"2026_01_14_0036","2026_01_14_0036_ev00084_rec0","no",276907
85,0,5.15565,-138.692539155594,-141.927498806838,-3.2349596512444,0.449999999999839,4.90000000000013,5.39999999999985,-137.791475608771,-6.53931111646536,4.74951085327856,-6.285772686893,5.15565,5.1552,103113,"2026_01_14_0036","2026_01_14_0036_ev00085_rec0","no",276908
86,0,5.18275,-135.655209078257,-144.452973706632,-8.79776462837467,0.200000000000422,2.04999999999966,4.50000000000017,-138.426885174281,-3.81992838613525,2.1696707528972,-93.3118873219644,5.18265,5.18245,103655,"2026_01_14_0036","2026_01_14_0036_ev00086_rec0","no",276909
87,0,5.21585,-139.815928376579,-143.363317273858,-3.54738889727838,0.0999999999997669,0.999999999999446,1.34999999999952,-137.566386019632,-5.27697942618628,3.47175485449315,47.5524506420628,5.21555,5.21545,104317,"2026_01_14_0036","2026_01_14_0036_ev00087_rec0","no",276910
88,0,5.27455,-137.956650722043,-148.301828703616,-10.3451779815725,0.0499999999998835,4.10000000000021,4.6999999999997,-137.721123508026,-9.45699821429439,5.57170864503318,-53.5956642599091,5.2735,5.27335,105491,"2026_01_14_0036","2026_01_14_0036_ev00088_rec0","no",276911
89,0,5.3199,-140.535682965297,-144.477727738973,-3.9420447736766,0.300000000000189,19.3500000000002,16.7999999999999,-155919.239727132,155780.90355341,715026.146950128,-32.8788641685128,5.3199,5.3196,106398,"2026_01_14_0036","2026_01_14_0036_ev00089_rec0","no",276912
90,0,5.34315,-139.546678457817,-150.11969894134,-10.5730204835233,0.350000000000072,12.6999999999997,15.5500000000002,136070.98626822,-136221.231812807,311648.276906355,-131.234537842591,5.34265,5.3422,106863,"2026_01_14_0036","2026_01_14_0036_ev00090_rec0","no",276913
91,0,5.4375,-140.554037856602,-145.303113093936,-4.74907523733353,0.349999999999184,0.700000000000145,1.14999999999998,-136.633925040817,-6.79225212844529,6.36004255642513,73.760190820581,5.4375,5.4371,108750,"2026_01_14_0036","2026_01_14_0036_ev00091_rec0","no",276914
92,0,5.5256,-139.402458608818,-142.73640109597,-3.33394248715129,0.199999999999534,11.8499999999999,13.3999999999999,22150.8572381279,-22294.199473525,110378.442164648,-29.9555046903031,5.52505,5.52485,110512,"2026_01_14_0036","2026_01_14_0036_ev00092_rec0","no",276915
93,0,5.5407,-138.752968894375,-143.311374755535,-4.55840586116005,0.650000000000261,4.10000000000021,2.50000000000039,-138.512478584599,-4.98928632296643,2.64815991653243,-15.062871230883,5.53835,5.53715,110814,"2026_01_14_0036","2026_01_14_0036_ev00093_rec0","no",276916
94,0,5.56965,-137.0112483145,-149.154356663298,-12.1431083487981,1.14999999999998,3.54999999999972,3.25000000000042,-138.818085251072,-4.78269697994611,5.6752013898937,-101.884524390829,5.5678,5.5666,111393,"2026_01_14_0036","2026_01_14_0036_ev00094_rec0","no",276917
95,0,5.6187,-142.737826837584,-145.287937562757,-2.55011072517286,0.0499999999998835,0.799999999999912,0.949999999999562,-138.283253980438,-6.86181189270168,3.86257278301611,106.392089846551,5.6187,5.6182,112374,"2026_01_14_0036","2026_01_14_0036_ev00095_rec0","no",276918
96,0,5.90065,-137.154016924208,-153.429155189033,-16.2751382648252,1.09999999999921,5.60000000000027,9.24999999999976,-137.903611137076,-10.9121494565486,12.7174058429269,-157.289422306708,5.90055,5.89945,118013,"2026_01_14_0036","2026_01_14_0036_ev00096_rec0","no",276919
97,0,6.0531,-137.651113519417,-148.184636901872,-10.5335233824555,1.45000000000017,14.8999999999999,19.45,-134.267804555212,-12.5841298823377,35.5264667976136,-176.331034850149,6.05195,6.04955,121062,"2026_01_14_0036","2026_01_14_0036_ev00097_rec0","no",276920
98,0,6.18095,-139.490820621269,-149.462978317137,-9.97215769586759,2.34999999999985,29.2500000000002,21.8500000000006,-100789.803672578,100650.960938933,507058.860316626,-84.5822927815845,6.18085,6.1778,123619,"2026_01_14_0036","2026_01_14_0036_ev00098_rec0","no",276921
99,0,6.21785,-139.732638199029,-163.140851179889,-23.4082129808595,9.85000000000014,10.3,7.90000000000024,-138.924422279408,-26.2529064336471,7.76693757548338,-314.789665741362,6.21735,6.20715,124357,"2026_01_14_0036","2026_01_14_0036_ev00099_rec0","no",276922
100,0,6.332,-138.840931737002,-158.66561712789,-19.8246853908878,2.84999999999958,8.44999999999985,7.84999999999947,-140.550988262772,-16.9636355537027,7.09836593530151,-230.15268945607,6.3308,6.3276,126640,"2026_01_14_0036","2026_01_14_0036_ev00100_rec0","no",276923
101,0,6.3728,-140.953636767424,-151.997904811012,-11.0442680435886,1.34999999999952,20.1500000000001,15.6999999999998,-244763.640580932,244623.830490725,734293.768484668,-123.374267841094,6.37275,6.3713,127456,"2026_01_14_0036","2026_01_14_0036_ev00101_rec0","no",276924
102,0,6.3961,-143.107965597953,-156.667511455744,-13.5595458577907,1.70000000000048,5.05000000000067,4.74999999999959,-143.780506045887,-14.169298335231,4.03764594605708,-100.793938652318,6.39525,6.39325,127922,"2026_01_14_0036","2026_01_14_0036_ev00102_rec0","no",276925
103,0,6.4245,-141.357519300827,-159.086091676858,-17.7285723760304,1.35000000000041,4.75000000000048,5.65000000000015,-139.167453608609,-16.6119264562531,8.78328459283819,-90.5715051924529,6.42425,6.42285,128490,"2026_01_14_0036","2026_01_14_0036_ev00103_rec0","no",276926
104,0,6.48895,-143.860994571447,-181.736383911129,-37.8753893396819,2.94999999999934,8.89999999999969,9.45000000000018,-141.824306842041,-41.4536821011012,9.96556153866665,-404.497112784287,6.48815,6.4851,129779,"2026_01_14_0036","2026_01_14_0036_ev00104_rec0","no",276927
105,0,6.5399,-141.926674739725,-172.298185632319,-30.3715108925943,1.24999999999975,32.0499999999999,30.0000000000002,-158.692050333983,-20.0248400182636,2.08040339445288,-606.763076500257,6.53845,6.53705,130798,"2026_01_14_0036","2026_01_14_0036_ev00105_rec0","no",276928
106,0,6.5628,-155.15491261048,-168.214340184659,-13.0594275741787,0.799999999999912,3.00000000000011,2.55000000000027,-155.433159545464,-14.114493636832,2.23820014950164,-57.0184185936985,6.5619,6.56105,131256,"2026_01_14_0036","2026_01_14_0036_ev00106_rec0","no",276929
107,0,6.58265,-150.336037579621,-169.124638858689,-18.7886012790684,2.65000000000004,5.14999999999954,4.45000000000029,-146.936392955064,-20.5353340382754,6.49564414118596,-60.9725922857563,6.5826,6.57985,131653,"2026_01_14_0036","2026_01_14_0036_ev00107_rec0","no",276930
108,0,6.61115,-146.91466116276,-153.900960071865,-6.98629890910465,0.200000000000422,0.0999999999997669,0,-139.426063709978,-8.17069667550392,30.6208363187163,67.7821772846566,6.61115,6.61095,132223,"2026_01_14_0036","2026_01_14_0036_ev00108_rec0","no",276931
109,0,6.6271,-144.421337941846,-147.354200617636,-2.93286267579074,0.0499999999998835,0.250000000000306,0.399999999999956,-142.829909426013,-3.14190757875536,2.58292223038882,38.6979221966254,6.6267,6.62665,132542,"2026_01_14_0036","2026_01_14_0036_ev00109_rec0","no",276932
110,0,6.65965,-144.852852782576,-153.483344336337,-8.63049155376095,0.0499999999998835,0.0999999999997669,0,-141.109891233289,-5.15183192785067,3.25442518044797,94.9688530810077,6.65965,6.65945,133193,"2026_01_14_0036","2026_01_14_0036_ev00110_rec0","no",276933
111,0,6.72595,-152.130086066882,-187.087091118603,-34.9570050517213,5.70000000000004,9.44999999999929,7.75000000000059,-146.937416010199,-42.8187600217262,9.02409763860124,-340.985502388227,6.7254,6.7179,134519,"2026_01_14_0036","2026_01_14_0036_ev00111_rec0","no",276934
112,0,6.7577,-151.467049546317,-154.085675146627,-2.61862560031045,0.250000000000306,0.200000000000422,0,-139.079774419367,-12.8222565038826,26.4518825452015,140.752956408391,6.7577,6.75745,135154,"2026_01_14_0036","2026_01_14_0036_ev00112_rec0","no",276935
113,0,6.87365,-143.550953205467,-152.928287441146,-9.37733423567934,2.04999999999966,7.94999999999924,6.85000000000002,-139.821456964077,-16.6661097924128,8.16889539819559,-41.7964612057697,6.8726,6.86945,137473,"2026_01_14_0036","2026_01_14_0036_ev00113_rec0","no",276936
114,0,6.91905,-141.386181700179,-148.473170800542,-7.08698910036347,1.24999999999975,5.85000000000058,5.89999999999957,-141.033103855021,-7.40043620871431,6.47410820504671,-49.0936769939138,6.9185,6.91705,138381,"2026_01_14_0036","2026_01_14_0036_ev00114_rec0","no",276937
115,0,6.9956,-139.205854950246,-152.321274645544,-13.1154196952978,1.45000000000017,8.3000000000002,10.2000000000002,-140.99778990212,-10.1039242031401,8.55290992754601,-156.153834581146,6.995,6.9935,139912,"2026_01_14_0036","2026_01_14_0036_ev00115_rec0","no",276938
116,0,7.0339,-142.428766791217,-173.574625485951,-31.1458586947341,2.34999999999985,7.4500000000004,7.05000000000044,-141.841589840442,-30.0331448500898,7.75033997940343,-277.470503852864,7.0333,7.03085,140678,"2026_01_14_0036","2026_01_14_0036_ev00116_rec0","no",276939
117,0,7.0611,-143.347364969512,-147.951918915295,-4.60455394578292,0.399999999999956,0.250000000000306,0.350000000000072,-140.302977029366,-4.9783115704656,6.97136798092282,56.179088060733,7.0611,7.0606,141222,"2026_01_14_0036","2026_01_14_0036_ev00117_rec0","no",276940
118,0,7.0844,-135.675106724958,-139.319108866656,-3.64400214169842,0.200000000000422,31.5499999999993,29.9999999999994,-138.888703223647,-3.61510019084252,3.88372019624727,-119.0669734283,7.08295,7.08275,141688,"2026_01_14_0036","2026_01_14_0036_ev00118_rec0","no",276941
119,0,7.169,-140.311379673318,-152.397055997933,-12.0856763246144,4.35000000000052,15.8499999999995,16.5999999999995,-139.032380629819,-14.8606158589377,17.5100847921591,-225.187546454642,7.16815,7.1634,143380,"2026_01_14_0036","2026_01_14_0036_ev00119_rec0","no",276942
120,0,7.22315,-141.473818908842,-158.674931466036,-17.2011125571942,3.35000000000019,6.40000000000018,6.54999999999983,-141.115010019032,-14.5084484023865,8.54159717772366,-140.584881090176,7.2231,7.21975,144463,"2026_01_14_0036","2026_01_14_0036_ev00120_rec0","no",276943
121,0,7.31145,-144.975274654841,-157.477702447475,-12.5024277926343,0.500000000000611,7.14999999999932,4.4499999999994,-142.778061524221,-16.834642159356,4.94292693183651,-61.735888016726,7.30805,7.3073,146229,"2026_01_14_0036","2026_01_14_0036_ev00121_rec0","no",276944
122,0,7.3386,-145.938213573293,-150.206376551345,-4.26816297805226,0.250000000000306,0.200000000000422,0.300000000000189,-140.643111512459,-7.22630920470214,5.54585346220111,118.216797190081,7.3385,7.33825,146772,"2026_01_14_0036","2026_01_14_0036_ev00122_rec0","no",276945
123,0,7.40805,-138.12867474791,-142.26647315184,-4.13779840392993,0.0499999999998835,28.0500000000004,30.0000000000002,-140.106395360711,-2.94984121459213,7.98534865786707,-84.1782580194511,7.40775,7.4077,148161,"2026_01_14_0036","2026_01_14_0036_ev00123_rec0","no",276946
124,0,7.4916,-139.059179948342,-159.024735049579,-19.9655551012373,1.54999999999994,10.1000000000004,11.0999999999999,-141.761401084684,-17.3273447030557,8.47812968828447,-275.474854406974,7.4901,7.4882,149832,"2026_01_14_0036","2026_01_14_0036_ev00124_rec0","no",276947
125,0,7.54055,-144.38574632696,-151.471476722593,-7.08573039563231,0.0999999999997669,5.74999999999992,6.99999999999967,-142.073378063955,-9.5821812390099,10.5349209929714,-33.1438106972225,7.5396,7.53925,150811,"2026_01_14_0036","2026_01_14_0036_ev00125_rec0","no",276948
126,0,7.6355,-146.08953165542,-226.128690889331,-80.0391592339117,2.59999999999927,14.8000000000001,16.6499999999994,-67.5336958502129,-157.03330333898,44.6046553488786,-1235.80570355212,7.63495,7.63185,152710,"2026_01_14_0036","2026_01_14_0036_ev00126_rec0","no",276949
127,0,7.686,-160.972086162477,-169.201759630157,-8.22967346767967,0.700000000000145,0.999999999999446,0.850000000000684,-143.754499105919,-21.3713897988449,16.0308131328346,218.510447654518,7.685,7.68355,153720,"2026_01_14_0036","2026_01_14_0036_ev00127_rec0","no",276950
128,0,7.7621,-142.127551298717,-152.677043506664,-10.5494922079469,2.04999999999966,4.00000000000045,4.99999999999989,-143.634375890309,-7.27779988133049,4.52019923521884,-94.7696862074442,7.76185,7.7594,155242,"2026_01_14_0036","2026_01_14_0036_ev00128_rec0","no",276951
129,0,7.86105,-141.535360348794,-173.348996344941,-31.8136359961466,1.55000000000083,8.60000000000039,8.75000000000004,-142.80569320226,-32.7227562843427,7.69753373981832,-356.102725857333,7.8595,7.85785,157221,"2026_01_14_0036","2026_01_14_0036_ev00129_rec0","no",276952
130,0,7.89055,-144.129840400371,-148.06087469008,-3.93103428970917,0.600000000000378,2.69999999999992,2.65000000000004,-140.427255409224,-8.25497096750199,5.68018634613799,59.8244464130137,7.8901,7.8895,157811,"2026_01_14_0036","2026_01_14_0036_ev00130_rec0","no",276953
131,0,8.0124,-139.458155196628,-145.155605440906,-5.69745024427789,1.04999999999933,12.5500000000009,10.0499999999997,-388856.883990086,388721.194549683,664882.858559904,-160.902704746774,8.0117,8.01,160248,"2026_01_14_0036","2026_01_14_0036_ev00131_rec0","no",276954
132,0,8.04325,-139.325013898353,-170.061131011756,-30.7361171134027,7.90000000000113,11.7499999999993,8.85000000000069,-147.362023030301,-21.9277555712414,4.69941824788195,-502.604615528749,8.04275,8.0348,160865,"2026_01_14_0036","2026_01_14_0036_ev00132_rec0","no",276955
133,0,8.0642,-151.980318091006,-157.186082373976,-5.20576428296974,0.14999999999965,0.0499999999998835,0,-142.205954369483,-9.88791594242215,7.16176037095502,223.038641187478,8.0642,8.064,161284,"2026_01_14_0036","2026_01_14_0036_ev00133_rec0","no",276956
134,0,8.1073,-144.500689153997,-148.143226592792,-3.64253743879536,0.14999999999965,0.0999999999997669,0.20000000000131,-143.331298486229,-2.85550934143173,1.63801300607317,29.5814901087026,8.1071,8.1068,162146,"2026_01_14_0036","2026_01_14_0036_ev00134_rec0","no",276957
135,0,8.13955,-143.466227260222,-148.813483771064,-5.3472565108419,0.0499999999998835,25.6000000000007,22.8999999999999,-196753.123734717,196614.063249866,704657.039975406,6.00403298245883,8.1394,8.13925,162791,"2026_01_14_0036","2026_01_14_0036_ev00135_rec0","no",276958
136,0,8.1691,-140.243723595147,-165.8609741189,-25.6172505237536,1.50000000000006,8.39999999999996,9.30000000000142,-143.965692732781,-25.2687170376213,6.27334329829053,-318.999043230665,8.16805,8.16645,163382,"2026_01_14_0036","2026_01_14_0036_ev00136_rec0","no",276959
137,0,8.1997,-143.372364023892,-152.134295243043,-8.76193121915119,0.500000000000611,4.4000000000004,3.59999999999872,-145.989919722533,-6.74976939726168,1.5019566164376,-110.581252532838,8.19735,8.19665,163994,"2026_01_14_0036","2026_01_14_0036_ev00137_rec0","no",276960
138,0,8.2331,-142.773903030729,-165.360734492873,-22.5868314621432,4.79999999999947,9.19999999999988,8.10000000000066,-144.293257453281,-21.9280509101205,6.94089855904122,-276.018807589441,8.2329,8.228,164662,"2026_01_14_0036","2026_01_14_0036_ev00138_rec0","no",276961
139,0,8.25305,-146.197004643142,-151.732970933394,-5.53596629025142,0.150000000001427,0.0499999999998835,0,-143.611134739919,-3.3995815453536,6.44462002849409,55.3840720904787,8.25305,8.2529,165061,"2026_01_14_0036","2026_01_14_0036_ev00139_rec0","no",276962
140,0,8.31315,-144.771277916276,-147.99372879713,-3.22245088085407,0.299999999999301,0.249999999999417,0,-142.100964409739,-3.21928474690574,5.11386163391411,62.7478555050291,8.313,8.3127,166263,"2026_01_14_0036","2026_01_14_0036_ev00140_rec0","no",276963
141,0,8.35325,-140.92572320217,-153.018393112183,-12.0926699100134,2.70000000000081,5.44999999999973,4.09999999999933,-139.605861778104,-13.7904232240121,4.72122168922567,-54.5034449744386,8.3529,8.3502,167065,"2026_01_14_0036","2026_01_14_0036_ev00141_rec0","no",276964
142,0,8.4132,-144.888422089486,-151.796716728285,-6.90829463879842,1.40000000000029,30.899999999999,29.9999999999994,-24489.7006844892,24347.1930107645,472986.5310301,44.0783436086556,8.41305,8.4107,168264,"2026_01_14_0036","2026_01_14_0036_ev00142_rec0","no",276965
143,0,8.44245,-142.224926042553,-152.145957290924,-9.92103124837132,0.849999999999795,5.95000000000034,7.89999999999935,-137.31677234555,-11.9451442103028,23.9321826150416,-67.297036046759,8.44185,8.4407,168849,"2026_01_14_0036","2026_01_14_0036_ev00143_rec0","no",276966
144,0,8.5059,-149.829245807069,-210.88159500541,-61.0523491983416,5.90000000000046,8.79999999999903,6.55000000000072,-145.253033064269,-67.1562636961806,7.21611519502526,-581.007919167037,8.505,8.4984,170118,"2026_01_14_0036","2026_01_14_0036_ev00144_rec0","no",276967
145,0,8.57975,-242.935789336853,-291.149153174892,-48.2133638380393,4.50000000000017,6.19999999999976,3.30000000000119,-191.719561488128,-124.145284441186,5.59683578181304,695.659952547212,8.5788,8.5732,171595,"2026_01_14_0036","2026_01_14_0036_ev00145_rec0","no",276968
146,0,8.60285,-182.248018881497,-218.259399965228,-36.0113810837314,1.09999999999921,6.95000000000157,7.09999999999944,-69.7454778014841,-145.890177367487,48.0715174350134,63.5543852039718,8.6019,8.60075,172057,"2026_01_14_0036","2026_01_14_0036_ev00146_rec0","no",276969
147,0,8.6747,-143.671943438536,-145.799946856138,-2.12800341760126,0.450000000000728,0.199999999999534,0.0999999999997669,-137.405906459086,-7.25153049282801,3.22583991697948,163.881511924738,8.6747,8.67425,173494,"2026_01_14_0036","2026_01_14_0036_ev00147_rec0","no",276970
148,0,8.73065,-138.396423740252,-179.907005825525,-41.5105820852728,3.49999999999895,9.34999999999952,10.5500000000003,-146.614174645299,-39.7062900101139,6.13686067975748,-588.824491738326,8.7299,8.72595,174613,"2026_01_14_0036","2026_01_14_0036_ev00148_rec0","no",276971
149,0,8.75355,-147.869224200402,-151.073992826454,-3.20476862605142,0.0500000000016598,3.84999999999991,3.00000000000011,-143.468402091495,-11.250342492535,4.27883175348776,80.611357808821,8.75225,8.75165,175071,"2026_01_14_0036","2026_01_14_0036_ev00149_rec0","no",276972
150,0,8.81375,-145.639204267939,-150.579516188254,-4.94031192031474,0.249999999999417,0.14999999999965,0.14999999999965,-141.805392116396,-5.98095461695709,2.88694254443269,97.1452998463036,8.81375,8.8135,176275,"2026_01_14_0036","2026_01_14_0036_ev00150_rec0","no",276973
151,0,8.8273,-142.048232166503,-145.629151050155,-3.58091888365229,0.0999999999997669,0.199999999999534,1.54999999999994,-142.018461303158,-1.79527631473961,5.43738888432457,-9.50106261412904,8.82715,8.827,176546,"2026_01_14_0036","2026_01_14_0036_ev00151_rec0","no",276974
152,0,8.86315,-143.871790312031,-157.38603129509,-13.5142409830586,0.549999999998718,7.35000000000063,9.34999999999952,-143.686333259348,-14.8290895444197,8.90327639036949,-131.952493166544,8.8627,8.8618,177263,"2026_01_14_0036","2026_01_14_0036_ev00152_rec0","no",276975
153,0,8.9179,-148.855743083609,-165.09243728723,-16.2366942036213,2.39999999999974,5.79999999999892,4.50000000000017,-139.569065467603,-25.2805680600882,8.944046066182,22.921974110661,8.9176,8.91505,178358,"2026_01_14_0036","2026_01_14_0036_ev00153_rec0","no",276976
154,0,8.95595,-144.118350916674,-154.838005032717,-10.7196541160428,1.00000000000122,2.90000000000035,3.24999999999953,-138.921115584596,-15.557007177649,6.14250869546591,52.2931505015381,8.9559,8.9545,179119,"2026_01_14_0036","2026_01_14_0036_ev00154_rec0","no",276977
155,0,9.0129,-139.592601757389,-149.609960906376,-10.0173591489865,7.29999999999897,15.6000000000009,10.6000000000002,-136.753055834551,-12.5780706656845,16.2535634835367,-179.482964060372,9.01205,9.00395,180258,"2026_01_14_0036","2026_01_14_0036_ev00155_rec0","no",276978
156,0,9.07985,-162.973331807088,-229.192837809522,-66.2195060024338,2.70000000000081,12.4499999999994,10.7999999999997,-142.350188300864,-97.7783476649086,13.9382214387533,-849.086397088286,9.07725,9.072,181597,"2026_01_14_0036","2026_01_14_0036_ev00156_rec0","no",276979
157,0,9.1437,-148.250841829029,-165.344444278367,-17.0936024493382,0.700000000000145,30.3999999999984,29.9999999999994,-156.997272258192,-10.616593886337,4.51077910936447,-323.41693966889,9.1434,9.1426,182874,"2026_01_14_0036","2026_01_14_0036_ev00157_rec0","no",276980
158,0,9.2186,-145.676745200827,-157.997332801424,-12.3205876005973,2.59999999999927,7.20000000000098,5.95000000000034,-145.242276397189,-9.43278610133722,9.33400641719434,-111.918257502595,9.21695,9.2141,184372,"2026_01_14_0036","2026_01_14_0036_ev00158_rec0","no",276981
159,0,9.2875,-150.618137398573,-163.955074228711,-13.3369368301382,0.750000000000028,11.4999999999998,13.7999999999998,16440.7872821599,-16603.0586816764,34110.2761824073,-146.916843993967,9.28685,9.28595,185750,"2026_01_14_0036","2026_01_14_0036_ev00159_rec0","no",276982
160,0,9.3433,-148.366587946696,-153.282494668987,-4.91590672229091,0.999999999999446,4.84999999999935,3.19999999999965,-146.741056807044,-6.50978242793924,4.99868308787197,6.10024525841536,9.3428,9.34035,186866,"2026_01_14_0036","2026_01_14_0036_ev00160_rec0","no",276983
161,0,9.39145,-143.565494623636,-168.075407007659,-24.5099123840225,1.29999999999875,6.25000000000142,7.60000000000005,-146.874878967838,-15.3834752084928,7.72784920250141,-256.217103792542,9.39015,9.38875,187829,"2026_01_14_0036","2026_01_14_0036_ev00161_rec0","no",276984
162,0,9.41455,-147.560348340536,-150.05042641954,-2.49007807900401,0.349999999999184,30.2500000000006,30.0000000000011,-11117.1963054565,10971.3253730329,368036.477953373,36.7661265728847,9.41455,9.4142,188291,"2026_01_14_0036","2026_01_14_0036_ev00162_rec0","no",276985
163,0,9.45865,-148.136016795969,-154.659422851516,-6.52340605554679,2.39999999999974,8.14999999999877,6.55000000000072,-143.266617574295,-14.5204641045817,9.47740385751504,-9.01873704019852,9.45755,9.45485,189173,"2026_01_14_0036","2026_01_14_0036_ev00163_rec0","no",276986
164,0,9.5625,-143.503636060512,-166.536631554737,-23.0329954942255,1.05000000000111,6.15000000000165,6.85000000000002,-144.56786494043,-20.8137645877011,6.67164248030184,-201.347392367455,9.56185,9.5607,191250,"2026_01_14_0036","2026_01_14_0036_ev00164_rec0","no",276987
165,0,9.60635,-147.660931684352,-152.466806352744,-4.8058746683927,0.700000000000145,1.05000000000111,1.20000000000076,-145.179646669324,-5.24370564780967,5.77962900577536,42.5409414686425,9.60635,9.60565,192127,"2026_01_14_0036","2026_01_14_0036_ev00165_rec0","no",276988
166,0,9.65495,-147.52758025079,-182.844951876221,-35.3173716254308,6.60000000000061,12.9000000000001,11.4999999999998,-153.082609023605,-29.6638422216593,8.38591941887764,-561.073008664838,9.65415,9.6474,193099,"2026_01_14_0036","2026_01_14_0036_ev00166_rec0","no",276989
167,0,9.6884,-154.516701421535,-171.727346503018,-17.2106450814831,0.900000000001455,6.05000000000011,6.44999999999918,-147.011487619469,-23.7680376301052,11.956566830354,-60.9705632444304,9.6875,9.68635,193768,"2026_01_14_0036","2026_01_14_0036_ev00167_rec0","no",276990
168,0,9.7415,-145.311297856681,-150.977950350998,-5.66665249431665,0.250000000001194,23.299999999999,26.8000000000015,-91.4464211703815,-61.1878479207431,300.163230405687,-137.331878469227,9.74095,9.7407,194830,"2026_01_14_0036","2026_01_14_0036_ev00168_rec0","no",276991
169,0,9.8192,-145.838993221115,-154.350157618303,-8.51116439718797,2.50000000000128,32.3000000000011,30.0000000000011,-151.373775036267,-3.34204802214731,4.62836544462225,-203.346240777642,9.818,9.81525,196384,"2026_01_14_0036","2026_01_14_0036_ev00169_rec0","no",276992
170,0,9.8436,-152.105028252564,-159.902109573163,-7.79708132059861,0.150000000001427,0.600000000000378,1.9000000000009,-137.406389310933,-19.0292023334669,24.1024327045821,108.985543134713,9.8431,9.8425,196872,"2026_01_14_0036","2026_01_14_0036_ev00170_rec0","no",276993
171,0,9.95945,-146.765437182965,-180.556074272078,-33.7906370891123,17.1499999999991,12.1500000000001,9.3500000000013,-151.312973450292,-26.2336475233808,7.83896201509128,-648.636378392576,9.95855,9.94135,199189,"2026_01_14_0036","2026_01_14_0036_ev00171_rec0","no",276994
172,0,9.99125,-151.12246005978,-156.826555195162,-5.70409513538215,0.450000000000728,7.7499999999997,8.15000000000055,-142.957307896703,-15.970003758965,18.4734168445042,1.18609468940069,9.99045,9.99,199825,"2026_01_14_0036","2026_01_14_0036_ev00172_rec0","no",276995
173,0,10.0436,-143.781389508929,-157.470703125,-13.6893136160714,0.750000000000028,6.24999999999964,11.7499999999993,-127.870736149247,-24.4227542928066,77.1438735487672,-143.791198730468,10.0429,10.04155,200872,"2026_01_14_0036","2026_01_14_0036_ev00173_rec0","no",276996
174,0,10.12725,-143.73779296875,-148.62060546875,-4.8828125,0.0499999999998835,0.949999999999562,0,-55241.5267121654,55095.4276820655,290161.623261005,-160.263061523438,10.12665,10.1266,202545,"2026_01_14_0036","2026_01_14_0036_ev00174_rec0","no",276997
175,0,10.14735,-150.378999255952,-160.21728515625,-9.83828590029762,0.249999999999417,0.600000000000378,1.50000000000006,-144.874920037379,-10.3646727331472,12.0790028521346,45.3298659551711,10.1468,10.1464,202947,"2026_01_14_0036","2026_01_14_0036_ev00175_rec0","no",276998
176,0,10.2005,-148.765927269345,-177.001937866211,-28.2360105968657,1.6000000000016,9.70000000000049,11.1999999999988,-152.172982756327,-30.3146238042437,7.67355009674067,-373.851408695039,10.19975,10.19795,204010,"2026_01_14_0036","2026_01_14_0036_ev00176_rec0","no",276999
177,0,10.23445,-150.989350818452,-228.881820678711,-77.8924698602586,4.34999999999874,9.99999999999979,13.0999999999997,-173.943227615519,-60.1828957155993,5.61996787963009,-1219.68825202215,10.23395,10.22935,204689,"2026_01_14_0036","2026_01_14_0036_ev00177_rec0","no",277000
178,0,10.29985,-156.976609002976,-163.269027709961,-6.29241870698473,0.0999999999997669,0.0499999999998835,0,-154.743896600742,-3.70476889727014,1.8120984679644,59.984484972273,10.29985,10.29975,205997,"2026_01_14_0036","2026_01_14_0036_ev00178_rec0","no",277001
179,0,10.3198,-154.593331473214,-160.21728515625,-5.62395368303572,0.0499999999998835,0.999999999999446,2.44999999999962,-156.59611807718,-2.45137597640179,0.705211658219094,-62.9576896667483,10.31965,10.3195,206396,"2026_01_14_0036","2026_01_14_0036_ev00179_rec0","no",277002
180,0,10.341,-154.607863653274,-166.625961303711,-12.0180976504371,1.84999999999924,4.25000000000075,3.89999999999979,-157.416004134356,-8.18285731530086,2.43023685558901,-122.141382853191,10.34065,10.3386,206820,"2026_01_14_0036","2026_01_14_0036_ev00180_rec0","no",277003
181,0,10.36775,-154.564267113095,-169.372543334961,-14.8082762218657,1.09999999999921,3.00000000000011,3.45000000000084,-155.797847628,-6.76139381889849,7.42229671052457,-115.546716926211,10.3658,10.3647,207355,"2026_01_14_0036","2026_01_14_0036_ev00181_rec0","no",277004
182,0,10.3959,-156.802222115653,-162.353500366211,-5.55127825055803,0.299999999999301,11.9499999999988,10.9999999999992,-137791.37418933,137643.652599139,135962.649004823,-183.903833007812,10.3959,10.3956,207918,"2026_01_14_0036","2026_01_14_0036_ev00182_rec0","no",277005
183,0,10.41925,-149.797712053571,-184.326156616211,-34.5284445626395,4.85000000000113,12.4499999999994,11.7499999999993,-158.721370864532,-31.0082802755895,5.62659469245519,-588.555102212089,10.41785,10.41245,208385,"2026_01_14_0036","2026_01_14_0036_ev00183_rec0","no",277006
184,0,10.5313,-155.479793003627,-398.559539794922,-243.079746791295,0.199999999999534,4.59999999999994,6.34999999999941,-152.173347129009,-222.584231026541,7.28482395914037,-1593.35699016026,10.531,10.5308,210626,"2026_01_14_0036","2026_01_14_0036_ev00184_rec0","no",277007
185,0,10.57835,-161.219999040876,-344.238250732422,-183.018251691546,0.799999999999912,2.90000000000035,3.70000000000026,-148.050173039065,-186.634774342895,4.44246389941149,-515.852819660732,10.5781,10.57725,211567,"2026_01_14_0036","2026_01_14_0036_ev00185_rec0","no",277008
186,0,10.639,-149.943033854167,-154.4189453125,-4.47591145833334,0.700000000000145,0.249999999999417,0.550000000000495,-148.150037780484,-4.25224106093906,2.67600985497022,41.2902832031247,10.639,10.6383,212780,"2026_01_14_0036","2026_01_14_0036_ev00186_rec0","no",277009
187,0,10.70655,-146.17919921875,-151.3671875,-5.18798828125,0.20000000000131,14.2500000000005,16.75,-146.080298124422,-6.43933764945072,14.4409636718304,-90.88134765625,10.7044,10.7042,214131,"2026_01_14_0036","2026_01_14_0036_ev00187_rec0","no",277010
188,0,10.7353,-148.199172247024,-152.28271484375,-4.0835425967262,0.0999999999997669,0.14999999999965,0.199999999999534,-147.817801757798,-2.71435934407269,0.604567650232976,9.10332165672624,10.7353,10.7351,214706,"2026_01_14_0036","2026_01_14_0036_ev00188_rec0","no",277011
189,0,10.7606,-143.970307849702,-156.25,-12.2796921502976,3.65000000000038,9.00000000000034,7.1500000000011,-147.19129787938,-8.85380299058078,3.76571868642916,-177.92220266433,10.7593,10.75565,215212,"2026_01_14_0036","2026_01_14_0036_ev00189_rec0","no",277012
190,0,10.8014,-144.04296875,-147.705078125,-3.662109375,0.450000000000728,8.10000000000066,29.9999999999994,-145.510665865202,-5.80882815947828,2.76356667057758,-62.9501342773438,10.8014,10.8009,216028,"2026_01_14_0036","2026_01_14_0036_ev00190_rec0","no",277013
191,0,10.84165,-145.714169456845,-161.132797241211,-15.4186277843657,1.25000000000064,14.5999999999997,7.84999999999947,-1317747.0525662,1317609.65210599,736066.614233483,-629.511013521467,10.83695,10.8351,216833,"2026_01_14_0036","2026_01_14_0036_ev00191_rec0","no",277014
192,0,10.88565,-247.991637456985,-459.289520263672,-211.297882806687,5.45000000000151,18.8000000000006,15.25,1274.93921763607,-1761.75184722177,159.356505939643,-3710.98775976272,10.88275,10.87575,217713,"2026_01_14_0036","2026_01_14_0036_ev00192_rec0","no",277015
193,0,10.93365,-169.474268595378,-186.462387084961,-16.9881184895833,1.29999999999875,2.00000000000067,4.35000000000052,-166.819162955553,-12.0466578447827,14.5076386510694,-83.8801081339521,10.93355,10.93215,218673,"2026_01_14_0036","2026_01_14_0036_ev00193_rec0","no",277016
194,0,10.98465,-169.968362717401,-223.083480834961,-53.1151181175595,3.24999999999953,9.3500000000013,9.00000000000034,-157.874453762661,-62.7869378023472,13.203684299848,-523.776845859346,10.9837,10.98025,219693,"2026_01_14_0036","2026_01_14_0036_ev00194_rec0","no",277017
195,0,11.02335,-165.172744750977,-204.162582397461,-38.9898376464844,2.05000000000055,6.85000000000002,5.65000000000104,-150.387818270127,-54.1806813761301,9.14562724160128,-133.030280685425,11.02225,11.0202,220467,"2026_01_14_0036","2026_01_14_0036_ev00195_rec0","no",277018
196,0,11.1407,-158.211842854818,-167.236312866211,-9.02447001139322,0.949999999999562,26.0499999999997,23.1999999999992,-163.203654348202,-1.94173963714118,0.712103985086417,-181.727539825439,11.13745,11.1364,222814,"2026_01_14_0036","2026_01_14_0036_ev00196_rec0","no",277019
197,0,11.16075,-160.319003877186,-176.391586303711,-16.0725824265253,2.35000000000163,5.30000000000008,3.55000000000061,-159.404380585295,-19.4182817851058,3.4179014617382,-76.1260450090677,11.16015,11.1578,223215,"2026_01_14_0036","2026_01_14_0036_ev00197_rec0","no",277020
198,0,11.18975,-158.865790230887,-176.086410522461,-17.2206202915737,1.9000000000009,3.19999999999965,2.65000000000093,-151.502426588726,-18.5801713216623,8.78468809815252,36.6211566925051,11.18865,11.18665,223795,"2026_01_14_0036","2026_01_14_0036_ev00198_rec0","no",277021
199,0,11.23565,-150.7568359375,-168.762191772461,-18.0053558349609,1.64999999999971,15.3999999999996,8.049999999999,-150.967538652327,-18.7261096068493,7.57103564295942,-281.47103805542,11.2266,11.22495,224713,"2026_01_14_0036","2026_01_14_0036_ev00199_rec0","no",277022
200,0,11.28455,-126.996714932578,-160.21728515625,-33.2205702236721,0.299999999999301,30.899999999999,29.9999999999994,-152.754200700723,-6.32240008476279,3.11851799007348,-818.836958835806,11.28395,11.28365,225691,"2026_01_14_0036","2026_01_14_0036_ev00200_rec0","no",277023
201,0,11.34355,-150.684175037202,-164.794906616211,-14.1107315790086,2.44999999999962,6.34999999999941,4.1000000000011,-154.525257754976,-8.30859403851503,2.28272398346821,-184.347529020764,11.34145,11.339,226871,"2026_01_14_0036","2026_01_14_0036_ev00201_rec0","no",277024
202,0,11.3786,-159.897571382068,-178.222640991211,-18.3250696091425,4.74999999999959,3.50000000000072,3.40000000000096,-157.214231708393,-23.5039415438823,3.72270081312119,-33.4817330859953,11.37845,11.37365,227572,"2026_01_14_0036","2026_01_14_0036_ev00202_rec0","no",277025
203,0,11.40105,-155.872161138625,-166.320785522461,-10.4486243838356,0.999999999999446,3.24999999999953,4.99999999999901,-137.289074417263,-25.5766274009841,38.3832064642672,13.6322882697692,11.40095,11.3994,228021,"2026_01_14_0036","2026_01_14_0036_ev00203_rec0","no",277026
204,0,11.4912,-150.524321056548,-162.658676147461,-12.1343550909133,1.09999999999921,8.35000000000008,9.75000000000037,-145.034305434885,-16.1339619379334,20.2947952466217,-101.187897200811,11.4908,11.48935,229824,"2026_01_14_0036","2026_01_14_0036_ev00204_rec0","no",277027
205,0,11.5423,-150.509788876488,-159.912109375,-9.4023204985119,0.999999999999446,5.89999999999868,5.59999999999938,-148.681232242574,-11.7919096740012,7.01798943286927,-51.2168215797059,11.541,11.54,230846,"2026_01_14_0036","2026_01_14_0036_ev00205_rec0","no",277028
206,0,11.5775,-149.754115513393,-159.60693359375,-9.85281808035714,0.0500000000016598,3.39999999999918,4.74999999999959,-149.175158456656,-9.90806559802776,5.54355811081745,-41.4406912667409,11.57705,11.5767,231550,"2026_01_14_0036","2026_01_14_0036_ev00206_rec0","no",277029
207,0,11.59715,-150.626046316964,-155.029296875,-4.40325055803572,0.14999999999965,0.14999999999965,0,-148.099098451113,-3.844032920503,3.62376983238827,61.5288870675221,11.5971,11.59695,231943,"2026_01_14_0036","2026_01_14_0036_ev00207_rec0","no",277030
208,0,11.6437,-148.097446986607,-173.339828491211,-25.2423815046038,1.89999999999912,5.59999999999938,5.20000000000032,-146.995930658058,-20.758540358156,7.53686182860048,-169.590456608364,11.64235,11.6403,232874,"2026_01_14_0036","2026_01_14_0036_ev00208_rec0","no",277031
209,0,11.71345,-148.344494047619,-155.029296875,-6.68480282738096,0.0999999999997669,0.100000000001543,0.100000000001543,-147.122320709903,-7.45169281286557,0.122078037794893,35.4276384626113,11.71345,11.71335,234269,"2026_01_14_0036","2026_01_14_0036_ev00209_rec0","no",277032
210,0,11.7827,-149.23095703125,-155.6396484375,-6.40869140625,0.349999999999184,0.0999999999997669,0,-146.240182398052,-4.81471442732292,1.38166417179088,82.855224609375,11.7827,11.78235,235654,"2026_01_14_0036","2026_01_14_0036_ev00210_rec0","no",277033
211,0,11.7946,-146.033877418155,-149.5361328125,-3.50225539434524,0.0999999999997669,1.50000000000006,2.54999999999939,-145.940725599863,-2.59706946098886,4.1118768293985,-8.11658586774562,11.7946,11.7945,235892,"2026_01_14_0036","2026_01_14_0036_ev00211_rec0","no",277034
212,0,11.8411,-148.199172247024,-152.28271484375,-4.0835425967262,0.300000000001077,2.54999999999939,29.2499999999993,-149.958680216899,-2.146085485984,0.926391766437722,-59.4682231721428,11.84085,11.8396,236822,"2026_01_14_0036","2026_01_14_0036_ev00212_rec0","no",277035
213,0,11.86275,-147.225516183036,-158.0810546875,-10.8555385044643,1.05000000000111,4.85000000000113,5.65000000000104,-149.631580852562,-7.62388826899462,3.63257349974747,-110.547746167864,11.86225,11.86115,237255,"2026_01_14_0036","2026_01_14_0036_ev00213_rec0","no",277036
214,0,11.89365,-149.201892671131,-159.912109375,-10.710216703869,0.650000000000261,6.80000000000014,6.09999999999999,-148.924987925996,-10.997038910279,6.38879190313207,-79.5829379127136,11.89225,11.89105,237873,"2026_01_14_0036","2026_01_14_0036_ev00214_rec0","no",277037
215,0,11.94435,-150.960286458333,-155.33447265625,-4.37418619791666,0.199999999999534,0.249999999999417,0,-141.189820226189,-8.75641462757289,35.97999281127,113.95009358724,11.9442,11.944,238887,"2026_01_14_0036","2026_01_14_0036_ev00215_rec0","no",277038
216,0,11.98425,-150.814964657738,-164.184555053711,-13.3695903959728,4.09999999999933,2.15000000000032,4.64999999999982,25191.49944523,-25348.5502371337,91597.630740501,-79.6675771804081,11.9837,11.9796,239685,"2026_01_14_0036","2026_01_14_0036_ev00216_rec0","no",277039
217,0,12.02865,-147.99572172619,-152.89306640625,-4.89734468005952,0.0999999999997669,4.50000000000017,4.79999999999947,-147.872934881353,-8.43369610860389,3.26890966207988,-27.3081328074136,12.0281,12.028,240573,"2026_01_14_0036","2026_01_14_0036_ev00217_rec0","no",277040
218,0,12.06455,-147.472563244048,-238.952621459961,-91.4800582159133,4.79999999999947,11.1999999999988,10.250000000001,-152.780288945707,-89.7055580418171,8.94552554894816,-1331.15778754098,12.06225,12.0571,241291,"2026_01_14_0036","2026_01_14_0036_ev00218_rec0","no",277041
219,0,12.11135,-153.895786830357,-158.0810546875,-4.18526785714286,0.0999999999997669,0.199999999999534,0,-146.23375876717,-8.236623099766,19.1943256041894,104.199000767299,12.1111,12.111,242227,"2026_01_14_0036","2026_01_14_0036_ev00219_rec0","no",277042
220,0,12.20495,-145.263671875,-151.06201171875,-5.79833984375,0.700000000000145,10.3999999999989,14.5499999999998,-134.632840080724,-15.2553437856297,82.0720428729624,-69.4808959960938,12.20485,12.20415,244099,"2026_01_14_0036","2026_01_14_0036_ev00220_rec0","no",277043
221,0,12.24205,-145.932152157738,-166.320785522461,-20.3886333647228,1.40000000000029,4.90000000000101,6.70000000000037,-148.287956143455,-13.1331784574675,7.1940596939086,-196.326456923712,12.24105,12.2392,244841,"2026_01_14_0036","2026_01_14_0036_ev00221_rec0","no",277044
222,0,12.29165,-153.358096168155,-168.457015991211,-15.0989198230562,1.79999999999936,4.59999999999994,5.59999999999938,-140.51461915573,-22.8583226112675,26.0199042111668,-40.0749625069755,12.2916,12.2893,245833,"2026_01_14_0036","2026_01_14_0036_ev00222_rec0","no",277045
223,0,12.3261,-151.178269159226,-158.0810546875,-6.9027855282738,0.0499999999998835,0.14999999999965,0,-146.583993638649,-5.43724688777792,11.6693539776714,78.718639555432,12.3261,12.3259,246522,"2026_01_14_0036","2026_01_14_0036_ev00223_rec0","no",277046
224,0,12.4143,-151.410784040179,-157.77587890625,-6.36509486607142,1.40000000000029,4.09999999999933,1.59999999999982,-152.163371169492,-5.51514025818013,1.27803833633178,-46.6046884809217,12.41345,12.41095,248286,"2026_01_14_0036","2026_01_14_0036_ev00224_rec0","no",277047
225,0,12.43845,-148.01025390625,-160.21728515625,-12.20703125,2.54999999999939,8.39999999999996,9.19999999999988,-150.936738320582,-9.65745359656411,5.09350748118486,-162.467945098877,12.43805,12.4351,248769,"2026_01_14_0036","2026_01_14_0036_ev00225_rec0","no",277048
226,0,12.4805,-152.122860863095,-177.917465209961,-25.7946043468657,2.29999999999997,6.59999999999883,7.60000000000005,-153.088452443862,-23.0166184331659,7.69109773978643,-238.833310336158,12.48045,12.47805,249610,"2026_01_14_0036","2026_01_14_0036_ev00226_rec0","no",277049
227,0,12.51875,-150.146484375,-154.72412109375,-4.57763671875,0.199999999999534,10.4000000000006,12.2,-149.475832587634,-7.33604737079741,10.757796887755,-59.0438827514648,12.5182,12.518,250375,"2026_01_14_0036","2026_01_14_0036_ev00227_rec0","no",277050
228,0,12.5784,-151.701427641369,-156.55517578125,-4.85374813988096,0.0999999999997669,11.4000000000001,10.7499999999998,-345330.299143962,345188.923702729,305992.115236248,-198.880395634969,12.5782,12.5781,251568,"2026_01_14_0036","2026_01_14_0036_ev00228_rec0","no",277051
229,0,12.6031,-148.969377790179,-189.819320678711,-40.8499428885324,1.64999999999971,7.7499999999997,7.49999999999851,-147.15519563729,-46.9664460614109,7.32769892416991,-371.153519766671,12.60205,12.60015,252062,"2026_01_14_0036","2026_01_14_0036_ev00229_rec0","no",277052
230,0,12.68515,-152.57335844494,-157.77587890625,-5.20252046130952,0.449999999998951,3.00000000000011,3.60000000000049,-149.094216913583,-8.52499847648494,7.87855155034967,29.1075994582405,12.6837,12.6832,253703,"2026_01_14_0036","2026_01_14_0036_ev00230_rec0","no",277053
231,0,12.75875,-149.042038690476,-153.1982421875,-4.1562034970238,0.550000000000495,10.349999999999,8.3000000000002,-443542.184632116,443399.642690604,458142.84428516,-246.75338852292,12.7572,12.7566,255175,"2026_01_14_0036","2026_01_14_0036_ev00231_rec0","no",277054
232,0,12.78285,-147.559756324405,-186.157211303711,-38.5974549793062,2.00000000000067,8.20000000000043,9.30000000000142,-154.575511376332,-34.2002782130675,6.00450176497302,-482.325776454381,12.78225,12.7802,255657,"2026_01_14_0036","2026_01_14_0036_ev00232_rec0","no",277055
233,0,12.8147,-155.160086495536,-162.048324584961,-6.88823808942522,0.199999999999534,0.199999999999534,0.600000000000378,-151.314376406133,-7.09563509561899,5.56111835431916,74.4857849121096,12.8146,12.8144,256294,"2026_01_14_0036","2026_01_14_0036_ev00233_rec0","no",277056
234,0,12.8403,-153.459821428571,-159.912109375,-6.45228794642858,0.199999999999534,0.0499999999998835,0,-147.552382167477,-6.73598993261091,6.74211500392736,131.931849888392,12.8403,12.8401,256806,"2026_01_14_0036","2026_01_14_0036_ev00234_rec0","no",277057
235,0,13.0015,-147.603352864583,-157.16552734375,-9.56217447916666,0.900000000001455,2.95000000000023,3.84999999999991,-147.326617743782,-9.31395566836954,4.33921134263423,-41.2851969401039,13.001,12.99995,260030,"2026_01_14_0036","2026_01_14_0036_ev00235_rec0","no",277058
236,0,13.0434,-153.852190290179,-174.255355834961,-20.4031655447824,4.35000000000052,4.55000000000005,3.30000000000119,-154.615406536627,-18.8251938770109,3.21263191125209,-119.541570499965,13.0424,13.03795,260868,"2026_01_14_0036","2026_01_14_0036_ev00236_rec0","no",277059
237,0,13.06795,-152.60242280506,-159.60693359375,-7.00451078869048,2.2000000000002,8.44999999999985,7.7499999999997,-150.900503638684,-9.68775072336465,9.53717727015886,-57.1568471272788,13.0675,13.0652,261359,"2026_01_14_0036","2026_01_14_0036_ev00237_rec0","no",277060
238,0,13.1353,-151.948474702381,-162.658676147461,-10.71020144508,0.700000000000145,4.59999999999994,7.60000000000005,-154.699898629235,-7.31049987023952,4.24014769164796,-126.435735139392,13.1339,13.1332,262706,"2026_01_14_0036","2026_01_14_0036_ev00238_rec0","no",277061
239,0,13.1906,-155.581519717262,-158.0810546875,-2.4995349702381,0.450000000000728,0.599999999998602,0,-145.893656388399,-10.5412674790269,14.5926784345601,155.043465750558,13.19015,13.18945,263812,"2026_01_14_0036","2026_01_14_0036_ev00239_rec0","no",277062
240,0,13.24375,-147.458031063988,-154.11376953125,-6.6557384672619,1.25000000000064,7.14999999999932,24.1000000000007,-149.917484768827,-5.430467268456,3.23742236189945,-102.694556826637,13.24355,13.24175,264875,"2026_01_14_0036","2026_01_14_0036_ev00240_rec0","no",277063
241,0,13.2596,-151.279994419643,-153.50341796875,-2.22342354910714,0.14999999999965,0.249999999999417,0,-150.43999000921,-1.49143129683414,0.670216041515638,23.5563005719867,13.2596,13.25935,265192,"2026_01_14_0036","2026_01_14_0036_ev00241_rec0","no",277064
242,0,13.28485,-152.544294084821,-159.3017578125,-6.75746372767858,0.949999999999562,0.299999999999301,0.0499999999998835,-150.163069445765,-7.14130816229276,0.160317313645189,69.9724469866068,13.28485,13.28375,265697,"2026_01_14_0036","2026_01_14_0036_ev00242_rec0","no",277065
243,0,13.32365,-151.585170200893,-157.16552734375,-5.58035714285714,0.199999999999534,0.299999999999301,0.500000000000611,-148.202829617744,-6.81945178058987,2.19398616575132,85.8764648437501,13.3236,13.32335,266473,"2026_01_14_0036","2026_01_14_0036_ev00243_rec0","no",277066
244,0,13.37975,-146.527971540179,-152.28271484375,-5.75474330357142,0.400000000000844,0.300000000001077,0.349999999999184,-146.276751249854,-2.76855601229067,2.44894040757556,-0.483921595981777,13.37975,13.37935,267595,"2026_01_14_0036","2026_01_14_0036_ev00244_rec0","no",277067
245,0,13.41935,-148.92578125,-162.963851928711,-14.0380706787109,1.10000000000099,7.7499999999997,7.84999999999947,-150.368599928693,-14.2216086931569,5.89462168855798,-155.883737945557,13.41785,13.41625,268387,"2026_01_14_0036","2026_01_14_0036_ev00245_rec0","no",277068
246,0,13.5441,-142.51708984375,-146.78955078125,-4.2724609375,0.300000000001077,3.20000000000142,0.0499999999998835,-111221.263757534,111077.179517548,521261.458263674,-146.446224975586,13.54365,13.54335,270882,"2026_01_14_0036","2026_01_14_0036_ev00246_rec0","no",277069
247,0,13.57395,-148.02478608631,-163.879379272461,-15.8545931861514,0.500000000000611,3.65000000000038,5.95000000000034,-141.456423618813,-17.6702490294638,16.9384341307374,-59.5085446312316,13.5737,13.5729,271479,"2026_01_14_0036","2026_01_14_0036_ev00247_rec0","no",277070
249,0,13.8488,-426.606647309803,-525.5126953125,-98.9060480026972,10.250000000001,20.8500000000011,15.0500000000005,47190.4850781817,-47717.1330649137,11314.7581832131,-1905.24567972819,13.8463,13.83485,276976,"2026_01_14_0036","2026_01_14_0036_ev00249_rec0","no",277072
250,0,14.00475,-211.457736787342,-227.050765991211,-15.593029203869,1.09999999999921,3.29999999999941,1.39999999999851,-184.080168768539,-41.4425492369779,6.29050955578138,535.802205403646,14.00365,14.00235,280095,"2026_01_14_0036","2026_01_14_0036_ev00250_rec0","no",277073
251,0,14.06065,-173.470618111747,-196.228012084961,-22.7573939732143,4.55000000000005,10.6999999999999,0,-161462.889200916,161279.214643132,998106.926005362,-434.828622000558,14.0604,14.05585,281213,"2026_01_14_0036","2026_01_14_0036_ev00251_rec0","no",277074
252,0,14.0892,-176.391586303711,-205.993637084961,-29.60205078125,2.50000000000128,17.3500000000004,20.2000000000009,77015.6312187931,-77216.1316776552,118427.865335527,-501.03759765625,14.0879,14.08535,281784,"2026_01_14_0036","2026_01_14_0036_ev00252_rec0","no",277075
253,0,14.16565,-170.94201878139,-194.396957397461,-23.4549386160714,3.39999999999918,10.6000000000002,9.19999999999988,-156.91158572834,-36.9368635452584,18.9123363804789,-197.58606262207,14.16465,14.1608,283313,"2026_01_14_0036","2026_01_14_0036_ev00253_rec0","no",277076
254,0,14.19895,-166.480639503116,-195.922836303711,-29.4421968005952,0.950000000001339,5.39999999999985,5.80000000000069,-159.185973334641,-37.783142671159,7.90711561165068,-102.267031733195,14.19835,14.19725,283979,"2026_01_14_0036","2026_01_14_0036_ev00254_rec0","no",277077
255,0,14.23905,-157.107397896903,-172.729476928711,-15.622079031808,0.299999999999301,9.10000000000011,9.80000000000025,-150.487060783407,-24.9303903883713,14.0333682089047,-133.757259968349,14.23755,14.23715,284781,"2026_01_14_0036","2026_01_14_0036_ev00255_rec0","no",277078
256,0,14.28635,-152.820405505952,-178.527816772461,-25.7074112665086,3.24999999999953,32.7999999999999,29.6500000000002,-171.428862130025,-4.122210700564,0.920409592798751,-628.27728040786,14.28585,14.28245,285727,"2026_01_14_0036","2026_01_14_0036_ev00256_rec0","no",277079
257,0,14.306,-162.920258294968,-194.702133178711,-31.7818748837425,3.19999999999965,7.14999999999932,4.79999999999947,-153.844578727986,-42.8846940281397,6.64527784798265,-110.650372296287,14.30475,14.3013,286120,"2026_01_14_0036","2026_01_14_0036_ev00257_rec0","no",277080
258,0,14.33945,-151.715959821429,-156.8603515625,-5.14439174107142,1.00000000000122,16.9999999999995,18.8499999999987,0.00636324384092273,-158.563100872746,596.389097416938,-99.3074537004739,14.33865,14.33765,286789,"2026_01_14_0036","2026_01_14_0036_ev00258_rec0","no",277081
259,0,14.39175,-149.23095703125,-154.11376953125,-4.8828125,0.450000000000728,3.60000000000049,3.70000000000026,-147.53873620392,-7.83860930246298,4.61399010630489,10.0173950195312,14.39145,14.391,287835,"2026_01_14_0036","2026_01_14_0036_ev00259_rec0","no",277082
260,0,14.43305,-148.359026227679,-157.16552734375,-8.80650111607142,1.40000000000029,7.60000000000005,5.15000000000043,-708499.447799727,708353.904796927,599871.549522014,-462.274658693586,14.4321,14.4307,288661,"2026_01_14_0036","2026_01_14_0036_ev00260_rec0","no",277083
261,0,14.4583,-154.869442167736,-192.565902709961,-37.6964605422247,4.29999999999886,10.0499999999997,8.79999999999903,-150.330222552619,-45.7888577747202,9.71411787535133,-410.843707438878,14.4574,14.45295,289166,"2026_01_14_0036","2026_01_14_0036_ev00261_rec0","no",277084
262,0,14.5358,-153.866722470238,-184.326156616211,-30.4594341459728,2.44999999999962,6.75000000000026,7.20000000000098,-148.502722838638,-31.8293932537772,11.0841239525053,-216.225921449207,14.53575,14.53325,290716,"2026_01_14_0036","2026_01_14_0036_ev00262_rec0","no",277085
263,0,14.58125,-151.556105840774,-160.21728515625,-8.6611793154762,0.14999999999965,0.0999999999997669,0.0499999999998835,-155.791723642627,-4.42469810271828,0.00011111762774501,-128.141691771008,14.58125,14.58105,291625,"2026_01_14_0036","2026_01_14_0036_ev00263_rec0","no",277086
264,0,14.60125,-148.02478608631,-177.001937866211,-28.9771517799014,1.75000000000125,7.55000000000017,9.99999999999979,-154.745839846611,-20.9415044377822,6.05362583807136,-369.263580758231,14.60085,14.59875,292025,"2026_01_14_0036","2026_01_14_0036_ev00264_rec0","no",277087
265,0,14.69295,-146.571568080357,-174.560531616211,-27.9889635358538,2.25000000000009,10.4000000000006,6.89999999999991,-146.063861387664,-30.1918966810511,6.73809814462062,-325.610411616734,14.68905,14.68665,293859,"2026_01_14_0036","2026_01_14_0036_ev00265_rec0","no",277088
266,0,14.7281,-148.765927269345,-153.80859375,-5.04266648065476,0.700000000000145,5.45000000000151,5.44999999999973,-144.594900627408,-12.2245316503115,7.69877711308555,27.9152279808409,14.7277,14.727,294562,"2026_01_14_0036","2026_01_14_0036_ev00266_rec0","no",277089
267,0,14.7668,-147.0947265625,-195.922836303711,-48.8281097412109,8.25000000000031,7.24999999999909,8.0000000000009,-144.100483923736,-59.1135862731641,7.74551161930329,-485.679457855225,14.76645,14.758,295336,"2026_01_14_0036","2026_01_14_0036_ev00267_rec0","no",277090
268,0,14.80055,-146.542503720238,-150.146484375,-3.6039806547619,0.150000000001427,0.150000000001427,0,-142.934621725617,-3.30336965484247,4.09203864347937,94.4635300409228,14.80055,14.8004,296011,"2026_01_14_0036","2026_01_14_0036_ev00268_rec0","no",277091
269,0,14.90475,-144.246419270833,-157.77587890625,-13.5294596354167,1.65000000000148,9.59999999999894,6.89999999999991,-142.750992977239,-17.430457565879,7.00677605100334,-126.670833587646,14.9019,14.9,298095,"2026_01_14_0036","2026_01_14_0036_ev00269_rec0","no",277092
270,0,14.9417,-142.429896763393,-145.263671875,-2.83377511160714,0.0500000000016598,0.450000000000728,0.199999999999534,-140.86576638872,-5.56253512545156,0.281615457572546,44.4641113281251,14.9415,14.9414,298834,"2026_01_14_0036","2026_01_14_0036_ev00270_rec0","no",277093
271,0,15.0208,-140.657932418471,-158.125480607507,-17.4675481890357,1.04999999999933,6.25000000000142,10.9499999999993,-140.619195578326,-11.6622011645451,18.7808415372404,-185.577037860021,15.0207,15.0196,300416,"2026_01_14_0036","2026_01_14_0036_ev00271_rec0","no",277094
272,0,15.07025,-146.809654807811,-150.490331270804,-3.68067646299332,0.0499999999998835,25.6000000000007,23.4000000000005,-113227.631510595,113084.658092687,509371.830581843,15.008713589127,15.0702,15.07015,301405,"2026_01_14_0036","2026_01_14_0036_ev00272_rec0","no",277095
273,0,15.09815,-147.81621442371,-152.299673462187,-4.48345903847604,0.349999999999184,2.85000000000046,1.69999999999959,-141.442291014034,-9.02679148000728,14.4860470573705,69.680543782319,15.09745,15.0959,301963,"2026_01_14_0036","2026_01_14_0036_ev00273_rec0","no",277096
274,0,15.1736,-146.376006427421,-149.176390966426,-2.8003845390046,0.250000000001194,11.4000000000001,10.9999999999992,-1147042.89495897,1146917.08242409,584677.755206203,-265.010229882052,15.17335,15.1731,303472,"2026_01_14_0036","2026_01_14_0036_ev00274_rec0","no",277097
275,0,15.2052,-143.108685975844,-214.664333397476,-71.5556474216314,7.19999999999921,25.6999999999987,23.1000000000012,395968.479229142,-396181.259423288,211865.198338747,-1736.7221599691,15.202,15.1941,304104,"2026_01_14_0036","2026_01_14_0036_ev00275_rec0","no",277098
276,0,15.25795,-153.015575015166,-182.490685890043,-29.4751108748774,6.99999999999967,12.1500000000001,6.54999999999895,-145.832003414499,-35.5979979368297,9.7001791096076,-294.459828799177,15.25675,15.2495,305159,"2026_01_14_0036","2026_01_14_0036_ev00276_rec0","no",277099
277,0,15.29935,-145.719969573472,-158.099456243004,-12.3794866695313,0.850000000001572,4.34999999999874,5.44999999999973,-147.101698893696,-8.94263550103623,5.30682334266016,-98.2232394544965,15.299,15.29805,305987,"2026_01_14_0036","2026_01_14_0036_ev00277_rec0","no",277100
278,0,15.38475,-141.067017817696,-151.331077086673,-10.2640592689768,1.54999999999994,9.54999999999906,11.5499999999997,-142.714911954191,-9.42282751251356,7.81177681560883,-138.481621563406,15.3844,15.38285,307695,"2026_01_14_0036","2026_01_14_0036_ev00278_rec0","no",277101
279,0,15.51725,-139.479605844803,-141.527110236467,-2.04750439166378,0.300000000001077,13.2499999999993,11.9500000000006,-88941.4652530394,88803.7210097043,425684.4249905,-42.7764931745726,15.51725,15.51695,310345,"2026_01_14_0036","2026_01_14_0036_ev00279_rec0","no",277102
280,0,15.5491,-144.123677615721,-148.398402188502,-4.27472457278088,1.15000000000087,2.10000000000043,2.74999999999892,-139.978425447563,-6.98898921336278,13.8973720018369,31.6672267488482,15.54775,15.54635,310982,"2026_01_14_0036","2026_01_14_0036_ev00280_rec0","no",277103
281,0,15.6103,-140.711840669499,-146.463099489274,-5.7512588197747,0.0999999999997669,2.39999999999974,3.89999999999979,-137.785787356073,-7.12442156982075,11.4147751883939,10.8007200275321,15.6101,15.61,312206,"2026_01_14_0036","2026_01_14_0036_ev00281_rec0","no",277104
282,0,15.6826,-143.296237265811,-149.071209541947,-5.77497227613637,0.199999999999534,0.450000000000728,0.0999999999997669,-140.742675212795,-4.90851211113205,2.12887383464123,65.2135575111199,15.6826,15.68195,313652,"2026_01_14_0036","2026_01_14_0036_ev00282_rec0","no",277105
283,0,15.7764,-142.32045311897,-146.31962880857,-3.99917568959921,0.100000000001543,0.350000000000961,0.0499999999998835,-139.885242501966,-3.93783092478275,4.60144488993847,53.3019604620766,15.7762,15.7757,315528,"2026_01_14_0036","2026_01_14_0036_ev00283_rec0","no",277106
284,0,15.8113,-139.915899912877,-142.20963825943,-2.29373834655314,1.24999999999886,13.2999999999992,12.5999999999991,4570.25763195198,-4713.57116541361,23288.3065341665,-23.5876310285552,15.8103,15.80905,316226,"2026_01_14_0036","2026_01_14_0036_ev00284_rec0","no",277107
285,0,15.8843,-139.096480791463,-163.683306915761,-24.5868261242979,4.19999999999909,5.50000000000139,4.90000000000101,-140.137843710945,-20.6262447610639,5.21408272699695,-188.261882924971,15.88415,15.8794,317686,"2026_01_14_0036","2026_01_14_0036_ev00285_rec0","no",277108
286,0,15.9315,-137.621070737666,-182.863739590382,-45.2426688527163,7.24999999999909,16.1499999999997,11.6000000000014,-134.20379922662,-48.5811763022341,13.183093750992,-781.221895171293,15.9283,15.91965,318630,"2026_01_14_0036","2026_01_14_0036_ev00286_rec0","no",277109
287,0,16.01565,-147.461881480454,-303.37389934183,-155.912017861376,2.60000000000105,11.5499999999997,11.4000000000019,-157.320880587456,-164.097666300992,9.26432072868824,-2259.07072483177,16.01385,16.01085,320313,"2026_01_14_0036","2026_01_14_0036_ev00287_rec0","no",277110
288,0,16.0528,-175.336999558143,-221.340683989289,-46.0036844311462,4.04999999999944,6.49999999999906,4.59999999999994,-178.960590180225,-50.7588358499825,3.45933416309238,-427.34018318925,16.05215,16.04785,321056,"2026_01_14_0036","2026_01_14_0036_ev00288_rec0","no",277111
289,0,16.06975,-166.948033558425,-195.561899033349,-28.6138654749244,2.049999999997,8.20000000000221,6.65000000000049,-147.685584763654,-48.4383217935199,13.7622660424528,-95.3404007337224,16.0684,16.06625,321395,"2026_01_14_0036","2026_01_14_0036_ev00289_rec0","no",277112
290,0,16.10355,-155.605213346692,-187.784150688369,-32.1789373416774,2.44999999999962,16.7500000000018,2.40000000000151,-360185.421755042,360018.768550839,1009013.39476812,-571.061478846818,16.10265,16.10015,322071,"2026_01_14_0036","2026_01_14_0036_ev00290_rec0","no",277113
291,0,16.13385,-163.762289675338,-194.087369453411,-30.3250797780727,5.19999999999854,8.64999999999938,5.29999999999831,-171.484336548873,-25.9292446219924,2.64681857230297,-432.877692459935,16.13285,16.1274,322677,"2026_01_14_0036","2026_01_14_0036_ev00291_rec0","no",277114
292,0,16.1666,-161.355489289456,-199.211469637335,-37.8559803478787,7.89999999999935,9.80000000000203,5.29999999999831,-140.796189108388,-47.6737808989107,16.5264527662093,-294.48447298631,16.1653,16.15655,323332,"2026_01_14_0036","2026_01_14_0036_ev00292_rec0","no",277115
293,0,16.22445,-155.676839910892,-165.870847040668,-10.1940071297768,3.75000000000014,6.29999999999953,3.30000000000297,-143.754138947116,-19.8168677681969,14.0551601809384,81.4146400431998,16.22355,16.2196,324489,"2026_01_14_0036","2026_01_14_0036_ev00293_rec0","no",277116
294,0,16.2899,-163.610364952419,-169.495442445064,-5.88507749264491,0.0999999999997669,2.30000000000175,1.95000000000078,-154.703538292603,-17.6000407300021,4.25578941954565,184.6456250388,16.28945,16.28845,325798,"2026_01_14_0036","2026_01_14_0036_ev00294_rec0","no",277117
295,0,16.3244,-146.072708661162,-182.070759690825,-35.9980510296634,9.19999999999988,9.70000000000226,6.80000000000192,-2241140.98583052,2241013.69562886,474889.382952477,-1776.92909696504,16.32345,16.3142,326488,"2026_01_14_0036","2026_01_14_0036_ev00295_rec0","no",277118
296,0,16.3501,-153.775955222918,-294.567311152737,-140.791355929819,4.89999999999924,13.1499999999996,10.8500000000014,-142.613048408363,-161.767450371801,11.5629858473561,-2056.04892559939,16.3485,16.3434,327002,"2026_01_14_0036","2026_01_14_0036_ev00296_rec0","no",277119
297,0,16.39005,-169.317996857649,-207.671569511579,-38.3535726539293,4.4000000000004,9.39999999999941,9.9499999999999,-161.126222876175,-48.184620332993,12.9510651100661,-419.370155418184,16.389,16.38425,327801,"2026_01_14_0036","2026_01_14_0036_ev00297_rec0","no",277120
298,0,16.4223,-162.425256700682,-209.598112065936,-47.1728553652544,1.54999999999816,6.60000000000238,8.54999999999961,-172.96612041756,-39.7195165174479,4.88071352481796,-566.665842123202,16.422,16.4204,328446,"2026_01_14_0036","2026_01_14_0036_ev00298_rec0","no",277121
299,0,16.5197,-145.790095475561,-174.576942216549,-28.7868467409883,3.39999999999918,12.4500000000012,5.74999999999903,-145.31862778911,-28.1977654636981,6.20267314070005,-350.110718252821,16.51355,16.51005,330394,"2026_01_14_0036","2026_01_14_0036_ev00299_rec0","no",277122
300,0,16.56095,-151.147577964649,-159.877825935669,-8.73024797101922,1.00000000000122,3.00000000000011,3.09999999999988,-145.548832706103,-11.9095129460796,10.3047824150055,45.5190097597824,16.56085,16.55935,331219,"2026_01_14_0036","2026_01_14_0036_ev00300_rec0","no",277123
301,0,16.6044,-156.855765658571,-169.217209447116,-12.3614437885448,2.54999999999939,6.25000000000142,3.59999999999872,-141.614323671993,-28.3298015685341,10.0914643536435,166.058938008883,16.604,16.59935,332088,"2026_01_14_0036","2026_01_14_0036_ev00301_rec0","no",277124
302,0,16.7949,-144.951162819913,-150.207304939239,-5.25614211932586,0.600000000002154,0.849999999999795,0.949999999999562,-142.675665192166,-5.68323395609469,3.22401994836361,47.9580064254242,16.79485,16.7941,335898,"2026_01_14_0036","2026_01_14_0036_ev00302_rec0","no",277125
303,0,16.81075,-143.523210383148,-145.63430953148,-2.11109914833176,0.299999999999301,1.4499999999984,1.50000000000006,-143.775539560388,-3.11241678165005,0.858840167282505,-11.495279361701,16.8107,16.8104,336215,"2026_01_14_0036","2026_01_14_0036_ev00303_rec0","no",277126
304,0,16.8348,-141.274024741214,-148.366222277783,-7.09219753656916,1.50000000000006,11.0500000000009,11.3500000000002,-140.970711692034,-8.03658800102131,11.2609235818679,-91.2503905346584,16.83375,16.8319,336696,"2026_01_14_0036","2026_01_14_0036_ev00304_rec0","no",277127
305,0,16.88525,-145.240476394652,-148.303256081734,-3.06277968708238,1.00000000000122,5.70000000000093,5.90000000000046,-142.561010836757,-9.30484986767149,6.63544554760888,5.44183375502868,16.88485,16.8807,337705,"2026_01_14_0036","2026_01_14_0036_ev00305_rec0","no",277128
306,0,16.922,-144.047605841559,-152.322786750072,-8.27518090851325,0.0999999999997669,3.75000000000014,4.3500000000023,-142.243054416999,-10.4967328188797,5.64383687635468,-9.44651431670243,16.9214,16.9213,338440,"2026_01_14_0036","2026_01_14_0036_ev00306_rec0","no",277129
307,0,16.98465,-143.70867368143,-152.552904767511,-8.84423108608181,1.69999999999959,25.5499999999991,16.2499999999994,-90035.0375007357,89892.4954735092,328666.162572037,-116.123965764647,16.98385,16.97895,339693,"2026_01_14_0036","2026_01_14_0036_ev00307_rec0","no",277130
308,0,17.01355,-150.001974502817,-157.426299357387,-7.42432485457033,0.799999999998136,2.30000000000175,1.95000000000078,-142.988456027166,-12.9965663663325,6.84232150540608,116.655130514958,17.0129,17.0121,340271,"2026_01_14_0036","2026_01_14_0036_ev00308_rec0","no",277131
309,0,17.13215,-140.451118000387,-152.60380047159,-12.1526824712036,1.1499999999991,8.64999999999938,12.7500000000005,-141.448669820359,-8.78031551846495,13.8654874101684,-153.941213457929,17.13125,17.1298,342643,"2026_01_14_0036","2026_01_14_0036_ev00309_rec0","no",277132
310,0,17.24085,-143.645658564172,-151.067350755622,-7.4216921914508,1.50000000000006,1.54999999999816,0.0999999999997669,-140.66853941575,-5.85972603974482,4.64921036524711,58.4635651830688,17.2407,17.23895,344817,"2026_01_14_0036","2026_01_14_0036_ev00310_rec0","no",277133
311,0,17.3155,-142.512985970268,-147.823891067557,-5.31090509728853,0.300000000002854,0.250000000001194,0,-141.047596147613,-3.32190543751103,3.56147207648445,31.2829326898502,17.3155,17.3152,346310,"2026_01_14_0036","2026_01_14_0036_ev00311_rec0","no",277134
312,0,17.34945,-142.201665475132,-162.359149626712,-20.1574841515808,1.30000000000052,5.70000000000093,6.29999999999953,-141.495286772531,-18.76726577259,7.57147497069388,-150.209956638343,17.34845,17.3469,346989,"2026_01_14_0036","2026_01_14_0036_ev00312_rec0","no",277135
313,0,17.4002,-140.547798216447,-159.099673573186,-18.5518753567384,0.849999999999795,9.9499999999999,11.8000000000009,-144.483895096664,-19.2968561058683,6.26788848978803,-276.685466225124,17.39865,17.3978,348004,"2026_01_14_0036","2026_01_14_0036_ev00313_rec0","no",277136
314,0,17.52905,-143.570141832866,-163.12966827742,-19.5595264445544,2.44999999999962,11.5999999999978,13.3499999999991,-146.872325877816,-15.781556884264,9.61080881440253,-297.22821111273,17.5282,17.5245,350581,"2026_01_14_0036","2026_01_14_0036_ev00314_rec0","no",277137
315,0,17.62835,-142.887271690585,-148.019921256942,-5.13264956635678,1.10000000000099,8.7500000000027,30.0000000000011,-145.186962902001,-4.374762830366,2.61999058839872,-90.5363515762243,17.62785,17.6258,352567,"2026_01_14_0036","2026_01_14_0036_ev00315_rec0","no",277138
316,0,17.652,-143.441604974727,-146.373240369495,-2.93163539476805,0.299999999999301,2.30000000000175,3.05000000000177,-142.493791482901,-3.35997995467711,6.09572157353427,6.68371934758183,17.652,17.6516,353040,"2026_01_14_0036","2026_01_14_0036_ev00316_rec0","no",277139
317,0,17.74785,-145.606737725254,-170.512493522635,-24.9057557973805,6.30000000000308,21.2499999999984,20.5999999999982,155677.535801901,-155846.186013789,231997.267324175,-532.548640680728,17.74625,17.73945,354957,"2026_01_14_0036","2026_01_14_0036_ev00317_rec0","no",277140
318,0,17.86975,-145.051683038491,-150.878111168555,-5.82642813006376,0.0999999999997669,0.200000000003087,0,-141.295675462853,-5.91787000588658,8.91813605236136,60.9139415641133,17.86975,17.86945,357395,"2026_01_14_0036","2026_01_14_0036_ev00318_rec0","no",277141
319,0,18.14205,-140.239512666308,-147.801206550166,-7.56169388385808,0.800000000001688,14.3000000000022,20.3000000000024,-141.617444017157,-6.75192570169219,13.0168681366082,-128.625113486054,18.14155,18.14075,362841,"2026_01_14_0036","2026_01_14_0036_ev00319_rec0","no",277142
320,0,18.1852,-144.201820112803,-147.333456774462,-3.13163666165968,0.199999999999534,0.199999999999534,0,-140.706200907989,-4.02889888996867,11.4288857084285,61.3827852489967,18.1851,18.1849,363704,"2026_01_14_0036","2026_01_14_0036_ev00320_rec0","no",277143
321,0,18.373,-145.129365059632,-158.538948118258,-13.4095830586259,6.04999999999833,13.7999999999998,9.85000000000014,-143.705971500721,-12.5116559481235,14.6515149357603,-203.18771143957,18.37035,18.364,367460,"2026_01_14_0036","2026_01_14_0036_ev00321_rec0","no",277144
322,0,18.4477,-147.701758183769,-154.786577742066,-7.08481955829646,0.450000000000728,2.79999999999703,1.69999999999959,-145.900174260227,-6.87388801256287,3.87112862126803,18.1282716698874,18.44745,18.44555,368954,"2026_01_14_0036","2026_01_14_0036_ev00322_rec0","no",277145
323,0,18.5221,-145.899520981678,-154.222695252412,-8.32317427073423,2.15000000000032,3.99999999999778,5.09999999999877,-143.590092005355,-9.03229640096912,9.84679968976684,-21.5960575958907,18.52185,18.51935,370442,"2026_01_14_0036","2026_01_14_0036_ev00323_rec0","no",277146
324,0,18.67095,-144.902297040013,-152.65510529182,-7.75280825180678,1.20000000000076,1.85000000000102,1.35000000000218,-142.203427170322,-7.38414509831948,4.70574817752842,43.3006118469308,18.6708,18.6696,373419,"2026_01_14_0036","2026_01_14_0036_ev00324_rec0","no",277147
325,0,18.7207,-141.63218063902,-187.186099516248,-45.5539188772281,2.54999999999939,12.0499999999986,14.050000000001,-144.029165563134,-46.7100852954495,11.9949130752714,-679.696375594088,18.72015,18.7175,374414,"2026_01_14_0036","2026_01_14_0036_ev00325_rec0","no",277148
326,0,18.7841,-153.47598080683,-171.375542026753,-17.8995612199227,2.84999999999869,11.45,13.2499999999993,90937.8389565508,-91103.9070540322,202503.866223749,-284.266376252841,18.7784,18.77425,375682,"2026_01_14_0036","2026_01_14_0036_ev00326_rec0","no",277149
327,0,18.79845,-155.098908160222,-170.225106105261,-15.1261979450393,0.699999999998369,4.24999999999898,4.30000000000064,-144.938254588946,-23.1329476299549,11.1502534101209,47.4275717091284,18.79735,18.79635,375969,"2026_01_14_0036","2026_01_14_0036_ev00327_rec0","no",277150
328,0,18.9056,-145.396875514046,-151.46028101297,-6.06340549892371,0.0500000000016598,13.5000000000005,11.3999999999983,-63551.2635561947,63408.0131625668,164641.189176646,-110.123636488787,18.90535,18.9053,378112,"2026_01_14_0036","2026_01_14_0036_ev00328_rec0","no",277151
329,0,18.9267,-143.916108936534,-160.132846640366,-16.2167377038326,1.34999999999863,9.10000000000011,30.0000000000011,-150.21124643015,-11.7688758685382,4.22158296583032,-257.637605319764,18.9263,18.92455,378534,"2026_01_14_0036","2026_01_14_0036_ev00329_rec0","no",277152
330,0,18.9558,-145.077186248821,-167.035483769206,-21.9582975203852,1.95000000000078,5.44999999999973,5.79999999999714,-147.259029988956,-22.1158809455948,4.41624934169606,-204.394865266816,18.95525,18.95325,379116,"2026_01_14_0036","2026_01_14_0036_ev00330_rec0","no",277153
331,0,18.98285,-145.762460974799,-150.454358478182,-4.69189750338239,0.499999999998835,2.94999999999845,3.79999999999825,-143.705018669736,-6.03188452998042,8.16764693332708,3.94113928532304,18.98075,18.9801,379657,"2026_01_14_0036","2026_01_14_0036_ev00331_rec0","no",277154
332,0,19.24865,-145.531344696335,-166.155131484844,-20.6237867885091,0.900000000001455,10.6999999999999,12.1000000000002,-140.721607264936,-28.0522230204371,14.8832782620856,-250.083384092876,19.2476,19.24655,384973,"2026_01_14_0036","2026_01_14_0036_ev00332_rec0","no",277155
333,0,19.29305,-149.87720639712,-153.32864913351,-3.45144273639008,0.799999999998136,1.50000000000006,1.75000000000125,-142.501292619771,-9.572891374983,17.2118351391981,83.572802818083,19.2922,19.2912,385861,"2026_01_14_0036","2026_01_14_0036_ev00333_rec0","no",277156
334,0,19.35735,-146.419078138933,-149.261710596595,-2.84263245766186,0.249999999997641,15.5999999999992,14.5000000000017,-104726.79438635,104584.916436955,271191.157063046,-37.808092299712,19.35735,19.3571,387147,"2026_01_14_0036","2026_01_14_0036_ev00334_rec0","no",277157
335,0,19.3815,-143.699681250206,-158.765049660455,-15.0653684102492,1.10000000000099,8.35000000000008,9.00000000000034,-146.433085412248,-13.6165715512471,5.73346562287117,-196.239767646378,19.37945,19.37825,387630,"2026_01_14_0036","2026_01_14_0036_ev00335_rec0","no",277158
336,0,19.541,-145.644841239834,-152.05140112729,-6.4065598874561,0.299999999999301,0.249999999997641,0,-143.456956337842,-3.75583909493966,5.65848467758727,43.3601692531097,19.54095,19.54065,390820,"2026_01_14_0036","2026_01_14_0036_ev00336_rec0","no",277159
337,0,19.73345,-145.204782602659,-147.780209943623,-2.57542734096364,1.24999999999886,30.0000000000011,30.0000000000011,-146.695249178738,-4.18826741277997,1.91841894651488,-59.8499928787856,19.73345,19.7322,394669,"2026_01_14_0036","2026_01_14_0036_ev00337_rec0","no",277160
338,0,19.779,-149.173275835592,-159.867931340248,-10.6946555046564,1.59999999999982,2.85000000000224,3.24999999999775,-145.903486263215,-12.8133126779406,5.69924045487542,9.51751142050987,19.77875,19.7764,395580,"2026_01_14_0036","2026_01_14_0036_ev00338_rec0","no",277161
339,0,19.8256,-148.092708175477,-159.765103647989,-11.6723954725114,4.54999999999828,6.29999999999953,6.45000000000095,-149.695539210005,-12.8540353378397,4.15664125136444,-158.734169829019,19.8213,19.81575,396512,"2026_01_14_0036","2026_01_14_0036_ev00339_rec0","no",277162
340,0,19.8699,-149.500384072371,-159.036190506736,-9.53580643436567,1.10000000000099,6.65000000000049,5.85000000000235,-146.857513627281,-14.2902014318487,6.93762675087653,-37.5487663559409,19.86885,19.86765,397398,"2026_01_14_0036","2026_01_14_0036_ev00340_rec0","no",277163
341,0,19.9751,-149.356146514063,-180.466415729301,-31.110269215238,3.00000000000011,11.1499999999971,13.8999999999996,-151.14887897492,-25.3838720852508,14.4551723180708,-441.584227130781,19.9746,19.9712,399502,"2026_01_14_0036","2026_01_14_0036_ev00341_rec0","no",277164
342,0,20.0087,-162.078191265954,-165.181273563764,-3.10308229781069,0.250000000001194,0.350000000000961,0,-148.217192700542,-14.5765512441183,12.3019060974169,251.436739957288,20.00845,20.0082,400174,"2026_01_14_0036","2026_01_14_0036_ev00342_rec0","no",277165
343,0,20.06605,-149.31918442304,-160.315475878523,-10.9962914554826,0.349999999997408,5.75000000000259,6.50000000000261,-147.276444448247,-15.9071852877552,6.80346050013496,-53.1070635371715,20.0655,20.06515,401321,"2026_01_14_0036","2026_01_14_0036_ev00343_rec0","no",277166
344,0,20.1248,-148.247810908275,-167.299934040925,-19.0521231326501,1.95000000000078,6.04999999999833,7.20000000000098,-147.56375751519,-18.2892075319559,8.34890530521914,-154.255610736089,20.12475,20.12275,402496,"2026_01_14_0036","2026_01_14_0036_ev00344_rec0","no",277167
345,0,20.2249,-149.862041971111,-157.893646215619,-8.0316042445082,3.94999999999968,10.1000000000013,7.60000000000005,-148.019152356967,-9.20346047502409,11.7479186941624,-78.1727177890703,20.22385,20.2195,404498,"2026_01_14_0036","2026_01_14_0036_ev00345_rec0","no",277168
346,0,20.28165,-150.350516301008,-200.132429079853,-49.7819127788458,3.09999999999988,15.2000000000001,17.949999999999,-99.9245612806393,-95.4298443381552,55.0243348760428,-809.937258200597,20.281,20.27765,405633,"2026_01_14_0036","2026_01_14_0036_ev00346_rec0","no",277169
347,0,20.3292,-158.679205272531,-163.904059626563,-5.22485435403175,0.0499999999981071,0.450000000000728,0.750000000000028,-151.498617475549,-10.682993836325,4.62432717645319,164.877002155993,20.3292,20.3289,406584,"2026_01_14_0036","2026_01_14_0036_ev00347_rec0","no",277170
348,0,20.35085,-152.250780342856,-154.673481626415,-2.42270128355949,0.199999999999534,1.69999999999959,1.45000000000195,-151.083892178229,-5.12408720926036,1.57259847012156,25.4354762398559,20.35055,20.3503,407017,"2026_01_14_0036","2026_01_14_0036_ev00348_rec0","no",277171
349,0,20.4091,-152.516559077047,-154.61429745313,-2.09773837608253,0.250000000001194,0.40000000000262,0.499999999998835,-149.499613039336,-4.41084404219821,3.21120086307228,75.9908419815242,20.4089,20.4085,408182,"2026_01_14_0036","2026_01_14_0036_ev00349_rec0","no",277172
350,0,20.4292,-150.968654554822,-155.105630085192,-4.13697553037056,0.299999999999301,0.40000000000262,0.650000000000261,-147.937406748557,-5.44164719962401,3.68204461839368,70.2359661968288,20.4292,20.4289,408584,"2026_01_14_0036","2026_01_14_0036_ev00350_rec0","no",277173
351,0,20.5348,-149.083644391938,-161.182647647906,-12.0990032559672,0.850000000003348,0.399999999999068,1.90000000000268,34247.2691480863,-34401.3433207162,127293.375938704,-39.1185129547368,20.53435,20.5334,410696,"2026_01_14_0036","2026_01_14_0036_ev00351_rec0","no",277174
352,0,20.59995,-161.348877947857,-307.083990664754,-145.735112716897,3.34999999999752,12.7999999999986,11.5999999999978,-156.810204257033,-163.272652500573,11.2838085669013,-2193.90807190325,20.5975,20.5935,411999,"2026_01_14_0036","2026_01_14_0036_ev00352_rec0","no",277175
353,0,20.65375,-162.961231202141,-167.902834978067,-4.9416037759257,0.499999999998835,0.199999999999534,0,16921.5552385403,-17082.4337189527,72603.9956976362,167.349042668604,20.65375,20.65325,413075,"2026_01_14_0036","2026_01_14_0036_ev00353_rec0","no",277176
354,0,20.66425,-156.414914603774,-161.692569853756,-5.27765524998145,0.0499999999981071,0.250000000001194,1.89999999999912,-154.34370008761,-4.80733873226974,10.6238400296644,12.9128671390136,20.6641,20.66395,413285,"2026_01_14_0036","2026_01_14_0036_ev00354_rec0","no",277177
355,0,20.6983,-154.421839737589,-157.91100621532,-3.48916647773012,0.700000000001921,0.40000000000262,0,-142.402674114489,-12.8720265975393,47.306383920184,70.1135428299218,20.69785,20.69715,413966,"2026_01_14_0036","2026_01_14_0036_ev00355_rec0","no",277178
356,0,20.73085,-153.444276444794,-156.211983539403,-2.7677070946086,0.199999999999534,30.1000000000009,30.0000000000011,-154.615745511183,4.95451689099314,61.3972023029303,82.0850278605576,20.73085,20.73065,414617,"2026_01_14_0036","2026_01_14_0036_ev00356_rec0","no",277179
357,0,20.81405,-158.397248152666,-192.320361934213,-33.9231137815466,2.19999999999843,5.80000000000069,5.19999999999854,-155.68795275686,-40.742438982261,5.27290038205033,-192.005217031446,20.8137,20.81135,416281,"2026_01_14_0036","2026_01_14_0036_ev00357_rec0","no",277180
358,0,20.84075,-149.935799612758,-158.763753642481,-8.82795402972363,0.800000000001688,10.8499999999978,11.1499999999971,-149.875580022112,-11.9737062070395,8.71610996611799,-136.530558569533,20.8375,20.8364,416815,"2026_01_14_0036","2026_01_14_0036_ev00358_rec0","no",277181
359,0,20.91015,-149.132147208486,-166.084147756971,-16.9520005484846,6.64999999999694,15.7500000000006,9.75000000000037,-146.468114734746,-20.0624619934897,12.077936490045,-268.89799146384,20.90765,20.90045,418203,"2026_01_14_0036","2026_01_14_0036_ev00359_rec0","no",277182
360,0,20.96045,-151.322490297944,-157.341211238765,-6.0187209408208,0.199999999999534,0.0999999999997669,4.1000000000011,-116.012165862707,-38.3274930697361,195.825097061638,-17.0815267378878,20.95925,20.95775,419209,"2026_01_14_0036","2026_01_14_0036_ev00360_rec0","no",277183
361,0,21.0101,-148.230307229596,-151.80754955497,-3.57724232537484,0.149999999997874,0.0999999999997669,0,-144.976047554238,-3.84022198269699,6.69626360356295,72.0065384458546,21.0101,21.00995,420202,"2026_01_14_0036","2026_01_14_0036_ev00361_rec0","no",277184
362,0,21.05655,-149.537280129523,-158.398770527907,-8.86149039838395,0.299999999999301,1.09999999999744,2.09999999999866,-145.572113675585,-8.87940806398253,10.405680472052,26.2535763369561,21.0564,21.0552,421131,"2026_01_14_0036","2026_01_14_0036_ev00362_rec0","no",277185
363,0,21.13675,-147.336191855283,-152.002952709419,-4.66676085413593,0.150000000001427,30.2499999999988,29.9999999999976,-12175.2218953252,12027.4250803122,600475.843565646,-24.2247822841594,21.1366,21.13645,422735,"2026_01_14_0036","2026_01_14_0036_ev00363_rec0","no",277186
364,0,21.1673,-149.768708890475,-152.727228400235,-2.95851950976081,0.249999999997641,0.0499999999981071,0,-147.304147668247,-2.95319512176355,3.20387007129829,63.8180795643643,21.1673,21.16705,423346,"2026_01_14_0036","2026_01_14_0036_ev00364_rec0","no",277187
365,0,21.27365,-153.053851555872,-158.03667662133,-4.98282506545837,0.199999999999534,4.30000000000064,4.60000000000349,-148.17332644941,-11.924424331887,8.05004705441045,43.3047313455909,21.27275,21.27165,425473,"2026_01_14_0036","2026_01_14_0036_ev00365_rec0","no",277188
366,0,21.3581,-145.755148494749,-153.895514784141,-8.14036628939149,0.750000000000028,10.5499999999985,8.40000000000174,-544516.759369404,544373.618349832,814288.168166843,-228.591718064652,21.3576,21.3568,427162,"2026_01_14_0036","2026_01_14_0036_ev00366_rec0","no",277189
367,0,21.38225,-146.559218340754,-167.970192763281,-21.410974422527,2.30000000000175,11.3000000000021,16.8999999999997,-153.816861761828,-19.3751980088898,5.01026885229993,-373.961747163722,21.3814,21.37905,427645,"2026_01_14_0036","2026_01_14_0036_ev00367_rec0","no",277190
368,0,21.41045,-158.878675213538,-162.882748199602,-4.00407298606368,0.299999999999301,20.349999999997,18.8500000000005,-76281.7545307748,76129.1901615054,184126.443323003,3.13315351239939,21.41045,21.41015,428209,"2026_01_14_0036","2026_01_14_0036_ev00368_rec0","no",277191
369,0,21.43185,-149.735018896384,-174.274470443342,-24.5394515469582,2.74999999999892,8.70000000000104,6.94999999999979,-152.649079417663,-19.4210363617728,6.0583375284681,-300.108735251379,21.42905,21.42595,428637,"2026_01_14_0036","2026_01_14_0036_ev00369_rec0","no",277192
370,0,21.48155,-165.094566878402,-186.617844595363,-21.5232777169611,1.1999999999972,4.6500000000016,3.99999999999778,-150.757295746666,-37.6870432426133,7.58042902585006,124.956427793712,21.48085,21.47765,429631,"2026_01_14_0036","2026_01_14_0036_ev00370_rec0","no",277193
371,0,21.57745,-149.027054608673,-155.277116778503,-6.2500621698299,0.250000000001194,30.149999999999,29.9999999999976,-150.317693585296,2.15156939951476,25.8436445148059,-1.48890981587982,21.57745,21.5772,431549,"2026_01_14_0036","2026_01_14_0036_ev00371_rec0","no",277194
372,0,21.59745,-152.582685785035,-157.357176133003,-4.77449034796771,0.0999999999997669,0.299999999999301,0,-149.60502940976,-2.42680313099152,2.01832312606396,83.5359923422319,21.59745,21.59705,431949,"2026_01_14_0036","2026_01_14_0036_ev00372_rec0","no",277195
373,0,21.65,-149.123955823924,-177.021051542275,-27.8970957183518,3.04999999999822,13.1499999999996,16.6499999999985,32458.9618593001,-32627.2673919484,61265.1344844116,-409.957271209943,21.64945,21.6464,433000,"2026_01_14_0036","2026_01_14_0036_ev00373_rec0","no",277196
374,0,21.6933,-147.532082311601,-163.91017865661,-16.3780963450086,1.34999999999863,9.49999999999918,18.4500000000014,-153.467846492284,-11.910093828543,4.04089670539597,-266.490666910323,21.6915,21.6901,433866,"2026_01_14_0036","2026_01_14_0036_ev00374_rec0","no",277197
375,0,21.72025,-151.742696061807,-159.747218521758,-8.00452245995174,0.750000000000028,5.90000000000046,8.7500000000027,99249.1288288911,-99405.8486145064,432767.715654122,-59.7082142743806,21.7192,21.71845,434405,"2026_01_14_0036","2026_01_14_0036_ev00375_rec0","no",277198
376,0,21.75535,-148.685103559084,-162.533898955042,-13.8487953959574,2.30000000000175,7.60000000000005,7.40000000000052,-148.578118666684,-14.013417470218,7.49797476167115,-128.932386649988,21.7549,21.7526,435107,"2026_01_14_0036","2026_01_14_0036_ev00376_rec0","no",277199
377,0,21.91915,-150.166078030724,-165.731048360791,-15.5649703300666,1.50000000000006,5.20000000000209,4.54999999999828,-149.726986764759,-16.8409674716128,4.53391003960953,-85.3935658508224,21.91895,21.917,438383,"2026_01_14_0036","2026_01_14_0036_ev00377_rec0","no",277200
378,0,21.9452,-147.066639796188,-154.378318744697,-7.31167894850873,0.249999999997641,8.94999999999868,20.3999999999986,-149.6951871581,-4.48702126154527,5.01759110477079,-113.156896368665,21.9436,21.94285,438904,"2026_01_14_0036","2026_01_14_0036_ev00378_rec0","no",277201
379,0,22.06075,-146.480666357746,-171.423113985161,-24.9424476274146,5.60000000000116,12.7000000000024,12.3499999999979,-149.966985433999,-28.4417728384299,7.73187861426894,-609.224616290247,22.05025,22.04355,441215,"2026_01_14_0036","2026_01_14_0036_ev00379_rec0","no",277202
380,0,22.15375,-150.414510001684,-163.178308482202,-12.7637984805181,2.79999999999703,7.60000000000005,6.79999999999836,-149.117867907954,-13.6412537043135,8.29557074712332,-95.4580170972838,22.15315,22.14995,443075,"2026_01_14_0036","2026_01_14_0036_ev00380_rec0","no",277203
381,0,22.2889,-146.179854430946,-189.995692854914,-43.8158384239678,4.55000000000183,13.300000000001,13.2499999999993,-143.456705989649,-47.9805121290567,14.2324214572446,-653.506265162854,22.28815,22.28335,445778,"2026_01_14_0036","2026_01_14_0036_ev00381_rec0","no",277204
382,0,22.33445,-150.509350551732,-159.252740583389,-8.74339003165764,0.199999999999534,2.64999999999915,4.50000000000017,-150.616899308224,-6.01606640050073,6.90008367064444,-53.3383879085491,22.3337,22.33285,446689,"2026_01_14_0036","2026_01_14_0036_ev00382_rec0","no",277205
383,0,22.372,-150.447759100133,-173.455497515104,-23.0077384149712,1.69999999999959,8.70000000000104,9.40000000000296,-144.293515676039,-25.6086724429537,16.854830249391,-228.19860777957,22.37025,22.3685,447440,"2026_01_14_0036","2026_01_14_0036_ev00383_rec0","no",277206
384,0,22.4438,-148.552475270599,-156.077858344026,-7.52538307342667,0.800000000001688,3.84999999999991,4.79999999999947,-149.309788020139,-8.88296998607494,3.2483052711654,-64.6204599816516,22.4426,22.4418,448876,"2026_01_14_0036","2026_01_14_0036_ev00384_rec0","no",277207
385,0,22.46135,-146.934236242422,-155.707601506221,-8.77336526379989,0.499999999998835,3.34999999999752,4.84999999999758,-146.379663428602,-6.86376740901098,8.23932161170215,-45.7215933562612,22.46085,22.4602,449227,"2026_01_14_0036","2026_01_14_0036_ev00385_rec0","no",277208
386,0,22.52295,-154.977052134737,-215.901859037658,-60.9248069029213,7.40000000000052,15.6000000000027,15.1499999999984,-147.999031453778,-66.8960313233758,18.5210340664047,-1136.29281747943,22.52165,22.5126,450459,"2026_01_14_0036","2026_01_14_0036_ev00386_rec0","no",277209
387,0,22.56345,-160.65039833482,-205.924294071851,-45.2738957370316,1.40000000000029,8.44999999999985,12.9999999999981,-175.856929452325,-35.8839439443621,4.12838616525941,-680.949488825074,22.56255,22.561,451269,"2026_01_14_0036","2026_01_14_0036_ev00387_rec0","no",277210
388,0,22.60025,-165.953677805886,-228.616512534132,-62.6628347282466,10.2499999999992,12.2,8.54999999999961,-165.927249351224,-68.9695441951043,7.82863982249191,-937.972028803354,22.5986,22.58775,452005,"2026_01_14_0036","2026_01_14_0036_ev00388_rec0","no",277211
389,0,22.6861,-154.5523167339,-161.747265618826,-7.19494888492599,2.15000000000032,4.29999999999708,2.049999999997,-151.943318675165,-8.83544265624779,3.92764433307396,34.5255324262433,22.68455,22.68125,453722,"2026_01_14_0036","2026_01_14_0036_ev00389_rec0","no",277212
390,0,22.71515,-151.769277627544,-159.953937350814,-8.18465972326982,1.75000000000125,19.9499999999979,13.7999999999998,-123119.965670127,122968.716993884,478312.46649597,-115.240010209624,22.71475,22.7127,454303,"2026_01_14_0036","2026_01_14_0036_ev00390_rec0","no",277213
391,0,22.7566,-161.728157566529,-171.099726799316,-9.37156923278721,0.900000000001455,2.80000000000058,1.79999999999936,-146.066055104067,-21.8969749064442,13.2102117176081,198.462121978381,22.7553,22.7542,455132,"2026_01_14_0036","2026_01_14_0036_ev00391_rec0","no",277214
392,0,22.7872,-150.855426073472,-155.670394304039,-4.81496823056719,0.0999999999997669,0.0999999999997669,0,-146.386923325417,-5.16630704436685,5.20001730988486,106.778364079372,22.78715,22.787,455744,"2026_01_14_0036","2026_01_14_0036_ev00392_rec0","no",277215
393,0,22.83395,-147.354648668462,-183.764789832967,-36.4101411645049,2.05000000000055,8.29999999999842,9.15000000000177,-152.653165032755,-33.5807762092688,6.46156327467663,-445.002742749323,22.83335,22.8311,456679,"2026_01_14_0036","2026_01_14_0036_ev00393_rec0","no",277216
394,0,22.87595,-160.615696532654,-172.985443429975,-12.3697468973208,2.09999999999866,4.99999999999901,4.50000000000017,-151.265356450968,-21.240294361587,10.7007507525367,44.115982734257,22.87515,22.873,457519,"2026_01_14_0036","2026_01_14_0036_ev00394_rec0","no",277217
395,0,22.9834,-153.347031791885,-160.154478713893,-6.80744692200849,0.949999999999562,16.849999999998,12.3999999999995,-131241.354478179,131088.748320878,498509.928860214,-107.648785542833,22.98195,22.98075,459668,"2026_01_14_0036","2026_01_14_0036_ev00395_rec0","no",277218
396,0,23.0089,-154.337119948145,-168.860576366976,-14.5234564188312,1.34999999999863,7.64999999999816,9.050000000002,-148.482884294617,-18.7251917632842,17.7063389763421,-112.585827825549,23.0085,23.00685,460178,"2026_01_14_0036","2026_01_14_0036_ev00396_rec0","no",277219
397,0,23.04895,-161.287673572927,-165.048790290041,-3.76111671711419,0.149999999997874,1.4499999999984,1.04999999999933,-155.222413523932,-10.3182832529395,3.22421509253861,145.862723858928,23.0483,23.04685,460979,"2026_01_14_0036","2026_01_14_0036_ev00397_rec0","no",277220
398,0,23.0836,-155.674722676277,-168.605397164214,-12.9306744879367,1.65000000000148,6.20000000000331,5.34999999999997,-148.642386868132,-22.5934306677189,8.27744826173426,7.51964444097895,23.083,23.0812,461672,"2026_01_14_0036","2026_01_14_0036_ev00398_rec0","no",277221
399,0,23.17115,-148.316042728655,-152.621333994712,-4.30529126605708,1.50000000000006,1.55000000000172,0,-375.478213312326,225.106644721853,332.008243882263,-367.823428707623,23.17115,23.16965,463423,"2026_01_14_0036","2026_01_14_0036_ev00399_rec0","no",277222
400,0,23.19205,-151.727809238007,-175.955711505677,-24.2279022676699,6.49999999999906,12.5500000000009,10.4499999999987,-147.188985640486,-25.5999078420613,16.3269408632984,-311.516137930103,23.19135,23.18475,463841,"2026_01_14_0036","2026_01_14_0036_ev00400_rec0","no",277223
401,0,23.38105,-152.039558619873,-173.729692691791,-21.6901340719174,1.35000000000218,8.49999999999795,8.94999999999868,-149.649008067725,-24.7296660585944,10.3720251541649,-214.055281832094,23.3797,23.3782,467621,"2026_01_14_0036","2026_01_14_0036_ev00401_rec0","no",277224
402,0,23.4538,-153.34265235843,-162.914183087156,-9.57153072872688,0.600000000002154,3.60000000000227,6.35000000000119,-152.541430293674,-7.25944073528161,12.3930370885349,-61.5461418558317,23.45375,23.4531,469076,"2026_01_14_0036","2026_01_14_0036_ev00402_rec0","no",277225
403,0,23.50955,-154.356115023578,-178.424393547121,-24.0682785235428,0.650000000000261,4.20000000000087,6.80000000000192,-149.769784650443,-21.0826526852445,15.2002664646131,-151.191588339842,23.5093,23.50855,470191,"2026_01_14_0036","2026_01_14_0036_ev00403_rec0","no",277226
404,0,23.572,-154.661070638435,-171.087882360696,-16.4268117222607,1.25000000000242,3.79999999999825,5.09999999999877,-148.256320744543,-19.7170340664493,11.1332097208199,-18.9650752601065,23.572,23.57045,471440,"2026_01_14_0036","2026_01_14_0036_ev00404_rec0","no",277227
405,0,23.61185,-152.733715983229,-174.299299054638,-21.5655830714092,1.1499999999991,6.6999999999986,6.70000000000215,-151.729952076778,-23.7870167103541,6.85472783420417,-167.361414746673,23.61115,23.60965,472237,"2026_01_14_0036","2026_01_14_0036_ev00405_rec0","no",277228
406,0,23.6511,-152.83262222178,-174.602694508952,-21.7700722871717,1.30000000000052,9.59999999999894,10.5499999999985,-150.235386398227,-24.0862195222417,12.9277961047873,-248.062008459028,23.64965,23.648,473022,"2026_01_14_0036","2026_01_14_0036_ev00406_rec0","no",277229
407,0,23.80875,-148.387638566149,-153.714457687688,-5.32681912153924,0.249999999997641,0.149999999997874,0,11773.6592157637,-11922.9235411212,160700.240996212,5.7578912218763,23.80875,23.8085,476175,"2026_01_14_0036","2026_01_14_0036_ev00407_rec0","no",277230
408,0,23.84995,-150.222205527375,-168.504038752275,-18.2818332249,5.75000000000259,5.15000000000043,5.60000000000116,-154.216895950787,-18.5920548130494,2.94652461919081,-229.215300374826,23.8495,23.8436,476999,"2026_01_14_0036","2026_01_14_0036_ev00408_rec0","no",277231
409,0,23.87425,-152.48437834526,-159.472774825751,-6.98839648049145,0.249999999997641,3.84999999999991,4.45000000000206,-145.621589449114,-12.2486990914695,17.2058848417615,24.8214211027866,23.8734,23.87315,477485,"2026_01_14_0036","2026_01_14_0036_ev00409_rec0","no",277232
410,0,23.945,-149.883257290999,-154.430205716125,-4.546948425126,0.0999999999997669,0.250000000001194,0.450000000000728,-147.857484194998,-4.55370788707896,2.20878446322687,49.4226322423529,23.94475,23.94445,478900,"2026_01_14_0036","2026_01_14_0036_ev00410_rec0","no",277233
411,0,23.9678,-147.944237942606,-155.380892457926,-7.43665451532047,2.40000000000151,1.95000000000078,1.00000000000122,-146.789538226937,-8.24306088906521,1.33622543532392,9.97030650396918,23.9673,23.9645,479356,"2026_01_14_0036","2026_01_14_0036_ev00411_rec0","no",277234
412,0,23.9876,-149.325540553692,-152.618421596908,-3.29288104321643,0.0500000000016598,9.99999999999801,9.70000000000226,-2785386.78856168,2785267.28492306,871314.638936337,-542.351391346358,23.98755,23.9874,479752,"2026_01_14_0036","2026_01_14_0036_ev00412_rec0","no",277235
413,0,24.01765,-157.723779931534,-255.678576749639,-97.9547968181047,5.5499999999995,14.6499999999996,12.7500000000005,-149.839181646591,-115.70809591212,13.2135935243957,-1639.67123055816,24.01565,24.0089,480353,"2026_01_14_0036","2026_01_14_0036_ev00413_rec0","no",277236
414,0,24.0553,-162.510775387978,-189.708428083636,-27.1976526956572,2.049999999997,9.6500000000006,9.19999999999988,-150.261067636548,-42.9105672621494,14.0928238392022,-225.471689637492,24.05405,24.05165,481106,"2026_01_14_0036","2026_01_14_0036_ev00414_rec0","no",277237
415,0,24.0859,-156.922778258625,-163.783273456834,-6.86049519820884,0.450000000000728,4.85000000000113,3.65000000000038,-152.194011755497,-15.3789824387149,4.87766046457811,51.7775339608735,24.0843,24.08385,481718,"2026_01_14_0036","2026_01_14_0036_ev00415_rec0","no",277238
416,0,24.1056,-154.07844559309,-157.286712813095,-3.20826722000538,0.149999999997874,8.35000000000008,7.74999999999793,-187.611004443654,40.0038974679951,36.4167988574849,-188.877215719899,24.10555,24.1054,482112,"2026_01_14_0036","2026_01_14_0036_ev00416_rec0","no",277239
417,0,24.124,-150.704022350347,-177.150870757396,-26.4468484070492,1.99999999999889,11.6999999999976,12.8500000000003,-150.89431566233,-29.56093495474,11.4239858280301,-379.40051084094,24.123,24.1209,482480,"2026_01_14_0036","2026_01_14_0036_ev00417_rec0","no",277240
418,0,24.17765,-152.961420183256,-162.433174596982,-9.4717544137263,0.949999999999562,6.59999999999883,7.00000000000145,-151.260695414316,-12.1098764279298,8.28490265417689,-56.5210050160914,24.17735,24.17625,483553,"2026_01_14_0036","2026_01_14_0036_ev00418_rec0","no",277241
419,0,24.21885,-148.390869908402,-176.492414528065,-28.1015446196633,5.15000000000043,9.6500000000006,9.050000000002,-149.863857756862,-25.1788111769044,8.70531651269137,-349.869844250102,24.2185,24.21205,484377,"2026_01_14_0036","2026_01_14_0036_ev00419_rec0","no",277242
420,0,24.25555,-149.709094730498,-163.051619607233,-13.3425248767348,0.249999999997641,9.15000000000177,10.749999999998,-148.462602654906,-14.6992144420618,12.4236581491711,-147.865346276679,24.2544,24.2537,485111,"2026_01_14_0036","2026_01_14_0036_ev00420_rec0","no",277243
421,0,24.2894,-153.564916132269,-192.728924474609,-39.1640083423402,2.00000000000244,8.19999999999865,7.99999999999912,-153.009630506958,-43.2413713747694,7.57207368951468,-403.027857332608,24.28785,24.2854,485788,"2026_01_14_0036","2026_01_14_0036_ev00421_rec0","no",277244
422,0,24.37245,-152.562920367953,-196.080082028267,-43.5171616603149,2.80000000000058,8.20000000000221,7.45000000000218,-149.345367539819,-45.4853413763015,8.70741327232787,-405.2282270279,24.37175,24.36875,487449,"2026_01_14_0036","2026_01_14_0036_ev00422_rec0","no",277245
423,0,24.4413,-155.426385636402,-164.519760885567,-9.09337524916498,3.04999999999822,1.94999999999723,2.09999999999866,-151.246453274572,-12.9894350552135,3.83630023309889,46.9101461243785,24.43965,24.4363,488826,"2026_01_14_0036","2026_01_14_0036_ev00423_rec0","no",277246
424,0,24.48375,-151.854169105183,-158.012692848203,-6.15852374302003,0.250000000001194,4.14999999999921,4.30000000000064,-149.59370025207,-8.37614470969599,7.05240409694882,6.37655500248365,24.4835,24.4827,489675,"2026_01_14_0036","2026_01_14_0036_ev00424_rec0","no",277247
425,0,24.5261,-151.265024416846,-176.365459504991,-25.1004350881453,2.49999999999773,11.2999999999985,13.4499999999989,-100.657385895571,-70.632384296886,81.5863063021637,-304.321521501922,24.5256,24.5226,490522,"2026_01_14_0036","2026_01_14_0036_ev00425_rec0","no",277248
426,0,24.5923,-151.692561233136,-155.578564002361,-3.88600276922441,0.299999999999301,1.95000000000078,2.05000000000055,-147.371855942585,-8.40813902359496,5.42521045512561,83.0943312529676,24.5923,24.59185,491846,"2026_01_14_0036","2026_01_14_0036_ev00426_rec0","no",277249
427,0,24.6618,-147.580323603138,-152.76935484251,-5.18903123937173,0.0500000000016598,0.0500000000016598,0.249999999997641,-147.749316929859,-2.07403616234039,1.40894774267873,-8.95372169019763,24.66165,24.6616,493236,"2026_01_14_0036","2026_01_14_0036_ev00427_rec0","no",277250
428,0,24.68505,-145.930767070852,-158.512114642664,-12.5813475718111,0.849999999999795,16.5499999999987,12.0500000000021,-267610.302808649,267464.631360898,656003.185650678,-181.476796964805,24.68505,24.68405,493701,"2026_01_14_0036","2026_01_14_0036_ev00428_rec0","no",277251
429,0,24.70985,-146.629275505634,-170.540461279195,-23.9111857735604,2.19999999999843,6.60000000000238,7.44999999999862,-143.71261144965,-22.2523158071035,11.6985216222871,-190.309638372981,24.70935,24.7069,494197,"2026_01_14_0036","2026_01_14_0036_ev00429_rec0","no",277252
430,0,24.846,-150.487764709865,-160.85232091475,-10.3645562048851,2.00000000000244,6.54999999999717,3.45000000000084,-145.578198397726,-14.3170317166558,6.982175750124,32.9535014833324,24.84575,24.84045,496920,"2026_01_14_0036","2026_01_14_0036_ev00430_rec0","no",277253
431,0,24.93325,-148.297955731157,-154.404535579072,-6.10657984791538,0.0499999999981071,0.149999999997874,0.750000000000028,-147.116776682514,-4.41601100668808,2.96614463674511,21.394532332625,24.933,24.93295,498665,"2026_01_14_0036","2026_01_14_0036_ev00431_rec0","no",277254
432,1,25.0222,-146.196250161752,-153.84288654648,-7.64663638472774,1.40000000000029,30.4499999999983,29.9999999999976,-6917.82624088627,6769.5075623279,314798.139979074,-92.1213474306365,25.0208,25.0194,444,"2026_01_14_0036","2026_01_14_0036_ev00432_rec1","no",277255
433,1,25.05275,-148.749839680473,-157.478537646366,-8.7286979658937,0.300000000002854,0.149999999997874,0.800000000001688,-147.005964462022,-5.85609210273228,4.91621673550913,22.4236082555317,25.0527,25.0524,1055,"2026_01_14_0036","2026_01_14_0036_ev00433_rec1","no",277256
434,1,25.1318,-158.460104725303,-620.599579231479,-462.139474506175,8.7500000000027,24.2000000000004,18.4500000000014,-11.8899777981994,-669.103203349154,24.747533244891,-11917.9534396297,25.1259,25.11605,2636,"2026_01_14_0036","2026_01_14_0036_ev00434_rec1","no",277257
435,1,25.2605,-163.502774899133,-176.319354639453,-12.8165797403204,0.450000000000728,5.34999999999997,5.70000000000093,-154.583479246962,-24.3960284762103,9.83008071618031,22.9110301456677,25.25945,25.2589,5210,"2026_01_14_0036","2026_01_14_0036_ev00435_rec1","no",277258
436,1,25.30275,-155.371795717523,-182.474024508595,-27.1022287910726,1.99999999999889,6.85000000000002,30.0000000000011,-166.241644728472,-16.6721866096928,2.76389936106782,-417.291672129862,25.3024,25.3001,6055,"2026_01_14_0036","2026_01_14_0036_ev00436_rec1","no",277259
437,1,25.3226,-165.715797736381,-173.011899930699,-7.29610219431748,2.25000000000009,5.80000000000069,2.39999999999796,-153.963445984121,-18.8692478363977,8.94307995070034,162.277384158905,25.32005,25.3175,6452,"2026_01_14_0036","2026_01_14_0036_ev00437_rec1","no",277260
438,1,25.3717,-161.085461026992,-171.709102966749,-10.6236419397565,0.550000000000495,2.19999999999843,1.99999999999889,-152.871602467395,-18.1828709360082,4.90090294857481,150.613183404152,25.37145,25.37045,7434,"2026_01_14_0036","2026_01_14_0036_ev00438_rec1","no",277261
439,1,25.40455,-150.723693947882,-166.586116464287,-15.8624225164041,2.90000000000035,20.1000000000029,19.6000000000005,-118.718020940229,-51.9688124078399,61.8890550213131,-340.937378865645,25.40305,25.3999,8091,"2026_01_14_0036","2026_01_14_0036_ev00439_rec1","no",277262
440,1,25.4363,-156.863348105667,-161.05293044517,-4.18958233950306,0.599999999998602,0.650000000000261,0,-150.891828017451,-7.33294537473737,4.99878642921263,141.088565110388,25.4363,25.43545,8726,"2026_01_14_0036","2026_01_14_0036_ev00440_rec1","no",277263
441,1,25.4806,-153.554749114024,-163.266927223025,-9.7121781090008,1.40000000000029,4.1000000000011,2.60000000000105,-153.802695010757,-9.24307460371492,2.53681345067732,-49.0372227726317,25.47945,25.47805,9612,"2026_01_14_0036","2026_01_14_0036_ev00441_rec1","no",277264
442,1,25.50805,-154.681264565572,-157.271002020327,-2.58973745475447,0.0500000000016598,1.45000000000195,1.64999999999793,-148.562194690267,-8.45582044096702,9.19016041631285,108.230389910673,25.50805,25.50775,10161,"2026_01_14_0036","2026_01_14_0036_ev00442_rec1","no",277265
443,1,25.54065,-145.918110076186,-148.915346432505,-2.99723635631921,0.0999999999997669,4.99999999999901,3.25000000000131,-971.735239141038,825.450170145069,3588.68593789644,-114.68480922942,25.54065,25.54055,10813,"2026_01_14_0036","2026_01_14_0036_ev00443_rec1","no",277266
444,1,25.56305,-148.871075191324,-158.163287266261,-9.2922120749372,1.45000000000195,3.5000000000025,4.99999999999901,-149.205366807429,-6.57562987478082,6.65508565287691,-58.7570233364179,25.56305,25.5614,11261,"2026_01_14_0036","2026_01_14_0036_ev00444_rec1","no",277267
445,1,25.6703,-149.797559320071,-161.07304465632,-11.2754853362492,7.00000000000145,20.3000000000024,12.0499999999986,-92354.9272880184,92203.495837717,438441.218521757,-245.481529702035,25.66625,25.6591,13406,"2026_01_14_0036","2026_01_14_0036_ev00445_rec1","no",277268
446,1,25.6948,-149.800010003035,-161.674131684913,-11.8741216818779,1.80000000000291,7.95000000000101,6.55000000000072,-147.637788341745,-15.6882591084872,7.47799389993962,-95.5629841805372,25.69235,25.68955,13896,"2026_01_14_0036","2026_01_14_0036_ev00446_rec1","no",277269
447,1,25.7595,-148.181418618888,-160.151263623947,-11.9698450050582,1.4499999999984,7.95000000000101,7.45000000000218,-149.426753124404,-12.4300489971785,5.46023580286658,-134.993026399698,25.7579,25.75635,15190,"2026_01_14_0036","2026_01_14_0036_ev00447_rec1","no",277270
448,1,25.8492,-149.33088334677,-201.22460627931,-51.8937229325401,4.30000000000064,10.9500000000011,8.09999999999889,-156.179161249192,-46.2260382155401,6.15278590882511,-740.155569176746,25.84635,25.8416,16984,"2026_01_14_0036","2026_01_14_0036_ev00448_rec1","no",277271
449,1,25.8814,-153.87585429514,-168.863315325318,-14.9874610301783,0.949999999999562,6.70000000000215,7.75000000000148,-150.725011269401,-16.5746807882423,11.9780421895838,-150.188809770816,25.8776,25.8765,17628,"2026_01_14_0036","2026_01_14_0036_ev00449_rec1","no",277272
450,1,26.0331,-146.462381951934,-148.614372087494,-2.15199013555988,0.0499999999981071,11.1500000000007,17.8999999999974,-147.161431649928,-3.05616376883934,5.19048584178105,-38.4108823072129,26.0328,26.03275,20662,"2026_01_14_0036","2026_01_14_0036_ev00450_rec1","no",277273
451,1,26.12395,-155.175045409843,-159.904929639864,-4.72988423002082,0.149999999997874,2.00000000000244,1.79999999999936,-150.900833135336,-9.66161857438697,3.78605606451395,89.5533699080983,26.1236,26.1233,22479,"2026_01_14_0036","2026_01_14_0036_ev00451_rec1","no",277274
452,1,26.1692,-149.10863950463,-169.515364344419,-20.406724839789,0.700000000001921,9.80000000000203,9.79999999999848,-148.584742238183,-23.7814679858834,9.0647145775444,-246.473133713928,26.1669,26.1661,23384,"2026_01_14_0036","2026_01_14_0036_ev00452_rec1","no",277275
453,1,26.2534,-148.230126686088,-151.528011046013,-3.29788435992532,0.150000000001427,13.6000000000003,11.7000000000012,-89536.9564411207,89390.8979357862,308450.43865922,-66.5945919997928,26.2531,26.25275,25068,"2026_01_14_0036","2026_01_14_0036_ev00453_rec1","no",277276
454,1,26.27745,-146.190087015565,-156.871173362132,-10.6810863465676,1.50000000000006,34.2999999999982,30.0000000000011,-153.058375473092,-6.23634526317789,2.04747496466357,-260.066344081876,26.2745,26.27295,25549,"2026_01_14_0036","2026_01_14_0036_ev00454_rec1","no",277277
455,1,26.34565,-147.492046037459,-160.984434071198,-13.4923880337391,1.04999999999933,7.10000000000122,8.30000000000197,-149.260841413307,-13.8477522443427,5.71076552997595,-150.317758694983,26.34515,26.3439,26913,"2026_01_14_0036","2026_01_14_0036_ev00455_rec1","no",277278
456,1,26.3778,-149.504794643704,-164.65241852827,-15.1476238845659,2.15000000000032,4.3500000000023,5.64999999999927,-150.854135368983,-9.27605847096388,7.27562262462238,-133.541041605566,26.37725,26.3751,27556,"2026_01_14_0036","2026_01_14_0036_ev00456_rec1","no",277279
457,1,26.42205,-149.658009064678,-156.980821253772,-7.32281218909401,0.350000000000961,9.9000000000018,19.9500000000015,-152.257486661362,-7.01135369467094,4.79776299060895,-123.058862712828,26.42105,26.4207,28441,"2026_01_14_0036","2026_01_14_0036_ev00457_rec1","no",277280
458,1,26.4443,-151.979241241285,-158.43714949647,-6.45790825518495,0.200000000003087,0.0500000000016598,0.349999999997408,-147.807968791477,-6.71288362714226,15.091141381158,36.9871554827933,26.4443,26.444,28886,"2026_01_14_0036","2026_01_14_0036_ev00458_rec1","no",277281
459,1,26.52095,-157.680549316403,-196.462175739984,-38.7816264235809,2.90000000000035,11.6499999999995,7.50000000000028,-161.846558413039,-37.5429878727966,5.7459182845468,-709.309511445879,26.50785,26.50485,30419,"2026_01_14_0036","2026_01_14_0036_ev00459_rec1","no",277282
460,1,26.5716,-154.668141955794,-177.956874424234,-23.2887324684395,1.85000000000102,9.29999999999964,10.0000000000016,-151.482414607662,-27.6781652854223,11.7338034750695,-250.661235556066,26.57095,26.56895,31432,"2026_01_14_0036","2026_01_14_0036_ev00460_rec1","no",277283
461,1,26.60905,-152.338502321071,-169.415158876249,-17.0766565551772,1.20000000000076,10.2999999999973,14.5499999999998,-148.595595879564,-16.9189385489371,28.0042582775057,-217.739086309164,26.60865,26.60735,32181,"2026_01_14_0036","2026_01_14_0036_ev00461_rec1","no",277284
462,1,26.65425,-151.66500548035,-163.987319030308,-12.3223135499582,0.349999999997408,3.09999999999988,4.24999999999898,-152.175824443119,-11.192043653426,4.17524557783356,-69.7640393046329,26.65365,26.6533,33085,"2026_01_14_0036","2026_01_14_0036_ev00462_rec1","no",277285
463,1,26.67695,-152.290828522561,-155.963149998343,-3.67232147578198,0.0999999999997669,0.349999999997408,0.699999999998369,-150.573983913335,-4.18298914897878,2.21870303178452,41.9604541565497,26.67695,26.67685,33539,"2026_01_14_0036","2026_01_14_0036_ev00463_rec1","no",277286
464,1,26.76095,-151.166397259363,-167.768052932673,-16.6016556733101,0.700000000001921,4.9500000000009,6.75000000000026,-156.195353200369,-9.84511016460707,3.10484138999162,-204.613475259126,26.75935,26.7585,35219,"2026_01_14_0036","2026_01_14_0036_ev00464_rec1","no",277287
465,1,26.7929,-161.146592415474,-171.769175730426,-10.6225833149518,2.60000000000105,2.95000000000201,3.00000000000011,-154.203332198969,-16.1027630421859,7.69594456486282,73.8814886873521,26.79275,26.7883,35858,"2026_01_14_0036","2026_01_14_0036_ev00465_rec1","no",277288
466,1,26.8676,-157.923098870419,-168.237981998058,-10.3148831276389,0.599999999998602,6.25000000000142,6.25000000000142,-149.664483130066,-20.8861618225592,11.3969213311741,14.6014120103586,26.86685,26.8662,37352,"2026_01_14_0036","2026_01_14_0036_ev00466_rec1","no",277289
467,1,26.95805,-156.265487903934,-160.065116525841,-3.7996286219074,0.199999999999534,0.299999999999301,0,-149.751410349423,-7.16809286159705,7.70704168189667,141.079969724377,26.95805,26.95755,39161,"2026_01_14_0036","2026_01_14_0036_ev00467_rec1","no",277290
468,1,27.048,-152.894672696177,-167.679269486433,-14.7845967902559,0.750000000000028,6.75000000000026,7.15000000000288,-153.383893015694,-10.8455856990336,9.19434474351162,-142.185871782917,27.04645,27.0446,40960,"2026_01_14_0036","2026_01_14_0036_ev00468_rec1","no",277291
469,1,27.10955,-154.136296486725,-159.892259246462,-5.75596275973652,0.250000000001194,30.3000000000004,30.0000000000011,-6722.56167239651,6569.07143745334,356728.379887306,9.35408361709534,27.1093,27.1088,42191,"2026_01_14_0036","2026_01_14_0036_ev00469_rec1","no",277292
470,1,27.1559,-146.430167180624,-151.409723593693,-4.97955641306831,0.349999999997408,0,0,-16583.7915113361,16434.8378395992,194474.78024597,-116.344652563965,27.1559,27.15555,43118,"2026_01_14_0036","2026_01_14_0036_ev00470_rec1","no",277293
471,1,27.2031,-149.127520870694,-162.640845338446,-13.5133244677521,2.74999999999892,2.95000000000201,5.44999999999973,-151.673323700057,-5.32208188447524,7.03388679212254,-151.406285966126,27.2012,27.198,44062,"2026_01_14_0036","2026_01_14_0036_ev00471_rec1","no",277294
472,1,27.2477,-148.567084253007,-152.310801644478,-3.74371739147117,0.0499999999981071,7.69999999999982,8.90000000000057,-148.77689517691,-5.38232194432095,5.85261970562025,-41.2290759592554,27.2471,27.24685,44954,"2026_01_14_0036","2026_01_14_0036_ev00472_rec1","no",277295
473,1,27.32015,-151.088441022278,-158.711990214908,-7.62354919262984,0.549999999996942,0.500000000002387,0,-141.728698015413,-12.1847796391194,32.3906304866177,40.0240471004796,27.32005,27.3194,46403,"2026_01_14_0036","2026_01_14_0036_ev00473_rec1","no",277296
474,1,27.50345,-152.371060416682,-309.080894128321,-156.709833711639,6.04999999999833,17.5000000000018,18.0499999999988,-176.406760440027,-144.284251353359,12.4829817139544,-3120.67501388204,27.50215,27.49485,50069,"2026_01_14_0036","2026_01_14_0036_ev00474_rec1","no",277297
475,1,27.5699,-166.227105170752,-199.059796267408,-32.8326910966562,4.99999999999901,17.4999999999983,16.0499999999999,180081.649601329,-180272.467467796,232227.381008829,-585.229828708647,27.5661,27.5605,51398,"2026_01_14_0036","2026_01_14_0036_ev00475_rec1","no",277298
476,1,27.65375,-166.94424593729,-173.94058011852,-6.9963341812304,3.14999999999799,9.80000000000203,4.04999999999944,-379.189494298591,214.070170830831,193.706430489241,-460.175914036412,27.65205,27.64845,53075,"2026_01_14_0036","2026_01_14_0036_ev00476_rec1","no",277299
477,1,27.6757,-164.755194972877,-198.695575750435,-33.9403807775583,6.9999999999979,33.4000000000003,30.0000000000011,35746.1282873411,-35937.1571115537,101938.117432435,-871.48536144495,27.67215,27.66445,53514,"2026_01_14_0036","2026_01_14_0036_ev00477_rec1","no",277300
478,1,27.6926,-178.266318581144,-196.896551595802,-18.6302330146575,1.55000000000172,4.050000000003,4.59999999999994,-179.355887544512,-18.5270204759291,3.97096141276306,-125.936746434642,27.69255,27.6908,53852,"2026_01_14_0036","2026_01_14_0036_ev00478_rec1","no",277301
479,1,27.7133,-170.737376713855,-195.116952383343,-24.379575669488,1.45000000000195,5.64999999999927,4.9500000000009,-161.190838474081,-41.2006310990621,6.20382688528421,-5.82551105323736,27.7127,27.71115,54266,"2026_01_14_0036","2026_01_14_0036_ev00479_rec1","no",277302
480,1,27.7599,-165.877020906608,-181.695095317215,-15.8180744106068,1.04999999999933,19.05,18.9000000000021,182283.089461067,-182464.307884658,363638.027911331,-269.678914314603,27.7594,27.75535,55198,"2026_01_14_0036","2026_01_14_0036_ev00480_rec1","no",277303
481,1,27.79585,-171.075199851588,-180.520014353174,-9.44481450158523,0.200000000003087,0.900000000001455,0,-148.787536134036,-23.0909764266232,25.4461712082664,254.567723583972,27.79575,27.7942,55917,"2026_01_14_0036","2026_01_14_0036_ev00481_rec1","no",277304
482,1,27.8463,-160.165898914954,-170.809926579302,-10.6440276643475,1.54999999999816,4.19999999999732,2.25000000000009,-157.70837119662,-12.247066847733,3.48614265587115,7.79955870095145,27.84415,27.84145,56926,"2026_01_14_0036","2026_01_14_0036_ev00482_rec1","no",277305
483,1,27.87895,-159.300734472938,-185.734361997377,-26.4336275244385,1.30000000000052,4.6999999999997,4.85000000000113,-163.022406685185,-25.7902722615353,3.35821559986093,-234.299431794928,27.87815,27.87675,57579,"2026_01_14_0036","2026_01_14_0036_ev00483_rec1","no",277306
484,1,27.8994,-158.411817091604,-168.19604885603,-9.78423176442612,0.700000000001921,6.80000000000192,6.80000000000192,-159.840303892377,-13.1654550211189,3.78613356221295,-117.007851421153,27.8975,27.8968,57988,"2026_01_14_0036","2026_01_14_0036_ev00484_rec1","no",277307
485,1,27.9437,-158.911584782658,-176.479404935448,-17.5678201527901,2.05000000000055,5.70000000000093,4.55000000000183,-155.335963383596,-19.8968874748421,6.70927189565521,-63.6115671075907,27.943,27.9404,58874,"2026_01_14_0036","2026_01_14_0036_ev00485_rec1","no",277308
486,1,27.96645,-156.155749101499,-159.868357542299,-3.71260844079998,0.299999999999301,0.199999999999534,0.300000000002854,-151.837939505255,-5.83501704054535,11.1988778048509,67.5834258858629,27.96645,27.96615,59329,"2026_01_14_0036","2026_01_14_0036_ev00486_rec1","no",277309
487,1,27.99595,-154.177208637159,-157.332687710902,-3.15547907374309,0.199999999999534,30.3000000000004,30.0000000000011,-160.156287575376,8.22976996574766,87.6292641200218,28.6246891515409,27.99595,27.99565,59919,"2026_01_14_0036","2026_01_14_0036_ev00487_rec1","no",277310
488,1,28.0435,-156.461497289314,-169.899423794022,-13.4379265047084,0.600000000002154,3.15000000000154,3.49999999999895,-153.328435525144,-14.0450438398974,6.3824191199436,-13.1690528439028,28.0424,28.0412,60870,"2026_01_14_0036","2026_01_14_0036_ev00488_rec1","no",277311
489,1,28.10455,-148.359814458143,-169.173360898028,-20.8135464398849,1.59999999999627,11.45,12.4999999999993,-148.101587097296,-25.2423137710791,10.8261957363174,-291.35317999903,28.10365,28.102,62091,"2026_01_14_0036","2026_01_14_0036_ev00489_rec1","no",277312
490,1,28.2404,-148.901795505534,-151.874744119174,-2.97294861363989,0.450000000000728,13.5499999999986,7.44999999999862,-154.930024280184,5.47319996015553,70.8001541417185,-48.8528148456092,28.2404,28.23995,64808,"2026_01_14_0036","2026_01_14_0036_ev00490_rec1","no",277313
491,1,28.28015,-152.127807248157,-161.41895105199,-9.29114380383311,0.599999999998602,6.45000000000095,9.15000000000177,-153.321625454922,-7.26104988660268,7.81275011031829,-100.72950762627,28.2793,28.2787,65603,"2026_01_14_0036","2026_01_14_0036_ev00491_rec1","no",277314
492,1,28.32335,-150.873136962433,-171.12891455676,-20.2557775943269,1.35000000000218,14.6500000000032,23.0499999999978,-156.746197086322,-14.3787789378125,10.5538413846722,-352.703518769273,28.3226,28.32125,66467,"2026_01_14_0036","2026_01_14_0036_ev00492_rec1","no",277315
493,1,28.4205,-152.46109509055,-177.036866117136,-24.5757710265866,1.90000000000268,8.39999999999819,0.149999999997874,-397186.570697216,397025.09031744,812317.749419403,-530.700666131211,28.4199,28.4178,68410,"2026_01_14_0036","2026_01_14_0036_ev00493_rec1","no",277316
494,1,28.4513,-173.947529698837,-208.449710169267,-34.5021804704307,2.25000000000009,5.40000000000163,4.00000000000134,-156.917974698437,-48.6357953781266,8.16327346864672,51.0215000344764,28.45015,28.44535,69026,"2026_01_14_0036","2026_01_14_0036_ev00494_rec1","no",277317
495,1,28.56175,-156.980648178293,-160.515271208017,-3.53462302972466,0.0500000000016598,0.199999999999534,0,-147.968622486816,-8.38855116504401,29.472280589888,112.036054809652,28.56175,28.5614,71235,"2026_01_14_0036","2026_01_14_0036_ev00495_rec1","no",277318
496,1,28.6934,-148.185210638097,-151.411385154163,-3.22617451606544,2.40000000000151,32.4000000000026,30.0000000000011,-150.897135443867,-5.64512884203581,8.3370878167144,-147.009519780465,28.6934,28.691,73868,"2026_01_14_0036","2026_01_14_0036_ev00496_rec1","no",277319
497,1,28.9615,-154.178483534294,-163.272169995696,-9.09368646140251,1.79999999999936,2.30000000000175,0,-152.833908875612,-3.79588602823451,7.94844871329354,1.93839984240009,28.9615,28.9586,79230,"2026_01_14_0036","2026_01_14_0036_ev00497_rec1","no",277320
498,1,28.97765,-151.883831327297,-154.870016914092,-2.98618558679524,1.00000000000122,5.2500000000002,6.55000000000072,-139.180944532801,-15.5470588686204,55.0427374638653,19.4540484918786,28.97755,28.9765,79553,"2026_01_14_0036","2026_01_14_0036_ev00498_rec1","no",277321
499,1,29.03715,-149.169640481403,-155.374158127148,-6.204517645745,5.34999999999997,3.24999999999775,2.05000000000055,-150.017780355381,-3.93475918382486,2.03253837433794,-55.9781609181683,29.0371,29.03175,80743,"2026_01_14_0036","2026_01_14_0036_ev00499_rec1","no",277322
500,1,29.1981,-152.682108645363,-159.201552120886,-6.51944347552214,0.499999999998835,9.15000000000177,11.1500000000007,-150.695272811052,-8.93619259330814,15.7277071957108,-68.8837798787618,29.1972,29.1967,83962,"2026_01_14_0036","2026_01_14_0036_ev00500_rec1","no",277323
501,1,29.36645,-156.22188901164,-160.289226324997,-4.06733731335618,0.0999999999997669,0.250000000001194,0,10.6639927290074,-166.283473578762,1137.10556362146,82.4775872536494,29.36635,29.36615,87329,"2026_01_14_0036","2026_01_14_0036_ev00501_rec1","no",277324
502,1,29.40525,-150.928161621552,-158.930817972387,-8.00265635083497,1.00000000000122,12.7000000000024,9.55000000000084,-131588.799504875,131438.896496036,315178.732173814,-165.224135963182,29.4045,29.40335,88105,"2026_01_14_0036","2026_01_14_0036_ev00502_rec1","no",277325
503,1,29.4304,-151.947217440423,-169.402151278941,-17.4549338385184,1.4499999999984,7.95000000000101,8.39999999999819,-153.412381450684,-17.0562630938349,6.83589470452995,-195.363613368854,29.42905,29.4269,88608,"2026_01_14_0036","2026_01_14_0036_ev00503_rec1","no",277326
504,1,29.4583,-155.619887377073,-160.16866668061,-4.54877930353706,0.0500000000016598,0.200000000003087,0,-153.209209221458,-2.45668753214255,2.96307581874384,64.484123399173,29.45815,29.4581,89166,"2026_01_14_0036","2026_01_14_0036_ev00504_rec1","no",277327
505,1,29.4808,-154.840133355033,-157.283279428759,-2.44314607372598,0.299999999999301,1.54999999999816,1.85000000000102,-150.858530613192,-6.76344641933871,5.75149207050169,79.6566223475215,29.4808,29.48045,89616,"2026_01_14_0036","2026_01_14_0036_ev00505_rec1","no",277328
506,1,29.56215,-157.121409672122,-161.488396651942,-4.36698697982035,0.349999999997408,1.55000000000172,1.75000000000125,-152.291686520105,-10.6551179234855,3.46311149810581,106.311901866376,29.56215,29.5616,91243,"2026_01_14_0036","2026_01_14_0036_ev00506_rec1","no",277329
507,1,29.6519,-156.016117610102,-165.013421321987,-8.99730371188568,0.399999999999068,2.59999999999749,2.74999999999892,-152.096623170766,-13.034017550652,4.68196863228802,52.9210632967725,29.65165,29.65125,93038,"2026_01_14_0036","2026_01_14_0036_ev00507_rec1","no",277330
508,1,29.8389,-153.297328162597,-167.57844620464,-14.2811180420432,3.35000000000107,4.20000000000087,4.3500000000023,-152.179641863675,-11.3416388300302,7.6209294209428,-87.911825474649,29.8383,29.83485,96778,"2026_01_14_0036","2026_01_14_0036_ev00508_rec1","no",277331
509,1,29.9052,-159.363341622232,-185.019363649831,-25.6560220275983,2.64999999999915,7.2999999999972,6.04999999999833,-162.967526908961,-23.9115528408138,4.31623741776995,-284.581178084946,29.904,29.9012,98104,"2026_01_14_0036","2026_01_14_0036_ev00509_rec1","no",277332
510,1,29.924,-158.769001878312,-174.170872529348,-15.4018706510361,1.79999999999936,4.24999999999898,3.70000000000203,-158.610218726345,-16.1648258372973,3.63431919434613,-81.0255210570042,29.9237,29.92165,98480,"2026_01_14_0036","2026_01_14_0036_ev00510_rec1","no",277333
511,1,29.9559,-158.055032237449,-170.125709187188,-12.0706769497387,0.450000000000728,3.84999999999991,3.65000000000038,-154.22925730117,-15.1898471942134,6.02865702958375,11.3081593089231,29.955,29.95455,99118,"2026_01_14_0036","2026_01_14_0036_ev00511_rec1","no",277334
512,1,29.99385,-155.738952719719,-158.578570895638,-2.8396181759189,0.0999999999962142,0.249999999997641,0.350000000000961,-152.500869672126,-4.89283687353659,2.83108408780813,82.9968368824141,29.99385,29.99375,99877,"2026_01_14_0036","2026_01_14_0036_ev00512_rec1","no",277335
513,1,30.0592,-156.499505465178,-160.99733042434,-4.49782495916236,0.0500000000016598,0.0500000000016598,0,-150.770063082581,-4.08549232564793,14.7419334055177,119.415948285073,30.0592,30.0591,101184,"2026_01_14_0036","2026_01_14_0036_ev00513_rec1","no",277336
514,1,30.09365,-150.975135325575,-159.581786207054,-8.60665088147934,1.20000000000076,2.05000000000055,30.0000000000011,-154.28873874778,-4.25549443743624,1.19084415849585,-132.849284585931,30.0913,30.0892,101873,"2026_01_14_0036","2026_01_14_0036_ev00514_rec1","no",277337
515,1,30.1193,-157.218352876716,-162.970688267969,-5.75233539125296,0.450000000000728,0.549999999996942,0,-151.24564288468,-4.27667753645062,19.2488429021163,113.391974377062,30.1193,30.11795,102386,"2026_01_14_0036","2026_01_14_0036_ev00515_rec1","no",277338
516,1,30.1553,-155.180778642335,-162.38233368503,-7.20155504269439,0.550000000000495,1.20000000000076,1.69999999999959,-155.166417921855,-4.02066565673117,4.15235129086731,-28.6161863790377,30.15365,30.1522,103106,"2026_01_14_0036","2026_01_14_0036_ev00516_rec1","no",277339
517,1,30.17365,-157.247861421542,-160.476704919402,-3.22884349785915,0.249999999997641,9.59999999999894,9.25000000000154,-1321899.39713589,1321785.71942012,273439.125106649,-865.610138444289,30.17365,30.1734,103473,"2026_01_14_0036","2026_01_14_0036_ev00517_rec1","no",277340
518,1,30.2034,-164.13447291969,-326.90419698351,-162.76972406382,6.19999999999976,19.1999999999979,18.3500000000016,-28.050151323287,-321.307665746179,37.2173168598358,-3330.77478243019,30.20165,30.19405,104068,"2026_01_14_0036","2026_01_14_0036_ev00518_rec1","no",277341
519,1,30.27005,-176.807218736566,-202.439805018406,-25.6325862818396,2.19999999999843,2.74999999999892,3.94999999999968,-184.317708327648,-20.8713228596843,1.66595153930862,-361.081693408369,30.26655,30.2643,105401,"2026_01_14_0036","2026_01_14_0036_ev00519_rec1","no",277342
520,1,30.29645,-169.998341772314,-200.063407234354,-30.0650654620402,9.3500000000013,33.5500000000017,0,-59071.267385479,58889.3833129402,549231.484261633,-629.642304824833,30.2952,30.2855,105929,"2026_01_14_0036","2026_01_14_0036_ev00520_rec1","no",277343
521,1,30.33605,-188.261402208648,-193.88839542374,-5.62699321509231,0.0999999999997669,0.750000000000028,0.750000000000028,-159.331148725905,-33.1664601287471,10.8485881633878,526.334588326582,30.3352,30.3351,106721,"2026_01_14_0036","2026_01_14_0036_ev00521_rec1","no",277344
522,1,30.37965,-167.442550435886,-179.287183440428,-11.8446330045421,0.750000000000028,28.8499999999985,17.2499999999971,-18300.7018532294,18131.397074191,124052.781733879,-132.99557046717,30.3794,30.37795,107593,"2026_01_14_0036","2026_01_14_0036_ev00522_rec1","no",277345
523,1,30.40105,-171.32061672068,-183.155180397362,-11.8345636766829,3.19999999999965,3.90000000000157,3.00000000000011,-175.657832571527,-8.21835030155163,0.566038624268852,-166.85858727233,30.3997,30.39645,108021,"2026_01_14_0036","2026_01_14_0036_ev00523_rec1","no",277346
524,1,30.4185,-163.606153347827,-185.39063349134,-21.7844801435134,0.849999999999795,13.8999999999996,14.9500000000025,-160.454312487915,-29.1240481282801,15.6518196149621,-345.948420749228,30.41665,30.4157,108370,"2026_01_14_0036","2026_01_14_0036_ev00524_rec1","no",277347
525,1,30.44805,-164.209030483262,-172.706306248654,-8.49727576539189,0.899999999997902,14.1500000000008,15.0500000000022,44152.6951342385,-44326.486867639,103613.99905612,-111.621063196307,30.4469,30.4457,108961,"2026_01_14_0036","2026_01_14_0036_ev00525_rec1","no",277348
526,1,30.5303,-160.163452967064,-164.131321054478,-3.96786808741365,0.150000000001427,0.150000000001427,0,-157.05810228694,-3.57322394210326,4.00132148627054,78.2363319834989,30.5302,30.53005,110606,"2026_01_14_0036","2026_01_14_0036_ev00526_rec1","no",277349
527,1,30.5524,-159.060604219732,-163.270767094083,-4.21016287435165,0.200000000003087,0.250000000001194,0,-155.380670796802,-3.30697290705871,2.49504833716183,101.944648857425,30.5524,30.55215,111048,"2026_01_14_0036","2026_01_14_0036_ev00527_rec1","no",277350
528,1,30.5859,-156.141096020977,-158.220407427916,-2.07931140693884,0.399999999999068,5.55000000000305,6.95000000000334,-156.335613699335,-3.38256953775034,3.91234046196196,-20.5446087458849,30.5859,30.5855,111718,"2026_01_14_0036","2026_01_14_0036_ev00528_rec1","no",277351
529,1,30.6362,-156.640100740145,-179.427854666651,-22.7877539265059,4.6500000000016,33.3000000000006,30.0000000000011,-168.896215544572,-17.9466959123392,3.25827135942378,-501.679371643284,30.6352,30.63015,112724,"2026_01_14_0036","2026_01_14_0036_ev00529_rec1","no",277352
530,1,30.66105,-161.223266273407,-180.565385756707,-19.3421194833003,0.650000000000261,8.64999999999938,8.65000000000293,-163.848322390762,-18.7008200305206,6.09457030616088,-243.831342306383,30.65885,30.65785,113221,"2026_01_14_0036","2026_01_14_0036_ev00530_rec1","no",277353
531,1,30.724,-158.771423282614,-165.11355580572,-6.34213252310664,0.199999999999534,22.4499999999992,18.9500000000002,-88268.693217319,88112.562683533,334607.094037134,-40.5684982102696,30.724,30.72345,114480,"2026_01_14_0036","2026_01_14_0036_ev00531_rec1","no",277354
532,1,30.7529,-159.82096246259,-176.838441394014,-17.0174789314238,0.949999999999562,9.6500000000006,11.5499999999997,-157.443062489687,-20.7939158733596,13.197675816877,-194.111992774376,30.75245,30.7509,115058,"2026_01_14_0036","2026_01_14_0036_ev00532_rec1","no",277355
533,1,30.7879,-162.411254461292,-168.382047674269,-5.97079321297656,0.199999999999534,1.54999999999816,1.69999999999959,-157.380266068241,-10.891836249631,4.10596920022254,103.148508253733,30.78745,30.78715,115758,"2026_01_14_0036","2026_01_14_0036_ev00533_rec1","no",277356
534,1,30.8876,-156.167302710617,-159.393809154978,-3.2265064443603,0.199999999999534,30.149999999999,30.0000000000011,-34818.1456465264,34665.0089672858,319314.396679249,41.886395204707,30.8876,30.8874,117752,"2026_01_14_0036","2026_01_14_0036_ev00534_rec1","no",277357
535,1,30.9376,-159.299249277044,-253.217683560781,-93.9184342837367,8.64999999999938,15.7500000000006,12.3500000000014,-152.89713017121,-107.57366130935,12.8682715137393,-1611.60741477695,30.93695,30.92725,118752,"2026_01_14_0036","2026_01_14_0036_ev00535_rec1","no",277358
536,1,31.0017,-166.77043275592,-199.837393029509,-33.0669602735885,2.20000000000198,8.50000000000151,8.70000000000104,-162.301457481304,-34.9740925727339,11.7968500759155,-317.980646750853,31.001,30.99865,120034,"2026_01_14_0036","2026_01_14_0036_ev00536_rec1","no",277359
537,1,31.06375,-161.136222377222,-173.46178617771,-12.3255638004883,2.44999999999962,3.75000000000014,4.54999999999828,-161.338001764388,-15.3443077830458,3.62838810218791,-105.464954968549,31.0624,31.05985,121275,"2026_01_14_0036","2026_01_14_0036_ev00537_rec1","no",277360
538,1,31.0952,-158.868233833492,-180.951893276745,-22.0836594432533,5.09999999999877,7.14999999999932,9.29999999999964,-153.896515394117,-18.9492326782043,25.4302914601063,-262.193155925675,31.0948,31.0896,121904,"2026_01_14_0036","2026_01_14_0036_ev00538_rec1","no",277361
539,1,31.15135,-165.427347412037,-181.515152942059,-16.087805530022,1.40000000000029,5.29999999999831,3.89999999999802,-159.347014615606,-26.0595612916701,5.06378772412341,15.1106647441201,31.14985,31.1484,123027,"2026_01_14_0036","2026_01_14_0036_ev00539_rec1","no",277362
540,1,31.1772,-162.389541637228,-166.061949681726,-3.67240804449844,0.249999999997641,0.299999999999301,0.350000000000961,-156.890337138176,-7.7613845981411,2.94021138840947,141.04301851291,31.1768,31.1761,123544,"2026_01_14_0036","2026_01_14_0036_ev00540_rec1","no",277363
541,1,31.20685,-156.915895102594,-168.045614147483,-11.1297190448884,1.1499999999991,4.79999999999947,5.20000000000209,-155.371660343512,-13.4496167325827,6.02870865240245,-43.5869747625414,31.20665,31.2055,124137,"2026_01_14_0036","2026_01_14_0036_ev00541_rec1","no",277364
542,1,31.2623,-155.756130629617,-177.172657913387,-21.4165272837696,1.30000000000052,8.94999999999868,10.3500000000025,-147.308902045115,-27.2630118203645,20.2678321675294,-217.364964722189,31.2608,31.2593,125246,"2026_01_14_0036","2026_01_14_0036_ev00542_rec1","no",277365
543,1,31.31445,-152.949839465936,-165.514179247926,-12.5643397819895,1.35000000000218,6.19999999999976,6.55000000000072,-152.353682001549,-13.6268364865325,6.88578267466156,-94.2654662050659,31.31375,31.31205,126289,"2026_01_14_0036","2026_01_14_0036_ev00543_rec1","no",277366
544,1,31.3958,-150.038139211035,-154.636204307644,-4.59806509660928,0.550000000000495,4.04999999999944,1.24999999999886,-113286.206336153,113134.806728401,424375.486142646,-164.99694336079,31.3958,31.39525,127916,"2026_01_14_0036","2026_01_14_0036_ev00544_rec1","no",277367
545,1,31.42225,-157.165258597216,-165.599554219993,-8.43429562277683,2.34999999999985,2.15000000000032,2.15000000000032,-153.569959997955,-10.8433055929387,4.48897224774971,48.5277793726941,31.4221,31.4197,128445,"2026_01_14_0036","2026_01_14_0036_ev00545_rec1","no",277368
546,1,31.43905,-149.988455287607,-158.068860233752,-8.08040494614508,0.199999999999534,6.29999999999953,6.75000000000381,-146.133177902921,-14.753162368808,8.80298920211882,-20.5771106050964,31.4379,31.4377,128781,"2026_01_14_0036","2026_01_14_0036_ev00546_rec1","no",277369
547,1,31.48145,-150.781365335534,-231.337390699963,-80.5560253644289,5.44999999999973,10.5000000000004,11.0500000000009,-156.640035064904,-80.393766906128,9.11270097147467,-1132.08791644741,31.48095,31.474,129629,"2026_01_14_0036","2026_01_14_0036_ev00547_rec1","no",277370
548,1,31.5762,-155.126336476153,-184.418342026945,-29.2920055507923,5.65000000000282,12.3999999999995,30.0000000000011,-166.879762995063,-18.0761445636471,4.28786221544236,-549.497106386269,31.5755,31.5694,131524,"2026_01_14_0036","2026_01_14_0036_ev00548_rec1","no",277371
549,1,31.6136,-171.662048226658,-193.93262417165,-22.2705759449918,3.19999999999965,7.34999999999886,7.34999999999886,-153.226154045897,-44.2192191844004,14.5824439062115,-134.969618841837,31.60825,31.60375,132272,"2026_01_14_0036","2026_01_14_0036_ev00549_rec1","no",277372
550,1,31.64565,-164.895763089621,-168.570365876207,-3.67460278658604,0.199999999999534,0.150000000001427,0.350000000000961,-159.153712689688,-7.68843714800721,4.63855256421868,135.496829722841,31.6454,31.645,132913,"2026_01_14_0036","2026_01_14_0036_ev00550_rec1","no",277373
551,1,31.7038,-166.741035347721,-186.069094922414,-19.3280595746932,2.85000000000224,4.20000000000087,3.89999999999802,-162.697116577649,-25.3757489176467,4.76772457268073,-33.3734872475408,31.7037,31.69765,134076,"2026_01_14_0036","2026_01_14_0036_ev00551_rec1","no",277374
552,1,31.75065,-165.435268281073,-206.562444344158,-41.1271760630848,2.49999999999773,6.75000000000026,7.14999999999932,-169.840586507923,-36.0683993709651,5.91955268988136,-423.82828222357,31.7504,31.74775,135013,"2026_01_14_0036","2026_01_14_0036_ev00552_rec1","no",277375
553,1,31.77645,-165.415062374808,-176.834337472548,-11.4192750977399,0.550000000000495,5.39999999999807,6.9999999999979,-134.164904979716,-40.8438477771761,49.837781458338,8.73195811949013,31.77615,31.7756,135529,"2026_01_14_0036","2026_01_14_0036_ev00553_rec1","no",277376
554,1,31.82045,-166.320064861383,-172.511662329693,-6.1915974683094,0.150000000001427,6.9999999999979,8.09999999999889,37711.580137632,-37882.5201893264,131849.747720416,-19.9222158939115,31.81905,31.8187,136409,"2026_01_14_0036","2026_01_14_0036_ev00554_rec1","no",277377
555,1,31.8343,-163.466798943616,-175.331403077122,-11.8646041335059,1.24999999999886,2.69999999999726,3.44999999999729,-132.30769130686,-37.9451030846251,52.9410431709536,51.7235556354832,31.83335,31.832,136686,"2026_01_14_0036","2026_01_14_0036_ev00555_rec1","no",277378
556,1,31.87975,-156.489133513632,-167.189263950757,-10.7001304371248,0.699999999998369,6.19999999999976,9.29999999999964,-159.911975397195,-6.88844622333516,3.64829014441608,-143.77415297614,31.8785,31.8771,137595,"2026_01_14_0036","2026_01_14_0036_ev00556_rec1","no",277379
557,1,31.92305,-162.651941232204,-180.32846119101,-17.6765199588065,5.74999999999903,12.7999999999986,15.4999999999994,95159.1193965236,-95335.914757798,194368.676015347,-285.020668908561,31.92215,31.91635,138461,"2026_01_14_0036","2026_01_14_0036_ev00557_rec1","no",277380
558,1,31.95545,-162.367181355619,-167.695909767223,-5.32872841160403,0.250000000001194,3.00000000000011,4.050000000003,90558.3370497692,-90724.5970291226,190233.305007503,94.6938805419832,31.9554,31.9548,139109,"2026_01_14_0036","2026_01_14_0036_ev00558_rec1","no",277381
559,1,32.02615,-159.156998754377,-172.715157027636,-13.5581582732599,3.25000000000131,8.94999999999868,7.6000000000036,-141.241001309854,-28.5274852250081,34.8014491207109,-81.6632742150293,32.0246,32.02125,140523,"2026_01_14_0036","2026_01_14_0036_ev00559_rec1","no",277382
560,1,32.1042,-151.3249223892,-160.913417746101,-9.58849535690084,0.999999999997669,10.2000000000046,24.8500000000007,-154.861221682731,-9.61368880178968,3.69040608531603,-168.761200960389,32.10235,32.10065,142084,"2026_01_14_0036","2026_01_14_0036_ev00560_rec1","no",277383
561,1,32.1328,-152.176467727708,-170.710819755986,-18.5343520282781,1.65000000000504,6.54999999999717,9.10000000000366,-157.594806340513,-14.0621388989613,3.99362273932675,-237.885768583008,32.1327,32.131,142656,"2026_01_14_0036","2026_01_14_0036_ev00561_rec1","no",277384
562,1,32.1757,-163.627156428421,-176.186467519285,-12.5593110908633,0.849999999999795,3.74999999999659,4.04999999999944,-145.948605536541,-27.3816709370161,19.8669374127174,95.7135745896101,32.1752,32.1741,143514,"2026_01_14_0036","2026_01_14_0036_ev00562_rec1","no",277385
563,1,32.23055,-155.049786974869,-193.767199580975,-38.7174126061064,4.64999999999804,17.1500000000009,6.60000000000593,-165.382840390406,-29.9121951126918,3.27206275310912,-815.321466108769,32.22115,32.21435,144611,"2026_01_14_0036","2026_01_14_0036_ev00563_rec1","no",277386
564,1,32.2555,-162.004620153797,-178.722596576766,-16.7179764229693,0.750000000003581,3.25000000000131,3.74999999999659,-158.716235107637,-18.1537898002654,5.77668951124701,-17.8776834216618,32.25515,32.2541,145110,"2026_01_14_0036","2026_01_14_0036_ev00564_rec1","no",277387
565,1,32.2943,-158.5457503063,-188.186918591999,-29.6411682856992,9.19999999999988,12.3000000000033,6.34999999999764,-158.294202953183,-23.6282232292138,8.50678660929854,-327.66962849587,32.29395,32.28465,145886,"2026_01_14_0036","2026_01_14_0036_ev00565_rec1","no",277388
566,1,32.3275,-159.009006656839,-164.156133951682,-5.14712729484293,0.10000000000332,0.0500000000016598,0,-155.235991418113,-5.08268773721037,5.09186117805434,87.2724631811695,32.3275,32.3274,146550,"2026_01_14_0036","2026_01_14_0036_ev00566_rec1","no",277389
567,1,32.40525,-159.838847349261,-166.98350369116,-7.14465634189872,0.350000000004513,7.75000000000148,6.85000000000002,-151.383831291568,-18.6054639879293,13.2702392053192,17.3712524808155,32.4041,32.40325,148105,"2026_01_14_0036","2026_01_14_0036_ev00567_rec1","no",277390
568,1,32.44535,-155.463725638719,-171.816798032863,-16.3530723941443,1.4500000000055,7.75000000000148,8.89999999999702,-151.901468327804,-17.9902936826482,14.1751471373094,-141.026850607964,32.4448,32.44325,148907,"2026_01_14_0036","2026_01_14_0036_ev00568_rec1","no",277391
569,1,32.51885,-158.057440427506,-162.931897853169,-4.87445742566328,0.200000000006639,0.150000000004979,0,-152.079991311653,-6.33045098989156,12.2239741988737,108.365966037418,32.51885,32.5185,150377,"2026_01_14_0036","2026_01_14_0036_ev00569_rec1","no",277392
570,1,32.6199,-157.905311359775,-164.555173361608,-6.64986200183341,0.0500000000016598,0.0499999999945544,0.500000000002387,-151.413967724389,-9.7482430535885,5.97190548596715,135.93615433618,32.61975,32.6197,152398,"2026_01_14_0036","2026_01_14_0036_ev00570_rec1","no",277393
571,1,32.667,-152.050337841634,-160.62537717446,-8.57503933282638,0.149999999997874,3.45000000000084,6.85000000000002,-136.686743449604,-20.6806940754079,62.7422081249994,-33.9935952233819,32.66685,32.66655,153340,"2026_01_14_0036","2026_01_14_0036_ev00571_rec1","no",277394
572,1,32.71355,-153.43159535059,-172.037631699128,-18.6060363485382,1.39999999999674,2.84999999999513,3.54999999999706,-155.092222701787,-12.4203656147337,4.11950611294935,-123.12700711975,32.713,32.71145,154271,"2026_01_14_0036","2026_01_14_0036_ev00572_rec1","no",277395
573,1,32.75135,-157.884757363386,-178.78464400515,-20.899886641764,2.34999999999985,6.00000000000023,5.05000000000422,-154.514492789976,-20.6687674335897,8.15537135607571,-110.864171588112,32.7499,32.7466,155027,"2026_01_14_0036","2026_01_14_0036_ev00573_rec1","no",277396
574,1,32.82325,-153.711303714929,-161.683373543732,-7.97206982880272,0.750000000003581,2.85000000000224,3.55000000000416,-152.107833551736,-7.30647593780495,7.53704909080261,-12.7166386574014,32.8227,32.82195,156465,"2026_01_14_0036","2026_01_14_0036_ev00574_rec1","no",277397
575,1,32.90295,-149.958676128557,-172.177083132618,-22.2184070040611,1.30000000000052,6.20000000000687,6.79999999999836,-151.326561333367,-20.6258665522119,6.15168724243138,-199.044789378224,32.90245,32.9008,158059,"2026_01_14_0036","2026_01_14_0036_ev00575_rec1","no",277398
576,1,32.98485,-148.762277488566,-172.481934032804,-23.7196565442389,1.24999999999886,10.6000000000037,14.5000000000053,-150.179247303594,-20.7179820197483,13.994496907331,-325.678549020267,32.9843,32.98285,159697,"2026_01_14_0036","2026_01_14_0036_ev00576_rec1","no",277399
577,1,33.03405,-151.734489825186,-157.95959685763,-6.22510703244393,0.199999999992428,30.149999999999,30.0000000000011,-4053.00937184555,3901.17769183624,273173.336374275,-10.0497970844077,33.03405,33.03385,160681,"2026_01_14_0036","2026_01_14_0036_ev00577_rec1","no",277400
578,1,33.07415,-153.215217155921,-161.918708307144,-8.70349115122264,1.90000000000623,9.49999999999562,7.20000000000454,-149.394058959754,-11.8597419911463,13.8276697506375,-56.8521443317613,33.07195,33.0697,161483,"2026_01_14_0036","2026_01_14_0036_ev00578_rec1","no",277401
579,1,33.14045,-155.095722344035,-174.44083567287,-19.3451133288351,0.999999999997669,4.099999999994,6.75000000000381,-150.022507755592,-18.2308656543598,16.8887788374461,-115.089270093119,33.1403,33.13925,162809,"2026_01_14_0036","2026_01_14_0036_ev00579_rec1","no",277402
580,1,33.249,-157.381226465927,-208.255870694898,-50.874644228971,7.69999999999982,12.9000000000019,11.099999999999,-149.719325443617,-61.6466528322237,13.1602339811884,-762.097528106763,33.2478,33.23845,164980,"2026_01_14_0036","2026_01_14_0036_ev00580_rec1","no",277403
581,1,33.3026,-160.65616647795,-168.36419415414,-7.70802767618969,5.94999999999857,9.00000000000034,6.05000000000189,65577.9199290422,-65743.5302432066,189144.689705269,-28.4107941469463,33.30185,33.29515,166052,"2026_01_14_0036","2026_01_14_0036_ev00581_rec1","no",277404
582,1,33.38165,-151.980955506025,-169.161530160848,-17.1805746548233,1.15000000000265,8.85000000000247,11.7500000000064,-151.340391341866,-14.8238084991034,15.6243478086075,-196.87428172263,33.38115,33.3799,167633,"2026_01_14_0036","2026_01_14_0036_ev00582_rec1","no",277405
583,1,33.40915,-155.254770510934,-159.741218619711,-4.48644810877695,0.199999999999534,0.0500000000016598,0,-152.915824700737,-3.19935056791108,2.49884267531057,61.8355537856319,33.40915,33.40895,168183,"2026_01_14_0036","2026_01_14_0036_ev00583_rec1","no",277406
584,1,33.45235,-154.158300695622,-156.7260135216,-2.56771282597737,0.10000000000332,0.299999999995748,1.15000000000265,-152.841189993773,-2.68945312362217,6.68402679546942,20.5012221840693,33.45205,33.45195,169047,"2026_01_14_0036","2026_01_14_0036_ev00584_rec1","no",277407
585,1,33.5122,-154.027544949551,-168.221009896891,-14.1934649473402,0.849999999999795,10.8999999999995,20.7500000000067,-158.776284624642,-9.64043123630053,7.03289263652121,-225.157075641866,33.5116,33.51015,170244,"2026_01_14_0036","2026_01_14_0036_ev00585_rec1","no",277408
586,1,33.603,-155.010441578822,-183.105281386165,-28.0948398073425,3.39999999999918,8.15000000000055,7.75000000000148,-155.622934191295,-25.2299998527465,8.18806711373322,-296.421632039333,33.60285,33.59935,172060,"2026_01_14_0036","2026_01_14_0036_ev00586_rec1","no",277409
587,1,33.6967,-163.33144563792,-172.15166302984,-8.82021739191995,1.55000000000172,3.69999999999493,2.25000000000364,-159.310123935744,-14.9473991768729,3.1041286453034,62.0668899878736,33.69605,33.69345,173934,"2026_01_14_0036","2026_01_14_0036_ev00587_rec1","no",277410
588,1,33.76045,-153.855837716472,-157.713998870804,-3.85816115433133,0.350000000004513,23.450000000004,20.6499999999963,-27677.2632667238,27526.1961014461,134650.934064084,-8.79715438548122,33.76045,33.7601,175209,"2026_01_14_0036","2026_01_14_0036_ev00588_rec1","no",277411
589,1,33.80325,-157.622851860501,-168.9380164028,-11.315164542299,0.499999999995282,5.80000000000069,5.80000000000069,-155.630827522188,-14.3751121612901,6.8418922780983,-60.5181517293202,33.80185,33.801,176065,"2026_01_14_0036","2026_01_14_0036_ev00589_rec1","no",277412
590,1,33.886,-157.68381019502,-186.430345719132,-28.7465355241128,2.35000000000696,9.39999999999941,10.1999999999975,-162.390457065287,-25.6672028672759,6.94968672011204,-387.043012359978,33.8853,33.88195,177720,"2026_01_14_0036","2026_01_14_0036_ev00590_rec1","no",277413
591,1,33.90875,-158.234414231898,-171.009863330086,-12.7754490981872,2.24999999999653,3.5000000000025,4.14999999999566,-153.250044492998,-15.7485766667276,8.54532432942821,-16.6590289511352,33.90695,33.90465,178175,"2026_01_14_0036","2026_01_14_0036_ev00591_rec1","no",277414
592,1,33.9398,-153.75703142369,-166.58819749905,-12.8311660753602,0.549999999996942,8.40000000000174,10.1000000000013,-151.240328077272,-15.22430215604,13.6425630584669,-125.150244111565,33.939,33.9384,178796,"2026_01_14_0036","2026_01_14_0036_ev00592_rec1","no",277415
593,1,33.98045,-153.515823438266,-174.345056459662,-20.8292330213967,1.04999999999933,4.99999999999545,6.30000000000308,-154.194831102694,-18.5923160105697,6.47267608481278,-155.679209713206,33.9802,33.9787,179609,"2026_01_14_0036","2026_01_14_0036_ev00593_rec1","no",277416
594,1,34.0154,-154.307491920007,-156.621037069086,-2.3135451490794,0.200000000006639,0.0500000000016598,0,21208.5531392984,-21362.0811304108,171120.598395962,79.1220842092777,34.0154,34.0152,180308,"2026_01_14_0036","2026_01_14_0036_ev00594_rec1","no",277417
595,1,34.0356,-150.363664300214,-155.209415687896,-4.84575138768196,0.299999999995748,0.149999999997874,0.750000000003581,-149.670422365059,-3.24446275490033,2.78016926142865,10.2392426589675,34.0356,34.0353,180712,"2026_01_14_0036","2026_01_14_0036_ev00595_rec1","no",277418
596,1,34.0932,-157.053445646455,-174.242167558404,-17.1887219119488,1.20000000000431,7.05000000000666,8.89999999999702,-149.097350450166,-18.5793708320006,34.0828336070557,-174.238073198573,34.09115,34.0898,181864,"2026_01_14_0036","2026_01_14_0036_ev00596_rec1","no",277419
597,1,34.1383,-158.477296306486,-161.052171693593,-2.57487538710629,0.10000000000332,0.10000000000332,0,-154.39657695081,-3.39285604091941,7.46937458771724,97.6385135866554,34.1383,34.1382,182766,"2026_01_14_0036","2026_01_14_0036_ev00597_rec1","no",277420
598,1,34.1851,-160.588789753486,-168.532529285093,-7.94373953160621,2.20000000000198,0.0500000000016598,0,-159.97460767206,-2.44290119189148,3.06847723433552,8.82849093796509,34.18485,34.18145,183702,"2026_01_14_0036","2026_01_14_0036_ev00598_rec1","no",277421
599,1,34.2102,-155.286659676155,-164.530678139931,-9.24401846377654,1.15000000000265,14.9000000000044,16.0499999999928,-154.866494494873,-9.65163268557692,17.436389860185,-156.817098111457,34.20735,34.206,184204,"2026_01_14_0036","2026_01_14_0036_ev00599_rec1","no",277422
600,1,34.27115,-160.888059673901,-169.725809255643,-8.83774958174121,1.15000000000265,3.99999999999778,5.34999999999997,-138.331889208991,-30.4812298028172,32.1763727376443,75.8284867366596,34.2705,34.2683,185423,"2026_01_14_0036","2026_01_14_0036_ev00600_rec1","no",277423
601,1,34.34215,-154.151302233038,-172.963625872216,-18.8123236391787,1.80000000000291,4.85000000000468,5.74999999999903,-154.806344444768,-13.6701227993633,7.42447406145403,-146.786315029807,34.3419,34.33995,186843,"2026_01_14_0036","2026_01_14_0036_ev00601_rec1","no",277424
602,1,34.4443,-157.081862134622,-160.261005682488,-3.17914354786583,0.199999999999534,1.30000000000052,1.30000000000052,-154.268111715058,-6.27143563186457,2.83661560118684,65.6686024624397,34.4441,34.4439,188886,"2026_01_14_0036","2026_01_14_0036_ev00602_rec1","no",277425
603,1,34.4898,-155.618475500381,-169.475460546309,-13.8569850459276,1.10000000000099,8.80000000000081,8.29999999999842,-154.76412860401,-17.7566648090893,7.61703000859737,-152.812503896865,34.48755,34.4864,189796,"2026_01_14_0036","2026_01_14_0036_ev00603_rec1","no",277426
604,1,34.5363,-153.537027452193,-157.739710116548,-4.20268266435474,0.0500000000016598,1.65000000000504,2.60000000000105,-152.038169992846,-4.27669127802234,7.70594147801632,11.126951710887,34.53605,34.5359,190726,"2026_01_14_0036","2026_01_14_0036_ev00604_rec1","no",277427
605,1,34.6828,-155.823722733599,-162.052878225488,-6.22915549188926,1.80000000000291,0.399999999999068,3.14999999999799,-126.01106673173,-32.8269093235943,145.20261666606,-9.73689328495411,34.6814,34.67925,193656,"2026_01_14_0036","2026_01_14_0036_ev00605_rec1","no",277428
606,1,34.7013,-157.23367487157,-160.231944035833,-2.99826916426315,0,0,0,-150.611081548347,-7.14523979935232,6.32033459028864,153.733749831653,34.7013,34.7012,194026,"2026_01_14_0036","2026_01_14_0036_ev00606_rec1","no",277429
607,1,34.77015,-156.42950109159,-166.278735489682,-9.84923439809234,4.30000000000064,5.39999999999452,2.84999999999513,-153.816649014197,-11.3749530604784,4.75147912508784,-5.97935702034258,34.77,34.7655,195403,"2026_01_14_0036","2026_01_14_0036_ev00607_rec1","no",277430
608,1,34.96315,-156.568710968416,-164.117351830206,-7.54864086179018,0.300000000002854,0.650000000000261,1.04999999999933,-155.553816191852,-5.58731076367548,2.78909534092373,13.774682840823,34.96315,34.9628,199263,"2026_01_14_0036","2026_01_14_0036_ev00608_rec1","no",277431
609,1,35.0112,-157.020205543155,-159.60693359375,-2.58672805059524,0.199999999999534,0.149999999997874,0,-149.882168684925,-6.86548612546586,19.9044860082968,107.652575647263,35.0112,35.011,200224,"2026_01_14_0036","2026_01_14_0036_ev00609_rec1","no",277432
610,1,35.0569,-156.206402733212,-158.99658203125,-2.79017929803757,0.199999999999534,0.450000000000728,0.199999999999534,-153.025115235929,-9.62552261357817,0.249917736006174,92.1576174599784,35.0569,35.05665,201138,"2026_01_14_0036","2026_01_14_0036_ev00610_rec1","no",277433
611,1,35.2148,-151.65783110119,-155.029296875,-3.37146577380952,0.700000000001921,0.94999999999601,0.700000000001921,-149.40558897951,-4.10977643589308,4.4357371719497,48.3267647879466,35.2148,35.21395,204296,"2026_01_14_0036","2026_01_14_0036_ev00611_rec1","no",277434
612,1,35.27105,-153.997512090774,-160.827621459961,-6.83010936918714,0.89999999999435,5.95000000000567,6.05000000000189,-151.637130603751,-9.95478630663942,8.50496380981921,-23.457437497094,35.2699,35.2685,205421,"2026_01_14_0036","2026_01_14_0036_ev00612_rec1","no",277435
614,1,35.59105,-153.779529389881,-165.405258178711,-11.62572878883,1.35000000000218,2.54999999999939,1.35000000000218,-151.710446323666,-8.71112350430899,4.39382954208226,14.5372770036973,35.59105,35.58885,211821,"2026_01_14_0036","2026_01_14_0036_ev00614_rec1","no",277437
615,1,35.67165,-158.13918195452,-162.048324584961,-3.90914263044084,0.0500000000016598,3.25000000000131,0.249999999994088,-151.864466653442,-7.92489246300716,9.86105725418065,104.672377450126,35.6681,35.66755,213433,"2026_01_14_0036","2026_01_14_0036_ev00615_rec1","no",277438
616,1,35.69015,-153.881254650298,-156.25,-2.36874534970238,0.0999999999962142,0,0,-151.698351304195,-3.06683455423943,3.76151103538933,53.6989484514509,35.69015,35.69005,213803,"2026_01_14_0036","2026_01_14_0036_ev00616_rec1","no",277439
617,1,35.75415,-148.286365327381,-151.9775390625,-3.69117373511904,0.499999999995282,16.5000000000006,14.7499999999994,-144.979651562009,-7.52661308897472,30.974853122635,-65.9699212937124,35.7498,35.749,215083,"2026_01_14_0036","2026_01_14_0036_ev00617_rec1","no",277440
618,1,35.80525,-150.422595796131,-167.541488647461,-17.11889285133,4.55000000000183,14.400000000002,12.3999999999995,-150.619751320681,-21.3763397707991,9.93725199656341,-292.617974998837,35.8039,35.79925,216105,"2026_01_14_0036","2026_01_14_0036_ev00618_rec1","no",277441
619,1,35.8558,-152.951195126488,-164.184555053711,-11.2333599272228,3.14999999999799,4.99999999999545,2.65000000000271,-152.48528083494,-10.0912617058564,3.36406805511786,-37.0203470865883,35.85555,35.85235,217116,"2026_01_14_0036","2026_01_14_0036_ev00619_rec1","no",277442
620,1,35.99395,-152.064732142857,-157.470703125,-5.40597098214286,0.349999999997408,7.75000000000148,5.69999999999737,-152.829244638319,-4.99003627760538,4.06793343651102,-58.6744020734516,35.99155,35.98985,219879,"2026_01_14_0036","2026_01_14_0036_ev00620_rec1","no",277443
621,1,36.03065,-157.761345272972,-212.707504272461,-54.9461589994885,2.34999999999275,5.64999999999571,5.90000000000401,-162.768549773574,-54.0088404178765,4.68117456719762,-487.890317190261,36.0302,36.02765,220613,"2026_01_14_0036","2026_01_14_0036_ev00621_rec1","no",277444
622,1,36.05845,-159.287221272786,-172.729476928711,-13.4422556559245,2.00000000000244,4.64999999999804,3.75000000000369,-148.322892148425,-18.7012523259708,23.3501092939406,-15.8723594665524,36.05695,36.0546,221169,"2026_01_14_0036","2026_01_14_0036_ev00622_rec1","no",277445
623,1,36.152,-154.796781994048,-158.0810546875,-3.28427269345238,0.250000000001194,0.700000000001921,0.799999999998136,-152.493133144031,-4.49898929137434,3.35547969119212,53.1794237772624,36.15195,36.1517,223040,"2026_01_14_0036","2026_01_14_0036_ev00623_rec1","no",277446
624,1,36.31535,-154.767717633929,-159.3017578125,-4.53404017857142,0.0500000000016598,0.149999999997874,0,-151.277500701482,-4.89215653395497,7.65810559060103,67.2073371887211,36.31535,36.31505,226307,"2026_01_14_0036","2026_01_14_0036_ev00624_rec1","no",277447
625,1,36.5326,-155.93029203869,-158.0810546875,-2.15076264880952,0.0999999999962142,1.39999999999674,1.10000000000099,-153.111336350051,-4.93190190825137,3.6084225445149,65.9568423316594,36.53195,36.53165,230652,"2026_01_14_0036","2026_01_14_0036_ev00625_rec1","no",277448
626,1,36.6129,-155.537923177083,-158.0810546875,-2.54313151041666,0.599999999991496,30.4000000000002,30.0000000000011,-9975.14095589552,9821.67901147046,119699.0212544,24.7675669352216,36.6128,36.61215,232258,"2026_01_14_0036","2026_01_14_0036_ev00626_rec1","no",277449
627,1,36.6329,-151.65783110119,-159.912109375,-8.25427827380952,0.700000000001921,7.24999999999909,6.49999999999551,-153.222337620814,-5.37899968965862,5.05347264601554,-96.704021272205,36.6296,36.62865,232658,"2026_01_14_0036","2026_01_14_0036_ev00627_rec1","no",277450
628,1,36.67305,-154.869442894345,-166.625961303711,-11.7565184093657,0.700000000001921,7.50000000000739,8.15000000000055,-154.846766130519,-13.0042356105194,7.46770124898131,-113.632796005976,36.6716,36.6709,233461,"2026_01_14_0036","2026_01_14_0036_ev00628_rec1","no",277451
629,1,36.7729,-153.982979910714,-158.99658203125,-5.01360212053572,0.199999999999534,0.499999999995282,0,-152.442705051049,-2.71697455121527,3.02987584958325,36.8543352399551,36.7728,36.7724,235458,"2026_01_14_0036","2026_01_14_0036_ev00629_rec1","no",277452
630,1,36.81295,-153.096516927083,-157.470703125,-4.37418619791666,0.0999999999962142,0.200000000006639,0.299999999995748,-151.162301051977,-3.81588318241447,4.13855903337752,41.3920084635419,36.8128,36.81265,236259,"2026_01_14_0036","2026_01_14_0036_ev00630_rec1","no",277453
631,1,36.86345,-153.445289248512,-207.214340209961,-53.769050961449,2.49999999999773,9.0499999999949,9.14999999999822,-154.953877249978,-55.569154905183,8.26811526863744,-628.85903238569,36.86205,36.85945,237269,"2026_01_14_0036","2026_01_14_0036_ev00631_rec1","no",277454
632,1,36.9196,-160.042891729446,-162.353500366211,-2.31060863676527,0.150000000004979,0.250000000001194,0,-156.243412876174,-3.26324238581778,1.461678819014,108.588970692952,36.91955,36.9193,238392,"2026_01_14_0036","2026_01_14_0036_ev00632_rec1","no",277455
633,1,36.94145,-154.825846354167,-160.5224609375,-5.69661458333334,0.149999999997874,0.399999999999068,2.40000000000151,-152.302429970271,-5.34461885590458,16.8277646495852,-1.85902150472035,36.941,36.9408,238829,"2026_01_14_0036","2026_01_14_0036_ev00633_rec1","no",277456
634,1,37.0092,-154.448009672619,-171.203598022461,-16.7555883498419,0.800000000005241,6.05000000000189,7.40000000000407,-156.012686243058,-14.8168721538978,6.34832738335758,-157.085073016939,37.0086,37.0078,240184,"2026_01_14_0036","2026_01_14_0036_ev00634_rec1","no",277457
635,1,37.09235,-157.659618559338,-202.636703491211,-44.9770849318732,5.95000000000567,19.7000000000003,21.7999999999989,-166.399434300739,-38.2036400038761,13.8354462772311,-914.991745485579,37.0918,37.08565,241847,"2026_01_14_0036","2026_01_14_0036_ev00635_rec1","no",277458
636,1,37.1754,-159.461608886719,-170.898422241211,-11.4368133544922,0.750000000003581,3.5000000000025,3.84999999999991,-161.608300808083,-11.1885113118092,2.29825927564123,-101.917588043213,37.17485,37.17395,243508,"2026_01_14_0036","2026_01_14_0036_ev00636_rec1","no",277459
637,1,37.1976,-161.757684616815,-169.372543334961,-7.61485871814546,1.55000000000172,4.00000000000489,2.65000000000271,-157.429481813809,-10.9210999498921,6.29350588470101,50.8450160798574,37.196,37.1943,243952,"2026_01_14_0036","2026_01_14_0036_ev00637_rec1","no",277460
638,1,37.3978,-155.857631138393,-171.203598022461,-15.3459668840681,0.999999999997669,6.04999999999478,6.1499999999981,-156.4137404569,-16.067918132661,5.37340818670372,-130.742594800676,37.39665,37.3956,247956,"2026_01_14_0036","2026_01_14_0036_ev00638_rec1","no",277461
639,1,37.458,-156.366256713867,-158.69140625,-2.32514953613281,0.0499999999945544,3.34999999999752,3.79999999999825,-155.791876283369,-3.53964047900755,4.21679995589521,1.21380043029785,37.4577,37.45765,249160,"2026_01_14_0036","2026_01_14_0036_ev00639_rec1","no",277462
640,1,37.54065,-161.757683890206,-164.489730834961,-2.73204694475447,0.300000000002854,0.200000000006639,0,42195.1210647771,-42355.4665483138,263317.860405602,114.181589344569,37.54065,37.54015,250813,"2026_01_14_0036","2026_01_14_0036_ev00640_rec1","no",277463
641,1,37.61825,-158.502485729399,-168.151840209961,-9.64935448056176,0.699999999994816,4.14999999999566,5.20000000000209,-156.870887908764,-10.6395473514697,7.28272626279645,-33.0043051765078,37.618,37.61705,252365,"2026_01_14_0036","2026_01_14_0036_ev00641_rec1","no",277464
642,1,37.6954,-156.744092668806,-166.015609741211,-9.27151707240515,0.700000000001921,4.04999999999944,5.24999999999665,-158.481654277835,-8.53028760363201,3.26140420082009,-84.6781707218719,37.6953,37.6946,253908,"2026_01_14_0036","2026_01_14_0036_ev00642_rec1","no",277465
643,1,37.7248,-159.519737606957,-164.794906616211,-5.27516900925409,1.15000000000265,11.2499999999969,10.0499999999997,-129495.497437897,129341.475092689,174351.658884513,-176.091706285022,37.72445,37.7233,254496,"2026_01_14_0036","2026_01_14_0036_ev00643_rec1","no",277466
644,1,37.74765,-157.180057343983,-185.546859741211,-28.3668023972284,3.79999999999825,10.1999999999975,10.2500000000063,-153.418564041159,-28.589029265026,14.7418439113901,-332.062559018816,37.74695,37.74305,254953,"2026_01_14_0036","2026_01_14_0036_ev00644_rec1","no",277467
645,1,37.9412,-158.371696108863,-160.827621459961,-2.45592535109748,0.299999999995748,0.650000000000261,0.399999999999068,-156.089262048729,-6.30059678900573,0.58384565634254,63.6995829082669,37.94115,37.94085,258824,"2026_01_14_0036","2026_01_14_0036_ev00645_rec1","no",277468
646,1,38.02525,-159.127367292132,-169.067367553711,-9.94000026157923,1.04999999999933,9.19999999999988,5.94999999999857,-157.176900706373,-11.7171828000588,8.08990617058721,-76.3984747205457,38.02155,38.0198,260505,"2026_01_14_0036","2026_01_14_0036_ev00646_rec1","no",277469
647,1,38.06135,-158.415292649042,-169.982894897461,-11.5676022484189,1.55000000000172,5.20000000000209,8.85000000000247,-154.472768392728,-11.2725877749536,28.0979722086755,-98.6442180270239,38.06125,38.0597,261227,"2026_01_14_0036","2026_01_14_0036_ev00647_rec1","no",277470
648,1,38.20655,-155.901227678571,-206.298812866211,-50.3975851876395,9.59999999999894,20.8499999999958,15.500000000003,-204.147849561453,-5.60312866866148,0.460053523923497,-1736.29262711661,38.20555,38.19515,264131,"2026_01_14_0036","2026_01_14_0036_ev00648_rec1","no",277471
649,1,38.22835,-173.267167590913,-252.685531616211,-79.4183640252976,2.50000000000483,10.7500000000016,10.4499999999987,-154.48459609625,-108.251396961767,12.8929623480528,-903.932118043446,38.22735,38.2246,264567,"2026_01_14_0036","2026_01_14_0036_ev00649_rec1","no",277472
650,1,38.31515,-157.688684372675,-160.21728515625,-2.52860078357514,0.349999999997408,0.0500000000016598,0.0500000000016598,-157.873020593774,-2.3463731660415,1e-07,-6.71819461640841,38.31515,38.3148,266303,"2026_01_14_0036","2026_01_14_0036_ev00650_rec1","no",277473
651,1,38.3448,-158.633273896717,-169.067367553711,-10.434093656994,1.10000000000099,2.44999999999607,1.84999999999746,-157.940096534447,-8.94300134614953,2.73835862804928,-13.0411591847734,38.34455,38.3431,266896,"2026_01_14_0036","2026_01_14_0036_ev00651_rec1","no",277474
652,1,38.36165,-155.33447265625,-160.21728515625,-4.8828125,0.150000000004979,3.29999999999586,4.50000000000017,-156.39620347508,-5.82427382878622,2.17839493284594,-47.3556091308594,38.3613,38.36115,267233,"2026_01_14_0036","2026_01_14_0036_ev00652_rec1","no",277475
653,1,38.4262,-156.511577787853,-192.565902709961,-36.0543249221075,10.8499999999978,21.2999999999965,15.7500000000041,-167.722293989994,-24.0715497143563,6.49292392052933,-889.17149198623,38.4196,38.4083,268524,"2026_01_14_0036","2026_01_14_0036_ev00653_rec1","no",277476
654,1,38.49535,-162.266310918899,-166.015609741211,-3.74929882231214,0.399999999999068,0.299999999995748,0.250000000001194,-158.054178294579,-5.94565321140723,4.093889390111,100.579169791085,38.4953,38.4948,269907,"2026_01_14_0036","2026_01_14_0036_ev00654_rec1","no",277477
655,1,38.5355,-158.269970121838,-162.353500366211,-4.08353024437315,0.150000000004979,0.550000000004047,0.799999999998136,-155.718339370071,-4.76190213465082,5.02815218889625,51.3773856026782,38.5353,38.5351,270710,"2026_01_14_0036","2026_01_14_0036_ev00655_rec1","no",277478
656,1,38.559,-156.279064360119,-158.99658203125,-2.71751767113096,0.450000000000728,2.00000000000244,1.75000000000125,-154.997854878892,-4.88182341950135,2.27512845508316,26.0711050124392,38.559,38.55795,271180,"2026_01_14_0036","2026_01_14_0036_ev00656_rec1","no",277479
657,1,38.5998,-157.383509318034,-162.963851928711,-5.58034261067709,0.450000000000728,1.35000000000218,1.25000000000597,-157.837546898018,-4.05282279780507,1.33945686219851,-21.418895085653,38.5996,38.59885,271996,"2026_01_14_0036","2026_01_14_0036_ev00657_rec1","no",277480
658,1,38.63805,-159.243624005999,-251.159652709961,-91.916028703962,3.30000000000297,10.1000000000013,9.40000000000651,-179.146534885953,-75.8025365708663,5.59378782633121,-1336.77528871809,38.6366,38.633,272761,"2026_01_14_0036","2026_01_14_0036_ev00658_rec1","no",277481
659,1,38.68635,-174.342548915318,-209.960922241211,-35.6183733258929,1.75000000000125,6.50000000000261,5.60000000000116,-174.938783712534,-40.0110617459863,4.85269778618811,-290.311540876116,38.68495,38.68305,273727,"2026_01_14_0036","2026_01_14_0036_ev00659_rec1","no",277482
660,1,38.71165,-168.224501110259,-185.852035522461,-17.6275344122024,3.14999999999799,6.19999999999976,4.79999999999592,-170.064780775306,-14.9418743486912,4.1297962714179,-161.4361748105,38.7112,38.708,274233,"2026_01_14_0036","2026_01_14_0036_ev00660_rec1","no",277483
661,1,38.73555,-168.297162010556,-181.274398803711,-12.9772367931548,1.24999999999886,3.84999999999991,4.1000000000011,-163.555328995337,-16.3426638139139,7.62802953511514,8.4965871175131,38.73545,38.7342,274711,"2026_01_14_0036","2026_01_14_0036_ev00661_rec1","no",277484
662,1,38.7769,-161.52517191569,-185.852035522461,-24.3268636067708,1.50000000000006,9.59999999999894,10.7500000000016,-158.197326962596,-30.9517782515158,11.683417752614,-276.367045466105,38.7762,38.7745,275538,"2026_01_14_0036","2026_01_14_0036_ev00662_rec1","no",277485
663,1,38.8401,-160.275407337007,-165.405258178711,-5.12985084170387,0.10000000000332,30.0999999999974,29.999999999994,-161.739485729956,3.50380126461186,13.2566181591153,-2.57474450610937,38.8401,38.83995,276802,"2026_01_14_0036","2026_01_14_0036_ev00663_rec1","no",277486
664,1,38.85605,-158.255438668387,-166.625961303711,-8.37052263532365,1.4500000000055,5.5499999999995,6.25000000000142,-157.595810777361,-10.555170577024,6.04624232040758,-60.0214232853478,38.8553,38.8537,277121,"2026_01_14_0036","2026_01_14_0036_ev00664_rec1","no",277487
665,1,38.915,-155.944823492141,-172.119125366211,-16.17430187407,3.05000000000177,8.60000000000127,12.8500000000003,-161.390404411232,-10.280049743384,4.36512308413676,-250.739697974069,38.91465,38.91145,278300,"2026_01_14_0036","2026_01_14_0036_ev00665_rec1","no",277488
666,1,38.95595,-158.328098842076,-161.743148803711,-3.41504996163505,0.0500000000016598,0.10000000000332,0,-156.944093437429,-2.0539913870974,2.64161066511526,35.660473196847,38.9558,38.95575,279119,"2026_01_14_0036","2026_01_14_0036_ev00666_rec1","no",277489
667,1,39.0058,-159.708652314686,-214.233383178711,-54.5247308640253,15.5499999999975,15.8500000000004,10.2000000000046,-163.103828625772,-51.4137926399866,9.09136702064038,-1189.4170946757,39.00265,38.9866,280116,"2026_01_14_0036","2026_01_14_0036_ev00667_rec1","no",277490
668,1,39.1028,-164.14095996675,-166.320785522461,-2.17982555571058,0.200000000006639,0.0499999999945544,0,-158.472181415311,-5.12123836492802,4.07651121195524,148.393624278477,39.10275,39.10255,282056,"2026_01_14_0036","2026_01_14_0036_ev00668_rec1","no",277491
669,1,39.14385,-159.374414353144,-171.813949584961,-12.4395352318173,1.50000000000716,9.14999999999822,10.8499999999978,-154.989830860952,-15.6430801760284,19.5617320660295,-129.237382398333,39.14345,39.14195,282877,"2026_01_14_0036","2026_01_14_0036_ev00669_rec1","no",277492
670,1,39.1809,-159.127368018741,-191.650375366211,-32.5230073474702,3.00000000000011,9.34999999999775,16.5000000000006,-155.85171592556,-25.5197332760159,32.3031088154068,-437.801526060559,39.18085,39.1776,283618,"2026_01_14_0036","2026_01_14_0036_ev00670_rec1","no",277493
671,1,39.27025,-157.80494253976,-170.898422241211,-13.0934797014509,1.55000000000172,5.09999999999877,30.0000000000011,-164.065663980481,-5.29649664056789,1.11607331923143,-233.273408126831,39.26745,39.26575,285405,"2026_01_14_0036","2026_01_14_0036_ev00671_rec1","no",277494
672,1,39.28585,-160.24634152367,-176.086410522461,-15.8400689987909,1.10000000000099,3.45000000000084,5.00000000000256,-157.495467558391,-13.4562360624661,11.1543849327731,-70.1467905861987,39.2856,39.2844,285717,"2026_01_14_0036","2026_01_14_0036_ev00672_rec1","no",277495
673,1,39.42445,-157.674152192615,-163.879379272461,-6.2052270798456,0.250000000001194,5.04999999999711,4.75000000000136,-155.969834310359,-9.41888142151601,5.52453304542614,-11.7263266427173,39.42325,39.423,288489,"2026_01_14_0036","2026_01_14_0036_ev00673_rec1","no",277496
674,1,39.4729,-154.796781994048,-163.879379272461,-9.08259727841332,0.250000000001194,4.65000000000515,7.30000000000075,-157.466356093138,-6.27981037176264,3.31280697724931,-105.071197982061,39.47255,39.4721,289458,"2026_01_14_0036","2026_01_14_0036_ev00674_rec1","no",277497
675,1,39.50185,-154.72412109375,-157.77587890625,-3.0517578125,0.349999999997408,31.9000000000003,30.0000000000011,-156.42332058647,-4.34045339993174,2.57523216007093,-73.6922821044922,39.49985,39.4995,290037,"2026_01_14_0036","2026_01_14_0036_ev00675_rec1","no",277498
676,1,39.5948,-155.247278849284,-158.99658203125,-3.74930318196616,0.250000000001194,0.250000000001194,0.399999999999068,-154.743968831339,-2.11672864887229,3.33131989950643,7.55744132995577,39.5948,39.59455,291896,"2026_01_14_0036","2026_01_14_0036_ev00676_rec1","no",277499
677,1,39.63295,-154.4189453125,-158.69140625,-4.2724609375,0.650000000000261,9.19999999999277,22.8500000000054,-155.982715445256,-4.69791810252827,4.06932849141768,-68.6110752105713,39.63285,39.6322,292659,"2026_01_14_0036","2026_01_14_0036_ev00677_rec1","no",277500
678,1,39.6612,-154.448009672619,-165.405258178711,-10.9572485060919,0.750000000003581,5.15000000000043,5.25000000000375,-156.068248552633,-8.44995901639152,4.2054955917658,-100.622911398752,39.6598,39.65885,293224,"2026_01_14_0036","2026_01_14_0036_ev00678_rec1","no",277501
679,1,39.76115,-153.80859375,-158.99658203125,-5.18798828125,0.150000000004979,30.5499999999981,29.999999999994,-156.732331647807,-4.51637646351719,2.20851699678942,-101.638764190674,39.76065,39.7605,295223,"2026_01_14_0036","2026_01_14_0036_ev00679_rec1","no",277502
680,1,39.81305,-155.581519717262,-192.260726928711,-36.679207211449,2.15000000000032,12.8000000000057,13.4499999999989,-154.856960893562,-38.2637901225913,13.6470705332918,-555.604022035145,39.8112,39.80835,296261,"2026_01_14_0036","2026_01_14_0036_ev00680_rec1","no",277503
681,1,39.8437,-161.292657761347,-164.794906616211,-3.50224885486421,0.599999999998602,1.4500000000055,0,-149.014877924096,-12.5420005287144,59.3954175493039,71.1483256748746,39.84275,39.8421,296874,"2026_01_14_0036","2026_01_14_0036_ev00681_rec1","no",277504
682,1,39.8535,-158.952981131417,-163.879379272461,-4.92639814104353,0.0500000000016598,0.250000000001194,0,-157.073596042757,-3.55919855359197,7.08707997316792,30.7311355590818,39.85345,39.8532,297070,"2026_01_14_0036","2026_01_14_0036_ev00682_rec1","no",277505
683,1,39.8975,-156.409853980655,-162.353500366211,-5.94364638555618,0.199999999999534,1.40000000000384,0.849999999999795,-157.927216270542,-5.5123900945422,0.403419753612552,-51.7649927593414,39.89715,39.89645,297950,"2026_01_14_0036","2026_01_14_0036_ev00683_rec1","no",277506
684,1,39.9575,-158.139181227911,-174.865707397461,-16.7265261695499,1.05000000000643,8.35000000000008,8.25000000000387,-160.639025620046,-17.7865903831904,5.25315717008727,-211.064734813145,39.9555,39.9541,299150,"2026_01_14_0036","2026_01_14_0036_ev00684_rec1","no",277507
685,1,39.9796,-163.588737851097,-167.541488647461,-3.95275079636346,0.250000000001194,0.0999999999962142,0,-160.12848989975,-4.72982203966182,2.6466122436486,90.8147585730793,39.9796,39.9793,299592,"2026_01_14_0036","2026_01_14_0036_ev00685_rec1","no",277508
686,1,40.03475,-160.378790173875,-167.69615798437,-7.31736781049563,0.149999999997874,30.0499999999957,22.4499999999992,-37306.4012148306,37146.0872052095,301071.866493489,-56.2870257593128,40.0344,40.0342,300695,"2026_01_14_0036","2026_01_14_0036_ev00686_rec1","no",277509
687,1,40.05955,-157.853385725795,-172.011855834937,-14.1584701091418,3.39999999999918,5.70000000000448,4.59999999999638,-160.71651511389,-8.29186364678092,3.68361021064586,-148.749243509923,40.05935,40.0559,301191,"2026_01_14_0036","2026_01_14_0036_ev00687_rec1","no",277510
688,1,40.1947,-159.198415039594,-165.452436440071,-6.25402140047737,0.0500000000016598,5.65000000000282,4.9500000000009,-158.758172926953,-8.32465853508719,4.46456380147984,-34.3811392794503,40.19325,40.19255,303894,"2026_01_14_0036","2026_01_14_0036_ev00688_rec1","no",277511
689,1,40.30215,-160.404623251413,-163.761549353965,-3.35692610255154,0.10000000000332,1.4500000000055,1.4499999999984,-158.024801314387,-5.05272832891072,4.42832760357712,46.8381695248493,40.30175,40.3016,306043,"2026_01_14_0036","2026_01_14_0036_ev00689_rec1","no",277512
690,1,40.3528,-157.380001241557,-173.888643984116,-16.5086427425588,3.00000000000011,4.45000000000562,4.04999999999944,-160.678882553559,-8.89534509632725,3.49780635811023,-157.733532658951,40.35275,40.34965,307056,"2026_01_14_0036","2026_01_14_0036_ev00690_rec1","no",277513
691,1,40.4262,-159.908882741724,-163.175322833833,-3.26644009210861,0.699999999994816,0.349999999997408,0.350000000004513,-156.269880896385,-5.23075382551778,4.27129298434715,85.8714186793049,40.4262,40.4255,308524,"2026_01_14_0036","2026_01_14_0036_ev00691_rec1","no",277514
692,1,40.55835,-161.532916111916,-164.165642089346,-2.63272597743014,0.199999999999534,0.399999999999068,0,-155.953395562257,-6.30507848964962,7.06984560734984,123.538958752054,40.5583,40.5576,311167,"2026_01_14_0036","2026_01_14_0036_ev00692_rec1","no",277515
693,1,40.60255,-156.667764717525,-167.4915283548,-10.8237636372745,3.80000000000535,13.7999999999963,16.050000000007,10217.6132008498,-10382.6987533678,37804.4935216316,-180.240277595128,40.5989,40.5949,312051,"2026_01_14_0036","2026_01_14_0036_ev00693_rec1","no",277516
694,1,40.63865,-157.116168967417,-163.62370684735,-6.50753787993295,0.150000000004979,0.0500000000016598,0,-156.347860143666,-1.81355676972939,2.18068435596142,18.6718167534366,40.63865,40.63845,312773,"2026_01_14_0036","2026_01_14_0036_ev00694_rec1","no",277517
695,1,40.72235,-155.724049599813,-181.017766641195,-25.2937170413823,3.64999999999327,11.8999999999971,13.1000000000014,-160.75885303567,-25.6255349582767,7.349141719009,-561.700584406063,40.7117,40.70785,314447,"2026_01_14_0036","2026_01_14_0036_ev00695_rec1","no",277518
696,1,40.7852,-160.151801126034,-199.001902887147,-38.8501017611135,2.34999999999275,8.49999999999795,9.14999999999822,-162.772615848819,-39.3065553680077,7.59590460586256,-446.645273172287,40.7849,40.7825,315704,"2026_01_14_0036","2026_01_14_0036_ev00696_rec1","no",277519
697,1,40.81725,-162.99557391603,-180.417170493246,-17.4215965772154,2.15000000000032,8.80000000000081,7.84999999999769,-159.500181007584,-20.4964609515672,10.8614468273132,-147.923976053795,40.816,40.8138,316345,"2026_01_14_0036","2026_01_14_0036_ev00697_rec1","no",277520
698,1,40.99915,-159.840304316371,-171.561062474178,-11.7207581578071,1.65000000000504,8.14999999999344,6.9999999999979,-159.964281951938,-8.74976290391707,9.60240884955258,-127.051682359054,40.9963,40.99465,319983,"2026_01_14_0036","2026_01_14_0036_ev00698_rec1","no",277521
699,1,41.0683,-158.943481258338,-161.765917807812,-2.8224365494732,1.14999999999554,8.49999999999795,7.35000000000241,-164.78911470755,-1.1653975251718,0.228001726140941,-182.662239111739,41.0683,41.06715,321366,"2026_01_14_0036","2026_01_14_0036_ev00699_rec1","no",277522
700,1,41.097,-161.352234608653,-186.342703777081,-24.9904691684288,2.09999999999866,7.39999999999696,7.45000000000573,-160.843081944686,-23.7162764873952,8.38218973719911,-231.110309439205,41.09625,41.0937,321940,"2026_01_14_0036","2026_01_14_0036_ev00700_rec1","no",277523
701,1,41.13825,-161.335905019528,-167.924982619383,-6.58907759985561,2.19999999999487,10.8999999999924,30.0000000000011,-163.861725344048,-6.49185077908867,4.12415880815179,-119.0882672281,41.13765,41.1352,322765,"2026_01_14_0036","2026_01_14_0036_ev00701_rec1","no",277524
702,1,41.1717,-163.264953764254,-173.528860101787,-10.2639063375331,1.4499999999984,12.1499999999983,8.89999999999702,-160.887567179103,-14.6512989035866,10.3129548648272,-121.508848453856,41.1667,41.16525,323434,"2026_01_14_0036","2026_01_14_0036_ev00702_rec1","no",277525
703,1,41.4038,-157.483782162328,-160.372385038879,-2.88860287655049,0.549999999996942,8.94999999999868,11.6499999999959,-158.17959513403,-4.61072840072967,4.62528284257927,-44.7229082572117,41.4038,41.40325,328076,"2026_01_14_0036","2026_01_14_0036_ev00703_rec1","no",277526
704,1,41.44095,-159.19311751054,-171.343333541404,-12.1502160308644,1.35000000000218,4.24999999999898,5.39999999999452,-159.735970006023,-10.5097006207676,5.53235034671436,-91.4455535641184,41.44,41.43855,328819,"2026_01_14_0036","2026_01_14_0036_ev00704_rec1","no",277527
705,1,41.4922,-160.498021727577,-179.924430072424,-19.4264083448474,8.39999999999463,13.1999999999977,9.59999999999894,-160.553515483009,-21.3979944257044,8.72307968145596,-390.169494871693,41.48615,41.4777,329844,"2026_01_14_0036","2026_01_14_0036_ev00705_rec1","no",277528
706,1,41.5841,-164.987079016293,-168.36380054502,-3.37672152872761,0.399999999999068,0.249999999994088,0,-161.637763215125,-3.40653806892866,2.88273364085845,90.229174204843,41.5841,41.58345,331682,"2026_01_14_0036","2026_01_14_0036_ev00706_rec1","no",277529
707,1,41.77085,-157.578759471895,-160.312912609422,-2.73415313752642,0.0999999999962142,3.75000000000369,4.24999999999898,-157.166829770681,-3.4421758468833,4.83340858539454,-6.71971286642246,41.77025,41.77015,335417,"2026_01_14_0036","2026_01_14_0036_ev00707_rec1","no",277530
708,1,41.8086,-157.277653684686,-169.334445974015,-12.0567922893296,0.450000000000728,8.35000000000008,10.6999999999999,-158.529165339373,-10.8310024307004,8.79658900132653,-152.178019166734,41.80675,41.8063,336172,"2026_01_14_0036","2026_01_14_0036_ev00708_rec1","no",277531
709,1,41.9055,-159.020196563003,-164.876439463196,-5.85624290019308,1.95000000000078,7.75000000000148,6.80000000000547,-155.918485234688,-10.2908645704972,10.1746570805515,-23.3741108945834,41.9051,41.9027,338110,"2026_01_14_0036","2026_01_14_0036_ev00709_rec1","no",277532
710,1,41.96045,-159.23271186596,-171.082355120821,-11.8496432548611,1.30000000000052,14.1500000000008,9.25000000000154,-158.392972576413,-13.7716540680161,9.56329231435271,-170.111822243037,41.96015,41.9499,339209,"2026_01_14_0036","2026_01_14_0036_ev00710_rec1","no",277533
711,1,42.0481,-160.437293948651,-170.569083651655,-10.1317897030039,1.30000000000052,6.69999999999504,8.29999999999842,-157.077087379998,-13.6455134582533,12.7018579742816,-66.5196964810074,42.048,42.04655,340962,"2026_01_14_0036","2026_01_14_0036_ev00711_rec1","no",277534
712,1,42.0858,-163.429393055989,-167.72897770865,-4.2995846526608,0.150000000004979,0.350000000004513,0.399999999999068,-160.605792136256,-4.63298816343181,8.20995367436677,46.5635884239401,42.08555,42.08525,341716,"2026_01_14_0036","2026_01_14_0036_ev00712_rec1","no",277535
713,1,42.36225,-159.129295656741,-182.040313463693,-22.9110178069518,1.84999999999746,12.0999999999967,13.1500000000031,-159.655448138222,-24.7271081873979,11.5994497560087,-347.318444467243,42.36055,42.3585,347245,"2026_01_14_0036","2026_01_14_0036_ev00713_rec1","no",277536
714,1,42.42125,-169.139925184344,-174.178941636059,-5.03901645171499,0.749999999996476,0.500000000002387,0.299999999995748,-159.30947541086,-12.0452660202457,10.4174163723183,175.418073902504,42.421,42.42015,348425,"2026_01_14_0036","2026_01_14_0036_ev00714_rec1","no",277537
715,1,42.62935,-161.765092054687,-166.230726317965,-4.46563426327768,0.200000000006639,0.150000000004979,0.0499999999945544,-158.960972867251,-4.50155883686998,6.30561995576338,55.6898065755838,42.6293,42.6291,352587,"2026_01_14_0036","2026_01_14_0036_ev00715_rec1","no",277538
716,1,42.66945,-161.600504396138,-165.423466914749,-3.82296251861058,0.250000000001194,0.10000000000332,0,-157.890156989478,-4.67523762486025,3.10383924412707,96.3457571034919,42.66945,42.66915,353389,"2026_01_14_0036","2026_01_14_0036_ev00716_rec1","no",277539
717,1,42.69075,-159.491538245997,-163.035312781573,-3.54377453557521,0.249999999994088,30.0500000000028,30.0000000000011,-157.871858030887,0.245670710639838,17.6068219568208,51.8608386231525,42.69075,42.6905,353815,"2026_01_14_0036","2026_01_14_0036_ev00717_rec1","no",277540
718,1,42.76615,-158.261473489636,-168.864438038807,-10.6029645491708,1.35000000000218,9.80000000000558,8.94999999999868,-157.719497690208,-10.5149348741549,10.4387824375266,-122.729575172382,42.7627,42.76135,355323,"2026_01_14_0036","2026_01_14_0036_ev00718_rec1","no",277541
719,1,42.8429,-155.62432763839,-183.133018972405,-27.5086913340148,3.5000000000025,12.5000000000028,12.0500000000021,-162.471470314958,-21.0652650540795,6.54168247206003,-471.404787504887,42.84075,42.8368,356858,"2026_01_14_0036","2026_01_14_0036_ev00719_rec1","no",277542
720,1,42.86605,-164.271841394445,-171.809825266379,-7.53798387193322,0.0500000000016598,10.8999999999924,10.549999999995,-1045912.60964445,1045783.96698228,287355.46323825,-565.020539090449,42.86605,42.86595,357321,"2026_01_14_0036","2026_01_14_0036_ev00720_rec1","no",277543
721,1,42.8965,-168.612440075516,-358.255285340045,-189.642845264529,2.55000000000649,14.1000000000062,14.6999999999977,-178.743754887879,-191.434128421034,12.6657734854922,-3168.57227876462,42.89445,42.8913,357930,"2026_01_14_0036","2026_01_14_0036_ev00721_rec1","no",277544
722,1,42.9485,-186.616585641155,-197.348226269475,-10.7316406283202,1.55000000000172,2.94999999999845,2.94999999999845,-160.46204535941,-34.9262964232182,19.8488534007436,227.206443594522,42.9475,42.94595,358970,"2026_01_14_0036","2026_01_14_0036_ev00722_rec1","no",277545
723,1,42.99155,-171.908370624393,-192.444754986732,-20.5363843623381,2.45000000000317,19.9499999999944,12.9000000000019,-285889.051239251,285716.682892121,516992.807918548,-331.44788745475,42.9914,42.9852,359831,"2026_01_14_0036","2026_01_14_0036_ev00723_rec1","no",277546
724,1,43.01575,-171.21929902413,-198.166253835777,-26.9469548116475,5.99999999999312,11.2000000000023,11.4999999999981,-156.601408809051,-39.4269952709244,24.306134548763,-347.820213991299,43.0156,43.0091,360315,"2026_01_14_0036","2026_01_14_0036_ev00724_rec1","no",277547
725,1,43.0546,-175.942237605534,-180.331531742031,-4.38929413649674,0.249999999994088,0.0499999999945544,0,25747.3150220357,-25919.8058535964,92076.7850634658,229.841212691499,43.0546,43.05425,361092,"2026_01_14_0036","2026_01_14_0036_ev00725_rec1","no",277548
726,1,43.0729,-167.449200261191,-175.077755520062,-7.62855525887085,0.650000000007367,3.14999999999799,1.20000000000431,-162.912763597082,-11.2531168217001,2.8344161006326,89.5966057053954,43.07105,43.0704,361458,"2026_01_14_0036","2026_01_14_0036_ev00726_rec1","no",277549
727,1,43.11955,-163.845594565799,-184.296427241988,-20.4508326761896,4.34999999999519,33.9999999999989,30.0000000000011,-177.487936393093,-4.53205478854738,2.56425680979529,-493.318121348877,43.1192,43.1148,362391,"2026_01_14_0036","2026_01_14_0036_ev00727_rec1","no",277550
728,1,43.1465,-175.121118685159,-187.200991714556,-12.0798730293967,4.89999999999924,6.45000000000095,2.15000000000032,-165.292505870917,-20.5849978126965,5.86519753438245,120.710236096183,43.1463,43.14135,362930,"2026_01_14_0036","2026_01_14_0036_ev00728_rec1","no",277551
729,1,43.2174,-172.714345356054,-191.543246365256,-18.8289010092025,7.14999999999577,8.49999999999795,3.55000000000416,-169.987063888804,-22.3870921437537,4.26380338748063,-77.2931189279393,43.2173,43.21,364348,"2026_01_14_0036","2026_01_14_0036_ev00729_rec1","no",277552
730,1,43.24665,-167.450162108509,-182.274985055287,-14.8248229467787,1.7999999999958,3.10000000000343,0,-177.856353275797,2.10467822831625,26.7374830325747,-319.720993101273,43.2447,43.2428,364933,"2026_01_14_0036","2026_01_14_0036_ev00730_rec1","no",277553
731,1,43.26495,-176.419720387462,-193.290026772329,-16.870306384866,1.4499999999984,1.59999999999627,2.049999999997,-179.219196610224,-10.1462408679844,1.87390613098065,-123.718191650088,43.26395,43.26115,365299,"2026_01_14_0036","2026_01_14_0036_ev00731_rec1","no",277554
732,1,43.2834,-172.529923924838,-199.720603249606,-27.1906793247676,1.44999999999129,5.40000000000163,4.6999999999997,-165.581069472181,-33.9972798396486,6.77402960713333,-71.9610015554541,43.2823,43.2804,365668,"2026_01_14_0036","2026_01_14_0036_ev00732_rec1","no",277555
733,1,43.34895,-169.505551537572,-183.255095998474,-13.7495444609022,3.10000000000343,11.2000000000023,7.79999999999603,-619524.753816395,619363.26613422,367830.834736316,-546.386450587997,43.34845,43.3453,366979,"2026_01_14_0036","2026_01_14_0036_ev00733_rec1","no",277556
734,1,43.3706,-164.221527885072,-229.955820062796,-65.7342921777236,5.75000000000614,11.7499999999993,11.2000000000023,-163.786705476995,-64.4999130075836,11.7078280974148,-877.454942065917,43.37025,43.36425,367412,"2026_01_14_0036","2026_01_14_0036_ev00734_rec1","no",277557
735,1,43.4334,-164.664467747415,-171.646370301115,-6.98190255369997,0.450000000000728,3.34999999999752,4.84999999999758,-166.515877350336,-5.01055194379438,2.51922254173489,-71.7683218771864,43.43305,43.4326,368668,"2026_01_14_0036","2026_01_14_0036_ev00735_rec1","no",277558
736,1,43.4559,-167.065241409947,-171.820424587095,-4.75518317714793,0.250000000001194,2.34999999999985,2.34999999999275,-162.414178195461,-8.55971362804214,8.18738703496619,67.2614244916035,43.45475,43.45405,369118,"2026_01_14_0036","2026_01_14_0036_ev00736_rec1","no",277559
737,1,43.55995,-163.767104922532,-169.770454156502,-6.0033492339694,0.149999999997874,0.250000000008299,0.549999999996942,-159.657591805704,-7.09824818871108,4.99155058647908,86.8903515662967,43.5598,43.55965,371199,"2026_01_14_0036","2026_01_14_0036_ev00737_rec1","no",277560
738,1,43.67255,-163.861275107561,-166.881802952362,-3.02052784480043,0.200000000006639,0.950000000003115,1.04999999999222,-161.968297327595,-4.85153660788986,2.17733116389071,45.2221115179304,43.67255,43.67205,373451,"2026_01_14_0036","2026_01_14_0036_ev00738_rec1","no",277561
739,1,43.69345,-161.80397044547,-164.94170744178,-3.13773699631022,0.300000000002854,30.300000000004,26.3999999999953,-11858.7087791195,11696.5693065062,373895.892514812,-24.9838729581898,43.69345,43.6931,373869,"2026_01_14_0036","2026_01_14_0036_ev00739_rec1","no",277562
740,1,43.72295,-160.42749801101,-176.931905657331,-16.5044076463214,0.450000000000728,6.04999999999478,7.54999999999484,-161.835957436378,-16.4381094491918,6.02428410229247,-155.780393760998,43.7224,43.72145,374459,"2026_01_14_0036","2026_01_14_0036_ev00740_rec1","no",277563
741,1,43.7567,-161.568110981297,-178.796724901471,-17.2286139201738,2.25000000000364,8.25000000000387,8.00000000000267,-162.253244915737,-18.0933981282869,6.92215303761255,-187.699190775974,43.75595,43.75365,375134,"2026_01_14_0036","2026_01_14_0036_ev00741_rec1","no",277564
742,1,43.8031,-163.934628482583,-168.350448188802,-4.41581970621959,0.300000000002854,0.599999999998602,0.399999999999068,-161.374257930322,-5.7083072771643,1.36683694141459,67.7901454517813,43.8031,43.80275,376062,"2026_01_14_0036","2026_01_14_0036_ev00742_rec1","no",277565
743,1,43.8433,-165.860027150346,-173.180668239872,-7.32064108952579,0.749999999996476,5.34999999999997,7.64999999999816,-119.560549870807,-51.8452892382734,135.801614439841,-14.1823252565101,43.84275,43.842,376866,"2026_01_14_0036","2026_01_14_0036_ev00743_rec1","no",277566
744,1,43.9383,-165.227866121405,-171.336466960918,-6.10860083951286,0.600000000005707,0.250000000001194,0,-161.989431085857,-5.31877264539765,2.42046713959847,83.3955624101091,43.9383,43.9377,378766,"2026_01_14_0036","2026_01_14_0036_ev00744_rec1","no",277567
745,1,43.9794,-166.760350504781,-169.807783002774,-3.04743249799296,0.350000000004513,0.849999999999795,0.950000000003115,-160.174563105979,-9.87240054169867,3.87571335840768,156.963315496983,43.97915,43.9788,379588,"2026_01_14_0036","2026_01_14_0036_ev00745_rec1","no",277568
746,1,44.0467,-163.905369268824,-274.469784992048,-110.564415723225,2.54999999999939,12.3999999999995,14.3499999999932,-164.193341174033,-113.678911144544,13.9240105954414,-1668.65334819992,44.0457,44.04285,380934,"2026_01_14_0036","2026_01_14_0036_ev00746_rec1","no",277569
747,1,44.1767,-168.045829581322,-172.800789231021,-4.7549596496994,0.249999999994088,24.5999999999995,22.5000000000009,-243860.385974396,243697.843428357,755297.099890892,19.3118139967782,44.17665,44.1764,383534,"2026_01_14_0036","2026_01_14_0036_ev00747_rec1","no",277570
748,1,44.20215,-163.715281092979,-183.084459696223,-19.369178603244,2.65000000000271,8.89999999999702,11.2499999999969,87101.2505465175,-87277.6479748433,178401.588941668,-194.501910866321,44.20195,44.1992,384043,"2026_01_14_0036","2026_01_14_0036_ev00748_rec1","no",277571
749,1,44.23665,-161.315651206333,-182.975304468207,-21.6596532618745,2.74999999999892,4.59999999999638,5.65000000000282,-163.630174966883,-15.3907707939729,5.70826072459529,-193.984338259306,44.2366,44.2337,384733,"2026_01_14_0036","2026_01_14_0036_ev00749_rec1","no",277572
750,1,44.30095,-164.59788770377,-175.111135783912,-10.5132480801417,0.849999999999795,3.05000000000177,3.84999999999991,-166.786312988164,-9.11412536758638,2.30811103188026,-107.392151151316,44.29925,44.2983,386019,"2026_01_14_0036","2026_01_14_0036_ev00750_rec1","no",277573
751,1,44.3419,-165.078603106038,-222.398220621635,-57.3196175155971,2.40000000000151,19.8000000000036,22.1000000000018,79.232686272265,-301.47125090777,174.061767973517,-1108.8687018216,44.3411,44.3386,386838,"2026_01_14_0036","2026_01_14_0036_ev00751_rec1","no",277574
752,1,44.39055,-177.951065575562,-186.136307488246,-8.18524191268421,0.150000000004979,0.149999999997874,0,-165.927758268724,-13.9579653849846,8.59305855643322,243.381301928142,44.39045,44.3903,387811,"2026_01_14_0036","2026_01_14_0036_ev00752_rec1","no",277575
753,1,44.42595,-170.410885419529,-172.658361092584,-2.24747567305505,0.450000000000728,4.44999999999851,4.099999999994,-166.325750834808,-9.27611914955556,6.44009140463281,60.2779573972007,44.42545,44.42475,388519,"2026_01_14_0036","2026_01_14_0036_ev00753_rec1","no",277576
754,1,44.45555,-167.625143913215,-175.724759681357,-8.09961576814192,1.14999999999554,4.9500000000009,5.14999999999333,-162.321477404151,-12.5934186642697,12.3821587392875,6.96696791786716,44.4553,44.4541,389111,"2026_01_14_0036","2026_01_14_0036_ev00754_rec1","no",277577
755,1,44.49385,-169.058620798727,-171.21892499764,-2.16030419891291,0.450000000000728,1.24999999999886,1.00000000000477,-165.57779520086,-6.20147686129943,2.73700776913672,86.5632766024284,44.4937,44.49325,389877,"2026_01_14_0036","2026_01_14_0036_ev00755_rec1","no",277578
756,1,44.517,-164.21620414195,-173.637496401866,-9.42129225991616,0.499999999995282,2.29999999999819,2.75000000000603,-165.497195536362,-7.476446513551,2.23240604110752,-60.0682385320993,44.5169,44.51615,390340,"2026_01_14_0036","2026_01_14_0036_ev00756_rec1","no",277579
757,1,44.5345,-167.436956833355,-170.216044454335,-2.77908762098014,0.650000000000261,19.4999999999936,18.0500000000023,-146309.610831738,146146.167568081,524564.251975987,-6.16003291162063,44.5344,44.53375,390690,"2026_01_14_0036","2026_01_14_0036_ev00757_rec1","no",277580
758,1,44.55765,-164.747036133098,-176.972386018908,-12.2253498858103,2.09999999999866,6.85000000000002,6.55000000000427,-161.799649833259,-14.1644846353413,10.2082696287958,-74.7979410527323,44.55735,44.55525,391153,"2026_01_14_0036","2026_01_14_0036_ev00758_rec1","no",277581
759,1,44.65105,-164.149616240038,-181.101118429533,-16.9515021894944,1.75000000000125,8.60000000000127,7.95000000000101,-161.160514935881,-19.5923625878203,10.5942373781126,-151.882359389963,44.6492,44.647,393021,"2026_01_14_0036","2026_01_14_0036_ev00759_rec1","no",277582
760,1,44.80355,-174.505845406856,-202.622370498015,-28.1165250911595,1.80000000000291,5.15000000000043,6.09999999999644,-164.294333212292,-30.9617572570965,15.0040776931124,-133.642938403159,44.80315,44.80105,396071,"2026_01_14_0036","2026_01_14_0036_ev00760_rec1","no",277583
761,1,44.84555,-165.310445826543,-190.794385917558,-25.4839400910152,1.10000000000099,5.74999999999903,7.20000000000454,-168.136309148038,-19.8162623715042,6.56700373156304,-241.377386789782,44.8452,44.84405,396911,"2026_01_14_0036","2026_01_14_0036_ev00761_rec1","no",277584
762,1,44.88165,-166.532625067949,-194.233229188021,-27.7006041200726,1.69999999999959,9.70000000000226,11.650000000003,-164.02633421638,-28.5727028638376,14.4296463431438,-326.350181396957,44.8809,44.8791,397633,"2026_01_14_0036","2026_01_14_0036_ev00762_rec1","no",277585
763,1,44.91555,-171.100209642591,-177.739745311,-6.63953566840976,3.15000000000509,5.65000000000282,2.44999999999607,-169.842664616263,-8.17042594153281,3.10998013790023,-7.51699552254947,44.91475,44.9115,398311,"2026_01_14_0036","2026_01_14_0036_ev00763_rec1","no",277586
764,1,44.95325,-167.024900344564,-185.947332892903,-18.9224325483387,1.60000000000338,8.34999999999297,8.94999999999868,-161.900092416051,-25.1668453215578,12.2719285523937,-158.548895081411,44.9526,44.95095,399065,"2026_01_14_0036","2026_01_14_0036_ev00764_rec1","no",277587
765,1,44.9934,-168.872769578223,-172.77198981156,-3.89922023333722,0.0499999999945544,2.50000000000483,2.40000000000862,-164.534418552474,-9.1277995486474,5.23077317178533,77.9891483541086,44.9924,44.99235,399868,"2026_01_14_0036","2026_01_14_0036_ev00765_rec1","no",277588
766,1,45.18195,-165.087540875025,-169.858122670154,-4.77058179512937,0.450000000000728,2.69999999999015,1.89999999999202,-162.232662070393,-6.15970340739457,6.6104254643342,32.2343182955047,45.1794,45.17775,403639,"2026_01_14_0036","2026_01_14_0036_ev00766_rec1","no",277589
767,1,45.2494,-161.721409519619,-173.842530343254,-12.1211208236347,0.650000000000261,3.34999999999752,5.20000000000209,-165.591694854273,-7.88954957778653,2.03917842127427,-145.436502003292,45.2484,45.2476,404988,"2026_01_14_0036","2026_01_14_0036_ev00767_rec1","no",277590
768,1,45.2695,-166.723096160224,-169.200111039389,-2.47701487916535,0.199999999992428,0.299999999995748,0.450000000000728,-163.1703740289,-4.90340974060969,4.8719127468228,82.5524784407583,45.2695,45.2693,405390,"2026_01_14_0036","2026_01_14_0036_ev00768_rec1","no",277591
769,1,45.43595,-161.971239516422,-174.604658154784,-12.633418638362,3.20000000000675,4.54999999999472,5.85000000000235,-164.250492964266,-7.25253451184266,5.28878094958428,-130.817472909193,45.43495,45.4317,408719,"2026_01_14_0036","2026_01_14_0036_ev00769_rec1","no",277592
770,1,45.67505,-161.454150959675,-172.136457699851,-10.6823067401766,0.549999999996942,9.39999999999941,11.8499999999955,-163.779544775637,-11.7486168565762,5.99146126587743,-152.264931472964,45.67445,45.67355,413501,"2026_01_14_0036","2026_01_14_0036_ev00770_rec1","no",277593
771,1,45.71795,-166.409883970872,-169.136492494785,-2.72660852391257,0,10.3000000000009,10.1499999999959,-1153063.12063953,1152926.31417487,383096.334113852,-464.629435376972,45.71795,45.71775,414359,"2026_01_14_0036","2026_01_14_0036_ev00771_rec1","no",277594
772,1,45.75275,-163.16155594109,-304.753401146131,-141.591845205042,8.64999999999583,28.6000000000044,23.8999999999976,4826.77090469386,-5136.89404748556,1286.19185277521,-3799.44056723632,45.75015,45.74055,415055,"2026_01_14_0036","2026_01_14_0036_ev00772_rec1","no",277595
773,1,45.8326,-180.102283744236,-194.191016435903,-14.088732691667,2.19999999999487,3.39999999999918,3.19999999999965,-170.498413193528,-22.2103794913764,7.85117049338378,94.3429028945168,45.832,45.82975,416652,"2026_01_14_0036","2026_01_14_0036_ev00773_rec1","no",277596
774,1,45.88205,-174.306580391013,-192.824274669111,-18.517694278098,0.750000000003581,17.6000000000016,10.2000000000046,-210746.419706982,210569.393580667,518937.564285882,-287.062494966862,45.88105,45.88025,417641,"2026_01_14_0036","2026_01_14_0036_ev00774_rec1","no",277597
775,1,45.9062,-173.641689498274,-196.176630592909,-22.5349410946345,4.04999999999944,11.5499999999997,8.35000000000008,-170.847088438248,-28.6279844931317,8.85075052414302,-257.391763676546,45.9044,45.89985,418124,"2026_01_14_0036","2026_01_14_0036_ev00775_rec1","no",277598
776,1,45.95945,-173.768782996935,-179.540820722067,-5.77203772513161,0.399999999999068,0.0499999999945544,0.700000000001921,-166.387659075534,-10.1339538388023,10.8391722983675,116.753851254182,45.9593,45.9589,419189,"2026_01_14_0036","2026_01_14_0036_ev00776_rec1","no",277599
777,1,46.01955,-175.38817201262,-216.75939462089,-41.3712226082697,1.94999999999368,6.00000000000023,10.3500000000025,99173.3194949256,-99373.1904787827,112194.2284924,-394.973030649792,46.01915,46.0163,420391,"2026_01_14_0036","2026_01_14_0036_ev00777_rec1","no",277600
778,1,46.0528,-175.852663409861,-218.187444227514,-42.3347808176534,2.60000000000105,10.8999999999995,11.9000000000042,-165.528995330158,-53.0729254859325,16.69190859396,-516.207900075081,46.05215,46.04945,421056,"2026_01_14_0036","2026_01_14_0036_ev00778_rec1","no",277601
779,1,46.32015,-168.041606089209,-171.871604350057,-3.82999826084878,0.10000000000332,0,0,-164.014880224271,-4.36287717611193,10.6068801509217,76.9567962409699,46.32015,46.32005,426403,"2026_01_14_0036","2026_01_14_0036_ev00779_rec1","no",277602
780,1,46.3921,-171.703366233822,-177.464132239224,-5.76076600540222,0.700000000001921,1.1999999999972,1.69999999999959,-163.401138986336,-11.8819587533463,13.0873676331686,107.349863231913,46.3921,46.3909,427842,"2026_01_14_0036","2026_01_14_0036_ev00780_rec1","no",277603
781,1,46.4293,-173.226318637559,-177.449356018958,-4.22303738139891,0.599999999998602,0.0500000000016598,0,-167.199547747205,-6.42407165259763,4.6191186179889,151.479421333929,46.4293,46.42855,428586,"2026_01_14_0036","2026_01_14_0036_ev00781_rec1","no",277604
782,1,46.45765,-169.980411008609,-174.134830052436,-4.15441904382678,0.0500000000016598,0.0500000000016598,0.149999999997874,-167.75598127794,-4.0638715518837,2.03072025863775,57.9731676364848,46.4575,46.45745,429153,"2026_01_14_0036","2026_01_14_0036_ev00782_rec1","no",277605
783,1,46.4857,-171.843526980565,-173.871905905627,-2.02837892506193,0.149999999997874,0.150000000004979,0.300000000002854,-167.23321365349,-5.95522711289035,2.68132005248878,122.185831514858,46.4857,46.48555,429714,"2026_01_14_0036","2026_01_14_0036_ev00783_rec1","no",277606
784,1,46.54465,-168.745267072345,-184.862033755111,-16.1167666827662,1.54999999999461,4.79999999999592,4.60000000000349,-162.824215790933,-19.5233899095385,9.28149427283788,-20.1682534471166,46.5444,46.54275,430893,"2026_01_14_0036","2026_01_14_0036_ev00784_rec1","no",277607
785,1,46.59245,-165.751103781264,-179.493661090556,-13.7425573092912,1.30000000000052,5.89999999999691,8.65000000000293,-167.828320381238,-9.31954483021562,7.63552964678824,-142.826310981822,46.5924,46.591,431849,"2026_01_14_0036","2026_01_14_0036_ev00785_rec1","no",277608
786,1,46.66435,-166.819646236458,-177.392291399718,-10.5726451632594,1.7999999999958,2.34999999999985,4.39999999999685,-165.689197862988,-7.26622367427296,12.0314425914508,-58.8290176039224,46.6641,46.66225,433287,"2026_01_14_0036","2026_01_14_0036_ev00786_rec1","no",277609
787,1,46.6998,-168.40613639446,-170.605984313766,-2.19984791930565,0.149999999997874,1.30000000000052,1.1999999999972,-165.256817393623,-6.38270819780043,2.5018151095281,77.3204388339481,46.69965,46.6994,433996,"2026_01_14_0036","2026_01_14_0036_ev00787_rec1","no",277610
788,1,46.7514,-162.879773739374,-242.096595562853,-79.2168218234796,3.75000000000369,15.0500000000022,15.5499999999975,-172.968806723706,-73.8340670210383,11.5544274917785,-1429.67975023537,46.7492,46.7449,435028,"2026_01_14_0036","2026_01_14_0036_ev00788_rec1","no",277611
789,1,46.874,-168.256171311013,-189.706415565268,-21.4502442542558,6.19999999999976,8.30000000000553,5.60000000000116,-165.686543848679,-20.7557975968811,8.19627914669307,-174.9621277103,46.87385,46.8674,437480,"2026_01_14_0036","2026_01_14_0036_ev00789_rec1","no",277612
790,1,46.9066,-167.284093374916,-174.726964338528,-7.44287096361239,0.550000000004047,5.49999999999784,7.89999999999935,-162.46818901221,-10.4119696900547,24.7201269534424,-40.8674890659723,46.9063,46.90575,438132,"2026_01_14_0036","2026_01_14_0036_ev00790_rec1","no",277613
791,1,46.98125,-166.07775230006,-177.453275853366,-11.3755235533059,2.80000000000769,31.3999999999979,30.0000000000011,-172.064487720176,-6.78890389455686,4.00697348710491,-236.068728084283,46.9799,46.9767,439625,"2026_01_14_0036","2026_01_14_0036_ev00791_rec1","no",277614
792,1,47.0079,-170.153715449115,-182.570532550662,-12.4168171015464,0.500000000002387,3.2499999999942,6.05000000000189,-163.122492673747,-15.1060629592159,23.1336775672686,-51.2878731669878,47.00735,47.00685,440158,"2026_01_14_0036","2026_01_14_0036_ev00792_rec1","no",277615
793,1,47.14365,-167.961782966605,-170.746723068834,-2.78494010222818,1.10000000000099,30.5999999999926,27.3499999999984,-76404.2586376444,76239.00073551,558701.810693965,9.77405834883493,47.14095,47.13975,442873,"2026_01_14_0036","2026_01_14_0036_ev00793_rec1","no",277616
794,1,47.184,-166.484730789838,-177.548870792565,-11.0641400027266,3.75000000000369,6.149999999991,5.29999999999831,-166.419125827208,-9.15839034232891,6.73524151835662,-89.3477095472005,47.18375,47.17965,443680,"2026_01_14_0036","2026_01_14_0036_ev00794_rec1","no",277617
795,1,47.33305,-167.635037507377,-171.680719872002,-4.04568236462484,0.399999999999068,0.700000000001921,1.59999999999627,-159.990989167294,-9.8854202652507,20.1396170157632,72.732160250788,47.33285,47.33195,446661,"2026_01_14_0036","2026_01_14_0036_ev00795_rec1","no",277618
796,1,47.3893,-167.085754006675,-179.692581660641,-12.6068276539654,4.40000000000396,33.8499999999939,29.999999999994,5112.78073653561,-5287.79015866373,160368.848805511,-270.024712274435,47.38905,47.38305,447786,"2026_01_14_0036","2026_01_14_0036_ev00796_rec1","no",277619
797,1,47.4081,-170.559826251524,-183.767924409837,-13.2080981583127,3.5000000000025,5.40000000000163,4.1000000000011,-166.687588977961,-13.66092865048,9.27792112849707,-38.5331169417329,47.40785,47.40375,448162,"2026_01_14_0036","2026_01_14_0036_ev00797_rec1","no",277620
798,1,47.4429,-168.703280890307,-171.746413531715,-3.04313264140839,0.199999999992428,0.199999999992428,0.399999999999068,-166.840320902815,-3.31399859864992,3.79709873669736,42.3985264999506,47.4429,47.4426,448858,"2026_01_14_0036","2026_01_14_0036_ev00798_rec1","no",277621
799,1,47.5085,-165.701809575448,-205.571096146511,-39.8692865710632,3.55000000000416,27.1999999999935,30.0000000000011,-181.983510995387,-20.0536113576866,8.75874676154552,-1018.05574414166,47.4987,47.49435,450170,"2026_01_14_0036","2026_01_14_0036_ev00799_rec1","no",277622
800,1,47.52815,-183.160772239598,-195.795478556922,-12.6347063173242,0.450000000000728,3.5000000000025,2.75000000000603,-168.844914850334,-27.3585738521403,7.48853049390531,212.569081308342,47.52725,47.5264,450563,"2026_01_14_0036","2026_01_14_0036_ev00800_rec1","no",277623
801,1,47.56305,-169.047009202993,-186.303811391238,-17.2568021882454,1.89999999999912,7.50000000000028,7.79999999999603,-167.777052003455,-17.3172348223028,9.5781253207519,-153.127300054675,47.5624,47.56005,451261,"2026_01_14_0036","2026_01_14_0036_ev00801_rec1","no",277624
802,1,47.6735,-166.76074843766,-245.971300268971,-79.2105518313104,1.94999999999368,9.80000000000558,10.4499999999987,-173.538371135883,-75.1513421676281,8.6798330572448,-1036.18768983018,47.67195,47.66955,453470,"2026_01_14_0036","2026_01_14_0036_ev00802_rec1","no",277625
803,1,47.70445,-178.337544462494,-188.832976702082,-10.4954322395878,1.15000000000265,3.54999999999706,3.75000000000369,-170.301176792829,-19.3135056051136,7.72488101739609,84.8785152685087,47.70425,47.7028,454089,"2026_01_14_0036","2026_01_14_0036_ev00803_rec1","no",277626
804,1,47.7392,-169.65198181758,-184.49340804244,-14.8414262248599,2.50000000000483,8.4500000000034,8.49999999999795,-165.575040860022,-19.1584557198121,12.2543908538618,-123.866313352626,47.7389,47.73625,454784,"2026_01_14_0036","2026_01_14_0036_ev00804_rec1","no",277627
805,1,47.79635,-165.601478918446,-191.296698125773,-25.6952192073275,9.25000000000154,17.4500000000037,19.5500000000024,-151.570374784179,-38.2945066461248,40.1382457134279,-547.029138086072,47.7949,47.78545,455927,"2026_01_14_0036","2026_01_14_0036_ev00805_rec1","no",277628
806,1,47.8417,-172.410947380901,-185.561415461835,-13.1504680809343,8.34999999999297,15.5999999999992,6.9999999999979,-171.051688081649,-18.1155884075186,6.52994742976965,-180.88343765604,47.8393,47.83075,456834,"2026_01_14_0036","2026_01_14_0036_ev00806_rec1","no",277629
807,1,47.8811,-168.90884119613,-193.933751404966,-25.0249102088358,2.45000000000317,9.0499999999949,8.74999999999915,-168.526513633398,-28.997841660183,7.93378391276831,-272.847233906883,47.8803,47.8776,457622,"2026_01_14_0036","2026_01_14_0036_ev00807_rec1","no",277630
808,1,47.91405,-170.597450847642,-175.941312784263,-5.34386193662124,2.55000000000649,5.09999999999877,3.99999999999778,-166.617555859268,-8.15987633809667,12.71592070057,10.2215559702959,47.9136,47.91105,458281,"2026_01_14_0036","2026_01_14_0036_ev00808_rec1","no",277631
809,1,47.9596,-166.796073453172,-205.6691559543,-38.8730825011284,2.80000000000058,10.8500000000049,12.7000000000024,-172.184145996894,-32.9881093365243,9.79191090601623,-553.877121061534,47.959,47.95615,459192,"2026_01_14_0036","2026_01_14_0036_ev00809_rec1","no",277632
810,1,48.00905,-170.81493015317,-184.904300534795,-14.0893703816258,3.39999999999918,11.650000000003,11.9499999999988,-170.234132298385,-16.847581246798,11.1878920919866,-210.222334012142,48.00755,48.0032,460181,"2026_01_14_0036","2026_01_14_0036_ev00810_rec1","no",277633
811,1,48.06455,-168.296208288172,-176.995443147108,-8.69923485893591,1.54999999999461,3.19999999999965,5.34999999999997,-167.796482107823,-5.95590607890857,11.4020588718698,-58.0939071742956,48.0641,48.06245,461291,"2026_01_14_0036","2026_01_14_0036_ev00811_rec1","no",277634
812,1,48.1262,-169.192454050761,-172.650982727737,-3.45852867697516,0.250000000008299,4.64999999999804,5.25000000000375,-165.746507710409,-7.62635239742004,10.9595021804073,22.7869524861545,48.1259,48.1255,462524,"2026_01_14_0036","2026_01_14_0036_ev00812_rec1","no",277635
813,1,48.16255,-163.912634253212,-166.740876952075,-2.82824269886228,2.29999999999819,6.85000000000002,5.45000000000329,-790931.600570441,790774.148928717,575865.982470018,-436.277760351429,48.16255,48.16025,463251,"2026_01_14_0036","2026_01_14_0036_ev00813_rec1","no",277636
814,1,48.18785,-171.495969389337,-206.743777595856,-35.2478082065194,1.75000000000125,9.45000000000107,9.050000000002,-172.203058839659,-38.852107744699,7.86652284342976,-409.293817956833,48.1863,48.18415,463757,"2026_01_14_0036","2026_01_14_0036_ev00814_rec1","no",277637
815,1,48.2641,-167.561434509229,-184.07962582888,-16.5181913196506,1.80000000000291,8.09999999999889,8.15000000000055,-168.798616185856,-18.4617782632442,6.10621191857434,-181.926535226993,48.26345,48.2611,465282,"2026_01_14_0036","2026_01_14_0036_ev00815_rec1","no",277638
816,1,48.31175,-172.598925571326,-218.052098902718,-45.4531733313918,2.6499999999956,8.35000000000008,7.95000000000101,-175.075147381424,-45.3227001789083,6.90120922815183,-500.139464240446,48.3105,48.30745,466235,"2026_01_14_0036","2026_01_14_0036_ev00816_rec1","no",277639
817,1,48.3735,-175.028288321012,-177.545602106948,-2.51731378593601,0.149999999990769,12.3999999999995,11.9500000000059,-508273.963444342,508107.662675048,628118.279308741,-102.428182990117,48.3735,48.37335,467470,"2026_01_14_0036","2026_01_14_0036_ev00817_rec1","no",277640
818,1,48.39725,-167.795672270782,-196.258502610841,-28.4628303400592,2.09999999999866,13.300000000001,13.6499999999984,-164.17591259058,-34.5479195113767,15.2659317265557,-435.129630575951,48.39555,48.3934,467945,"2026_01_14_0036","2026_01_14_0036_ev00818_rec1","no",277641
819,1,48.54145,-166.69353932466,-181.445546019047,-14.7520066943865,2.049999999997,7.6000000000036,7.64999999999816,-162.439491804182,-17.0738512078876,13.6007377865015,-106.209709011573,48.54095,48.53875,470829,"2026_01_14_0036","2026_01_14_0036_ev00819_rec1","no",277642
820,1,48.62125,-164.136290069646,-172.965694932882,-8.82940486323596,0.399999999999068,5.49999999999784,10.7500000000016,-162.47864002153,-7.28057342367676,27.4796230918004,-92.9787152242325,48.62025,48.6197,472425,"2026_01_14_0036","2026_01_14_0036_ev00820_rec1","no",277643
821,1,48.67915,-167.612503026635,-177.982259888649,-10.3697568620141,0.849999999999795,7.14999999999577,7.50000000000739,-163.31872207248,-15.3410888288136,11.8424576380401,-53.6102380548946,48.6782,48.67725,473583,"2026_01_14_0036","2026_01_14_0036_ev00821_rec1","no",277644
822,1,48.7394,-164.782153694113,-182.740671098008,-17.9585174038952,2.15000000000032,4.34999999999519,5.50000000000495,-166.447817852189,-11.6221896372107,6.48253311270506,-145.902294184401,48.73935,48.737,474788,"2026_01_14_0036","2026_01_14_0036_ev00822_rec1","no",277645
823,1,48.8459,-165.200220627414,-187.178963295487,-21.978742668073,2.34999999999275,8.05000000000433,10.4499999999987,-166.441688608693,-15.9352598071493,12.4604284150263,-255.685377613067,48.8457,48.8433,476918,"2026_01_14_0036","2026_01_14_0036_ev00823_rec1","no",277646
824,1,48.9047,-167.65382164773,-182.110126470175,-14.4563048224457,5.15000000000043,11.4999999999981,8.00000000000267,-167.783895766224,-16.2979910702133,7.03145749986352,-189.44659689337,48.9037,48.898,478094,"2026_01_14_0036","2026_01_14_0036_ev00824_rec1","no",277647
825,1,48.9807,-166.071013389801,-178.424708506234,-12.3536951164332,0.849999999999795,7.69999999999982,10.5000000000004,-166.676964995252,-10.7641706483135,10.5332857777903,-134.602594365078,48.9804,48.97955,479614,"2026_01_14_0036","2026_01_14_0036_ev00825_rec1","no",277648
826,1,49.0484,-167.636873776242,-170.709033364385,-3.0721595881426,0.0500000000016598,0.699999999994816,1.1999999999972,-166.894978935464,-2.714288975032,3.31288776999159,13.1530601331945,49.04835,49.0483,480968,"2026_01_14_0036","2026_01_14_0036_ev00826_rec1","no",277649
827,1,49.0767,-164.949525962563,-172.527718458701,-7.57819249613826,1.00000000000477,4.94999999999379,3.84999999999991,-165.512810683671,-7.84972338110743,3.06809174491107,-57.2421360535869,49.07495,49.0739,481534,"2026_01_14_0036","2026_01_14_0036_ev00827_rec1","no",277650
828,1,49.1969,-169.251298583829,-177.99090376511,-8.73960518128044,0.699999999994816,2.60000000000105,3.29999999999586,-166.733923797851,-8.77526729356654,7.84382552687345,2.4929813458681,49.19635,49.1955,483938,"2026_01_14_0036","2026_01_14_0036_ev00828_rec1","no",277651
829,1,49.25065,-165.619037348388,-179.863894877463,-14.2448575290751,0.599999999998602,12.3000000000033,16.7000000000002,-153.38241188425,-24.0790346778969,52.4031721472583,-191.296448212604,49.2503,49.2497,485013,"2026_01_14_0036","2026_01_14_0036_ev00829_rec1","no",277652
830,1,49.34845,-166.71678287,-179.773352508312,-13.0565696383115,0.300000000002854,1.39999999999674,2.94999999999845,-164.357742112664,-10.0499430741846,8.75702087194214,-19.8620801796168,49.3482,49.3475,486969,"2026_01_14_0036","2026_01_14_0036_ev00830_rec1","no",277653
831,1,49.41705,-165.880672590341,-185.813101380917,-19.932428790576,3.00000000000011,6.59999999999883,5.60000000000116,-168.795635917052,-14.7615145430954,4.69662416528638,-209.975934883087,49.41565,49.41245,488341,"2026_01_14_0036","2026_01_14_0036_ev00831_rec1","no",277654
832,1,49.4465,-161.891929414438,-167.021653227361,-5.12972381292241,3.90000000000157,31.3500000000033,30.0000000000011,-167.337569028036,-3.07064631178624,1.612640524609,-222.276822044034,49.44355,49.43965,488930,"2026_01_14_0036","2026_01_14_0036_ev00832_rec1","no",277655
833,1,49.48555,-166.441790145407,-175.433077938118,-8.99128779271035,0.450000000000728,4.39999999999685,6.00000000000023,-165.920614992107,-8.198668467502,7.93933407254774,-52.6767861733894,49.48535,49.4848,489711,"2026_01_14_0036","2026_01_14_0036_ev00833_rec1","no",277656
834,1,49.5895,-165.315704470026,-184.960858750137,-19.6451542801106,1.89999999999202,12.4500000000012,30.0000000000011,-174.575263520921,-16.7501994229824,3.00010103736035,-380.711088598282,49.58845,49.5865,491790,"2026_01_14_0036","2026_01_14_0036_ev00834_rec1","no",277657
835,1,49.61575,-176.162746653378,-182.636224852532,-6.47347819915373,0.549999999996942,3.45000000000084,3.54999999999706,-167.484140421418,-14.8414438919017,12.1972963489335,91.8586579925569,49.61575,49.61485,492315,"2026_01_14_0036","2026_01_14_0036_ev00835_rec1","no",277658
836,1,49.7246,-168.170768771512,-181.591610180715,-13.4208414092027,1.40000000000384,7.24999999999909,8.60000000000127,-162.402109244448,-17.9605533269568,16.6909991733939,-91.2017652427693,49.7244,49.72285,494492,"2026_01_14_0036","2026_01_14_0036_ev00836_rec1","no",277659
837,1,49.8895,-174.313413460416,-185.079244138941,-10.7658306785254,0.799999999998136,3.45000000000084,4.1000000000011,-173.454172931305,-12.2211492097925,4.40765821448507,-32.2164906100399,49.88925,49.88835,497790,"2026_01_14_0036","2026_01_14_0036_ev00837_rec1","no",277660
838,1,49.90825,-175.42047484067,-179.523670193942,-4.10319535327119,0.199999999999534,0.249999999994088,0.700000000001921,-168.412569747442,-9.08401300748982,10.7489477865172,117.315537050134,49.9081,49.90785,498165,"2026_01_14_0036","2026_01_14_0036_ev00838_rec1","no",277661
839,2,50.00925,-168.606466351941,-208.99878303575,-40.392316683809,1.75000000000125,8.09999999999889,7.5999999999965,-169.647779644749,-38.4318013454986,7.47463106743472,-420.956321987195,50.00745,50.00555,185,"2026_01_14_0036","2026_01_14_0036_ev00839_rec2","no",277662
840,2,50.1251,-168.967296024008,-184.760753979929,-15.7934579559205,2.0500000000041,8.44999999999629,7.5999999999965,-171.217715066646,-11.9069699970152,6.35088859115482,-252.760635243174,50.11735,50.11505,2502,"2026_01_14_0036","2026_01_14_0036_ev00840_rec2","no",277663
841,2,50.27575,-167.808728385052,-175.134706535003,-7.32597814995151,6.15000000000521,12.5499999999974,1.64999999999793,-65380.4073393819,65210.1223543834,460552.144470552,-175.038069836537,50.2745,50.2682,5515,"2026_01_14_0036","2026_01_14_0036_ev00841_rec2","no",277664
842,2,50.4983,-166.840452068092,-190.025808769698,-23.1853567016062,12.9000000000019,10.5000000000004,9.79999999999848,-172.53130245698,-11.7789133685156,6.97911670972995,-427.43617949602,50.49675,50.48195,9966,"2026_01_14_0036","2026_01_14_0036_ev00842_rec2","no",277665
843,2,50.55175,-168.559386220169,-173.907191048821,-5.34780482865159,0.0500000000016598,0.250000000001194,0.199999999999534,-167.42787324195,-3.52650843486547,1.69752133920493,26.4119790575391,50.55145,50.55135,11035,"2026_01_14_0036","2026_01_14_0036_ev00843_rec2","no",277666
844,2,50.6311,-171.386659943352,-226.362646993108,-54.9759870497563,8.40000000000174,19.8999999999998,11.9999999999933,-173.342374275486,-52.6601050249621,11.4014968700193,-1211.61414650645,50.62655,50.6181,12622,"2026_01_14_0036","2026_01_14_0036_ev00844_rec2","no",277667
845,2,50.69855,-173.691797982882,-189.040908248633,-15.349110265751,2.24999999999653,5.85000000000235,4.65000000000515,-174.133705006214,-14.1808719565983,4.66065839863196,-121.752470550116,50.6971,50.6945,13971,"2026_01_14_0036","2026_01_14_0036_ev00845_rec2","no",277668
846,2,50.74495,-176.484143546148,-181.667474690702,-5.18333114455365,0.450000000000728,0.250000000001194,0.399999999999068,-168.968332216692,-10.0305201503738,6.867742161253,156.488766023089,50.7448,50.7443,14899,"2026_01_14_0036","2026_01_14_0036_ev00846_rec2","no",277669
847,2,50.82115,-172.059845888636,-183.200258850511,-11.1404129618747,2.09999999999866,8.64999999999583,8.29999999999842,-170.653493116102,-14.5827735746258,8.54188259630132,-104.2309381167,50.82105,50.8181,16423,"2026_01_14_0036","2026_01_14_0036_ev00847_rec2","no",277670
848,2,50.8748,-171.871899991062,-196.865662772792,-24.9937627817299,0.900000000001455,9.29999999999609,10.3000000000009,-170.20738947925,-30.0582382594883,10.1679412661481,-280.660943203609,50.87375,50.87265,17496,"2026_01_14_0036","2026_01_14_0036_ev00848_rec2","no",277671
849,2,50.9737,-171.092824516534,-192.700881197586,-21.6080566810514,1.50000000000006,7.30000000000075,8.74999999999915,-172.315555758248,-22.2543386748802,7.36721215451699,-219.23039722374,50.9732,50.9717,19474,"2026_01_14_0036","2026_01_14_0036_ev00849_rec2","no",277672
850,2,51.0576,-168.295460803432,-180.728098018919,-12.4326372154871,0.599999999998602,19.7000000000003,9.050000000002,-49912.0806042592,49740.6228120497,313322.321738651,-179.220370215566,51.05655,51.0555,21152,"2026_01_14_0036","2026_01_14_0036_ev00850_rec2","no",277673
851,2,51.0819,-168.79046762024,-181.967770870654,-13.1773032504145,5.19999999999499,7.04999999999956,5.70000000000448,-168.321376943674,-10.8997094076474,7.96445961208891,-123.844651052731,51.08145,51.0761,21638,"2026_01_14_0036","2026_01_14_0036_ev00851_rec2","no",277674
852,2,51.2567,-173.273973533481,-196.780342850472,-23.5063693169911,2.40000000000151,5.20000000000209,7.30000000000075,-170.852554187983,-19.0562264117662,13.5547694228125,-191.998686021229,51.25665,51.25405,25134,"2026_01_14_0036","2026_01_14_0036_ev00852_rec2","no",277675
853,2,51.34865,-185.773653795444,-190.3846206232,-4.61096682775559,0.500000000002387,0.250000000001194,0,-176.337756231561,-9.5020455849532,6.83983400675588,218.671579335055,51.34865,51.348,26973,"2026_01_14_0036","2026_01_14_0036_ev00853_rec2","no",277676
854,2,51.42895,-169.48910689505,-172.369280791818,-2.88017389676799,0.849999999999795,7.04999999999956,8.80000000000081,-170.357404813762,-5.42608810895602,2.65460314730624,-46.8988184271555,51.42845,51.4276,28579,"2026_01_14_0036","2026_01_14_0036_ev00854_rec2","no",277677
855,2,51.4688,-170.94753866793,-176.579253764468,-5.63171509653756,0.199999999999534,0.10000000000332,0.199999999999534,-169.510582872377,-3.77402242495375,2.62726190034294,32.6504189614595,51.4688,51.4686,29376,"2026_01_14_0036","2026_01_14_0036_ev00855_rec2","no",277678
856,2,51.5217,-171.812501753271,-222.357073253531,-50.5445715002601,3.14999999999799,12.0000000000005,10.949999999994,-171.330624682389,-57.7491956776504,9.91901248534145,-723.650531502596,51.5197,51.51635,30434,"2026_01_14_0036","2026_01_14_0036_ev00856_rec2","no",277679
857,2,51.55805,-174.363407131358,-182.309658623938,-7.9462514925805,0.700000000001921,8.50000000000506,8.60000000000127,-170.758184262355,-13.3993022669801,12.0378493153224,-54.8352803700371,51.55675,51.55555,31161,"2026_01_14_0036","2026_01_14_0036_ev00857_rec2","no",277680
858,2,51.59675,-177.196171023572,-181.07577405678,-3.87960303320799,0.199999999999534,0.250000000001194,0,-164.985465971415,-11.4689148581439,37.2557506706228,129.546564729108,51.59675,51.5965,31935,"2026_01_14_0036","2026_01_14_0036_ev00858_rec2","no",277681
859,2,51.62375,-170.004221303138,-178.582367178362,-8.57814587522387,0.10000000000332,30.149999999999,30.0000000000011,-21618.0729445223,21447.8413086311,537239.278304276,-25.5548211231947,51.6235,51.6234,32475,"2026_01_14_0036","2026_01_14_0036_ev00859_rec2","no",277682
860,2,51.66175,-170.345179756569,-179.302701878477,-8.95752212190806,1.80000000000291,5.15000000000043,7.10000000000122,-172.579762490562,-5.746463077866,4.2574798792367,-105.731352611843,51.66095,51.65915,33235,"2026_01_14_0036","2026_01_14_0036_ev00860_rec2","no",277683
861,2,51.6906,-173.507006834252,-178.385304617889,-4.87829778363673,1.95000000000078,11.099999999999,8.04999999999723,-6183527.71187117,6183405.31851822,941062.681918803,-1439.90320328934,51.68945,51.68745,33812,"2026_01_14_0036","2026_01_14_0036_ev00861_rec2","no",277684
862,2,51.71425,-181.791493103634,-349.844172935463,-168.052679831829,2.3000000000053,14.4499999999965,16.2499999999994,-137.427825486756,-221.673374517747,22.1643296814599,-2688.6715854414,51.71325,51.71045,34285,"2026_01_14_0036","2026_01_14_0036_ev00862_rec2","no",277685
863,2,51.80065,-188.815114412555,-201.663456395094,-12.8483419825387,1.40000000000384,4.24999999999898,4.50000000000017,-187.545657868765,-17.9932422367499,4.09689742802739,-54.8940643413189,51.7997,51.798,36013,"2026_01_14_0036","2026_01_14_0036_ev00863_rec2","no",277686
864,2,51.81985,-187.83906746633,-193.960004020164,-6.12093655383416,0.550000000004047,2.74999999999892,2.89999999999679,-178.04287879201,-16.255080090388,9.64404313509773,141.891548408621,51.8198,51.81925,36397,"2026_01_14_0036","2026_01_14_0036_ev00864_rec2","no",277687
865,2,51.8656,-182.640893873879,-215.718798259475,-33.0779043855965,4.9500000000009,9.70000000000226,9.29999999999609,-190.313040840119,-34.4151568552385,4.61384325064673,-514.96634284888,51.8644,51.8594,37312,"2026_01_14_0036","2026_01_14_0036_ev00865_rec2","no",277688
866,2,51.8901,-186.794409884644,-203.884314375936,-17.0899044912921,1.30000000000052,4.30000000000064,2.75000000000603,-184.338909036953,-22.5826713957352,2.90023876366883,-25.089032604481,51.8889,51.8876,37802,"2026_01_14_0036","2026_01_14_0036_ev00866_rec2","no",277689
867,2,51.9344,-178.059603743962,-198.565344560424,-20.5057408164621,1.10000000000099,7.65000000000526,8.80000000000081,-163.927273454573,-34.545792095313,18.9344568293446,-115.172582266072,51.9341,51.93295,38688,"2026_01_14_0036","2026_01_14_0036_ev00867_rec2","no",277690
868,2,51.98215,-169.885190453976,-182.923910912873,-13.0387204588978,0.600000000005707,12.2500000000016,14.2000000000024,-171.173644026878,-17.5254984992315,8.87531093821475,-213.130667524166,51.9808,51.9802,39643,"2026_01_14_0036","2026_01_14_0036_ev00868_rec2","no",277691
869,2,52.05965,-173.169834591515,-190.86055826022,-17.6907236687046,1.69999999999959,31.3499999999962,30.0000000000011,-184.057503108297,-9.24448176902251,1.32292344626323,-422.369269631499,52.05855,52.05125,41193,"2026_01_14_0036","2026_01_14_0036_ev00869_rec2","no",277692
870,2,52.0799,-183.352665348572,-198.323917860375,-14.9712525118031,1.25000000000597,2.09999999999866,2.84999999999513,-170.534480244484,-23.0759283016426,12.4341670883552,110.489784361245,52.0797,52.0782,41598,"2026_01_14_0036","2026_01_14_0036_ev00870_rec2","no",277693
871,2,52.1787,-169.656088567134,-189.484053285042,-19.8279647179083,2.25000000000364,6.09999999999644,5.74999999999903,-175.281243259243,-11.3681421277653,3.04595202286019,-251.238692136181,52.17765,52.1753,43574,"2026_01_14_0036","2026_01_14_0036_ev00871_rec2","no",277694
872,2,52.20695,-176.430377821182,-186.841045414337,-10.4106675931557,0.250000000001194,5.14999999999333,4.60000000000349,-172.324189377457,-15.830688028768,6.65807095917383,-1.5257923118148,52.20515,52.2049,44139,"2026_01_14_0036","2026_01_14_0036_ev00872_rec2","no",277695
873,2,52.24525,-173.832905640103,-176.957899507503,-3.1249938673995,0.0499999999945544,0.0999999999962142,0,-172.326389777307,-2.48526004009228,3.80216131071858,35.5598695786698,52.2452,52.24515,44905,"2026_01_14_0036","2026_01_14_0036_ev00873_rec2","no",277696
874,2,52.3695,-170.89145068048,-179.462550410936,-8.57109973045587,0.800000000005241,5.09999999999877,6.65000000000049,-171.761708665839,-8.12615771968515,5.27777289189931,-76.3464497827768,52.3693,52.3684,47390,"2026_01_14_0036","2026_01_14_0036_ev00874_rec2","no",277697
875,2,52.4739,-172.378849490049,-187.954852065502,-15.5760025754533,0.700000000001921,5.15000000000043,6.54999999999717,-173.592761825542,-14.1156724083764,5.77843432354985,-131.663104580382,52.4733,52.4725,49478,"2026_01_14_0036","2026_01_14_0036_ev00875_rec2","no",277698
876,2,52.49375,-174.894500304234,-177.271555976394,-2.37705567215929,0.0500000000016598,0.0999999999962142,0.300000000002854,-166.505866328042,-9.40354702910586,21.211763853319,99.4712948543029,52.49345,52.4934,49875,"2026_01_14_0036","2026_01_14_0036_ev00876_rec2","no",277699
877,2,52.65385,-173.76863360481,-180.356273257466,-6.58763965265621,0.849999999999795,2.39999999999441,3.5000000000025,-170.500515610161,-8.53044757548061,8.68443586072579,15.7441563707528,52.6528,52.6518,53077,"2026_01_14_0036","2026_01_14_0036_ev00877_rec2","no",277700
878,2,52.76335,-171.187906469694,-174.971376727495,-3.7834702578013,0.0500000000016598,0.150000000004979,0,-168.296610602162,-3.33655325439166,4.38689335313963,71.6451912899318,52.76335,52.7628,55267,"2026_01_14_0036","2026_01_14_0036_ev00878_rec2","no",277701
879,2,52.8594,-173.744784429035,-178.071172903678,-4.32638847464287,0.0999999999962142,0.650000000000261,0.900000000001455,-170.55932320061,-6.19902968689937,3.57093508489765,72.6536130018381,52.85935,52.8591,57188,"2026_01_14_0036","2026_01_14_0036_ev00879_rec2","no",277702
880,2,53.0903,-168.391712198615,-177.41375413204,-9.02204193342521,2.70000000000437,6.79999999999836,12.0000000000005,-161.140272248334,-13.3008448740119,52.6330337310494,-100.255268686968,53.0902,53.0875,61806,"2026_01_14_0036","2026_01_14_0036_ev00880_rec2","no",277703
881,2,53.21445,-169.532430430021,-188.767561511138,-19.2351310811163,3.35000000000463,11.5499999999997,10.6999999999999,-169.217632457391,-21.3468808885486,10.1216579632711,-277.806403095678,53.21135,53.20745,64289,"2026_01_14_0036","2026_01_14_0036_ev00881_rec2","no",277704
882,2,53.284,-169.63821401395,-174.083520038201,-4.44530602425141,1.59999999999627,9.29999999999609,10.3500000000025,-171.090019315181,-5.75527593981261,3.05227817458432,-79.3033876815241,53.2825,53.2805,65680,"2026_01_14_0036","2026_01_14_0036_ev00882_rec2","no",277705
883,2,53.3409,-171.780237308952,-182.176916131418,-10.3966788224666,2.15000000000032,5.24999999999665,5.20000000000209,-171.556321148667,-7.52125427917416,8.4463987209536,-76.6527670502483,53.3403,53.33795,66818,"2026_01_14_0036","2026_01_14_0036_ev00883_rec2","no",277706
884,2,53.4295,-174.603097108986,-178.979317622951,-4.37622051396508,0.10000000000332,0.149999999997874,0.199999999999534,-169.623547803889,-6.66641405986225,18.1098480887021,51.1677648799632,53.4294,53.4293,68590,"2026_01_14_0036","2026_01_14_0036_ev00884_rec2","no",277707
885,2,53.4681,-169.724297256786,-179.694645823726,-9.97034856694023,3.39999999999918,11.6499999999959,11.4999999999981,-168.71569620855,-12.0480557013933,12.2151823833023,-139.952092422593,53.4677,53.4638,69362,"2026_01_14_0036","2026_01_14_0036_ev00885_rec2","no",277708
886,2,53.52915,-169.953525788777,-188.600116020832,-18.646590232055,3.14999999999799,10.0500000000068,11.099999999999,-174.248283052667,-14.6470833907609,6.43055370022226,-277.556512484183,53.5288,53.52565,70583,"2026_01_14_0036","2026_01_14_0036_ev00886_rec2","no",277709
887,2,53.73085,-171.835147507881,-211.900131029828,-40.0649835219472,1.69999999999959,11.650000000003,13.9500000000012,-170.351173047425,-43.4398555795502,14.236342131436,-561.852642694279,53.73025,53.7282,74617,"2026_01_14_0036","2026_01_14_0036_ev00887_rec2","no",277710
888,2,53.8081,-170.079627332793,-180.219508697219,-10.1398813644267,1.40000000000384,10.5999999999966,30.0000000000011,-174.599060327984,-7.56371659136859,2.96437016815407,-189.507519547996,53.80595,53.8039,76162,"2026_01_14_0036","2026_01_14_0036_ev00888_rec2","no",277711
889,2,53.8236,-174.3455523567,-180.248000781308,-5.90244842460774,0.0999999999962142,3.00000000000011,3.34999999999752,-173.875837448482,-6.54255019867143,3.72259039219621,-12.577404769409,53.8234,53.82295,76472,"2026_01_14_0036","2026_01_14_0036_ev00889_rec2","no",277712
890,2,53.84145,-176.048025147644,-180.628736696553,-4.58071154890879,0.10000000000332,0.599999999998602,0.89999999999435,-169.805219671876,-9.0085161139799,7.10317192267992,122.942193468107,53.84125,53.8411,76829,"2026_01_14_0036","2026_01_14_0036_ev00890_rec2","no",277713
891,2,53.88165,-176.833687901517,-181.411482253065,-4.57779435154805,0.500000000002387,0.999999999997669,0.650000000000261,-169.599344878803,-9.85061388839336,6.45923096197609,151.952229423479,53.8816,53.8806,77633,"2026_01_14_0036","2026_01_14_0036_ev00891_rec2","no",277714
892,2,54.0577,-171.257638960575,-180.344038664931,-9.08639970435664,1.40000000000384,9.50000000000273,6.60000000000593,-286683.533234514,286516.48598447,249587.947051673,-402.54713837445,54.05745,54.0558,81154,"2026_01_14_0036","2026_01_14_0036_ev00892_rec2","no",277715
893,2,54.08345,-177.534506431879,-210.569369227681,-33.034862795802,6.34999999999764,13.7,13.1500000000031,-179.236192801082,-28.4570433665263,13.2396490583965,-524.145931751397,54.08255,54.076,81669,"2026_01_14_0036","2026_01_14_0036_ev00893_rec2","no",277716
894,2,54.14045,-178.466423405563,-191.659734235472,-13.1933108299085,0.749999999996476,7.75000000000148,8.04999999999723,-169.367148506644,-23.8379716832006,15.0675865614366,-58.715080644262,54.13905,54.13805,82809,"2026_01_14_0036","2026_01_14_0036_ev00894_rec2","no",277717
895,2,54.19555,-173.660381307437,-214.788264650551,-41.1278833431145,13.5000000000005,24.6500000000012,11.9000000000042,-182.314979176153,-32.2783938035732,7.46579428418077,-1085.07244833055,54.19055,54.176,83911,"2026_01_14_0036","2026_01_14_0036_ev00895_rec2","no",277718
896,2,54.23105,-188.899447304075,-192.107073192621,-3.20762588854632,0.349999999997408,2.00000000000244,2.0500000000041,-174.247000739896,-21.471699560661,6.78062073879305,294.177259705041,54.23105,54.2307,84621,"2026_01_14_0036","2026_01_14_0036_ev00896_rec2","no",277719
897,2,54.27915,-175.74013614434,-178.807803214558,-3.06766707021814,0.300000000002854,30.2500000000023,30.0000000000011,-50320.7761180864,50147.297406562,582726.109528648,28.037454158976,54.27915,54.2788,85583,"2026_01_14_0036","2026_01_14_0036_ev00897_rec2","no",277720
898,2,54.31125,-177.113854077422,-188.486047322937,-11.3721932455148,1.50000000000006,2.34999999999985,1.89999999999912,-174.493077658421,-14.0750440079555,2.63465742356439,30.4429579615649,54.31115,54.30965,86225,"2026_01_14_0036","2026_01_14_0036_ev00898_rec2","no",277721
899,2,54.33645,-177.182005496545,-180.123919732539,-2.9419142359948,0.10000000000332,0.199999999999534,0,-167.900324087245,-8.93465182206263,15.6995395533492,158.421933321155,54.33645,54.3362,86729,"2026_01_14_0036","2026_01_14_0036_ev00899_rec2","no",277722
900,2,54.4295,-174.451008931289,-183.844190169048,-9.39318123775968,0.499999999995282,1.50000000000006,2.00000000000244,-171.475397234661,-10.4503296396353,4.18905289750146,40.7188371130687,54.42905,54.42855,88590,"2026_01_14_0036","2026_01_14_0036_ev00900_rec2","no",277723
901,2,54.5787,-174.033874426082,-179.019643139225,-4.98576871314287,1.35000000000218,2.79999999999347,3.10000000000343,-168.673595293972,-9.37837399445551,11.7544005453789,52.7832446507984,54.57855,54.5768,91574,"2026_01_14_0036","2026_01_14_0036_ev00901_rec2","no",277724
902,2,54.63815,-168.240674534616,-179.6615038371,-11.4208293024832,0.450000000000728,3.29999999999586,14.1500000000008,-172.465988676805,-5.84561589637926,1.47155664060336,-146.705096797232,54.63715,54.63655,92763,"2026_01_14_0036","2026_01_14_0036_ev00902_rec2","no",277725
903,2,54.66505,-169.593472307557,-181.491731282085,-11.8982589745279,1.50000000000006,6.30000000000308,6.09999999999644,-171.979839664763,-7.40568161864524,4.67840840278724,-130.645293343977,54.6639,54.66185,93301,"2026_01_14_0036","2026_01_14_0036_ev00903_rec2","no",277726
904,2,54.70235,-170.181056581548,-175.549163709602,-5.36810712805382,0.150000000004979,17.0999999999992,14.5499999999998,-167686.159926055,167518.165838533,584999.260137332,-64.5134231249798,54.70215,54.702,94047,"2026_01_14_0036","2026_01_14_0036_ev00904_rec2","no",277727
905,2,54.71315,-165.643699247995,-169.878930401074,-4.23523115307864,1.89999999999912,2.60000000000105,0.999999999997669,-182.26372798147,15.9119983022727,17.7746512893351,-286.42345025334,54.71165,54.70975,94263,"2026_01_14_0036","2026_01_14_0036_ev00905_rec2","no",277728
906,2,54.7315,-167.906858388074,-181.857298291602,-13.9504399035288,1.15000000000265,34.5999999999975,30.0000000000011,-175.93083297831,-8.70147527536073,3.43462632824215,-340.242915890965,54.7276,54.7257,94630,"2026_01_14_0036","2026_01_14_0036_ev00906_rec2","no",277729
907,2,54.74895,-177.740288173071,-179.901646617818,-2.16135844474641,0.0999999999962142,2.15000000000032,2.049999999997,-169.824594990022,-10.6418023677959,10.1974676382411,133.420938187408,54.74845,54.7482,94979,"2026_01_14_0036","2026_01_14_0036_ev00907_rec2","no",277730
908,2,54.82955,-170.754238867095,-193.629179039154,-22.8749401720586,4.59999999999638,10.7500000000016,13.7,-179.021609647821,-16.950250804411,3.06884919782442,-403.66178569129,54.82745,54.82085,96591,"2026_01_14_0036","2026_01_14_0036_ev00908_rec2","no",277731
909,2,54.8917,-162.045903470924,-168.456636994346,-6.41073352342195,0.999999999997669,35.499999999999,30.0000000000011,-167.302501152999,-4.06390716366665,12.4004399956232,-252.521441340395,54.88675,54.88575,97834,"2026_01_14_0036","2026_01_14_0036_ev00909_rec2","no",277732
910,2,54.95575,-169.487849892025,-175.222926718506,-5.73507682648079,0.199999999999534,9.34999999999775,9.09999999999656,-1292178.8170354,1292040.71779479,351441.175628039,-712.70755560729,54.95575,54.95555,99115,"2026_01_14_0036","2026_01_14_0036_ev00910_rec2","no",277733
911,2,54.98025,-168.501985565972,-279.336230646851,-110.834245080878,2.34999999999985,10.1999999999975,11.2000000000023,-178.085092549024,-104.869600696541,9.30983487041364,-1498.21158535173,54.979,54.9763,99605,"2026_01_14_0036","2026_01_14_0036_ev00911_rec2","no",277734
912,2,55.09205,-171.029868166861,-185.372742267305,-14.3428741004446,1.50000000000006,6.24999999999432,7.24999999999909,-169.65866152557,-14.6801889844973,9.20933900730552,-101.988117875019,55.092,55.0901,101841,"2026_01_14_0036","2026_01_14_0036_ev00912_rec2","no",277735
913,2,55.15615,-171.782936206809,-179.381396304797,-7.59846009798861,1.95000000000078,27.6999999999958,20.4500000000039,-40154.1619063619,39983.3798152475,214260.842945764,-66.8212193976964,55.15555,55.1527,103123,"2026_01_14_0036","2026_01_14_0036_ev00913_rec2","no",277736
914,2,55.1855,-170.704520400814,-185.089595020275,-14.3850746194606,2.29999999999819,10.2499999999992,10.6500000000054,-171.190409268812,-17.9498527650118,8.10297602641218,-197.03854277379,55.18505,55.18075,103710,"2026_01_14_0036","2026_01_14_0036_ev00914_rec2","no",277737
915,2,55.248,-173.748511460077,-177.809494588454,-4.06098312837733,0.300000000002854,1.35000000000218,1.10000000000099,-171.606302273428,-5.84388141305643,2.35525356547408,49.4693223277419,55.24765,55.24715,104960,"2026_01_14_0036","2026_01_14_0036_ev00915_rec2","no",277738
916,2,55.37745,-167.035593552357,-187.943095886925,-20.9075023345673,3.79999999999825,8.80000000000081,10.4000000000042,-170.036283649039,-16.124141554941,8.48207681027974,-265.050999009484,55.37735,55.3733,107549,"2026_01_14_0036","2026_01_14_0036_ev00916_rec2","no",277739
917,2,55.43845,-173.680496714248,-188.037256456771,-14.3567597425232,0.94999999999601,15.500000000003,17.5999999999945,108454.32464592,-108640.495821552,266070.638581718,-224.473435864492,55.4368,55.4356,108769,"2026_01_14_0036","2026_01_14_0036_ev00917_rec2","no",277740
918,2,55.47745,-173.870046476286,-188.45635391078,-14.5863074344939,1.14999999999554,5.65000000000282,6.30000000000308,-177.102007177621,-13.9952581175217,3.38732674296274,-164.348641616435,55.477,55.47575,109549,"2026_01_14_0036","2026_01_14_0036_ev00918_rec2","no",277741
919,2,55.49635,-173.166642990182,-185.957450875208,-12.7908078850258,0.599999999998602,2.25000000000364,5.60000000000116,-169.040832597609,-11.2459255679884,23.3984873730695,-73.9208445147629,55.4961,55.4953,109927,"2026_01_14_0036","2026_01_14_0036_ev00919_rec2","no",277742
920,2,55.66295,-168.264604800785,-172.671283067255,-4.40667826647069,0.149999999997874,1.50000000000006,2.84999999999513,-166.015760654975,-5.06172242012618,10.7538015645078,15.5206675541722,55.6629,55.66275,113259,"2026_01_14_0036","2026_01_14_0036_ev00920_rec2","no",277743
921,2,55.7135,-171.246674593588,-188.124435565571,-16.8777609719825,6.95000000000334,7.04999999999956,4.75000000000136,-175.229433498596,-12.218648870262,2.82930020578553,-206.39364091339,55.71325,55.7058,114270,"2026_01_14_0036","2026_01_14_0036_ev00921_rec2","no",277744
922,2,55.73355,-173.754693596028,-181.0450455865,-7.29035199047186,0.0500000000016598,5.15000000000043,6.25000000000142,-164.598510887639,-16.4874363438057,18.9082161795539,22.3917680071941,55.73315,55.73285,114671,"2026_01_14_0036","2026_01_14_0036_ev00922_rec2","no",277745
923,2,55.8417,-181.566271726019,-194.372755972509,-12.8064842464904,2.45000000000317,7.3499999999953,6.04999999999478,-175.545107163318,-23.0953609644821,7.94470359386059,-30.6972775654559,55.84035,55.8374,116834,"2026_01_14_0036","2026_01_14_0036_ev00923_rec2","no",277746
924,2,55.94515,-174.062525267015,-176.142382561712,-2.0798572946965,0.999999999997669,8.94999999999868,9.50000000000273,28269.5537622275,-28447.2605462128,94124.1793956962,19.7252940730159,55.94465,55.9428,118903,"2026_01_14_0036","2026_01_14_0036_ev00924_rec2","no",277747
925,2,55.99255,-172.3628936519,-180.360517400319,-7.99762374841885,0.849999999999795,10.6499999999983,7.10000000000122,-345758.471901589,345586.213878248,803500.103472926,-198.408020814684,55.992,55.99115,119851,"2026_01_14_0036","2026_01_14_0036_ev00925_rec2","no",277748
926,2,56.0192,-179.486700248829,-189.376364699115,-9.8896644502866,0.550000000004047,6.25000000000142,4.60000000000349,-179.040201825082,-14.94207567254,3.55858740606075,-68.2579903509356,56.01675,56.01595,120384,"2026_01_14_0036","2026_01_14_0036_ev00926_rec2","no",277749
927,2,56.045,-180.928792836713,-185.914265008607,-4.98547217189397,0.149999999997874,3.19999999999965,3.65000000000038,-170.496448546832,-15.7667802181675,14.5835635798059,110.290910738951,56.04475,56.0444,120900,"2026_01_14_0036","2026_01_14_0036_ev00927_rec2","no",277750
928,2,56.11675,-172.733039377897,-187.706963950794,-14.9739245728967,1.40000000000384,11.6499999999959,15.0500000000022,-176.406475073965,-12.7835130137838,7.81378414256297,-238.376732568103,56.11585,56.11435,122335,"2026_01_14_0036","2026_01_14_0036_ev00928_rec2","no",277751
929,2,56.1698,-179.478401653945,-208.821626394467,-29.3432247405221,1.50000000000006,7.84999999999769,8.35000000000008,-175.775170287601,-34.3166387652588,9.7199760221004,-261.665060358883,56.1689,56.16695,123396,"2026_01_14_0036","2026_01_14_0036_ev00929_rec2","no",277752
930,2,56.20785,-178.402619829887,-184.364041303333,-5.96142147344673,0.0500000000016598,0.0500000000016598,0.650000000000261,-172.535808699566,-8.54551674262316,11.8302853136514,81.9573870799116,56.2076,56.20755,124157,"2026_01_14_0036","2026_01_14_0036_ev00930_rec2","no",277753
931,2,56.3365,-173.91586137617,-185.803150528173,-11.8872891520029,1.1999999999972,16.7500000000018,20.4499999999967,54945.7887481625,-55129.6832608221,202189.059109993,-196.140189673771,56.33535,56.33415,126730,"2026_01_14_0036","2026_01_14_0036_ev00931_rec2","no",277754
932,2,56.3731,-176.447334221962,-180.115211093928,-3.66787687196557,0.300000000002854,0.199999999999534,0,-165.10286377437,-12.1818047926484,30.5269472800027,106.26562488053,56.3731,56.3728,127462,"2026_01_14_0036","2026_01_14_0036_ev00932_rec2","no",277755
933,2,56.4274,-170.471892864706,-181.523822092027,-11.0519292273218,1.80000000000291,4.89999999999924,7.10000000000122,-173.97068202149,-6.27863141204148,2.9996791360146,-143.214019456722,56.4266,56.42475,128548,"2026_01_14_0036","2026_01_14_0036_ev00933_rec2","no",277756
934,2,56.44525,-174.289500934446,-180.588509790069,-6.29900885562384,1.14999999999554,1.20000000000431,0,-167.80752394028,-8.19827646760514,25.344978515281,45.39062791866,56.4451,56.4439,128905,"2026_01_14_0036","2026_01_14_0036_ev00934_rec2","no",277757
935,2,56.46465,-171.943363753821,-177.838471702607,-5.89510794878606,0.199999999999534,0.0999999999962142,0.10000000000332,-170.437947544485,-3.96521870411435,1.05928162426369,40.3209365281155,56.46465,56.46445,129293,"2026_01_14_0036","2026_01_14_0036_ev00935_rec2","no",277758
936,2,56.5287,-175.785688644116,-184.728477834812,-8.94278919069603,2.29999999999819,6.9999999999979,4.89999999999924,-177.077763340942,-6.42184195037598,4.22325150316822,-85.7287369028263,56.52675,56.524,130574,"2026_01_14_0036","2026_01_14_0036_ev00936_rec2","no",277759
937,2,56.61725,-171.09531440944,-188.459648948706,-17.3643345392655,1.60000000000338,7.95000000000101,7.19999999999743,-170.158129245515,-17.6766467834368,8.22031241761063,-169.105586742331,56.6145,56.61255,132345,"2026_01_14_0036","2026_01_14_0036_ev00937_rec2","no",277760
938,2,56.64915,-173.579097427402,-188.533411687584,-14.9543142601814,1.95000000000078,5.44999999999618,7.10000000000122,-177.58569149443,-11.6630847464592,3.48774209545527,-178.041909550328,56.64875,56.64645,132983,"2026_01_14_0036","2026_01_14_0036_ev00938_rec2","no",277761
939,2,56.6729,-175.775043786009,-181.086427715939,-5.31138392992938,0.199999999999534,3.34999999999752,3.14999999999799,-176.343979088911,-6.90506720962603,1.97213994739148,-41.7847051493939,56.6712,56.671,133458,"2026_01_14_0036","2026_01_14_0036_ev00939_rec2","no",277762
940,2,56.8975,-170.502295056857,-181.243180858765,-10.7408858019078,0.999999999997669,4.14999999999566,30.0000000000011,-174.885616283733,-4.50301190146048,1.60073229039547,-155.153766158851,56.89635,56.8952,137950,"2026_01_14_0036","2026_01_14_0036_ev00940_rec2","no",277763
941,2,56.9282,-174.969689595521,-183.352809649179,-8.3831200536581,0.199999999999534,0.0999999999962142,0,9514.02524023552,-9688.9040678683,87952.0182310504,51.6331088196336,56.9282,56.9279,138564,"2026_01_14_0036","2026_01_14_0036_ev00941_rec2","no",277764
942,2,56.9747,-174.517526704503,-186.024450062571,-11.5069233580681,1.55000000000172,9.75000000000392,12.0500000000021,-171.232500231268,-16.4031872277348,15.5254507907831,-131.985940765344,56.9744,56.97265,139494,"2026_01_14_0036","2026_01_14_0036_ev00942_rec2","no",277765
943,2,57.16075,-173.20951313317,-191.685755211726,-18.4762420785558,9.3000000000032,18.7000000000026,15.9999999999982,-172.253124345114,-22.4134258360486,15.1653014988605,-448.008277297688,57.1561,57.14625,143215,"2026_01_14_0036","2026_01_14_0036_ev00943_rec2","no",277766
944,2,57.33765,-175.590801666629,-228.29039891579,-52.6995972491612,1.55000000000172,16.5500000000023,18.9000000000021,-117.670723928081,-113.394517290154,49.5528344465457,-905.731785076983,57.3367,57.3349,146753,"2026_01_14_0036","2026_01_14_0036_ev00944_rec2","no",277767
945,2,57.57505,-172.4086696033,-190.43110038361,-18.0224307803097,1.04999999999933,5.44999999999618,0,-142507.870355148,142327.373635015,533930.661738441,-401.558547793275,57.57325,57.5722,151501,"2026_01_14_0036","2026_01_14_0036_ev00945_rec2","no",277768
946,2,57.59775,-176.019420526734,-203.475215026561,-27.455794499827,1.89999999999912,7.50000000000028,9.50000000000273,-175.988131175169,-21.7356260861043,12.5549887573865,-284.694560987525,57.5976,57.5956,151955,"2026_01_14_0036","2026_01_14_0036_ev00946_rec2","no",277769
947,2,57.6672,-178.311084197155,-180.80702812495,-2.49594392779548,0.550000000004047,25.9,24.5499999999979,-83729.9485551062,83557.0441206514,324301.007487799,45.0096618630519,57.667,57.66605,153344,"2026_01_14_0036","2026_01_14_0036_ev00947_rec2","no",277770
948,2,57.698,-176.526503009689,-197.949264179592,-21.4227611699033,3.75000000000369,33.3500000000058,30.0000000000011,-189.497701978449,-7.22592657572171,1.320256557072,-454.468568826735,57.69735,57.6934,153960,"2026_01_14_0036","2026_01_14_0036_ev00948_rec2","no",277771
949,2,57.72215,-185.225917598965,-205.158020813624,-19.9321032146598,1.39999999999674,5.00000000000256,4.15000000000276,-183.72148064869,-24.6414595430445,4.06726074191504,-90.5785441572828,57.721,57.7195,154443,"2026_01_14_0036","2026_01_14_0036_ev00949_rec2","no",277772
950,2,57.75075,-179.103024333067,-202.027535794238,-22.9245114611712,2.15000000000032,6.90000000000168,7.40000000000407,-179.660794206325,-21.4935370749657,7.39717384107109,-211.473449760773,57.7503,57.74805,155015,"2026_01_14_0036","2026_01_14_0036_ev00950_rec2","no",277773
951,2,57.774,-180.621324994799,-186.75011705589,-6.12879206109159,0.0500000000016598,0.10000000000332,0,-84.145240589739,-98.5710031500374,330.263695727124,66.1508958771228,57.77375,57.7737,155480,"2026_01_14_0036","2026_01_14_0036_ev00951_rec2","no",277774
952,2,57.82715,-179.73363881932,-189.030136321583,-9.29649750226304,0.849999999999795,2.44999999999607,2.69999999999726,-177.316976684495,-11.4599568274547,4.02888357458277,13.4478735723658,57.827,57.8236,156543,"2026_01_14_0036","2026_01_14_0036_ev00952_rec2","no",277775
953,2,57.87725,-175.798857661647,-180.740992179989,-4.94213451834253,0.149999999997874,8.54999999999961,9.3000000000032,-172.046480258525,-11.6456344662817,12.6262068399982,-26.2370535246596,57.8767,57.87655,157545,"2026_01_14_0036","2026_01_14_0036_ev00953_rec2","no",277776
954,2,57.9866,-176.636048875465,-184.775133103791,-8.13908422832552,0.650000000000261,3.14999999999799,4.3500000000023,-173.668916869954,-8.7485119589038,11.3641012251509,-15.4270074718912,57.98635,57.98455,159732,"2026_01_14_0036","2026_01_14_0036_ev00954_rec2","no",277777
955,2,58.0118,-173.808127340893,-181.626214455244,-7.81808711435139,0.150000000004979,0.10000000000332,0,-171.175929327289,-5.11956172061993,9.58672681384171,30.9937440615704,58.01165,58.0115,160236,"2026_01_14_0036","2026_01_14_0036_ev00955_rec2","no",277778
956,2,58.12655,-174.330972751197,-228.672094662088,-54.3411219108909,3.35000000000463,8.44999999999629,8.1999999999951,-180.56835952603,-50.5965482650427,6.3547897107907,-672.430589658558,58.1251,58.12135,162531,"2026_01_14_0036","2026_01_14_0036_ev00956_rec2","no",277779
957,2,58.1555,-179.971128224219,-192.537796911107,-12.566668686888,2.049999999997,5.60000000000116,5.44999999999618,-178.331867364753,-15.0566938162691,6.26376026349883,-63.3735054601004,58.15495,58.15275,163110,"2026_01_14_0036","2026_01_14_0036_ev00957_rec2","no",277780
958,2,58.2785,-176.330291872143,-193.224491149126,-16.8941992769835,1.64999999999793,2.0500000000041,0,-6655.89384736296,6468.85201013198,306539.084693972,-367.627213619379,58.2769,58.275,165570,"2026_01_14_0036","2026_01_14_0036_ev00958_rec2","no",277781
959,2,58.30235,-188.468366686136,-195.206099703978,-6.73773301784169,0.199999999999534,0.0999999999962142,0,-173.133861115927,-17.293649888056,15.3309135026289,231.440157608009,58.30235,58.30205,166047,"2026_01_14_0036","2026_01_14_0036_ev00959_rec2","no",277782
960,2,58.3703,-176.72970307441,-183.989506702153,-7.25980362774297,3.2499999999942,8.75000000000625,11.3999999999947,-175.33961246696,-7.85545430102109,17.3648186707541,-87.0125159756614,58.3702,58.36695,167406,"2026_01_14_0036","2026_01_14_0036_ev00960_rec2","no",277783
961,2,58.4198,-182.388376892023,-194.677517588888,-12.289140696866,0.700000000001921,0.700000000001921,1.10000000000809,-176.82814025209,-12.5207395933995,5.10472852510158,95.5262035433443,58.41965,58.4183,168396,"2026_01_14_0036","2026_01_14_0036_ev00961_rec2","no",277784
962,2,58.49115,-176.258012818105,-185.449337939553,-9.19132512144799,1.69999999999959,11.5499999999997,5.80000000000069,-173.812922968049,-13.4822144900914,6.92254295417853,-80.1221094791634,58.4843,58.4822,169823,"2026_01_14_0036","2026_01_14_0036_ev00962_rec2","no",277785
963,2,58.54905,-179.488081941428,-182.126780846034,-2.63869890460595,0.399999999999068,3.2499999999942,2.44999999999607,-178.019885719169,-4.03967265106938,4.88498095023966,22.2425745285389,58.5485,58.5476,170981,"2026_01_14_0036","2026_01_14_0036_ev00963_rec2","no",277786
964,2,58.6853,-174.733460253915,-187.748019390697,-13.0145591367827,5.74999999999903,24.0000000000009,6.3999999999993,-37389.8593553661,37211.3346510401,233202.028409073,-292.322997842747,58.67995,58.67385,173706,"2026_01_14_0036","2026_01_14_0036_ev00964_rec2","no",277787
965,2,58.703,-175.569557055772,-191.683914677743,-16.1143576219714,2.20000000000198,5.15000000000043,9.19999999999277,-175.228421798292,-11.6069304536185,15.0585648786716,-161.749476496149,58.70285,58.70065,174060,"2026_01_14_0036","2026_01_14_0036_ev00965_rec2","no",277788
966,2,58.8146,-176.521960790404,-186.436347066433,-9.91438627602886,1.50000000000006,5.69999999999737,4.64999999999804,-175.219668641042,-10.0093441668812,6.66139322254337,-48.982995962765,58.8137,58.81125,176292,"2026_01_14_0036","2026_01_14_0036_ev00966_rec2","no",277789
967,2,58.9721,-178.275373904748,-229.874502441858,-51.5991285371107,3.70000000000203,17.1500000000009,19.6000000000041,-158.965918266918,-71.2158539248844,31.7558080297167,-930.319803376099,58.97155,58.96765,179442,"2026_01_14_0036","2026_01_14_0036_ev00967_rec2","no",277790
968,2,59.02415,-185.127451041979,-223.329828565275,-38.2023775232967,3.74999999999659,8.89999999999702,9.59999999999894,-176.463027160697,-46.601420699726,13.3976734526971,-395.177619501289,59.0231,59.0184,180483,"2026_01_14_0036","2026_01_14_0036_ev00968_rec2","no",277791
969,2,59.10295,-178.831151017067,-181.503430645711,-2.67227962864433,0.0999999999962142,0.400000000006173,0.599999999998602,-177.033722261739,-3.54446738915972,2.4978252776163,44.6364687227127,59.10285,59.10275,182059,"2026_01_14_0036","2026_01_14_0036_ev00969_rec2","no",277792
970,2,59.14085,-175.572767452888,-190.577942762148,-15.0051753092604,1.64999999999793,8.1999999999951,9.69999999999516,-176.931940015579,-12.570250673931,8.81231259479587,-168.89541104329,59.14045,59.1387,182817,"2026_01_14_0036","2026_01_14_0036_ev00970_rec2","no",277793
971,2,59.2262,-179.374229916418,-194.225461613179,-14.8512316967617,1.50000000000006,4.44999999999851,4.84999999999758,-179.683073377401,-16.5650693081201,4.18742400782375,-96.8421884689785,59.22605,59.2244,184524,"2026_01_14_0036","2026_01_14_0036_ev00971_rec2","no",277794
972,2,59.2567,-177.817030248303,-188.181861827862,-10.3648315795588,0.399999999999068,6.24999999999432,8.95000000000579,-180.387048383361,-9.07672124283667,4.54707288040038,-122.728735214736,59.25645,59.2559,185134,"2026_01_14_0036","2026_01_14_0036_ev00972_rec2","no",277795
973,2,59.28335,-178.518939985302,-188.499752286969,-9.98081230166616,2.44999999999607,32.2999999999993,30.0000000000011,-53208.379423312,53028.3490098378,789014.776946716,-93.8423149464739,59.28245,59.27995,185667,"2026_01_14_0036","2026_01_14_0036_ev00973_rec2","no",277796
974,2,59.3059,-177.704641140474,-192.351838195105,-14.6471970546305,1.14999999999554,3.65000000000038,3.54999999999706,-176.028778865836,-15.806308380554,4.40442689207561,-33.6145188460281,59.3055,59.3041,186118,"2026_01_14_0036","2026_01_14_0036_ev00974_rec2","no",277797
975,2,59.3489,-179.397646940556,-182.177335277239,-2.77968833668288,0.199999999999534,0.10000000000332,0,8261.89776614159,-8438.38965307944,145279.789561844,112.798986960732,59.3489,59.3487,186978,"2026_01_14_0036","2026_01_14_0036_ev00975_rec2","no",277798
976,2,59.39725,-180.978501905317,-352.785171806799,-171.806669901482,4.64999999999804,18.2499999999948,16.8999999999997,-147.393747285056,-224.758223199891,20.1368734244909,-3394.5772372179,59.39465,59.38925,187945,"2026_01_14_0036","2026_01_14_0036_ev00976_rec2","no",277799
977,2,59.4519,-197.046800471521,-214.51713002677,-17.4703295552488,4.39999999999685,3.79999999999825,2.75000000000603,-168.998760933335,-36.6107839269157,46.885141149131,-53.0016718484849,59.44985,59.44495,189038,"2026_01_14_0036","2026_01_14_0036_ev00977_rec2","no",277800
978,2,59.5069,-181.036684324825,-185.113467816936,-4.07678349211125,0.250000000001194,0.10000000000332,0,19237.8286164331,-19418.5356345019,226534.436550758,47.6330585128164,59.50685,59.50655,190138,"2026_01_14_0036","2026_01_14_0036_ev00978_rec2","no",277801
979,2,59.52585,-180.126584873961,-187.222625081989,-7.09604020802823,0.300000000002854,30.2000000000007,30.0000000000011,-47086.0570376634,46909.3341076572,246683.547119452,15.8547211699696,59.52585,59.5255,190517,"2026_01_14_0036","2026_01_14_0036_ev00979_rec2","no",277802
980,2,59.55915,-179.766312566748,-201.578653721681,-21.8123411549329,3.70000000000203,14.9000000000044,14.0999999999991,-176.220395283761,-25.7870279577498,17.7073488818118,-361.23700185645,59.55745,59.55365,191183,"2026_01_14_0036","2026_01_14_0036_ev00980_rec2","no",277803
981,2,59.62585,-178.714075812023,-201.097535363902,-22.3834595518796,2.19999999999487,11.9500000000059,13.7500000000017,-172.243652232744,-28.1664520129881,21.2978901820455,-301.282717202262,59.62555,59.6233,192517,"2026_01_14_0036","2026_01_14_0036_ev00981_rec2","no",277804
982,2,59.67075,-183.019217251245,-185.344309136737,-2.32509188549187,0.849999999999795,3.99999999999778,3.10000000000343,-178.850223198667,-8.51891208768364,5.92853790938149,71.0794981407848,59.67045,59.66945,193415,"2026_01_14_0036","2026_01_14_0036_ev00982_rec2","no",277805
983,2,59.70595,-180.047734986417,-200.180805469717,-20.1330704833,3.25000000000131,4.59999999999638,0,-198.525838647251,9.09440018521139,26.0916518174608,-440.656847066962,59.7048,59.70135,194119,"2026_01_14_0036","2026_01_14_0036_ev00983_rec2","no",277806
984,2,59.72365,-186.814070628557,-209.850662078539,-23.0365914499814,1.84999999999746,5.34999999999997,5.60000000000116,-187.325383589564,-21.7632702123162,5.58500783894066,-169.797401730969,59.72315,59.72115,194473,"2026_01_14_0036","2026_01_14_0036_ev00984_rec2","no",277807
985,2,59.75535,-184.604927577392,-192.127184654488,-7.52225707709644,2.75000000000603,13.5500000000022,12.9999999999981,68651.4059971777,-68842.1801679676,263855.83775533,-107.501250304016,59.7539,59.7508,195107,"2026_01_14_0036","2026_01_14_0036_ev00985_rec2","no",277808
986,2,59.76995,-183.00500700448,-193.665939615934,-10.6609326114548,0.900000000001455,31.3999999999979,19.1499999999962,-34499.0960421894,34313.4077458903,521496.969083245,-132.86433320809,59.76815,59.76685,195399,"2026_01_14_0036","2026_01_14_0036_ev00986_rec2","no",277809
987,2,59.7946,-187.279123889827,-193.594929055931,-6.31580516610413,0.649999999993156,2.80000000000058,3.00000000000011,-176.946157603554,-15.4455283984981,15.0875004855598,103.79914080949,59.7944,59.7933,195892,"2026_01_14_0036","2026_01_14_0036_ev00987_rec2","no",277810
988,2,59.8732,-176.167938691993,-181.886383983223,-5.71844529122956,0.950000000003115,7.5999999999965,5.94999999999857,-177.01484584809,-6.40206473979069,3.6797302273463,-69.1238753714022,59.87025,59.8693,197464,"2026_01_14_0036","2026_01_14_0036_ev00988_rec2","no",277811
989,2,59.9037,-177.941038887734,-189.403269255847,-11.4622303681129,1.64999999999793,1.4499999999984,5.74999999999903,-182.142029195874,-3.99451998275395,1.24861137752294,-141.119277984523,59.9036,59.90125,198074,"2026_01_14_0036","2026_01_14_0036_ev00989_rec2","no",277812
990,2,59.9366,-185.743886938395,-194.346337646356,-8.60245070796142,0.0500000000016598,30.149999999999,30.0000000000011,-42887.1847128735,42707.791103984,269724.648232885,118.444337104196,59.9366,59.93625,198732,"2026_01_14_0036","2026_01_14_0036_ev00990_rec2","no",277813
991,2,59.9608,-178.142034291613,-193.628706271501,-15.4866719798884,1.35000000000218,4.89999999999924,5.94999999999857,-174.954016431795,-15.8165290113831,10.4219351131492,-85.0775816088893,59.9596,59.9581,199216,"2026_01_14_0036","2026_01_14_0036_ev00991_rec2","no",277814
992,2,60.0956,-179.370683215913,-187.072738647461,-7.70205543154762,0.799999999998136,2.9000000000039,3.84999999999991,-181.43233729942,-3.65041857257132,2.52446025422393,-77.9102870396206,60.0952,60.0943,201912,"2026_01_14_0036","2026_01_14_0036_ev00992_rec2","no",277815
993,2,60.12115,-182.21899050758,-187.377914428711,-5.15892392113096,0.199999999999534,2.34999999999985,2.20000000000198,-176.173874255244,-11.9843965123642,5.31673720348861,111.219860258556,60.1194,60.11915,202423,"2026_01_14_0036","2026_01_14_0036_ev00993_rec2","no",277816
994,2,60.2104,-180.242614019485,-189.819320678711,-9.5767066592262,0.599999999998602,4.99999999999545,5.69999999999737,-172.787308678997,-17.4353690479968,12.3772851171303,20.4849243164058,60.21,60.2094,204208,"2026_01_14_0036","2026_01_14_0036_ev00994_rec2","no",277817
995,2,60.3399,-178.062787010556,-181.579574584961,-3.51678757440476,0.0500000000016598,2.54999999999939,1.04999999999933,-177.853319583554,-1.96240185172566,4.07737917698199,-8.52021716889872,60.3371,60.33705,206798,"2026_01_14_0036","2026_01_14_0036_ev00995_rec2","no",277818
996,2,60.40775,-237.659257434663,-410.156219482422,-172.496962047759,0.450000000000728,3.09999999999633,3.30000000000297,-203.862215197233,-236.629780581178,3.72893009315786,32.9589805603026,60.4074,60.40675,208155,"2026_01_14_0036","2026_01_14_0036_ev00996_rec2","no",277819
997,2,60.5664,-179.733987717401,-183.105453491211,-3.37146577380952,0.550000000004047,21.5999999999994,18.7499999999972,-185146.25618638,184970.479225432,665902.761673851,-14.5968482607885,60.56425,60.5637,211328,"2026_01_14_0036","2026_01_14_0036_ev00997_rec2","no",277820
998,2,60.5936,-175.112754458473,-195.007308959961,-19.8945545014881,2.049999999997,9.70000000000226,11.5000000000052,-175.734888722621,-19.1875056232494,11.0054141250021,-250.54677327474,60.59325,60.5912,211872,"2026_01_14_0036","2026_01_14_0036_ev00998_rec2","no",277821
999,2,60.68225,-182.349780128116,-202.026351928711,-19.6765718005952,5.90000000000401,6.90000000000168,7.40000000000407,-177.006717295199,-24.4690808349231,11.2037647831074,-147.556849888393,60.68115,60.6745,213645,"2026_01_14_0036","2026_01_14_0036_ev00999_rec2","no",277822
1000,2,60.7574,-176.653165544782,-186.157211303711,-9.50404575892858,0.700000000001921,7.55000000000194,7.6000000000036,-175.162880054146,-12.9153865565219,8.02920035250813,-73.7457275390629,60.75595,60.755,215148,"2026_01_14_0036","2026_01_14_0036_ev01000_rec2","no",277823
1001,2,60.8051,-178.033722650437,-182.189926147461,-4.1562034970238,0.10000000000332,0.0999999999962142,0.350000000004513,-175.480062491174,-4.68190921273138,2.44243742048956,64.4593011765257,60.805,60.8049,216102,"2026_01_14_0036","2026_01_14_0036_ev01001_rec2","no",277824
1002,2,60.90445,-173.99377659389,-195.922836303711,-21.9290597098214,2.0500000000041,4.89999999999924,6.3999999999993,-178.692501953042,-14.0829979656512,4.53236096572283,-229.458400181361,60.9043,60.90215,218089,"2026_01_14_0036","2026_01_14_0036_ev01002_rec2","no",277825
1003,2,60.95485,-174.691321236747,-180.053695678711,-5.36237444196428,1.00000000000477,12.9500000000036,13.5999999999967,-175.024158417702,-7.99957403481104,8.62330196355079,-92.8671700613837,60.9534,60.95235,219097,"2026_01_14_0036","2026_01_14_0036_ev01003_rec2","no",277826
1004,2,61.2926,-173.281699770973,-179.748519897461,-6.4668201264881,2.94999999999845,8.24999999999676,0.0499999999945544,-178.224165684172,-1.52506459714799,1e-07,-201.357886904762,61.2874,61.2842,225852,"2026_01_14_0036","2026_01_14_0036_ev01004_rec2","no",277827
1005,2,61.3247,-178.949249994187,-185.546859741211,-6.5976097470238,0.199999999999534,16.3499999999956,14.6999999999977,-458136.56947721,457963.346511506,823128.249098749,-79.7780354817704,61.32465,61.3244,226494,"2026_01_14_0036","2026_01_14_0036_ev01005_rec2","no",277828
1006,2,61.34705,-177.496031988235,-195.617660522461,-18.1216285342262,2.09999999999866,9.34999999999775,12.6500000000007,-182.39983978599,-13.1139566840864,6.37319790227034,-263.39104062035,61.34645,61.3442,226941,"2026_01_14_0036","2026_01_14_0036_ev01006_rec2","no",277829
1007,2,61.40275,-178.135447910854,-186.462387084961,-8.32693917410714,0.399999999999068,29.200000000003,21.1500000000058,-74731.2191266818,74553.2002119252,492547.470457226,-70.6067766462052,61.40215,61.4017,228055,"2026_01_14_0036","2026_01_14_0036_ev01007_rec2","no",277830
1008,2,61.4322,-175.054625738235,-207.824691772461,-32.7700660342262,1.34999999999508,8.7999999999937,10.4500000000058,-171.980777396987,-35.0083468355106,12.5338636150956,-350.676037016369,61.43135,61.4299,228644,"2026_01_14_0036","2026_01_14_0036_ev01008_rec2","no",277831
1009,2,61.50695,-176.972873506092,-242.309555053711,-65.336681547619,3.40000000000629,12.5499999999974,12.9999999999981,-180.209949853211,-65.3424359884837,11.4046162935412,-1032.05798921131,61.50495,61.50125,230139,"2026_01_14_0036","2026_01_14_0036_ev01009_rec2","no",277832
1010,2,61.57665,-182.553230648949,-189.819320678711,-7.2660900297619,0.150000000004979,0.10000000000332,0.0500000000016598,-182.648736131318,-7.02767101129764,0.0662000485996866,-3.99380638485843,61.57665,61.5765,231533,"2026_01_14_0036","2026_01_14_0036_ev01010_rec2","no",277833
1011,2,61.60255,-182.713084629604,-191.955551147461,-9.24246651785714,0.599999999998602,3.10000000000343,3.04999999999467,-180.002854072047,-12.6456356425024,4.20895599241556,21.4222499302457,61.60225,61.60145,232051,"2026_01_14_0036","2026_01_14_0036_ev01011_rec2","no",277834
1012,2,61.6247,-180.98375520252,-183.410629272461,-2.42687406994048,0.299999999995748,0.349999999997408,0,-176.847618492205,-3.67154617914266,10.688596564094,85.7838221958704,61.6247,61.6243,232494,"2026_01_14_0036","2026_01_14_0036_ev01012_rec2","no",277835
1013,2,61.71275,-176.507843744187,-183.410629272461,-6.9027855282738,0.499999999995282,2.54999999999939,3.5000000000025,-176.088923568625,-5.01593462806709,6.64588159736257,-26.017688569568,61.7122,61.7115,234255,"2026_01_14_0036","2026_01_14_0036_ev01013_rec2","no",277836
1014,2,61.7472,-179.036443074544,-181.274398803711,-2.23795572916666,0.0500000000016598,7.94999999999391,7.69999999999982,-1549785.86576733,1549627.50022925,554489.386887299,-637.888604227702,61.7471,61.747,234944,"2026_01_14_0036","2026_01_14_0036_ev01014_rec2","no",277837
1015,2,61.77025,-180.518725440616,-257.87353515625,-77.3548097156343,3.45000000000084,10.2499999999992,10.5500000000021,-176.422346390735,-87.8074914231255,10.6874476946539,-960.269396754674,61.7694,61.7655,235405,"2026_01_14_0036","2026_01_14_0036_ev01015_rec2","no",277838
1016,2,61.82595,-181.172673543294,-197.448715209961,-16.2760416666667,0.950000000003115,4.84999999999758,5.69999999999737,-182.990677835601,-17.1436464196192,4.06194507539686,-136.550903320312,61.8258,61.8248,236519,"2026_01_14_0036","2026_01_14_0036_ev01016_rec2","no",277839
1017,2,61.85325,-181.274398803711,-186.157211303711,-4.8828125,0.650000000000261,4.04999999999234,3.89999999999446,-178.008169891296,-7.54680565233161,9.78115252190225,13.8702392578125,61.85165,61.851,237065,"2026_01_14_0036","2026_01_14_0036_ev01017_rec2","no",277840
1018,2,61.9304,-180.70764378139,-183.410629272461,-2.70298549107142,0.300000000002854,0.300000000002854,0,-174.342884753168,-5.20173458665488,19.9833374287683,109.703063964844,61.9304,61.9301,238608,"2026_01_14_0036","2026_01_14_0036_ev01018_rec2","no",277841
1019,2,62.14085,-181.419720604306,-186.767562866211,-5.34784226190476,0.250000000001194,0.550000000004047,0,-176.280692677794,-6.40254552303703,5.23106515545242,120.104108537947,62.1404,62.14015,242817,"2026_01_14_0036","2026_01_14_0036_ev01019_rec2","no",277842
1020,2,62.2948,-176.464247204009,-187.377914428711,-10.9136672247024,3.25000000000131,5.84999999999525,6.75000000000381,-177.818099050425,-6.4258921323031,7.73732904270956,-112.627301897321,62.29445,62.2911,245896,"2026_01_14_0036","2026_01_14_0036_ev01020_rec2","no",277843
1021,2,62.3405,-178.687670753116,-183.410629272461,-4.72295851934524,0.150000000004979,0.199999999999534,0.450000000000728,-175.855564914475,-4.85922580103064,7.53056939245626,48.4495617094493,62.34035,62.34015,246810,"2026_01_14_0036","2026_01_14_0036_ev01021_rec2","no",277844
1022,2,62.4037,-173.150910150437,-183.105453491211,-9.9545433407738,3.5000000000025,34.6000000000046,30.0000000000011,-179.417296049972,-4.63817666686425,2.5057880326483,-248.009091331845,62.4005,62.3966,248074,"2026_01_14_0036","2026_01_14_0036_ev01022_rec2","no",277845
1023,2,62.41695,-179.225361415318,-185.546859741211,-6.32149832589286,0.149999999997874,1.4499999999984,2.09999999999866,-174.383995388419,-8.34205961700775,13.8887773951225,38.2516043526785,62.41595,62.4158,248339,"2026_01_14_0036","2026_01_14_0036_ev01023_rec2","no",277846
1024,2,62.51575,-178.687670753116,-208.435043334961,-29.7473725818452,2.50000000000483,10.6999999999999,10.9500000000011,-180.680005574129,-28.4021601642025,9.53647275656452,-399.881635393415,62.51465,62.5119,250315,"2026_01_14_0036","2026_01_14_0036_ev01024_rec2","no",277847
1025,2,62.5611,-183.73033723377,-187.377914428711,-3.64757719494048,0.249999999994088,0.199999999999534,0,-170.518713603017,-12.9558801976588,47.2635216802206,108.128138950893,62.5611,62.56085,251222,"2026_01_14_0036","2026_01_14_0036_ev01025_rec2","no",277848
1026,2,62.6572,-180.867497762044,-195.312484741211,-14.4449869791667,1.30000000000052,30.9499999999971,29.999999999994,-209469.31267188,209288.481836883,1327114.21605449,-87.4811808268226,62.6557,62.6537,253144,"2026_01_14_0036","2026_01_14_0036_ev01026_rec2","no",277849
1027,2,62.6864,-176.478779384068,-195.312484741211,-18.8337053571429,4.19999999999732,9.59999999999894,10.4499999999987,-173.751489789407,-18.9379256717461,15.609988136122,-269.251142229353,62.6822,62.6779,253728,"2026_01_14_0036","2026_01_14_0036_ev01027_rec2","no",277850
1028,2,62.7653,-175.79576692127,-209.655746459961,-33.8599795386905,11.7999999999938,18.2500000000019,15.3999999999996,-181.090867251712,-26.2041199630637,11.9647493293446,-685.501098632813,62.76485,62.75275,255306,"2026_01_14_0036","2026_01_14_0036_ev01028_rec2","no",277851
1029,2,62.80785,-185.86656770252,-282.28759765625,-96.4210299537295,2.29999999999819,11.1500000000007,11.6999999999976,-157.916794013416,-121.464659237323,18.1285403012912,-1172.25473712739,62.8068,62.8041,256157,"2026_01_14_0036","2026_01_14_0036_ev01029_rec2","no",277852
1030,2,62.8624,-181.01281956264,-184.631332397461,-3.61851283482142,0.250000000001194,0.399999999999068,0.0499999999945544,-181.948829247124,-2.68731501902761,1e-07,-29.0047781808032,62.86235,62.86205,257248,"2026_01_14_0036","2026_01_14_0036_ev01030_rec2","no",277853
1031,2,62.88365,-179.254425775437,-190.124496459961,-10.8700706845238,1.24999999999886,8.49999999999795,9.99999999999801,-175.661896629179,-14.7181195501132,15.2057299549739,-96.2248302641365,62.88345,62.88215,257673,"2026_01_14_0036","2026_01_14_0036_ev01031_rec2","no",277854
1032,2,62.9719,-178.920185634068,-218.200668334961,-39.2804827008929,10.549999999995,21.9499999999968,16.3500000000028,-118.635676815074,-96.2175715810324,65.0319863236548,-782.068525041853,62.9708,62.95955,259438,"2026_01_14_0036","2026_01_14_0036_ev01032_rec2","no",277855
1033,2,63.06125,-175.301672799247,-184.936508178711,-9.63483537946428,1.1999999999972,9.85000000000014,10.5999999999966,-176.999549475712,-10.1169826521416,6.27242655155805,-132.158551897321,63.06005,63.05875,261225,"2026_01_14_0036","2026_01_14_0036_ev01033_rec2","no",277856
1034,2,63.09605,-176.188135782878,-181.884750366211,-5.69661458333334,0.150000000004979,9.59999999999894,11.650000000003,-175.380096788454,-7.83421627601018,11.7849136755662,-64.5802815755211,63.09555,63.0954,261921,"2026_01_14_0036","2026_01_14_0036_ev01034_rec2","no",277857
1035,2,63.21035,-177.190856206985,-183.410629272461,-6.2197730654762,0.149999999997874,2.3000000000053,2.50000000000483,-176.663834839637,-4.55459918850793,5.22069174235476,-14.5583379836314,63.21,63.20855,264207,"2026_01_14_0036","2026_01_14_0036_ev01035_rec2","no",277858
1036,2,63.26,-174.008308773949,-191.955551147461,-17.9472423735119,0.900000000001455,12.5000000000028,13.5500000000022,-178.519682333704,-16.3695484995153,6.6521335819553,-308.876037597656,63.25675,63.25585,265200,"2026_01_14_0036","2026_01_14_0036_ev01036_rec2","no",277859
1037,2,63.3719,-176.202667962937,-197.143539428711,-20.9408714657738,0.94999999999601,8.94999999999868,10.3500000000025,-173.024060253489,-21.4220371452365,15.3846143474186,-225.84243047805,63.37045,63.3693,267438,"2026_01_14_0036","2026_01_14_0036_ev01037_rec2","no",277860
1038,2,63.45945,-177.408838907878,-184.326156616211,-6.91731770833334,0.799999999998136,30.9000000000026,29.8000000000016,-180.92861957538,-2.99010705363086,0.94928067685923,-114.240010579427,63.45905,63.4582,269189,"2026_01_14_0036","2026_01_14_0036_ev01038_rec2","no",277861
1039,2,63.48255,-178.382494971866,-188.293441772461,-9.91094680059524,1.25000000000597,7.000000000005,7.20000000000454,-177.778507871937,-10.6462610079211,7.8558715374899,-78.7491571335566,63.4821,63.4803,269651,"2026_01_14_0036","2026_01_14_0036_ev01039_rec2","no",277862
1040,2,63.62575,-179.239893595378,-181.579574584961,-2.33968098958334,0.199999999999534,0.600000000005707,0.650000000000261,-176.660499481628,-5.53543715248908,1.35702639623337,69.1808064778643,63.62565,63.62545,272515,"2026_01_14_0036","2026_01_14_0036_ev01040_rec2","no",277863
1041,2,63.7151,-177.219920567104,-187.683090209961,-10.4631696428571,2.29999999999819,7.40000000000407,7.44999999999862,-177.283513166435,-7.85460258956247,10.3146904067749,-99.025181361607,63.71415,63.7117,274302,"2026_01_14_0036","2026_01_14_0036_ev01041_rec2","no",277864
1042,2,63.82585,-176.769422985259,-203.857406616211,-27.0879836309524,1.80000000000291,4.80000000000302,5.19999999999499,-175.954784401936,-24.5002363459349,6.39155872691747,-168.475559779576,63.82485,63.8229,276517,"2026_01_14_0036","2026_01_14_0036_ev01042_rec2","no",277865
1043,2,63.8683,-178.832992553711,-198.669418334961,-19.83642578125,1.24999999999886,4.99999999999545,5.00000000000256,-180.420329409874,-15.7612682386205,4.94504264165933,-157.707214355469,63.8669,63.86565,277366,"2026_01_14_0036","2026_01_14_0036_ev01043_rec2","no",277866
1044,2,63.94165,-178.760331653413,-189.514144897461,-10.7538132440476,0.399999999999068,4.9500000000009,4.3500000000023,-177.020795316382,-11.1501932626893,6.49362886169972,-33.3248320079985,63.94035,63.9395,278833,"2026_01_14_0036","2026_01_14_0036_ev01044_rec2","no",277867
1045,2,64.00175,-184.36975315639,-193.481430053711,-9.11167689732142,1.85000000000457,3.00000000000011,0,-179.283072982797,-6.82578797872194,4.11924918488158,125.108991350447,64.00175,63.9986,280035,"2026_01_14_0036","2026_01_14_0036_ev01045_rec2","no",277868
1046,2,64.0217,-179.603198096866,-183.410629272461,-3.80743117559524,0.299999999995748,0.249999999994088,0.10000000000332,-177.760621774465,-3.31648459539422,5.08608354582394,37.5391642252603,64.0217,64.0214,280434,"2026_01_14_0036","2026_01_14_0036_ev01046_rec2","no",277869
1047,2,64.09005,-176.609569004604,-218.200668334961,-41.5910993303571,0.950000000003115,8.25000000000387,8.44999999999629,-176.142816888505,-43.8929733226764,8.29780508179342,-431.533813476562,64.0883,64.0873,281801,"2026_01_14_0036","2026_01_14_0036_ev01047_rec2","no",277870
1048,2,64.1416,-179.588665916806,-209.350570678711,-29.7619047619048,10.8000000000033,13.450000000006,8.89999999999702,-184.018871655716,-24.6951524772589,6.7454565082178,-414.430890764509,64.1412,64.12875,282832,"2026_01_14_0036","2026_01_14_0036_ev01048_rec2","no",277871
1049,2,64.164,-184.64586457752,-188.293441772461,-3.64757719494048,0.10000000000332,1.90000000000623,2.20000000000198,-182.050646056766,-6.44574025096537,4.4717768679105,47.4711826869418,64.16355,64.16345,283280,"2026_01_14_0036","2026_01_14_0036_ev01049_rec2","no",277872
1050,2,64.18165,-185.227151779901,-190.124496459961,-4.89734468005952,0.0500000000016598,0.10000000000332,0,-179.987850136885,-6.40327692991727,4.26487413226006,129.198710123698,64.18165,64.18135,283633,"2026_01_14_0036","2026_01_14_0036_ev01050_rec2","no",277873
1051,2,64.2999,-174.865707397461,-179.748519897461,-4.8828125,0.549999999989836,5.95000000001278,7.15000000000998,-175.164776716482,-7.15620249648852,4.5764759663025,-50.6362915039062,64.299,64.29845,285998,"2026_01_14_0036","2026_01_14_0036_ev01051_rec2","no",277874
1052,2,64.40335,-179.298022315616,-195.007308959961,-15.7092866443452,2.80000000000769,14.4999999999982,9.74999999999682,-321325.350704628,321149.794109215,328273.711007158,-352.982657296317,64.40285,64.39935,288067,"2026_01_14_0036","2026_01_14_0036_ev01052_rec2","no",277875
1053,2,64.42835,-181.405188424247,-211.486801147461,-30.0816127232143,3.60000000000582,10.3499999999883,7.10000000000832,-184.354905825189,-31.4611732331059,5.26469869622083,-401.322501046317,64.425,64.42135,288567,"2026_01_14_0036","2026_01_14_0036_ev01053_rec2","no",277876
1054,2,64.4538,-182.81480989002,-186.462387084961,-3.64757719494048,0.500000000002387,12.8500000000003,7.09999999999411,-175.11766042262,-11.2907791056815,32.0123874257398,-9.38996814546152,64.44635,64.44585,289076,"2026_01_14_0036","2026_01_14_0036_ev01054_rec2","no",277877
1055,2,64.51145,-178.048254830497,-184.631332397461,-6.58307756696428,1.1999999999972,2.60000000000105,3.00000000000011,-179.023902822535,-4.23622081436956,2.79904663088505,-45.5758231026783,64.5114,64.5102,290229,"2026_01_14_0036","2026_01_14_0036_ev01055_rec2","no",277878
1056,2,64.55925,-182.974663870675,-209.045394897461,-26.0707310267857,1.80000000000291,5.19999999998788,5.34999999999286,-182.836963617264,-23.2995877674694,6.16776039886528,-175.643920898438,64.55905,64.5572,291185,"2026_01_14_0036","2026_01_14_0036_ev01056_rec2","no",277879
1057,2,64.6672,-179.399747576032,-184.020980834961,-4.62123325892858,0.200000000006639,0.199999999992428,0.150000000004979,-176.689520370939,-4.58650830575038,3.82985726599313,62.6907348632809,64.6671,64.6669,293344,"2026_01_14_0036","2026_01_14_0036_ev01057_rec2","no",277880
1058,2,64.68205,-177.757611229306,-184.020980834961,-6.26336960565476,0.200000000006639,0.250000000008299,0,-176.02921747691,-3.52850880222327,4.46329761404493,35.4283650716147,64.68205,64.68175,293641,"2026_01_14_0036","2026_01_14_0036_ev01058_rec2","no",277881
1059,2,64.73015,-179.632262456985,-188.598617553711,-8.9663550967262,0.799999999998136,7.14999999999577,10.0000000000051,-171.800368909513,-14.9047849343338,34.3780620400787,-68.4868948800227,64.7301,64.7293,294603,"2026_01_14_0036","2026_01_14_0036_ev01059_rec2","no",277882
1060,2,64.86635,-177.365242367699,-179.748519897461,-2.3832775297619,0.500000000002387,0.599999999991496,0.550000000004047,-175.933839299671,-3.84066886751251,1.09306439033081,38.2734026227681,64.8663,64.8658,297327,"2026_01_14_0036","2026_01_14_0036_ev01060_rec2","no",277883
1061,2,64.8938,-175.82483128139,-183.105453491211,-7.28062220982142,0.600000000005707,4.90000000000634,6.90000000000168,-177.257200915783,-4.46008048471875,5.45848979930213,-75.7206508091514,64.89255,64.8919,297876,"2026_01_14_0036","2026_01_14_0036_ev01061_rec2","no",277884
1062,2,64.96785,-175.781234741211,-179.748519897461,-3.96728515625,0.500000000002387,9.44999999998686,12.7499999999969,3649.19294291285,-3828.12126891915,29025.019508098,-39.9932861328125,64.96735,64.96685,299357,"2026_01_14_0036","2026_01_14_0036_ev01062_rec2","no",277885
1063,2,65.09045,-176.423938231039,-247.893073884076,-71.469135653037,7.40000000000407,10.1999999999975,10.549999999995,-178.713024949157,-74.0021651306041,9.44382570026088,-1174.4440398694,65.0888,65.0811,301809,"2026_01_14_0036","2026_01_14_0036_ev01063_rec2","no",277886
1064,2,65.2347,-180.341005995104,-190.443587592619,-10.1025815975155,1.55000000000882,6.59999999999172,6.99999999999079,-174.55834628087,-14.5415012738304,16.5218572709463,-43.1640939039088,65.23425,65.2324,304694,"2026_01_14_0036","2026_01_14_0036_ev01064_rec2","no",277887
1065,2,65.51705,-181.074065241308,-183.76893003006,-2.69486478875254,0.200000000006639,0.10000000000332,0,-176.99233412647,-4.7426355352776,4.7911049992311,99.3615372006171,65.51705,65.51685,310341,"2026_01_14_0036","2026_01_14_0036_ev01065_rec2","no",277888
1066,2,65.61015,-181.069583856103,-184.660624042739,-3.59104018663646,0.10000000000332,0.200000000006639,0.299999999995748,-178.582159730127,-4.28089620680461,2.74760326058283,62.140877854775,65.61,65.60985,312203,"2026_01_14_0036","2026_01_14_0036_ev01066_rec2","no",277889
1067,2,65.6438,-180.015638348538,-186.470879553568,-6.45524120503001,1.80000000000291,3.59999999999161,5.04999999999711,-181.110338477527,-5.3753020448774,3.54687816497197,-60.8314975609229,65.6437,65.6419,312876,"2026_01_14_0036","2026_01_14_0036_ev01067_rec2","no",277890
1068,2,65.73575,-178.003385461442,-183.636607951401,-5.63322248995854,0.249999999994088,8.94999999999868,12.1000000000038,-178.402920264947,-5.53284060397605,10.1626916979625,-69.5976678544815,65.73535,65.7351,314715,"2026_01_14_0036","2026_01_14_0036_ev01068_rec2","no",277891
1069,2,65.8582,-178.191367760089,-183.404872156794,-5.21350439670516,0.150000000004979,6.00000000000023,8.65000000000293,-179.201338960353,-4.49967572549661,5.45559630492928,-57.5743358240665,65.8579,65.85775,317164,"2026_01_14_0036","2026_01_14_0036_ev01069_rec2","no",277892
1070,2,65.88905,-178.900751842607,-191.521354799596,-12.6206029569891,0.799999999998136,8.25000000000387,8.75000000000625,-177.597670421044,-15.2160308209701,9.34749026637763,-117.213498395788,65.88785,65.8869,317781,"2026_01_14_0036","2026_01_14_0036_ev01070_rec2","no",277893
1071,2,65.99875,-179.081165208297,-182.285751384894,-3.20458617659691,0.10000000000332,1.05000000000643,1.7999999999887,-178.121805781034,-3.00747596994708,5.31007899552559,12.4109200076514,65.9986,65.9985,319975,"2026_01_14_0036","2026_01_14_0036_ev01071_rec2","no",277894
1072,2,66.04115,-181.386957261767,-183.784470977865,-2.39751371609847,0.450000000000728,1.1999999999972,1.4500000000055,-178.12985131194,-5.77081271995397,4.33742410539463,67.3090075509274,66.04065,66.0393,320823,"2026_01_14_0036","2026_01_14_0036_ev01072_rec2","no",277895
1073,2,66.12235,-176.862754521639,-181.085583614503,-4.2228290928638,0.299999999995748,9.19999999999277,12.4500000000012,-177.587812978211,-5.82914151586077,6.42196554488511,-60.777642337861,66.12235,66.12205,322447,"2026_01_14_0036","2026_01_14_0036_ev01073_rec2","no",277896
1074,2,66.27115,-183.322019625904,-261.762468499692,-78.4404488737883,3.2499999999942,9.69999999999516,9.70000000000937,-181.857585695007,-83.0724670066627,9.69716688205723,-948.888262616623,66.2697,66.2664,325423,"2026_01_14_0036","2026_01_14_0036_ev01074_rec2","no",277897
1075,2,66.3652,-181.445971176882,-199.533963898458,-18.0879927215759,1.55000000000882,5.44999999999618,6.34999999999764,-181.965252958898,-16.5502489031364,6.45382135772845,-146.339173499391,66.36475,66.3631,327304,"2026_01_14_0036","2026_01_14_0036_ev01075_rec2","no",277898
1076,2,66.44255,-185.244791241464,-191.658647281958,-6.41385604049441,0.149999999990769,30.1000000000045,30.0000000000011,-184695.949001706,184514.899150282,1046071.88585215,46.3533634633707,66.44255,66.4424,328851,"2026_01_14_0036","2026_01_14_0036_ev01076_rec2","no",277899
1077,2,66.47965,-187.457790508669,-194.139559674837,-6.68176916616858,0.250000000008299,0.0500000000158707,0,-171.654428410426,-15.9537919019106,53.2124393099377,108.0834901452,66.47965,66.47935,329593,"2026_01_14_0036","2026_01_14_0036_ev01077_rec2","no",277900
1078,2,66.55855,-180.808161038026,-183.93632587326,-3.12816483523349,0.0500000000016598,0.550000000004047,1.00000000000477,-179.389552918548,-3.4076513040833,3.61750842696374,30.0560178886132,66.5585,66.55845,331171,"2026_01_14_0036","2026_01_14_0036_ev01078_rec2","no",277901
1079,2,66.6517,-179.916034237711,-186.234190591229,-6.31815635351791,0.550000000004047,4.80000000000302,5.8000000000078,-176.1337210114,-10.0982790047544,11.6289561236739,-1.14161418264835,66.6511,66.6505,333034,"2026_01_14_0036","2026_01_14_0036_ev01079_rec2","no",277902
1080,2,66.7027,-176.863079703174,-179.54806128949,-2.68498158631536,0.399999999999068,21.7999999999989,18.9499999999896,-117621.621607436,117446.844165886,723235.787420532,-12.1533467123315,66.70245,66.70195,334054,"2026_01_14_0036","2026_01_14_0036_ev01080_rec2","no",277903
1081,2,66.7334,-177.277258229748,-193.30762008077,-16.0303618510224,1.00000000000477,10.7499999999874,12.599999999992,-176.79165758729,-15.9348220956638,13.8468421931457,-214.793247095037,66.7315,66.7305,334668,"2026_01_14_0036","2026_01_14_0036_ev01081_rec2","no",277904
1082,2,66.81315,-180.257266646656,-192.690322270674,-12.433055624018,1.30000000000052,1.15000000000975,1.80000000000291,-178.141602524007,-9.53110064428725,5.11818021376767,6.28295790836139,66.813,66.8116,336263,"2026_01_14_0036","2026_01_14_0036_ev01082_rec2","no",277905
1083,2,66.8615,-177.949483772044,-204.855515919271,-26.9060321472271,2.44999999999607,8.60000000000127,8.75000000000625,-179.257289912943,-27.1613202573297,7.65214767726433,-306.935764677312,66.86075,66.8582,337230,"2026_01_14_0036","2026_01_14_0036_ev01083_rec2","no",277906
1084,2,66.95635,-179.430120887013,-204.905743185095,-25.475622298082,1.99999999999534,10.1499999999959,11.650000000003,-175.96764660739,-29.0994408099925,14.2816193861059,-305.179548851436,66.9558,66.9537,339127,"2026_01_14_0036","2026_01_14_0036_ev01084_rec2","no",277907
1085,2,67.0039,-186.552739051222,-199.984339965238,-13.4316009140163,2.049999999997,5.75000000000614,5.74999999999193,-183.335511517195,-17.2923311006776,7.72054530499528,-51.6760952772731,67.00375,67.0013,340078,"2026_01_14_0036","2026_01_14_0036_ev01085_rec2","no",277908
1086,2,67.107,-184.51046429885,-191.772473672218,-7.26200937336799,0.0500000000016598,0.399999999999068,1.30000000000052,-180.931016612539,-7.62537541938041,6.63415975859251,49.9741284431359,67.1039,67.10385,342140,"2026_01_14_0036","2026_01_14_0036_ev01086_rec2","no",277909
1087,2,67.12935,-180.170929360051,-182.396082918112,-2.22515355806107,0.0500000000016598,3.25000000000841,4.44999999999141,-173.322790685852,-8.55681469486132,40.6155554139259,23.1349311577445,67.1291,67.12905,342587,"2026_01_14_0036","2026_01_14_0036_ev01087_rec2","no",277910
1088,2,67.25545,-179.907556886795,-185.378816954027,-5.47126006723192,0.400000000013279,0.849999999999795,0.650000000007367,-178.234340685244,-4.44520988173751,3.54003946915111,31.6173651046337,67.25535,67.25345,345109,"2026_01_14_0036","2026_01_14_0036_ev01088_rec2","no",277911
1089,2,67.33405,-181.625187071551,-184.043158270498,-2.41797119894721,0.549999999989836,1.75000000000125,1.59999999999627,-179.801516941605,-4.26671785146075,3.59832663224579,37.1424818571031,67.3337,67.33315,346681,"2026_01_14_0036","2026_01_14_0036_ev01089_rec2","no",277912
1090,2,67.45905,-179.146687431683,-228.908528392156,-49.7618409604727,1.24999999999886,8.60000000000127,11.9499999999988,-172.13005188614,-46.5564079087644,19.7778653673371,-557.52631296564,67.45855,67.45705,349181,"2026_01_14_0036","2026_01_14_0036_ev01090_rec2","no",277913
1091,2,67.50355,-182.398246763575,-191.234232312928,-8.83598554935375,0.300000000009959,1.59999999999627,2.69999999999015,-182.241853547341,-6.23152683334121,4.52494981670915,-25.1501746543823,67.50355,67.50325,350071,"2026_01_14_0036","2026_01_14_0036_ev01091_rec2","no",277914
1092,2,67.519,-184.096062588316,-187.808792089221,-3.7127295009054,0.199999999992428,0.149999999990769,0,-175.87068156863,-7.65439681214593,30.925489668065,99.1223401547219,67.519,67.51865,350380,"2026_01_14_0036","2026_01_14_0036_ev01092_rec2","no",277915
1093,2,67.7856,-177.186841624225,-198.5157837839,-21.3289421596753,2.15000000000032,5.8000000000078,7.04999999999245,-181.209102011698,-15.5735700738588,5.04830538296198,-235.239687244676,67.78495,67.7828,355712,"2026_01_14_0036","2026_01_14_0036_ev01093_rec2","no",277916
1094,2,67.81665,-180.659570051628,-186.786769868534,-6.1271998169054,3.39999999999918,1.85000000000457,2.00000000000955,-180.1449746085,-6.22999191603616,2.46523952014775,-20.0032774432411,67.8165,67.8131,356333,"2026_01_14_0036","2026_01_14_0036_ev01094_rec2","no",277917
1095,2,67.8388,-179.046474029772,-186.595069792425,-7.54859576265306,0.200000000006639,2.3000000000053,2.74999999999181,-177.692902860128,-6.09484092149145,7.09932841774507,-8.86937679062176,67.8378,67.83715,356776,"2026_01_14_0036","2026_01_14_0036_ev01095_rec2","no",277918
1096,2,67.9922,-180.174672935002,-184.134635271803,-3.95996233680114,0.399999999999068,2.70000000000437,2.34999999999275,-180.213249014786,-5.35678569991304,1.78872487454936,-13.8267308722963,67.99195,67.9912,359844,"2026_01_14_0036","2026_01_14_0036_ev01096_rec2","no",277919
1097,2,68.02725,-186.28048908498,-189.351780238679,-3.07129115369898,0.650000000007367,1.14999999999554,0.150000000004979,-181.597470694198,-6.14592025661685,2.58702501021335,123.665744837434,68.0271,68.0255,360545,"2026_01_14_0036","2026_01_14_0036_ev01097_rec2","no",277920
1098,2,68.04955,-180.22988703287,-187.605792392478,-7.37590535960859,0.0500000000016598,2.54999999999939,3.29999999999586,-177.004032398069,-9.3549706179201,7.34899334165365,26.6815015164912,68.0493,68.04915,360991,"2026_01_14_0036","2026_01_14_0036_ev01098_rec2","no",277921
1099,2,68.15905,-177.484601618143,-184.117869066737,-6.63326744859432,0.349999999997408,5.70000000000448,8.80000000000791,-179.138417912124,-4.20806673103887,5.30893018130622,-77.2457509164945,68.1586,68.1582,363181,"2026_01_14_0036","2026_01_14_0036_ev01099_rec2","no",277922
1100,2,68.19915,-179.765102741291,-213.006091906024,-33.2409891647324,2.20000000001619,9.45000000001528,10.549999999995,-180.020136458379,-33.637484073848,10.2878300779945,-397.400015837697,68.1984,68.1957,363983,"2026_01_14_0036","2026_01_14_0036_ev01100_rec2","no",277923
1101,2,68.53485,-185.828455863232,-194.211512056239,-8.38305619300661,0.950000000003115,0.650000000007367,0.750000000010687,-181.135560621477,-9.68648750101955,3.46052404466769,103.341289492436,68.5346,68.5332,370697,"2026_01_14_0036","2026_01_14_0036_ev01101_rec2","no",277924
1102,2,68.7741,-177.788363176959,-188.67750532638,-10.889142149421,2.54999999999939,2.15000000000032,2.80000000000769,-178.774337542874,-4.16404626768437,8.88464284680066,-82.280237691976,68.774,68.77105,375482,"2026_01_14_0036","2026_01_14_0036_ev01102_rec2","no",277925
1103,2,68.96985,-177.850362703327,-183.789810101135,-5.93944739780733,0.249999999994088,3.2499999999942,0,-604.207817217146,422.24529566168,1456.24390941376,-283.730184990549,68.9662,68.96595,379397,"2026_01_14_0036","2026_01_14_0036_ev01103_rec2","no",277926
1104,2,69.00735,-186.630475557781,-221.005129648709,-34.3746540909274,5.15000000000043,16.0000000000053,17.0999999999992,-181.665948194448,-37.1759929418587,23.0254273053864,-604.947659674075,69.00715,69.00125,380147,"2026_01_14_0036","2026_01_14_0036_ev01104_rec2","no",277927
1105,2,69.0537,-185.028546667527,-194.549933481087,-9.52138681355953,0.399999999999068,2.05000000001121,2.84999999999513,-179.692319068868,-12.246961229792,8.7280532935092,52.700775880432,69.0535,69.0531,381074,"2026_01_14_0036","2026_01_14_0036_ev01105_rec2","no",277928
1106,2,69.1847,-178.165294843377,-186.933520859163,-8.76822601578618,1.09999999999388,15.0000000000006,20.0499999999977,19029.299813282,-19214.2217735297,109609.700706283,-134.975536728697,69.1839,69.1828,383694,"2026_01_14_0036","2026_01_14_0036_ev01106_rec2","no",277929
1107,2,69.23925,-180.137320406208,-185.801803876338,-5.66448347013082,0.349999999997408,0.150000000004979,0.0500000000016598,-177.505925156012,-4.82592416904002,2.2931307253232,66.8100650672847,69.23925,69.2388,384785,"2026_01_14_0036","2026_01_14_0036_ev01107_rec2","no",277930
1108,2,69.36555,-182.937734252799,-191.057898441904,-8.12016418910548,0.849999999999795,0.550000000004047,0,-170.523886139357,-14.902031124769,37.1076580088185,63.9874575663052,69.36555,69.36465,387311,"2026_01_14_0036","2026_01_14_0036_ev01108_rec2","no",277931
1109,2,69.4497,-177.771156095431,-197.182939628088,-19.4117835326569,1.04999999999222,5.79999999999359,6.34999999999764,-178.945743518271,-14.6356010304579,7.12007612972108,-164.375305916834,69.44845,69.4473,388994,"2026_01_14_0036","2026_01_14_0036_ev01109_rec2","no",277932
1110,2,69.5136,-181.219984664849,-185.429267808037,-4.20928314318849,0.149999999990769,0.150000000004979,0,-178.853750757813,-3.53682501934619,7.67585994656102,43.849988919457,69.5135,69.51335,390272,"2026_01_14_0036","2026_01_14_0036_ev01110_rec2","no",277933
1111,2,69.61915,-179.509972876905,-201.709654879899,-22.1996820029946,1.59999999999627,6.99999999999079,7.35000000000241,-178.969688391456,-20.3176088705574,8.72045689625696,-194.969175222115,69.6181,69.61635,392383,"2026_01_14_0036","2026_01_14_0036_ev01111_rec2","no",277934
1112,2,69.68745,-177.770913436492,-185.284233765202,-7.51332032870994,0.599999999991496,4.84999999999047,7.69999999999982,-179.130346066476,-4.55225705818577,6.60736367647228,-75.1584284928381,69.68735,69.6867,393749,"2026_01_14_0036","2026_01_14_0036_ev01112_rec2","no",277935
1113,2,69.7215,-179.341767833064,-186.0992734784,-6.75750564533629,1.65000000001214,4.6999999999997,29.9999999999869,-181.904878926268,-4.10296072947086,2.07880289333405,-93.9755444396219,69.7214,69.71965,394430,"2026_01_14_0036","2026_01_14_0036_ev01113_rec2","no",277936
1114,2,69.7433,-182.392619386984,-190.195178621005,-7.80255923402166,0.199999999992428,0.149999999990769,0,-179.542140885689,-5.02894308294242,4.07166639850172,64.3603052594135,69.7433,69.74305,394866,"2026_01_14_0036","2026_01_14_0036_ev01114_rec2","no",277937
1115,2,69.87655,-172.868468200105,-178.485820417465,-5.61735221735961,5.65000000000282,14.8999999999972,0,-5210.43085747327,5030.82228043344,104779.377122039,-350.631836959548,69.8668,69.86115,397531,"2026_01_14_0036","2026_01_14_0036_ev01115_rec2","no",277938
1116,2,69.89925,-179.585876859598,-182.560571846244,-2.97469498664623,0.250000000008299,2.89999999999679,4.24999999999898,-178.167726860414,-3.82881719295301,10.1931663788986,3.72962012345711,69.89915,69.8989,397985,"2026_01_14_0036","2026_01_14_0036_ev01116_rec2","no",277939
1117,2,69.93915,-178.944537510214,-187.121142394426,-8.17660488421188,0.550000000004047,6.19999999999266,10.3500000000025,-172.511780930703,-12.0836832063606,42.3282107725634,-70.8176570580145,69.9389,69.9383,398783,"2026_01_14_0036","2026_01_14_0036_ev01117_rec2","no",277940
1118,2,70.07235,-182.946480881796,-195.541638275247,-12.5951573934506,1.04999999999222,5.65000000000282,6.54999999999006,-182.64424551095,-12.9147482729039,6.85974535598734,-89.9718790777249,70.0722,70.07085,401447,"2026_01_14_0036","2026_01_14_0036_ev01118_rec2","no",277941
1119,2,70.0987,-180.977196448195,-186.189223472161,-5.21202702396653,0.699999999994816,5.00000000000966,7.5999999999965,-181.607676730406,-3.69276379867417,7.26956783717903,-49.5363633050673,70.0984,70.0977,401974,"2026_01_14_0036","2026_01_14_0036_ev01119_rec2","no",277942
1120,2,70.18635,-182.675968683007,-200.341743371054,-17.6657746880473,0.900000000001455,9.24999999999443,10.6000000000108,-184.444459469191,-16.101851662324,8.68926936894449,-224.885171902855,70.1848,70.18385,403727,"2026_01_14_0036","2026_01_14_0036_ev01120_rec2","no",277943
1121,2,70.28605,-188.756536417069,-194.194505542747,-5.43796912567825,0.199999999992428,0.799999999998136,1.14999999999554,-185.92934113434,-6.63453102428231,3.57805436604389,60.3386994346956,70.2858,70.2856,405721,"2026_01_14_0036","2026_01_14_0036_ev01121_rec2","no",277944
1122,2,70.3098,-184.846740201276,-191.862786390418,-7.01604618914271,0.0500000000016598,2.15000000000032,2.75000000000603,-183.228530769711,-7.79401791704279,4.46635440268916,11.327757595427,70.30945,70.3094,406196,"2026_01_14_0036","2026_01_14_0036_ev01122_rec2","no",277945
1123,2,70.3874,-181.440655417667,-186.630533139202,-5.18987772153525,0.10000000000332,30.0000000000011,30.0000000000011,-32574.156123249,32395.4389700537,517893.532739502,53.238650138633,70.3874,70.3873,407748,"2026_01_14_0036","2026_01_14_0036_ev01123_rec2","no",277946
1124,2,70.43795,-185.642099069124,-375.936621689736,-190.294522620612,2.79999999999347,15.6000000000063,16.5499999999952,-179.825105536621,-209.870952796638,16.3258656418294,-3378.61352778302,70.43605,70.4328,408759,"2026_01_14_0036","2026_01_14_0036_ev01124_rec2","no",277947
1125,2,70.47185,-228.117574832804,-302.459276371325,-74.3417015385212,2.64999999998849,10.2499999999992,12.3499999999979,-246.300699633062,-60.3571869435609,6.61901543007656,-1122.34489139326,70.471,70.46785,409437,"2026_01_14_0036","2026_01_14_0036_ev01125_rec2","no",277948
1126,2,70.54415,-207.524215053674,-240.704066816712,-33.1798517630384,1.59999999999627,5.8000000000078,8.15000000000055,236545.052726984,-236774.941462504,190931.713180943,-146.145567322204,70.54405,70.5424,410883,"2026_01_14_0036","2026_01_14_0036_ev01126_rec2","no",277949
1127,2,70.58835,-187.66133289997,-190.149246836012,-2.48791393604134,4.14999999999566,12.7499999999969,6.69999999999504,-792160.430443049,791987.969124399,330034.480806666,-640.374504699927,70.58725,70.5809,411767,"2026_01_14_0036","2026_01_14_0036_ev01127_rec2","no",277950
1128,2,70.6248,-227.514652500316,-267.611484074928,-40.0968315746125,2.50000000001194,4.55000000000894,6.35000000001185,28717.5917283678,-28970.2346202448,17821.2482180192,-79.3128493830184,70.62435,70.62175,412496,"2026_01_14_0036","2026_01_14_0036_ev01128_rec2","no",277951
1129,2,70.666,-199.233681659851,-215.57704298818,-16.3433613283297,1.65000000001214,3.00000000000011,2.3000000000053,-200.90510652296,-15.9988208165393,1.77652674061497,-104.025700594071,70.66545,70.6637,413320,"2026_01_14_0036","2026_01_14_0036_ev01129_rec2","no",277952
1130,2,70.68735,-190.233148997852,-216.106545140621,-25.8733961427685,1.54999999999461,8.60000000000127,9.45000000000107,-196.449249403354,-21.6672218762884,5.05728794881714,-359.910560977147,70.68555,70.6839,413747,"2026_01_14_0036","2026_01_14_0036_ev01130_rec2","no",277953
1131,2,70.70965,-193.013343563795,-211.608185659985,-18.5948420961898,2.05000000001121,2.79999999999347,2.49999999999773,-189.275934043896,-19.9909141643126,3.92726544027872,10.1321461632006,70.7095,70.70735,414193,"2026_01_14_0036","2026_01_14_0036_ev01131_rec2","no",277954
1132,2,70.75725,-192.123668471447,-219.093007572028,-26.9693391005812,1.24999999999886,5.44999999999618,5.60000000000116,-193.184982353466,-29.7916882302197,4.63994010108417,-207.975020187439,70.7565,70.7552,415145,"2026_01_14_0036","2026_01_14_0036_ev01132_rec2","no",277955
1133,2,70.8124,-184.131582774817,-195.336817076891,-11.2052343020733,1.69999999999959,12.8500000000145,7.64999999999816,-163254.622701916,163070.16535373,325699.815659017,-263.555213312042,70.81115,70.80945,416248,"2026_01_14_0036","2026_01_14_0036_ev01133_rec2","no",277956
1134,2,70.8473,-182.418443350149,-219.700056320848,-37.2816129706983,14.5499999999998,13.0500000000069,8.09999999999889,-181.728230729133,-36.4350851209195,8.78946339765504,-602.625901615724,70.84725,70.83195,416946,"2026_01_14_0036","2026_01_14_0036_ev01134_rec2","no",277957
1135,2,70.8992,-181.432450767855,-195.800420391471,-14.3679696236163,0.649999999993156,30.4000000000002,30.0000000000011,-189.83687827325,-3.30311278382782,2.41191957773729,-275.587291286408,70.8981,70.8974,417984,"2026_01_14_0036","2026_01_14_0036_ev01135_rec2","no",277958
1136,2,70.92215,-181.933378418468,-200.323370051911,-18.3899916334429,4.04999999999234,9.09999999998945,7.24999999999909,-184.089266302108,-16.7109249311034,5.65219160371028,-220.680074731127,70.92185,70.91765,418443,"2026_01_14_0036","2026_01_14_0036_ev01136_rec2","no",277959
1137,2,70.98625,-182.665900767003,-189.301413299109,-6.63551253210636,0.699999999994816,3.74999999999659,4.00000000000489,-182.772644953095,-8.05934899766846,3.24403874774924,-38.1439049875586,70.98535,70.98455,419725,"2026_01_14_0036","2026_01_14_0036_ev01137_rec2","no",277960
1138,2,71.05475,-188.196752033606,-192.771887340119,-4.57513530651261,0.549999999989836,0.10000000000332,0,-175.758340032404,-13.8909731051922,22.0295734427179,144.725542978428,71.0546,71.0534,421095,"2026_01_14_0036","2026_01_14_0036_ev01138_rec2","no",277961
1139,2,71.0976,-178.949358565274,-197.636293462288,-18.6869348970133,2.49999999999773,11.400000000009,17.4999999999983,6010.42990956651,-6201.63070046834,20329.0277941393,-260.248078976517,71.0975,71.0949,421952,"2026_01_14_0036","2026_01_14_0036_ev01139_rec2","no",277962
1140,2,71.22735,-187.504981897421,-197.909382227303,-10.4044003298825,0.650000000007367,3.95000000000323,5.20000000000209,-190.728977638087,-3.81913389609694,2.8790484129389,-128.371143573494,71.22565,71.2248,424547,"2026_01_14_0036","2026_01_14_0036_ev01140_rec2","no",277963
1141,2,71.25095,-188.867208578877,-201.093018260358,-12.2258096814815,0.900000000001455,2.20000000000198,2.94999999999845,-192.722625130572,-8.56046213437348,1.15727647084588,-137.25529915972,71.25035,71.24945,425019,"2026_01_14_0036","2026_01_14_0036_ev01141_rec2","no",277964
1142,2,71.26995,-186.016860747578,-200.877614691212,-14.8607539436344,0.600000000005707,10.0999999999942,11.1500000000007,-178.519486744784,-25.8697653327483,16.1823327481234,-145.567123549347,71.2693,71.2686,425399,"2026_01_14_0036","2026_01_14_0036_ev01142_rec2","no",277965
1143,2,71.303,-187.311798167608,-189.822355839693,-2.51055767208555,0.199999999992428,20.1499999999868,19.1499999999962,-305194.566480961,305015.169871207,661116.46515579,29.465823879141,71.30295,71.30275,426060,"2026_01_14_0036","2026_01_14_0036_ev01143_rec2","no",277966
1144,2,71.32835,-182.588622372336,-200.780485148935,-18.1918627765992,0.399999999999068,7.90000000000646,8.75000000000625,-181.552414402966,-21.9725318835415,8.41251473615235,-175.227990261282,71.3271,71.32665,426567,"2026_01_14_0036","2026_01_14_0036_ev01144_rec2","no",277967
1145,2,71.37905,-181.559400113199,-185.296806476094,-3.73740636289551,0.300000000009959,0.450000000000728,0.750000000010687,-180.871748459449,-2.6568854005329,2.92256687248262,11.4942281593044,71.37895,71.37865,427581,"2026_01_14_0036","2026_01_14_0036_ev01145_rec2","no",277968
1146,2,71.4003,-181.318699294484,-187.202539920908,-5.88384062642368,0.10000000000332,0.0500000000016598,0.599999999991496,-179.974011969051,-4.27841651854113,2.96927351929497,26.8621251944736,71.4002,71.4001,428006,"2026_01_14_0036","2026_01_14_0036_ev01146_rec2","no",277969
1147,2,71.4911,-177.791827840531,-181.664106958783,-3.8722791182515,0.349999999997408,12.849999999986,18.6999999999955,-178.721356542765,-4.0635347505976,8.95761424401026,-65.3725070841649,71.4911,71.49075,429822,"2026_01_14_0036","2026_01_14_0036_ev01147_rec2","no",277970
1148,2,71.5431,-179.484915194343,-182.362793727417,-2.87787853307401,0.10000000000332,17.4000000000092,14.8499999999956,-183.953256785161,6.64308389431939,22.1909106558282,-24.9469148404698,71.5431,71.543,430862,"2026_01_14_0036","2026_01_14_0036_ev01148_rec2","no",277971
1149,2,71.56035,-178.52562434524,-185.902576200827,-7.37695185558735,0.599999999991496,5.89999999999691,7.5999999999965,-180.162295992708,-7.05561756909442,4.08820421808273,-87.2223833296051,71.55965,71.5587,431207,"2026_01_14_0036","2026_01_14_0036_ev01149_rec2","no",277972
1150,2,71.57905,-180.183062560009,-183.498665331367,-3.31560277135861,0.299999999995748,29.2499999999905,25.5000000000081,-34962.5433458811,34784.2389071825,285807.39332927,1.46306869590166,71.57905,71.57875,431581,"2026_01_14_0036","2026_01_14_0036_ev01150_rec2","no",277973
1151,2,71.6083,-178.500628751748,-192.109613380697,-13.6089846289488,1.4500000000055,7.30000000000075,10.3000000000009,-178.901880531908,-8.84107076002223,15.974911150359,-155.487229529548,71.60805,71.6046,432166,"2026_01_14_0036","2026_01_14_0036_ev01151_rec2","no",277974
1152,2,71.68005,-180.93989922828,-189.75400269609,-8.81410346780987,0.799999999998136,2.20000000000198,3.20000000000675,-180.741439122357,-5.7421745870992,6.29305952183956,-35.4825724715148,71.6799,71.67905,433601,"2026_01_14_0036","2026_01_14_0036_ev01152_rec2","no",277975
1153,2,71.71485,-181.523998216157,-184.3248182284,-2.80082001224369,0.0500000000016598,0.0500000000016598,0,-178.569390968546,-2.78246216877455,3.28017650524049,78.6031409113466,71.71485,71.71455,434297,"2026_01_14_0036","2026_01_14_0036_ev01153_rec2","no",277976
1154,2,71.79925,-179.37703611691,-184.373164504958,-4.99612838804762,0.200000000006639,30.1500000000061,30.0000000000011,-22597.8375152756,22421.2188810206,180902.195267611,26.5546638236769,71.79925,71.799,435985,"2026_01_14_0036","2026_01_14_0036_ev01154_rec2","no",277977
1155,2,71.8229,-181.413546427983,-186.09946074788,-4.6859143198962,0.199999999992428,31.3999999999908,30.0000000000011,-8164.89628701579,7984.99864103319,262789.163542346,31.463812865213,71.8229,71.8211,436458,"2026_01_14_0036","2026_01_14_0036_ev01155_rec2","no",277978
1156,2,71.8459,-182.946090680858,-186.139088645251,-3.19299796439321,0.199999999992428,0.200000000006639,0,-179.700397265684,-4.42107147424427,2.34010893884192,86.5025893844719,71.84575,71.84555,436918,"2026_01_14_0036","2026_01_14_0036_ev01156_rec2","no",277979
1157,2,71.88975,-178.503607581302,-189.991099365064,-11.4874917837627,2.44999999999607,5.79999999999359,8.7999999999937,-172.301523426647,-13.4357041030801,34.9568443640146,-98.4895232755851,71.8897,71.88725,437795,"2026_01_14_0036","2026_01_14_0036_ev01157_rec2","no",277980
1158,2,71.92325,-179.564232340069,-188.596510660775,-9.0322783207065,0.349999999997408,26.0499999999979,20.85000000001,-132325.757405647,132147.963161605,539199.532629102,-59.7109395565559,71.9231,71.92275,438465,"2026_01_14_0036","2026_01_14_0036_ev01158_rec2","no",277981
1159,2,71.95425,-179.203865164517,-198.447254611767,-19.2433894472495,3.45000000000084,34.0500000000077,30.0000000000011,-188.83050114573,-10.3273213400764,2.52586349940578,-392.81905353745,71.95205,71.9481,439085,"2026_01_14_0036","2026_01_14_0036_ev01159_rec2","no",277982
1160,2,72.0034,-179.780855564428,-192.41427933921,-12.6334237747826,0.849999999999795,3.59999999999161,4.45000000000562,-182.579563059182,-9.07868644735247,2.82749640293646,-118.857771991887,72.00325,72.00235,440068,"2026_01_14_0036","2026_01_14_0036_ev01160_rec2","no",277983
1161,2,72.0324,-184.34561436951,-187.879025171956,-3.53341080244672,0.0500000000016598,0.249999999994088,0,-179.958887816979,-5.50092024901465,7.09647587827148,92.5356481332081,72.0324,72.0321,440648,"2026_01_14_0036","2026_01_14_0036_ev01161_rec2","no",277984
1162,2,72.15575,-180.533648911452,-189.614761843609,-9.08111293215722,0.649999999993156,5.04999999999711,6.45000000000095,-178.322825605472,-9.83685615469402,11.3664763963419,-44.8350588692562,72.1552,72.15445,443115,"2026_01_14_0036","2026_01_14_0036_ev01162_rec2","no",277985
1163,2,72.21255,-180.647829332669,-227.201752771214,-46.5539234385447,12.0500000000021,28.7500000000023,26.0999999999996,-97.7374935103956,-128.78492765794,103.639522999591,-1310.22801910739,72.2104,72.1982,444251,"2026_01_14_0036","2026_01_14_0036_ev01163_rec2","no",277986
1164,2,72.371,-176.436240453377,-179.215739699025,-2.77949924564888,0.399999999999068,9.10000000000366,30.0000000000011,-177.755361654759,-3.77304254874276,2.18405662753406,-50.2194190991704,72.371,72.3706,447420,"2026_01_14_0036","2026_01_14_0036_ev01164_rec2","no",277987
1165,2,72.46415,-184.135256277737,-186.360917745435,-2.22566146769805,0.450000000000728,0.250000000008299,0,-178.937467776568,-5.95723868844895,10.3865913650612,97.0543611884804,72.4641,72.46365,449283,"2026_01_14_0036","2026_01_14_0036_ev01165_rec2","no",277988
1166,2,72.6423,-178.030326208413,-182.289598343091,-4.25927213467867,0.849999999999795,30.5999999999926,30.0000000000011,-180.552533774594,-3.59784874164002,3.30227577133085,-95.5539865612598,72.64165,72.6408,452846,"2026_01_14_0036","2026_01_14_0036_ev01166_rec2","no",277989
1167,2,72.74815,-180.745623779682,-188.918156496039,-8.17253271635613,0.199999999992428,2.44999999999607,3.79999999999825,-173.584701422359,-12.3072203592575,20.0667741875261,18.5696619010724,72.7476,72.7473,454963,"2026_01_14_0036","2026_01_14_0036_ev01167_rec2","no",277990
1168,2,72.8323,-177.080485052375,-198.720902242099,-21.6404171897243,2.75000000000603,15.5500000000046,18.800000000013,-176.50008592795,-24.0445749172345,18.2362439556691,-380.190987936002,72.8322,72.82935,456646,"2026_01_14_0036","2026_01_14_0036_ev01168_rec2","no",277991
1169,2,72.86635,-182.006417680085,-184.113645925941,-2.10722824585596,0.0500000000016598,0.149999999990769,0,18913.2987754489,-19095.4226461583,93750.826135983,88.0022605367137,72.86635,72.8661,457327,"2026_01_14_0036","2026_01_14_0036_ev01169_rec2","no",277992
1170,2,72.98965,-180.026826607353,-192.445397893737,-12.4185712863846,2.25000000000364,6.90000000000168,8.74999999999204,-174.803555838314,-17.1022989870725,15.7239084474052,-106.998889542566,72.9886,72.98575,459793,"2026_01_14_0036","2026_01_14_0036_ev01170_rec2","no",277993
1171,2,73.07055,-179.068719101263,-191.173226266059,-12.104507164796,1.14999999999554,5.60000000000116,9.24999999999443,-181.690537563949,-6.05432915624157,7.84477577928815,-134.649971372431,73.0704,73.06925,461411,"2026_01_14_0036","2026_01_14_0036_ev01171_rec2","no",277994
1172,2,73.15605,-176.935185243354,-185.691522705731,-8.75633746237776,4.05000000000655,8.20000000000221,4.00000000000489,-177.461927583113,-6.24830438712901,4.77087740677443,-94.3360944791432,73.1537,73.1491,463121,"2026_01_14_0036","2026_01_14_0036_ev01172_rec2","no",277995
1173,2,73.2363,-178.486677329612,-183.407964960642,-4.92128763103074,2.60000000000105,5.65000000000282,7.24999999999909,-177.562426295782,-6.5716481707079,8.27853464287157,-58.5145437201525,73.23195,73.2291,464726,"2026_01_14_0036","2026_01_14_0036_ev01173_rec2","no",277996
1174,2,73.5188,-182.889821301928,-188.972998907616,-6.08317760568823,0.549999999989836,1.69999999999959,1.89999999999202,-179.299803862885,-7.87810977861943,6.34147677247698,53.6764118054625,73.5181,73.51725,470376,"2026_01_14_0036","2026_01_14_0036_ev01174_rec2","no",277997
1175,2,73.6085,-181.025809667459,-201.336238394746,-20.3104287272866,0.950000000003115,8.39999999999463,10.799999999989,-183.152259067162,-17.7721807876846,9.06057239529076,-238.846201543772,73.60815,73.6067,472170,"2026_01_14_0036","2026_01_14_0036_ev01175_rec2","no",277998
1176,2,73.75785,-183.240293820576,-187.862483664382,-4.62218984380587,0.300000000009959,0.250000000008299,0.749999999996476,-180.487068778239,-5.06069110629418,6.13372325537396,50.7669337618315,73.7578,73.7575,475157,"2026_01_14_0036","2026_01_14_0036_ev01176_rec2","no",277999
1177,2,73.91895,-188.267260822748,-196.482420054493,-8.21515923174448,0.899999999987244,3.70000000000914,3.84999999999991,-181.285530850112,-14.6318337872569,10.137744757695,59.2196895369709,73.91835,73.91745,478379,"2026_01_14_0036","2026_01_14_0036_ev01177_rec2","no",278000
1178,2,73.96715,-185.384113391388,-190.513153775173,-5.12904038378471,0.0500000000016598,30.0499999999886,30.0000000000011,-21125.434327808,20942.7785547505,298846.550868823,49.7297405869937,73.9666,73.9664,479343,"2026_01_14_0036","2026_01_14_0036_ev01178_rec2","no",278001
1179,2,73.99685,-183.323304061491,-190.071986724735,-6.74868266324452,0.450000000000728,6.60000000000593,4.55000000000894,-388757.447374425,388575.856380928,416599.759733374,-381.084414970575,73.99575,73.9953,479937,"2026_01_14_0036","2026_01_14_0036_ev01179_rec2","no",278002
1180,2,74.0202,-184.905507035091,-219.091552163317,-34.1860451282261,3.64999999999327,13.5500000000093,30.0000000000011,-200.024646323897,-18.9227192288957,4.51345680467282,-644.252015481413,74.0199,74.0162,480404,"2026_01_14_0036","2026_01_14_0036_ev01180_rec2","no",278003
1181,2,74.0696,-187.806754771299,-196.518656701361,-8.71190193006231,0.299999999995748,0.199999999992428,0,-185.837083368222,-3.7861136944957,5.66132925575972,36.3574197103575,74.0696,74.0693,481392,"2026_01_14_0036","2026_01_14_0036_ev01181_rec2","no",278004
1182,2,74.30805,-183.524641598493,-186.289211361848,-2.76456976335416,0.149999999990769,0.149999999990769,0,-180.050704259718,-3.75459771238257,7.77277307586723,75.2672045855258,74.30805,74.3078,486161,"2026_01_14_0036","2026_01_14_0036_ev01182_rec2","no",278005
1183,2,74.3565,-179.996053651568,-184.174877226128,-4.17882357455986,0.0500000000016598,30.3499999999985,30.0000000000011,-5215.63188193691,5036.21495915689,72487.1253681018,-14.8089795561392,74.3565,74.3561,487130,"2026_01_14_0036","2026_01_14_0036_ev01183_rec2","no",278006
1184,2,74.5678,-183.634977417261,-199.883513885124,-16.2485364678637,1.09999999999388,6.24999999999432,6.50000000000261,-181.589085286199,-19.3347830955219,7.43008250723908,-101.753041052423,74.5671,74.56585,491356,"2026_01_14_0036","2026_01_14_0036_ev01184_rec2","no",278007
1185,2,74.72805,-182.192942557021,-189.806917599504,-7.61397504248336,1.30000000000052,9.6499999999935,14.0499999999975,-182.81295263925,-5.79011501364191,14.5234274030651,-101.831158030799,74.7278,74.7263,494561,"2026_01_14_0036","2026_01_14_0036_ev01185_rec2","no",278008
1186,2,74.75015,-182.286118527705,-186.995590097597,-4.70947156989172,0.049999999987449,0.250000000008299,2.64999999998849,-181.025981305365,-3.66903750380423,13.1828950888261,-5.92739050203147,74.7501,74.75005,495003,"2026_01_14_0036","2026_01_14_0036_ev01186_rec2","no",278009
1187,2,74.84855,-183.781001370132,-198.426808512249,-14.6458071421167,1.24999999999886,7.29999999998654,7.24999999999909,-181.910372059424,-14.5806627717029,10.4385747270014,-115.815617448752,74.84705,74.8457,496971,"2026_01_14_0036","2026_01_14_0036_ev01187_rec2","no",278010
1188,2,74.907,-182.407540122299,-204.896898318821,-22.4893581965221,1.84999999999036,8.35000000000719,7.35000000000241,-181.814271372384,-23.6751690997486,7.54620831659388,-211.051211412685,74.9053,74.90335,498140,"2026_01_14_0036","2026_01_14_0036_ev01188_rec2","no",278011
1189,2,74.93875,-184.203665104148,-189.230552452623,-5.02688734847513,0.0500000000016598,0.199999999992428,0,-180.800622087044,-3.88166033146131,2.24024451708626,92.6169078299805,74.93875,74.93835,498775,"2026_01_14_0036","2026_01_14_0036_ev01189_rec2","no",278012
1190,3,75.0736,-183.908031833613,-187.365054266061,-3.45702243244779,1.30000000000052,2.69999999999015,0.849999999999795,-179.51663468872,-9.01054560871852,1.81163808895617,111.320876473167,75.0726,75.071,1472,"2026_01_14_0036","2026_01_14_0036_ev01190_rec3","no",278013
1191,3,75.09355,-181.620662604621,-186.110181528585,-4.48951892396403,0.150000000004979,0.650000000007367,0.550000000004047,-179.463953677881,-5.66643561212096,1.35612981368408,55.6094251920627,75.09335,75.0932,1871,"2026_01_14_0036","2026_01_14_0036_ev01191_rec3","no",278014
1192,3,75.1439,-185.341554766731,-194.82241506646,-9.48086029972899,0.700000000009027,1.14999999999554,1.44999999999129,-180.987298008246,-8.83221264232593,12.5602230353129,23.2419967592765,75.1439,75.14195,2878,"2026_01_14_0036","2026_01_14_0036_ev01192_rec3","no",278015
1193,3,75.17235,-184.344599148961,-188.511400563832,-4.1668014148708,0.399999999999068,0.450000000000728,0.399999999999068,-180.363021080006,-6.56091874919765,2.24328761400034,103.723537173847,75.17235,75.17185,3447,"2026_01_14_0036","2026_01_14_0036_ev01193_rec3","no",278016
1194,3,75.1894,-181.542645689238,-188.25649039503,-6.71384470579244,0.150000000004979,0.10000000000332,0.349999999997408,-181.258633562212,-3.09464357490722,3.3153812773822,-2.1199179560351,75.1894,75.18925,3788,"2026_01_14_0036","2026_01_14_0036_ev01194_rec3","no",278017
1195,3,75.212,-176.372407492442,-183.807033895862,-7.43462640342014,0.349999999997408,30.3499999999985,30.0000000000011,-181.47197523565,-5.75109305167088,1.92420422247165,-167.681177402135,75.2119,75.21155,4240,"2026_01_14_0036","2026_01_14_0036_ev01195_rec3","no",278018
1196,3,75.2348,-180.280350865758,-182.400082720918,-2.11973185515993,1.40000000000384,1.30000000000052,0,-8262.72199397334,8081.44682493395,97114.4895309898,-98.7626650192,75.2298,75.22755,4696,"2026_01_14_0036","2026_01_14_0036_ev01196_rec3","no",278019
1197,3,75.32445,-187.732921593776,-583.565636105854,-395.832714512077,6.55000000000427,21.2500000000091,19.0000000000055,-172.416712476904,-442.06441329218,18.919916376041,-9046.38102610136,75.3207,75.31345,6489,"2026_01_14_0036","2026_01_14_0036_ev01197_rec3","no",278020
1198,3,75.37995,-228.914291122301,-236.686163886939,-7.77187276463795,1.04999999999222,1.90000000000623,1.10000000000809,-191.318353388615,-42.1197424960261,26.9867909228094,356.9748590831,75.3784,75.37725,7599,"2026_01_14_0036","2026_01_14_0036_ev01198_rec3","no",278021
1199,3,75.40955,-210.496796870365,-225.884308968176,-15.3875120978113,0.950000000003115,5.04999999999711,5.90000000001112,-194.726634995757,-30.2652554115665,17.1337098816618,33.364325357825,75.4094,75.40825,8191,"2026_01_14_0036","2026_01_14_0036_ev01199_rec3","no",278022
1200,3,75.4495,-197.193429468284,-202.433750201383,-5.24032073309951,0.550000000004047,5.89999999999691,6.00000000000023,-194.184055917732,-12.0608154239696,6.74125502886303,6.21255305881182,75.44925,75.4487,8990,"2026_01_14_0036","2026_01_14_0036_ev01200_rec3","no",278023
1201,3,75.5388,-184.93113864743,-188.930669689746,-3.99953104231551,0.199999999992428,0.149999999990769,0,5429.09401551482,-5613.23990180679,237957.379753503,33.5079626269943,75.5388,75.5386,10776,"2026_01_14_0036","2026_01_14_0036_ev01201_rec3","no",278024
1202,3,75.5717,-184.654027466895,-187.00450310531,-2.35047563841465,0.349999999997408,18.6000000000064,16.8999999999926,-164737.614306619,164557.187796423,545180.103181767,-10.7284065520918,75.5716,75.57075,11434,"2026_01_14_0036","2026_01_14_0036_ev01202_rec3","no",278025
1203,3,75.59845,-183.810756619624,-192.957557901446,-9.14680128182155,0.399999999999068,8.94999999999868,7.69999999999982,-182.913946762095,-7.06221298668898,15.4283206879226,-106.033239920069,75.59735,75.59255,11969,"2026_01_14_0036","2026_01_14_0036_ev01203_rec3","no",278026
1204,3,75.63315,-184.872706871604,-191.001435450024,-6.12872857841936,0.199999999992428,5.65000000000282,5.34999999999286,-185.174327407259,-7.48102451979937,4.01458570991262,-51.4983693145164,75.63135,75.63115,12663,"2026_01_14_0036","2026_01_14_0036_ev01204_rec3","no",278027
1205,3,75.76055,-188.805565292706,-199.226757542681,-10.421192249975,0.350000000011619,4.40000000000396,5.8000000000078,-178.424731228682,-19.2102262758192,19.4117793660491,15.0497655935382,75.76045,75.7601,15211,"2026_01_14_0036","2026_01_14_0036_ev01205_rec3","no",278028
1206,3,75.8878,-185.591345129101,-193.129184882191,-7.53783975309034,0.200000000006639,0.649999999993156,0.349999999997408,-182.09068950656,-6.83870371132759,4.23362500624367,68.4555572912102,75.88655,75.88495,17756,"2026_01_14_0036","2026_01_14_0036_ev01206_rec3","no",278029
1207,3,75.95475,-180.87006535048,-196.547059633063,-15.6769942825828,1.14999999999554,4.14999999999566,5.20000000000209,-177.948309729043,-13.463923591176,12.0104692598386,-77.9346610412247,75.9541,75.95275,19095,"2026_01_14_0036","2026_01_14_0036_ev01207_rec3","no",278030
1208,3,75.99195,-180.769699484885,-186.658805419879,-5.88910593499475,0.300000000009959,10.5500000000092,12.1999999999929,-176.108869479197,-11.9722947089615,21.7565824444055,-59.2258040295381,75.9916,75.9911,19839,"2026_01_14_0036","2026_01_14_0036_ev01208_rec3","no",278031
1209,3,76.0396,-179.594832491203,-184.233645203751,-4.63881271254792,0.249999999994088,14.00000000001,19.3500000000029,-180.866437936272,-4.73152231612147,8.17393944597164,-85.091545209447,76.03895,76.03785,20792,"2026_01_14_0036","2026_01_14_0036_ev01209_rec3","no",278032
1210,3,76.09955,-182.550250335752,-197.668048697229,-15.1177983614773,2.3000000000053,10.0499999999926,10.9500000000082,-184.087274962576,-13.6515456743181,9.02127669049629,-204.213833626143,76.098,76.0957,21991,"2026_01_14_0036","2026_01_14_0036_ev01210_rec3","no",278033
1211,3,76.1268,-184.521692544067,-190.156526263753,-5.63483371968636,0.150000000004979,0.299999999995748,0.599999999991496,-183.917612328816,-3.79869998339427,1.68116162189219,10.790700734347,76.12665,76.12645,22536,"2026_01_14_0036","2026_01_14_0036_ev01211_rec3","no",278034
1212,3,76.14695,-181.628178873206,-184.028024174929,-2.39984530172325,0.749999999996476,8.84999999999536,8.89999999999702,-178.988067389558,-7.14640886175084,12.6382793738946,-10.9534745135863,76.14605,76.1453,22939,"2026_01_14_0036","2026_01_14_0036_ev01212_rec3","no",278035
1213,3,76.22775,-185.595069744462,-189.1979687358,-3.60289899133764,0.350000000011619,0.349999999997408,0,-178.161733745862,-7.37102996501445,27.6812284804412,87.3984128480952,76.2275,76.22665,24555,"2026_01_14_0036","2026_01_14_0036_ev01213_rec3","no",278036
1214,3,76.3052,-183.023196914237,-185.556791573935,-2.53359465969802,0.199999999992428,0.199999999992428,0.299999999995748,-180.111176423833,-3.97942221082844,8.9435197816961,52.4714325864881,76.3051,76.30485,26104,"2026_01_14_0036","2026_01_14_0036_ev01214_rec3","no",278037
1215,3,76.58545,-181.822468082334,-192.506255863418,-10.6837877810844,1.80000000000291,6.50000000000261,8.40000000000884,-183.513159904556,-7.3349173890869,7.13717148246022,-120.813796936715,76.5849,76.583,31709,"2026_01_14_0036","2026_01_14_0036_ev01215_rec3","no",278038
1216,3,76.6226,-183.110004613329,-191.89900282867,-8.78899821534173,0.200000000006639,0.249999999994088,0.0999999999891088,-182.75091528088,-9.14876312792307,0.112394207694301,8.55030188793461,76.6226,76.6224,32452,"2026_01_14_0036","2026_01_14_0036_ev01216_rec3","no",278039
1217,3,76.70905,-185.056366395366,-190.268222509965,-5.21185611459907,0.0500000000016598,0.0500000000016598,0,-182.820327130639,-4.16562665799961,3.22886234374581,52.7524702131871,76.7089,76.70885,34181,"2026_01_14_0036","2026_01_14_0036_ev01217_rec3","no",278040
1218,3,76.8763,-179.971319805112,-213.873606214417,-33.9022864093051,8.39999999999463,26.449999999997,24.1500000000059,-180.806865885185,-33.2662214471323,23.1040498122302,-831.116736211754,76.87415,76.86465,37526,"2026_01_14_0036","2026_01_14_0036_ev01218_rec3","no",278041
1219,3,76.9448,-191.929377096928,-196.306666547127,-4.37728945019882,0.200000000006639,0.0500000000016598,0,-184.578595300757,-7.83045661303699,5.15035459170506,179.685784621508,76.9448,76.9446,38896,"2026_01_14_0036","2026_01_14_0036_ev01219_rec3","no",278042
1220,3,76.9944,-189.29613135373,-197.690604924452,-8.39447357072183,3.34999999999752,5.44999999999618,3.95000000000323,-185.15395299668,-11.7957576279632,8.15447856144285,12.5791574453752,76.9938,76.98955,39888,"2026_01_14_0036","2026_01_14_0036_ev01220_rec3","no",278043
1221,3,77.0131,-186.602912845938,-188.722119138484,-2.1192062925457,0.399999999999068,30.4500000000019,30.0000000000011,-4459.16191539135,4273.06821662312,259547.365399181,5.75163335563464,77.0131,77.0126,40262,"2026_01_14_0036","2026_01_14_0036_ev01221_rec3","no",278044
1222,3,77.0361,-187.937306664288,-193.005402799146,-5.06809613485714,0.10000000000332,26.0999999999996,23.5500000000002,-118541.671534208,118357.995688111,453967.909439564,10.2184681488771,77.0361,77.0355,40722,"2026_01_14_0036","2026_01_14_0036_ev01222_rec3","no",278045
1223,3,77.0584,-184.923482553145,-196.987140394276,-12.0636578411313,1.05000000000643,1.30000000000052,0,-8795.84108554674,8604.7902996825,301044.996598554,-216.764721076532,77.0578,77.05565,41168,"2026_01_14_0036","2026_01_14_0036_ev01223_rec3","no",278046
1224,3,77.1179,-191.210302120305,-196.082015057086,-4.87171293678085,0.950000000003115,0.900000000001455,0,-180.952606053986,-8.60947674342672,14.1852025104946,199.777136455332,77.11785,77.11665,42358,"2026_01_14_0036","2026_01_14_0036_ev01224_rec3","no",278047
1225,3,77.2043,-184.11352393627,-250.421803582371,-66.3082796461005,4.45000000000562,34.3500000000034,30.0000000000011,-215.320678103296,-35.6819592013114,9.84731109396588,-1602.8368856101,77.20175,77.19685,44086,"2026_01_14_0036","2026_01_14_0036_ev01225_rec3","no",278048
1226,3,77.31325,-188.442274090795,-201.948895638695,-13.5066215478999,1.4500000000055,6.3999999999993,6.3999999999993,-183.106554980281,-19.6921086619643,9.93085812311642,-43.9034866784738,77.31265,77.31075,46265,"2026_01_14_0036","2026_01_14_0036_ev01226_rec3","no",278049
1227,3,77.384,-186.018831770685,-196.765774123482,-10.7469423527969,0.749999999996476,5.35000000000707,7.19999999999743,-184.747497776877,-10.4666875305901,10.4397982568964,-73.7713882378945,77.38345,77.3827,47680,"2026_01_14_0036","2026_01_14_0036_ev01227_rec3","no",278050
1228,3,77.4182,-189.549839256476,-194.320777830538,-4.77093857406223,0.0500000000016598,0.249999999994088,0.249999999994088,-182.72391454737,-8.74251558449592,14.3593446516014,93.6916361755145,77.41775,77.4177,48364,"2026_01_14_0036","2026_01_14_0036_ev01228_rec3","no",278051
1229,3,77.45595,-184.480980318434,-197.23234290625,-12.7513625878161,1.95000000000789,3.74999999999659,5.60000000000116,-180.956123009631,-11.36088895509,17.4091807142956,-69.9859958984941,77.45595,77.45335,49119,"2026_01_14_0036","2026_01_14_0036_ev01229_rec3","no",278052
1230,3,77.56375,-182.457614736033,-191.768248688168,-9.31063395213522,0.999999999990564,5.74999999999193,8.20000000000221,-184.659552087046,-5.7000772254918,5.3875460299262,-106.35257375487,77.5637,77.5621,51275,"2026_01_14_0036","2026_01_14_0036_ev01230_rec3","no",278053
1231,3,77.6518,-185.363581640412,-194.516151439846,-9.15256979943359,0.800000000012346,6.25000000000853,6.79999999999836,-185.058833810551,-10.9752918137679,6.23936232220575,-68.6359327399008,77.6513,77.6504,53036,"2026_01_14_0036","2026_01_14_0036_ev01231_rec3","no",278054
1232,3,77.7194,-182.219640043887,-187.598571644697,-5.37893160081055,0.349999999997408,9.29999999999609,11.5499999999997,-181.766495804825,-7.09216343737729,10.8501639794944,-62.1952256923105,77.71905,77.7187,54388,"2026_01_14_0036","2026_01_14_0036_ev01232_rec3","no",278055
1233,3,77.85075,-187.46522169167,-190.927441257545,-3.46221956587431,0.900000000001455,1.00000000000477,0,-182.634981601451,-5.10631148681955,9.35688972625883,97.7387324868403,77.85005,77.84915,57015,"2026_01_14_0036","2026_01_14_0036_ev01233_rec3","no",278056
1234,3,77.9994,-183.650660192934,-193.523688954333,-9.87302876139913,0.600000000005707,1.1999999999972,1.50000000000716,-185.397209863277,-6.64893527876182,1.20663208800694,-63.4879057864665,77.99935,77.99855,59988,"2026_01_14_0036","2026_01_14_0036_ev01234_rec3","no",278057
1235,3,78.0246,-180.490014432829,-198.796602055988,-18.3065876231595,5.5499999999995,7.30000000000075,7.39999999998986,-185.366392896637,-12.2306428545488,3.98225399972414,-252.516602095582,78.02455,78.01855,60492,"2026_01_14_0036","2026_01_14_0036_ev01235_rec3","no",278058
1236,3,78.1141,-182.056163487271,-186.404700711813,-4.34853722454133,0.749999999996476,16.4500000000061,21.3500000000124,-182.222901883311,-5.3742264500536,16.2320278608742,-82.714597709278,78.1141,78.11335,62282,"2026_01_14_0036","2026_01_14_0036_ev01236_rec3","no",278059
1237,3,78.29765,-183.166805596879,-187.572082030387,-4.40527643350825,0.10000000000332,0.149999999990769,0.199999999992428,-181.448591884136,-4.72623336048327,0.533599747276867,48.8670036007043,78.29765,78.29755,65953,"2026_01_14_0036","2026_01_14_0036_ev01237_rec3","no",278060
1238,3,78.3473,-178.070748282828,-195.510557309124,-17.4398090262964,0.950000000003115,11.650000000003,30.0000000000011,-185.720600689658,-12.0416397157354,4.24924171013151,-300.374678625924,78.3468,78.34575,66946,"2026_01_14_0036","2026_01_14_0036_ev01238_rec3","no",278061
1239,3,78.37795,-187.767999844867,-191.247474641184,-3.4794747963175,0.299999999995748,0.250000000008299,0.500000000002387,-182.178020369653,-7.48888786793417,6.06792183409389,121.897834831296,78.37795,78.37765,67559,"2026_01_14_0036","2026_01_14_0036_ev01239_rec3","no",278062
1240,3,78.4526,-182.787550833189,-191.859979042425,-9.07242820923631,0.300000000009959,4.05000000000655,4.64999999999804,-183.451411288149,-6.09398523233745,5.6845734077963,-64.2895536183483,78.45135,78.4509,69052,"2026_01_14_0036","2026_01_14_0036_ev01240_rec3","no",278063
1241,3,78.4779,-178.589216950473,-182.303680523145,-3.71446357267183,0.749999999996476,32.0000000000107,30.0000000000011,-183.225577954929,-1.633656601172,1.55479482658781,-164.688737617899,78.475,78.47425,69558,"2026_01_14_0036","2026_01_14_0036_ev01241_rec3","no",278064
1242,3,78.51265,-182.400438382922,-189.381809096516,-6.98137071359332,0.199999999992428,1.14999999999554,2.45000000001028,-180.969480772393,-5.6477464016361,7.11205917837992,2.43336910490491,78.51265,78.5124,70253,"2026_01_14_0036","2026_01_14_0036_ev01242_rec3","no",278065
1243,3,78.56865,-181.41523231052,-192.102636194314,-10.6874038837941,1.00000000000477,6.34999999999764,7.94999999999391,-181.27159197162,-10.2850270967438,8.63369217821176,-95.8770039056149,78.5678,78.56665,71373,"2026_01_14_0036","2026_01_14_0036_ev01243_rec3","no",278066
1244,3,78.6189,-183.166680978848,-185.301483013333,-2.13480203448478,0.0500000000016598,30.1999999999936,30.0000000000011,-2824.84988840182,2643.69270029072,111804.621703191,49.4162212913525,78.6189,78.61865,72378,"2026_01_14_0036","2026_01_14_0036_ev01244_rec3","no",278067
1245,3,78.66845,-181.741308724989,-353.058145255049,-171.316836530061,3.55000000000416,14.2500000000041,17.3000000000059,-220.044155433237,-130.821956554203,10.4776804123891,-3036.49110440644,78.6669,78.66295,73369,"2026_01_14_0036","2026_01_14_0036_ev01245_rec3","no",278068
1246,3,78.72205,-193.507592177458,-220.066571189451,-26.5589790119933,1.15000000000975,10.0500000000068,14.2000000000024,226843.375174833,-227055.853719239,352571.489796961,-310.146811843574,78.72145,78.72015,74441,"2026_01_14_0036","2026_01_14_0036_ev01246_rec3","no",278069
1247,3,78.7884,-208.374394758896,-216.969914623568,-8.59551986467204,0.649999999993156,1.35000000000218,0.550000000004047,-200.0889380236,-16.1373095854387,1.62233403691528,220.672394697897,78.7884,78.7865,75768,"2026_01_14_0036","2026_01_14_0036_ev01247_rec3","no",278070
1248,3,78.80105,-196.591193242383,-208.365962679419,-11.7747694370367,2.10000000001287,7.40000000000407,6.24999999999432,-189.506306375467,-22.7943344386851,9.05081610517503,-13.4956759368797,78.8007,78.79835,76021,"2026_01_14_0036","2026_01_14_0036_ev01248_rec3","no",278071
1249,3,78.8356,-191.290422719336,-199.17881131289,-7.88838859355459,0.950000000003115,21.7500000000115,17.0999999999992,-91684.1964277472,91494.8512135227,322038.174250358,-77.6661715011078,78.83515,78.8341,76712,"2026_01_14_0036","2026_01_14_0036_ev01249_rec3","no",278072
1250,3,78.8577,-186.727954229349,-208.563388762454,-21.8354345331042,1.24999999999886,7.30000000000075,8.80000000000791,-188.226693760613,-21.7297289852507,7.35434751243702,-224.019551697945,78.8574,78.85605,77154,"2026_01_14_0036","2026_01_14_0036_ev01250_rec3","no",278073
1251,3,78.9177,-189.915754586387,-196.321463171748,-6.40570858536159,0.849999999999795,2.60000000000105,0.799999999998136,-183.190498497979,-10.4335313500373,5.66816057818424,135.506102357963,78.9165,78.91515,78354,"2026_01_14_0036","2026_01_14_0036_ev01251_rec3","no",278074
1252,3,79.003,-200.377802497946,-274.286465859192,-73.9086633612455,4.59999999999638,16.3999999999902,9.050000000002,-205.539317796458,-85.6673041138038,6.69736268374217,-1351.81732110235,78.9968,78.99185,80060,"2026_01_14_0036","2026_01_14_0036_ev01252_rec3","no",278075
1253,3,79.0295,-201.587290431325,-220.634762663451,-19.0474722321267,1.30000000000052,7.19999999999743,7.05000000000666,-186.468468371728,-37.9956410138075,13.0443740963969,-28.3342885497349,79.0282,79.02655,80590,"2026_01_14_0036","2026_01_14_0036_ev01253_rec3","no",278076
1254,3,79.06835,-196.090182903201,-216.352481748911,-20.26229884571,3.64999999999327,10.0000000000051,9.25000000000864,-148.170804850018,-67.5423263564885,46.7027636651474,-112.406485878184,79.06805,79.06395,81367,"2026_01_14_0036","2026_01_14_0036_ev01254_rec3","no",278077
1255,3,79.1142,-182.065821411606,-204.538594727579,-22.4727733159733,1.69999999999959,8.04999999999723,7.50000000000739,-182.479887142789,-21.111230098689,7.62795874867907,-222.478787546551,79.1129,79.11105,82284,"2026_01_14_0036","2026_01_14_0036_ev01255_rec3","no",278078
1256,3,79.2095,-181.073460283331,-202.69347714305,-21.6200168597196,1.50000000000716,2.84999999999513,4.14999999999566,-183.324022221181,-10.4461495481486,6.92717152443163,-194.981786627488,79.20675,79.20445,84190,"2026_01_14_0036","2026_01_14_0036_ev01256_rec3","no",278079
1257,3,79.25075,-184.403275297601,-193.212256771113,-8.80898147351144,1.75000000000125,5.60000000000116,5.8000000000078,-181.75995577671,-9.53129982089505,12.1258611295133,-44.6281860620852,79.2499,79.2479,85015,"2026_01_14_0036","2026_01_14_0036_ev01257_rec3","no",278080
1258,3,79.3081,-182.907679525359,-199.585807161817,-16.6781276364586,2.40000000000862,5.35000000000707,5.49999999999784,-184.414459497949,-11.7765957809781,5.93023848314229,-148.063478853234,79.30755,79.30495,86162,"2026_01_14_0036","2026_01_14_0036_ev01258_rec3","no",278081
1259,3,79.3306,-186.084213947899,-188.536801244196,-2.4525872962964,0.199999999992428,0.350000000011619,0,-183.106094114395,-3.57013524065872,3.88889091020062,74.8558030942632,79.3304,79.3302,86612,"2026_01_14_0036","2026_01_14_0036_ev01259_rec3","no",278082
1260,3,79.37235,-177.797587910879,-182.57546376683,-4.77787585595095,0.500000000002387,30.4000000000002,30.0000000000011,-182.000935203259,-1.33512271220508,2.82517688693353,-133.284528372631,79.37235,79.37185,87447,"2026_01_14_0036","2026_01_14_0036_ev01260_rec3","no",278083
1261,3,79.495,-185.504780247514,-188.884380183431,-3.37959993591716,0.500000000002387,0.650000000007367,0.900000000001455,-182.671629824804,-5.15285409328302,3.96786646582932,64.106871994881,79.49495,79.49445,89900,"2026_01_14_0036","2026_01_14_0036_ev01261_rec3","no",278084
1262,3,79.5416,-183.262786140957,-202.075879610721,-18.813093469764,2.049999999997,5.65000000000282,5.49999999999784,-181.334406649591,-19.3462766980665,7.04578887396622,-112.882667782661,79.54105,79.5386,90832,"2026_01_14_0036","2026_01_14_0036_ev01262_rec3","no",278085
1263,3,79.6378,-183.659711564582,-186.839998244128,-3.18028667954684,0.0500000000016598,0.10000000000332,0,-181.406901883573,-3.10765453757449,2.63546197690152,58.8421743408185,79.63755,79.6375,92756,"2026_01_14_0036","2026_01_14_0036_ev01263_rec3","no",278086
1264,3,79.908,-185.371284877216,-197.515718249583,-12.1444333723666,1.80000000000291,2.39999999999441,2.84999999999513,-182.118713462485,-10.4785729073116,9.40051594711282,-26.4161467424487,79.9063,79.90255,98160,"2026_01_14_0036","2026_01_14_0036_ev01264_rec3","no",278087
1265,3,79.94265,-184.993159825903,-192.310776755946,-7.31761693004267,0.0500000000016598,30.1000000000045,30.0000000000011,-226067.835752373,225887.17961676,974695.090542394,26.0391367799549,79.9426,79.94255,98853,"2026_01_14_0036","2026_01_14_0036_ev01265_rec3","no",278088
1266,3,79.97885,-183.504655886164,-207.853170687584,-24.3485148014206,5.34999999999286,7.75000000000148,6.80000000001257,-181.006006813883,-27.095452091565,7.92528758566365,-298.465268306142,79.97555,79.97005,99577,"2026_01_14_0036","2026_01_14_0036_ev01266_rec3","no",278089
1267,3,80.0751,-184.840333479238,-189.343353482745,-4.50302000350663,0.599999999991496,2.20000000000198,2.89999999999679,-183.634734047733,-4.23377419447205,7.46529624750959,2.2431731546311,80.0748,80.0741,101502,"2026_01_14_0036","2026_01_14_0036_ev01267_rec3","no",278090
1268,3,80.1018,-183.040214353266,-186.463709570554,-3.42349521728821,0.299999999995748,0.199999999992428,0.749999999996476,-181.508268559907,-3.10471818655601,7.31515301425015,22.5376737673955,80.10175,80.10145,102036,"2026_01_14_0036","2026_01_14_0036_ev01268_rec3","no",278091
1269,3,80.291,-193.841232599311,-196.059140623017,-2.21790802370589,1.75000000000125,1.14999999999554,0.250000000008299,-190.789486816992,-4.24710592658712,2.93342397776718,78.2099339855535,80.2904,80.2884,105820,"2026_01_14_0036","2026_01_14_0036_ev01269_rec3","no",278092
1270,3,80.6373,-186.800743579462,-190.623385099385,-3.8226415199232,0.399999999999068,0.0500000000016598,0,-179.084414012214,-7.34583684966413,23.0361647516183,107.308175737682,80.6373,80.6369,112746,"2026_01_14_0036","2026_01_14_0036_ev01270_rec3","no",278093
1271,3,80.65505,-184.098562229027,-188.167556443528,-4.06899421450092,0.10000000000332,0.10000000000332,0,-181.433756005691,-3.94077777993647,2.71073966767112,68.7922757381944,80.655,80.65485,113101,"2026_01_14_0036","2026_01_14_0036_ev01271_rec3","no",278094
1272,3,80.70775,-185.939718461072,-218.712363385957,-32.7726449248846,6.24999999999432,11.4499999999964,8.84999999999536,-182.779855384559,-33.7079251487386,11.1894842709569,-413.818931098349,80.70755,80.70105,114155,"2026_01_14_0036","2026_01_14_0036_ev01272_rec3","no",278095
1273,3,80.7751,-184.855651960598,-188.093580285324,-3.237928324726,0.0999999999891088,30.0000000000011,30.0000000000011,-20315.9713950814,20133.5871128022,176041.195469687,23.5554908768673,80.7751,80.775,115502,"2026_01_14_0036","2026_01_14_0036_ev01273_rec3","no",278096
1274,3,80.80635,-181.446782151931,-230.907293422348,-49.460511270417,1.99999999999534,23.6499999999893,29.8000000000087,-124.556481208847,-101.760783377715,98.5564602018127,-1021.39875474448,80.80545,80.8033,116127,"2026_01_14_0036","2026_01_14_0036_ev01274_rec3","no",278097
1275,3,80.8425,-196.587814813212,-209.480687267688,-12.8928724544768,1.75000000000125,5.60000000000116,4.85000000000468,-197.320197178495,-19.6597522243879,3.05205956271149,-110.110129696693,80.84195,80.8402,116850,"2026_01_14_0036","2026_01_14_0036_ev01275_rec3","no",278098
1276,3,80.8616,-191.432263783396,-206.314460981739,-14.8821971983427,1.04999999999222,7.19999999999743,8.80000000000791,-185.39352584174,-18.6954268273818,18.2185302260755,-108.984965119167,80.8612,80.8599,117232,"2026_01_14_0036","2026_01_14_0036_ev01276_rec3","no",278099
1277,3,80.8973,-190.449102249976,-194.620527243416,-4.17142499344016,0.10000000000332,0.200000000006639,0,-187.463648151844,-3.25291187328833,3.21697376631847,78.5470316902353,80.8972,80.8971,117946,"2026_01_14_0036","2026_01_14_0036_ev01277_rec3","no",278100
1278,3,80.9725,-187.043919251229,-193.814144159973,-6.77022490874447,0.299999999995748,0.0500000000016598,0.0500000000016598,-184.167263281136,-5.40430487153582,6.4164823830721,50.7398845149899,80.9725,80.9722,119450,"2026_01_14_0036","2026_01_14_0036_ev01278_rec3","no",278101
1279,3,81.10035,-185.52648108509,-293.502270626839,-107.975789541749,13.3500000000026,27.4000000000001,19.3499999999887,-97.6555774416448,-207.227262798187,40.0143929918713,-2823.07566336556,81.09775,81.0839,122007,"2026_01_14_0036","2026_01_14_0036_ev01279_rec3","no",278102
1280,3,81.13475,-201.741228291959,-219.959243952227,-18.2180156602682,2.05000000001121,6.15000000000521,4.30000000000064,-190.027335573634,-28.4502502079126,9.95827972869548,28.5890648413036,81.13325,81.1311,122695,"2026_01_14_0036","2026_01_14_0036_ev01280_rec3","no",278103
1281,3,81.1857,-190.205807747753,-194.507611786066,-4.30180403831309,0.0500000000016598,16.5500000000094,15.500000000003,-159617.748815875,159434.922157853,275506.490548535,-38.9674844558773,81.1857,81.1855,123714,"2026_01_14_0036","2026_01_14_0036_ev01281_rec3","no",278104
1282,3,81.2167,-188.801326496295,-213.91390470338,-25.1125782070846,8.24999999998965,13.5999999999967,9.6499999999935,-184.809660850711,-25.451551647777,14.803324501009,-334.661954318099,81.21605,81.2072,124334,"2026_01_14_0036","2026_01_14_0036_ev01282_rec3","no",278105
1283,3,81.2976,-186.51322537993,-199.003451815106,-12.4902264351759,0.399999999999068,6.10000000000355,8.09999999999889,-188.35714263993,-10.1103748644041,6.25065105060239,-127.985496854339,81.29705,81.29655,125952,"2026_01_14_0036","2026_01_14_0036_ev01283_rec3","no",278106
1284,3,81.31475,-192.80016767925,-198.243175481582,-5.44300780233212,0.0500000000016598,0.250000000008299,0,-184.30949419963,-9.44958223119738,7.36531987954755,185.802764002523,81.31475,81.31445,126295,"2026_01_14_0036","2026_01_14_0036_ev01284_rec3","no",278107
1285,3,81.4308,-188.770647164466,-199.376996251785,-10.6063490873188,0.299999999995748,2.95000000001266,2.79999999999347,-190.537593346874,-8.22448813400058,2.08529320831878,-83.9434558310044,81.429,81.4285,128616,"2026_01_14_0036","2026_01_14_0036_ev01285_rec3","no",278108
1286,3,81.44855,-187.859465978211,-197.360232095399,-9.50076611718791,0.650000000007367,3.95000000000323,5.20000000000209,-187.886902489172,-9.46895840484775,5.22681991488284,-57.7062569845326,81.4482,81.44755,128971,"2026_01_14_0036","2026_01_14_0036_ev01286_rec3","no",278109
1287,3,81.5278,-192.363902465593,-198.640141873075,-6.2762394074816,0.200000000006639,2.09999999999866,2.44999999999607,-184.432997919853,-13.8331694389657,8.14452573096279,125.781459036507,81.52755,81.5273,130556,"2026_01_14_0036","2026_01_14_0036_ev01287_rec3","no",278110
1288,3,81.60135,-187.903701059685,-192.910281412477,-5.00658035279181,0.0500000000016598,2.15000000000032,3.30000000001007,-188.161619592902,-3.66500855163405,3.96245061354068,-23.5117133426217,81.6012,81.60105,132027,"2026_01_14_0036","2026_01_14_0036_ev01288_rec3","no",278111
1289,3,81.6455,-189.966429323396,-196.747460328416,-6.7810310050202,0.199999999992428,0.150000000004979,0,-183.928514729292,-8.22172131812663,4.00381117827305,147.444789447049,81.64545,81.64525,132910,"2026_01_14_0036","2026_01_14_0036_ev01289_rec3","no",278112
1290,3,81.68555,-185.453447017139,-194.616218124228,-9.16277110708936,0.799999999998136,1.40000000000384,1.75000000000125,-185.007541990512,-7.07920096229466,2.88013741487514,-12.0058149496638,81.6855,81.6847,133711,"2026_01_14_0036","2026_01_14_0036_ev01290_rec3","no",278113
1291,3,81.7655,-184.938983621488,-187.719057361756,-2.7800737402678,0.200000000006639,30.0000000000011,30.0000000000011,-9910.50283679375,9727.53076993458,294016.319243446,43.5686784087224,81.7655,81.7653,135310,"2026_01_14_0036","2026_01_14_0036_ev01291_rec3","no",278114
1292,3,81.80965,-186.346003987008,-205.027292749061,-18.6812887620537,2.25000000000364,6.54999999999006,6.24999999999432,-191.238420276663,-17.3997878404414,2.91364530094525,-246.280792909677,81.80865,81.8064,136193,"2026_01_14_0036","2026_01_14_0036_ev01292_rec3","no",278115
1293,3,81.8325,-186.83430931289,-205.503053593059,-18.6687442801697,1.10000000000809,6.05000000000189,9.65000000000771,-165.287808006382,-33.732133612084,56.6413966525386,-155.838894130961,81.8323,81.8312,136650,"2026_01_14_0036","2026_01_14_0036_ev01293_rec3","no",278116
1294,3,81.91325,-186.202141563092,-202.932025512478,-16.729883949386,1.29999999998631,6.79999999999836,6.7499999999967,-183.18550822164,-19.2310952192337,9.13870952061953,-113.586317638049,81.912,81.9106,138265,"2026_01_14_0036","2026_01_14_0036_ev01294_rec3","no",278117
1295,3,81.9825,-183.191076352227,-188.703496344205,-5.51241999197754,0.200000000006639,0.250000000008299,0,-181.206491493058,-3.89222452554307,7.46560463225834,29.5569273463736,81.98245,81.9822,139650,"2026_01_14_0036","2026_01_14_0036_ev01295_rec3","no",278118
1296,3,82.0348,-183.976692918304,-216.166598562918,-32.1899056446142,4.20000000001153,8.60000000000127,8.74999999999204,-188.944021635808,-28.3507227060408,6.22668487100467,-406.431019186174,82.03445,82.03015,140696,"2026_01_14_0036","2026_01_14_0036_ev01296_rec3","no",278119
1297,3,82.0581,-185.320395592829,-188.937964234639,-3.61756864180973,2.84999999999513,11.9499999999988,12.9500000000036,-186.005927159087,-7.24735536924449,5.38391559551917,-86.2928130520125,82.0561,82.05305,141162,"2026_01_14_0036","2026_01_14_0036_ev01297_rec3","no",278120
1298,3,82.0832,-188.467276552776,-191.763124363647,-3.29584781087152,0.10000000000332,0.150000000004979,0,-185.901154620661,-3.78097975391821,3.47481543034226,63.702255051575,82.0832,82.083,141664,"2026_01_14_0036","2026_01_14_0036_ev01298_rec3","no",278121
1299,3,82.1394,-182.452026926705,-186.044387358975,-3.59236043226969,0.399999999999068,0.349999999997408,0,-11037.1478826418,10852.4681749552,303933.704513197,-85.0125206786702,82.1394,82.139,142788,"2026_01_14_0036","2026_01_14_0036_ev01299_rec3","no",278122
1300,3,82.1651,-184.42685980385,-187.927592488067,-3.50073268421693,0.349999999997408,12.1499999999912,13.1500000000102,-172.100747698746,-16.7004805195487,64.6450001217468,-39.3393752226246,82.16425,82.1628,143302,"2026_01_14_0036","2026_01_14_0036_ev01300_rec3","no",278123
1301,3,82.2294,-183.96164402115,-186.62897077901,-2.66732675785988,0.250000000008299,31.0000000000059,30.0000000000011,-185.653770507747,-4.96359420793495,2.70600568805124,-75.6212149941149,82.2275,82.22725,144588,"2026_01_14_0036","2026_01_14_0036_ev01301_rec3","no",278124
1302,3,82.30215,-190.28742011911,-194.929204645411,-4.64178452630091,0.349999999997408,15.6499999999937,14.7000000000048,-503700.31434148,503520.815049238,591183.539641458,-59.5294948275257,82.30205,82.30165,146043,"2026_01_14_0036","2026_01_14_0036_ev01302_rec3","no",278125
1303,3,82.3303,-183.033077356191,-235.980186072789,-52.9471087165981,2.60000000000105,7.19999999999743,7.80000000000314,-187.185271482497,-48.6340146341607,6.78056172363997,-550.72555726242,82.3302,82.32745,146606,"2026_01_14_0036","2026_01_14_0036_ev01303_rec3","no",278126
1304,3,82.3812,-188.144746904778,-191.507099050234,-3.36235214545627,0.349999999997408,0.849999999999795,1.40000000000384,-185.68810828588,-4.4570029397459,7.50585936855563,39.5702895419882,82.3812,82.3808,147624,"2026_01_14_0036","2026_01_14_0036_ev01304_rec3","no",278127
1305,3,82.441,-188.427718009023,-194.139507068925,-5.71178905990243,2.20000000000198,1.85000000000457,2.20000000000198,-184.979963293803,-7.41724385130355,7.71115143754964,37.9227399747463,82.44055,82.4382,148820,"2026_01_14_0036","2026_01_14_0036_ev01305_rec3","no",278128
1306,3,82.5971,-187.032325091979,-193.989256103211,-6.95693101123192,0.049999999987449,0.0500000000016598,0,-183.587861753892,-5.65118829682685,9.16163884722711,52.342659994278,82.597,82.5968,151942,"2026_01_14_0036","2026_01_14_0036_ev01306_rec3","no",278129
1307,3,83.1127,-183.99946817796,-218.811759581347,-34.8122914033871,1.15000000000975,7.39999999998986,8.64999999998872,-181.632393361715,-36.6369085719531,9.89271311026408,-310.715254338719,83.11235,83.11115,162254,"2026_01_14_0036","2026_01_14_0036_ev01307_rec3","no",278130
1308,3,83.17145,-186.508799776808,-198.236977989067,-11.7281782122586,0.699999999994816,5.15000000000043,6.54999999999006,-183.850546471735,-13.4627223666895,9.98883073955167,-60.1787439339185,83.17075,83.17,163429,"2026_01_14_0036","2026_01_14_0036_ev01308_rec3","no",278131
1309,3,83.2046,-185.795008930802,-197.049853380267,-11.2548444494647,2.5500000000136,11.8499999999955,9.65000000000771,-326194.496096035,326012.333787091,402806.779013135,-281.325848928273,83.2044,83.20135,164092,"2026_01_14_0036","2026_01_14_0036_ev01309_rec3","no",278132
1310,3,83.2327,-186.913231453831,-226.809531261807,-39.8962998079761,4.19999999999732,13.0999999999943,14.00000000001,-174.720621565514,-51.8281578952868,21.42854845593,-590.346870211439,83.23155,83.2269,164654,"2026_01_14_0036","2026_01_14_0036_ev01310_rec3","no",278133
1311,3,83.29185,-191.422352832342,-194.202617416171,-2.78026458382871,0.149999999990769,0.750000000010687,0.900000000001455,-189.169216009444,-4.89685406315968,2.26344752358106,55.7467362901934,83.2918,83.29155,165837,"2026_01_14_0036","2026_01_14_0036_ev01311_rec3","no",278134
1312,3,83.31205,-190.451059945708,-195.115773475762,-4.66471353005448,0.249999999994088,0.199999999992428,0,-186.486970490001,-5.14147540188674,6.59436285293118,84.5285733995393,83.31195,83.3117,166241,"2026_01_14_0036","2026_01_14_0036_ev01312_rec3","no",278135
1313,3,83.3474,-188.818698110248,-192.515977926064,-3.69727981581602,0.349999999997408,30.2999999999969,30.0000000000011,-24156.5500356508,23969.8708960434,395010.453922169,35.8619269015605,83.3474,83.34695,166948,"2026_01_14_0036","2026_01_14_0036_ev01313_rec3","no",278136
1314,3,83.3915,-188.508561965497,-195.189465727978,-6.68090376248026,1.24999999999886,3.54999999998995,5.35000000000707,-183.343083662442,-9.77462624742991,21.6183440928704,-22.4091372767467,83.38895,83.387,167830,"2026_01_14_0036","2026_01_14_0036_ev01314_rec3","no",278137
1315,3,83.44395,-187.11885618352,-197.107582891946,-9.98872670842633,0.599999999991496,2.19999999998777,3.2499999999942,-187.332137917112,-7.50360204722936,4.23781468930082,-44.2278049385108,83.44375,83.4425,168879,"2026_01_14_0036","2026_01_14_0036_ev01315_rec3","no",278138
1316,3,83.49965,-185.569828238725,-210.265200252904,-24.69537201418,4.49999999999307,8.34999999999297,9.00000000000034,-185.723962857112,-20.8591791844176,10.6736825437207,-281.990506701745,83.49945,83.4937,169993,"2026_01_14_0036","2026_01_14_0036_ev01316_rec3","no",278139
1317,3,83.62985,-189.121971554772,-346.363946200566,-157.241974645795,8.25000000000387,21.7999999999989,15.199999999993,-143.856840831688,-230.131443712069,19.0047702374356,-3637.94180141707,83.6245,83.6152,172597,"2026_01_14_0036","2026_01_14_0036_ev01317_rec3","no",278140
1318,3,83.709,-187.126936509759,-192.360781911892,-5.2338454021332,0.500000000002387,28.1999999999982,30.0000000000011,-188.115551757411,-6.87823513991152,19.2588483929128,-151.372939306592,83.7069,83.7064,174180,"2026_01_14_0036","2026_01_14_0036_ev01318_rec3","no",278141
1319,3,83.96515,-185.876711200558,-190.672842784286,-4.79613158372788,0.299999999995748,1.35000000000218,2.50000000001194,-182.757840891447,-5.77066271679378,15.1428785986806,15.6913701609162,83.96485,83.9644,179303,"2026_01_14_0036","2026_01_14_0036_ev01319_rec3","no",278142
1320,3,84.34725,-184.117145417576,-190.889412530874,-6.77226711329882,0.200000000006639,0.0500000000016598,0,-182.430924654959,-2.61256057587219,4.3162110842796,38.6063648222542,84.34725,84.34705,186945,"2026_01_14_0036","2026_01_14_0036_ev01320_rec3","no",278143
1321,3,84.4633,-185.944696866598,-189.733796814587,-3.78909994798926,0.250000000008299,0.10000000000332,0.0999999999891088,-184.437653426037,-3.03752627500916,2.45368804812671,37.168191759813,84.4633,84.46305,189266,"2026_01_14_0036","2026_01_14_0036_ev01321_rec3","no",278144
1322,3,84.48735,-184.286212825423,-190.870121698812,-6.58390887338822,0.10000000000332,0.0500000000016598,0.649999999993156,-182.766143251509,-4.67602102999709,3.74324727267307,27.8963872504605,84.48735,84.48725,189747,"2026_01_14_0036","2026_01_14_0036_ev01322_rec3","no",278145
1323,3,84.55,-187.371163123904,-190.332643186202,-2.96148006229825,0.450000000000728,3.55000000000416,3.74999999999659,-183.650267337912,-7.37253330690656,8.84726906581212,43.844472554156,84.54955,84.5491,191000,"2026_01_14_0036","2026_01_14_0036_ev01323_rec3","no",278146
1324,3,84.66465,-181.186159066245,-195.36819388291,-14.1820348166655,1.94999999999368,8.80000000000791,9.15000000000532,-184.477601251802,-15.3457320958357,4.43406030129158,-205.911040535851,84.66355,84.66135,193293,"2026_01_14_0036","2026_01_14_0036_ev01324_rec3","no",278147
1325,3,84.73645,-193.572046793941,-214.341664392849,-20.7696175989084,3.14999999999088,6.15000000000521,4.44999999999141,-188.074694707504,-22.9088893987952,8.0758019477268,-78.1759798658023,84.73495,84.73175,194729,"2026_01_14_0036","2026_01_14_0036_ev01325_rec3","no",278148
1326,3,84.7765,-189.451370298345,-231.247960103454,-41.7965898051091,5.65000000000282,19.4500000000062,30.0000000000011,-202.796600050301,-22.8417238474497,12.7719864789304,-857.902430364561,84.77525,84.76945,195530,"2026_01_14_0036","2026_01_14_0036_ev01326_rec3","no",278149
1327,3,84.8292,-192.933285024844,-197.652079169453,-4.71879414460901,1.89999999999202,2.3000000000053,1.94999999999368,-188.434381764002,-14.1658016093228,2.38758634353381,87.4509220358415,84.8282,84.8262,196584,"2026_01_14_0036","2026_01_14_0036_ev01327_rec3","no",278150
1328,3,84.87775,-192.442889009385,-338.481889369911,-146.039000360526,4.99999999999545,18.6999999999955,17.399999999995,-110.257833407843,-238.766914988484,31.0082600620111,-2850.11662313771,84.8758,84.8703,197555,"2026_01_14_0036","2026_01_14_0036_ev01328_rec3","no",278151
1329,3,84.9481,-203.003469017514,-215.620283600923,-12.616814583409,0.949999999988904,3.79999999999825,3.74999999999659,-204.2875500536,-12.7014728892958,2.83991501173715,-87.6388234922824,84.94765,84.9467,198962,"2026_01_14_0036","2026_01_14_0036_ev01329_rec3","no",278152
1330,3,84.9647,-206.289194391335,-209.857664392969,-3.56847000163418,1.55000000000882,4.85000000000468,2.35000000000696,-196.868319044603,-14.7489794668072,7.48950508270224,165.475098000389,84.9642,84.9618,199294,"2026_01_14_0036","2026_01_14_0036_ev01330_rec3","no",278153
1331,3,84.9849,-201.403882145874,-205.854702561591,-4.45082041571752,0.199999999992428,0.700000000009027,0.849999999999795,-195.089717596765,-10.6876345209775,2.88579712085664,158.252326217862,84.9849,84.9847,199698,"2026_01_14_0036","2026_01_14_0036_ev01331_rec3","no",278154
1332,3,85.01405,-196.998217628116,-208.129867553711,-11.1316499255952,1.09999999999388,2.49999999999773,2.35000000000696,-188.523272883109,-16.6625060314736,8.3165901510764,111.711047944568,85.01395,85.01285,200281,"2026_01_14_0036","2026_01_14_0036_ev01332_rec3","no",278155
1333,3,85.06165,-190.182625180199,-203.552230834961,-13.3696056547619,0.849999999999795,34.3500000000034,30.0000000000011,-197.11271898309,-8.08607347774183,2.90129437592365,-288.147335960751,85.0568,85.0558,201233,"2026_01_14_0036","2026_01_14_0036_ev01333_rec3","no",278156
1334,3,85.08485,-193.728477114723,-213.012680053711,-19.2842029389881,0.749999999996476,2.65000000000271,3.74999999999659,-189.412355822682,-17.7114218250411,8.58220744367207,-26.6407557896207,85.0848,85.084,201697,"2026_01_14_0036","2026_01_14_0036_ev01334_rec3","no",278157
1335,3,85.16705,-193.20531863258,-197.143539428711,-3.93822079613096,0.10000000000332,0.150000000004979,0,-188.414666992489,-4.79407238247258,4.54936776566189,120.428902762276,85.1665,85.16635,203341,"2026_01_14_0036","2026_01_14_0036_ev01335_rec3","no",278158
1336,3,85.2806,-193.597687494187,-200.500473022461,-6.9027855282738,0.10000000000332,0.150000000004979,0.549999999989836,-190.099935007231,-6.43734857475332,8.58951761269152,50.7874261765257,85.2806,85.2804,205612,"2026_01_14_0036","2026_01_14_0036_ev01336_rec3","no",278159
1337,3,85.3447,-195.079969860259,-202.331527709961,-7.25155784970238,2.39999999999441,9.85000000000014,3.45000000000084,-192.742284928273,-16.0763331990291,2.98087112873575,-20.4711187453497,85.3395,85.337,206894,"2026_01_14_0036","2026_01_14_0036_ev01337_rec3","no",278160
1338,3,85.37135,-188.743939354306,-202.026351928711,-13.2824125744048,0.950000000003115,6.65000000000759,6.35000000001185,-187.694291059668,-15.7620985434984,6.51218645973206,-96.9884963262648,85.3698,85.3688,207427,"2026_01_14_0036","2026_01_14_0036_ev01338_rec3","no",278161
1339,3,85.4552,-183.832062494187,-269.47021484375,-85.6381523495629,0.199999999992428,9.34999999999775,12.4999999999886,-179.631388432498,-90.617054685278,13.4708004598545,-1007.44123865763,85.4548,85.45455,209104,"2026_01_14_0036","2026_01_14_0036_ev01339_rec3","no",278162
1340,3,85.5095,-192.478709629604,-254.516586303711,-62.0378766741071,0.299999999995748,0.399999999999068,0.249999999994088,-186.598954492465,-67.0922212618072,0.268530522657167,137.576508876256,85.5095,85.50915,210190,"2026_01_14_0036","2026_01_14_0036_ev01340_rec3","no",278163
1341,3,85.5671,-187.014609927223,-191.650375366211,-4.6357654389881,0.10000000000332,0.399999999999068,0.200000000006639,-185.750399335457,-7.18807903085788,0.246206864072961,34.9222819010415,85.56695,85.5668,211342,"2026_01_14_0036","2026_01_14_0036_ev01341_rec3","no",278164
1342,3,85.61645,-151.890335446312,-202.026351928711,-50.1360164823986,2.49999999999773,34.8500000000058,30.0000000000011,-182.063567196823,-18.5606364798331,8.61058750999108,-1257.7338610422,85.61395,85.61145,212329,"2026_01_14_0036","2026_01_14_0036_ev01342_rec3","no",278165
1343,3,85.66055,-182.001007806687,-201.110824584961,-19.1098167782738,1.50000000000716,5.2999999999912,5.5499999999995,-184.533705902331,-12.6620884863457,5.38477750215299,-174.732753208705,85.6593,85.65775,213211,"2026_01_14_0036","2026_01_14_0036_ev01343_rec3","no",278166
1344,3,85.70025,-181.724896385556,-198.669418334961,-16.9445219494048,1.50000000000716,12.5500000000045,15.8500000000004,-186.723294942231,-15.0260532413879,6.41817875408911,-313.053312755766,85.6975,85.69555,214005,"2026_01_14_0036","2026_01_14_0036_ev01344_rec3","no",278167
1345,3,85.72715,-179.748519897461,-182.189926147461,-2.44140625,10.0999999999942,39.749999999998,30.0000000000011,-183.572315387555,-4.57210415879207,4.53848147356808,-213.409423828125,85.72715,85.71705,214543,"2026_01_14_0036","2026_01_14_0036_ev01345_rec3","no",278168
1346,3,85.78065,-185.299812680199,-191.650375366211,-6.3505626860119,2.49999999999773,2.25000000000364,0.950000000003115,-183.054957533681,-5.68867705407554,4.5367674959698,33.2361857096356,85.7804,85.7779,215613,"2026_01_14_0036","2026_01_14_0036_ev01346_rec3","no",278169
1347,3,85.9898,-188.729407174247,-194.091781616211,-5.36237444196428,0.250000000008299,0.900000000001455,0,-185.648718406227,-3.82598716895881,1.82303074433922,82.9162597656253,85.98855,85.9881,219796,"2026_01_14_0036","2026_01_14_0036_ev01347_rec3","no",278170
1348,3,86.0416,-187.973733811151,-191.040023803711,-3.06628999255952,0.500000000002387,0.500000000002387,0,-180.356409361778,-8.55282274920109,31.8369100163412,61.1873808361237,86.0416,86.0411,220832,"2026_01_14_0036","2026_01_14_0036_ev01348_rec3","no",278171
1349,3,86.0615,-185.56139192127,-189.208969116211,-3.64757719494048,0.199999999992428,0.199999999992428,0.0500000000016598,-186.22333595839,-2.98369514237078,1e-07,-20.4485938662576,86.0615,86.06115,221230,"2026_01_14_0036","2026_01_14_0036_ev01349_rec3","no",278172
1350,3,86.0984,-185.183555239723,-194.091781616211,-8.9082263764881,0.599999999991496,9.10000000000366,17.0999999999992,-188.263752205305,-9.04616676213384,4.57868893174629,-162.935892740886,86.0952,86.0946,221968,"2026_01_14_0036","2026_01_14_0036_ev01350_rec3","no",278173
1351,3,86.1189,-184.631332397461,-188.903793334961,-4.2724609375,0.349999999997408,13.8000000000034,17.8999999999974,-185.834722746035,-5.69244906351194,6.60454698601791,-82.7713012695312,86.1173,86.11685,222378,"2026_01_14_0036","2026_01_14_0036_ev01351_rec3","no",278174
1352,3,86.187,-185.764842442104,-199.279769897461,-13.5149274553571,2.75000000000603,4.80000000000302,5.40000000000873,-185.808000147545,-14.0088338019154,5.18390808341018,-97.7249145507811,86.1863,86.1832,223740,"2026_01_14_0036","2026_01_14_0036_ev01352_rec3","no",278175
1353,3,86.22145,-187.000077747163,-195.922836303711,-8.92275855654762,0.200000000006639,0.150000000004979,0.0999999999891088,-188.531865584976,-7.66417386758196,0.0516763734707073,-47.3509288969495,86.22145,86.22125,224429,"2026_01_14_0036","2026_01_14_0036_ev01353_rec3","no",278176
1354,3,86.24205,-188.32250613258,-197.448715209961,-9.12620907738096,0.399999999999068,3.90000000000157,4.55000000000894,-186.996524050226,-12.6586658391359,4.57410103640047,-25.8916219075524,86.2414,86.2407,224841,"2026_01_14_0036","2026_01_14_0036_ev01354_rec3","no",278177
1355,3,86.39775,-187.668558029901,-191.650375366211,-3.98181733630952,0.150000000004979,1.1999999999972,1.59999999999627,-187.456378863004,-3.45287981169548,2.19624628387083,-2.09554036458317,86.3977,86.39745,227955,"2026_01_14_0036","2026_01_14_0036_ev01355_rec3","no",278178
1356,3,86.42085,-185.139958699544,-191.650375366211,-6.51041666666666,1.1999999999972,33.5500000000053,30.0000000000011,-189.456478117457,-3.02296721621011,1.89832739483635,-151.056925455729,86.41905,86.41675,228417,"2026_01_14_0036","2026_01_14_0036_ev01356_rec3","no",278179
1357,3,86.44035,-185.692181541806,-193.481430053711,-7.78924851190476,0.849999999999795,32.6500000000038,30.0000000000011,-189.752616994676,-4.78071315545307,3.58582047367463,-158.609299432664,86.4389,86.437,228807,"2026_01_14_0036","2026_01_14_0036_ev01357_rec3","no",278180
1358,3,86.48145,-190.47326878139,-198.974594116211,-8.50132533482142,2.74999999999181,18.2499999999948,12.5500000000045,-190.017099417796,-7.72903283705751,16.4081576242369,-157.630920410156,86.47405,86.47065,229629,"2026_01_14_0036","2026_01_14_0036_ev01358_rec3","no",278181
1359,3,86.52695,-192.217130388532,-220.642074584961,-28.4249441964286,1.30000000000052,7.80000000000314,8.7999999999937,-184.791627946788,-42.1666173240798,10.3214124099784,-218.214852469308,86.5266,86.5251,230539,"2026_01_14_0036","2026_01_14_0036_ev01359_rec3","no",278182
1360,3,86.56165,-190.996427263532,-193.481430053711,-2.48500279017858,0.10000000000332,0.349999999997408,0,4140.7095270218,-4330.64175817434,37778.7767030784,83.2650320870532,86.5614,86.5613,231233,"2026_01_14_0036","2026_01_14_0036_ev01360_rec3","no",278183
1361,3,86.58455,-183.105453491211,-186.767562866211,-3.662109375,0.550000000004047,1.90000000000623,0.200000000006639,-198.050668310652,13.7136203287641,23.6181407338659,-221.084594726562,86.584,86.58345,231691,"2026_01_14_0036","2026_01_14_0036_ev01361_rec3","no",278184
1362,3,86.6045,-186.447854904901,-203.247055053711,-16.7992001488095,2.25000000000364,6.00000000000023,4.00000000000489,-187.663006309063,-14.2477581745704,3.83573730867302,-146.182105654762,86.60185,86.5991,232090,"2026_01_14_0036","2026_01_14_0036_ev01362_rec3","no",278185
1363,3,86.72825,-184.994636898949,-194.702133178711,-9.7074962797619,4.099999999994,11.9000000000113,3.00000000000011,-186.328494804056,-5.21505200124563,3.58248220328937,-126.263936360677,86.72175,86.7171,234565,"2026_01_14_0036","2026_01_14_0036_ev01363_rec3","no",278186
1364,3,86.74465,-187.842944190616,-193.481430053711,-5.63848586309524,0.0999999999891088,30.1499999999919,30.0000000000011,-16667.9823744709,16482.305564625,277093.246960387,37.9733131045386,86.74465,86.74445,234893,"2026_01_14_0036","2026_01_14_0036_ev01364_rec3","no",278187
1365,3,86.78905,-189.281630016509,-200.500473022461,-11.2188430059524,2.15000000000032,1.35000000000218,4.75000000000136,-185.963364126738,-9.19146353110824,22.9049947095324,-63.9510381789434,86.7888,86.7866,235781,"2026_01_14_0036","2026_01_14_0036_ev01365_rec3","no",278188
1366,3,86.84,-190.284350440616,-196.228012084961,-5.94366164434524,0.10000000000332,0.10000000000332,0,-188.143476510604,-3.96631264542424,4.5256119505676,45.0010753813243,86.83975,86.83965,236800,"2026_01_14_0036","2026_01_14_0036_ev01366_rec3","no",278189
1367,3,86.9269,-190.182625180199,-199.279769897461,-9.0971447172619,0.299999999995748,3.05000000000177,4.49999999999307,-188.121321985558,-9.07767643448454,8.7184838806128,-17.892383393787,86.9268,86.92645,238538,"2026_01_14_0036","2026_01_14_0036_ev01367_rec3","no",278190
1368,3,86.9603,-182.189926147461,-187.988265991211,-5.79833984375,0.200000000006639,0.550000000004047,0,-10318.2350119321,10131.6380895306,53348.7581019249,-222.770690917969,86.95985,86.95965,239206,"2026_01_14_0036","2026_01_14_0036_ev01368_rec3","no",278191
1369,3,86.97875,-186.18627566383,-200.805648803711,-14.619373139881,0.450000000000728,4.6000000000106,6.54999999999006,-187.39816888838,-11.9293336079852,6.2746370373842,-117.348807198661,86.97855,86.97805,239575,"2026_01_14_0036","2026_01_14_0036_ev01369_rec3","no",278192
1370,3,87.0254,-189.804788498651,-195.007308959961,-5.20252046130952,0.300000000009959,0.200000000006639,0,-187.903644153663,-3.23246855222994,1.14367242129109,52.6827857607889,87.0254,87.02505,240508,"2026_01_14_0036","2026_01_14_0036_ev01370_rec3","no",278193
1371,3,87.05425,-188.075459071568,-194.702133178711,-6.62667410714286,0.500000000002387,10.2499999999992,6.7499999999967,-161317.625542658,161129.314228375,491107.659875402,-164.018903459822,87.05325,87.05275,241085,"2026_01_14_0036","2026_01_14_0036_ev01371_rec3","no",278194
1372,3,87.0804,-184.36975315639,-202.941879272461,-18.5721261160714,1.35000000000218,24.550000000005,30.0000000000011,-192.281154715834,-13.6779473773836,8.67529110652428,-431.058611188616,87.077,87.0755,241608,"2026_01_14_0036","2026_01_14_0036_ev01372_rec3","no",278195
1373,3,87.2254,-188.438763573056,-191.040023803711,-2.60126023065476,0.299999999995748,0.249999999994088,0.200000000006639,-186.891381081232,-5.04853959949464,0.261811104504985,44.2624773297992,87.2254,87.225,244508,"2026_01_14_0036","2026_01_14_0036_ev01373_rec3","no",278196
1374,3,87.35735,-188.235313052223,-209.045394897461,-20.8100818452381,2.44999999999607,8.85000000000957,8.09999999999889,-189.734856713181,-21.8179895047722,6.42684835646374,-247.47794015067,87.35645,87.3538,247147,"2026_01_14_0036","2026_01_14_0036_ev01374_rec3","no",278197
1375,3,87.3991,-188.93285769508,-200.805648803711,-11.872791108631,1.54999999999461,16.0999999999945,19.5499999999953,-187.403227864266,-13.1094118949368,24.6242965738755,-215.877351306734,87.3972,87.3956,247982,"2026_01_14_0036","2026_01_14_0036_ev01375_rec3","no",278198
1376,3,87.44515,-184.326156616211,-188.598617553711,-4.2724609375,0.550000000004047,21.1000000000041,30.0000000000011,-185.556498633789,-4.53231240636048,12.2052138080466,-102.729797363281,87.44315,87.4426,248903,"2026_01_14_0036","2026_01_14_0036_ev01376_rec3","no",278199
1377,3,87.6447,-190.952830723354,-335.998504638672,-145.045673915318,3.10000000000343,12.6999999999953,13.5999999999967,-200.13650289231,-150.72833332858,11.1475531046268,-2262.97986537388,87.6436,87.64,252894,"2026_01_14_0036","2026_01_14_0036_ev01377_rec3","no",278200
1378,3,87.6919,-199.01819065639,-205.993637084961,-6.97544642857142,0.800000000012346,6.25000000000853,7.84999999999059,-197.811047888319,-9.18719984821187,8.84804095906589,-50.9578159877228,87.69065,87.68935,253838,"2026_01_14_0036","2026_01_14_0036_ev01378_rec3","no",278201
1379,3,87.74335,-197.739358811151,-225.830062866211,-28.0907040550595,1.64999999999793,4.64999999999804,5.14999999998622,-197.511075304091,-30.4443878122266,4.91326953242458,-172.4853515625,87.743,87.7413,254867,"2026_01_14_0036","2026_01_14_0036_ev01379_rec3","no",278202
1380,3,87.77285,-190.923766363235,-216.369613647461,-25.4458472842262,2.15000000000032,6.90000000000168,6.80000000001257,-189.183837905992,-29.525418326488,6.9621246992659,-195.942470005581,87.77275,87.7705,255457,"2026_01_14_0036","2026_01_14_0036_ev01380_rec3","no",278203
1381,3,87.8068,-189.673998878116,-195.922836303711,-6.24883742559524,0.150000000004979,3.69999999999493,4.3500000000023,-187.687237795688,-8.83967654966805,6.00494595082667,4.07082693917402,87.8065,87.80625,256136,"2026_01_14_0036","2026_01_14_0036_ev01381_rec3","no",278204
1382,3,87.90655,-192.30432346889,-245.666488647461,-53.3621651785714,4.54999999999472,14.0999999999991,11.8999999999971,-180.120434896946,-64.026599866449,17.112376534472,-817.764282226562,87.9043,87.89925,258131,"2026_01_14_0036","2026_01_14_0036_ev01382_rec3","no",278205
1383,3,87.99625,-194.396957397461,-215.148910522461,-20.751953125,4.19999999999732,6.64999999999338,3.84999999999991,-188.264005795321,-26.3288198426626,5.98389637821777,-38.9022827148438,87.996,87.99175,259925,"2026_01_14_0036","2026_01_14_0036_ev01383_rec3","no",278206
1384,3,88.02525,-191.708504086449,-195.007308959961,-3.2988048735119,0.10000000000332,0.0500000000016598,0,-187.650823793024,-4.25585009729481,1.76234571565107,114.098685128348,88.02525,88.02515,260505,"2026_01_14_0036","2026_01_14_0036_ev01384_rec3","no",278207
1385,3,88.06255,-187.000077747163,-189.208969116211,-2.20889136904762,0.0500000000016598,9.45000000000107,8.70000000000459,-158783.206372705,158598.984765024,384204.227688618,-102.588108607701,88.06255,88.06245,261251,"2026_01_14_0036","2026_01_14_0036_ev01385_rec3","no",278208
1386,3,88.0845,-187.72668675014,-203.247055053711,-15.5203683035714,4.55000000000894,7.14999999999577,5.74999999999193,-192.030314705933,-7.66545760206506,3.43466478841589,-200.394766671317,88.08325,88.07845,261690,"2026_01_14_0036","2026_01_14_0036_ev01386_rec3","no",278209
1387,3,88.2183,-183.570483253116,-197.448715209961,-13.8782319568452,1.1999999999972,14.8499999999956,23.7000000000052,-188.375231880724,-12.3839677092669,6.5447174441132,-271.661304292225,88.2157,88.21435,264366,"2026_01_14_0036","2026_01_14_0036_ev01387_rec3","no",278210
1388,3,88.25605,-186.883820306687,-215.148910522461,-28.2650902157738,3.15000000000509,10.949999999994,12.3999999999995,-193.433867644054,-25.1923337210985,6.65986777138185,-446.856180826822,88.25445,88.2512,265121,"2026_01_14_0036","2026_01_14_0036_ev01388_rec3","no",278211
1389,3,88.29615,-196.88196018764,-200.805648803711,-3.92368861607142,0.249999999994088,0.0500000000016598,0,-189.723306480033,-8.27746496602662,4.81793603265912,175.028119768416,88.29605,88.2958,265923,"2026_01_14_0036","2026_01_14_0036_ev01389_rec3","no",278212
1390,3,88.32025,-189.703063238235,-195.617660522461,-5.9145972842262,0.149999999990769,1.65000000001214,2.09999999999866,-187.392562678764,-7.01942615235663,4.71353374937978,33.7455386207213,88.32,88.31965,266405,"2026_01_14_0036","2026_01_14_0036_ev01390_rec3","no",278213
1391,3,88.36015,-186.694901965913,-207.824691772461,-21.1297898065476,1.4500000000055,5.60000000000116,5.04999999999711,-187.292951341635,-17.133784313346,5.84273158088869,-162.035987490699,88.35835,88.3568,267203,"2026_01_14_0036","2026_01_14_0036_ev01391_rec3","no",278214
1392,3,88.44675,-187.145399547759,-198.059066772461,-10.9136672247024,1.4500000000055,4.6999999999997,30.0000000000011,-191.235088291144,-6.88037417597669,1.33178705715414,-156.8603515625,88.44515,88.44365,268935,"2026_01_14_0036","2026_01_14_0036_ev01392_rec3","no",278215
1393,3,88.46535,-186.302533104306,-199.584945678711,-13.2824125744048,1.24999999999886,8.20000000000221,13.0999999999943,-190.907596312289,-10.0000739018018,3.77078095765328,-200.464884440104,88.46435,88.46295,269307,"2026_01_14_0036","2026_01_14_0036_ev01393_rec3","no",278216
1394,3,88.4801,-194.861987159366,-198.974594116211,-4.11260695684524,0.150000000004979,0.900000000001455,1.15000000000975,-187.489530966439,-10.8165394963641,5.96876837212573,156.139192127046,88.47985,88.47965,269602,"2026_01_14_0036","2026_01_14_0036_ev01394_rec3","no",278217
1395,3,88.5041,-187.42151096889,-191.955551147461,-4.53404017857142,0.10000000000332,0.849999999999795,1.15000000000975,-185.364353012656,-4.93056611312217,4.08559100775637,40.4379708426343,88.50385,88.50375,270082,"2026_01_14_0036","2026_01_14_0036_ev01395_rec3","no",278218
1396,3,88.6044,-186.665837605794,-197.143539428711,-10.4777018229167,2.15000000000032,1.50000000000716,0.0500000000016598,-192.408229034161,-4.73530641866745,3.25464836036451e-06,-183.438618977864,88.6044,88.60155,272088,"2026_01_14_0036","2026_01_14_0036_ev01396_rec3","no",278219
1397,3,88.6242,-187.523236229306,-209.045394897461,-21.5221586681548,1.35000000000218,10.2499999999992,16.0499999999928,66782.8623721365,-66984.8713124242,165069.202890436,-273.009527297247,88.6237,88.62225,272484,"2026_01_14_0036","2026_01_14_0036_ev01397_rec3","no",278220
1398,3,88.6653,-186.084550403413,-205.993637084961,-19.9090866815476,2.15000000000032,6.29999999999598,7.19999999999743,-189.781764392494,-14.5750907281417,5.20799205181525,-220.361618768601,88.66495,88.6627,273306,"2026_01_14_0036","2026_01_14_0036_ev01398_rec3","no",278221
1399,3,88.70655,-191.040023803711,-199.279769897461,-8.23974609375,0.250000000008299,0.249999999994088,0,-187.505603214559,-6.44189496485427,3.14809128611959,84.3429565429688,88.70645,88.7062,274131,"2026_01_14_0036","2026_01_14_0036_ev01399_rec3","no",278222
1400,3,88.80955,-188.671278454009,-197.143539428711,-8.47226097470238,1.75000000000125,1.69999999999959,3.95000000000323,-184.012238737912,-9.52668725950667,19.6010069904012,-12.20703125,88.8094,88.8075,276191,"2026_01_14_0036","2026_01_14_0036_ev01400_rec3","no",278223
1401,3,88.8708,-190.037303379604,-205.993637084961,-15.9563337053571,1.75000000000125,6.59999999999172,6.149999999991,-186.758135673548,-18.8702015497064,8.57207196198412,-86.7222377232141,88.86955,88.8678,277416,"2026_01_14_0036","2026_01_14_0036_ev01401_rec3","no",278224
1402,3,88.92195,-187.566832769485,-196.228012084961,-8.6611793154762,1.09999999999388,4.90000000000634,1.90000000000623,-186.66772898113,-7.06963498145838,3.45826774034899,-14.8482549758189,88.9216,88.91805,278439,"2026_01_14_0036","2026_01_14_0036_ev01402_rec3","no",278225
1403,3,89.00795,-191.08362034389,-232.543930053711,-41.4603097098214,1.4500000000055,7.39999999998986,8.05000000001144,-182.283082316745,-51.8038377154731,10.5478661418856,-309.777396065848,89.0074,89.00575,280159,"2026_01_14_0036","2026_01_14_0036_ev01403_rec3","no",278226
1404,3,89.07935,-189.150840395973,-197.753890991211,-8.6030505952381,0.349999999997408,2.15000000000032,2.900000000011,-186.832923977481,-9.87637796811498,4.9571950065338,19.3296160016739,89.07935,89.07895,281587,"2026_01_14_0036","2026_01_14_0036_ev01404_rec3","no",278227
1405,3,89.13055,-189.572273617699,-191.955551147461,-2.3832775297619,0.200000000006639,0.0500000000016598,0,-185.270997110388,-3.87917535041171,5.72965522132971,106.488545735677,89.13055,89.13025,282611,"2026_01_14_0036","2026_01_14_0036_ev01405_rec3","no",278228
1406,3,89.2183,-184.762122017997,-187.072738647461,-2.31061662946428,0.10000000000332,0.500000000002387,0.799999999998136,-183.5603326189,-2.7384506266252,2.87521217038172,27.718680245536,89.21815,89.21805,284366,"2026_01_14_0036","2026_01_14_0036_ev01406_rec3","no",278229
1407,3,89.2611,-182.466037568592,-222.778305053711,-40.312267485119,3.79999999999825,17.6999999999907,30.0000000000011,-197.524902900123,-28.0534181106431,8.14415190925105,-799.366178966704,89.2604,89.25655,285222,"2026_01_14_0036","2026_01_14_0036_ev01407_rec3","no",278230
1408,3,89.34415,-190.502333141509,-212.707504272461,-22.2051711309524,0.399999999999068,4.55000000000894,5.49999999999784,-188.491797658991,-24.721943669755,6.20706491442794,-105.865478515625,89.3438,89.34315,286883,"2026_01_14_0036","2026_01_14_0036_ev01408_rec3","no",278231
1409,3,89.42415,-191.897422427223,-194.091781616211,-2.1943591889881,0.0500000000016598,2.20000000000198,1.59999999999627,-185.908017973729,-9.17885064944547,5.41338074065507,127.374921526227,89.4226,89.4224,288483,"2026_01_14_0036","2026_01_14_0036_ev01409_rec3","no",278232
1410,3,89.48935,-181.579574584961,-184.936508178711,-3.35693359375,0.10000000000332,0.950000000003115,0.0500000000016598,-183.999618525253,-0.936892660670375,1e-07,-77.972412109375,89.48845,89.48835,289787,"2026_01_14_0036","2026_01_14_0036_ev01410_rec3","no",278233
1411,3,89.70395,-186.302533104306,-193.176254272461,-6.87372116815476,0.350000000011619,0.250000000008299,0,-184.226132010619,-4.12685743927157,2.36340338104388,51.3581775483632,89.70395,89.7036,294079,"2026_01_14_0036","2026_01_14_0036_ev01411_rec3","no",278234
1412,3,89.7754,-184.515074956985,-193.176254272461,-8.6611793154762,0.849999999999795,6.35000000001185,6.34999999999764,-183.368859098227,-10.8356490973017,6.94052540065982,-54.1421799432668,89.7744,89.77325,295508,"2026_01_14_0036","2026_01_14_0036_ev01412_rec3","no",278235
1413,3,89.8912,-184.849315098354,-196.228012084961,-11.3786969866071,1.1999999999972,9.39999999999941,11.6000000000014,-183.269001173922,-12.398889048353,15.2330696394527,-136.605398995536,89.89025,89.88905,297824,"2026_01_14_0036","2026_01_14_0036_ev01413_rec3","no",278236
1414,3,89.9416,-184.326156616211,-187.072738647461,-2.74658203125,0.249999999994088,6.90000000000168,30.0000000000011,-185.590436868613,-3.04550481893427,1.99821238759465,-45.5322265625,89.9416,89.94125,298832,"2026_01_14_0036","2026_01_14_0036_ev01414_rec3","no",278237
1415,3,90.14405,-191.000130564563,-193.533634168073,-2.5335036035107,0.149999999990769,0.199999999992428,0.0500000000016598,-186.210752514867,-5.80489448265539,4.28969932040715,118.499664383295,90.14405,90.14385,302881,"2026_01_14_0036","2026_01_14_0036_ev01415_rec3","no",278238
1416,3,90.36375,-190.319738840137,-197.66802345339,-7.3482846132531,3.00000000000011,14.8499999999956,13.1999999999977,-189.003376446993,-12.6355911048484,11.5435334469108,-120.470788828971,90.36255,90.3592,307275,"2026_01_14_0036","2026_01_14_0036_ev01416_rec3","no",278239
1417,3,90.5157,-193.426296749293,-198.391821202037,-4.96552445274452,0.299999999995748,0.10000000000332,0,-188.26283643843,-4.93871614706113,6.61574559685839,121.766959404653,90.51565,90.51535,310314,"2026_01_14_0036","2026_01_14_0036_ev01417_rec3","no",278240
1418,3,90.5557,-188.83444237507,-191.377373188052,-2.54293081298167,0.199999999992428,0.349999999997408,0.0999999999891088,-188.317128789267,-2.8495854496125,0.171884278358483,14.0897550692507,90.55555,90.5551,311114,"2026_01_14_0036","2026_01_14_0036_ev01418_rec3","no",278241
1419,3,90.80595,-188.762731174938,-191.280112414827,-2.51738123988906,1.44999999999129,1.1999999999972,1.30000000000052,-186.525780199534,-4.77039348671823,3.23601525409074,49.0434012350266,90.80585,90.80435,316119,"2026_01_14_0036","2026_01_14_0036_ev01419_rec3","no",278242
1420,3,90.84475,-183.431159452795,-188.233236818139,-4.80207736534368,0.150000000004979,2.20000000000198,3.84999999999991,-184.970587113304,-3.45136528634484,1.42907004006362,-54.1982182405282,90.84425,90.8441,316895,"2026_01_14_0036","2026_01_14_0036_ev01420_rec3","no",278243
1421,3,90.94605,-186.277510822206,-195.626421186398,-9.34891036419239,2.049999999997,6.99999999999079,7.49999999999318,-188.059724508717,-8.37072422366783,4.65594685550975,-113.179463197552,90.94515,90.9431,318921,"2026_01_14_0036","2026_01_14_0036_ev01421_rec3","no",278244
1422,3,90.99925,-191.789447858502,-199.080903302114,-7.29145544361197,1.49999999999295,4.75000000000136,3.44999999998663,-183.121058547278,-14.2917924642111,15.0307973630216,66.5992637175263,90.9981,90.9961,319985,"2026_01_14_0036","2026_01_14_0036_ev01422_rec3","no",278245
1423,3,91.0553,-185.579662289378,-195.817190003125,-10.2375277137474,3.90000000000157,11.950000000013,9.29999999999609,-187.651837873746,-9.0682932794683,5.59960478195712,-183.511299056154,91.05225,91.0475,321106,"2026_01_14_0036","2026_01_14_0036_ev01423_rec3","no",278246
1424,3,91.1006,-185.291271657984,-207.044899752389,-21.7536280944051,3.19999999999254,33.4000000000003,30.0000000000011,-198.135271073758,-7.66546885206429,2.25755144575412,-463.427988208055,91.0995,91.09595,322012,"2026_01_14_0036","2026_01_14_0036_ev01424_rec3","no",278247
1425,3,91.13545,-200.238477836741,-210.952901746645,-10.7144239099034,1.60000000001048,1.64999999999793,2.34999999999275,-187.375076475413,-19.5673485701131,15.5933010277351,104.280664848927,91.13405,91.1318,322709,"2026_01_14_0036","2026_01_14_0036_ev01425_rec3","no",278248
1426,3,91.17405,-190.183614120983,-195.548649538236,-5.36503541725313,0.200000000006639,0.199999999992428,0,-189.120505249405,-2.79669273325054,2.91519720467843,22.6264062765682,91.17395,91.1737,323481,"2026_01_14_0036","2026_01_14_0036_ev01426_rec3","no",278249
1427,3,91.3725,-191.094360183706,-194.511248554319,-3.41688837061264,0.0500000000016598,0.10000000000332,0,-185.641378016842,-3.97415745099987,25.3898511126205,93.4853837957489,91.3725,91.3723,327450,"2026_01_14_0036","2026_01_14_0036_ev01427_rec3","no",278250
1428,3,91.462,-188.949365126925,-203.444781143573,-14.4954160166481,4.14999999999566,6.50000000000261,3.95000000000323,-189.598197206122,-12.3233424639193,4.11392439718745,-114.24925743269,91.4607,91.4565,329240,"2026_01_14_0036","2026_01_14_0036_ev01428_rec3","no",278251
1429,3,91.52585,-189.348809669386,-203.139203357994,-13.7903936886084,5.30000000000541,11.6000000000014,8.39999999999463,-189.026334267973,-13.2062536302521,9.43031507178505,-176.496648001237,91.52485,91.519,330517,"2026_01_14_0036","2026_01_14_0036_ev01429_rec3","no",278252
1430,3,91.6179,-195.221611785291,-206.897095094642,-11.6754833093509,1.4500000000055,1.65000000001214,0,-187.758788070145,-11.5820749995874,15.4338986180003,63.3946722694296,91.6179,91.616,332358,"2026_01_14_0036","2026_01_14_0036_ev01430_rec3","no",278253
1431,3,91.7498,-184.749248742191,-187.760977201318,-3.01172845912674,0.10000000000332,30.5999999999926,30.0000000000011,-187.181576093403,-3.51061754131778,1.9845617607659,-83.3896561090586,91.74915,91.74905,334996,"2026_01_14_0036","2026_01_14_0036_ev01431_rec3","no",278254
1432,3,91.8349,-183.846014811031,-188.5741625296,-4.72814771856955,0.499999999988177,27.7999999999849,30.0000000000011,11030.7081488963,-11219.14722361,137860.963873844,-104.492738257389,91.8349,91.8344,336698,"2026_01_14_0036","2026_01_14_0036_ev01432_rec3","no",278255
1433,3,91.8749,-188.167551231278,-195.365503104907,-7.19795187362914,0.199999999992428,0.150000000004979,0,-185.592088056378,-4.77216065535799,1.64828511619892,68.9691826797008,91.8749,91.8747,337498,"2026_01_14_0036","2026_01_14_0036_ev01433_rec3","no",278256
1434,3,91.9273,-191.484771782012,-195.58983797816,-4.10506619614856,0.299999999995748,0.10000000000332,0,-187.40754516208,-5.3923769420616,7.39455288989232,82.3106968611939,91.9273,91.92695,338546,"2026_01_14_0036","2026_01_14_0036_ev01434_rec3","no",278257
1435,3,91.9897,-206.41157650024,-370.981568057207,-164.569991556967,12.1999999999929,19.9499999999944,11.4499999999964,-176.393172839619,-192.955428221398,15.1809509645242,-3197.55536194833,91.9883,91.97425,339794,"2026_01_14_0036","2026_01_14_0036_ev01435_rec3","no",278258
1436,3,92.0325,-203.933714916308,-211.325251029583,-7.39153611327475,1.59999999999627,2.70000000000437,2.89999999999679,-195.886262490868,-15.3987263841873,8.18121628673464,97.4808582204632,92.03155,92.0293,340650,"2026_01_14_0036","2026_01_14_0036_ev01436_rec3","no",278259
1437,3,92.1149,-189.299513018861,-195.24420061934,-5.94468760047911,0.0500000000158707,7.75000000000148,30.0000000000011,-192.11562635951,-5.39808933155806,2.08786642083132,-98.970248396394,92.1145,92.11445,342298,"2026_01_14_0036","2026_01_14_0036_ev01437_rec3","no",278260
1438,3,92.29995,-187.3348773789,-201.950805094182,-14.6159277152819,0.799999999998136,6.55000000000427,7.35000000000241,-187.030836227213,-13.7025863727196,8.41267612483264,-119.994830127733,92.299,92.29815,345999,"2026_01_14_0036","2026_01_14_0036_ev01438_rec3","no",278261
1439,3,92.3898,-187.775355140013,-192.808302875952,-5.03294773593819,0.199999999992428,30.2499999999952,30.0000000000011,-22427.1596675309,22240.0271874679,634741.925537139,2.49660502499995,92.3898,92.3895,347796,"2026_01_14_0036","2026_01_14_0036_ev01439_rec3","no",278262
1440,3,92.4588,-193.99872860199,-202.250342559743,-8.25161395775311,0.349999999997408,0.900000000001455,0.799999999998136,-186.366617102747,-12.1726600227694,6.27546324253537,141.834703218326,92.4574,92.456,349176,"2026_01_14_0036","2026_01_14_0036_ev01440_rec3","no",278263
1441,3,92.58405,-188.172014658656,-200.317105489117,-12.1450908304612,0.850000000014006,2.65000000000271,3.99999999999068,-188.663629301079,-9.46004760291462,4.62573734116633,-75.4334869369094,92.5828,92.5816,351681,"2026_01_14_0036","2026_01_14_0036_ev01441_rec3","no",278264
1442,3,92.6378,-190.963297405724,-194.691775077779,-3.72847767205516,0.150000000004979,0.150000000004979,0,-187.522725600575,-4.75236533645772,2.93581441503488,88.8051180777445,92.6377,92.63755,352756,"2026_01_14_0036","2026_01_14_0036_ev01442_rec3","no",278265
1443,3,92.74615,-189.707996086387,-191.941712967251,-2.23371688086428,0.149999999990769,30.2999999999969,28.3500000000032,-32372.4722798884,32185.0543593762,292789.705776818,18.5841863699038,92.7459,92.74575,354923,"2026_01_14_0036","2026_01_14_0036_ev01443_rec3","no",278266
1444,3,92.7668,-188.075856239792,-192.006083576885,-3.93022733709395,1.55000000000882,7.35000000000241,7.24999999999909,-188.938790309263,-5.52107677329069,3.25333145459644,-54.000962361924,92.76645,92.76435,355336,"2026_01_14_0036","2026_01_14_0036_ev01444_rec3","no",278267
1445,3,92.8723,-188.739015781357,-201.610995964621,-12.8719801832647,3.29999999999586,4.3500000000023,3.30000000001007,-190.407365466367,-8.54726422094829,3.26098018236004,-123.210384847995,92.8709,92.86735,357446,"2026_01_14_0036","2026_01_14_0036_ev01445_rec3","no",278268
1446,3,92.93225,-196.239950660487,-205.466945513665,-9.22699485317804,1.05000000000643,1.95000000000789,1.85000000000457,-190.073528161579,-12.696184148481,6.5892650792043,95.161917571035,92.932,92.9308,358645,"2026_01_14_0036","2026_01_14_0036_ev01446_rec3","no",278269
1447,3,93.02705,-189.275347174225,-193.106333586854,-3.83098641262927,0.550000000004047,17.0000000000101,14.4499999999965,-77501.623048771,77315.1205983579,266910.3078448,-50.3453517879513,93.02645,93.0259,360541,"2026_01_14_0036","2026_01_14_0036_ev01447_rec3","no",278270
1448,3,93.0543,-189.274996834623,-206.335181994575,-17.0601851599514,0.250000000008299,6.79999999999836,7.80000000000314,-187.496486306296,-16.8253069918745,10.6729083921439,-137.885547601836,93.05315,93.05255,361086,"2026_01_14_0036","2026_01_14_0036_ev01448_rec3","no",278271
1449,3,93.11455,-193.193904803872,-211.421984735067,-18.2280799311951,3.5000000000025,9.24999999999443,7.69999999999982,-166.527390871658,-39.2678557759413,47.6118606572834,-147.5771572233,93.1124,93.10875,362291,"2026_01_14_0036","2026_01_14_0036_ev01449_rec3","no",278272
1450,3,93.1719,-186.64531322832,-189.534805608329,-2.88949238000936,0.299999999995748,20.6499999999892,10.6500000000125,-195.954637183929,8.66998484170075,209.508428440539,-38.0460103677564,93.1719,93.1716,363438,"2026_01_14_0036","2026_01_14_0036_ev01450_rec3","no",278273
1451,3,93.20905,-186.463534456495,-198.565274840849,-12.1017403843537,0.349999999997408,3.45000000000084,4.24999999998477,-185.274839293412,-12.6901284814846,5.30006562024124,-50.2567780834942,93.20745,93.20705,364181,"2026_01_14_0036","2026_01_14_0036_ev01451_rec3","no",278274
1452,3,93.2344,-187.522624715654,-192.429490992529,-4.90686627687543,0.0999999999891088,30.0000000000011,26.0999999999996,-193.107969124227,10.5036957640565,25.462557770589,17.2601196446538,93.2344,93.2343,364688,"2026_01_14_0036","2026_01_14_0036_ev01452_rec3","no",278275
1453,3,93.27445,-188.734059953595,-195.893819349952,-7.15975939635672,0.200000000006639,8.74999999999204,8.60000000000127,-4493317.65902974,4493204.2290156,494799.854535692,-1825.30119284456,93.27445,93.27425,365489,"2026_01_14_0036","2026_01_14_0036_ev01453_rec3","no",278276
1454,3,93.3014,-203.154953502534,-420.307836948204,-217.15288344567,4.24999999999898,20.3500000000076,19.1499999999962,61.8935227250147,-499.779310652813,51.8739890548186,-4501.20434538108,93.2988,93.29405,366028,"2026_01_14_0036","2026_01_14_0036_ev01454_rec3","no",278277
1455,3,93.34685,-210.884667879837,-234.6551553045,-23.7704874246633,2.09999999999866,4.85000000000468,4.54999999999472,-202.875607277698,-35.030518136591,6.21869275360848,-11.5563522732334,93.34665,93.3444,366937,"2026_01_14_0036","2026_01_14_0036_ev01455_rec3","no",278278
1456,3,93.38505,-203.181834936347,-225.67416405185,-22.4923291155026,8.44999999999629,7.75000000000148,6.15000000000521,-200.876842172974,-27.7630693488086,6.41521430315753,-240.794901550456,93.3836,93.37505,367701,"2026_01_14_0036","2026_01_14_0036_ev01456_rec3","no",278279
1457,3,93.41425,-200.297049933377,-215.771654805169,-15.4746048717923,3.69999999999493,16.7500000000018,11.9499999999988,-527293.404468617,527097.489532396,623482.89204263,-279.135336141029,93.41415,93.41005,368285,"2026_01_14_0036","2026_01_14_0036_ev01457_rec3","no",278280
1458,3,93.4501,-199.071358075445,-319.647705732474,-120.57634765703,7.19999999999743,16.7999999999893,13.149999999996,-190.636640766553,-147.897450303963,12.8134479217057,-2241.95182099901,93.44765,93.44005,369002,"2026_01_14_0036","2026_01_14_0036_ev01458_rec3","no",278281
1459,3,93.51185,-206.984814382743,-222.180741973245,-15.1959275905018,0.950000000003115,5.69999999999027,6.30000000001019,181057.4086225,-181274.28882517,267564.507570311,-22.2280518607727,93.51045,93.50835,370237,"2026_01_14_0036","2026_01_14_0036_ev01459_rec3","no",278282
1460,3,93.5547,-192.668246724792,-220.852381996528,-28.1841352717358,3.74999999999659,11.3500000000073,10.4500000000058,-191.671838326938,-34.3134149638763,9.52172240013086,-378.394106021453,93.55315,93.54915,371094,"2026_01_14_0036","2026_01_14_0036_ev01460_rec3","no",278283
1461,3,93.59835,-194.870505435857,-215.136183907373,-20.2656784715168,0.950000000003115,5.20000000000209,5.40000000000873,-193.656639787258,-22.3920072024726,5.73482106117455,-117.355905271392,93.59765,93.59605,371967,"2026_01_14_0036","2026_01_14_0036_ev01461_rec3","no",278284
1462,3,93.6288,-193.534339056577,-212.540843954192,-19.006504897615,1.54999999999461,4.75000000000136,6.20000000000687,-194.187188774297,-17.5859439429016,6.10804862007021,-146.510663460903,93.62865,93.62705,372576,"2026_01_14_0036","2026_01_14_0036_ev01462_rec3","no",278285
1463,3,93.7848,-190.563939040753,-195.294433897279,-4.7304948565255,0.0500000000016598,15.8500000000004,14.8499999999956,-259238.296758716,259057.436776012,336048.977961497,-55.8410869247322,93.7848,93.784,375696,"2026_01_14_0036","2026_01_14_0036_ev01463_rec3","no",278286
1464,3,93.81185,-187.188610342467,-217.017860560268,-29.8292502178012,1.85000000000457,9.10000000000366,8.94999999999868,-188.276051462622,-25.9625980207694,9.31887499368245,-351.858470728582,93.80995,93.80805,376237,"2026_01_14_0036","2026_01_14_0036_ev01464_rec3","no",278287
1465,3,93.856,-192.730581085697,-201.547760135742,-8.81717905004538,0.399999999999068,5.75000000000614,5.04999999999711,-189.557661801563,-12.2033705844004,7.85435893315899,-19.6194600061443,93.8538,93.8531,377120,"2026_01_14_0036","2026_01_14_0036_ev01465_rec3","no",278288
1466,3,93.9832,-191.472891429958,-194.834303805993,-3.36141237603448,0.0500000000158707,30.0500000000028,30.0000000000011,-807.579148985907,619.064710192162,89627.3160557712,85.1208646883084,93.98305,93.983,379664,"2026_01_14_0036","2026_01_14_0036_ev01466_rec3","no",278289
1467,3,94.06445,-190.656778637771,-192.711314815872,-2.05453617810107,0.149999999990769,18.8500000000005,18.2999999999964,-93510.4426406152,93327.2626759521,207093.200855867,21.518025034391,94.06445,94.0643,381289,"2026_01_14_0036","2026_01_14_0036_ev01467_rec3","no",278290
1468,3,94.08855,-187.369255418905,-202.627154712627,-15.2578992937227,1.49999999999295,9.55000000000439,10.949999999994,-170.597990532633,-28.7809809592189,43.7889508632518,-153.121571915155,94.0875,94.08555,381771,"2026_01_14_0036","2026_01_14_0036_ev01468_rec3","no",278291
1469,3,94.1504,-188.517342333255,-243.14235782711,-54.6250154938544,3.19999999999254,9.44999999998686,11.7499999999922,-202.922649842393,-41.2391738423899,5.99305477263802,-798.575461577638,94.1502,94.1469,383008,"2026_01_14_0036","2026_01_14_0036_ev01469_rec3","no",278292
1470,3,94.23145,-189.059444026144,-204.544141626548,-15.4846976004042,2.09999999999866,5.45000000001039,9.15000000000532,-190.398068863043,-8.7056495891909,13.3657191921875,-161.202444183125,94.2314,94.2292,384629,"2026_01_14_0036","2026_01_14_0036_ev01470_rec3","no",278293
1471,3,94.3064,-189.487626640478,-208.519102142471,-19.0314755019925,1.44999999999129,6.99999999999079,7.8500000000048,-191.34451939777,-18.8392461378036,6.08409832878452,-197.388469152085,94.3059,94.30445,386128,"2026_01_14_0036","2026_01_14_0036_ev01471_rec3","no",278294
1472,3,94.34195,-189.354101686838,-192.53350472627,-3.17940303943226,0.350000000011619,19.7500000000019,17.55,-56033.6973535322,55847.0174152609,254743.468921583,-20.7282422336004,94.34175,94.3414,386839,"2026_01_14_0036","2026_01_14_0036_ev01472_rec3","no",278295
1473,3,94.36935,-188.543983203304,-199.954699354195,-11.4107161508909,3.19999999999254,4.94999999999379,7.45000000000573,-184.895982689367,-11.1816238211037,21.1459576107813,-96.2573020167677,94.3693,94.36565,387387,"2026_01_14_0036","2026_01_14_0036_ev01473_rec3","no",278296
1474,3,94.4043,-190.380726191442,-195.415776774862,-5.03505058341983,0.199999999992428,30.0499999999886,30.0000000000011,-189.424360716034,0.8904922953433,18.1775163318169,40.9523805545964,94.4043,94.4041,388086,"2026_01_14_0036","2026_01_14_0036_ev01474_rec3","no",278297
1475,3,94.42435,-190.62530795756,-196.072472138624,-5.44716418106466,1.54999999999461,2.20000000000198,0.600000000005707,-188.416163425005,-5.94321949029501,1.73179169294669,50.8617357046055,94.42435,94.4223,388487,"2026_01_14_0036","2026_01_14_0036_ev01475_rec3","no",278298
1476,3,94.487,-194.699348556451,-236.975032742857,-42.2756841864067,2.49999999999773,10.1499999999959,12.2999999999962,-193.699565669134,-44.2564723531861,12.569303095689,-543.246972371067,94.4865,94.48325,389740,"2026_01_14_0036","2026_01_14_0036_ev01476_rec3","no",278299
1477,3,94.54185,-195.355623166833,-198.936613762772,-3.58099059593872,0.0500000000158707,0.700000000009027,0.950000000003115,-192.05782819571,-6.2397440483803,3.13608190263466,78.6449018045505,94.5417,94.54165,390837,"2026_01_14_0036","2026_01_14_0036_ev01477_rec3","no",278300
1478,3,94.56425,-192.38695435227,-199.209999856662,-6.82304550439147,0.10000000000332,0.299999999995748,0.249999999994088,-191.45937311457,-4.63132958643188,0.891814867898554,22.5330169004428,94.56405,94.56395,391285,"2026_01_14_0036","2026_01_14_0036_ev01478_rec3","no",278301
1479,3,94.5853,-190.829599264238,-193.659413687882,-2.82981442364394,0.249999999994088,9.69999999999516,8.60000000000127,-179204.711030953,179017.696769836,317324.646144931,-142.800739360478,94.58475,94.5845,391706,"2026_01_14_0036","2026_01_14_0036_ev01479_rec3","no",278302
1480,3,94.6099,-192.014858831429,-209.567984482559,-17.5531256511299,1.99999999999534,10.3000000000009,7.19999999999743,-1390802.29276428,1390620.69287734,591529.571296141,-789.449269147451,94.60845,94.60645,392198,"2026_01_14_0036","2026_01_14_0036_ev01480_rec3","no",278303
1481,3,94.6351,-203.033933408636,-280.6377422299,-77.6038088212643,2.49999999999773,10.5000000000075,11.2000000000023,-175.448336052568,-108.456543580019,17.0869142934009,-864.769506748666,94.6344,94.6313,392702,"2026_01_14_0036","2026_01_14_0036_ev01481_rec3","no",278304
1482,3,94.67765,-199.106414063808,-205.153868358354,-6.04745429454607,0.349999999997408,1.35000000000218,1.94999999999368,-190.5347843589,-12.6829964766206,12.0440623758814,116.159966831083,94.67765,94.6771,393553,"2026_01_14_0036","2026_01_14_0036_ev01482_rec3","no",278305
1483,3,94.7912,-192.032282308773,-200.520429487372,-8.48814717859926,1.55000000000882,1.85000000000457,1.69999999999959,-186.866116590231,-9.77458792293936,10.545512159456,48.9187910688534,94.79115,94.78895,395824,"2026_01_14_0036","2026_01_14_0036_ev01483_rec3","no",278306
1484,3,94.8682,-190.341925698373,-200.884920567435,-10.5429948690623,0.700000000009027,0.10000000000332,0,-187.58818299006,-5.82059933686186,4.50612650389515,55.6425443603873,94.8682,94.8675,397364,"2026_01_14_0036","2026_01_14_0036_ev01484_rec3","no",278307
1485,3,94.90265,-189.193474028705,-192.454095253151,-3.26062122444532,0.049999999987449,0.0500000000016598,0,-185.388203491289,-5.0080359094611,9.04650801342585,70.3314388725583,94.9026,94.90255,398053,"2026_01_14_0036","2026_01_14_0036_ev01485_rec3","no",278308
1486,3,94.9957,-189.017426011667,-191.235177226605,-2.21775121493772,1.59999999999627,18.3999999999997,23.1500000000011,-189.700216390814,-7.79622199320603,5.74012236843021,-76.3795778453363,94.9957,94.9938,399914,"2026_01_14_0036","2026_01_14_0036_ev01486_rec3","no",278309
1487,3,95.19845,-189.555231856796,-195.62359443215,-6.06836257535375,1.54999999999461,5.49999999999784,6.05000000000189,-186.496992559368,-9.73208435690877,9.95664084735671,-13.6891117517951,95.19815,95.19505,403969,"2026_01_14_0036","2026_01_14_0036_ev01487_rec3","no",278310
1488,3,95.2312,-185.42159083531,-188.914450383891,-3.49285954858064,0.10000000000332,5.8000000000078,8.15000000000055,-185.863401777771,-3.3035756440695,6.01088491647576,-34.1667497788694,95.23095,95.23085,404624,"2026_01_14_0036","2026_01_14_0036_ev01488_rec3","no",278311
1489,3,95.3038,-185.038410287988,-198.884250956205,-13.8458406682169,1.7999999999887,3.89999999998736,5.00000000000966,-185.922764849524,-9.93379256357138,5.87500893715461,-102.992985537005,95.3032,95.30135,406076,"2026_01_14_0036","2026_01_14_0036_ev01489_rec3","no",278312
1490,3,95.3772,-191.77257835439,-194.287809868583,-2.51523151419323,0.550000000004047,0.0500000000016598,0,-182.109096966616,-10.0397123627966,29.1613786389957,101.737907181133,95.37705,95.3738,407544,"2026_01_14_0036","2026_01_14_0036_ev01490_rec3","no",278313
1491,3,95.52355,-187.302652610571,-198.495745773295,-11.1930931627239,1.14999999999554,8.20000000000221,11.6000000000014,-189.177602748207,-8.74333521875963,8.57691414101677,-136.733618373846,95.5234,95.5222,410471,"2026_01_14_0036","2026_01_14_0036_ev01491_rec3","no",278314
1492,3,95.71175,-185.514182689687,-200.486743179501,-14.9725604898139,1.89999999999202,6.94999999998913,8.49999999999795,-183.883236030923,-12.2760478750856,15.8264365314888,-146.653923112919,95.7105,95.70785,414235,"2026_01_14_0036","2026_01_14_0036_ev01492_rec3","no",278315
1493,3,95.7504,-188.667004757881,-199.604950656545,-10.9379458986634,1.89999999999202,4.04999999999234,6.00000000000023,-189.403941758418,-7.39919192440212,7.455250598429,-84.6807075133937,95.75035,95.74845,415008,"2026_01_14_0036","2026_01_14_0036_ev01493_rec3","no",278316
1494,3,95.933,-183.843430481134,-189.615513549798,-5.77208306866424,0.199999999992428,31.6499999999991,29.9999999999869,-189.532408000789,-4.71024204490672,3.85562951622722,-203.174650423768,95.9313,95.93105,418660,"2026_01_14_0036","2026_01_14_0036_ev01494_rec3","no",278317
1495,3,95.9792,-191.336535373122,-197.390947523948,-6.05441215082556,0.799999999998136,1.90000000000623,2.39999999999441,-186.787015958738,-9.33810550910351,7.59092470540876,62.4208750328205,95.97885,95.97805,419584,"2026_01_14_0036","2026_01_14_0036_ev01495_rec3","no",278318
1496,3,96.0128,-188.355813191455,-199.498469116497,-11.1426559250417,1.09999999999388,9.29999999999609,12.7499999999969,-189.472056284469,-9.51541896677895,11.0772088490324,-153.578237427267,96.0121,96.00995,420256,"2026_01_14_0036","2026_01_14_0036_ev01496_rec3","no",278319
1497,3,96.1128,-187.716976334473,-203.264994382301,-15.5480180478283,1.59999999999627,5.25000000000375,6.15000000000521,-189.253433460692,-11.2545769730139,6.27655757730873,-134.686884381325,96.11245,96.11075,422256,"2026_01_14_0036","2026_01_14_0036_ev01497_rec3","no",278320
1498,3,96.18735,-189.329097240429,-195.070001645002,-5.74090440457283,0.10000000000332,0.0500000000016598,0,-186.455782287344,-4.5919370158193,3.16641902336182,71.2674018849978,96.1872,96.1871,423747,"2026_01_14_0036","2026_01_14_0036_ev01498_rec3","no",278321
1499,3,96.39535,-186.507745411166,-195.98626357251,-9.47851816134366,0.249999999994088,9.10000000000366,8.80000000000791,-185.274314091577,-11.4222887792374,9.9892007065514,-96.198926176302,96.3933,96.3927,427907,"2026_01_14_0036","2026_01_14_0036_ev01499_rec3","no",278322
1500,3,96.462,-188.848839308164,-226.609260535367,-37.7604212272024,3.74999999999659,11.8499999999955,12.6499999999936,-180.927953425361,-43.2789857841688,18.5864402520536,-512.538070961202,96.46135,96.457,429240,"2026_01_14_0036","2026_01_14_0036_ev01500_rec3","no",278323
1501,3,96.5125,-184.703654497151,-190.643872275228,-5.94021777807677,0.0500000000016598,30.3499999999985,30.0000000000011,-188.723901257152,-3.99266175832456,2.20292935089672,-136.512308584873,96.51165,96.5116,430250,"2026_01_14_0036","2026_01_14_0036_ev01501_rec3","no",278324
1502,3,96.5407,-189.251971070335,-191.921505783746,-2.66953471341068,0.0500000000016598,0.0500000000016598,0,4475.43991032504,-4663.08399246031,86539.8447685892,72.5343358752955,96.5407,96.5406,430814,"2026_01_14_0036","2026_01_14_0036_ev01502_rec3","no",278325
1503,3,96.59225,-184.812424224017,-187.835441388074,-3.02301716405731,0.300000000009959,7.99999999999557,9.10000000000366,-184.921907133495,-6.55529993112481,4.8736117168242,-39.8940595064846,96.59175,96.59145,431845,"2026_01_14_0036","2026_01_14_0036_ev01503_rec3","no",278326
1504,3,96.672,-184.877486643603,-200.244092475617,-15.366605832014,2.24999999998943,8.89999999999702,7.09999999999411,-187.832878890303,-10.6194838557941,5.22036114641099,-202.065196050968,96.6694,96.6665,433440,"2026_01_14_0036","2026_01_14_0036_ev01504_rec3","no",278327
1505,3,96.707,-191.668082288299,-194.690919467255,-3.02283717895617,0.249999999994088,0.299999999995748,0.10000000000332,-188.254211393907,-4.68322130295482,3.04245144324506,86.716873479121,96.70695,96.7067,434140,"2026_01_14_0036","2026_01_14_0036_ev01505_rec3","no",278328
1506,3,96.7575,-191.59070697654,-197.909201231945,-6.31849425540426,0.10000000000332,30.0500000000028,30.0000000000011,-22093.8274243386,21904.1490088139,881198.530889365,45.7529561521316,96.75725,96.75655,435150,"2026_01_14_0036","2026_01_14_0036_ev01506_rec3","no",278329
1507,3,96.78795,-189.099015060279,-212.483186404584,-23.3841713443053,1.20000000001141,7.09999999999411,9.15000000000532,-191.770227861595,-17.4156874495069,8.55874883106799,-258.882101670329,96.78695,96.7857,435759,"2026_01_14_0036","2026_01_14_0036_ev01507_rec3","no",278330
1508,3,96.82585,-191.26656633261,-204.596303445811,-13.329737113201,1.04999999999222,9.69999999999516,0.950000000003115,-149294.259489739,149098.260572982,724407.109417382,-268.336051000833,96.82385,96.82255,436517,"2026_01_14_0036","2026_01_14_0036_ev01508_rec3","no",278331
1509,3,96.8574,-198.383116245367,-214.013252127774,-15.6301358824074,1.40000000000384,8.09999999999889,6.50000000000261,-193.080161438429,-24.5265446905306,8.17521224231814,-83.4824011353703,96.8553,96.8538,437148,"2026_01_14_0036","2026_01_14_0036_ev01509_rec3","no",278332
1510,3,96.8987,-194.195211502262,-199.948986352938,-5.75377485067605,0.150000000004979,1.54999999999461,2.15000000000032,-187.724097392195,-10.2109197609656,12.3950781090753,76.9917666417519,96.89845,96.89825,437974,"2026_01_14_0036","2026_01_14_0036_ev01510_rec3","no",278333
1511,3,97.08965,-182.152779812389,-188.535915248313,-6.38313543592389,0.500000000002387,30.9000000000026,30.0000000000011,-186.355117838585,-4.34089572087513,8.67145662518173,-170.852877643247,97.08915,97.08865,441793,"2026_01_14_0036","2026_01_14_0036_ev01511_rec3","no",278334
1512,3,97.29215,-185.714104181129,-193.922486736002,-8.20838255487237,1.69999999999959,9.3000000000103,11.4499999999964,-184.686382883975,-11.8014335253158,10.7503999211858,-102.681184393655,97.29165,97.28995,445843,"2026_01_14_0036","2026_01_14_0036_ev01512_rec3","no",278335
1513,3,97.5529,-187.917805185623,-192.492770240286,-4.57496505466389,0.0500000000016598,0.199999999992428,0.550000000004047,-185.273337915185,-4.6166437391116,8.6877124894854,39.444526870434,97.55265,97.5526,451058,"2026_01_14_0036","2026_01_14_0036_ev01513_rec3","no",278336
1514,3,97.72105,-194.335423593363,-210.103446045337,-15.7680224519744,1.00000000000477,4.49999999999307,4.19999999999732,-189.817164832568,-21.9666814937011,5.54957050112389,-3.65849003751347,97.72,97.71835,454421,"2026_01_14_0036","2026_01_14_0036_ev01514_rec3","no",278337
1515,3,97.7653,-188.420870058967,-196.074139193805,-7.6532691348381,3.39999999999918,5.70000000000448,3.30000000001007,-189.15999696449,-6.27663073829944,3.01777638430329,-75.1234462660008,97.7646,97.76065,455306,"2026_01_14_0036","2026_01_14_0036_ev01515_rec3","no",278338
1516,3,97.7837,-190.970092701726,-194.735677783162,-3.76558508143566,0.10000000000332,0.300000000009959,0.450000000000728,-187.519064442516,-5.52535449235013,3.52020420943081,83.6017384779639,97.7837,97.7834,455674,"2026_01_14_0036","2026_01_14_0036_ev01516_rec3","no",278339
1517,3,98.05955,-183.808312603482,-188.525375401797,-4.7170627983146,0.450000000000728,15.500000000003,23.2500000000044,-184.786484668296,-4.12597648261205,13.8205153762848,-83.2266038924451,98.05955,98.0591,461191,"2026_01_14_0036","2026_01_14_0036_ev01517_rec3","no",278340
1518,3,98.2024,-189.516337581627,-194.35314213809,-4.83680455646351,0.399999999999068,0.749999999996476,0,-186.278983005872,-4.03540329345727,2.19985218484586,87.8738764874392,98.2024,98.20135,464048,"2026_01_14_0036","2026_01_14_0036_ev01518_rec3","no",278341
1519,3,98.3152,-188.907140921539,-192.44071530948,-3.53357438794151,0.0999999999891088,0.349999999997408,0,-181.887713534454,-7.6618441045799,26.3159519625019,72.7328839207955,98.3149,98.3146,466304,"2026_01_14_0036","2026_01_14_0036_ev01519_rec3","no",278342
1520,3,98.41425,-186.701198034543,-194.303819574231,-7.60262153968867,0.0500000000016598,4.19999999999732,4.05000000000655,-183.668185367446,-8.73212272394876,10.1353083658811,-5.21020310088344,98.41295,98.41175,468285,"2026_01_14_0036","2026_01_14_0036_ev01520_rec3","no",278343
1521,3,98.58875,-189.213772840977,-211.064252717644,-21.850479876667,2.60000000000105,6.34999999999764,5.75000000000614,-186.292229339573,-21.1555688043098,8.78097378471912,-140.477824862991,98.58785,98.5847,471775,"2026_01_14_0036","2026_01_14_0036_ev01521_rec3","no",278344
1522,3,98.6669,-191.214154994383,-194.223233465655,-3.00907847127201,0.450000000000728,0.600000000005707,0,-182.365699965069,-9.6530361307732,23.1269002256813,102.00044598162,98.66665,98.66595,473338,"2026_01_14_0036","2026_01_14_0036_ev01522_rec3","no",278345
1523,3,98.7374,-186.87528827732,-195.984345100964,-9.1090568236441,1.49999999999295,7.40000000000407,0,-29118.3430563252,28927.2481559203,427514.274606829,-170.243767717666,98.73685,98.73455,474748,"2026_01_14_0036","2026_01_14_0036_ev01523_rec3","no",278346
1524,3,98.763,-188.132931357077,-195.713870666966,-7.58093930988895,0.950000000003115,14.1500000000008,15.3000000000105,-179.642719568087,-17.0923856576756,36.974296449125,-122.104382537963,98.7608,98.75985,475260,"2026_01_14_0036","2026_01_14_0036_ev01524_rec3","no",278347
1525,3,98.795,-187.397802592637,-198.374020346525,-10.9762177538884,1.04999999999222,1.85000000000457,2.049999999997,-186.869453692028,-7.31309281696348,4.44083953670039,-25.5773313119791,98.79475,98.7936,475900,"2026_01_14_0036","2026_01_14_0036_ev01525_rec3","no",278348
1526,3,99.2379,-186.614685267629,-220.51061877936,-33.895933511731,3.84999999999991,16.2499999999994,13.450000000006,-192.296159766604,-27.6008628357573,9.67878208252239,-635.867039552851,99.2337,99.2293,484758,"2026_01_14_0036","2026_01_14_0036_ev01526_rec3","no",278349
1527,3,99.39315,-191.053491349926,-200.280530205553,-9.22703885562652,0.249999999994088,4.19999999999732,3.69999999999493,-189.085874646082,-8.05453515113228,9.13285835389857,-30.3048829444526,99.39195,99.39015,487863,"2026_01_14_0036","2026_01_14_0036_ev01527_rec3","no",278350
1528,3,99.46345,-188.920879193829,-194.664557613831,-5.7436784200012,0.400000000013279,0.199999999992428,0.450000000000728,-186.480820079545,-4.89870640723049,6.37601434142152,39.6625111254103,99.46335,99.4623,489269,"2026_01_14_0036","2026_01_14_0036_ev01528_rec3","no",278351
1529,3,99.589,-188.978687285665,-193.902715012153,-4.92402772648867,0.0500000000158707,1.54999999999461,2.15000000000032,-185.720320354326,-6.35480576238477,9.70358618896603,37.3081378162139,99.58835,99.5883,491780,"2026_01_14_0036","2026_01_14_0036_ev01529_rec3","no",278352
1530,3,99.63945,-188.0746741306,-194.262716577991,-6.18804244739113,0.10000000000332,20.5499999999859,16.4500000000061,-70043.6748439377,69857.0719920378,305147.138372579,-62.1819702322281,99.6382,99.63785,492789,"2026_01_14_0036","2026_01_14_0036_ev01530_rec3","no",278353
1531,3,99.6649,-189.645853849942,-197.590392458668,-7.94453860872648,0.750000000010687,7.04999999999245,5.34999999999286,-186.417038977073,-12.0194549327437,8.00851687592594,-14.8169591714392,99.66275,99.66155,493298,"2026_01_14_0036","2026_01_14_0036_ev01531_rec3","no",278354
