"Event.Number","Record","Event.Time..s.","Baseline..pA.","Peak..pA.","Amplitude..pA.","Rise.Time..ms.","Half.Width..ms.","Decay.Time..ms.","Decay.Fit.b0","Decay.Fit.b1","Decay.Fit.Tau..ms.","AUC..pA.ms.","rise_max_time","baseline_time","event_index","file_prefix","event_id","noise","event_entry_number"
1,0,0.0401499991989136,-400.715824211126,-406.182004729925,-5.4661805187996,0.400000000000011,4.75,5.59999999999999,-385.292014955632,-21.8606865436951,24.758549421024,79.8232615633699,0.0401499991989136,0.0397499991989136,803,"2026_06_04_0031","2026_06_04_0031_ev00001_rec0","no",453010
2,0,0.211099999198914,-404.55871096962,-408.573123274667,-4.01441230504645,0.549999999999995,1,0.84999999999999,-399.627612369455,-7.91560980409311,4.08368843857322,104.515501510019,0.208349999198914,0.207149999198914,4222,"2026_06_04_0031","2026_06_04_0031_ev00002_rec0","no",453011
3,0,0.287999999198914,-398.633039038383,-450.977286772418,-52.344247734035,4.84999999999997,9.69999999999999,10.7,-411.660687206073,-52.7307408008743,5.04740326218419,-819.827033064581,0.287249999198914,0.282349999198914,5760,"2026_06_04_0031","2026_06_04_0031_ev00003_rec0","no",453012
4,0,0.318549999198914,-422.182245236246,-430.315201911903,-8.13295667565637,0.150000000000039,1.5,1.05,-415.790011853796,-15.2400229478805,2.19272587669133,155.081220712076,0.318549999198914,0.317449999198914,6371,"2026_06_04_0031","2026_06_04_0031_ev00004_rec0","no",453013
5,0,0.352949999198914,-414.415842665017,-458.644922183639,-44.2290795186226,1.60000000000005,7.6,7.6,-420.114592914162,-42.0782552676561,5.53842806945486,-485.54694965018,0.351899999198914,0.349949999198914,7059,"2026_06_04_0031","2026_06_04_0031_ev00005_rec0","no",453014
6,0,0.483449999198914,-425.508826186085,-550.402281821325,-124.89345563524,4.24999999999992,7.64999999999993,6.29999999999997,-419.8004912652,-141.218631481794,6.27722573233982,-1085.06730267335,0.482799999198913,0.478299999198914,9669,"2026_06_04_0031","2026_06_04_0031_ev00006_rec0","no",453015
7,0,0.893049999198913,-402.714285645917,-412.054689698844,-9.34040405292683,0.149999999999983,30.1,30,-54718.641678341,54320.021619858,245226.994962975,22.8148516169222,0.893049999198913,0.892849999198914,17861,"2026_06_04_0031","2026_06_04_0031_ev00007_rec0","no",453016
8,0,0.918299999198914,-397.128589185178,-408.663504019815,-11.5349148346369,0.249999999999972,9.00000000000001,8.00000000000001,-397.139982147938,-16.3503115262955,5.94400762887227,-138.222801621091,0.915399999198914,0.915149999198914,18366,"2026_06_04_0031","2026_06_04_0031_ev00008_rec0","no",453017
9,0,0.949649999198914,-396.039531976339,-402.813440658068,-6.77390868172887,0.099999999999989,4.14999999999999,5,-395.767886475648,-10.3776653513258,3.8043037640008,-34.6190162659609,0.949449999198914,0.949349999198914,18993,"2026_06_04_0031","2026_06_04_0031_ev00009_rec0","no",453018
10,0,1.00179999919891,-394.057015729359,-418.9260729463,-24.8690572169408,0.149999999999872,1.24999999999997,4.2000000000002,-392.132462206684,-14.7905456662623,14.7473035754204,-143.866855208912,1.00129999919891,1.00084999919891,20036,"2026_06_04_0031","2026_06_04_0031_ev00010_rec0","no",453019
11,0,1.24944999919891,-388.314593591857,-394.063926592089,-5.74933300023264,1.05,30.6500000000001,30,-393.598124457451,-6.88262609948885,1.80715247596825,-185.397242844163,1.24904999919891,1.24799999919891,24989,"2026_06_04_0031","2026_06_04_0031_ev00011_rec0","no",453020
12,0,1.29274999919891,-404.532847923839,-409.624753696078,-5.09190577223944,0.499999999999945,0.099999999999989,0.250000000000083,-398.333485139357,-8.48219664921522,4.84444012670821,143.831898713833,1.29274999919891,1.29189999919891,25855,"2026_06_04_0031","2026_06_04_0031_ev00012_rec0","no",453021
13,0,1.36204999919891,-397.422632776222,-407.082847404999,-9.66021462877654,1.44999999999995,30.6,29.9999999999998,-404.60101995916,-9.95792109656816,2.93913257879863,-267.500014719445,1.36194999919891,1.36049999919891,27241,"2026_06_04_0031","2026_06_04_0031_ev00013_rec0","no",453022
14,0,1.46064999919891,-406.050757139106,-412.137638267986,-6.08688112887955,0.850000000000017,6.55000000000006,4.40000000000018,-405.705952293364,-10.6751470124698,3.11783877917203,-50.1508841981493,1.45844999919891,1.45759999919891,29213,"2026_06_04_0031","2026_06_04_0031_ev00014_rec0","no",453023
15,0,1.50804999919891,-402.94068673876,-430.713617017291,-27.7729302785307,2.59999999999994,8.69999999999993,9.90000000000002,-407.376473873658,-21.9782818388926,7.45458088077245,-363.050391035739,1.50704999919891,1.50429999919891,30161,"2026_06_04_0031","2026_06_04_0031_ev00015_rec0","no",453024
16,0,1.83139999919891,-410.315065517723,-426.28720794562,-15.9721424278961,0.500000000000167,2.14999999999987,2.69999999999992,-399.136011473362,-24.7490215696093,7.27516829574285,129.979911362508,1.82909999919891,1.82849999919891,36628,"2026_06_04_0031","2026_06_04_0031_ev00016_rec0","no",453025
17,0,1.98069999919891,-406.037900995922,-414.17801374826,-8.14011275233827,0.350000000000072,1.30000000000008,1.59999999999982,-393.959595946915,-18.5479419004624,7.80658645258287,217.885823583789,1.98054999919891,1.97999999919891,39614,"2026_06_04_0031","2026_06_04_0031_ev00017_rec0","no",453026
18,0,2.02239999919891,-398.88984981366,-416.659304487072,-17.7694546734121,1.1000000000001,2.74999999999981,2.65000000000004,-398.642969198789,-19.8375350158269,2.4679449876046,-57.9024030971023,2.02209999919891,2.02099999919891,40448,"2026_06_04_0031","2026_06_04_0031_ev00018_rec0","no",453027
19,0,2.08974999919891,-396.404834759413,-421.270570493577,-24.8657357341643,4.04999999999989,12.9000000000001,12,-400.275394170172,-24.369271501333,7.8861880266795,-398.28206186892,2.08884999919891,2.08364999919891,41795,"2026_06_04_0031","2026_06_04_0031_ev00019_rec0","no",453028
20,0,2.23474999919891,-403.689885239755,-462.371759967367,-58.6818747276126,2.04999999999966,7.40000000000007,6.69999999999993,-403.875236399803,-67.6937598446808,5.85142983787524,-542.550786049569,2.23359999919891,2.23129999919891,44695,"2026_06_04_0031","2026_06_04_0031_ev00020_rec0","no",453029
21,0,2.30659999919891,-412.040268700293,-414.413500959681,-2.37323225938786,0.350000000000072,0.350000000000072,0,-404.062369603902,-7.43406158233091,5.37297977706757,199.815263341019,2.30659999919891,2.30624999919891,46132,"2026_06_04_0031","2026_06_04_0031_ev00021_rec0","no",453030
22,0,2.36479999919891,-411.023046769751,-422.912968507528,-11.8899217377773,0.199999999999978,0.150000000000095,0,-400.826487824888,-12.8017534575371,15.374085103313,136.326198622759,2.36479999919891,2.36459999919891,47296,"2026_06_04_0031","2026_06_04_0031_ev00022_rec0","no",453031
23,0,2.46814999919891,-407.508831659319,-413.196165950804,-5.68733429148512,0.100000000000211,0.500000000000167,0.600000000000378,-403.203862451648,-7.66821973047955,3.46507432622971,101.805146713964,2.46799999919891,2.46789999919891,49363,"2026_06_04_0031","2026_06_04_0031_ev00023_rec0","no",453032
24,0,2.50269999919891,-405.210036382563,-508.486026594899,-103.275990212336,2.19999999999976,6.54999999999983,6.54999999999983,-401.628567499199,-122.132130740618,6.12068190529514,-809.039470620324,2.50264999919891,2.50004999919891,50054,"2026_06_04_0031","2026_06_04_0031_ev00024_rec0","no",453033
25,0,2.58964999919891,-406.223993002871,-409.194884842088,-2.97089183921696,0,0,0,-398.08481349747,-9.05091924415533,7.56596355138128,176.597955988859,2.58964999919891,2.58954999919891,51793,"2026_06_04_0031","2026_06_04_0031_ev00025_rec0","no",453034
26,0,2.65334999919891,-410.737878629233,-417.711472079175,-6.97359344994243,0.150000000000095,0.0499999999998835,0,-403.2925429946,-8.52631698351955,4.69561270832739,182.989229394902,2.65334999919891,2.65314999919891,53067,"2026_06_04_0031","2026_06_04_0031_ev00026_rec0","no",453035
27,0,2.74889999919891,-393.678079532344,-402.587807109825,-8.90972757748074,0.100000000000211,32.1500000000001,29.9999999999998,-402.630785202311,-10.7977488285168,3.059069358518,-335.694864036672,2.74664999919891,2.74654999919891,54978,"2026_06_04_0031","2026_06_04_0031_ev00027_rec0","no",453036
28,0,2.79974999919891,-405.173700732891,-418.054918618002,-12.8812178851112,0.150000000000095,2.2000000000002,2.94999999999979,-404.132519875877,-15.2829291512345,3.0308114406011,-22.7074265218918,2.79919999919891,2.79894999919891,55995,"2026_06_04_0031","2026_06_04_0031_ev00028_rec0","no",453037
29,0,2.94619999919891,-404.43553699271,-419.538491724518,-15.1029547318077,1.30000000000008,31.7500000000002,30.0000000000002,-415.836673875537,-8.63359571194351,1.18247894035049,-425.032388245632,2.94289999919891,2.94139999919891,58924,"2026_06_04_0031","2026_06_04_0031_ev00029_rec0","no",453038
30,0,2.96819999919891,-408.515214518819,-437.67265124951,-29.1574367306907,1.39999999999985,7.05,16.2499999999999,-419.017201739809,-18.8732776383591,3.87469860503471,-419.714308768418,2.96799999919891,2.96649999919891,59364,"2026_06_04_0031","2026_06_04_0031_ev00030_rec0","no",453039
31,0,2.99644999919891,-413.71467193161,-439.823525341294,-26.1088534096846,0.850000000000239,9.99999999999979,9.9499999999999,-405.345840818173,-42.2011296697522,11.678046817366,-262.709186287375,2.99494999919891,2.99389999919891,59929,"2026_06_04_0031","2026_06_04_0031_ev00031_rec0","no",453040
32,0,3.07819999919891,-406.838942243753,-411.919255600769,-5.08031335701571,0.500000000000167,4.04999999999989,4.64999999999982,-406.862550650972,-9.41830561528052,2.85853629421211,-30.8820425440867,3.07819999919891,3.07769999919891,61564,"2026_06_04_0031","2026_06_04_0031_ev00032_rec0","no",453041
33,0,3.11279999919891,-405.952238563725,-433.866945491597,-27.9147069278719,3.10000000000032,9.19999999999988,7.50000000000028,-406.427396503648,-26.8079055306419,7.50186037927626,-325.630954005748,3.11034999919891,3.10664999919891,62256,"2026_06_04_0031","2026_06_04_0031_ev00033_rec0","no",453042
34,0,3.21329999919891,-397.446428317249,-423.397997986701,-25.9515696694517,0.750000000000028,32.2499999999999,29.9999999999998,-412.563688962702,-1.47412907019045,3.96905143564895,-506.549432044091,3.21194999919891,3.21054999919891,64266,"2026_06_04_0031","2026_06_04_0031_ev00034_rec0","no",453043
35,0,3.24139999919891,-402.961190186115,-431.289151751381,-28.3279615652658,1.90000000000001,9.74999999999992,10.0500000000001,-399.260015414347,-36.1926170707988,10.7153133205029,-325.026021338366,3.24074999919891,3.23839999919891,64828,"2026_06_04_0031","2026_06_04_0031_ev00035_rec0","no",453044
36,0,3.32759999919891,-400.157790372134,-429.126668584758,-28.9688782126232,1.70000000000003,10.6999999999999,10.6999999999999,-400.737782707376,-38.2117952544277,8.0702775514329,-394.318501914993,3.32659999919891,3.32489999919891,66552,"2026_06_04_0031","2026_06_04_0031_ev00036_rec0","no",453045
37,0,3.40124999919891,-395.875538681779,-401.336549737609,-5.46101105583057,0.0499999999998835,1.64999999999971,0,-51422.7599798582,51024.3143965534,262326.086443354,-175.801204715568,3.40004999919891,3.39999999919891,68025,"2026_06_04_0031","2026_06_04_0031_ev00037_rec0","no",453046
38,0,3.45594999919891,-409.042365556089,-445.608808413858,-36.5664428577696,2.70000000000037,4.79999999999992,3.70000000000026,-405.856159720451,-42.3049812325373,3.96833677652782,-145.242091694133,3.45584999919891,3.45279999919891,69119,"2026_06_04_0031","2026_06_04_0031_ev00038_rec0","no",453047
39,0,3.48904999919891,-409.890934238302,-420.164153897952,-10.2732196596499,0.0499999999998835,4.79999999999992,5.1000000000001,-398.226706436582,-31.5351288744304,7.168271957567,111.16894035886,3.48779999919891,3.48774999919891,69781,"2026_06_04_0031","2026_06_04_0031_ev00039_rec0","no",453048
40,0,3.52419999919891,-402.929369359175,-452.272565340596,-49.3431959814203,1.9499999999999,8.10000000000022,8.1500000000001,-397.027177921154,-57.9821769871292,9.29898644560333,-457.753844880036,3.52299999919891,3.52099999919891,70484,"2026_06_04_0031","2026_06_04_0031_ev00040_rec0","no",453049
41,0,3.64214999919891,-398.758157524678,-403.120011195982,-4.36185367130412,0,10.9500000000002,10.65,-909878.130878545,909500.720272089,422590.418321026,-328.374494430692,3.64214999919891,3.64199999919891,72843,"2026_06_04_0031","2026_06_04_0031_ev00041_rec0","no",453050
42,0,3.66564999919891,-394.191223668034,-457.248651008835,-63.0574273408006,1.50000000000006,10.6999999999999,12.8499999999998,-391.940835762433,-71.7581918559585,12.4614588418049,-829.745863946745,3.66544999919891,3.66354999919891,73313,"2026_06_04_0031","2026_06_04_0031_ev00042_rec0","no",453051
43,0,3.72109999919891,-402.897194419944,-410.945020814719,-8.04782639477571,1.70000000000003,31.3499999999998,29.9999999999998,-27501.453194899,27099.2368020444,224932.686444841,-51.2715095149658,3.72109999919891,3.71939999919891,74422,"2026_06_04_0031","2026_06_04_0031_ev00043_rec0","no",453052
44,0,3.75019999919891,-400.238856010653,-409.375583962601,-9.13672795194805,0.150000000000095,30.1499999999999,30.0000000000002,-408.3295141689,-0.881320110515334,1.8278050567628,-252.128521678972,3.74969999919891,3.74954999919891,75004,"2026_06_04_0031","2026_06_04_0031_ev00044_rec0","no",453053
45,0,3.76739999919891,-400.940126875589,-421.769545546031,-20.8294186704418,1.54999999999994,7.29999999999986,6.44999999999962,-397.938347660171,-27.47509332898,6.86121135475367,-140.390214530653,3.76689999919891,3.76469999919891,75348,"2026_06_04_0031","2026_06_04_0031_ev00045_rec0","no",453054
46,0,3.79564999919891,-388.290184664799,-397.745692036651,-9.45550737185158,0.299999999999745,30.3,29.9999999999998,-392.98682384167,-8.53552847135569,5.48537535968152,-192.350049841354,3.79554999919891,3.79524999919891,75913,"2026_06_04_0031","2026_06_04_0031_ev00046_rec0","no",453055
47,0,3.82964999919891,-394.136962211781,-412.422862287887,-18.2859000761057,1.04999999999977,2.75000000000025,3.20000000000009,-396.370939864414,-13.5371402728307,2.94011529587817,-124.404926986637,3.82949999919891,3.82844999919891,76593,"2026_06_04_0031","2026_06_04_0031_ev00047_rec0","no",453056
48,0,3.88179999919891,-395.846858454657,-449.058368829489,-53.2115103748326,9.74999999999992,10.2000000000002,6.34999999999986,-402.976703558473,-50.2813916402267,4.58723641796371,-773.116709798695,3.88119999919891,3.87089999919891,77636,"2026_06_04_0031","2026_06_04_0031_ev00048_rec0","no",453057
49,0,3.95329999919891,-406.123629406375,-427.04099554098,-20.9173661346053,0.799999999999912,6.25000000000009,5.50000000000006,-401.094029998108,-36.2321051887739,5.28328245112862,-82.4096692369514,3.95214999919891,3.95134999919891,79066,"2026_06_04_0031","2026_06_04_0031_ev00049_rec0","no",453058
50,0,3.97329999919891,-399.423923471462,-419.08415808098,-19.6602346095171,0.399999999999956,0.150000000000095,1.39999999999985,-385.731349698645,-21.9220484464878,31.8479789189313,-18.2405915278653,3.97329999919891,3.97289999919891,79466,"2026_06_04_0031","2026_06_04_0031_ev00050_rec0","no",453059
51,0,4.01539999919891,-397.206440207729,-399.541931600774,-2.33549139304472,0.200000000000422,2.90000000000035,2.84999999999958,-391.683092898604,-9.71375463192257,6.78080211290988,99.5502633294546,4.01539999919891,4.01499999919891,80308,"2026_06_04_0031","2026_06_04_0031_ev00051_rec0","no",453060
52,0,4.06259999919891,-394.881850826823,-404.66489806694,-9.7830472401169,1.75000000000036,2.79999999999969,1.80000000000025,-393.908336257023,-10.3448579271046,2.19908575836239,-3.42773614667029,4.06224999919891,4.06029999919891,81252,"2026_06_04_0031","2026_06_04_0031_ev00052_rec0","no",453061
53,0,4.12059999919891,-408.2031032881,-420.143535547738,-11.9404322596378,0.900000000000567,4.59999999999994,4.64999999999982,-398.608908213496,-34.0567155231957,5.21669417551135,76.3839452276663,4.11924999919891,4.11819999919891,82412,"2026_06_04_0031","2026_06_04_0031_ev00053_rec0","no",453062
54,0,4.17324999919891,-410.431416670072,-447.708366684323,-37.2769500142504,1.1000000000001,4.39999999999952,5.30000000000008,-403.734513255359,-44.9385763538753,6.76235377646947,-161.840535683298,4.17154999919891,4.17039999919891,83465,"2026_06_04_0031","2026_06_04_0031_ev00054_rec0","no",453063
55,0,4.22199999919891,-389.80925100464,-400.562744520032,-10.7534935153917,0.849999999999795,30.1999999999998,30.0000000000002,-399.874697553277,-6.82974313434413,6.09807892382758,-360.557673331583,4.22169999919891,4.22084999919891,84440,"2026_06_04_0031","2026_06_04_0031_ev00055_rec0","no",453064
56,0,4.28774999919891,-405.582967670021,-432.878666001528,-27.2956983315076,0.550000000000495,31.5499999999993,16.5499999999996,-225626.252205866,225214.363400275,981770.153945671,-340.363950324942,4.28624999919891,4.28564999919891,85755,"2026_06_04_0031","2026_06_04_0031_ev00056_rec0","no",453065
57,0,4.31439999919891,-404.555962460721,-442.558800226148,-38.0028377654276,1.90000000000001,7.79999999999959,6.59999999999972,-403.598895932627,-41.5961158456091,6.48267588302531,-326.501955562861,4.31319999919891,4.31099999919891,86288,"2026_06_04_0031","2026_06_04_0031_ev00057_rec0","no",453066
58,0,4.33719999919891,-409.236295543353,-415.046782050354,-5.8104865070012,0.14999999999965,0.14999999999965,0,-400.93174240254,-9.46999635440746,6.84875469719119,184.463746611806,4.33714999919891,4.33699999919891,86744,"2026_06_04_0031","2026_06_04_0031_ev00058_rec0","no",453067
59,0,4.46664999919891,-408.895746426117,-457.395419774151,-48.4996733480336,2.44999999999962,6.95000000000068,8.35000000000008,-406.456567995615,-45.2621449445784,10.4768656859769,-446.753690578696,4.46634999919891,4.46384999919891,89333,"2026_06_04_0031","2026_06_04_0031_ev00059_rec0","no",453068
60,0,4.57379999919891,-415.57401000634,-436.170987476897,-20.5969774705566,1.29999999999963,0.249999999999417,0,-409.479104489175,-11.6753104351553,9.55151930488323,68.1945571556501,4.57379999919891,4.57224999919891,91476,"2026_06_04_0031","2026_06_04_0031_ev00060_rec0","no",453069
61,0,4.62874999919891,-416.187989121244,-445.999484776988,-29.8114956557438,2.55000000000027,2.29999999999997,3.05,-408.785954108398,-30.8500840143516,5.91347115411888,-19.2023760678164,4.62809999919891,4.62554999919891,92575,"2026_06_04_0031","2026_06_04_0031_ev00061_rec0","no",453070
62,0,4.67634999919891,-409.44014765276,-436.545499091899,-27.1053514391389,2.34999999999985,7.55000000000017,8.79999999999992,-410.043048153464,-32.9160676481074,7.04845686241522,-303.006590941227,4.67604999919891,4.67334999919891,93527,"2026_06_04_0031","2026_06_04_0031_ev00062_rec0","no",453071
63,0,4.69814999919891,-414.301428861277,-417.744177590543,-3.44274872926576,0.399999999999956,1.00000000000033,0.750000000000028,-409.277813711949,-9.09281998464795,1.9876603652675,132.58758316999,4.69814999919891,4.69759999919891,93963,"2026_06_04_0031","2026_06_04_0031_ev00063_rec0","no",453072
64,0,4.81684999919891,-411.952455911403,-417.975845759226,-6.02338984782222,0.0999999999997669,13.35,12.7499999999996,-390407.360769754,390012.645929773,255428.741032548,-169.277433156649,4.81684999919891,4.81674999919891,96337,"2026_06_04_0031","2026_06_04_0031_ev00064_rec0","no",453073
65,0,4.84484999919891,-416.2310269175,-468.498171882926,-52.2671449654262,1.40000000000029,6.00000000000023,5.74999999999992,-411.7251446097,-56.9996975588581,6.59645494063804,-322.139095887314,4.84419999919891,4.84259999919891,96897,"2026_06_04_0031","2026_06_04_0031_ev00065_rec0","no",453074
66,0,4.90474999919891,-410.421318885882,-430.628289886237,-20.2069710003553,2.04999999999966,5.65000000000015,9.19999999999988,-398.687464082742,-26.0458787850832,30.2925560522043,-174.4949631435,4.90449999919891,4.90219999919891,98095,"2026_06_04_0031","2026_06_04_0031_ev00066_rec0","no",453075
67,0,4.95084999919891,-415.203425704897,-422.814181240356,-7.61075553545908,0.0499999999998835,0.700000000000145,0.949999999999562,-399.727134702644,-20.6946605657771,7.55225530189957,309.092738872733,4.95059999919891,4.95044999919891,99017,"2026_06_04_0031","2026_06_04_0031_ev00067_rec0","no",453076
68,0,4.99389999919891,-407.165870159337,-422.20062067711,-15.0347505177728,1.30000000000052,4.34999999999963,3.29999999999941,-400.535575923551,-18.2850336587783,8.10697775777978,39.9416666772237,4.99324999919891,4.99134999919891,99878,"2026_06_04_0031","2026_06_04_0031_ev00068_rec0","no",453077
69,0,5.13954999919891,-406.758108370229,-433.848217522844,-27.090109152615,0.899999999999679,3.94999999999968,4.34999999999963,-406.186532989128,-23.6658983415131,5.4399571897152,-134.335602117949,5.13909999919891,5.13814999919891,102791,"2026_06_04_0031","2026_06_04_0031_ev00069_rec0","no",453078
70,0,5.22454999919891,-409.15794419121,-413.546320261589,-4.38837607037908,0.100000000000655,0.0999999999997669,0.299999999999301,-401.252668513143,-10.4403636630664,3.09837671400227,204.511275582229,5.22454999919891,5.22444999919891,104491,"2026_06_04_0031","2026_06_04_0031_ev00070_rec0","no",453079
71,0,5.39089999919891,-413.325954472744,-431.114078110241,-17.7881236374974,1.40000000000029,5.70000000000004,5.20000000000032,-407.872421979895,-25.9860053783493,6.77274436823147,-38.2130149379554,5.39004999919891,5.38864999919891,107818,"2026_06_04_0031","2026_06_04_0031_ev00071_rec0","no",453080
72,0,5.42399999919891,-409.050754988431,-418.297018792373,-9.24626380394176,0.300000000000189,0.0499999999998835,0,-398.587879283351,-12.6516895797937,13.1959052094523,163.231078490202,5.42399999919891,5.42369999919891,108480,"2026_06_04_0031","2026_06_04_0031_ev00072_rec0","no",453081
73,0,5.45739999919891,-400.356719946571,-419.766751937939,-19.4100319913682,1.50000000000006,6.89999999999991,9.74999999999948,-403.758533202674,-15.4461132029601,6.92589349083112,-234.741672600656,5.45704999919891,5.45554999919891,109148,"2026_06_04_0031","2026_06_04_0031_ev00073_rec0","no",453082
74,0,5.51444999919891,-406.556953046305,-409.226896471123,-2.66994342481752,0.0999999999997669,2.44999999999962,2.15000000000032,-396.366485801221,-13.8726823911437,9.8659398049189,173.476899260102,5.51444999919891,5.51349999919891,110289,"2026_06_04_0031","2026_06_04_0031_ev00074_rec0","no",453083
75,0,5.57234999919891,-402.755438651011,-408.067734386245,-5.31229573523478,0.250000000000306,3.24999999999953,3.15000000000065,-399.654025507755,-11.6630031484848,3.77115286452477,33.2102817302553,5.57059999919891,5.56999999919891,111447,"2026_06_04_0031","2026_06_04_0031_ev00075_rec0","no",453084
76,0,5.62159999919891,-385.27425357642,-397.115514937616,-11.841261361196,2.65000000000004,3.05,0,-54757.354307159,54358.1134519103,807474.120608251,-511.935197406304,5.62049999919891,5.61784999919891,112432,"2026_06_04_0031","2026_06_04_0031_ev00076_rec0","no",453085
77,0,5.82074999919891,-386.08049527009,-400.581504917992,-14.5010096479024,0.299999999999301,0.549999999999606,0,-21261.9105448729,20864.918108268,192391.181020509,-391.965633191617,5.82009999919891,5.81979999919891,116415,"2026_06_04_0031","2026_06_04_0031_ev00077_rec0","no",453086
78,0,5.91064999919891,-404.284248931818,-425.718416251893,-21.434167320075,1.00000000000033,7.55000000000017,6.19999999999976,-399.681734934551,-36.5637803366651,5.80699239603907,-130.091945476305,5.90909999919891,5.90749999919891,118213,"2026_06_04_0031","2026_06_04_0031_ev00078_rec0","no",453087
79,0,5.98504999919891,-397.95831687013,-452.167306890692,-54.2089900205615,1.64999999999971,8.25000000000031,7.90000000000024,-403.579358232232,-59.7670255578475,5.57615853796128,-647.748022925876,5.98344999919891,5.98139999919891,119701,"2026_06_04_0031","2026_06_04_0031_ev00079_rec0","no",453088
80,0,6.04279999919891,-406.115018865728,-436.33609153721,-30.2210726714816,2.10000000000043,5.34999999999997,4.50000000000017,-403.271757551084,-34.8370259444937,4.95031146857115,-136.473802833101,6.04239999919891,6.03939999919891,120856,"2026_06_04_0031","2026_06_04_0031_ev00080_rec0","no",453089
81,0,6.09449999919891,-409.88699609411,-417.03265495478,-7.14565886066947,0.14999999999965,9.84999999999925,8.70000000000015,-407.486413540164,-20.2406087687543,6.27800964230863,-78.2167336789436,6.09259999919891,6.09224999919891,121890,"2026_06_04_0031","2026_06_04_0031_ev00081_rec0","no",453090
82,0,6.69334999919891,-414.040253986774,-416.093642185379,-2.05338819860418,0.300000000000189,1.54999999999994,0.949999999999562,-409.294025291794,-7.98405292113409,2.5654122057871,119.083314018349,6.69334999919891,6.69189999919891,133867,"2026_06_04_0031","2026_06_04_0031_ev00082_rec0","no",453091
83,0,6.72709999919891,-401.84362270198,-411.002255878184,-9.15863317620466,0.0999999999997669,10.6999999999999,16.6000000000004,-404.383177066306,-9.61903511981804,6.83644422813587,-142.016722461328,6.72709999919891,6.72699999919891,134542,"2026_06_04_0031","2026_06_04_0031_ev00083_rec0","no",453092
84,0,6.81489999919891,-418.081333139932,-434.474647316823,-16.3933141768907,1.3999999999994,5.84999999999969,6.3999999999993,-415.393058139715,-17.6348065208503,9.16493522647568,-105.456266226262,6.81444999919891,6.81214999919891,136298,"2026_06_04_0031","2026_06_04_0031_ev00084_rec0","no",453093
85,0,6.99369999919891,-413.267362318729,-442.035194796908,-28.7678324781787,0.249999999999417,3.94999999999968,4.55000000000005,-411.399111762965,-32.4612900517484,4.75102395631796,-134.336403428392,6.99244999919891,6.99144999919891,139874,"2026_06_04_0031","2026_06_04_0031_ev00085_rec0","no",453094
86,0,7.10964999919891,-413.165726090898,-418.326322423515,-5.16059633261688,0.199999999999534,30.2500000000006,30.0000000000002,-88651.7167410047,88244.2315004661,453222.014725372,81.6311441759578,7.10929999919891,7.10889999919891,142193,"2026_06_04_0031","2026_06_04_0031_ev00086_rec0","no",453095
87,0,7.15829999919891,-415.801166818577,-432.644991974259,-16.8438251556813,1.05000000000022,16.0999999999998,12.6999999999997,-733323.224874989,732922.698223465,431951.465020381,-324.33524495055,7.15694999919891,7.15574999919891,143166,"2026_06_04_0031","2026_06_04_0031_ev00087_rec0","no",453096
88,0,7.18524999919891,-414.551661817151,-476.661929777938,-62.1102679607865,3.15000000000065,18.0999999999996,22.0000000000002,182929.531605054,-183392.056941868,161325.598168994,-1121.74134195817,7.18419999919891,7.18079999919891,143705,"2026_06_04_0031","2026_06_04_0031_ev00088_rec0","no",453097
89,0,7.20099999919891,-434.471302583674,-463.438079843081,-28.9667772594073,1.00000000000033,5.89999999999957,4.55000000000005,-410.350769754947,-57.3781476218199,9.09700898677475,154.350645682317,7.19959999919891,7.19819999919891,144020,"2026_06_04_0031","2026_06_04_0031_ev00089_rec0","no",453098
90,0,7.61584999919891,-400.564199133905,-412.08708979392,-11.5228906600156,0.399999999999956,9.64999999999971,10.1000000000004,-388.240465616343,-23.1858263068001,30.1685456172528,-104.933067830031,7.61379999919891,7.61299999919891,152317,"2026_06_04_0031","2026_06_04_0031_ev00090_rec0","no",453099
91,0,7.73194999919891,-410.428784217601,-420.311672606139,-9.8828883885389,1.04999999999933,1.55000000000083,0.549999999999606,-403.484504035712,-12.9458081450735,2.85726139363831,167.823871774726,7.73179999919891,7.73049999919891,154639,"2026_06_04_0031","2026_06_04_0031_ev00091_rec0","no",453100
92,0,8.12839999919891,-399.995164167254,-408.131437340445,-8.13627317319151,0.299999999999301,5.75000000000081,6.55000000000072,-399.494707873137,-12.5021713350411,5.16128293632603,-57.1705204658636,8.12789999919891,8.12759999919891,162568,"2026_06_04_0031","2026_06_04_0031_ev00092_rec0","no",453101
93,0,8.40909999919891,-412.966034922527,-419.069698162711,-6.10366324018372,2.2000000000002,2.74999999999892,0,-37428.7019360834,37007.9890682854,394462.929780976,-314.860193855086,8.40889999919891,8.40584999919891,168182,"2026_06_04_0031","2026_06_04_0031_ev00093_rec0","no",453102
94,0,8.44629999919891,-416.120886454369,-427.150405086529,-11.0295186321595,0.299999999999301,20.5500000000001,29.9999999999994,-421.200594628777,-8.9531403564732,6.58139258191412,-236.293567461717,8.44474999919891,8.44444999919891,168926,"2026_06_04_0031","2026_06_04_0031_ev00094_rec0","no",453103
95,0,8.50119999919891,-426.573543192231,-430.63041210549,-4.05686891325877,0.199999999999534,0.799999999999912,0.849999999999795,-419.766377313832,-10.3106400569277,3.82196036361197,163.774646318835,8.50119999919891,8.50089999919891,170024,"2026_06_04_0031","2026_06_04_0031_ev00095_rec0","no",453104
96,0,8.66484999919891,-421.883420534167,-425.594712715047,-3.7112921808806,0,22.3499999999994,21.7999999999989,-1326422.96621216,1326019.98573732,1426270.99265751,148.949317783439,8.66484999919891,8.66454999919891,173297,"2026_06_04_0031","2026_06_04_0031_ev00096_rec0","no",453105
97,0,8.69379999919891,-407.596358471886,-480.881681849967,-73.2853233780812,1.74999999999947,7.4500000000004,7.19999999999921,-404.473217684048,-79.0545157570098,7.51133959295213,-643.383409788442,8.69269999919891,8.69044999919891,173876,"2026_06_04_0031","2026_06_04_0031_ev00097_rec0","no",453106
98,0,8.78369999919891,-408.099920924452,-419.312091096675,-11.2121701722238,0.300000000001077,0.199999999999534,0,-404.249870851771,-7.65120310425975,5.30723332368554,73.5420072008567,8.78369999919891,8.78324999919891,175674,"2026_06_04_0031","2026_06_04_0031_ev00098_rec0","no",453107
99,0,8.99524999919891,-409.127470020828,-414.540614648697,-5.41314462786886,0.299999999999301,0.750000000000028,0.900000000001455,-406.311585706906,-8.79448297030049,1.52786786968164,69.0738101078577,8.99524999919891,8.99494999919891,179905,"2026_06_04_0031","2026_06_04_0031_ev00099_rec0","no",453108
100,0,9.31749999919891,-404.960995307505,-412.329067253616,-7.36807194611004,0.299999999999301,11.7499999999993,16.5500000000005,-406.7194242259,-10.0113961637344,7.08720926853298,-126.643732489494,9.31744999919891,9.31714999919891,186350,"2026_06_04_0031","2026_06_04_0031_ev00100_rec0","no",453109
101,0,9.37054999919891,-395.829655375241,-403.902396449147,-8.07274107390646,0.750000000000028,1.59999999999982,0,-7060.11390346427,6654.42939737923,161155.45674938,-486.148911151238,9.36704999919891,9.35839999919891,187411,"2026_06_04_0031","2026_06_04_0031_ev00101_rec0","no",453110
102,0,9.63104999919891,-406.418409928906,-413.965675755892,-7.54726582698567,0.450000000000728,7.64999999999993,11.8500000000008,-408.703303809924,-7.5540363420798,4.39615576115514,-113.312713758346,9.63034999919891,9.62989999919891,192621,"2026_06_04_0031","2026_06_04_0031_ev00102_rec0","no",453111
103,0,9.79439999919891,-404.152143423501,-444.126959828123,-39.9748164046219,1.50000000000006,7.69999999999982,7.7499999999997,-401.162742637403,-45.0834671580998,8.31388588134254,-356.015814033792,9.79319999919891,9.79164999919891,195888,"2026_06_04_0031","2026_06_04_0031_ev00103_rec0","no",453112
104,0,10.0445999991989,-404.6047106639,-422.90190106438,-18.29719040048,3.19999999999965,1.94999999999901,3.14999999999976,-403.541437398426,-14.540065477935,5.11662180347176,-84.9127296544946,10.0435999991989,10.0396999991989,200892,"2026_06_04_0031","2026_06_04_0031_ev00104_rec0","no",453113
105,0,10.1778499991989,-415.117203828888,-444.980091403883,-29.8628875749946,1.35000000000041,6.94999999999979,7.89999999999935,-411.280719455143,-35.4720369390648,9.08030914535615,-238.3847211695,10.1771499991989,10.1755499991989,203557,"2026_06_04_0031","2026_06_04_0031_ev00105_rec0","no",453114
106,0,10.4836499991989,-424.759841504009,-431.245627889136,-6.48578638512703,0.0999999999997669,1.24999999999886,1.64999999999971,-415.71805522652,-13.943939085119,8.26351006510961,158.454218853591,10.4836499991989,10.4834499991989,209673,"2026_06_04_0031","2026_06_04_0031_ev00106_rec0","no",453115
107,0,10.5411499991989,-419.245733918006,-426.749493038101,-7.50375912009537,0.0999999999997669,0.249999999999417,0,-409.667056441844,-12.2023329265009,3.16899198669963,248.850843935832,10.5411499991989,10.5408999991989,210823,"2026_06_04_0031","2026_06_04_0031_ev00107_rec0","no",453116
108,0,10.5790999991989,-413.46699702663,-425.133042953408,-11.6660459267776,0.299999999999301,0.199999999999534,0,-407.022763686342,-6.33040017049141,4.25118886958905,165.765355746644,10.5790999991989,10.5787999991989,211582,"2026_06_04_0031","2026_06_04_0031_ev00108_rec0","no",453117
109,0,10.6417499991989,-404.816760003716,-410.327459912684,-5.51069990896804,0.199999999999534,4.30000000000064,5.2500000000002,-404.792608512863,-8.20849565607296,3.79997333422481,-31.9661029583153,10.6417499991989,10.6415499991989,212835,"2026_06_04_0031","2026_06_04_0031_ev00109_rec0","no",453118
110,0,10.7256499991989,-410.524444806779,-414.633774557565,-4.10932975078674,0.199999999999534,1.10000000000099,0.549999999998718,-405.955008656652,-7.28817153031258,3.18266526970784,112.358920047877,10.7253999991989,10.7248499991989,214513,"2026_06_04_0031","2026_06_04_0031_ev00110_rec0","no",453119
111,0,10.7865499991989,-414.12753994899,-422.959957241302,-8.83241729231224,0.14999999999965,0.199999999999534,0,-406.733174639051,-9.4229139511764,9.26651285406728,137.664355845245,10.7865499991989,10.7863499991989,215731,"2026_06_04_0031","2026_06_04_0031_ev00111_rec0","no",453120
112,0,10.8429499991989,-409.994888815331,-422.204464560571,-12.2095757452403,3.59999999999872,4.90000000000101,4.30000000000064,-402.391254145934,-20.4294894140443,8.24295711622777,30.1607164588584,10.8428999991989,10.8386999991989,216859,"2026_06_04_0031","2026_06_04_0031_ev00112_rec0","no",453121
113,0,10.9101499991989,-410.475927443731,-416.870086669922,-6.39415922619048,0.999999999999446,18.8000000000006,16.1499999999997,-248291.300776626,247893.35542686,269038.986383086,-41.5336972191222,10.9090499991989,10.9080499991989,218203,"2026_06_04_0031","2026_06_04_0031_ev00113_rec0","no",453122
114,0,10.9332499991989,-411.086279006231,-433.349578857422,-22.2632998511905,1.59999999999982,8.5999999999995,7.69999999999982,-404.147518871494,-30.8445455593817,10.8475892678763,-153.33484468006,10.9318999991989,10.9300999991989,218665,"2026_06_04_0031","2026_06_04_0031_ev00114_rec0","no",453123
115,0,11.3047999991989,-413.295170375279,-416.259735107422,-2.96456473214283,0.199999999999534,0.600000000000378,0.900000000001455,-406.666307418372,-8.45225986593903,10.1785401888827,116.439819335938,11.3047999991989,11.3044999991989,226096,"2026_06_04_0031","2026_06_04_0031_ev00115_rec0","no",453124
116,0,11.3592999991989,-413.585813976469,-420.532196044922,-6.94638206845241,0.350000000000961,0.14999999999965,0.14999999999965,-405.886758677723,-10.7238199016105,3.56152511923721,191.763015020461,11.3591999991989,11.3588499991989,227186,"2026_06_04_0031","2026_06_04_0031_ev00116_rec0","no",453125
117,0,11.4500499991989,-404.052703857422,-411.987274169922,-7.9345703125,0.300000000001077,11.2500000000004,29.9999999999994,-407.490674512311,-8.82365477268397,3.863028027583,-144.22607421875,11.4497499991989,11.4494499991989,229001,"2026_06_04_0031","2026_06_04_0031_ev00117_rec0","no",453126
118,0,11.6241499991989,-426.490389869327,-430.297821044922,-3.80743117559524,0,0.799999999999912,0.950000000001339,-410.720979014481,-21.4105550359551,4.25451908424613,381.539481026786,11.6241499991989,11.6240499991989,232483,"2026_06_04_0031","2026_06_04_0031_ev00118_rec0","no",453127
119,0,11.6948999991989,-399.169891357422,-406.494110107422,-7.32421875,0.799999999999912,34.5499999999994,29.9999999999994,-408.788424335839,-10.5596721814298,1.17083424741648,-374.847412109375,11.6901999991989,11.6893999991989,233898,"2026_06_04_0031","2026_06_04_0031_ev00119_rec0","no",453128
120,0,11.7601999991989,-403.442352294922,-409.545867919922,-6.103515625,0.0999999999997669,30.0999999999991,29.9999999999994,-406.785118879643,-8.8335611622566,1.16135802694294,-111.679077148438,11.7601999991989,11.7600999991989,235204,"2026_06_04_0031","2026_06_04_0031_ev00120_rec0","no",453129
121,0,11.8234999991989,-410.592184884208,-421.142547607422,-10.5503627232143,1.20000000000076,8.64999999999938,7.64999999999993,-407.763581000915,-13.3243290700659,11.1908561125181,-76.0345458984372,11.8233499991989,11.8200499991989,236470,"2026_06_04_0031","2026_06_04_0031_ev00121_rec0","no",453130
122,0,11.9077999991989,-402.221649169922,-407.104461669922,-4.8828125,0.249999999999417,0.299999999999301,0,-407.46550432847,0.311914979097339,1e-07,-160.720825195312,11.9076499991989,11.9073999991989,238156,"2026_06_04_0031","2026_06_04_0031_ev00122_rec0","no",453131
123,0,11.9285499991989,-409.138966878255,-421.142547607422,-12.0035807291667,0.0999999999997669,2.54999999999939,2.29999999999997,-404.164797557159,-17.4403139909918,3.75869378536178,70.3938802083327,11.9268499991989,11.9265499991989,238571,"2026_06_04_0031","2026_06_04_0031_ev00123_rec0","no",453132
124,0,12.0226999991989,-405.447793143136,-458.373992919922,-52.9261997767857,1.00000000000122,7.09999999999944,7.4500000000004,-405.893738739546,-61.0146286289201,6.41415370911632,-487.620762416295,12.0214499991989,12.0200999991989,240454,"2026_06_04_0031","2026_06_04_0031_ev00124_rec0","no",453133
125,0,12.0697499991989,-406.377852666946,-420.532196044922,-14.1543433779762,3.80000000000003,4.59999999999994,3.55000000000061,-409.027210893941,-9.30364427235023,2.75561289728347,-139.344714936756,12.0696999991989,12.0658499991989,241395,"2026_06_04_0031","2026_06_04_0031_ev00125_rec0","no",453134
126,0,12.2500499991989,-424.048983619327,-431.518524169922,-7.46954055059524,0.250000000001194,9.60000000000072,9.00000000000034,-413.228421319977,-23.2113787778605,16.7711947939676,-15.6715029761906,12.2487499991989,12.2480999991989,245001,"2026_06_04_0031","2026_06_04_0031_ev00126_rec0","no",453135
127,0,12.3386499991989,-423.554889497303,-453.491180419922,-29.936290922619,2.10000000000043,6.05000000000011,5.8499999999988,-414.419483747509,-37.2100857423613,9.5912130187978,-107.389177594866,12.3382999991989,12.3361499991989,246773,"2026_06_04_0031","2026_06_04_0031_ev00127_rec0","no",453136
128,0,12.4727499991989,-412.597625732422,-418.701141357422,-6.103515625,0.0999999999997669,1.99999999999889,2.44999999999962,-412.995652745622,-9.92007196654747,1.44864538327186,-27.03857421875,12.4727499991989,12.4726499991989,249455,"2026_06_04_0031","2026_06_04_0031_ev00128_rec0","no",453137
129,0,12.7267999991989,-396.118133544922,-402.832000732422,-6.7138671875,0.14999999999965,30.4000000000002,29.9999999999994,-410.479357040369,-0.168919787930171,1.79787892207441,-444.122314453125,12.7259999991989,12.7258499991989,254536,"2026_06_04_0031","2026_06_04_0031_ev00129_rec0","no",453138
130,0,12.7491999991989,-405.593114943731,-424.194305419922,-18.6011904761905,0.999999999999446,6.70000000000037,5.75000000000081,-406.906252763386,-18.7900212589423,4.70949507538428,-167.547316778274,12.7476999991989,12.7464999991989,254984,"2026_06_04_0031","2026_06_04_0031_ev00130_rec0","no",453139
131,0,12.9305499991989,-411.696630568731,-419.311492919922,-7.61486235119048,0.150000000001427,18.4499999999996,16.5500000000005,-648502.895726053,648103.39407038,715146.744229101,-43.9780099051341,12.9299999991989,12.9296999991989,258611,"2026_06_04_0031","2026_06_04_0031_ev00131_rec0","no",453140
132,0,12.9583499991989,-407.540427071708,-457.763641357422,-50.2232142857143,2.15000000000032,6.99999999999967,6.3999999999993,-407.163119037659,-54.6858207765268,6.03191121308584,-405.98406110491,12.9576499991989,12.9551999991989,259167,"2026_06_04_0031","2026_06_04_0031_ev00132_rec0","no",453141
133,0,13.0224499991989,-404.663055419922,-412.597625732422,-7.9345703125,0.600000000000378,9.50000000000095,29.9999999999994,-408.50106676888,-7.08202646317116,2.11566326896056,-142.135620117188,13.0218999991989,13.0212999991989,260449,"2026_06_04_0031","2026_06_04_0031_ev00133_rec0","no",453142
134,0,13.0981499991989,-407.017268589565,-429.077117919922,-22.0598493303572,1.45000000000017,33.4999999999983,29.9999999999994,-420.163826465387,-9.43944409662841,2.53200310942623,-485.057285853796,13.0959499991989,13.0940499991989,261963,"2026_06_04_0031","2026_06_04_0031_ev00134_rec0","no",453143
135,0,13.1191499991989,-413.178912934803,-446.166961669922,-32.988048735119,1.40000000000029,4.14999999999921,3.84999999999991,-414.074040088742,-31.3523469543499,3.76188527609244,-186.58447265625,13.1186999991989,13.1170999991989,262383,"2026_06_04_0031","2026_06_04_0031_ev00135_rec0","no",453144
136,0,13.1710499991989,-424.688399541946,-461.425750732422,-36.7373511904762,0.650000000000261,7.30000000000075,7.24999999999909,-424.149622194397,-40.2704823516929,6.9376260986839,-333.63996233259,13.1693499991989,13.1685499991989,263421,"2026_06_04_0031","2026_06_04_0031_ev00136_rec0","no",453145
137,0,13.2233999991989,-432.070747012184,-443.115203857422,-11.0444568452381,0.399999999999068,0.0499999999998835,1.20000000000076,-428.348292686566,-9.20979732009682,7.3148330419661,44.1938127790185,13.2233999991989,13.2229999991989,264468,"2026_06_04_0031","2026_06_04_0031_ev00137_rec0","no",453146
138,0,13.4039999991989,-413.207977294922,-421.752899169922,-8.544921875,1.10000000000099,31.3499999999998,30.0000000000011,-417.610398311363,-6.77959421033238,4.65944596856766,-189.971923828125,13.4027499991989,13.4016499991989,268080,"2026_06_04_0031","2026_06_04_0031_ev00138_rec0","no",453147
139,0,13.7093999991989,-411.609437488374,-428.466766357422,-16.8573288690476,0.300000000001077,2.05000000000055,0.700000000000145,-410.673236092327,-8.46128334682241,4.13970617798474,-18.6949230375735,13.7092499991989,13.7070999991989,274188,"2026_06_04_0031","2026_06_04_0031_ev00139_rec0","no",453148
140,0,13.8093499991989,-433.930866059803,-459.594696044922,-25.663829985119,0.750000000000028,7.94999999999924,9.05000000000022,-424.28790288365,-37.9377864797797,13.2287754080119,-180.548531668526,13.8088499991989,13.8075999991989,276187,"2026_06_04_0031","2026_06_04_0031_ev00140_rec0","no",453149
141,0,13.9609999991989,-423.554889497303,-444.335906982422,-20.781017485119,0.500000000000611,10.3500000000007,11.0500000000009,-402.209733458474,-46.2835932157543,23.6537952282493,-175.396873837425,13.9598999991989,13.9590499991989,279220,"2026_06_04_0031","2026_06_04_0031_ev00141_rec0","no",453150
142,0,14.2547999991989,-463.896221342541,-612.79296875,-148.896747407459,4.94999999999912,7.20000000000098,5.24999999999842,-410.260193864373,-213.819119179116,7.79058704277294,-529.985272798084,14.2531499991989,14.2475499991989,285096,"2026_06_04_0031","2026_06_04_0031_ev00142_rec0","no",453151
143,0,14.3225999991989,-406.494110107422,-412.597625732422,-6.103515625,0.400000000000844,9.34999999999952,12.9999999999999,-407.899456012463,-7.51975363463726,5.96404899167556,-90.27099609375,14.3225999991989,14.3221999991989,286452,"2026_06_04_0031","2026_06_04_0031_ev00143_rec0","no",453152
144,0,14.3896499991989,-409.313353038969,-432.739227294922,-23.4258742559524,3.84999999999991,6.09999999999999,5.99999999999845,-416.756369567757,-6.81518192758385,3.50855001766491,-303.319295247397,14.3882999991989,14.3840999991989,287793,"2026_06_04_0031","2026_06_04_0031_ev00144_rec0","no",453153
145,0,14.4571499991989,-412.626690092541,-594.482421875,-181.855731782459,4.45000000000029,8.74999999999915,8.05000000000078,-449.919040533939,-173.795817061025,4.5839123492315,-2550.16243395124,14.4552499991989,14.4505999991989,289143,"2026_06_04_0031","2026_06_04_0031_ev00145_rec0","no",453154
146,0,14.4895999991989,-449.189655122303,-468.749969482422,-19.560314360119,0.250000000001194,3.65000000000038,3.14999999999976,-414.619192800422,-62.1016753319705,7.97378081840982,530.916486467634,14.4887999991989,14.4881499991989,289792,"2026_06_04_0031","2026_06_04_0031_ev00146_rec0","no",453155
147,0,14.6018499991989,-432.971742175874,-441.894500732422,-8.92275855654759,0.750000000000028,9.60000000000072,8.5999999999995,-434.108908933879,-10.0584001970738,5.58746113688328,-115.301223028273,14.6000499991989,14.5982499991989,292037,"2026_06_04_0031","2026_06_04_0031_ev00147_rec0","no",453156
148,0,14.6565999991989,-436.604787190755,-441.894500732422,-5.28971354166669,0.0999999999997669,0.0999999999997669,0,-429.769947831664,-7.45251128634598,3.55790263295313,178.482055664062,14.6565999991989,14.6564999991989,293132,"2026_06_04_0031","2026_06_04_0031_ev00148_rec0","no",453157
149,0,14.7807999991989,-445.730996268136,-448.608367919922,-2.87737165178572,0.20000000000131,1.80000000000113,1.59999999999982,-439.282302390502,-12.7803393593344,3.02241145185835,153.782435825893,14.7807999991989,14.7802999991989,295616,"2026_06_04_0031","2026_06_04_0031_ev00149_rec0","no",453158
150,0,14.8173999991989,-439.656545003255,-441.894500732422,-2.23795572916669,0.0999999999997669,0.450000000000728,0.299999999999301,-437.65258271592,-5.05175593597428,0.47551774829022,56.7423502604161,14.8173999991989,14.8170999991989,296348,"2026_06_04_0031","2026_06_04_0031_ev00150_rec0","no",453159
151,0,14.8450499991989,-439.336837041946,-443.725555419922,-4.3887183779762,0.650000000000261,0.499999999998835,1.20000000000076,-418.825381580487,-22.9573857253074,32.7889166696227,160.78622000558,14.8450499991989,14.8443499991989,296901,"2026_06_04_0031","2026_06_04_0031_ev00151_rec0","no",453160
152,0,14.9428499991989,-418.207047235398,-557.861328125,-139.654280889602,6.65000000000049,12.2,9.70000000000049,-422.160150009781,-144.615996350279,8.75396504259456,-1915.50570874895,14.9418999991989,14.9350999991989,298857,"2026_06_04_0031","2026_06_04_0031_ev00152_rec0","no",453161
153,0,14.9809499991989,-433.000806535993,-439.453094482422,-6.45228794642856,0.249999999999417,0.0499999999998835,0,-422.104720247195,-13.0711257452063,4.82813705950653,263.809204101563,14.9809499991989,14.9806499991989,299619,"2026_06_04_0031","2026_06_04_0031_ev00153_rec0","no",453162
154,0,15.0122999991989,-420.183423723493,-441.894500732422,-21.7110770089286,1.25000000000064,6.70000000000037,5.85000000000058,-415.695010832481,-28.3999630144896,7.16838215783475,-102.403913225446,15.0116999991989,15.0098499991989,300246,"2026_06_04_0031","2026_06_04_0031_ev00154_rec0","no",453163
155,0,15.0577999991989,-418.817398797898,-422.973602294922,-4.1562034970238,0.199999999999534,0.449999999998951,0.199999999999534,-416.649628560102,-3.99870482775997,2.52421631399453,51.9198463076641,15.0572499991989,15.0568499991989,301156,"2026_06_04_0031","2026_06_04_0031_ev00155_rec0","no",453164
156,0,15.1169499991989,-413.614878336589,-436.401336669922,-22.7864583333333,1.54999999999994,7.20000000000098,6.59999999999883,-416.531773276825,-22.5163150696015,4.68868227362303,-267.94942220052,15.1146999991989,15.1131499991989,302339,"2026_06_04_0031","2026_06_04_0031_ev00156_rec0","no",453165
157,0,15.1784999991989,-419.311492919922,-423.583953857422,-4.2724609375,0.0499999999998835,0.750000000000028,1.00000000000122,-415.059574871226,-7.991160592622,3.11712296431025,102.432250976562,15.1784999991989,15.1783999991989,303570,"2026_06_04_0031","2026_06_04_0031_ev00157_rec0","no",453166
158,0,15.2431499991989,-416.782893589565,-430.908172607422,-14.1252790178572,0.949999999999562,4.09999999999933,30.0000000000011,-423.178779413873,-3.20955697539324,1.33356672669794,-214.736938476563,15.2423999991989,15.2410999991989,304863,"2026_06_04_0031","2026_06_04_0031_ev00158_rec0","no",453167
159,0,15.4175499991989,-427.216998872303,-431.518524169922,-4.30152529761904,0.199999999999534,0.0499999999998835,0,227545.165284039,-227971.893316531,411983.830483552,262.886410667783,15.4175499991989,15.4173499991989,308351,"2026_06_04_0031","2026_06_04_0031_ev00159_rec0","no",453168
160,0,15.6044999991989,-414.138036818731,-427.856414794922,-13.7183779761905,0.700000000000145,8.64999999999938,9.14999999999999,-409.256041553568,-26.1218695982731,9.51155489047686,-106.256394159226,15.6038999991989,15.6030999991989,312090,"2026_06_04_0031","2026_06_04_0031_ev00160_rec0","no",453169
161,0,15.6514499991989,-406.55223882766,-429.077117919922,-22.5248790922619,1.69999999999959,8.39999999999996,8.64999999999938,-411.954827556592,-17.6236816014228,4.83310258357045,-307.760329473587,15.6491999991989,15.6473999991989,313029,"2026_06_04_0031","2026_06_04_0031_ev00161_rec0","no",453170
162,0,15.7739999991989,-424.601206461589,-465.698211669922,-41.0970052083333,3.84999999999991,6.99999999999967,4.74999999999959,-415.226370395882,-48.5192628007247,7.01099972467256,-167.551676432291,15.7737499991989,15.7697999991989,315480,"2026_06_04_0031","2026_06_04_0031_ev00162_rec0","no",453171
163,0,15.8375999991989,-418.410497756231,-565.7958984375,-147.385400681269,3.39999999999918,11.3500000000002,12.5000000000011,-411.655377336226,-163.149726714398,12.7635212911078,-2017.4061643328,15.8370499991989,15.8331499991989,316752,"2026_06_04_0031","2026_06_04_0031_ev00163_rec0","no",453172
164,0,15.8947499991989,-427.100741431827,-632.32421875,-205.223477318173,5.2500000000002,15.3500000000015,14.800000000001,-397.18500400577,-258.046651833498,16.5844657917992,-3542.17070261637,15.8932499991989,15.8877999991989,317895,"2026_06_04_0031","2026_06_04_0031_ev00164_rec0","no",453173
165,0,15.9345499991989,-433.582093738374,-463.867156982422,-30.2850632440476,1.40000000000029,5.00000000000078,5.60000000000116,-435.64265396364,-31.3309274027398,4.54256046473934,-239.05290876116,15.9342499991989,15.9327999991989,318691,"2026_06_04_0031","2026_06_04_0031_ev00165_rec0","no",453174
166,0,15.9539999991989,-429.687469482422,-445.556610107422,-15.869140625,1.65000000000148,3.84999999999991,4.24999999999898,-430.88160310453,-17.1393859677947,3.27849588680489,-115.72265625,15.9537499991989,15.9520999991989,319080,"2026_06_04_0031","2026_06_04_0031_ev00166_rec0","no",453175
167,0,15.9948499991989,-435.965371268136,-444.946258544922,-8.98088727678572,0.300000000002854,1.04999999999933,0.950000000003115,-424.39357678855,-18.2768101547636,4.60320509391422,253.553118024553,15.9941999991989,15.9935999991989,319897,"2026_06_04_0031","2026_06_04_0031_ev00167_rec0","no",453176
168,0,16.0318499991989,-427.91454351516,-452.270477294922,-24.3559337797619,1.39999999999674,4.20000000000087,3.65000000000038,-428.114561041419,-26.7854100432776,3.2871230403793,-121.879940941221,16.0317999991989,16.0301999991989,320637,"2026_06_04_0031","2026_06_04_0031_ev00168_rec0","no",453177
169,0,16.0540999991989,-424.310562860398,-446.166961669922,-21.8563988095238,1.39999999999674,3.00000000000011,4.45000000000206,-405.482437202371,-33.6349368938494,19.9180386873752,18.3003743489588,16.0539499991989,16.0523999991989,321082,"2026_06_04_0031","2026_06_04_0031_ev00169_rec0","no",453178
170,0,16.0976499991989,-420.445002964565,-443.725555419922,-23.2805524553572,0.750000000000028,8.49999999999795,14.6000000000015,-428.7334534555,-18.8824944443178,3.59345056573182,-367.35098702567,16.0958499991989,16.0949499991989,321953,"2026_06_04_0031","2026_06_04_0031_ev00170_rec0","no",453179
171,0,16.2070999991989,-431.518524169922,-581.0546875,-149.536163330078,3.05000000000177,8.70000000000104,7.85000000000124,-422.565058097594,-189.316483878879,7.27364704265783,-1494.00356292725,16.2058999991989,16.2022499991989,324142,"2026_06_04_0031","2026_06_04_0031_ev00171_rec0","no",453180
172,0,16.2543499991989,-418.090789794922,-427.856414794922,-9.765625,0.299999999999301,13.4000000000007,30.0000000000011,-422.942494914923,-6.78142831610934,2.42612669876302,-167.892456054688,16.2542499991989,16.2539499991989,325087,"2026_06_04_0031","2026_06_04_0031_ev00172_rec0","no",453181
173,0,16.2776999991989,-418.701141357422,-431.518524169922,-12.8173828125,1.10000000000099,5.5499999999995,5.94999999999857,-412.904098129215,-20.3637167765122,9.05264135684674,-20.263671875,16.2775999991989,16.2764999991989,325554,"2026_06_04_0031","2026_06_04_0031_ev00173_rec0","no",453182
174,0,16.3122999991989,-415.823769705636,-465.087860107422,-49.2640904017857,2.09999999999866,14.5499999999998,16.6500000000021,-426.97792960343,-45.5403505694978,8.93203703852872,-893.157958984375,16.3102999991989,16.3081499991989,326246,"2026_06_04_0031","2026_06_04_0031_ev00174_rec0","no",453183
175,0,16.3932499991989,-418.061725434803,-444.946258544922,-26.884533110119,2.05000000000055,3.25000000000131,2.20000000000198,-419.826277723421,-23.9475238057479,2.06369381241025,-135.485694521949,16.3931499991989,16.3910999991989,327865,"2026_06_04_0031","2026_06_04_0031_ev00175_rec0","no",453184
176,0,16.4369499991989,-419.311492919922,-449.218719482422,-29.9072265625,1.24999999999886,6.29999999999953,6.19999999999976,-411.278579792209,-40.7405578884596,8.18195112098749,-125.106811523438,16.4363999991989,16.4349999991989,328739,"2026_06_04_0031","2026_06_04_0031_ev00176_rec0","no",453185
177,0,16.5124999991989,-412.94639805385,-422.363250732422,-9.41685267857144,1.20000000000076,8.05000000000078,29.9999999999976,-416.550052871134,-13.7028812746083,2.71903471620028,-163.619995117188,16.5119499991989,16.5104499991989,330250,"2026_06_04_0031","2026_06_04_0031_ev00177_rec0","no",453186
178,0,16.5509999991989,-419.020849318731,-423.583953857422,-4.56310453869048,0.0999999999997669,0.650000000000261,0.849999999999795,-414.512675788682,-9.29975340612866,2.07932844075919,114.857991536458,16.5509999991989,16.5506999991989,331020,"2026_06_04_0031","2026_06_04_0031_ev00178_rec0","no",453187
179,0,16.5949499991989,-420.212488083612,-452.880828857422,-32.6683407738095,1.69999999999959,16.3000000000011,17.7000000000014,437903.832289918,-438361.531826631,305891.646843581,-542.754400344122,16.5936999991989,16.5918999991989,331899,"2026_06_04_0031","2026_06_04_0031_ev00179_rec0","no",453188
180,0,16.6705499991989,-424.484949021112,-431.518524169922,-7.03357514880952,0.750000000000028,1.59999999999982,1.34999999999863,-418.724493709243,-13.8340400854506,2.72583389064182,130.692981538319,16.6703999991989,16.6696499991989,333411,"2026_06_04_0031","2026_06_04_0031_ev00180_rec0","no",453189
181,0,16.7535999991989,-425.182493663969,-540.771484375,-115.588990711031,3.44999999999729,8.39999999999819,6.75000000000026,-441.68197878392,-113.627199064826,4.60046980553064,-1434.6286029634,16.7519499991989,16.7481499991989,335072,"2026_06_04_0031","2026_06_04_0031_ev00181_rec0","no",453190
182,0,16.8200499991989,-424.397755940755,-437.622039794922,-13.2242838541667,0.499999999998835,1.50000000000006,0,-428.44817711167,-0.52879261098973,1.37905417184246,-136.144002278646,16.8187499991989,16.8179499991989,336401,"2026_06_04_0031","2026_06_04_0031_ev00182_rec0","no",453191
183,0,16.8694499991989,-428.321444556827,-454.101531982422,-25.7800874255952,4.09999999999755,4.20000000000087,5.00000000000256,-429.628432712184,-22.5420814427148,4.9441646934119,-223.962692987351,16.8686999991989,16.8644999991989,337389,"2026_06_04_0031","2026_06_04_0031_ev00183_rec0","no",453192
184,0,16.9075499991989,-432.652034214565,-446.777313232422,-14.1252790178572,0.900000000001455,1.75000000000125,0.650000000000261,-421.829808950594,-21.0263344210793,2.39914635051154,263.227190290178,16.9069499991989,16.9059999991989,338151,"2026_06_04_0031","2026_06_04_0031_ev00184_rec0","no",453193
185,0,16.9971499991989,-418.061725434803,-452.880828857422,-34.819103422619,0.999999999997669,4.99999999999901,4.50000000000017,-423.701914621181,-37.9213279078207,2.72069760729362,-333.90880766369,16.9956499991989,16.9945499991989,339943,"2026_06_04_0031","2026_06_04_0031_ev00185_rec0","no",453194
186,0,17.0198999991989,-421.81102789016,-429.687469482422,-7.87644159226193,0.599999999998602,12.2999999999998,11.0499999999973,118892.824121386,-119324.958869459,177875.452875375,-34.3409946986614,17.0175999991989,17.0169499991989,340398,"2026_06_04_0031","2026_06_04_0031_ev00186_rec0","no",453195
187,0,17.2494499991989,-418.701141357422,-426.025360107422,-7.32421875,0.250000000001194,0.150000000001427,0,-409.890527487321,-8.07625976659513,16.859517097908,151.18408203125,17.2494499991989,17.2491999991989,344989,"2026_06_04_0031","2026_06_04_0031_ev00187_rec0","no",453196
188,0,17.3654499991989,-416.957279750279,-480.957000732422,-63.9997209821428,3.55000000000061,12.8500000000003,12.3499999999979,-419.600775252442,-68.9447641121552,10.4247786776573,-993.647984095981,17.3644499991989,17.3605499991989,347309,"2026_06_04_0031","2026_06_04_0031_ev00188_rec0","no",453197
189,0,17.4391999991989,-419.282428559803,-445.556610107422,-26.274181547619,1.00000000000122,1.90000000000268,2.69999999999726,-412.765988204442,-24.1400794633622,6.80472698141162,12.066069103423,17.4391999991989,17.4375499991989,348784,"2026_06_04_0031","2026_06_04_0031_ev00189_rec0","no",453198
190,0,17.4919499991989,-426.868226550874,-474.853485107422,-47.9852585565476,5.64999999999927,8.49999999999795,5.90000000000046,-435.098998955007,-34.4405237495116,4.59050153491529,-595.751807803198,17.4903999991989,17.4843999991989,349839,"2026_06_04_0031","2026_06_04_0031_ev00190_rec0","no",453199
191,0,17.5189499991989,-426.635711669922,-435.180633544922,-8.544921875,0.349999999997408,30.5499999999981,30.0000000000011,-430.910647579828,-5.74510862608563,4.78899087507727,-162.063598632812,17.5186499991989,17.5182999991989,350379,"2026_06_04_0031","2026_06_04_0031_ev00191_rec0","no",453200
192,0,17.5868499991989,-428.641152518136,-465.698211669922,-37.0570591517857,0.550000000000495,8.99999999999679,11.3500000000002,-431.841314632206,-41.4179046184595,8.2722974563739,-460.331508091518,17.5862999991989,17.5856999991989,351737,"2026_06_04_0031","2026_06_04_0031_ev00192_rec0","no",453201
193,0,17.6535999991989,-425.415008544922,-433.959930419922,-8.544921875,0.199999999999534,8.64999999999938,30.0000000000011,-429.404050214436,-4.30889156200479,3.09896722969642,-135.787963867188,17.6534999991989,17.6532999991989,353072,"2026_06_04_0031","2026_06_04_0031_ev00193_rec0","no",453202
194,0,17.7388999991989,-425.095300583612,-447.998016357422,-22.9027157738095,1.10000000000099,5.00000000000256,5.15000000000043,-427.359986938983,-22.250111118415,4.04381916005235,-213.583083379836,17.7365999991989,17.7353999991989,354778,"2026_06_04_0031","2026_06_04_0031_ev00194_rec0","no",453203
195,0,17.7665499991989,-425.909102666946,-428.466766357422,-2.5576636904762,0.0999999999997669,0.700000000001921,0.750000000000028,-423.893098976428,-6.62063625118936,0.959366945081877,53.2299223400294,17.7664999991989,17.7663999991989,355331,"2026_06_04_0031","2026_06_04_0031_ev00195_rec0","no",453204
196,0,17.8070499991989,-423.089859735398,-466.918914794922,-43.8290550595238,2.84999999999869,11.1499999999971,13.7500000000017,706992.644477167,-707448.72577861,580387.090489997,-510.778517950148,17.8068499991989,17.8039999991989,356141,"2026_06_04_0031","2026_06_04_0031_ev00196_rec0","no",453205
197,0,17.8851999991989,-416.666636149089,-426.025360107422,-9.35872395833331,1.05000000000288,1.24999999999886,1.75000000000125,-414.616835810408,-8.75183073583254,3.77614742032717,24.2055257161464,17.8850499991989,17.8839999991989,357704,"2026_06_04_0031","2026_06_04_0031_ev00197_rec0","no",453206
198,0,17.9104999991989,-402.221649169922,-410.156219482422,-7.9345703125,0.149999999997874,38.8000000000019,30.0000000000011,-411.873789361545,-6.18625430989958,4.5329989309699,-450.74462890625,17.8997499991989,17.8995999991989,358210,"2026_06_04_0031","2026_06_04_0031_ev00198_rec0","no",453207
199,0,18.2121499991989,-432.18700445266,-441.284149169922,-9.09714471726193,0.0999999999997669,0.249999999997641,0,-426.634447335971,-6.69230076734513,5.47082464004618,129.411969866071,18.2120499991989,18.2118999991989,364243,"2026_06_04_0031","2026_06_04_0031_ev00199_rec0","no",453208
200,0,18.2374499991989,-418.090789794922,-427.246063232422,-9.1552734375,0.150000000001427,5.60000000000116,3.29999999999941,-413.537196366639,-19.1693314871142,3.75693695940715,23.25439453125,18.2339499991989,18.2337999991989,364749,"2026_06_04_0031","2026_06_04_0031_ev00200_rec0","no",453209
201,0,18.4040999991989,-408.964580717541,-418.701141357422,-9.73656063988096,1.7499999999977,19.5499999999988,29.9999999999976,-413.168922699244,-15.757337321561,4.168063362984,-282.620384579614,18.3984499991989,18.3966999991989,368082,"2026_06_04_0031","2026_06_04_0031_ev00201_rec0","no",453210
202,0,18.4942999991989,-416.434121268136,-427.246063232422,-10.8119419642857,0.700000000001921,3.5000000000025,2.49999999999773,-412.007681809654,-15.1007929677373,4.31577423486925,47.0123291015623,18.4927999991989,18.4918999991989,369886,"2026_06_04_0031","2026_06_04_0031_ev00202_rec0","no",453211
203,0,18.5624999991989,-416.666636149089,-426.025360107422,-9.35872395833331,0.299999999999301,0.250000000001194,0,-410.675752317139,-8.46947678901618,6.41367491356371,124.155680338542,18.5624499991989,18.5621499991989,371250,"2026_06_04_0031","2026_06_04_0031_ev00203_rec0","no",453212
204,0,18.8324499991989,-427.711092994327,-498.046844482422,-70.3357514880952,1.89999999999912,8.19999999999865,7.60000000000005,-426.289743434957,-84.3840691034424,6.78185769961376,-694.997878301711,18.8311499991989,18.8290999991989,376649,"2026_06_04_0031","2026_06_04_0031_ev00204_rec0","no",453213
205,0,19.1980499991989,-408.877387637184,-427.246063232422,-18.3686755952381,1.55000000000172,6.85000000000002,4.85000000000113,-406.428082889092,-24.6730164775677,4.96390503430924,-99.0513392857135,19.1961499991989,19.1940499991989,383961,"2026_06_04_0031","2026_06_04_0031_ev00205_rec0","no",453214
206,0,19.2447999991989,-409.545867919922,-414.428680419922,-4.8828125,0.399999999999068,0.750000000000028,0.600000000002154,-406.729064397284,-6.60415544945065,1.7338295632621,70.7244873046875,19.2447999991989,19.2442499991989,384896,"2026_06_04_0031","2026_06_04_0031_ev00206_rec0","no",453215
207,0,19.4756499991989,-412.306982131231,-418.090789794922,-5.78380766369048,0.199999999999534,0.650000000000261,0.700000000001921,-407.357854606227,-8.93769874824684,2.98488449631018,120.993477957589,19.4754499991989,19.4752499991989,389513,"2026_06_04_0031","2026_06_04_0031_ev00207_rec0","no",453216
208,0,19.5250999991989,-405.040892101469,-446.166961669922,-41.1260695684524,1.59999999999982,5.90000000000046,6.55000000000072,-412.131523183601,-41.2068537539955,4.03574930595339,-441.106160481772,19.5244499991989,19.5226999991989,390502,"2026_06_04_0031","2026_06_04_0031_ev00208_rec0","no",453217
209,0,19.5580999991989,-412.510432652065,-433.349578857422,-20.8391462053572,0.949999999999562,0.599999999998602,1.34999999999863,-408.976583165611,-15.2712524469045,4.46961723592645,29.8200334821421,19.5580999991989,19.5571499991989,391162,"2026_06_04_0031","2026_06_04_0031_ev00209_rec0","no",453218
210,0,19.5853999991989,-413.527685256231,-422.363250732422,-8.83556547619048,0.40000000000262,0.350000000000961,0.799999999998136,-406.216657607163,-11.8540879890657,6.90503770880913,136.297316778274,19.5846499991989,19.5839999991989,391708,"2026_06_04_0031","2026_06_04_0031_ev00210_rec0","no",453219
211,0,19.6288999991989,-408.906451997303,-421.752899169922,-12.846447172619,0.299999999999301,1.1499999999991,0.849999999999795,-407.568389537488,-9.02700737405512,2.10304331943028,15.6838553292414,19.6277499991989,19.6272999991989,392578,"2026_06_04_0031","2026_06_04_0031_ev00211_rec0","no",453220
212,0,19.7102499991989,-411.72569492885,-418.701141357422,-6.97544642857144,0.650000000000261,1.50000000000006,0.499999999998835,-408.371640717813,-7.27862937782686,2.36157114632012,79.666137695312,19.7098999991989,19.7088999991989,394205,"2026_06_04_0031","2026_06_04_0031_ev00212_rec0","no",453221
213,0,20.0553499991989,-406.494110107422,-414.428680419922,-7.9345703125,0.0999999999997669,30.6999999999995,30.0000000000011,-413.378210633112,-5.19720925042762,1.90198016973837,-224.700927734375,20.0546499991989,20.0545499991989,401107,"2026_06_04_0031","2026_06_04_0031_ev00213_rec0","no",453222
214,0,20.0851999991989,-413.847393217541,-435.790985107422,-21.943591889881,0.849999999999795,6.70000000000215,7.69999999999982,-418.395112239177,-23.8393687011819,4.04478443858458,-264.39194452195,20.0841999991989,20.0832499991989,401704,"2026_06_04_0031","2026_06_04_0031_ev00214_rec0","no",453223
215,0,20.1177999991989,-421.229740687779,-444.946258544922,-23.7165178571428,0.800000000001688,0.999999999997669,1.30000000000052,-416.812255060133,-16.423393910218,5.92296393508201,25.8876255580365,20.1177999991989,20.1166999991989,402356,"2026_06_04_0031","2026_06_04_0031_ev00215_rec0","no",453224
216,0,20.2064999991989,-413.295170375279,-428.466766357422,-15.1715959821428,0.149999999997874,2.64999999999915,4.89999999999924,-412.17701129007,-10.8709254042872,10.2433410762154,-75.6094796316957,20.2063499991989,20.2060499991989,404130,"2026_06_04_0031","2026_06_04_0031_ev00216_rec0","no",453225
217,0,20.4392499991989,-411.900081089565,-645.751892089844,-233.851811000279,2.54999999999939,13.0499999999998,12.8500000000003,-391.853110515103,-287.878017009146,12.909376575245,-3548.06546478272,20.4372499991989,20.4343999991989,408785,"2026_06_04_0031","2026_06_04_0031_ev00217_rec0","no",453226
218,0,20.4971499991989,-423.93272617885,-437.622039794922,-13.6893136160714,0.399999999999068,5.2500000000002,4.6999999999997,-414.456316337276,-20.4766773481897,13.6900763505786,-3.68390764508979,20.4951999991989,20.4941999991989,409943,"2026_06_04_0031","2026_06_04_0031_ev00218_rec0","no",453227
219,0,20.5400999991989,-413.760200137184,-435.180633544922,-21.4204334077381,0.399999999999068,6.59999999999883,6.24999999999787,-410.068478735196,-28.2004948868293,7.03557042775312,-124.407087053571,20.5383499991989,20.5377499991989,410802,"2026_06_04_0031","2026_06_04_0031_ev00219_rec0","no",453228
220,0,20.5776999991989,-409.545867919922,-435.790985107422,-26.2451171875,0.699999999998369,9.55000000000084,6.45000000000095,-416.861981544787,-24.4614337001957,2.76703700142561,-421.0205078125,20.5728999991989,20.5718999991989,411554,"2026_06_04_0031","2026_06_04_0031_ev00220_rec0","no",453229
221,0,20.6054499991989,-414.399616059803,-421.752899169922,-7.35328311011904,1.54999999999816,6.9999999999979,6.94999999999979,-415.982261520706,-13.8370811077895,2.78747686840491,-108.219691685268,20.6047999991989,20.6032499991989,412109,"2026_06_04_0031","2026_06_04_0031_ev00221_rec0","no",453230
222,0,20.6726499991989,-415.620319184803,-433.959930419922,-18.339611235119,2.79999999999703,4.54999999999828,2.70000000000081,-418.347633004622,-19.2673210201987,1.74580227143239,-152.875627790178,20.6720999991989,20.6690999991989,413453,"2026_06_04_0031","2026_06_04_0031_ev00222_rec0","no",453231
223,0,20.9255999991989,-416.172542027065,-486.450164794922,-70.2776227678572,2.05000000000055,10.5000000000004,11.4999999999981,-430.185071013772,-68.6462201024746,6.60032135357426,-1043.37637765067,20.9240499991989,20.9218499991989,418512,"2026_06_04_0031","2026_06_04_0031_ev00223_rec0","no",453232
224,0,20.9528499991989,-419.04991367885,-454.101531982422,-35.0516183035714,1.45000000000195,5.79999999999714,5.80000000000069,-413.970426380174,-31.7823849170659,10.2923251206199,-220.509120396206,20.9517999991989,20.9501999991989,419057,"2026_06_04_0031","2026_06_04_0031_ev00224_rec0","no",453233
225,0,21.0395999991989,-418.730205717541,-426.025360107422,-7.29515438988096,0.199999999999534,0.550000000000495,0.40000000000262,-414.118467932653,-8.62257028053457,2.47173840441063,115.58605375744,21.0395999991989,21.0390999991989,420792,"2026_06_04_0031","2026_06_04_0031_ev00225_rec0","no",453234
226,0,21.1148499991989,-415.940027146112,-434.570281982422,-18.6302548363095,0.450000000000728,4.34999999999874,3.84999999999991,-416.537908204102,-14.3286625444906,4.69630860408959,-117.95407249814,21.1129999991989,21.1125499991989,422297,"2026_06_04_0031","2026_06_04_0031_ev00226_rec0","no",453235
227,0,21.1389999991989,-413.004526774089,-415.649383544922,-2.64485677083331,0.949999999999562,6.90000000000168,6.49999999999906,-409.835259629894,-11.4595620046415,6.40405969947481,17.3339843750006,21.1389999991989,21.1379999991989,422780,"2026_06_04_0031","2026_06_04_0031_ev00227_rec0","no",453236
228,0,21.4219499991989,-411.551308768136,-414.428680419922,-2.87737165178572,0.0999999999997669,3.8000000000018,3.45000000000084,-406.881200179608,-10.9818056101356,5.27788479863116,79.4328962053569,21.4213499991989,21.4211499991989,428439,"2026_06_04_0031","2026_06_04_0031_ev00228_rec0","no",453237
229,0,21.4585999991989,-408.179842994327,-425.415008544922,-17.2351655505952,0.849999999999795,3.35000000000107,4.4000000000004,-407.683996610919,-12.8051474888066,7.07445099664392,-104.646955217634,21.4572499991989,21.4557999991989,429172,"2026_06_04_0031","2026_06_04_0031_ev00229_rec0","no",453238
230,0,21.5207999991989,-413.585813976469,-426.635711669922,-13.0498976934524,0.650000000000261,0.250000000001194,0,-406.709695371534,-8.50143494099661,5.36770072293789,159.825642903645,21.5207999991989,21.5201499991989,430416,"2026_06_04_0031","2026_06_04_0031_ev00230_rec0","no",453239
231,0,21.5643499991989,-406.435981387184,-782.470642089844,-376.03466070266,4.85000000000113,16.2999999999975,14.5000000000017,-357.602985804112,-486.348959948367,15.2633696513234,-6795.92222333636,21.5622499991989,21.5568999991989,431287,"2026_06_04_0031","2026_06_04_0031_ev00231_rec0","no",453240
232,0,21.6236999991989,-431.605717250279,-450.439422607422,-18.8337053571428,0.450000000000728,3.05000000000177,2.29999999999819,-424.666050290188,-35.459154938524,2.43769212950315,101.976667131697,21.6229499991989,21.6224999991989,432474,"2026_06_04_0031","2026_06_04_0031_ev00232_rec0","no",453241
233,0,21.6472999991989,-427.59483555385,-444.946258544922,-17.3514229910714,0.750000000000028,1.79999999999936,1.40000000000029,-423.419692468854,-21.3496012217085,1.98392625044432,75.6007603236602,21.6472999991989,21.6464499991989,432946,"2026_06_04_0031","2026_06_04_0031_ev00233_rec0","no",453242
234,0,21.6856499991989,-433.029870896112,-463.256805419922,-30.2269345238095,1.69999999999959,3.5000000000025,3.84999999999991,-413.86417228071,-45.964891046167,9.23126121189446,124.502272832961,21.6850499991989,21.6829499991989,433713,"2026_06_04_0031","2026_06_04_0031_ev00234_rec0","no",453243
235,0,21.7597499991989,-423.64208257766,-531.6162109375,-107.97412835984,5.50000000000139,10.5500000000021,8.05000000000078,-417.635563167776,-117.272994970562,8.61076644180839,-1267.09721817743,21.7586499991989,21.7530999991989,435195,"2026_06_04_0031","2026_06_04_0031_ev00235_rec0","no",453244
236,0,21.8817999991989,-418.090789794922,-447.387664794922,-29.296875,3.39999999999918,4.59999999999994,3.19999999999965,-420.153058124514,-30.9302095629861,2.52472271350787,-198.471069335938,21.8815999991989,21.8781999991989,437636,"2026_06_04_0031","2026_06_04_0031_ev00236_rec0","no",453245
237,0,21.9041999991989,-410.359670003255,-432.739227294922,-22.3795572916667,1.1499999999991,8.25000000000031,8.74999999999915,-414.522413615217,-24.3857976395078,4.92132818619619,-279.485066731771,21.9032499991989,21.9019499991989,438084,"2026_06_04_0031","2026_06_04_0031_ev00237_rec0","no",453246
238,0,21.9456999991989,-415.940027146112,-430.908172607422,-14.9681454613095,1.10000000000099,2.80000000000058,1.34999999999863,-410.10181276176,-19.5751789750292,2.47956667118375,110.078357514881,21.9448499991989,21.9437499991989,438914,"2026_06_04_0031","2026_06_04_0031_ev00238_rec0","no",453247
239,0,21.9928999991989,-416.405056908017,-436.401336669922,-19.9962797619048,0.750000000000028,31.3499999999998,29.9999999999976,-429.667774242671,-4.49241187190948,1.23781758579214,-447.509039015997,21.9908499991989,21.9898999991989,439858,"2026_06_04_0031","2026_06_04_0031_ev00239_rec0","no",453248
240,0,22.0212499991989,-430.385014125279,-444.335906982422,-13.9508928571428,4.4000000000004,5.64999999999927,4.4000000000004,-417.902227992616,-27.1804769365498,10.1834066862528,45.2924455915188,22.0196499991989,22.0149499991989,440425,"2026_06_04_0031","2026_06_04_0031_ev00240_rec0","no",453249
241,0,22.0613499991989,-414.515873500279,-435.790985107422,-21.2751116071428,1.35000000000218,3.70000000000203,3.60000000000227,-412.135947226901,-24.0113755601197,4.21395976667755,-48.3485630580349,22.0610999991989,22.0597499991989,441227,"2026_06_04_0031","2026_06_04_0031_ev00241_rec0","no",453250
242,0,22.0864999991989,-413.760200137184,-419.311492919922,-5.55129278273807,0.0999999999997669,12.8000000000021,11.3000000000021,-155530.645589292,155123.234712487,208180.746524004,-146.240960984002,22.0858499991989,22.0857499991989,441730,"2026_06_04_0031","2026_06_04_0031_ev00242_rec0","no",453251
243,0,22.1180999991989,-419.340557280041,-441.894500732422,-22.553943452381,2.34999999999985,7.10000000000122,6.29999999999953,-409.78466437131,-38.5460062839841,8.20191464841865,-51.4439174107147,22.1175499991989,22.1146999991989,442362,"2026_06_04_0031","2026_06_04_0031_ev00243_rec0","no",453252
244,0,22.2742499991989,-414.806517101469,-429.077117919922,-14.2706008184524,0.550000000000495,6.05000000000189,2.49999999999773,-414.924171679271,-16.5103470995097,2.15988914513316,-80.10718936012,22.2702999991989,22.2694499991989,445485,"2026_06_04_0031","2026_06_04_0031_ev00244_rec0","no",453253
245,0,22.3004499991989,-403.442352294922,-417.480438232422,-14.0380859375,0.199999999999534,8.54999999999961,30.0000000000011,-408.987441801504,-9.82209495249507,4.29729439498537,-218.978881835938,22.2998499991989,22.2996499991989,446009,"2026_06_04_0031","2026_06_04_0031_ev00245_rec0","no",453254
246,0,22.4227499991989,-416.695700509208,-451.660125732422,-34.9644252232143,1.59999999999982,9.49999999999918,8.40000000000174,-405.858789768693,-55.3329921021921,9.9595462509628,-304.090227399553,22.4207499991989,22.4190499991989,448455,"2026_06_04_0031","2026_06_04_0031_ev00246_rec0","no",453255
247,0,22.4893999991989,-414.690259660993,-419.921844482422,-5.23158482142856,0.350000000000961,5.64999999999927,4.45000000000206,-413.687146110654,-9.93565687512536,3.66538596963943,-16.8740408761156,22.4879999991989,22.4873999991989,449788,"2026_06_04_0031","2026_06_04_0031_ev00247_rec0","no",453256
248,0,22.5963499991989,-415.358739943731,-417.480438232422,-2.12169828869048,0.0999999999997669,0.199999999999534,0,-441.716935664513,6.17481638197061,10.7099376466546,-719.919840494792,22.5963499991989,22.5960499991989,451927,"2026_06_04_0031","2026_06_04_0031_ev00248_rec0","no",453257
249,0,22.6130499991989,-426.577582949684,-501.098602294922,-74.5210193452381,1.94999999999723,6.25000000000142,7.75000000000148,-446.568207695339,-58.2876721729189,3.80889978254934,-930.916195824032,22.6125999991989,22.6105999991989,452261,"2026_06_04_0031","2026_06_04_0031_ev00249_rec0","no",453258
250,0,22.6406999991989,-434.512153262184,-466.918914794922,-32.4067615327381,0.949999999999562,6.25000000000142,4.74999999999781,-421.221177452979,-52.6547848771925,6.46622431326989,-9.30495489211236,22.6389999991989,22.6376499991989,452814,"2026_06_04_0031","2026_06_04_0031_ev00250_rec0","no",453259
251,0,22.7406999991989,-416.259735107422,-424.194305419922,-7.9345703125,0.499999999998835,2.34999999999985,2.44999999999962,-414.348897335025,-15.7215064258805,2.06660523249164,19.256591796875,22.7406999991989,22.7401999991989,454814,"2026_06_04_0031","2026_06_04_0031_ev00251_rec0","no",453260
252,0,22.8625499991989,-414.603066580636,-421.752899169922,-7.14983258928572,0.450000000000728,0.299999999999301,0.349999999997408,-410.362611701196,-8.17534190126659,2.12045138163214,107.975551060268,22.8625499991989,22.8620499991989,457251,"2026_06_04_0031","2026_06_04_0031_ev00252_rec0","no",453261
253,0,23.0407999991989,-405.099020821708,-426.025360107422,-20.9263392857143,1.75000000000125,9.39999999999941,6.3999999999993,-961100.42200675,960702.159824606,422507.374226696,-859.717232840402,23.0395499991989,23.0373999991989,460816,"2026_06_04_0031","2026_06_04_0031_ev00253_rec0","no",453262
254,0,23.0651999991989,-413.934586297898,-490.112274169922,-76.1776878720238,1.95000000000078,8.15000000000055,6.49999999999906,-408.805753228736,-87.6190557230054,6.72312568434732,-666.601271856398,23.0632999991989,23.0610999991989,461304,"2026_06_04_0031","2026_06_04_0031_ev00254_rec0","no",453263
255,0,23.1211499991989,-406.813818068731,-426.025360107422,-19.2115420386905,0.750000000000028,3.25000000000131,4.30000000000064,-410.921400716223,-12.4750001434532,3.01715139384978,-178.929646809896,23.1205499991989,23.1194499991989,462423,"2026_06_04_0031","2026_06_04_0031_ev00255_rec0","no",453264
256,0,23.1597499991989,-419.282428559803,-432.128875732422,-12.846447172619,0.149999999997874,8.19999999999865,8.25000000000031,-416.435085804147,-28.3643452958985,6.24623474166688,-112.197149367559,23.1583999991989,23.1582499991989,463195,"2026_06_04_0031","2026_06_04_0031_ev00256_rec0","no",453265
257,0,23.2481499991989,-402.832000732422,-410.766571044922,-7.9345703125,0.550000000000495,11.6000000000014,29.9999999999976,-406.467426685302,-7.70919694030355,3.4958667990703,-141.799926757812,23.2479999991989,23.2474499991989,464963,"2026_06_04_0031","2026_06_04_0031_ev00257_rec0","no",453266
258,0,23.7861499991989,-402.832000732422,-408.325164794922,-5.4931640625,0.0499999999981071,6.65000000000049,4.59999999999994,-103311.732474557,102908.521156741,285995.796374635,-173.629760742188,23.7860999991989,23.7860499991989,475723,"2026_06_04_0031","2026_06_04_0031_ev00258_rec0","no",453267
259,0,23.8187999991989,-412.132595970517,-421.142547607422,-9.00995163690476,0.10000000000332,0.0500000000016598,0,-402.965032103289,-11.1487205379919,5.07179339520254,218.207223074777,23.8187999991989,23.8186999991989,476376,"2026_06_04_0031","2026_06_04_0031_ev00259_rec0","no",453268
260,0,23.9371499991989,-403.442352294922,-415.649383544922,-12.20703125,0.0999999999997669,2.54999999999939,24.0999999999971,-408.858894587911,-8.17475948651811,0.723012763237561,-180.892944335938,23.9360999991989,23.9359999991989,478743,"2026_06_04_0031","2026_06_04_0031_ev00260_rec0","no",453269
261,0,24.0035499991989,-411.783823649089,-442.504852294922,-30.7210286458333,2.79999999999703,8.09999999999889,7.95000000000101,-415.03854006088,-30.6515342311981,5.9880084723046,-356.740315755208,24.0022499991989,23.9994499991989,480071,"2026_06_04_0031","2026_06_04_0031_ev00261_rec0","no",453270
262,0,24.0291499991989,-414.574002220517,-422.363250732422,-7.78924851190476,0.599999999998602,1.00000000000122,1.4499999999984,-406.269400078446,-13.6255921581969,7.30508618153497,146.653674897694,24.0291499991989,24.0283499991989,480583,"2026_06_04_0031","2026_06_04_0031_ev00262_rec0","no",453271
263,0,24.0667499991989,-409.168031238374,-420.532196044922,-11.3641648065476,1.95000000000078,16.7499999999983,18.0000000000007,-366.036325424863,-55.4750254369629,113.470137393161,-197.248912992931,24.0652499991989,24.0632499991989,481335,"2026_06_04_0031","2026_06_04_0031_ev00263_rec0","no",453272
264,0,24.2272499991989,-417.480438232422,-446.166961669922,-28.6865234375,0.350000000000961,4.6999999999997,5.29999999999831,-407.349516633531,-42.027157706249,7.53773629958573,-26.7333984375,24.2264999991989,24.2261499991989,484545,"2026_06_04_0031","2026_06_04_0031_ev00264_rec0","no",453273
265,0,24.2929499991989,-417.393245152065,-493.164031982422,-75.7707868303572,3.39999999999918,11.3000000000021,9.85000000000014,-416.040062123919,-85.7472334197851,9.22167412106264,-1080.90427943638,24.2902999991989,24.2812499991989,485859,"2026_06_04_0031","2026_06_04_0031_ev00265_rec0","no",453274
266,0,24.3258999991989,-419.282428559803,-454.711883544922,-35.429454985119,0.249999999997641,5.30000000000186,5.60000000000116,-427.398122907047,-37.7493859855334,2.77720306408257,-404.576619466146,24.3244999991989,24.3241999991989,486518,"2026_06_04_0031","2026_06_04_0031_ev00266_rec0","no",453275
267,0,24.3484499991989,-414.864645821708,-446.777313232422,-31.9126674107143,1.09999999999744,6.29999999999953,7.85000000000124,-420.977450178716,-29.1014780262959,4.81936914239564,-360.233851841518,24.3476999991989,24.3465499991989,486969,"2026_06_04_0031","2026_06_04_0031_ev00267_rec0","no",453276
268,0,24.3726999991989,-428.030800955636,-433.349578857422,-5.31877790178572,0.0500000000016598,0.549999999996942,0.199999999999534,-422.59445388013,-9.41984551039864,0.921868215735627,153.291974748884,24.3726999991989,24.3722999991989,487454,"2026_06_04_0031","2026_06_04_0031_ev00268_rec0","no",453277
269,0,24.4247999991989,-423.961790538969,-450.439422607422,-26.4776320684524,0.450000000000728,5.10000000000232,2.70000000000081,-412.031992346804,-32.1501907742415,6.83803411416091,72.4472772507431,24.4218999991989,24.4212999991989,488496,"2026_06_04_0031","2026_06_04_0031_ev00269_rec0","no",453278
270,0,24.5080999991989,-418.003596714565,-453.491180419922,-35.4875837053572,3.09999999999988,4.30000000000064,3.94999999999968,-425.268189599492,-26.6465488892997,2.60399952974078,-334.12824358259,24.5078999991989,24.5043999991989,490162,"2026_06_04_0031","2026_06_04_0031_ev00270_rec0","no",453279
271,0,24.6497499991989,-407.104461669922,-417.480438232422,-10.3759765625,4.3500000000023,40.9000000000006,30.0000000000011,-418.878084451376,-12.6187694986287,7.43578972507079,-662.9638671875,24.6419999991989,24.6376499991989,492995,"2026_06_04_0031","2026_06_04_0031_ev00271_rec0","no",453280
272,0,24.8453999991989,-422.334186372303,-451.660125732422,-29.325939360119,4.9500000000009,12.5999999999991,7.60000000000005,-431.320166040974,-23.7851347401084,2.97908996608021,-482.88835797991,24.8440999991989,24.8367499991989,496908,"2026_06_04_0031","2026_06_04_0031_ev00272_rec0","no",453281
273,0,24.8723499991989,-428.466766357422,-440.673797607422,-12.20703125,0.250000000001194,5.94999999999857,6.49999999999906,-421.347228099235,-25.7670450274986,8.17232065141022,0.758934110812717,24.8720499991989,24.8717999991989,497447,"2026_06_04_0031","2026_06_04_0031_ev00273_rec0","no",453282
274,0,24.9484999991989,-425.896548177649,-476.469879935274,-50.5733317576248,1.15000000000265,6.35000000000119,7.14999999999932,-419.895177491471,-52.3981566625188,9.49521156144958,-367.372189100925,24.9478499991989,24.9465999991989,498970,"2026_06_04_0031","2026_06_04_0031_ev00274_rec0","no",453283
275,0,25.0501499991989,-418.977774213135,-445.640460589321,-26.6626863761857,1.50000000000006,5.04999999999711,5.44999999999973,-416.193775997011,-30.9786356592185,6.09554860218229,-139.388067485876,25.0498499991989,25.0481499991989,501003,"2026_06_04_0031","2026_06_04_0031_ev00275_rec0","no",453284
276,0,25.1340499991989,-417.457909899764,-427.918786719594,-10.4608768198307,0.0500000000016598,0.150000000001427,0.499999999998835,-411.712441749674,-10.1871356360267,8.23735848882371,89.9588791273785,25.1340499991989,25.1338499991989,502681,"2026_06_04_0031","2026_06_04_0031_ev00276_rec0","no",453285
277,0,25.2752999991989,-418.512034180974,-425.773048711513,-7.26101453053826,0.450000000000728,0.150000000001427,0.0999999999997669,-413.917483221579,-7.422092880641,4.17011636036395,106.055739351596,25.2752999991989,25.2747999991989,505506,"2026_06_04_0031","2026_06_04_0031_ev00277_rec0","no",453286
278,0,25.4235499991989,-417.018130771114,-444.259379408279,-27.2412486371647,4.85000000000113,9.10000000000011,4.14999999999921,-413.903680136066,-30.7984942605703,4.88009698332663,-202.045136999212,25.4203499991989,25.4143999991989,508471,"2026_06_04_0031","2026_06_04_0031_ev00278_rec0","no",453287
279,0,25.4717499991989,-408.365060883992,-430.168947112107,-21.8038862281148,1.04999999999933,9.85000000000014,11.7500000000028,-396.520562941187,-38.0012149315978,18.1700342487923,-231.620036365347,25.4710999991989,25.4699999991989,509435,"2026_06_04_0031","2026_06_04_0031_ev00279_rec0","no",453288
280,0,25.6488499991989,-412.8711176631,-483.816306768197,-70.9451891050969,2.49999999999773,7.85000000000124,7.64999999999816,-411.15215445738,-77.3083707934781,7.50860964150401,-685.997425178098,25.6483499991989,25.6455999991989,512977,"2026_06_04_0031","2026_06_04_0031_ev00280_rec0","no",453289
281,0,25.7089999991989,-414.689248649304,-448.222846618272,-33.5335979689687,2.44999999999962,9.40000000000296,9.85000000000014,-414.750553669698,-36.0838540691446,9.16563117219717,-394.42708550712,25.7082499991989,25.7056999991989,514180,"2026_06_04_0031","2026_06_04_0031_ev00281_rec0","no",453290
282,0,25.7620499991989,-418.553544046277,-421.325512503659,-2.77196845738212,0.150000000001427,0.349999999997408,0.299999999999301,-411.307594289187,-9.84149654323527,1.77822670467698,199.884736259535,25.7620499991989,25.7618999991989,515241,"2026_06_04_0031","2026_06_04_0031_ev00282_rec0","no",453291
283,0,25.9573999991989,-416.653687347172,-421.095133779938,-4.44144643276536,0.650000000000261,1.00000000000122,0.950000000003115,-411.249212970138,-9.31741910291942,3.48245922277192,127.772627236155,25.9573499991989,25.9566999991989,519148,"2026_06_04_0031","2026_06_04_0031_ev00283_rec0","no",453292
284,0,26.0549999991989,-397.07550507125,-410.521087243205,-13.4455821719543,0.549999999996942,32.350000000001,30.0000000000011,-410.941755890278,-8.92072665746693,7.42007092292303,-538.50670359198,26.0526499991989,26.0520999991989,521100,"2026_06_04_0031","2026_06_04_0031_ev00284_rec0","no",453293
285,0,26.0963499991989,-416.580694185151,-425.876109972297,-9.29541578714623,0.0499999999981071,16.0499999999999,14.800000000001,-294549.898520969,294144.715991009,293092.172976029,-109.054800663143,26.0961999991989,26.0960499991989,521927,"2026_06_04_0031","2026_06_04_0031_ev00285_rec0","no",453294
286,0,26.1275999991989,-415.340297308238,-510.398251014376,-95.0579537061382,3.29999999999941,7.40000000000052,6.59999999999883,-413.696404334249,-101.756481091061,6.4803148180603,-868.861979202573,26.1265499991989,26.1228499991989,522552,"2026_06_04_0031","2026_06_04_0031_ev00286_rec0","no",453295
287,0,26.1913999991989,-418.024830558727,-434.743675006266,-16.7188444475389,0.599999999998602,2.74999999999892,2.54999999999939,-416.720709413391,-14.3285782975918,3.90956030665628,-32.5898462193992,26.1899999991989,26.1893499991989,523828,"2026_06_04_0031","2026_06_04_0031_ev00287_rec0","no",453296
288,0,26.2937999991989,-406.832282361351,-432.54087081518,-25.7085884538292,1.59999999999982,7.14999999999932,8.54999999999961,-410.06941703976,-25.3557706006394,6.12953016025346,-291.152845255355,26.2934499991989,26.2913499991989,525876,"2026_06_04_0031","2026_06_04_0031_ev00288_rec0","no",453297
289,0,26.3579999991989,-410.884224390708,-416.104651581607,-5.22042719089893,0.0999999999997669,30.0499999999992,30.0000000000011,-408.213794793023,1.32748913507047,33.718999673825,106.345867751684,26.3579999991989,26.3578999991989,527160,"2026_06_04_0031","2026_06_04_0031_ev00289_rec0","no",453298
290,0,26.3989999991989,-403.726442342922,-409.706353953804,-5.97991161088214,0.550000000000495,9.49999999999918,8.40000000000174,-915662.562484886,915278.2214918,355807.821476517,-597.245110161862,26.3972999991989,26.3967499991989,527980,"2026_06_04_0031","2026_06_04_0031_ev00290_rec0","no",453299
291,0,26.4485999991989,-561.323807506608,-1092.73215188855,-531.408344381945,4.9500000000009,13.5000000000005,5.15000000000043,-471.942309994686,-649.488460242516,6.25036128104357,-5567.68996588557,26.4409499991989,26.4350499991989,528972,"2026_06_04_0031","2026_06_04_0031_ev00291_rec0","no",453300
292,0,26.5191499991989,-460.75279544192,-491.653042611067,-30.9002471691472,0.250000000001194,2.60000000000105,2.30000000000175,-430.580623106217,-62.6341014634724,5.64118210337418,531.708922677896,26.5185499991989,26.5181999991989,530383,"2026_06_04_0031","2026_06_04_0031_ev00292_rec0","no",453301
293,0,26.5492999991989,-425.176744480624,-434.086139675032,-8.90939519440752,1.39999999999674,10.749999999998,11.7999999999974,-419.77602579498,-18.2367072984867,15.9125595648842,-106.452141895109,26.5489999991989,26.5472499991989,530986,"2026_06_04_0031","2026_06_04_0031_ev00293_rec0","no",453302
294,0,26.5846999991989,-416.903236396005,-440.310472347105,-23.4072359510999,0.800000000001688,1.79999999999936,2.74999999999892,-415.790387578107,-16.8374060461816,5.08968772524509,-76.6835144053821,26.5840499991989,26.5827499991989,531694,"2026_06_04_0031","2026_06_04_0031_ev00294_rec0","no",453303
295,0,26.6362499991989,-432.03836305535,-447.514714354135,-15.4763512987857,0.699999999998369,0.399999999999068,0.150000000001427,-417.983387274955,-20.7825470451231,3.05843025676397,356.102594628281,26.6362499991989,26.6354499991989,532725,"2026_06_04_0031","2026_06_04_0031_ev00295_rec0","no",453304
296,0,26.6535499991989,-405.225254726061,-414.3712941021,-9.14603937603891,8.15000000000055,36.1499999999992,29.9999999999976,-416.095934352136,-8.19093815237323,2.98376313014259,-524.559315399105,26.6495499991989,26.6413999991989,533071,"2026_06_04_0031","2026_06_04_0031_ev00296_rec0","no",453305
297,0,26.6958499991989,-427.244694847867,-431.867328063322,-4.62263321545532,1.24999999999886,1.09999999999744,0,-424.518631959238,-1.04343119256776,2.54059888859646,70.9669064267651,26.6944499991989,26.6930999991989,533917,"2026_06_04_0031","2026_06_04_0031_ev00297_rec0","no",453306
298,0,26.7139499991989,-429.562859836657,-433.318906149133,-3.75604631247597,0.350000000000961,0.850000000003348,0.700000000001921,-420.079043049107,-12.5713839912864,4.92801161749193,221.641523090417,26.7139499991989,26.7135999991989,534279,"2026_06_04_0031","2026_06_04_0031_ev00298_rec0","no",453307
299,0,26.8238499991989,-418.71851322159,-463.985054903753,-45.2665416821632,3.55000000000061,5.74999999999903,5.95000000000212,-421.391794618233,-37.3653154771821,6.08100799553742,-403.612001680465,26.8233499991989,26.8186499991989,536477,"2026_06_04_0031","2026_06_04_0031_ev00299_rec0","no",453308
300,0,26.8636999991989,-427.039553696212,-433.738074542061,-6.69852084584824,0.0499999999981071,3.94999999999968,3.14999999999799,-418.701625660647,-21.2937531574931,4.66349430565796,136.140279505342,26.8623999991989,26.8623499991989,537274,"2026_06_04_0031","2026_06_04_0031_ev00300_rec0","no",453309
301,0,26.8994499991989,-425.769534155852,-437.993251204097,-12.2237170482446,0.799999999998136,1.45000000000195,0,-426.243694171752,-2.23382456429189,2.95083825586422,-36.6644385429882,26.8989999991989,26.8977999991989,537989,"2026_06_04_0031","2026_06_04_0031_ev00301_rec0","no",453310
302,0,26.9176499991989,-420.267452689794,-446.932129415712,-26.6646767259179,0.250000000001194,2.90000000000035,3.79999999999825,-424.578116445111,-19.6859256900439,2.99023846315576,-202.946168717694,26.9169999991989,26.9166499991989,538353,"2026_06_04_0031","2026_06_04_0031_ev00302_rec0","no",453311
303,0,26.9441999991989,-427.419377968678,-431.138183203457,-3.71880523477842,0,0.149999999997874,0.299999999999301,-419.349269681273,-10.304059341035,3.62937515076218,204.385548988549,26.9441999991989,26.9440999991989,538884,"2026_06_04_0031","2026_06_04_0031_ev00303_rec0","no",453312
304,0,27.0166999991989,-412.535058184244,-418.325416082294,-5.79035789805027,1.04999999999933,10.3000000000009,10.8999999999995,-411.187957133552,-14.7161429148067,7.58671499225843,-81.9082837528557,27.0166999991989,27.0156499991989,540334,"2026_06_04_0031","2026_06_04_0031_ev00304_rec0","no",453313
305,0,27.1501999991989,-418.113645413129,-442.387056154404,-24.2734107412743,1.45000000000195,31.3000000000017,26.5999999999984,-106919.388108818,106502.846772325,268658.325144164,-162.298494167959,27.1496999991989,27.1481499991989,543004,"2026_06_04_0031","2026_06_04_0031_ev00305_rec0","no",453314
306,0,27.1732499991989,-416.118406933098,-451.962260775182,-35.8438538420842,1.04999999999933,4.85000000000113,6.09999999999999,-413.75930603322,-33.8316577444487,7.91832037184713,-218.602122350252,27.1731499991989,27.1719999991989,543465,"2026_06_04_0031","2026_06_04_0031_ev00306_rec0","no",453315
307,0,27.2417999991989,-416.155003350748,-424.187912587377,-8.03290923662826,0.449999999997175,3.8000000000018,4.6999999999997,-417.77703197812,-8.78543315926153,2.49778243974792,-76.4291740902857,27.2416499991989,27.2411999991989,544836,"2026_06_04_0031","2026_06_04_0031_ev00307_rec0","no",453316
308,0,27.3228999991989,-426.16058892382,-430.928289861694,-4.76770093787439,0.599999999998602,30.149999999999,30.0000000000011,-20873.8729400013,20451.606975895,306762.563239924,85.4745268023343,27.3228999991989,27.3221999991989,546458,"2026_06_04_0031","2026_06_04_0031_ev00308_rec0","no",453317
309,0,27.4243499991989,-426.424781362559,-431.548182423125,-5.12340106056587,1.79999999999936,7.54999999999839,6.65000000000049,-411.361424434172,-22.7433041509817,22.7071414217682,53.8695655848642,27.4243499991989,27.4225499991989,548487,"2026_06_04_0031","2026_06_04_0031_ev00309_rec0","no",453318
310,0,27.5007999991989,-429.726354425618,-439.278483916345,-9.55212949072774,1.84999999999746,11.650000000003,9.85000000000014,-427.261815535213,-12.2977758459944,13.7534772486281,-126.459056157916,27.4994499991989,27.4960499991989,550016,"2026_06_04_0031","2026_06_04_0031_ev00310_rec0","no",453319
311,0,27.5731999991989,-422.586857012634,-442.141657193624,-19.5548001809901,2.74999999999892,6.45000000000095,5.5499999999995,-411.001493925847,-27.5854516993537,14.4742856640928,-54.6317140094217,27.5728999991989,27.5701499991989,551464,"2026_06_04_0031","2026_06_04_0031_ev00311_rec0","no",453320
312,0,27.6375499991989,-422.683621441295,-426.840380954458,-4.15675951316376,0.0499999999981071,0.949999999999562,0.700000000001921,-413.576200866139,-13.3464899050768,3.16141786274062,230.164239342584,27.6375499991989,27.6370999991989,552751,"2026_06_04_0031","2026_06_04_0031_ev00312_rec0","no",453321
313,0,27.6932999991989,-420.987943558855,-428.645096292697,-7.65715273384183,0,0.350000000000961,1.24999999999886,-412.772882582734,-12.4557620890764,10.5593188620263,121.981967162313,27.6932999991989,27.6931999991989,553866,"2026_06_04_0031","2026_06_04_0031_ev00313_rec0","no",453322
314,0,27.7475999991989,-414.623633443351,-456.124334097445,-41.5007006540943,1.59999999999982,7.40000000000052,7.40000000000052,-421.457084127861,-40.2812172804124,4.7583448711033,-481.641163398118,27.7465999991989,27.7445499991989,554952,"2026_06_04_0031","2026_06_04_0031_ev00314_rec0","no",453323
315,0,27.7768499991989,-421.296246767718,-429.406154190288,-8.1099074225699,0.199999999999534,30.1000000000009,30.0000000000011,-42102.9534706687,41687.3295517272,382738.626732396,119.620827724403,27.7768499991989,27.7765499991989,555537,"2026_06_04_0031","2026_06_04_0031_ev00315_rec0","no",453324
316,0,27.8139999991989,-424.735262037078,-427.783945157485,-3.04868312040679,0.199999999999534,0.199999999999534,0,-418.538069624064,-5.78405769083437,4.28464804036673,161.247079780569,27.8139999991989,27.8137499991989,556280,"2026_06_04_0031","2026_06_04_0031_ev00316_rec0","no",453325
317,0,27.8410999991989,-422.871622031483,-428.427608119485,-5.55598608800142,0.299999999999301,0.0499999999981071,0,-417.992113513574,-6.82286597494692,1.79587512058603,133.857413858762,27.8410999991989,27.8406999991989,556822,"2026_06_04_0031","2026_06_04_0031_ev00317_rec0","no",453326
318,0,27.8893999991989,-414.495544645497,-421.837335693339,-7.34179104784238,0.149999999997874,16.0499999999999,29.9999999999976,-417.71410880348,-9.13757688750894,5.28721318633158,-147.418227398485,27.8892499991989,27.8890999991989,557788,"2026_06_04_0031","2026_06_04_0031_ev00318_rec0","no",453327
319,0,27.9217999991989,-413.709938384598,-419.221633447027,-5.51169506242849,0.849999999999795,12.5999999999991,21.5999999999994,-415.566099118664,-7.34142233621978,5.8508407234665,-107.209311389715,27.9217999991989,27.9208499991989,558436,"2026_06_04_0031","2026_06_04_0031_ev00319_rec0","no",453328
320,0,28.0224999991989,-418.650813180303,-425.174796676777,-6.5239834964741,0.0500000000016598,0.0999999999997669,0,-414.071027519862,-7.08889725750442,1.80171556770278,124.286817879358,28.0223999991989,28.0223499991989,560450,"2026_06_04_0031","2026_06_04_0031_ev00320_rec0","no",453329
321,0,28.3168499991989,-417.587189265068,-422.564568421334,-4.97737915626612,0.0999999999997669,6.3999999999993,7.50000000000028,-416.809480113565,-10.2427899507148,5.4932023555204,-34.2999929956671,28.3167499991989,28.3166499991989,566337,"2026_06_04_0031","2026_06_04_0031_ev00321_rec0","no",453330
322,0,28.6896999991989,-413.986332370789,-465.348359731821,-51.3620273610328,2.20000000000198,5.74999999999903,5.15000000000043,-410.740899134656,-49.9850106506161,6.38722409848316,-316.611696765436,28.6886499991989,28.6863499991989,573794,"2026_06_04_0031","2026_06_04_0031_ev00322_rec0","no",453331
323,0,28.7286999991989,-414.564751940823,-417.409586647687,-2.84483470686399,0.349999999997408,1.29999999999697,1.10000000000099,-410.265016861469,-9.22270168530214,2.00434555690458,109.402593530608,28.7286999991989,28.7282499991989,574574,"2026_06_04_0031","2026_06_04_0031_ev00323_rec0","no",453332
324,0,28.7748499991989,-455.549869947838,-635.811663690395,-180.261793742557,1.89999999999912,9.04999999999845,9.55000000000084,-416.79253725161,-233.969892178706,11.9718216405113,-1755.09219030015,28.7738999991989,28.7709499991989,575497,"2026_06_04_0031","2026_06_04_0031_ev00324_rec0","no",453333
325,0,28.8269999991989,-452.752662850528,-471.951777914629,-19.1991150641011,0.600000000002154,4.6999999999997,3.79999999999825,-417.958828458235,-64.002174140206,8.91762464242194,462.107144168012,28.8259499991989,28.8249499991989,576540,"2026_06_04_0031","2026_06_04_0031_ev00325_rec0","no",453334
326,0,28.8584499991989,-419.045657299235,-453.695277086863,-34.6496197876283,0.900000000001455,12.2499999999981,13.6000000000003,-323.791552067743,-129.02455281226,76.7206102868973,-400.931136042963,28.8573999991989,28.8557499991989,577169,"2026_06_04_0031","2026_06_04_0031_ev00326_rec0","no",453335
327,0,28.8990499991989,-414.312961030886,-447.674875408221,-33.3619143773349,0.849999999999795,9.59999999999894,29.9999999999976,-428.511989992456,-24.2370192307238,3.22329029524724,-589.081423938965,28.8972499991989,28.8962499991989,577981,"2026_06_04_0031","2026_06_04_0031_ev00327_rec0","no",453336
328,0,28.9360499991989,-417.146882574679,-494.280330538672,-77.133447963993,11.3000000000021,12.7999999999986,11.7499999999993,-391.381560489561,-101.276911168006,18.8499700326656,-1244.47808197768,28.9349999991989,28.9225999991989,578721,"2026_06_04_0031","2026_06_04_0031_ev00328_rec0","no",453337
329,0,29.0220999991989,-431.338675474314,-458.053911840421,-26.7152363661066,0.499999999998835,6.45000000000095,7.89999999999935,-410.947943920215,-44.3147240753959,20.6969996523225,-124.29154440226,29.0217499991989,29.0194499991989,580442,"2026_06_04_0031","2026_06_04_0031_ev00329_rec0","no",453338
330,0,29.1062999991989,-409.53338448673,-431.767131595303,-22.2337471085732,3.25000000000131,10.7500000000016,11.3999999999983,-416.025476269703,-15.1036472811024,5.27745722526856,-358.49795670576,29.1046999991989,29.1011999991989,582126,"2026_06_04_0031","2026_06_04_0031_ev00330_rec0","no",453339
331,0,29.1379999991989,-414.459469990627,-442.480855495827,-28.0213855051998,0.799999999998136,5.10000000000232,29.9999999999976,-426.6544956784,-21.7394022368626,1.38056909155448,-440.883670347504,29.1366499991989,29.1358499991989,582760,"2026_06_04_0031","2026_06_04_0031_ev00331_rec0","no",453340
332,0,29.1588999991989,-417.022156188443,-449.543471553181,-32.5213153647381,0.350000000000961,6.60000000000238,12.95,-351.555727945633,-85.3002526535216,134.873992174848,-353.912917648129,29.1581499991989,29.1577999991989,583178,"2026_06_04_0031","2026_06_04_0031_ev00332_rec0","no",453341
333,0,29.2190999991989,-418.371004860477,-464.58677397906,-46.2157691185833,0.849999999999795,5.40000000000163,5.5499999999995,-422.055412444719,-41.9573179329642,4.86356565572752,-384.129404943547,29.2179999991989,29.2170499991989,584382,"2026_06_04_0031","2026_06_04_0031_ev00333_rec0","no",453342
334,0,29.2568499991989,-425.714527690993,-441.201198340064,-15.4866706490714,0.499999999998835,10.0999999999978,11.2000000000023,-404.781848108017,-42.1351919714977,24.4352134735363,-118.995566758998,29.2562999991989,29.2556999991989,585137,"2026_06_04_0031","2026_06_04_0031_ev00334_rec0","no",453343
335,0,29.3053999991989,-417.189276408325,-452.321608356084,-35.1323319477589,6.19999999999976,10.9500000000011,8.25000000000031,-425.377019084409,-23.8750655984709,5.14921392384133,-537.132296068695,29.3046999991989,29.2981999991989,586108,"2026_06_04_0031","2026_06_04_0031_ev00335_rec0","no",453344
336,0,29.3275999991989,-427.919536399002,-436.119147626356,-8.19961122735396,0.0499999999981071,0.250000000001194,0.350000000000961,-415.502896332133,-16.6095895598078,4.67066389482261,294.707466154215,29.3275999991989,29.3272499991989,586552,"2026_06_04_0031","2026_06_04_0031_ev00336_rec0","no",453345
337,0,29.3598499991989,-417.581962325241,-465.308327523902,-47.7263651986605,1.59999999999982,7.04999999999956,8.59999999999772,-422.313718722166,-34.0477379735261,8.89327133275015,-516.207788312949,29.3591499991989,29.3575499991989,587197,"2026_06_04_0031","2026_06_04_0031_ev00337_rec0","no",453346
338,0,29.4327999991989,-416.551991320918,-421.34742621612,-4.79543489520154,0.0499999999981071,30.1000000000009,30.0000000000011,-43236.6573492998,42826.384767563,310766.117233272,125.969831156808,29.4327999991989,29.4326499991989,588656,"2026_06_04_0031","2026_06_04_0031_ev00338_rec0","no",453347
339,0,29.5039499991989,-415.281915039683,-450.514499940538,-35.2325849008552,1.59999999999982,5.85000000000235,7.65000000000171,-423.822196227163,-22.0490131031458,4.80606000979296,-408.8985438224,29.5035499991989,29.5018999991989,590079,"2026_06_04_0031","2026_06_04_0031_ev00339_rec0","no",453348
340,0,29.5429499991989,-426.862808397754,-432.431752149806,-5.56894375205138,0.0999999999997669,0.450000000000728,0.750000000000028,-412.295692110381,-18.3954167853527,7.55284518482896,300.351320542459,29.5429499991989,29.5428499991989,590859,"2026_06_04_0031","2026_06_04_0031_ev00340_rec0","no",453349
341,0,29.6416999991989,-403.564199259139,-410.261815230807,-6.69761597166769,1.04999999999933,30.3500000000021,30.0000000000011,-409.596821855938,-7.33124753406289,3.82509733350018,-219.204765698984,29.6416999991989,29.6406499991989,592834,"2026_06_04_0031","2026_06_04_0031_ev00341_rec0","no",453350
342,0,29.6951999991989,-413.11087751219,-431.403248634146,-18.2923711219554,1.50000000000006,8.05000000000078,8.40000000000174,-416.762613510632,-21.251335395207,4.36804570041766,-249.491278901939,29.6945999991989,29.6923999991989,593904,"2026_06_04_0031","2026_06_04_0031_ev00342_rec0","no",453351
343,0,29.8944999991989,-423.823146176062,-425.872394492593,-2.04924831653125,0.199999999999534,1.69999999999959,1.69999999999959,-415.546150822245,-11.5282070889971,7.07082459211719,166.121686030924,29.8944999991989,29.8941999991989,597890,"2026_06_04_0031","2026_06_04_0031_ev00343_rec0","no",453352
344,0,29.9359999991989,-393.513396218681,-405.746139166623,-12.2327429479413,1.69999999999959,31.7000000000007,30.0000000000011,-412.038500689818,-3.60093934282059,2.24396221718656,-598.26278642855,29.9359999991989,29.9342999991989,598720,"2026_06_04_0031","2026_06_04_0031_ev00344_rec0","no",453353
345,0,30.0126499991989,-413.819609820254,-418.209742911871,-4.39013309161749,0.499999999998835,5.30000000000186,4.99999999999901,-412.937532690421,-8.16439811204251,4.22470907716094,-16.4493835245765,30.0117999991989,30.0107499991989,600253,"2026_06_04_0031","2026_06_04_0031_ev00345_rec0","no",453354
346,0,30.0464999991989,-412.244415679695,-414.95365367852,-2.70923799882473,0.299999999999301,9.49999999999918,29.9999999999976,-413.273345033487,-8.61849670959676,2.80194181111176,-58.5635944790207,30.0464999991989,30.0458999991989,600930,"2026_06_04_0031","2026_06_04_0031_ev00346_rec0","no",453355
347,0,30.1986999991989,-416.927872564339,-432.355204304005,-15.4273317396668,7.95000000000101,20.900000000001,19.2999999999977,-395.790709709619,-37.7908880998935,56.4205663487899,-370.022787329194,30.1981499991989,30.1884999991989,603974,"2026_06_04_0031","2026_06_04_0031_ev00347_rec0","no",453356
348,0,30.2396999991989,-418.605013080436,-442.248567602384,-23.643554521947,0.599999999998602,8.89999999999702,10.5500000000021,-423.399444054009,-27.1527725631113,5.48352988163391,-330.856792056813,30.2384499991989,30.2377999991989,604794,"2026_06_04_0031","2026_06_04_0031_ev00348_rec0","no",453357
349,0,30.3611499991989,-418.205414875423,-441.979060025742,-23.7736451503191,0.849999999999795,3.39999999999918,7.04999999999956,-413.200944096992,-19.1324498855135,21.6221070094399,-181.170646756313,30.3608999991989,30.3595999991989,607223,"2026_06_04_0031","2026_06_04_0031_ev00349_rec0","no",453358
350,0,30.4344499991989,-417.8991557372,-424.235519076616,-6.33636333941638,0.399999999999068,5.64999999999927,6.09999999999999,-417.73033151309,-13.6276217354777,3.60725498898117,-54.946417111755,30.4338999991989,30.4334999991989,608689,"2026_06_04_0031","2026_06_04_0031_ev00350_rec0","no",453359
351,0,30.4856499991989,-415.210247762188,-468.480739112921,-53.2704913507324,0.750000000000028,5.8499999999988,6.45000000000095,-421.727826061987,-49.9459191723293,4.84209402987077,-510.991199588362,30.4846499991989,30.4838499991989,609713,"2026_06_04_0031","2026_06_04_0031_ev00351_rec0","no",453360
352,0,30.5809499991989,-422.064466436555,-435.0511306132,-12.9866641766446,0.399999999999068,31.1500000000002,30.0000000000011,-32794.3568812378,32371.7517659865,263300.620449086,-83.6178321473506,30.5808499991989,30.5794499991989,611619,"2026_06_04_0031","2026_06_04_0031_ev00352_rec0","no",453361
353,0,30.6040999991989,-419.441486660585,-432.27542726212,-12.8339406015353,0.349999999997408,9.45000000000107,10.4999999999968,-420.534326938419,-13.3296961964188,8.10073014448874,-165.571373134102,30.6023999991989,30.6016999991989,612082,"2026_06_04_0031","2026_06_04_0031_ev00353_rec0","no",453362
354,0,30.6552999991989,-420.18716800854,-422.749881112129,-2.56271310358898,0.150000000001427,19.3000000000012,18.1000000000004,-129118.665878393,128704.57006489,330770.302743125,4.82511732691658,30.6548999991989,30.6545499991989,613106,"2026_06_04_0031","2026_06_04_0031_ev00354_rec0","no",453363
355,0,30.7199499991989,-436.11643688609,-448.187372431954,-12.0709355458637,0.299999999999301,0.599999999998602,0,-413.671827026748,-25.4512221207113,16.2523001526616,319.779840545125,30.7199499991989,30.7186499991989,614399,"2026_06_04_0031","2026_06_04_0031_ev00355_rec0","no",453364
356,0,30.7776499991989,-423.955519700443,-438.27415957454,-14.3186398740968,0.0999999999997669,0.499999999998835,0.199999999999534,-417.73136787054,-12.8870785301117,1.82279157527509,161.197465682913,30.7776499991989,30.7768999991989,615553,"2026_06_04_0031","2026_06_04_0031_ev00356_rec0","no",453365
357,0,30.9344999991989,-428.63796705127,-457.97206984833,-29.3341027970604,2.15000000000032,4.54999999999828,3.8000000000018,-425.662582237068,-28.8076135427827,5.18552974289864,-99.2865674557215,30.9342499991989,30.9320999991989,618690,"2026_06_04_0031","2026_06_04_0031_ev00357_rec0","no",453366
358,0,30.9727499991989,-421.92147353444,-427.963380869977,-6.04190733553736,0.0999999999997669,1.30000000000052,1.59999999999982,-417.270124311579,-10.4085467997765,3.92191405448233,98.2024735192927,30.9727499991989,30.9726499991989,619455,"2026_06_04_0031","2026_06_04_0031_ev00358_rec0","no",453367
359,0,31.0168999991989,-422.673498166273,-448.12057433975,-25.4470761734768,6.1499999999981,14.3499999999968,15.3999999999996,-121.740348867561,-324.170205711952,353.631376606922,-459.024618224425,31.0147499991989,31.0070999991989,620338,"2026_06_04_0031","2026_06_04_0031_ev00359_rec0","no",453368
360,0,31.0998499991989,-421.536764805048,-428.0993509552,-6.56258615015162,0.499999999998835,3.00000000000011,3.09999999999988,-417.704465327365,-13.302589215605,4.12704920636901,55.1438719503179,31.0996499991989,31.0990499991989,621997,"2026_06_04_0031","2026_06_04_0031_ev00360_rec0","no",453369
361,0,31.1910999991989,-411.433587982562,-419.288632802202,-7.85504481963932,0.199999999999534,14.3999999999984,29.9999999999976,-414.6741943725,-9.38920946144066,5.47298281958834,-153.551884967704,31.1908999991989,31.1906999991989,623822,"2026_06_04_0031","2026_06_04_0031_ev00361_rec0","no",453370
362,0,31.4232999991989,-428.320529448157,-430.62371109186,-2.30318164370289,0.150000000001427,1.4499999999984,1.04999999999933,-422.839738958547,-7.77392880620491,5.09953911257353,122.795375750297,31.4232999991989,31.4224999991989,628466,"2026_06_04_0031","2026_06_04_0031_ev00362_rec0","no",453371
363,0,31.5515499991989,-428.837378887956,-435.083996512237,-6.24661762428093,0.0999999999997669,3.25000000000131,2.34999999999985,-418.45156111332,-17.2364119222465,7.73334680255685,174.81319900033,31.5486999991989,31.5485499991989,631031,"2026_06_04_0031","2026_06_04_0031_ev00363_rec0","no",453372
364,0,31.7153999991989,-408.786532005869,-416.911473812933,-8.12494180706432,2.49999999999773,31.7000000000007,29.9999999999976,-417.795225229503,-4.94464675727956,3.47357091027332,-339.577431986366,31.7141499991989,31.7116499991989,634308,"2026_06_04_0031","2026_06_04_0031_ev00364_rec0","no",453373
365,0,31.7634999991989,-424.636144374838,-430.677985082818,-6.04184070797976,0.350000000000961,0.350000000000961,0.350000000000961,-417.911870547644,-9.83039965017974,3.86907221301367,163.790750140311,31.7634999991989,31.7631499991989,635270,"2026_06_04_0031","2026_06_04_0031_ev00365_rec0","no",453374
366,0,31.9784499991989,-427.108024726319,-429.38634671493,-2.27832198861068,0.200000000003087,0.649999999996709,0.750000000000028,-417.774057968584,-12.8279929532662,3.28884809094086,237.632815921164,31.9784499991989,31.9782499991989,639569,"2026_06_04_0031","2026_06_04_0031_ev00366_rec0","no",453375
367,0,32.2010999991989,-420.152281764368,-422.582428590295,-2.43014682592707,0,0.999999999997669,1.10000000000099,-417.130057026046,-7.92912346714782,1.55923243708927,77.727294809198,32.2010999991989,32.2009499991989,644022,"2026_06_04_0031","2026_06_04_0031_ev00367_rec0","no",453376
368,0,32.4035499991989,-412.220274615611,-419.663130409207,-7.44285579359604,0.300000000002854,30.2999999999969,30.0000000000011,-419.271210961464,-6.92272356475117,3.23314562844342,-241.212769573629,32.4032499991989,32.4029499991989,648071,"2026_06_04_0031","2026_06_04_0031_ev00368_rec0","no",453377
369,0,32.4548499991989,-433.245713316758,-451.853286789677,-18.60757347292,5.84999999999525,3.74999999999659,2.54999999999939,-424.486862941165,-19.5552712371231,11.5364384613886,-8.0124707532309,32.4529999991989,32.4463999991989,649097,"2026_06_04_0031","2026_06_04_0031_ev00369_rec0","no",453378
370,0,32.5218499991989,-415.828941495543,-425.957710360073,-10.1287688645306,3.30000000000297,0.650000000000261,0,-27887.208117149,27462.0141292282,427509.194111153,-366.029631259271,32.5209499991989,32.5176499991989,650437,"2026_06_04_0031","2026_06_04_0031_ev00370_rec0","no",453379
371,0,32.6687499991989,-432.834742792813,-443.458496416618,-10.6237536238058,0.199999999999534,1.14999999999554,2.94999999999845,-422.122740396905,-16.4284502421284,25.5780843189652,27.5874079037187,32.6685999991989,32.6681499991989,653375,"2026_06_04_0031","2026_06_04_0031_ev00371_rec0","no",453380
372,0,32.7239499991989,-427.797771388589,-438.950216415696,-11.1524450271073,0.199999999999534,0.0499999999945544,0,-413.549081643757,-17.8326351137765,24.8855752271605,115.052781766391,32.7239499991989,32.7236499991989,654479,"2026_06_04_0031","2026_06_04_0031_ev00372_rec0","no",453381
373,0,32.8319999991989,-428.388156901171,-439.741950813148,-11.3537939119771,0.400000000006173,2.85000000000224,2.9000000000039,-423.511913383218,-17.9335248154825,4.26279631959576,61.308315537295,32.8315499991989,32.8309999991989,656640,"2026_06_04_0031","2026_06_04_0031_ev00373_rec0","no",453382
374,0,32.8651999991989,-421.759554540255,-424.246936725201,-2.48738218494611,0.0999999999962142,23.0999999999995,19.200000000005,-37851.9515766133,37431.056095249,403119.821063893,-18.2275062403866,32.8649999991989,32.8646499991989,657304,"2026_06_04_0031","2026_06_04_0031_ev00374_rec0","no",453383
375,0,32.9469999991989,-427.529928380581,-436.238756895416,-8.70882851483435,0.149999999997874,30.149999999999,30.0000000000011,-131760.018020975,131338.954318473,627669.960459663,100.372643105329,32.9469999991989,32.9468499991989,658940,"2026_06_04_0031","2026_06_04_0031_ev00375_rec0","no",453384
376,0,33.0365499991989,-461.449101299082,-467.442000826536,-5.99289952745431,0.450000000000728,0.10000000000332,0,-429.590053174593,-29.6840582567129,51.9527440055809,278.446187701552,33.0365499991989,33.0360999991989,660731,"2026_06_04_0031","2026_06_04_0031_ev00376_rec0","no",453385
377,0,33.0800999991989,-452.955634297217,-548.617955358331,-95.6623210611139,6.10000000000355,11.7000000000047,10.150000000003,-471.014225769642,-87.566984172409,6.26002062786212,-1596.84964135025,33.0787499991989,33.0721499991989,661602,"2026_06_04_0031","2026_06_04_0031_ev00377_rec0","no",453386
378,0,33.1370499991989,-468.327408793559,-479.920806478632,-11.5933976850731,1.55000000000172,8.04999999999723,7.35000000000241,399929.243516061,-400413.198978083,260234.90748236,206.692169243814,33.1367499991989,33.1351999991989,662741,"2026_06_04_0031","2026_06_04_0031_ev00378_rec0","no",453387
379,0,33.1988499991989,-434.255680467833,-440.096711977022,-5.84103150918901,0.250000000001194,32.199999999996,29.999999999994,-7222.10783073687,6790.25963372907,526459.001016296,51.6489339751893,33.1985499991989,33.1960999991989,663977,"2026_06_04_0031","2026_06_04_0031_ev00379_rec0","no",453388
380,0,33.2332999991989,-434.651402990313,-461.726838447232,-27.0754354569191,6.05000000000189,10.3999999999971,29.999999999994,-447.721755792829,-14.5003149747118,2.71686781363285,-510.29926289937,33.2315499991989,33.2254499991989,664666,"2026_06_04_0031","2026_06_04_0031_ev00380_rec0","no",453389
381,0,33.2477499991989,-448.233628179017,-456.48702473282,-8.25339655380276,0.599999999998602,1.30000000000052,0.799999999998136,-420.111391879308,-31.6535071684793,53.8204308672033,111.403578074242,33.2475499991989,33.2462999991989,664955,"2026_06_04_0031","2026_06_04_0031_ev00381_rec0","no",453390
382,0,33.2873499991989,-440.253570880245,-470.184666660801,-29.9310957805557,4.85000000000468,18.9499999999967,15.7999999999987,-441.136129105267,-38.1590469233669,11.9594948743987,-611.499863197423,33.2852999991989,33.2800999991989,665747,"2026_06_04_0031","2026_06_04_0031_ev00382_rec0","no",453391
383,0,33.3310499991989,-446.953941439224,-454.192390448302,-7.23844900907795,1.10000000000099,2.34999999999985,1.69999999999959,-432.401508655733,-31.3939378633181,2.83711603277225,331.751390829168,33.3305999991989,33.3294999991989,666621,"2026_06_04_0031","2026_06_04_0031_ev00383_rec0","no",453392
384,0,33.3519999991989,-434.55448971948,-439.701940294358,-5.14745057487767,0.349999999997408,1.20000000000431,0.999999999997669,-426.530250186904,-12.8883380870751,3.84009732594101,186.841245093032,33.3515999991989,33.3510499991989,667040,"2026_06_04_0031","2026_06_04_0031_ev00384_rec0","no",453393
385,0,33.4013999991989,-454.762922376092,-468.203270674584,-13.4403482984926,1.30000000000052,19.5500000000024,10.2499999999992,-47926.9575301969,47469.8788424181,182825.831159643,-216.941465052992,33.3997999991989,33.3978999991989,668028,"2026_06_04_0031","2026_06_04_0031_ev00385_rec0","no",453394
386,0,33.4218499991989,-452.910977846338,-481.041727598981,-28.1307497526436,1.69999999999959,4.24999999999898,4.34999999999519,-456.357917266508,-30.4103678456008,2.93462827620832,-252.319687337768,33.4203999991989,33.4179499991989,668437,"2026_06_04_0031","2026_06_04_0031_ev00386_rec0","no",453395
387,0,33.4494499991989,-457.386531068426,-482.924885619547,-25.5383545511211,1.55000000000172,3.00000000000011,2.60000000000105,-443.707894150397,-38.1288676423312,5.15146361124264,174.313878483081,33.4487499991989,33.4468999991989,668989,"2026_06_04_0031","2026_06_04_0031_ev00387_rec0","no",453396
388,0,33.4727999991989,-443.573694997478,-448.253640920873,-4.67994592339471,0.149999999997874,1.80000000000291,2.69999999999726,-434.637388614519,-12.3430120381336,18.3646881825002,84.2399011730129,33.4726499991989,33.4724999991989,669456,"2026_06_04_0031","2026_06_04_0031_ev00388_rec0","no",453397
389,0,33.5552999991989,-427.367466298269,-437.452913720564,-10.0854474222947,0.699999999994816,6.1499999999981,3.84999999999991,-418.769781404426,-27.5089339737389,4.81859307785346,84.8121951881,33.5533499991989,33.5524999991989,671106,"2026_06_04_0031","2026_06_04_0031_ev00389_rec0","no",453398
390,0,33.6116999991989,-425.53637355445,-429.180594586591,-3.64422103214076,0.300000000002854,18.0999999999969,16.7000000000002,-80203.7805406002,79783.5798924831,199066.427109681,-21.0894357576406,33.6112499991989,33.6107499991989,672234,"2026_06_04_0031","2026_06_04_0031_ev00390_rec0","no",453399
391,0,33.7218999991989,-419.197014372769,-436.896329926956,-17.6993155541873,1.35000000000218,16.3500000000028,17.55,-420.008201739045,-19.5322439038384,14.3229795637327,-348.499241957708,33.7186999991989,33.7168999991989,674438,"2026_06_04_0031","2026_06_04_0031_ev00391_rec0","no",453400
392,0,33.8145999991989,-423.812025158667,-526.334499828545,-102.522474669879,3.65000000000038,12.3999999999995,12.3999999999995,-414.720707776022,-117.016361594175,13.5807597875807,-1446.35776075559,33.8137499991989,33.8098499991989,676292,"2026_06_04_0031","2026_06_04_0031_ev00392_rec0","no",453401
393,0,33.9462499991989,-430.593477363876,-452.916724896981,-22.3232475331051,1.59999999999627,4.99999999999545,4.64999999999804,-434.462456121817,-19.7381682275925,3.0895522230653,-217.220029706663,33.9457499991989,33.9437499991989,678925,"2026_06_04_0031","2026_06_04_0031_ev00393_rec0","no",453402
394,0,33.9780999991989,-437.733767124589,-446.803859559763,-9.07009243517473,0.250000000001194,1.69999999999959,1.75000000000125,-425.69344091701,-20.4838261402965,6.18858903576543,232.691441065212,33.9780499991989,33.9776499991989,679562,"2026_06_04_0031","2026_06_04_0031_ev00394_rec0","no",453403
395,0,34.0037499991989,-427.788813523489,-431.070729257532,-3.28191573404314,0.300000000002854,0.350000000004513,0.450000000000728,-420.778322804925,-9.66852290420703,2.78552751772834,182.416131068033,34.0037499991989,34.0034499991989,680075,"2026_06_04_0031","2026_06_04_0031_ev00395_rec0","no",453404
396,0,34.0693499991989,-427.38742443229,-434.656579448697,-7.2691550164069,0.300000000002854,12.3000000000033,8.29999999999842,-234272.492143498,233848.731540443,308133.466277658,-250.136967182328,34.0673499991989,34.0653999991989,681387,"2026_06_04_0031","2026_06_04_0031_ev00396_rec0","no",453405
397,0,34.0951499991989,-426.377954472005,-445.418758601699,-19.0408041296944,2.74999999999892,15.9500000000037,14.4500000000036,-403.07405607394,-46.5064059272229,33.8677058937844,-389.870489119787,34.0882499991989,34.0850999991989,681903,"2026_06_04_0031","2026_06_04_0031_ev00397_rec0","no",453406
398,0,34.1356999991989,-426.138632615229,-461.05455390496,-34.9159212897316,2.34999999999985,10.6499999999983,6.3999999999993,-1204182.96038582,1203754.84069534,703131.385123071,-882.523238598396,34.1354499991989,34.1328999991989,682714,"2026_06_04_0031","2026_06_04_0031_ev00398_rec0","no",453407
399,0,34.1630499991989,-429.199099095597,-476.966284415426,-47.7671853198287,2.89999999999679,37.2500000000002,30.0000000000011,-453.652121791189,-42.4456765983601,4.87090262529977,-1358.81710506335,34.1566999991989,34.1531999991989,683261,"2026_06_04_0031","2026_06_04_0031_ev00399_rec0","no",453408
400,0,34.1893999991989,-457.107062652105,-468.212554866578,-11.1054922144728,0.149999999997874,2.25000000000364,1.30000000000052,-435.871166593667,-35.8557600906377,3.69126516463921,492.637114044463,34.1888999991989,34.1880499991989,683788,"2026_06_04_0031","2026_06_04_0031_ev00400_rec0","no",453409
401,0,34.2106499991989,-423.845082993856,-436.684784517044,-12.8397015231878,1.55000000000172,31.7000000000007,30.0000000000011,-431.331034899261,-14.0768289819703,2.93047907759809,-312.568710572596,34.2089999991989,34.2074499991989,684213,"2026_06_04_0031","2026_06_04_0031_ev00401_rec0","no",453410
402,0,34.2870499991989,-438.795378806928,-446.060704458671,-7.26532565174347,0.0999999999962142,0.0499999999945544,0,-427.912002226052,-11.6836881754826,5.32099083528496,264.142664410281,34.2870499991989,34.2869499991989,685741,"2026_06_04_0031","2026_06_04_0031_ev00402_rec0","no",453411
403,0,34.3926999991989,-425.366437557023,-447.835406590209,-22.4689690331851,0.749999999996476,3.09999999999633,4.04999999999944,-421.347335595019,-18.208978048937,10.4536795712196,-89.4601428179981,34.3915999991989,34.3906499991989,687854,"2026_06_04_0031","2026_06_04_0031_ev00403_rec0","no",453412
404,0,34.4552499991989,-425.959332924142,-454.251479011539,-28.2921460873972,1.39999999999674,5.85000000000235,6.00000000000023,-422.267979774181,-40.0807804584492,5.77525258336451,-166.691593596695,34.4546499991989,34.4531499991989,689105,"2026_06_04_0031","2026_06_04_0031_ev00404_rec0","no",453413
405,0,34.5081499991989,-424.580970003213,-448.981566275946,-24.4005962727337,11.4999999999981,16.1999999999978,11.9000000000042,-431.467568609182,-20.868072416081,5.21809178177705,-523.862417185728,34.5071499991989,34.4956499991989,690163,"2026_06_04_0031","2026_06_04_0031_ev00405_rec0","no",453414
406,0,34.7002999991989,-427.09398063744,-438.436265501608,-11.3422848641686,0.150000000004979,0.0500000000016598,0,-423.369661099081,-6.40719136287097,3.20252536884972,91.0029925032603,34.7002999991989,34.7001499991989,694006,"2026_06_04_0031","2026_06_04_0031_ev00406_rec0","no",453415
407,0,34.7769999991989,-415.447517140244,-426.185443816295,-10.737926676051,1.20000000000431,32.0499999999981,30.0000000000011,-425.162987059632,-8.46111743312471,10.9544999949341,-416.349869402401,34.7758499991989,34.7746499991989,695540,"2026_06_04_0031","2026_06_04_0031_ev00407_rec0","no",453416
408,0,35.0033499991989,-427.782449234835,-450.995851543847,-23.2134023090118,1.75000000000125,3.90000000000157,4.04999999999944,-422.840789032569,-26.901580148265,5.87305839899073,-52.2977061196131,35.0026499991989,34.9998499991989,700067,"2026_06_04_0031","2026_06_04_0031_ev00408_rec0","no",453417
409,0,35.1184999991989,-425.392819328201,-453.916038908756,-28.523219580555,2.049999999997,3.79999999999825,3.39999999999918,-420.68672795127,-23.5520425076606,7.80476298394574,-137.360127174335,35.1139999991989,35.1118499991989,702370,"2026_06_04_0031","2026_06_04_0031_ev00409_rec0","no",453418
410,0,35.2714499991989,-427.841127875396,-432.856426882722,-5.01529900732589,0.0499999999945544,0.0499999999945544,0,-420.059730877017,-6.32114599869053,6.88433959616138,190.426675239175,35.2714499991989,35.2713499991989,705429,"2026_06_04_0031","2026_06_04_0031_ev00410_rec0","no",453419
411,0,35.3976999991989,-419.252842298195,-449.368509806903,-30.1156675087075,2.6499999999956,7.95000000000101,8.94999999999868,-423.412275431301,-30.8310882950903,6.0249912115102,-385.979545113598,35.3972999991989,35.3941499991989,707954,"2026_06_04_0031","2026_06_04_0031_ev00411_rec0","no",453420
412,0,35.5262999991989,-427.859838078715,-432.80759347883,-4.94775540011551,0.550000000004047,1.75000000000125,1.95000000000078,-424.633722809301,-7.25364195942035,5.47328995070896,54.8912722732742,35.5262999991989,35.5256999991989,710526,"2026_06_04_0031","2026_06_04_0031_ev00412_rec0","no",453421
413,0,35.6500999991989,-429.14388379387,-441.280811189049,-12.1369273951796,0.149999999997874,30.0499999999957,30.0000000000011,-39581.7329519462,39159.7235541177,218556.77200289,133.799246560858,35.6500999991989,35.6496499991989,713002,"2026_06_04_0031","2026_06_04_0031_ev00413_rec0","no",453422
414,0,35.6793999991989,-426.285392792363,-452.482436090003,-26.1970432976401,0.500000000002387,4.39999999999685,6.15000000000521,-424.936265944916,-24.5089005681396,7.73992892786111,-171.641810895843,35.6788999991989,35.6783999991989,713588,"2026_06_04_0031","2026_06_04_0031_ev00414_rec0","no",453423
415,0,35.7339999991989,-415.659713586547,-424.770970770837,-9.11125718428951,0.299999999995748,30.2999999999969,30.0000000000011,-421.823458817035,-6.96820121424883,2.06789658612296,-203.444450124069,35.7339999991989,35.7336999991989,714680,"2026_06_04_0031","2026_06_04_0031_ev00415_rec0","no",453424
416,0,35.9055999991989,-424.429156474005,-428.410329433756,-3.98117295975061,0,29.999999999994,29.999999999994,-61924.3163815413,61504.346286457,420778.449669086,67.7093132195929,35.9055999991989,35.9054999991989,718112,"2026_06_04_0031","2026_06_04_0031_ev00416_rec0","no",453425
417,0,35.9328999991989,-422.951536852766,-431.455097050165,-8.50356019739866,0.349999999997408,4.75000000000136,5.60000000000116,-421.230110040508,-13.2935299803268,5.55932874831108,-26.1324594422808,35.9328499991989,35.9324999991989,718658,"2026_06_04_0031","2026_06_04_0031_ev00417_rec0","no",453426
418,0,36.0140999991989,-426.975510317175,-435.719618442331,-8.7441081251564,0.250000000001194,1.64999999999793,3.54999999999706,-361.852461778134,-70.4681733256905,115.994783436997,88.9348423171075,36.0140999991989,36.0138499991989,720282,"2026_06_04_0031","2026_06_04_0031_ev00418_rec0","no",453427
419,0,36.1095999991989,-424.579595045961,-428.595431332836,-4.0158362868749,0.250000000001194,1.4500000000055,1.69999999999959,-419.891894942729,-8.45457797614226,5.39762166014949,94.7159516073193,36.1095999991989,36.1092999991989,722192,"2026_06_04_0031","2026_06_04_0031_ev00419_rec0","no",453428
420,0,36.2170499991989,-410.275525604005,-417.62650746799,-7.35098186398483,0.299999999995748,17.1500000000009,30.0000000000011,-413.833671065137,-6.66797397805306,4.24096758835413,-138.422002659702,36.2170499991989,36.2167499991989,724341,"2026_06_04_0031","2026_06_04_0031_ev00420_rec0","no",453429
421,0,36.2852999991989,-416.135052621237,-439.453452862357,-23.3184002411192,1.69999999999959,6.54999999999717,6.34999999999764,-404.737703707021,-30.1162316752275,15.521106717176,-113.830640690427,36.2842999991989,36.2823499991989,725706,"2026_06_04_0031","2026_06_04_0031_ev00421_rec0","no",453430
422,0,36.3275499991989,-419.756107313051,-436.82068851397,-17.0645812009188,2.54999999999939,8.80000000000081,6.90000000000168,-417.120766691959,-26.3968815885424,6.36186987207978,-126.581675477969,36.3264999991989,36.3236499991989,726551,"2026_06_04_0031","2026_06_04_0031_ev00422_rec0","no",453431
423,0,36.3953999991989,-415.827883970709,-429.066390134966,-13.2385061642568,0.599999999998602,3.59999999999872,5.09999999999877,-418.491661981188,-13.8772315182817,2.78739696474264,-129.731813043539,36.3948499991989,36.3942499991989,727908,"2026_06_04_0031","2026_06_04_0031_ev00423_rec0","no",453432
424,0,36.5539999991989,-422.537072993285,-428.863158334386,-6.32608534110034,0.349999999997408,30.2500000000023,30.0000000000011,-6490.06227004975,6068.66815139661,291189.949244571,24.0018426094044,36.5539999991989,36.5536499991989,731080,"2026_06_04_0031","2026_06_04_0031_ev00424_rec0","no",453433
425,0,36.7001999991989,-427.873282742337,-446.327934653271,-18.4546519109341,0.399999999999068,2.29999999999819,2.45000000000317,-427.778331095755,-18.0012251927452,2.5898337471408,-52.1923822591556,36.6998499991989,36.6994499991989,734004,"2026_06_04_0031","2026_06_04_0031_ev00425_rec0","no",453434
426,0,36.7981499991989,-424.007976425442,-428.668192619092,-4.66021619365006,0.10000000000332,26.5500000000003,24.2000000000004,-138463.999927457,138044.489080741,537086.153693204,19.2817780807972,36.7981499991989,36.7980499991989,735963,"2026_06_04_0031","2026_06_04_0031_ev00426_rec0","no",453435
427,0,36.8533499991989,-425.318088320333,-438.494696142023,-13.17660782169,0.799999999998136,6.05000000000189,7.79999999999603,-423.718122870591,-14.4461051602022,9.72533526175485,-98.2257427542056,36.8531999991989,36.8523499991989,737067,"2026_06_04_0031","2026_06_04_0031_ev00427_rec0","no",453436
428,0,37.0155499991989,-425.745078183356,-430.224713694042,-4.47963551068636,0.0500000000016598,0.250000000001194,0,-421.980948011258,-2.07812268023164,2.45607972249862,107.150703160243,37.0155499991989,37.0152499991989,740311,"2026_06_04_0031","2026_06_04_0031_ev00428_rec0","no",453437
429,0,37.0919999991989,-431.089954306878,-433.67825475802,-2.58830045114257,0.150000000004979,0.350000000004513,0,40873.4914889861,-41302.8499550805,211445.271020524,138.231684083046,37.0919999991989,37.0914499991989,741840,"2026_06_04_0031","2026_06_04_0031_ev00429_rec0","no",453438
430,0,37.3390999991989,-420.276150147978,-445.077180702848,-24.8010305548698,1.20000000000431,9.99999999999801,11.0000000000028,-426.170008705554,-27.6792140114705,5.15932236327651,-369.958516692476,37.3376999991989,37.3364499991989,746782,"2026_06_04_0031","2026_06_04_0031_ev00430_rec0","no",453439
431,0,37.3774499991989,-431.600146698133,-447.294368128866,-15.694221430733,1.95000000000078,5.24999999999665,3.75000000000369,-427.200022991326,-21.3768427026485,5.0406895735514,-0.448699651655708,37.3767999991989,37.3746499991989,747549,"2026_06_04_0031","2026_06_04_0031_ev00431_rec0","no",453440
432,0,37.4944999991989,-420.596951802062,-431.322282695237,-10.7253308931747,0.750000000003581,6.3999999999993,7.50000000000028,-421.354619444481,-14.6494513218395,4.93743370687699,-112.139622393637,37.4939499991989,37.4931999991989,749890,"2026_06_04_0031","2026_06_04_0031_ev00432_rec0","no",453441
433,0,37.5289499991989,-420.450995987277,-481.768205565158,-61.3172095778805,2.29999999999819,9.3000000000032,9.19999999999988,-423.502372418353,-64.1202467532916,7.78629758579715,-745.343277420385,37.5274999991989,37.5249999991989,750579,"2026_06_04_0031","2026_06_04_0031_ev00433_rec0","no",453442
434,0,37.5559999991989,-423.597234314679,-429.982567067127,-6.38533275244833,0.349999999997408,3.25000000000131,3.54999999999706,-415.72099977839,-12.7669711161229,16.0605085341797,57.4055724572728,37.5558999991989,37.5549999991989,751120,"2026_06_04_0031","2026_06_04_0031_ev00434_rec0","no",453443
435,0,37.6020499991989,-433.164949760832,-440.527246577878,-7.36229681704611,0.0500000000016598,0.10000000000332,0.149999999997874,-419.153794990901,-17.0776987580842,7.59369572055703,292.63891677978,37.6020499991989,37.6018999991989,752041,"2026_06_04_0031","2026_06_04_0031_ev00435_rec0","no",453444
436,0,37.7607499991989,-426.778660540381,-434.377469229439,-7.59880868905776,0.149999999997874,0.399999999999068,0.650000000000261,-416.076348860979,-15.4782190564442,4.77816332539413,246.928705349458,37.7607499991989,37.7605999991989,755215,"2026_06_04_0031","2026_06_04_0031_ev00436_rec0","no",453445
437,0,37.8170499991989,-417.016582469179,-513.658189564168,-96.6416070949894,5.34999999999997,15.199999999993,13.8999999999996,-394.745359944366,-112.89553563886,20.8774159811082,-1635.13865498003,37.8144499991989,37.8086999991989,756341,"2026_06_04_0031","2026_06_04_0031_ev00437_rec0","no",453446
438,0,37.8660999991989,-426.856248766411,-438.805508768233,-11.9492600018227,0.199999999999534,1.4500000000055,0.799999999998136,-418.165968620683,-14.9473327754861,5.94213970230872,160.656469357939,37.8648499991989,37.8639499991989,757322,"2026_06_04_0031","2026_06_04_0031_ev00438_rec0","no",453447
439,0,37.9706999991989,-412.494095280772,-422.736098584509,-10.242003303737,0.299999999995748,30.2999999999969,30.0000000000011,-416.326537585057,-11.0072182124864,14.7736670392334,-261.311653948331,37.9706999991989,37.9703999991989,759414,"2026_06_04_0031","2026_06_04_0031_ev00439_rec0","no",453448
440,0,38.0405999991989,-414.067898297727,-427.321905092906,-13.2540067951795,0.750000000003581,15.500000000003,17.55,-410.930028016037,-22.1966109962822,17.2749232836908,-248.655862335089,38.0390999991989,38.0382999991989,760812,"2026_06_04_0031","2026_06_04_0031_ev00440_rec0","no",453449
441,0,38.0861499991989,-416.910698232717,-423.048786210224,-6.13808797750664,0.0999999999962142,0.0999999999962142,0,-399.102783485436,-17.6663364774685,36.1032375635905,172.844793746299,38.0858999991989,38.0857999991989,761723,"2026_06_04_0031","2026_06_04_0031_ev00441_rec0","no",453450
442,0,38.1475499991989,-413.517782216119,-428.187565286243,-14.669783070124,0.749999999996476,5.80000000000069,6.00000000000023,-404.029512071809,-24.0015806632959,12.6544943742854,-5.74860986417268,38.1468999991989,38.1461499991989,762951,"2026_06_04_0031","2026_06_04_0031_ev00442_rec0","no",453451
443,0,38.2137499991989,-417.647290760632,-610.409993129025,-192.762702368393,4.29999999999353,11.6999999999976,8.89999999999702,-403.199653619085,-229.027952653555,9.05154722175886,-2473.5151613305,38.2116999991989,38.2065999991989,764275,"2026_06_04_0031","2026_06_04_0031_ev00443_rec0","no",453452
444,0,38.2491499991989,-417.748938034026,-439.972135399754,-22.2231973657277,0.799999999998136,4.25000000000608,4.05000000000655,-415.248342926248,-20.6331169319668,6.18734713580121,-84.5974825897685,38.2481999991989,38.2471999991989,764983,"2026_06_04_0031","2026_06_04_0031_ev00444_rec0","no",453453
445,0,38.2846999991989,-409.38360780538,-416.801316732194,-7.4177089268133,0.299999999995748,4.20000000000442,2.10000000000576,-428.820594160731,17.8236967941804,31.9036674271182,-239.010279296239,38.2846999991989,38.2843999991989,765694,"2026_06_04_0031","2026_06_04_0031_ev00445_rec0","no",453454
446,0,38.3030499991989,-415.206528460292,-441.147178992902,-25.9406505326108,0.800000000005241,4.75000000000136,3.2499999999942,-414.839961386053,-22.4879809276164,3.97318966496985,-120.523231652138,38.3013499991989,38.3002499991989,766061,"2026_06_04_0031","2026_06_04_0031_ev00446_rec0","no",453455
447,0,38.3706999991989,-410.269820822204,-447.092232855175,-36.8224120329705,1.95000000000078,5.85000000000235,6.19999999999976,-404.758875502922,-36.3747959195228,9.67040323752618,-223.298685417481,38.3704499991989,38.3683499991989,767414,"2026_06_04_0031","2026_06_04_0031_ev00447_rec0","no",453456
448,0,38.4163499991989,-417.146179743341,-458.512104897803,-41.3659251544619,3.80000000000535,10.8000000000033,30.0000000000011,-433.408439427588,-35.8506535826682,3.25052925607466,-753.427211018794,38.4151999991989,38.4097999991989,768327,"2026_06_04_0031","2026_06_04_0031_ev00448_rec0","no",453457
449,0,38.4385999991989,-422.824247655747,-451.786466388376,-28.9622187326283,2.29999999999819,5.5499999999995,5.05000000000422,-429.045967451507,-23.4163122334167,3.04476142093613,-319.243712000368,38.4381999991989,38.4355499991989,768772,"2026_06_04_0031","2026_06_04_0031_ev00449_rec0","no",453458
450,0,38.4743499991989,-429.855444131951,-434.826420979664,-4.97097684771313,1.20000000000431,8.00000000000267,5.40000000000163,-418.933132456124,-20.6215469341086,11.2815615280571,76.5172120350864,38.4723499991989,38.4709499991989,769487,"2026_06_04_0031","2026_06_04_0031_ev00450_rec0","no",453459
451,0,38.5416999991989,-424.224917809356,-470.332753714175,-46.1078359048192,4.24999999999898,17.2999999999988,19.7999999999965,-430.911802310379,-39.6738933332632,14.7545171124914,-871.391828366645,38.5411499991989,38.5362999991989,770834,"2026_06_04_0031","2026_06_04_0031_ev00451_rec0","no",453460
452,0,38.5962499991989,-426.727687420746,-473.15275501166,-46.4250675909145,2.79999999999347,7.55000000000194,10.4499999999987,85966.7340045982,-86422.7206446657,74597.0697315264,-443.620565454082,38.5958999991989,38.5926999991989,771925,"2026_06_04_0031","2026_06_04_0031_ev00452_rec0","no",453461
453,0,38.6456499991989,-422.069814705864,-460.514586978202,-38.4447722723384,2.25000000000364,31.8499999999986,30.0000000000011,-46290.7813553703,45859.5674241489,279289.254513259,-418.189133669939,38.6452999991989,38.6428499991989,772913,"2026_06_04_0031","2026_06_04_0031_ev00453_rec0","no",453462
454,0,38.6710999991989,-423.248294525,-453.930065733438,-30.6817712084385,0.550000000004047,6.94999999999624,9.9000000000018,-433.230574111072,-30.8425470318374,3.17916658832782,-444.946916562878,38.6698999991989,38.6692999991989,773422,"2026_06_04_0031","2026_06_04_0031_ev00454_rec0","no",453463
455,0,38.7015999991989,-426.235059047149,-449.701491324477,-23.4664322773276,0.299999999995748,6.09999999999644,6.65000000000049,-429.75498037376,-28.0760582412689,3.91372489723282,-260.458214276354,38.6997499991989,38.6993499991989,774032,"2026_06_04_0031","2026_06_04_0031_ev00455_rec0","no",453464
456,0,38.7223499991989,-431.287763852862,-440.885867584587,-9.59810373172479,0.599999999998602,2.69999999999726,2.49999999999773,-425.924643527288,-21.7492951479493,2.78981049352293,93.9531060298314,38.7222499991989,38.7216499991989,774447,"2026_06_04_0031","2026_06_04_0031_ev00456_rec0","no",453465
457,0,38.7452999991989,-419.086132794716,-441.505210402584,-22.4190776078688,0.999999999997669,7.15000000000288,10.150000000003,-420.034084668261,-17.2810034885896,11.860865362188,-236.532323105189,38.7449499991989,38.7438999991989,774906,"2026_06_04_0031","2026_06_04_0031_ev00457_rec0","no",453466
458,0,38.7835499991989,-420.867307935407,-463.437127777129,-42.5698198417221,2.0500000000041,6.65000000000049,9.0499999999949,-436.484671641473,-27.5066379877997,1.69472915953224,-638.652729604087,38.7812499991989,38.7790499991989,775671,"2026_06_04_0031","2026_06_04_0031_ev00458_rec0","no",453467
459,0,38.8032499991989,-429.551685001752,-448.15020563031,-18.5985206285582,1.64999999999793,11.7000000000047,30.0000000000011,-438.005239232003,-14.89595320702,3.35693049065469,-339.716180200209,38.8024499991989,38.8007999991989,776065,"2026_06_04_0031","2026_06_04_0031_ev00459_rec0","no",453468
460,0,38.8277499991989,-424.127812507088,-448.414627228348,-24.2868147212598,0.450000000000728,2.34999999999985,0,-428.459091504024,-2.66950099336152,5.50445259337012,-201.933663992579,38.8257499991989,38.8250999991989,776555,"2026_06_04_0031","2026_06_04_0031_ev00460_rec0","no",453469
461,0,38.8558499991989,-421.819013980424,-446.220528961148,-24.4015149807238,1.89999999999912,3.94999999999612,4.19999999999732,-423.623570498167,-24.4020255619714,3.46373696432239,-165.711248255292,38.8557499991989,38.8538499991989,777117,"2026_06_04_0031","2026_06_04_0031_ev00461_rec0","no",453470
462,0,38.9351999991989,-432.761708284606,-503.796676212432,-71.0349679278265,1.55000000000172,8.94999999999868,5.20000000000209,-429.491153712133,-91.0797619988476,4.60640767809497,-636.591218692869,38.9313499991989,38.9296499991989,778704,"2026_06_04_0031","2026_06_04_0031_ev00462_rec0","no",453471
463,0,38.9728499991989,-443.508119727165,-457.026504811975,-13.5183850848095,1.24999999999886,1.24999999999886,1.25000000000597,-433.636196402464,-26.8419549585749,2.15552178056017,219.955626631678,38.9719999991989,38.9704499991989,779457,"2026_06_04_0031","2026_06_04_0031_ev00463_rec0","no",453472
464,0,39.0039999991989,-440.479632504702,-442.548527865583,-2.06889536088102,0.650000000000261,1.94999999999368,1.1999999999972,-423.81056263296,-24.2242124630295,3.69264218741118,410.394859390576,39.0039999991989,39.0030499991989,780080,"2026_06_04_0031","2026_06_04_0031_ev00464_rec0","no",453473
465,0,39.0400499991989,-422.719598738591,-453.612169213189,-30.8925704745974,0.900000000001455,6.9999999999979,8.30000000000553,-421.093704337941,-34.4734645973422,8.5409729842059,-266.829785515948,39.0396499991989,39.0387499991989,780801,"2026_06_04_0031","2026_06_04_0031_ev00465_rec0","no",453474
466,0,39.0963499991989,-438.140877730215,-475.833867125549,-37.6929893953335,1.75000000000125,1.95000000000078,3.75000000000369,-396.736960381632,-61.6798947110785,34.5867755261072,-43.7272789726607,39.0960999991989,39.0939999991989,781927,"2026_06_04_0031","2026_06_04_0031_ev00466_rec0","no",453475
467,0,39.1838499991989,-416.454142717277,-436.011610572055,-19.5574678547779,2.49999999999773,6.94999999999624,7.19999999999743,-413.938814019361,-23.1004785183702,8.3418382570506,-159.67685894381,39.1831499991989,39.1804999991989,783677,"2026_06_04_0031","2026_06_04_0031_ev00467_rec0","no",453476
468,0,39.2191499991989,-420.446263243169,-439.285966057439,-18.8397028142707,2.15000000000032,5.00000000000256,4.24999999999898,-421.935676666677,-23.5407518126761,2.9258576196261,-153.182666179151,39.2188499991989,39.2164999991989,784383,"2026_06_04_0031","2026_06_04_0031_ev00468_rec0","no",453477
469,0,39.2858499991989,-431.57010230243,-470.251018856307,-38.6809165538779,6.55000000000427,5.65000000000282,5.20000000000209,-421.640180615338,-41.9624126970805,9.51032182800096,-247.030462455073,39.2852499991989,39.2771499991989,785717,"2026_06_04_0031","2026_06_04_0031_ev00469_rec0","no",453478
470,0,39.3535999991989,-426.976477410662,-454.624682616995,-27.648205206333,1.60000000000338,5.20000000000209,4.40000000000396,-425.664740054156,-35.286730881217,3.94143472135633,-146.651484318305,39.3531499991989,39.3514999991989,787072,"2026_06_04_0031","2026_06_04_0031_ev00470_rec0","no",453479
471,0,39.3707999991989,-433.796148978157,-441.569262077138,-7.77311309898073,0.0500000000016598,0.0999999999962142,0,-420.918483237591,-15.3734096754676,4.20741809211485,321.027016069297,39.3707999991989,39.3704999991989,787416,"2026_06_04_0031","2026_06_04_0031_ev00471_rec0","no",453480
472,0,39.4008499991989,-416.764034735112,-432.544551056033,-15.7805163209206,1.69999999999959,3.59999999999872,5.09999999999877,-418.891057319977,-11.6068751088751,4.47725365826697,-138.591278724969,39.4007499991989,39.3990499991989,788017,"2026_06_04_0031","2026_06_04_0031_ev00472_rec0","no",453481
473,0,39.4651999991989,-417.37297299168,-449.856015637344,-32.4830426456634,3.39999999999918,6.05000000000189,6.10000000000355,-419.078731448229,-28.429443350048,6.0014910499676,-318.973401568179,39.4638999991989,39.4599999991989,789304,"2026_06_04_0031","2026_06_04_0031_ev00473_rec0","no",453482
474,0,39.5384499991989,-429.305181228587,-463.027342232028,-33.722161003441,0.900000000001455,5.20000000000209,4.55000000000183,-429.284217594182,-45.2735549694758,3.52962420874295,-218.523074054057,39.5373499991989,39.5356999991989,790769,"2026_06_04_0031","2026_06_04_0031_ev00474_rec0","no",453483
475,0,39.6105499991989,-415.630199465553,-464.638529800519,-49.0083303349654,1.85000000000457,5.49999999999784,6.3999999999993,-417.701459409498,-39.9863101739031,7.03908890716562,-398.089327761899,39.6103999991989,39.6083999991989,792211,"2026_06_04_0031","2026_06_04_0031_ev00475_rec0","no",453484
476,0,39.6559999991989,-425.8203854196,-457.619573666039,-31.7991882464394,2.39999999999441,4.50000000000017,4.54999999999472,-422.231625834326,-31.3597766138715,6.35706948620182,-145.497496842497,39.6553999991989,39.6525499991989,793120,"2026_06_04_0031","2026_06_04_0031_ev00476_rec0","no",453485
477,0,39.7013999991989,-420.754793186609,-452.96547829952,-32.2106851129113,0.700000000001921,3.70000000000203,3.4999999999954,-418.305984144157,-32.8524767214917,4.25774205608212,-105.503362227306,39.7004999991989,39.6994999991989,794028,"2026_06_04_0031","2026_06_04_0031_ev00477_rec0","no",453486
478,0,39.7492499991989,-446.555032023971,-473.376400144649,-26.8213681206778,2.49999999999773,2.09999999999866,1.89999999999912,-434.222159260124,-42.8876635819219,2.91322452881743,229.395628534049,39.7487999991989,39.7462499991989,794985,"2026_06_04_0031","2026_06_04_0031_ev00478_rec0","no",453487
479,0,39.7714499991989,-437.590071760525,-449.741998853475,-12.1519270929497,0.299999999995748,2.54999999999939,2.45000000000317,-417.333172989996,-33.6124275307913,8.04970169462503,337.335908380056,39.7711999991989,39.7707499991989,795429,"2026_06_04_0031","2026_06_04_0031_ev00479_rec0","no",453488
480,0,39.8493999991989,-413.141189978951,-437.095025446152,-23.9538354672006,0.549999999996942,8.69999999999749,13.5500000000022,-420.270872510479,-19.1393937382933,5.6398196999465,-359.233610384865,39.8482999991989,39.8471999991989,796988,"2026_06_04_0031","2026_06_04_0031_ev00480_rec0","no",453489
481,0,39.8655499991989,-426.092872728491,-433.891960288821,-7.79908756032978,0.0500000000016598,0.0500000000016598,0.450000000000728,-413.674127008243,-16.2949033152168,7.35395390561968,254.556101391373,39.8655499991989,39.8654499991989,797311,"2026_06_04_0031","2026_06_04_0031_ev00481_rec0","no",453490
482,0,39.9202999991989,-424.703383815177,-451.904264568118,-27.2008807529411,0.500000000002387,8.69999999999749,7.35000000000241,-424.528896206947,-39.0742396899115,5.48228050039103,-272.898309709395,39.9191999991989,39.9159999991989,798406,"2026_06_04_0031","2026_06_04_0031_ev00482_rec0","no",453491
483,0,39.9960499991989,-427.033089024292,-453.333707564408,-26.3006185401159,1.75000000000125,5.65000000000282,5.15000000000043,-425.329451855406,-25.6245814663842,6.35213445365709,-150.140860892681,39.9953499991989,39.9935499991989,799921,"2026_06_04_0031","2026_06_04_0031_ev00483_rec0","no",453492
484,0,40.0564499991989,-438.658688801707,-445.529825111227,-6.87113630952001,0.399999999999068,21.0000000000008,18.6999999999955,-361480.710904539,361047.086548892,889965.531488963,-33.4672228862595,40.0560999991989,40.0556999991989,801129,"2026_06_04_0031","2026_06_04_0031_ev00484_rec0","no",453493
485,0,40.0812999991989,-432.949878630475,-463.886216260182,-30.9363376297068,1.39999999999674,4.65000000000515,3.74999999999659,-430.814569505535,-38.5185788286005,3.5968269843966,-126.676437335346,40.0805499991989,40.0791499991989,801626,"2026_06_04_0031","2026_06_04_0031_ev00485_rec0","no",453494
486,0,40.1100999991989,-424.71488434192,-432.185254231513,-7.47036988959314,0.399999999999068,0.349999999997408,0,-93488.4632320206,93058.985068949,264531.270741268,-305.427592776949,40.1100999991989,40.1096999991989,802202,"2026_06_04_0031","2026_06_04_0031_ev00486_rec0","no",453495
487,0,40.1304999991989,-423.673855454254,-445.697340457113,-22.0234850028585,0.89999999999435,3.45000000000084,0,-33750.4163058505,33314.8234186483,212452.425626541,-500.873316027001,40.1279999991989,40.1269499991989,802610,"2026_06_04_0031","2026_06_04_0031_ev00487_rec0","no",453496
488,0,40.1541499991989,-422.663060805391,-468.205510893985,-45.5424500885943,2.54999999999939,5.49999999999784,30.0000000000011,-441.82953561995,-28.9707775597657,1.53989077081244,-703.526977349783,40.1540499991989,40.1512999991989,803083,"2026_06_04_0031","2026_06_04_0031_ev00488_rec0","no",453497
489,0,40.2630499991989,-417.696161172343,-423.217661136746,-5.52149996440335,0.150000000004979,12.350000000005,14.3499999999932,-414.672349639358,-12.3875242240551,16.0450049714156,-78.9971684926606,40.2630499991989,40.2628999991989,805261,"2026_06_04_0031","2026_06_04_0031_ev00489_rec0","no",453498
490,0,40.2986499991989,-409.750472245741,-417.178657812227,-7.42818556648587,0.199999999999534,3.65000000000038,1.60000000000338,-133903.268159304,133491.543343011,278774.446312516,-277.157324133732,40.2986499991989,40.2984499991989,805973,"2026_06_04_0031","2026_06_04_0031_ev00490_rec0","no",453499
491,0,40.3541999991989,-439.595355219476,-466.416877231734,-26.821522012258,0.650000000000261,10.2999999999938,10.3000000000009,-329.014300735689,-140.769911130115,66.1290989080444,-126.948876468555,40.3525499991989,40.3513499991989,807084,"2026_06_04_0031","2026_06_04_0031_ev00491_rec0","no",453500
492,0,40.4418499991989,-426.577902076297,-447.270788607366,-20.6928865310686,1.64999999999793,5.94999999999857,5.09999999999877,-429.176591571775,-29.3775022871327,2.89521066229983,-204.424591446495,40.4412499991989,40.4395499991989,808837,"2026_06_04_0031","2026_06_04_0031_ev00492_rec0","no",453501
493,0,40.4802499991989,-436.878057241125,-452.378872887759,-15.500815646634,1.89999999999912,32.8500000000034,30.0000000000011,-147032.629402498,146603.221216247,376811.661100421,13.3679166869442,40.4793499991989,40.4772999991989,809605,"2026_06_04_0031","2026_06_04_0031_ev00493_rec0","no",453502
494,0,40.5113499991989,-426.418090094166,-514.939888095963,-88.5217980017969,3.14999999999799,6.1499999999981,5.50000000000495,-424.516220339979,-95.0709530849121,5.45986637517722,-629.471440746526,40.5112499991989,40.5077999991989,810227,"2026_06_04_0031","2026_06_04_0031_ev00494_rec0","no",453503
495,0,40.5496499991989,-423.444579641987,-461.629778480522,-38.1851988385358,1.64999999999793,11.7999999999938,14.5499999999998,-409.912446737025,-45.1912259247633,29.6725734755725,-531.125069029161,40.5486499991989,40.5468999991989,810993,"2026_06_04_0031","2026_06_04_0031_ev00495_rec0","no",453504
496,0,40.6303499991989,-438.402860974496,-446.400981219058,-7.99812024456247,0.200000000006639,0.600000000005707,0,-429.263810478863,-10.6840645030101,5.19220657493114,216.109971444365,40.6303499991989,40.6295499991989,812607,"2026_06_04_0031","2026_06_04_0031_ev00496_rec0","no",453505
497,0,40.6612999991989,-434.820639392256,-440.046209746398,-5.22557035414252,0.149999999997874,21.2999999999965,20.2000000000027,-309778.565366706,309357.908400942,388637.382808043,66.7036116225994,40.6612999991989,40.6610499991989,813226,"2026_06_04_0031","2026_06_04_0031_ev00497_rec0","no",453506
498,0,40.6867999991989,-430.825058237491,-464.254276444481,-33.42921820699,1.75000000000125,3.34999999999752,2.84999999999513,-428.848740652119,-35.599265170731,3.11063515083947,-99.354306231271,40.6863499991989,40.6842999991989,813736,"2026_06_04_0031","2026_06_04_0031_ev00498_rec0","no",453507
499,0,40.7228999991989,-431.178969631621,-434.81868087928,-3.63971124765914,0.0500000000016598,0.0500000000016598,0,-424.26048272041,-2.7175714613546,2.48294579935059,200.052947205941,40.7228999991989,40.7227499991989,814458,"2026_06_04_0031","2026_06_04_0031_ev00499_rec0","no",453508
500,0,40.7625499991989,-422.678439672164,-430.946796846162,-8.26835717399734,1.20000000000431,8.4500000000034,7.04999999999956,-2136387.08469234,2135996.33108435,431727.449904137,-1287.75563179016,40.7616999991989,40.7604999991989,815251,"2026_06_04_0031","2026_06_04_0031_ev00500_rec0","no",453509
501,0,40.7878999991989,-423.353621139281,-588.436676613615,-165.083055474334,3.5000000000025,9.14999999999822,8.00000000000267,-420.123915769513,-180.899404996808,7.75416794568214,-1791.98363235589,40.7866999991989,40.7829499991989,815758,"2026_06_04_0031","2026_06_04_0031_ev00501_rec0","no",453510
502,0,40.8293499991989,-427.859999802387,-475.537827696779,-47.6778278943924,0.599999999998602,3.39999999999918,4.44999999999851,-438.36962625197,-36.4864716113865,2.72936788604644,-442.257676688425,40.8290999991989,40.8283999991989,816587,"2026_06_04_0031","2026_06_04_0031_ev00502_rec0","no",453511
503,0,40.8583499991989,-431.488637334021,-485.955687308098,-54.4670499740769,1.75000000000125,7.000000000005,6.19999999999976,-426.536616745473,-65.3284302761278,6.47963985642995,-396.280252183399,40.8571999991989,40.8552499991989,817167,"2026_06_04_0031","2026_06_04_0031_ev00503_rec0","no",453512
504,0,40.8979999991989,-428.582003047642,-472.668536720263,-44.0865336726211,2.84999999999513,5.39999999999452,4.24999999999898,-424.523982977937,-45.18190395052,5.31388561592174,-218.375512724499,40.8977499991989,40.8946499991989,817960,"2026_06_04_0031","2026_06_04_0031_ev00504_rec0","no",453513
505,0,40.9333999991989,-423.475386466016,-490.553015043401,-67.077628577385,2.74999999999892,8.94999999999868,9.69999999999516,-431.077893401019,-60.8027119766527,7.70653196324197,-857.960668077655,40.9323999991989,40.9295999991989,818668,"2026_06_04_0031","2026_06_04_0031_ev00505_rec0","no",453514
506,0,40.9647999991989,-430.585106017953,-459.275937956465,-28.6908319385116,1.80000000000291,4.20000000000442,3.00000000000011,-429.963713075761,-31.8812075250034,2.88952151289256,-113.945537347832,40.9644499991989,40.9626499991989,819296,"2026_06_04_0031","2026_06_04_0031_ev00506_rec0","no",453515
507,0,40.9873999991989,-418.876020406994,-448.157420017752,-29.2813996107573,2.9000000000039,5.5499999999995,4.89999999999924,-421.848481129408,-30.1065159783288,3.64821672006965,-263.528604426883,40.9872999991989,40.9842499991989,819748,"2026_06_04_0031","2026_06_04_0031_ev00507_rec0","no",453516
508,0,41.0396999991989,-426.851166853375,-445.504782970775,-18.6536161174002,0.300000000002854,0.250000000001194,0.650000000000261,-420.669759579112,-14.3391298111655,7.08472602042102,78.5886903596585,41.0396999991989,41.0386499991989,820794,"2026_06_04_0031","2026_06_04_0031_ev00508_rec0","no",453517
509,0,41.2049499991989,-423.52353253109,-446.915148601339,-23.391616070249,5.09999999999877,8.84999999999536,7.89999999999935,-423.604856737053,-21.3439934754022,8.66489004343656,-253.544767932828,41.2044999991989,41.1985999991989,824099,"2026_06_04_0031","2026_06_04_0031_ev00509_rec0","no",453518
510,0,41.2626499991989,-419.732448634556,-434.554636239057,-14.822187604501,0.399999999999068,7.05000000000666,8.50000000000506,-419.882611603216,-13.9492538789585,8.83789465804593,-143.557704243633,41.2616999991989,41.2609499991989,825253,"2026_06_04_0031","2026_06_04_0031_ev00510_rec0","no",453519
511,0,41.3347499991989,-426.295729028672,-441.953156739861,-15.657427711189,0.400000000006173,29.6999999999983,23.8999999999976,-153392.219139328,152968.899564869,416546.720193696,-78.9555320089362,41.3347499991989,41.3342499991989,826695,"2026_06_04_0031","2026_06_04_0031_ev00511_rec0","no",453520
512,0,41.3624999991989,-422.289864326835,-444.796797241113,-22.5069329142784,0.499999999995282,6.7499999999967,6.25000000000142,-421.498622342327,-32.6852588903338,4.88311866068916,-190.168593773388,41.3604499991989,41.3594999991989,827250,"2026_06_04_0031","2026_06_04_0031_ev00512_rec0","no",453521
513,0,41.4192999991989,-423.474484308924,-452.606399578161,-29.1319152692374,1.80000000000291,4.45000000000562,4.59999999999638,-428.048516225378,-29.3023339091035,2.96353150832125,-262.236827877323,41.4191999991989,41.4172999991989,828386,"2026_06_04_0031","2026_06_04_0031_ev00513_rec0","no",453522
514,0,41.4527499991989,-417.987290128646,-473.019364904715,-55.0320747760691,9.19999999999988,10.2499999999992,8.70000000000459,-420.235719760952,-55.2116122415584,7.81778957777784,-779.296556696115,41.4522999991989,41.4427499991989,829055,"2026_06_04_0031","2026_06_04_0031_ev00514_rec0","no",453523
515,0,41.5199999991989,-422.636196833163,-448.988568224945,-26.3523713917826,0.549999999996942,2.24999999999653,3.54999999999706,-413.416530638702,-23.4672209628505,16.7179287955903,-72.7099672343529,41.5191499991989,41.5179999991989,830400,"2026_06_04_0031","2026_06_04_0031_ev00515_rec0","no",453524
516,0,41.6686499991989,-418.162901978627,-425.143633252647,-6.98073127402012,0.349999999997408,7.30000000000075,8.7999999999937,-407.456179104221,-18.3400011228087,27.2638182031472,-18.4250023088379,41.6682999991989,41.6679499991989,833373,"2026_06_04_0031","2026_06_04_0031_ev00516_rec0","no",453525
517,0,41.7073499991989,-413.570908320941,-424.694229309899,-11.1233209889579,1.1999999999972,12.3999999999995,0,-49446.7908142761,49028.168080021,1078496.67292152,-190.751133963867,41.7070499991989,41.7058499991989,834147,"2026_06_04_0031","2026_06_04_0031_ev00517_rec0","no",453526
518,0,41.7314999991989,-414.489029346313,-416.967408891806,-2.47837954549237,0.549999999996942,33.7500000000048,30.0000000000011,-419.282557625507,-7.3618421098879,4.04044473311742,-206.45317493506,41.7288499991989,41.7274499991989,834630,"2026_06_04_0031","2026_06_04_0031_ev00518_rec0","no",453527
519,0,41.8195999991989,-427.756655202548,-440.793652602688,-13.0369974001403,0.650000000000261,5.20000000000209,3.70000000000203,-415.1494664031,-30.3625764517666,6.68659378328776,141.723263397191,41.8179999991989,41.8166999991989,836392,"2026_06_04_0031","2026_06_04_0031_ev00519_rec0","no",453528
520,0,41.9123999991989,-410.927558486539,-426.143382980543,-15.2158244940035,0.450000000000728,2.54999999999939,0,-53923.2169361233,53504.6822707067,403733.421792172,-327.066157151173,41.9102499991989,41.9097999991989,838248,"2026_06_04_0031","2026_06_04_0031_ev00520_rec0","no",453529
521,0,41.9400999991989,-421.009756598783,-438.906455690773,-17.8966990919899,0.299999999995748,0.399999999999068,0.750000000003581,-415.849628927346,-14.7952294693739,3.40093542109132,94.0249967567653,41.9400999991989,41.9387999991989,838802,"2026_06_04_0031","2026_06_04_0031_ev00521_rec0","no",453530
522,0,42.0436499991989,-410.953078172329,-417.003831961425,-6.05075378909686,0.550000000004047,5.09999999999877,9.14999999999822,-413.061604474287,-7.82629878069729,2.23100360499488,-85.8662319974206,42.0436499991989,42.0430999991989,840873,"2026_06_04_0031","2026_06_04_0031_ev00522_rec0","no",453531
523,0,42.4343999991989,-420.77549808935,-449.857511978474,-29.0820138891236,0.650000000000261,9.19999999999988,10.0499999999997,-428.447681068453,-32.4828381897033,4.27311521193215,-464.081950573839,42.4318999991989,42.4310499991989,848688,"2026_06_04_0031","2026_06_04_0031_ev00523_rec0","no",453532
524,0,42.5373999991989,-419.455278484971,-497.097968075048,-77.6426895900768,2.24999999999653,7.15000000000288,8.09999999999889,-422.011938849955,-71.7963256036594,8.03152604818781,-757.807492989765,42.5372999991989,42.5347999991989,850748,"2026_06_04_0031","2026_06_04_0031_ev00524_rec0","no",453533
525,0,42.5879499991989,-426.293819017973,-431.263309755965,-4.96949073799169,0.149999999997874,19.999999999996,18.6499999999938,-72625.4112483468,72208.5742590235,119349.928490401,11.2048644155097,42.5878499991989,42.5875999991989,851759,"2026_06_04_0031","2026_06_04_0031_ev00525_rec0","no",453534
526,0,42.6097999991989,-423.612694111988,-446.396982642618,-22.7842885306299,0.900000000001455,5.59999999999405,4.9500000000009,-422.508963488497,-26.3397905992106,4.87200688375481,-139.745331122522,42.6083999991989,42.6066999991989,852196,"2026_06_04_0031","2026_06_04_0031_ev00526_rec0","no",453535
527,0,42.6847499991989,-427.165876800364,-431.882943228734,-4.71706642836995,0.149999999997874,1.69999999999959,1.75000000000125,-424.553513468819,-7.47544472822348,3.21251009787715,50.8160342738932,42.6841999991989,42.6834499991989,853695,"2026_06_04_0031","2026_06_04_0031_ev00527_rec0","no",453536
528,0,42.7233499991989,-424.579264781402,-446.926186159625,-22.3469213782223,1.24999999999886,31.9500000000019,25.4499999999993,-113624.299996319,113197.633090821,465794.688866602,-209.015385595379,42.7225999991989,42.7208999991989,854467,"2026_06_04_0031","2026_06_04_0031_ev00528_rec0","no",453537
529,0,42.7472999991989,-420.307238741983,-464.876713619209,-44.5694748772253,1.7000000000067,3.34999999999752,3.79999999999825,-424.662106015758,-41.1871557195647,3.12899194960953,-309.586929361261,42.7471999991989,42.7453499991989,854946,"2026_06_04_0031","2026_06_04_0031_ev00529_rec0","no",453538
530,0,42.8164999991989,-426.795113334146,-491.131575427777,-64.3364620936314,1.30000000000052,6.85000000000002,7.10000000000122,-422.595898014932,-77.669590412981,6.93899714534527,-504.711087972731,42.8155499991989,42.8141999991989,856330,"2026_06_04_0031","2026_06_04_0031_ev00530_rec0","no",453539
531,0,42.8566999991989,-428.971082088545,-559.330988734744,-130.3599066462,3.34999999999752,13.1000000000014,11.9499999999988,-410.704361030856,-164.157108240127,13.24911357741,-1943.14479620109,42.8542999991989,42.8503499991989,857134,"2026_06_04_0031","2026_06_04_0031_ev00531_rec0","no",453540
532,0,42.9645499991989,-416.607404963082,-426.495198926349,-9.88779396326714,0.250000000001194,8.50000000000506,30.0000000000011,-421.340701236629,-3.46035542247845,2.94078182235904,-167.893294784946,42.9632999991989,42.9630499991989,859291,"2026_06_04_0031","2026_06_04_0031_ev00532_rec0","no",453541
533,0,43.0121499991989,-422.293391278198,-520.535239745873,-98.2418484676749,2.10000000000576,7.15000000000288,7.14999999999577,-420.235947077244,-103.901209647449,7.19951366988307,-872.156523086987,43.0110999991989,43.0084499991989,860243,"2026_06_04_0031","2026_06_04_0031_ev00533_rec0","no",453542
534,0,43.0469499991989,-430.221135493531,-437.667391061737,-7.44625556820569,0.849999999999795,0.849999999999795,0,42432.2857853505,-42864.9358812408,121205.062808515,78.600477764862,43.0464999991989,43.0456499991989,860939,"2026_06_04_0031","2026_06_04_0031_ev00534_rec0","no",453543
535,0,43.1121499991989,-425.991313539841,-469.354796407022,-43.3634828671808,2.29999999999819,6.1499999999981,5.94999999999857,-421.624357364707,-57.3619015485785,5.75941810999152,-285.600513819517,43.1111999991989,43.1084999991989,862243,"2026_06_04_0031","2026_06_04_0031_ev00535_rec0","no",453544
536,0,43.1626499991989,-426.118513741281,-434.313813349208,-8.19529960792732,0.199999999999534,0.0500000000016598,0.149999999997874,-419.938490698664,-9.41395124916079,7.02070749850112,119.112577490661,43.1624999991989,43.1622999991989,863253,"2026_06_04_0031","2026_06_04_0031_ev00536_rec0","no",453545
537,0,43.2692499991989,-429.399609057866,-531.134314380091,-101.734705322225,2.80000000000058,10.3999999999971,10.4499999999987,-399.510736903231,-143.298762098906,13.8968394771602,-1109.26763938606,43.2682999991989,43.2651999991989,865385,"2026_06_04_0031","2026_06_04_0031_ev00537_rec0","no",453546
538,0,43.3165999991989,-420.010390308382,-452.637933576313,-32.6275432679316,2.00000000000244,6.25000000000142,7.69999999999982,-429.500060203649,-25.05566593377,3.37966761039961,-454.490220418932,43.3149999991989,43.3129999991989,866332,"2026_06_04_0031","2026_06_04_0031_ev00538_rec0","no",453547
539,0,43.3454999991989,-425.086700651845,-450.395263862921,-25.3085632110759,1.24999999999886,5.94999999999857,3.65000000000038,-424.818775151238,-32.0363349545115,3.03901305915834,-166.159619076302,43.3431999991989,43.3418999991989,866910,"2026_06_04_0031","2026_06_04_0031_ev00539_rec0","no",453548
540,0,43.3911999991989,-427.255804919933,-456.47389472628,-29.2180898063475,2.44999999999607,7.45000000000573,7.30000000000075,-416.855120706437,-40.0079197397321,11.52531020563,-163.659764635055,43.3910499991989,43.3885499991989,867824,"2026_06_04_0031","2026_06_04_0031_ev00540_rec0","no",453549
541,0,43.4361999991989,-414.305000981694,-451.838020617465,-37.5330196357708,1.50000000000006,6.70000000000215,7.44999999999862,-419.916434416191,-32.2811011252848,5.46646692793233,-405.635270708668,43.4353999991989,43.4338999991989,868724,"2026_06_04_0031","2026_06_04_0031_ev00541_rec0","no",453550
542,0,43.4604999991989,-423.221903463389,-428.757657765187,-5.53575430179717,0.250000000001194,0,0.0500000000016598,-417.572877424344,-7.80068720454255,5.35152462714281,126.329325811666,43.4604999991989,43.4602499991989,869210,"2026_06_04_0031","2026_06_04_0031_ev00542_rec0","no",453551
543,0,43.5273999991989,-420.218833084376,-462.839973622398,-42.6211405380226,1.89999999999912,10.0499999999997,11.5000000000052,-347.144619886835,-111.287821981536,50.957832321416,-404.089408399013,43.5263499991989,43.5241499991989,870548,"2026_06_04_0031","2026_06_04_0031_ev00543_rec0","no",453552
544,0,43.6219499991989,-419.824140968901,-428.755525231464,-8.93138426256303,0.250000000001194,8.80000000000081,8.44999999999629,-402.537869093703,-25.9261694451479,36.6676318243171,-30.1569115922127,43.6196999991989,43.6194499991989,872439,"2026_06_04_0031","2026_06_04_0031_ev00544_rec0","no",453553
545,0,43.7184999991989,-427.144221019376,-433.018623615888,-5.87440259651169,0.350000000004513,12.9999999999981,11.9499999999988,-920094.753580802,919680.008152745,754059.894468329,-178.668647573019,43.7184999991989,43.7176999991989,874370,"2026_06_04_0031","2026_06_04_0031_ev00545_rec0","no",453554
546,0,43.7463999991989,-426.001517760491,-473.710711681754,-47.7091939212636,4.64999999999804,7.50000000000028,8.80000000000081,-432.670879094146,-41.2739760560026,6.6516512324513,-623.614962944642,43.7454999991989,43.7404499991989,874928,"2026_06_04_0031","2026_06_04_0031_ev00546_rec0","no",453555
547,0,43.7787499991989,-439.082443116381,-442.040012188277,-2.95756907189559,0,0.550000000004047,0.650000000000261,-431.274384513803,-11.742768158891,2.27422048716612,207.58816452299,43.7787499991989,43.7786499991989,875575,"2026_06_04_0031","2026_06_04_0031_ev00547_rec0","no",453556
548,0,43.8081999991989,-424.250343477258,-448.364511456237,-24.1141679789786,0.349999999997408,9.99999999999801,13.7499999999946,-431.041102222332,-15.1600445402486,7.02136723605493,-369.81195041267,43.8055499991989,43.8050999991989,876164,"2026_06_04_0031","2026_06_04_0031_ev00548_rec0","no",453557
549,0,43.8675999991989,-431.229463317945,-454.53674512697,-23.3072818090257,1.30000000000052,1.69999999999959,3.19999999999965,-429.22754922923,-15.6267599001507,8.24046777379075,-88.0350567250632,43.8673499991989,43.8655499991989,877352,"2026_06_04_0031","2026_06_04_0031_ev00549_rec0","no",453558
550,0,43.9728999991989,-426.178799510764,-438.076821181683,-11.8980216709199,0.0500000000016598,30.0999999999974,30.0000000000011,-99670.796223584,99250.3800633996,400559.886922991,61.7131498690379,43.9728999991989,43.9727999991989,879458,"2026_06_04_0031","2026_06_04_0031_ev00550_rec0","no",453559
551,0,44.0120499991989,-419.81770489765,-456.329305963102,-36.511601065452,3.04999999999467,5.29999999999831,5.00000000000256,-423.517728573932,-31.0672688184071,4.3305283062059,-323.057702567769,44.0119999991989,44.0087999991989,880241,"2026_06_04_0031","2026_06_04_0031_ev00551_rec0","no",453560
552,0,44.0638999991989,-410.596302017031,-424.623320747821,-14.0270187307909,1.84999999999746,32.900000000005,30.0000000000011,-421.504612101337,-9.26407546003456,1.53636752968369,-407.023533738039,44.0616499991989,44.0597999991989,881278,"2026_06_04_0031","2026_06_04_0031_ev00552_rec0","no",453561
553,0,44.1514499991989,-427.419386577987,-440.772617752452,-13.3532311744642,0.500000000002387,2.69999999999726,2.44999999999607,-415.551186737383,-24.4179791198555,6.62399817355159,188.899226039729,44.1510999991989,44.1504999991989,883029,"2026_06_04_0031","2026_06_04_0031_ev00553_rec0","no",453562
554,0,44.2388999991989,-430.583449233316,-437.654821813677,-7.0713725803605,0.450000000000728,22.8499999999983,20.3500000000005,-173753.413458805,173329.855303418,365997.344396308,-5.53356324313643,44.2388499991989,44.2379999991989,884778,"2026_06_04_0031","2026_06_04_0031_ev00554_rec0","no",453563
555,0,44.2680999991989,-437.364958748891,-453.236945114244,-15.8719863653527,0.700000000001921,1.15000000000265,0,-419.576533013015,-19.1426890331908,5.35175292377764,432.126279686034,44.2680999991989,44.2662499991989,885362,"2026_06_04_0031","2026_06_04_0031_ev00555_rec0","no",453564
556,0,44.3210499991989,-410.840845952375,-417.016559262057,-6.17571330968269,0.300000000002854,30.2999999999969,29.999999999994,13.9196324742156,-433.423081841028,11907.3299639002,-246.755212011323,44.3210499991989,44.3207499991989,886421,"2026_06_04_0031","2026_06_04_0031_ev00556_rec0","no",453565
557,0,44.3775999991989,-426.073991346094,-436.259557556778,-10.1855662106838,0.149999999997874,6.90000000000168,7.6000000000036,65766.8464259911,-66202.1939421077,91490.0890771303,35.6872770090107,44.3762999991989,44.3760999991989,887552,"2026_06_04_0031","2026_06_04_0031_ev00557_rec0","no",453566
558,0,44.4730499991989,-423.899237039822,-435.150261002329,-11.2510239625061,1.04999999999933,4.50000000000017,3.75000000000369,-415.905336951089,-18.6801307289444,8.72439554582557,58.3890819261337,44.4716499991989,44.4700499991989,889461,"2026_06_04_0031","2026_06_04_0031_ev00558_rec0","no",453567
559,0,44.5481499991989,-421.635163752471,-441.209162595424,-19.5739988429537,1.10000000000099,6.1499999999981,6.50000000000261,-421.649380718452,-20.5911613642997,6.20367186785232,-162.539960470349,44.5466499991989,44.5455499991989,890963,"2026_06_04_0031","2026_06_04_0031_ev00559_rec0","no",453568
560,0,44.5900999991989,-420.815036082941,-448.639452217896,-27.8244161349558,2.60000000000105,6.3999999999993,6.89999999999458,-423.256528081031,-18.2643775549486,8.15558549685481,-268.540498083248,44.5899499991989,44.5873499991989,891802,"2026_06_04_0031","2026_06_04_0031_ev00560_rec0","no",453569
561,0,44.6291499991989,-405.926031707266,-418.033193852278,-12.1071621450125,7.94999999999391,37.7999999999972,30.0000000000011,-415.152100017179,-6.86365912538141,4.77762396631367,-462.824992088514,44.6273499991989,44.6193999991989,892583,"2026_06_04_0031","2026_06_04_0031_ev00561_rec0","no",453570
562,0,44.9307499991989,-417.635340770455,-455.451705890091,-37.8163651196364,2.34999999999985,7.10000000000122,18.5499999999976,-431.606632340588,-27.5496030808579,2.57695297948064,-567.417434052849,44.9302999991989,44.9278999991989,898615,"2026_06_04_0031","2026_06_04_0031_ev00562_rec0","no",453571
563,0,44.9574999991989,-429.603731386593,-448.41136901548,-18.8076376288865,0.10000000000332,8.35000000000008,7.69999999999982,-424.120574930344,-29.2796959416292,8.9986361934983,-134.585202883311,44.9551499991989,44.9549999991989,899150,"2026_06_04_0031","2026_06_04_0031_ev00563_rec0","no",453572
564,0,45.0468499991989,-423.259487526824,-443.984207687293,-20.7247201604685,4.50000000000017,7.55000000000194,13.5999999999967,-428.702954877208,-9.99990380158614,9.0408824403155,-309.404457432944,45.0464999991989,45.0417499991989,900937,"2026_06_04_0031","2026_06_04_0031_ev00564_rec0","no",453573
565,0,45.0997499991989,-426.369952494499,-449.6598593913,-23.2899068968002,0.700000000001921,2.60000000000105,3.05000000000177,-421.106307425687,-26.5676593827134,4.689738413268,11.4238937174284,45.0989999991989,45.0980499991989,901995,"2026_06_04_0031","2026_06_04_0031_ev00565_rec0","no",453574
566,0,45.1530999991989,-424.934403778003,-427.005518354306,-2.07111457630327,0.250000000001194,0.900000000001455,0.900000000001455,-419.230962710326,-7.4519203367789,6.32979309644319,123.049549441028,45.1530999991989,45.1528499991989,903062,"2026_06_04_0031","2026_06_04_0031_ev00566_rec0","no",453575
567,0,45.1863499991989,-422.365070392533,-437.190363202295,-14.8252928097621,1.84999999999746,4.20000000000442,5.20000000000209,-421.887358911419,-12.533323355034,7.0151114593071,-98.1811400666945,45.1856499991989,45.1837499991989,903727,"2026_06_04_0031","2026_06_04_0031_ev00567_rec0","no",453576
568,0,45.2255999991989,-424.551619941464,-453.972389381816,-29.420769440352,1.55000000000172,18.7000000000026,21.800000000006,115328.801104435,-115776.463693847,206205.794523689,-547.203392111937,45.2228999991989,45.2213499991989,904512,"2026_06_04_0031","2026_06_04_0031_ev00568_rec0","no",453577
569,0,45.2371499991989,-432.020567490845,-459.771709376488,-27.7511418856427,0.849999999999795,4.50000000000017,4.80000000000302,-422.540496021172,-32.5948872117544,9.62725147006194,-41.0373266578522,45.2367999991989,45.2353499991989,904743,"2026_06_04_0031","2026_06_04_0031_ev00569_rec0","no",453578
570,0,45.3809499991989,-424.515540082601,-444.705975412799,-20.1904353301977,0.799999999998136,7.90000000000646,11.6499999999959,-430.210001400488,-20.1144261758359,4.79713482668154,-281.951155932717,45.3807999991989,45.3798999991989,907619,"2026_06_04_0031","2026_06_04_0031_ev00570_rec0","no",453579
571,0,45.4071499991989,-421.182624400057,-443.540604257899,-22.3579798578427,1.10000000000099,5.75000000000614,6.65000000000049,-423.844452354223,-22.312670308822,4.82142476406719,-213.739653465477,45.4067499991989,45.4053499991989,908143,"2026_06_04_0031","2026_06_04_0031_ev00571_rec0","no",453580
572,0,45.4276499991989,-416.082632361051,-423.465175846587,-7.38254348553613,0.700000000001921,30.699999999996,30.0000000000011,-420.095364074763,-6.50848210471251,6.09286116049442,-170.922194697767,45.4273499991989,45.4266499991989,908553,"2026_06_04_0031","2026_06_04_0031_ev00572_rec0","no",453581
573,0,45.4751999991989,-413.517619271282,-421.933837126637,-8.41621785535494,0.549999999996942,30.2999999999969,30.0000000000011,-419.734826561278,-7.41180325472681,3.06123012499592,-217.449637418515,45.4750499991989,45.4744999991989,909504,"2026_06_04_0031","2026_06_04_0031_ev00573_rec0","no",453582
574,0,45.5159999991989,-426.739559684556,-435.71142444063,-8.97186475607441,0.300000000002854,0.349999999997408,0.450000000000728,-420.202451831753,-11.6726142367422,2.76140122388394,162.98353844872,45.5157499991989,45.5154499991989,910320,"2026_06_04_0031","2026_06_04_0031_ev00574_rec0","no",453583
575,0,45.5499499991989,-427.325801279538,-441.056986458011,-13.7311851784724,2.0500000000041,6.7499999999967,5.80000000000069,-422.413032188863,-20.1078195603556,8.32873052342499,-53.0083033490848,45.5495999991989,45.5475499991989,910999,"2026_06_04_0031","2026_06_04_0031_ev00575_rec0","no",453584
576,0,45.5860499991989,-421.316162084791,-441.577758633323,-20.2615965485318,0.999999999997669,8.64999999999583,8.50000000000506,-419.209724282068,-23.3727377715501,9.55561903136937,-201.403858147567,45.5843999991989,45.5829999991989,911721,"2026_06_04_0031","2026_06_04_0031_ev00576_rec0","no",453585
577,0,45.6640499991989,-420.636587061243,-437.476210019376,-16.839622958133,2.80000000000058,5.60000000000116,10.3000000000009,49046.4778301665,-49477.9958451013,109442.102164659,-177.0899419188,45.6633999991989,45.6603999991989,913281,"2026_06_04_0031","2026_06_04_0031_ev00577_rec0","no",453586
578,0,45.7355999991989,-425.896424713192,-433.565876887471,-7.66945217427872,0.350000000004513,0.549999999996942,0.650000000000261,-421.856166563046,-9.22412234770138,2.28864765888429,98.3853549062811,45.7355999991989,45.7352499991989,914712,"2026_06_04_0031","2026_06_04_0031_ev00578_rec0","no",453587
579,0,45.9127999991989,-416.886860964391,-424.078367497969,-7.19150653357826,0.449999999993622,7.40000000000407,9.00000000000034,-414.732129273637,-10.0693448470988,12.1853862986166,-74.5694466682756,45.9124499991989,45.9097999991989,918256,"2026_06_04_0031","2026_06_04_0031_ev00579_rec0","no",453588
580,0,45.9774999991989,-421.174523321909,-430.461640429465,-9.28711710755601,0.300000000002854,18.0000000000007,16.2499999999994,-112102.645297835,111689.857089526,153634.859001947,-76.5421597967935,45.9774999991989,45.9771999991989,919550,"2026_06_04_0031","2026_06_04_0031_ev00580_rec0","no",453589
581,0,45.9988999991989,-414.195868560524,-456.261395284841,-42.0655267243174,1.69999999999959,5.50000000000495,4.79999999999592,-417.561171987975,-37.2327352541976,4.30129089349764,-350.664878082772,45.9974499991989,45.9955499991989,919978,"2026_06_04_0031","2026_06_04_0031_ev00581_rec0","no",453590
582,0,46.0440999991989,-415.784147011507,-439.872812933055,-24.0886659215481,0.900000000001455,4.34999999999519,4.20000000000442,-414.345441464076,-25.7395714008547,4.63287075022314,-97.5755302685808,46.0439499991989,46.0423499991989,920882,"2026_06_04_0031","2026_06_04_0031_ev00582_rec0","no",453591
583,0,46.1054999991989,-413.705143369621,-433.348630362267,-19.6434869926465,1.40000000000384,5.40000000000163,3.14999999999799,-413.906232909623,-12.1423872076763,5.86112944878533,-118.383158129998,46.1030999991989,46.1013999991989,922110,"2026_06_04_0031","2026_06_04_0031_ev00583_rec0","no",453592
584,0,46.1348999991989,-417.693498784083,-420.16580614939,-2.47230736530753,0.149999999997874,1.4499999999984,1.50000000000006,-411.836406910578,-9.62118922565188,4.29322930747089,132.940440763301,46.1348999991989,46.1345499991989,922698,"2026_06_04_0031","2026_06_04_0031_ev00584_rec0","no",453593
585,0,46.1856499991989,-414.761125558403,-461.428118452111,-46.6669928937084,2.80000000000058,7.20000000000454,7.69999999999982,-409.141142780353,-50.734339118249,9.7023144444114,-378.663787720117,46.1855499991989,46.1824999991989,923713,"2026_06_04_0031","2026_06_04_0031_ev00585_rec0","no",453594
586,0,46.3215999991989,-424.957106012498,-430.916920348365,-5.95981433586724,0.500000000002387,10.150000000003,9.050000000002,-419.300514060133,-20.9094790583522,9.24804469137737,-38.7649112398651,46.3200999991989,46.3195499991989,926432,"2026_06_04_0031","2026_06_04_0031_ev00586_rec0","no",453595
587,0,46.3707499991989,-426.858170181472,-436.124848503233,-9.26667832176105,0.499999999995282,2.09999999999866,2.45000000000317,-421.7651456878,-13.7912149285638,5.11167995927722,78.2806397813866,46.3705499991989,46.3700499991989,927415,"2026_06_04_0031","2026_06_04_0031_ev00587_rec0","no",453596
588,0,46.4427999991989,-425.852105766826,-441.222423643432,-15.3703178766057,1.55000000000172,5.89999999999691,7.14999999999577,-419.506579216489,-20.1274060385114,13.8973904146019,-80.7729632086636,46.4410999991989,46.4394499991989,928856,"2026_06_04_0031","2026_06_04_0031_ev00588_rec0","no",453597
589,0,46.4777999991989,-424.658058174387,-467.995387951339,-43.3373297769519,1.30000000000052,7.5999999999965,7.55000000000194,-426.26277209701,-39.9423171865682,7.41012193041211,-436.8126018901,46.4763999991989,46.4748499991989,929556,"2026_06_04_0031","2026_06_04_0031_ev00589_rec0","no",453598
590,0,46.5101499991989,-425.932167343028,-457.594411137379,-31.662243794351,1.4499999999984,5.85000000000235,7.44999999999862,-421.416068573403,-31.373364159232,11.2923162628193,-223.089987602376,46.5100999991989,46.5084499991989,930203,"2026_06_04_0031","2026_06_04_0031_ev00590_rec0","no",453599
591,0,46.7490499991989,-417.227513423546,-464.431990908357,-47.2044774848109,1.04999999999933,5.65000000000282,6.05000000000189,-418.442163365282,-44.5552752726301,5.98211473665166,-367.832679380453,46.7483499991989,46.7472499991989,934981,"2026_06_04_0031","2026_06_04_0031_ev00591_rec0","no",453600
592,0,47.0746999991989,-415.049017375778,-470.878598002467,-55.8295806266891,1.50000000000006,8.04999999999723,9.10000000000366,-418.137753159004,-53.7699518186852,8.14534936847067,-646.279444184792,47.0727999991989,47.0712499991989,941494,"2026_06_04_0031","2026_06_04_0031_ev00592_rec0","no",453601
593,0,47.1288999991989,-421.389873195566,-432.037833423368,-10.6479602278022,0.0500000000016598,0.199999999999534,0,-412.81510681025,-12.0528619855805,6.56271544537307,177.415369275641,47.1288999991989,47.1285999991989,942578,"2026_06_04_0031","2026_06_04_0031_ev00593_rec0","no",453602
594,0,47.2248999991989,-420.359150179651,-443.528180025835,-23.1690298461848,0.94999999999601,8.15000000000055,9.39999999999941,-416.503703409277,-26.1599011419002,12.6631384984649,-216.356044139805,47.2240999991989,47.2229999991989,944498,"2026_06_04_0031","2026_06_04_0031_ev00594_rec0","no",453603
595,0,47.3504999991989,-421.699498763195,-426.440454460192,-4.74095569699784,0.300000000002854,0.0500000000016598,0,-416.57961622983,-6.47016669790364,4.51283198384283,123.017324077522,47.3504999991989,47.3499999991989,947010,"2026_06_04_0031","2026_06_04_0031_ev00595_rec0","no",453604
596,0,47.3918499991989,-413.505429795003,-422.339943681619,-8.83451388661643,0.500000000002387,8.35000000000008,11.1500000000007,-415.276306250095,-10.1046396211916,5.85320991743622,-123.107705861639,47.3913999991989,47.3908999991989,947837,"2026_06_04_0031","2026_06_04_0031_ev00596_rec0","no",453605
597,0,47.4682499991989,-426.532200849382,-441.651902097771,-15.119701248389,0.0500000000016598,0.10000000000332,0.250000000001194,-417.228362865504,-15.4410776171678,6.40312666064325,179.318875541389,47.4682499991989,47.4679499991989,949365,"2026_06_04_0031","2026_06_04_0031_ev00597_rec0","no",453606
598,0,47.5012999991989,-414.52737964529,-421.992617054383,-7.46523740909322,0.399999999999068,6.3999999999993,30.0000000000011,-417.344693606768,-8.09623870452906,2.76690221676468,-110.02738048776,47.5012999991989,47.5008999991989,950026,"2026_06_04_0031","2026_06_04_0031_ev00598_rec0","no",453607
599,0,47.5802499991989,-427.417734355635,-437.237217668113,-9.81948331247816,0.149999999997874,5.04999999999711,3.30000000000297,-422.201882718764,-17.2191872786762,4.96798273504873,47.9475912529215,47.5786499991989,47.5771499991989,951605,"2026_06_04_0031","2026_06_04_0031_ev00599_rec0","no",453608
600,0,47.7301499991989,-429.602716228194,-444.724483430658,-15.121767202464,1.24999999999886,3.30000000000297,3.34999999999752,-424.042881250315,-24.6100486672154,4.24450201639026,35.4276520867557,47.7290499991989,47.7277999991989,954603,"2026_06_04_0031","2026_06_04_0031_ev00600_rec0","no",453609
601,0,47.8181999991989,-427.093277706995,-490.162396256563,-63.0691185495687,1.35000000000218,7.09999999999411,7.39999999999696,-418.583239810722,-82.9734502518259,7.72853090326015,-466.567657200022,47.8175499991989,47.8161999991989,956364,"2026_06_04_0031","2026_06_04_0031_ev00601_rec0","no",453610
602,0,47.8929999991989,-430.112247986842,-470.860662222222,-40.7484142353802,1.95000000000078,6.59999999999883,6.19999999999976,-421.901878403577,-49.2662446498228,8.26449428626934,-240.400714388674,47.8914499991989,47.8894499991989,957860,"2026_06_04_0031","2026_06_04_0031_ev00602_rec0","no",453611
603,0,47.9356499991989,-426.14788599159,-451.947564778114,-25.7996787865247,0.999999999997669,8.64999999999583,10.6999999999999,-430.635358394953,-26.7314125872083,6.42200024179068,-339.002381890138,47.9349499991989,47.9338499991989,958713,"2026_06_04_0031","2026_06_04_0031_ev00603_rec0","no",453612
604,0,47.9824499991989,-425.279618896701,-463.845170612538,-38.5655517158368,2.54999999999939,6.50000000000261,5.80000000000069,-423.388393971667,-38.273082062455,6.70751365840047,-286.217822496552,47.9816999991989,47.9785499991989,959649,"2026_06_04_0031","2026_06_04_0031_ev00604_rec0","no",453613
605,0,48.0145499991989,-426.093756675467,-428.499452702066,-2.405696026599,0.299999999995748,0.299999999995748,0,-417.124746052943,-8.15508355078073,8.72032361336942,199.936632006642,48.0145499991989,48.0142499991989,960291,"2026_06_04_0031","2026_06_04_0031_ev00605_rec0","no",453614
606,0,48.0640499991989,-423.771740881578,-426.408461108357,-2.63672022677912,0,0.10000000000332,0.250000000001194,-419.822481645584,-5.42786995904821,2.62234511159553,103.467990485592,48.0640499991989,48.0637499991989,961281,"2026_06_04_0031","2026_06_04_0031_ev00606_rec0","no",453615
607,0,48.1509999991989,-417.013924586726,-422.44067117715,-5.42674659042382,0.300000000002854,3.65000000000038,4.30000000000064,-416.902712330457,-11.070132488684,2.60419829484626,-28.4159290662313,48.1509999991989,48.1506999991989,963020,"2026_06_04_0031","2026_06_04_0031_ev00607_rec0","no",453616
608,0,48.2220999991989,-423.511390657304,-430.422459410723,-6.91106875341848,0.10000000000332,0.199999999999534,0.549999999996942,-420.269689823351,-6.54434004112691,4.50686133177245,66.6587029896526,48.2220499991989,48.2218499991989,964442,"2026_06_04_0031","2026_06_04_0031_ev00608_rec0","no",453617
609,0,48.2686999991989,-428.717924787835,-435.678821241977,-6.96089645414247,0.199999999999534,30.2000000000007,30.0000000000011,-93158.8860606916,92737.8739286908,602862.356672869,162.641953663708,48.2686999991989,48.2684999991989,965374,"2026_06_04_0031","2026_06_04_0031_ev00609_rec0","no",453618
610,0,48.3546999991989,-422.851628116661,-426.960642664855,-4.1090145481939,0.0500000000016598,30.0500000000028,30.0000000000011,-13312.1302779874,12894.6813018324,96504.3290014696,101.805320790499,48.3546999991989,48.3544999991989,967094,"2026_06_04_0031","2026_06_04_0031_ev00610_rec0","no",453619
611,0,48.4203999991989,-429.909929040422,-449.500142321637,-19.5902132812154,1.85000000000457,4.24999999999898,3.84999999999991,-421.892419628729,-28.3803088728092,6.20672690267027,29.0657408853116,48.4198999991989,48.4176999991989,968408,"2026_06_04_0031","2026_06_04_0031_ev00611_rec0","no",453620
612,0,48.5216499991989,-424.09299418478,-440.232215906618,-16.1392217218378,0.900000000001455,5.15000000000043,4.1000000000011,-418.505390517575,-24.9644782256469,5.34433507960923,-2.39406619994834,48.5202499991989,48.5193499991989,970433,"2026_06_04_0031","2026_06_04_0031_ev00612_rec0","no",453621
613,0,48.5646499991989,-417.458506799778,-452.890988573038,-35.4324817732603,2.6499999999956,8.40000000000174,9.00000000000034,-424.662761217111,-35.9876078264456,4.97992868017675,-480.921616534627,48.5641999991989,48.5611999991989,971293,"2026_06_04_0031","2026_06_04_0031_ev00613_rec0","no",453622
614,0,48.7690999991989,-427.376716578379,-436.309585573726,-8.9328689953465,0.650000000000261,10.9999999999957,11.4999999999981,-406.628391574336,-34.1876854945199,32.7705311118732,-72.7254875834806,48.7676499991989,48.7669999991989,975382,"2026_06_04_0031","2026_06_04_0031_ev00614_rec0","no",453623
615,0,49.1016499991989,-428.658187259633,-431.728998309373,-3.07081104973952,0.150000000004979,0.199999999999534,0,-419.509058944898,-9.25466799174091,5.14071988552815,226.142388094056,49.1015999991989,49.1013499991989,982033,"2026_06_04_0031","2026_06_04_0031_ev00615_rec0","no",453624
616,0,49.3092499991989,-419.648124157222,-441.18110278688,-21.5329786296585,1.10000000000099,4.34999999999519,5.84999999999525,-425.047807022203,-15.6443614017478,3.24020301762888,-308.900912572737,49.3028999991989,49.3009499991989,986185,"2026_06_04_0031","2026_06_04_0031_ev00616_rec0","no",453625
617,0,49.3312999991989,-411.887966307389,-425.147079218745,-13.2591129113554,0.500000000002387,31.4499999999995,29.999999999994,-421.73458161752,-10.4854662755946,4.46576330907956,-382.679926333621,49.3295499991989,49.3290499991989,986626,"2026_06_04_0031","2026_06_04_0031_ev00617_rec0","no",453626
618,0,49.3465499991989,-424.383075120595,-432.063952656035,-7.68087753543972,0.199999999999534,0.199999999999534,0.500000000002387,-420.813529136892,-7.56001562129656,2.90059347837327,84.5939554128223,49.3465499991989,49.3462999991989,986931,"2026_06_04_0031","2026_06_04_0031_ev00618_rec0","no",453627
619,0,49.4046499991989,-423.871990161856,-436.594219532884,-12.7222293710286,2.00000000000244,6.49999999999551,6.1499999999981,-416.955578006699,-24.1787091643889,8.39932201688742,-20.9128803637944,49.4042499991989,49.4022499991989,988093,"2026_06_04_0031","2026_06_04_0031_ev00619_rec0","no",453628
620,0,49.5508999991989,-407.903659289565,-417.350659124083,-9.44699983451801,6.70000000000215,36.5499999999983,29.999999999994,-417.828016028327,-8.68406422729165,3.55619246928621,-546.929869254878,49.5440499991989,49.5373499991989,991018,"2026_06_04_0031","2026_06_04_0031_ev00620_rec0","no",453629
621,0,49.7218499991989,-428.609097283157,-448.487357401394,-19.8782601182368,0.600000000005707,6.85000000000002,6.59999999999883,-420.115385005451,-32.479724777468,9.19792653515691,-62.921742488173,49.7206499991989,49.7196499991989,994437,"2026_06_04_0031","2026_06_04_0031_ev00621_rec0","no",453630
622,0,49.8893499991989,-421.236604300647,-446.855074497837,-25.6184701971904,4.59999999999638,35.9499999999997,30.0000000000011,-439.153135085206,-14.9953107379326,3.85934906768171,-758.023648779516,49.8869999991989,49.8817999991989,997787,"2026_06_04_0031","2026_06_04_0031_ev00622_rec0","no",453631
623,0,49.9114999991989,-431.621681095269,-442.270085805674,-10.648404710405,0.499999999995282,7.3499999999953,7.14999999999577,-426.234898566161,-29.5099525221425,6.22169134114965,-42.1657145848526,49.9105499991989,49.9100499991989,998230,"2026_06_04_0031","2026_06_04_0031_ev00623_rec0","no",453632
624,0,49.9923499991989,-435.251554657654,-442.285715542138,-7.03416088448347,0.94999999999601,0.849999999999795,0.149999999997874,-427.496593301485,-10.7308958264242,3.54048666380954,193.250022251342,49.9923499991989,49.9913999991989,999847,"2026_06_04_0031","2026_06_04_0031_ev00624_rec0","no",453633
625,0,50.0362999991989,-426.839144550907,-452.177934265593,-25.338789714686,0.599999999998602,4.30000000000064,4.75000000000136,-428.730127086514,-20.5384625790876,4.70141786102575,-240.183904812838,50.0323499991989,50.0312499991989,1000726,"2026_06_04_0031","2026_06_04_0031_ev00625_rec0","no",453634
626,0,50.1258999991989,-419.680834201794,-424.847459272158,-5.16662507036415,2.45000000000317,25.9500000000017,30.0000000000011,-421.216968878332,-7.73967534660138,10.5394062798737,-190.649591649742,50.1221499991989,50.1188499991989,1002518,"2026_06_04_0031","2026_06_04_0031_ev00626_rec0","no",453635
627,0,50.3371499991989,-427.505936141182,-446.363239986271,-18.8573038450893,0.749999999996476,1.39999999999674,1.40000000000384,-424.528347980774,-17.7037352489779,2.44327061495728,36.5074375715855,50.3369499991989,50.3361999991989,1006743,"2026_06_04_0031","2026_06_04_0031_ev00627_rec0","no",453636
628,0,50.4245499991989,-424.446129279752,-431.058356112276,-6.6122268325243,0.250000000001194,5.49999999999784,6.85000000000002,-425.760735204632,-10.0225619575451,3.13914729448976,-76.0309084102267,50.4241999991989,50.4239499991989,1008491,"2026_06_04_0031","2026_06_04_0031_ev00628_rec0","no",453637
629,0,50.4616499991989,-429.465956541636,-446.154775336858,-16.6888187952217,1.00000000000477,7.75000000000148,7.94999999999391,-422.713906839113,-27.8421586890076,10.3903745280222,-94.5433075026262,50.4609499991989,50.4597999991989,1009233,"2026_06_04_0031","2026_06_04_0031_ev00629_rec0","no",453638
630,0,50.5594499991989,-420.813728560676,-438.758665548113,-17.9449369874364,0.799999999998136,7.89999999999935,8.64999999999583,-416.597018534675,-23.1057117631928,11.4292184147322,-147.234287363892,50.5584999991989,50.5575499991989,1011189,"2026_06_04_0031","2026_06_04_0031_ev00630_rec0","no",453639
631,0,50.5921499991989,-416.416526091246,-422.542266083847,-6.12573999260098,0.149999999997874,9.85000000000014,12.1499999999983,-414.590172162235,-9.91377244499158,13.7427983797821,-67.1916601440969,50.5921499991989,50.5919999991989,1011843,"2026_06_04_0031","2026_06_04_0031_ev00631_rec0","no",453640
632,0,50.7014999991989,-423.457775255453,-425.851613320311,-2.39383806485807,0.10000000000332,1.50000000000006,1.59999999999627,-420.633879152665,-5.83120366133064,3.5149374821217,63.959932568739,50.7014999991989,50.7012999991989,1014030,"2026_06_04_0031","2026_06_04_0031_ev00632_rec0","no",453641
633,0,50.7812499991989,-423.30118161617,-428.885341047496,-5.58415943132565,0.0999999999962142,0.599999999998602,0.700000000001921,-415.515009942771,-11.441297123873,4.54219955273068,180.171688877035,50.7810999991989,50.7809499991989,1015625,"2026_06_04_0031","2026_06_04_0031_ev00633_rec0","no",453642
634,0,50.8164999991989,-422.302115004311,-452.584236426221,-30.2821214219102,1.09999999999388,6.00000000000023,5.89999999999691,-416.857096644582,-33.7427531081914,8.35596291511081,-152.47603811547,50.8158999991989,50.8145999991989,1016330,"2026_06_04_0031","2026_06_04_0031_ev00634_rec0","no",453643
635,0,50.9160999991989,-420.680467675404,-441.799642817227,-21.1191751418236,0.800000000005241,6.19999999999976,6.45000000000095,-422.913143528217,-26.3334827674329,4.15149583679911,-207.040319977457,50.9151999991989,50.9143999991989,1018322,"2026_06_04_0031","2026_06_04_0031_ev00635_rec0","no",453644
636,0,50.9665499991989,-433.326358920308,-446.731948505766,-13.4055895854584,1.74999999999415,6.3999999999993,5.74999999999903,-432.044021452813,-22.2925730301369,4.51660351124518,-98.9748054063936,50.9659499991989,50.9637999991989,1019331,"2026_06_04_0031","2026_06_04_0031_ev00636_rec0","no",453645
637,0,51.0274499991989,-429.858527896682,-495.963869621767,-66.1053417250854,4.44999999999851,6.55000000000427,7.40000000000407,-427.334766321846,-74.4634716002643,7.29970320583945,-601.135857867312,51.0270499991989,51.0223499991989,1020549,"2026_06_04_0031","2026_06_04_0031_ev00637_rec0","no",453646
638,0,51.2880999991989,-424.032145968365,-427.374112349659,-3.34196638129356,0.199999999999534,2.25000000000364,2.20000000000198,-421.169225425029,-7.12216463752474,3.94797465269953,56.5708125824646,51.2880999991989,51.2876499991989,1025762,"2026_06_04_0031","2026_06_04_0031_ev00638_rec0","no",453647
639,0,51.3359999991989,-430.603988505345,-482.246283564872,-51.642295059527,2.85000000000224,7.65000000000526,7.14999999999577,-422.658942173333,-54.825995053694,10.1211482119683,-406.614405330161,51.3350999991989,51.3320499991989,1026720,"2026_06_04_0031","2026_06_04_0031_ev00639_rec0","no",453648
640,0,51.4038999991989,-423.415059803568,-440.032489246838,-16.61742944327,1.15000000000265,7.24999999999909,7.20000000000454,-427.29117636112,-17.0938126397426,3.57155967136648,-216.837463245912,51.4027499991989,51.4011499991989,1028078,"2026_06_04_0031","2026_06_04_0031_ev00640_rec0","no",453649
641,0,51.4336499991989,-423.441221291621,-443.868083706574,-20.4268624149537,2.65000000000271,11.3500000000002,11.1500000000007,-420.484568963443,-23.7732520225754,13.6958997012367,-258.178222135676,51.4326499991989,51.4299999991989,1028673,"2026_06_04_0031","2026_06_04_0031_ev00641_rec0","no",453650
642,0,51.4887499991989,-425.647331960135,-445.919119711582,-20.2717877514462,2.14999999999321,6.7499999999967,5.69999999999737,-425.531689316725,-20.9618990467734,5.6132232595355,-161.093406400822,51.4881999991989,51.4856499991989,1029775,"2026_06_04_0031","2026_06_04_0031_ev00642_rec0","no",453651
643,0,51.5969999991989,-420.153940492644,-438.102582764682,-17.9486422720377,1.84999999999746,9.74999999999682,9.79999999999848,-417.193490951343,-23.7172445726597,10.8316892987646,-192.166432608409,51.5962999991989,51.5943999991989,1031940,"2026_06_04_0031","2026_06_04_0031_ev00643_rec0","no",453652
644,0,51.6477499991989,-419.059038643468,-421.320252448257,-2.26121380478941,0.0500000000016598,26.5500000000003,25.1500000000036,-13450.7348409192,13036.8889587944,54175.8584761964,47.6295389679752,51.6477499991989,51.6474999991989,1032955,"2026_06_04_0031","2026_06_04_0031_ev00644_rec0","no",453653
645,0,51.8878999991989,-422.411010713619,-429.62549795092,-7.21448723730055,1.55000000000172,0.500000000002387,0,-36211.189850029,35782.8751660957,354512.768209386,-241.423911839319,51.8874999991989,51.8859499991989,1037758,"2026_06_04_0031","2026_06_04_0031_ev00645_rec0","no",453654
646,0,51.9507999991989,-435.183788567952,-473.086623604253,-37.9028350363008,1.35000000000218,4.25000000000608,4.6999999999997,-430.96454087948,-37.7281314023079,6.45820040720387,-156.358387231942,51.9506499991989,51.9491499991989,1039016,"2026_06_04_0031","2026_06_04_0031_ev00646_rec0","no",453655
647,0,52.0161499991989,-433.987675806352,-499.422688118804,-65.4350123124512,1.15000000000265,6.65000000000049,6.25000000000142,-434.52192690006,-68.9798235811141,5.86355307222433,-559.493284486309,52.0144499991989,52.0127999991989,1040323,"2026_06_04_0031","2026_06_04_0031_ev00647_rec0","no",453656
648,0,52.0637999991989,-427.0293730426,-434.535310590701,-7.50593754810023,0.0500000000016598,7.39999999999696,4.80000000000302,-264866.522379692,264438.762962423,621431.016353899,-215.67231013995,52.0634999991989,52.0634499991989,1041276,"2026_06_04_0031","2026_06_04_0031_ev00648_rec0","no",453657
649,0,52.0918499991989,-433.721504661461,-460.262484817655,-26.5409801561937,0.999999999997669,6.70000000000215,8.70000000000459,-432.583428451967,-21.0051241518549,13.3342182391097,-245.658832011785,52.0915999991989,52.0899999991989,1041837,"2026_06_04_0031","2026_06_04_0031_ev00649_rec0","no",453658
650,0,52.1934999991989,-431.631724179557,-450.885179974903,-19.2534557953463,1.35000000000218,4.24999999999898,4.15000000000276,-425.178071026002,-21.2250555491825,9.24430517633336,-21.478454453982,52.1933999991989,52.1908999991989,1043870,"2026_06_04_0031","2026_06_04_0031_ev00650_rec0","no",453659
651,0,52.2229999991989,-425.725867512336,-428.324047185606,-2.59817967327035,0.150000000004979,0.999999999997669,1.1999999999972,-421.414166775543,-7.30821394385451,3.661831725081,101.430210731935,52.2229999991989,52.2226999991989,1044460,"2026_06_04_0031","2026_06_04_0031_ev00651_rec0","no",453660
652,0,52.3457499991989,-432.529507593346,-441.506041026815,-8.97653343346906,0.299999999995748,0.749999999996476,0,-424.76715262123,-10.2358802292999,4.43789539211918,185.562195725479,52.3454999991989,52.3449499991989,1046915,"2026_06_04_0031","2026_06_04_0031_ev00652_rec0","no",453661
653,0,52.4080499991989,-425.819450346519,-453.272949732546,-27.4534993860266,4.89999999999924,8.30000000000553,5.20000000000209,-426.761381326836,-22.6948083784637,5.7663638085023,-268.207498927592,52.4066999991989,52.4016499991989,1048161,"2026_06_04_0031","2026_06_04_0031_ev00653_rec0","no",453662
654,0,52.5298499991989,-426.732913543156,-439.501861189273,-12.7689476461173,0.349999999997408,30.1000000000045,30.0000000000011,-6634.12653262872,6210.44422650381,246682.486983725,79.3361721559368,52.5298499991989,52.5294999991989,1050597,"2026_06_04_0031","2026_06_04_0031_ev00654_rec0","no",453663
655,0,52.7200999991989,-422.246854810589,-437.187581577026,-14.9407267664367,2.24999999999653,8.15000000000055,7.24999999999909,-416.47618440974,-20.7937368659551,11.9004502378616,-100.318818300257,52.7191499991989,52.7165999991989,1054402,"2026_06_04_0031","2026_06_04_0031_ev00655_rec0","no",453664
656,0,52.7613499991989,-425.164397315304,-476.214499417287,-51.050102101983,0.699999999994816,5.5499999999995,6.25000000000142,-428.861069683475,-54.944299451229,4.86683457959767,-423.920632627949,52.7606999991989,52.7599999991989,1055227,"2026_06_04_0031","2026_06_04_0031_ev00656_rec0","no",453665
657,0,52.7956499991989,-424.976032499809,-443.041104340794,-18.0650718409842,1.95000000000078,8.89999999999702,8.85000000000247,-407.516097658171,-35.0316425282576,23.742844431249,-109.354835494001,52.7951999991989,52.7932499991989,1055913,"2026_06_04_0031","2026_06_04_0031_ev00657_rec0","no",453666
658,0,52.8547499991989,-426.011706975491,-431.269797670234,-5.25809069474218,0.199999999999534,0.349999999997408,0,-415.38611090361,-8.03991084044148,17.4880852972787,203.733714172395,52.8547499991989,52.8543499991989,1057095,"2026_06_04_0031","2026_06_04_0031_ev00658_rec0","no",453667
659,0,53.1981999991989,-419.69974215003,-443.838008447559,-24.1382662975285,9.39999999999941,11.7499999999993,7.75000000000148,-415.86807019937,-29.805761572117,9.11324139825492,-267.428364498769,53.1978999991989,53.1881999991989,1063964,"2026_06_04_0031","2026_06_04_0031_ev00659_rec0","no",453668
660,0,53.3347999991989,-414.965004333364,-428.535612572371,-13.5706082390076,1.15000000000265,9.45000000000107,10.0499999999997,-416.274605537642,-12.9210928131167,8.05289779145969,-168.072632409448,53.3338499991989,53.3321999991989,1066696,"2026_06_04_0031","2026_06_04_0031_ev00660_rec0","no",453669
661,0,53.4154999991989,-425.125062412841,-444.019153159762,-18.8940907469215,0.399999999999068,11.0000000000028,13.6000000000038,-428.812345120179,-19.1982650578081,7.73749893054053,-295.257667724199,53.4138499991989,53.4132499991989,1068310,"2026_06_04_0031","2026_06_04_0031_ev00661_rec0","no",453670
662,0,53.6299499991989,-430.231089207261,-452.245008157763,-22.0139189505023,1.40000000000384,5.65000000000282,5.60000000000116,-428.458075682021,-23.1113866274931,6.59083580740099,-136.138828380941,53.6289499991989,53.6273499991989,1072599,"2026_06_04_0031","2026_06_04_0031_ev00662_rec0","no",453671
663,0,53.8690999991989,-426.121333637117,-431.614486143746,-5.49315250662869,0.10000000000332,9.25000000000154,12.5999999999991,-427.184695284474,-7.15232843315245,6.30896881567612,-77.2571822908971,53.8690999991989,53.8689999991989,1077382,"2026_06_04_0031","2026_06_04_0031_ev00663_rec0","no",453672
664,0,54.0053999991989,-434.270930538025,-439.919769450365,-5.64883891233961,0.849999999999795,2.94999999999845,0,48614.5343424166,-49048.825710253,114094.466531201,186.665851672845,54.0051999991989,54.0022499991989,1080108,"2026_06_04_0031","2026_06_04_0031_ev00664_rec0","no",453673
665,0,54.1462499991989,-426.94998037605,-429.565251762627,-2.61527138657704,0.0500000000016598,2.65000000000271,3.05000000000177,-423.546546771778,-7.25061164840708,6.06582623994421,57.3827279475639,54.1462499991989,54.1460499991989,1082925,"2026_06_04_0031","2026_06_04_0031_ev00665_rec0","no",453674
666,0,54.1832499991989,-427.760576573988,-432.132582139981,-4.37200556599316,0.0999999999962142,0.900000000001455,1.15000000000265,-421.052134621515,-10.46771861437,5.11047181705562,145.702923147367,54.1827999991989,54.1826999991989,1083665,"2026_06_04_0031","2026_06_04_0031_ev00666_rec0","no",453675
667,0,54.3135999991989,-426.260986694894,-447.224614927991,-20.9636282330974,0.94999999999601,8.04999999999723,7.44999999999862,-425.30180844143,-25.1848326318125,7.00255270973366,-190.638510440171,54.3120999991989,54.3108999991989,1086272,"2026_06_04_0031","2026_06_04_0031_ev00667_rec0","no",453676
668,0,54.3599499991989,-423.972130638787,-431.908781055639,-7.93665041685244,0.10000000000332,4.1000000000011,4.89999999999924,-418.579526271546,-15.4742133369568,7.91752802999362,41.1831724736486,54.3599499991989,54.3598499991989,1087199,"2026_06_04_0031","2026_06_04_0031_ev00668_rec0","no",453677
669,0,54.3934499991989,-418.105079339472,-425.984281317016,-7.87920197754471,0.349999999997408,9.10000000000366,10.8499999999978,-416.049349338309,-14.0524153911042,10.4583594833464,-80.7496966230736,54.3934499991989,54.3930999991989,1087869,"2026_06_04_0031","2026_06_04_0031_ev00669_rec0","no",453678
670,0,54.4861499991989,-418.802904301778,-447.05119895073,-28.2482946489527,4.85000000000468,8.04999999999723,5.15000000000043,-420.044588443763,-28.3399444832167,4.56108054801432,-267.711250718336,54.4851499991989,54.4800499991989,1089723,"2026_06_04_0031","2026_06_04_0031_ev00670_rec0","no",453679
671,0,54.5304999991989,-418.933588494533,-436.699195805455,-17.7656073109225,3.69999999999493,5.15000000000043,3.94999999999612,-422.97656276688,-12.9230741474511,2.40947499102863,-203.361844796096,54.5303999991989,54.5264499991989,1090610,"2026_06_04_0031","2026_06_04_0031_ev00671_rec0","no",453680
672,0,54.5550499991989,-424.984966930244,-427.722606324073,-2.73763939382849,0.0500000000016598,3.29999999999586,3.59999999999872,-415.206216829335,-13.1423694019835,18.3612463323006,97.7585160021072,54.5546999991989,54.5545999991989,1091101,"2026_06_04_0031","2026_06_04_0031_ev00672_rec0","no",453681
673,0,54.6213499991989,-422.249529635737,-438.099347178396,-15.8498175426589,2.89999999999679,14.2500000000041,13.9500000000012,-396.127205704105,-45.2616258177687,40.2230317966069,-219.380355088373,54.6207499991989,54.6178499991989,1092427,"2026_06_04_0031","2026_06_04_0031_ev00673_rec0","no",453682
674,0,54.6621499991989,-422.600410232986,-454.970362947478,-32.3699527144918,0.799999999998136,6.09999999999644,5.69999999999737,-417.221546514805,-42.8121029900177,6.32167066460239,-157.553013083804,54.6607499991989,54.6596999991989,1093243,"2026_06_04_0031","2026_06_04_0031_ev00674_rec0","no",453683
675,0,54.8561999991989,-423.321530411497,-499.467981039568,-76.1464506280707,2.45000000000317,5.55000000000661,4.80000000000302,-422.513790344539,-77.2477433434034,4.90055274619322,-497.047683496631,54.8560499991989,54.8532999991989,1097124,"2026_06_04_0031","2026_06_04_0031_ev00675_rec0","no",453684
676,0,54.9128999991989,-423.82275245929,-427.45952930059,-3.63677684130005,0.0500000000016598,1.14999999999554,1.30000000000052,-416.200208791513,-11.2887352602825,5.73473958622414,163.432480471934,54.9127999991989,54.9127499991989,1098258,"2026_06_04_0031","2026_06_04_0031_ev00676_rec0","no",453685
677,0,54.9883499991989,-416.03919892329,-438.545034686741,-22.5058357634518,1.35000000000218,11.2999999999985,16.1499999999961,-423.71688316044,-23.81867641329,4.47782219827514,-406.114958976559,54.9867999991989,54.9851999991989,1099767,"2026_06_04_0031","2026_06_04_0031_ev00677_rec0","no",453686
678,0,55.1622999991989,-432.631342641136,-711.910579498865,-279.279236857728,3.04999999999467,12.049999999995,11.6000000000014,-428.131268914628,-319.802664976659,10.6767902505344,-4014.21538583399,55.1604999991989,55.1570499991989,1103246,"2026_06_04_0031","2026_06_04_0031_ev00678_rec0","no",453687
679,0,55.2260499991989,-429.771208815309,-465.947881246892,-36.1766724315831,2.70000000000437,5.85000000000235,7.89999999999935,-434.94223256191,-26.6892205899557,6.70525276928651,-407.20305978732,55.2259499991989,55.2229999991989,1104521,"2026_06_04_0031","2026_06_04_0031_ev00679_rec0","no",453688
680,0,55.2573499991989,-438.713922736728,-445.499177732169,-6.78525499544168,0.199999999999534,0.749999999996476,0.749999999996476,-432.076432049733,-13.3705732676732,1.98820543144984,171.158208577239,55.2570999991989,55.2568999991989,1105147,"2026_06_04_0031","2026_06_04_0031_ev00680_rec0","no",453689
681,0,55.3138999991989,-438.036733434962,-446.931869217397,-8.89513578243424,0.399999999999068,0.0500000000016598,0.149999999997874,-431.202078948276,-10.6478704566404,3.45152314447215,166.812804750461,55.3137499991989,55.3133499991989,1106278,"2026_06_04_0031","2026_06_04_0031_ev00681_rec0","no",453690
682,0,55.3567999991989,-438.267614839641,-440.999680167633,-2.73206532799196,0.399999999999068,4.60000000000349,4.55000000000183,-436.547982926838,-13.0221156008481,2.92249006087655,8.97393873264468,55.3567999991989,55.3561999991989,1107136,"2026_06_04_0031","2026_06_04_0031_ev00682_rec0","no",453691
683,0,55.4303999991989,-432.859140478952,-463.709599513007,-30.8504590340548,1.55000000000172,9.09999999999656,8.40000000000174,-432.647906098119,-41.2955970052927,6.6256051340659,-338.234026653999,55.4290499991989,55.4274499991989,1108608,"2026_06_04_0031","2026_06_04_0031_ev00683_rec0","no",453692
684,0,55.5027499991989,-432.454102109637,-470.108324609755,-37.6542225001178,2.0500000000041,6.90000000000168,6.45000000000095,-437.303537285493,-36.7336212362607,4.61647472661548,-408.19975820595,55.5018499991989,55.4993999991989,1110055,"2026_06_04_0031","2026_06_04_0031_ev00684_rec0","no",453693
685,0,55.5972999991989,-432.464559431143,-451.425370121063,-18.9608106899205,2.0500000000041,13.3499999999955,13.6499999999984,-430.224257555196,-21.1836413695694,16.4955645054185,-286.803444586179,55.5966499991989,55.5931999991989,1111946,"2026_06_04_0031","2026_06_04_0031_ev00685_rec0","no",453694
686,0,55.6946499991989,-426.813587701318,-434.915825753455,-8.10223805213684,0.10000000000332,2.50000000000483,0,-14116.4677157438,13685.7377669551,243186.2390343,-146.307827537341,55.6946499991989,55.6943499991989,1113893,"2026_06_04_0031","2026_06_04_0031_ev00686_rec0","no",453695
687,0,55.8146999991989,-427.824676379789,-434.675860589737,-6.8511842099478,0.149999999997874,0,0,-2180.05214902177,1748.11420770027,140000.097896631,-130.630898194183,55.8146999991989,55.8145499991989,1116294,"2026_06_04_0031","2026_06_04_0031_ev00687_rec0","no",453696
688,0,55.8372999991989,-429.14349123425,-434.051280865206,-4.90778963095619,0.149999999997874,9.3000000000032,8.90000000000413,-1724896.539001,1724487.73654601,693927.73040357,-508.20794855297,55.8371499991989,55.8369999991989,1116746,"2026_06_04_0031","2026_06_04_0031_ev00688_rec0","no",453697
689,0,55.8667499991989,-432.823586929054,-537.574450922534,-104.75086399348,3.19999999999965,17.3500000000004,20.8000000000013,415585.192711082,-416095.509377351,223532.979355912,-1861.29375611525,55.8653499991989,55.8617499991989,1117335,"2026_06_04_0031","2026_06_04_0031_ev00689_rec0","no",453698
690,0,55.9070499991989,-438.827552624652,-472.172403764811,-33.3448511401585,2.45000000000317,6.34999999999764,5.89999999999691,-437.383404382826,-35.6021915113295,6.23556824270856,-238.531240639013,55.9069499991989,55.9042499991989,1118141,"2026_06_04_0031","2026_06_04_0031_ev00690_rec0","no",453699
691,0,55.9381499991989,-440.22532631295,-446.365610379801,-6.14028406685094,0.149999999997874,0.149999999997874,0,-434.447504879357,-2.37591828385339,3.17931507431875,166.873745471238,55.9381499991989,55.9379999991989,1118763,"2026_06_04_0031","2026_06_04_0031_ev00691_rec0","no",453700
692,0,55.9786499991989,-437.481377548412,-445.055371272456,-7.57399372404467,0.0999999999962142,0.199999999999534,0,-431.225934185191,-8.8102515349177,2.74299143112798,161.956924010052,55.9785999991989,55.9783499991989,1119573,"2026_06_04_0031","2026_06_04_0031_ev00692_rec0","no",453701
693,0,56.0220999991989,-432.410602796175,-440.077765018605,-7.66716222242985,0.149999999997874,30.149999999999,30.0000000000011,-145431.102534553,145005.850918355,543249.225556875,95.7884538806871,56.0220999991989,56.0219499991989,1120442,"2026_06_04_0031","2026_06_04_0031_ev00693_rec0","no",453702
694,0,56.0524499991989,-426.291952705978,-462.379877731657,-36.0879250256785,1.59999999999627,6.80000000000547,6.75000000000381,-428.525919259747,-38.448182549155,5.45375481417744,-358.558229500174,56.0511499991989,56.0492999991989,1121049,"2026_06_04_0031","2026_06_04_0031_ev00694_rec0","no",453703
695,0,56.0828499991989,-428.93017554014,-438.01689239854,-9.08671685839988,0.599999999998602,0.999999999997669,0,-51587.1589934574,51152.9593506397,300670.942879308,-252.063844756409,56.0822499991989,56.0813499991989,1121657,"2026_06_04_0031","2026_06_04_0031_ev00695_rec0","no",453704
696,0,56.1074499991989,-424.374490761205,-445.925894173677,-21.5514034124726,1.4499999999984,13.8000000000034,18.2000000000002,-429.741477548839,-18.9017059139871,9.18867228693336,-376.026137474029,56.1063499991989,56.1048999991989,1122149,"2026_06_04_0031","2026_06_04_0031_ev00696_rec0","no",453705
697,0,56.2645999991989,-425.565764117344,-452.068201818882,-26.5024377015377,1.4499999999984,7.84999999999769,30.0000000000011,-436.282528032117,-24.6822741668208,2.65464338402528,-439.450515996958,56.2637499991989,56.2620999991989,1125292,"2026_06_04_0031","2026_06_04_0031_ev00697_rec0","no",453706
698,0,56.2857499991989,-430.331853653978,-443.828557133194,-13.4967034792164,0.299999999995748,6.34999999999764,5.34999999999997,-431.39890745704,-23.9009760272216,2.96131096739747,-147.855542722186,56.2837999991989,56.2834999991989,1125715,"2026_06_04_0031","2026_06_04_0031_ev00698_rec0","no",453707
699,0,56.4816999991989,-425.8941103792,-430.381873933863,-4.48776355466271,0.0500000000016598,30.0500000000028,30.0000000000011,-20251.2377772617,19830.8257854652,158569.609479738,107.707266480277,56.4816999991989,56.4815499991989,1129634,"2026_06_04_0031","2026_06_04_0031_ev00699_rec0","no",453708
700,0,56.5904999991989,-424.45863025155,-477.350577735092,-52.8919474835421,1.00000000000477,5.34999999999997,6.4000000000064,-425.402977763683,-54.6064515919164,5.9573194006747,-390.624895551941,56.5904499991989,56.5893499991989,1131810,"2026_06_04_0031","2026_06_04_0031_ev00700_rec0","no",453709
701,0,56.7349999991989,-428.89876471387,-453.083357587181,-24.1845928733111,0.699999999994816,2.40000000000151,4.04999999999944,-423.345921199022,-20.8858251225444,11.052285217903,-78.779346326322,56.7341499991989,56.7328499991989,1134700,"2026_06_04_0031","2026_06_04_0031_ev00701_rec0","no",453710
702,0,56.8065999991989,-421.679170610193,-464.097223059311,-42.4180524491186,5.80000000000069,8.09999999999889,5.09999999999877,-425.074268478897,-32.4584790325232,5.25734130098494,-436.964167084283,56.8063999991989,56.8004499991989,1136132,"2026_06_04_0031","2026_06_04_0031_ev00702_rec0","no",453711
703,0,56.8330499991989,-427.631059431965,-430.588866894198,-2.95780746223386,0.250000000001194,30.0000000000011,30.0000000000011,-18684.9829504676,18261.7741309103,461850.40769428,114.274328994308,56.8330499991989,56.8327999991989,1136661,"2026_06_04_0031","2026_06_04_0031_ev00703_rec0","no",453712
704,0,56.8756499991989,-412.964188180814,-421.523819481693,-8.55963130087963,1.25000000000597,0.299999999995748,0,-9522.64851020927,9103.63048474295,125962.000665167,-235.211767712597,56.8751499991989,56.8738999991989,1137513,"2026_06_04_0031","2026_06_04_0031_ev00704_rec0","no",453713
705,0,56.9719499991989,-426.526983325481,-430.124227328067,-3.59724400258631,0.550000000004047,0.0499999999945544,0,-420.828831163457,-7.07687622440991,2.70044945934651,151.839011696446,56.9718499991989,56.9710999991989,1139439,"2026_06_04_0031","2026_06_04_0031_ev00705_rec0","no",453714
706,0,57.0176499991989,-421.800579123394,-436.028947308379,-14.2283681849854,1.05000000000643,7.19999999999743,7.39999999999696,-416.858274363009,-19.4385050049162,11.4913939675593,-83.2411411737946,57.0168499991989,57.0156499991989,1140353,"2026_06_04_0031","2026_06_04_0031_ev00706_rec0","no",453715
707,0,57.2649499991989,-419.713172177248,-443.42132004047,-23.7081478632217,1.1999999999972,7.30000000000075,6.50000000000261,-419.955277743617,-24.8968205051928,6.06177682303356,-223.190420474278,57.2630499991989,57.2615499991989,1145299,"2026_06_04_0031","2026_06_04_0031_ev00707_rec0","no",453716
708,0,57.4331499991989,-422.945985420528,-433.832038536241,-10.8860531157125,0.599999999998602,6.44999999999385,3.89999999999446,-420.728656473927,-21.182920469697,3.19138474718838,-55.3147657362856,57.4298499991989,57.4286999991989,1148663,"2026_06_04_0031","2026_06_04_0031_ev00708_rec0","no",453717
709,0,57.5215999991989,-421.426095919834,-452.25136018232,-30.8252642624868,4.94999999999379,9.3000000000032,6.55000000000427,-422.911495132985,-35.0329264816942,5.19295361344738,-362.500241114817,57.5211499991989,57.5161499991989,1150432,"2026_06_04_0031","2026_06_04_0031_ev00709_rec0","no",453718
710,0,57.7037499991989,-433.479990754803,-438.255488155652,-4.77549740084845,0.399999999999068,0.249999999994088,0.199999999999534,-428.583960996734,-7.02271225014763,3.77023558997416,117.80013640664,57.7037499991989,57.7029499991989,1154075,"2026_06_04_0031","2026_06_04_0031_ev00710_rec0","no",453719
711,0,57.8515499991989,-427.539061406118,-456.333369897569,-28.794308491451,3.19999999999965,5.44999999999618,5.60000000000116,-426.726253088392,-30.7311621343682,5.68655334596431,-242.018997893148,57.8503499991989,57.8470499991989,1157031,"2026_06_04_0031","2026_06_04_0031_ev00711_rec0","no",453720
712,0,58.2094999991989,-431.238809981858,-434.420019324107,-3.18120934224925,0.199999999999534,30.0499999999957,30.0000000000011,-21265.0725639758,20840.3378283345,427738.347520473,173.497586291513,58.2094999991989,58.2091499991989,1164190,"2026_06_04_0031","2026_06_04_0031_ev00712_rec0","no",453721
713,0,58.2412999991989,-429.466116311041,-437.806076214825,-8.33995990378401,0.500000000002387,2.20000000000198,0,-424.920500136433,-7.57093944748597,3.87467865910344,97.4994044229075,58.2404499991989,58.2383499991989,1164826,"2026_06_04_0031","2026_06_04_0031_ev00713_rec0","no",453722
714,0,58.5594999991989,-427.275858157824,-430.629301600621,-3.35344344279775,0,20.5500000000001,19.6000000000041,-280702.273187484,280282.307173663,641648.01804274,22.3625260078628,58.5594999991989,58.5593999991989,1171190,"2026_06_04_0031","2026_06_04_0031_ev00714_rec0","no",453723
715,0,58.5855999991989,-433.520528694707,-449.752820374645,-16.2322916799383,1.60000000000338,0.999999999997669,0.600000000005707,-417.175789306847,-23.3870322166454,13.3568077533494,197.900096628027,58.5853499991989,58.5834999991989,1171712,"2026_06_04_0031","2026_06_04_0031_ev00715_rec0","no",453724
716,0,58.7518499991989,-421.083663100206,-597.131002213642,-176.047339113436,3.09999999999633,9.00000000000034,8.39999999999463,-426.961982476233,-192.286971986456,7.12057455353507,-2056.05289178669,58.7504499991989,58.7469999991989,1175037,"2026_06_04_0031","2026_06_04_0031_ev00716_rec0","no",453725
717,0,58.8212999991989,-427.54789811473,-433.64985475121,-6.10195663648028,0.749999999996476,9.79999999999848,5.25000000000375,-140536.86156295,140109.942347376,255134.483235091,-274.459260036443,58.8180999991989,58.8166999991989,1176426,"2026_06_04_0031","2026_06_04_0031_ev00717_rec0","no",453726
718,0,58.8450499991989,-428.506389013372,-460.082097096327,-31.5757080829559,1.80000000000291,2.70000000000437,5.05000000000422,-438.900452559257,-6.88878879771701,2.99812437374819,-393.922204218384,58.8437999991989,58.8417999991989,1176901,"2026_06_04_0031","2026_06_04_0031_ev00718_rec0","no",453727
719,0,58.8637499991989,-441.230337230094,-461.595408832569,-20.3650716024745,0.650000000000261,2.00000000000244,2.44999999999607,-426.479278214662,-33.2725394918718,6.09837708698968,227.396066148877,58.8631999991989,58.8624499991989,1177275,"2026_06_04_0031","2026_06_04_0031_ev00719_rec0","no",453728
720,0,58.9964499991989,-434.532497749492,-450.422591029879,-15.8900932803876,0.450000000000728,0.500000000002387,0.250000000001194,-423.721672200297,-17.2806606442073,7.31862558757949,197.103424275433,58.9964499991989,58.9957499991989,1179929,"2026_06_04_0031","2026_06_04_0031_ev00720_rec0","no",453729
721,0,59.0873499991989,-415.453469132568,-422.282314428404,-6.82884529583561,0.250000000001194,0.0500000000016598,0,-10956.1975136222,10532.6189902079,171107.142065421,-279.323487238293,59.0868999991989,59.0866499991989,1181747,"2026_06_04_0031","2026_06_04_0031_ev00721_rec0","no",453730
722,0,59.2114499991989,-425.106512167499,-450.310020362677,-25.2035081951777,1.04999999999933,6.29999999999598,7.50000000000028,-425.156239581239,-22.7849503133304,8.32614314771581,-229.044502804362,59.2105999991989,59.2088999991989,1184229,"2026_06_04_0031","2026_06_04_0031_ev00722_rec0","no",453731
723,0,59.3804999991989,-425.154061345443,-440.869821347513,-15.7157600020701,1.04999999999933,9.95000000000346,8.84999999999536,-424.356364620424,-24.7768457629824,6.69377960751483,-189.478708114034,59.3787499991989,59.3772499991989,1187610,"2026_06_04_0031","2026_06_04_0031_ev00723_rec0","no",453732
724,0,59.5330999991989,-426.139104682195,-434.186573245773,-8.04746856357792,0.349999999997408,4.55000000000183,4.34999999999519,-423.148126484885,-15.9671690180314,4.40505952323389,11.0323979265812,59.5323499991989,59.5319499991989,1190662,"2026_06_04_0031","2026_06_04_0031_ev00724_rec0","no",453733
725,0,59.6372499991989,-421.472580022212,-426.28774867988,-4.81516865766736,0.10000000000332,0,0,-416.13172539573,-7.15352449390253,4.5661115089878,127.345167676029,59.6372499991989,59.6371499991989,1192745,"2026_06_04_0031","2026_06_04_0031_ev00725_rec0","no",453734
726,0,59.6987999991989,-417.39912197506,-424.596720591868,-7.19759861680859,0.499999999995282,0.399999999999068,0,-22886.3283064975,22462.5738988224,145118.853867786,-265.796350226868,59.6987999991989,59.6982999991989,1193976,"2026_06_04_0031","2026_06_04_0031_ev00726_rec0","no",453735
727,0,59.7179999991989,-429.139292672738,-445.037607512106,-15.898314839368,0.900000000001455,1.54999999999461,0.94999999999601,-428.717240838578,-11.1741324482789,1.67365545883426,-14.5780209534438,59.7177999991989,59.7167499991989,1194360,"2026_06_04_0031","2026_06_04_0031_ev00727_rec0","no",453736
728,0,59.7405999991989,-421.979774352486,-429.620330029341,-7.64055567685563,0.249999999994088,8.64999999999583,9.85000000000014,-422.911873605107,-15.9629868543212,4.61741837444307,-130.008763710133,59.7383999991989,59.7381499991989,1194812,"2026_06_04_0031","2026_06_04_0031_ev00728_rec0","no",453737
729,0,59.8083499991989,-423.806554971415,-523.582435583111,-99.7758806116955,2.24999999999653,7.75000000000148,8.1999999999951,-419.422750389068,-112.61724983737,8.18351779777034,-942.576824855076,59.8077499991989,59.8051999991989,1196167,"2026_06_04_0031","2026_06_04_0031_ev00729_rec0","no",453738
730,0,59.8407999991989,-425.623535946999,-441.039273457042,-15.4157375100432,0.200000000006639,2.49999999999773,3.30000000000297,-418.936367648806,-20.4002910845247,6.56983636554228,64.0065593248165,59.8406999991989,59.8403999991989,1196816,"2026_06_04_0031","2026_06_04_0031_ev00730_rec0","no",453739
731,0,59.9321999991989,-429.863850692404,-442.688957229214,-12.8251065368099,0.750000000003581,3.19999999999965,4.19999999999732,-424.364652691603,-18.5391096869611,7.07422772254704,3.77083959368329,59.9300999991989,59.9293499991989,1198644,"2026_06_04_0031","2026_06_04_0031_ev00731_rec0","no",453740
