"Event.Number","Record","Event.Time..s.","Baseline..pA.","Peak..pA.","Amplitude..pA.","Rise.Time..ms.","Half.Width..ms.","Decay.Time..ms.","Decay.Fit.b0","Decay.Fit.b1","Decay.Fit.Tau..ms.","AUC..pA.ms.","rise_max_time","baseline_time","event_index","file_prefix","event_id","noise","event_entry_number"
1,0,0.2442,402.781222283601,419.611805887608,16.8305836040067,3.09999999999999,3.14999999999999,2.55,405.050388497794,8.32253605389204,3.45323469853467,149.607932873342,0.24385,0.23735,4884,"2026_04_28_0027","2026_04_28_0027_ev00001_rec0","no",414142
2,0,0.75325,400.321072997475,403.316872520629,2.99579952315338,0.099999999999989,16.05,8.29999999999997,353.510691110189,52.9479589629596,82.9570453140033,3.7539027128239,0.75195,0.74415,15065,"2026_04_28_0027","2026_04_28_0027_ev00002_rec0","no",414143
3,0,1.3908,395.592105514599,401.065132975594,5.47302746099422,0.34999999999985,5.95000000000012,6.35000000000008,172.077006694637,234.498730790779,162.926239676975,-277.602392604493,1.3908,1.39045,27816,"2026_04_28_0027","2026_04_28_0027_ev00003_rec0","no",414144
4,0,1.907,403.408391815933,405.631581263814,2.22318944788094,0.399999999999956,2.79999999999991,2.55000000000005,370.25548088728,39.1275280259234,17.9443781815376,-424.682474629453,1.907,1.90635,38140,"2026_04_28_0027","2026_04_28_0027_ev00004_rec0","no",414145
5,0,2.33725,389.667025102236,396.701559592059,7.03453448982265,5.05000000000022,23.8499999999999,20.1500000000001,-67376.3449783451,67780.1178137756,118752.317794483,245.119503781598,2.33505,2.33,46745,"2026_04_28_0027","2026_04_28_0027_ev00005_rec0","no",414146
6,0,2.7204,388.300458980962,393.816463487951,5.51600450698885,1.1000000000001,31.2000000000001,30.0000000000002,392.985624229399,6.27191312033799,5.99379371265609,197.663460530434,2.71925,2.71815,54408,"2026_04_28_0027","2026_04_28_0027_ev00006_rec0","no",414147
7,0,2.91855,400.034429969787,424.080541265719,24.0461112959317,10.8000000000001,23.4999999999999,9.9499999999999,-1683658.21378317,1684105.56106042,436561.872680445,-36.1084838141043,2.9143,2.90075,58371,"2026_04_28_0027","2026_04_28_0027_ev00007_rec0","no",414148
8,0,2.9662,346.297343191638,364.136231786864,17.8388885952268,7.85000000000036,39.7499999999997,29.9999999999998,349.1931598273,22.4743606733713,23.1654974987767,712.948992139048,2.96115,2.9531,59324,"2026_04_28_0027","2026_04_28_0027_ev00008_rec0","no",414149
9,0,3.041,373.775552168138,384.045278496862,10.2697263287237,0.350000000000072,30.1,29.9999999999998,98182.2771699502,-97816.3410954858,375071.591376289,-118.267849096729,3.041,3.04045,60820,"2026_04_28_0027","2026_04_28_0027_ev00009_rec0","no",414150
10,0,3.4446,389.715666826239,395.811249955561,6.09558312932256,0.0999999999997669,7.00000000000012,7.80000000000003,387.775783256662,12.2235454216338,7.29377491096692,34.9932779184834,3.44415,3.44405,68892,"2026_04_28_0027","2026_04_28_0027_ev00010_rec0","no",414151
11,0,3.5443,392.152009482143,397.557953065309,5.40594358316599,2.25000000000009,9.04999999999978,8.55000000000006,388.9892938756,12.3012242612804,9.8280974392109,46.8474570393112,3.5438,3.54155,70886,"2026_04_28_0027","2026_04_28_0027_ev00011_rec0","no",414152
12,0,3.6216,385.831297387967,390.926486045583,5.09518865761652,0.849999999999795,6.20000000000021,5.14999999999999,373.61434510938,29.7533096991429,6.87734544244412,-134.104477572659,3.6193,3.61845,72432,"2026_04_28_0027","2026_04_28_0027_ev00012_rec0","no",414153
13,0,3.8184,403.581950074235,410.928333975408,7.34638390117271,0.150000000000095,0.0499999999998835,0,399.309941960469,5.84165233212559,3.09614248607165,-109.765841628968,3.8184,3.81825,76368,"2026_04_28_0027","2026_04_28_0027_ev00013_rec0","no",414154
14,0,3.8847,398.90749138602,408.810430096643,9.90293871062278,0.900000000000123,30.6000000000002,30.0000000000002,404.453107956992,6.7893646456831,5.56285859380356,215.899511157458,3.88465,3.88375,77694,"2026_04_28_0027","2026_04_28_0027_ev00014_rec0","no",414155
15,0,3.9725,401.807603145691,409.318499849972,7.51089670428081,0.100000000000211,1.60000000000027,2.39999999999974,390.186571369272,17.1589720108555,13.7048626387321,-139.197858498464,3.9725,3.97235,79450,"2026_04_28_0027","2026_04_28_0027_ev00015_rec0","no",414156
16,0,4.86965,403.62566203789,408.571304588705,4.94564255081559,0.949999999999562,0.14999999999965,0.0500000000007716,387.929513931581,17.6015899617702,14.2653886092726,-249.481000183787,4.86965,4.8687,97393,"2026_04_28_0027","2026_04_28_0027_ev00016_rec0","no",414157
17,0,5.05125,393.850655623963,398.735063504337,4.88440788037354,0.0999999999997669,11.2499999999995,12.2999999999998,361.716348185058,41.6080344226269,60.3096359359619,20.3621389143468,5.05125,5.05115,101025,"2026_04_28_0027","2026_04_28_0027_ev00017_rec0","no",414158
18,0,5.2622,405.048839087122,409.21067998414,4.16184089701818,0.300000000000189,7.2000000000001,9.05000000000022,405.170833317042,6.24384544146113,6.08970448510945,43.0040158846686,5.2621,5.26155,105244,"2026_04_28_0027","2026_04_28_0027_ev00018_rec0","no",414159
19,0,5.28915,399.644606608212,404.484720613991,4.84011400577879,0.14999999999965,9.75000000000037,14.4500000000001,401.102012357359,6.72550293846267,4.80881087877443,80.0529957325748,5.2887,5.28855,105783,"2026_04_28_0027","2026_04_28_0027_ev00019_rec0","no",414160
20,0,5.4879,414.711639968473,417.551719714125,2.84007974565122,0,0,0,410.101543791193,5.29389689095226,4.66938711968175,-113.112577754263,5.4879,5.4878,109758,"2026_04_28_0027","2026_04_28_0027_ev00020_rec0","no",414161
21,0,5.52755,398.020500563139,405.360499041307,7.33999847816807,0.750000000000028,9.59999999999983,10.7499999999998,393.186893940011,15.7758112155828,14.5526693011567,63.1697096940705,5.52755,5.5268,110551,"2026_04_28_0027","2026_04_28_0027_ev00021_rec0","no",414162
22,0,5.5887,381.430039924863,392.441494794803,11.0114548699397,2.65000000000004,32.4,30.0000000000002,390.195470119171,8.97057383905855,8.25855719467129,376.637945464798,5.5885,5.58585,111774,"2026_04_28_0027","2026_04_28_0027_ev00022_rec0","no",414163
23,0,6.01745,403.273860370164,408.076108383003,4.80224801283833,0.350000000000072,1.50000000000006,1.70000000000048,399.861516870857,8.26840904011695,3.62461557140404,-71.048940341497,6.0174,6.0168,120349,"2026_04_28_0027","2026_04_28_0027_ev00023_rec0","no",414164
24,0,6.04885,401.345890503078,404.652151742919,3.30626123984115,0.0500000000007716,0.0500000000007716,0,397.084466078096,5.46470029170204,4.23238564739469,-104.878832443014,6.04885,6.04875,120977,"2026_04_28_0027","2026_04_28_0027_ev00024_rec0","no",414165
25,0,6.1494,393.40588619479,401.437085046145,8.03119885135493,0.549999999999606,32.3000000000002,30.0000000000002,400.111075872061,5.80493219231622,2.64240480156844,248.111233612095,6.14745,6.1469,122988,"2026_04_28_0027","2026_04_28_0027_ev00025_rec0","no",414166
26,0,6.43165,413.999690287983,420.990810766729,6.99112047874695,0.0999999999997669,0.0999999999997669,0,409.512264748342,6.60898700519379,4.51223068597381,-104.533936168674,6.43145,6.43135,128633,"2026_04_28_0027","2026_04_28_0027_ev00026_rec0","no",414167
27,0,6.8151,402.968141219295,409.617092864875,6.64895164557987,0.399999999999956,10.4000000000006,11.9500000000006,396.293325824574,16.3292755229207,20.5414495839216,61.0099431527742,6.8151,6.8147,136302,"2026_04_28_0027","2026_04_28_0027_ev00027_rec0","no",414168
28,0,7.28825,407.163197251563,436.429984852167,29.2667876006041,4.19999999999998,17.9499999999999,19.5999999999996,366.694419000791,66.2780653612427,76.4284861432006,536.567253657658,7.2867,7.2821,145765,"2026_04_28_0027","2026_04_28_0027_ev00028_rec0","no",414169
29,0,7.5112,396.912892917232,402.514387964602,5.60149504736967,0.100000000000655,8.39999999999996,9.10000000000011,394.091234901191,16.1857553715843,7.61992475873974,49.7699809963837,7.5097,7.5096,150224,"2026_04_28_0027","2026_04_28_0027_ev00029_rec0","no",414170
30,0,7.87445,407.961450029276,414.060943433926,6.09949340464965,0.150000000000539,0.200000000000422,0,397.335690615795,12.8608431633317,7.88559047086476,-219.18879312151,7.87435,7.8742,157489,"2026_04_28_0027","2026_04_28_0027_ev00030_rec0","no",414171
31,0,8.0334,399.201116449204,409.010715158276,9.80959870907128,0.14999999999965,5.94999999999857,5.40000000000163,399.789185270741,9.8421047284734,4.58765259883415,80.2769495184702,8.0316,8.0311,160668,"2026_04_28_0027","2026_04_28_0027_ev00031_rec0","no",414172
32,0,8.063,396.498364532036,402.65138101332,6.15301648128371,0.349999999999184,5.90000000000046,6.50000000000084,392.208202789634,14.3195137427146,8.34072036103133,-8.77600023717958,8.0629,8.06255,161260,"2026_04_28_0027","2026_04_28_0027_ev00032_rec0","no",414173
33,0,8.12135,399.152717850954,414.835026609037,15.6823087580825,1.1499999999991,11.4000000000001,14.2500000000005,399.894992678511,14.9874436647708,13.1358004336169,213.333456496607,8.121,8.11935,162427,"2026_04_28_0027","2026_04_28_0027_ev00033_rec0","no",414174
34,0,8.35965,398.636336088173,401.868728681386,3.23239259321269,0,23.3500000000006,21.7500000000008,144624.146529859,-144230.342995198,520339.0886678,-20.2270912212886,8.35955,8.3595,167193,"2026_04_28_0027","2026_04_28_0027_ev00034_rec0","no",414175
35,0,8.3986,402.255849855441,406.481511486887,4.22566163144603,0.300000000001077,0.150000000001427,0.199999999999534,397.376622497552,6.74991520508469,4.1077998369027,-118.053864237907,8.3986,8.3983,167972,"2026_04_28_0027","2026_04_28_0027_ev00035_rec0","no",414176
36,0,8.49225,418.107442928677,432.157229044195,14.049786115518,1.34999999999863,2.25000000000009,0.250000000001194,414.119808532125,9.46620650838333,7.73082971517449,-39.0853855511113,8.49225,8.4899,169845,"2026_04_28_0027","2026_04_28_0027_ev00036_rec0","no",414177
37,0,8.5313,403.942407641497,411.904941110443,7.96253346894576,0.150000000001427,8.14999999999877,10.65,402.39865450557,10.656017283875,12.3335462501276,75.3213753190891,8.53125,8.5311,170626,"2026_04_28_0027","2026_04_28_0027_ev00037_rec0","no",414178
38,0,8.7096,394.736407106848,400.85879098623,6.12238387938186,0.100000000001543,6.54999999999895,8.8999999999988,394.968529785659,7.04752273247669,7.17150687939998,57.3893723965557,8.7096,8.7095,174192,"2026_04_28_0027","2026_04_28_0027_ev00038_rec0","no",414179
39,0,8.80945,395.072660442842,403.079490359361,8.00682991651871,0.349999999999184,19.6000000000005,23.9499999999992,395.27989152343,12.1242018741357,16.1527761373589,185.9345057029,8.8085,8.80815,176189,"2026_04_28_0027","2026_04_28_0027_ev00039_rec0","no",414180
40,0,9.09695,384.657719095729,390.727980238115,6.07026114238602,0.300000000001077,2.74999999999892,0,194283.636885249,-193896.713647625,659548.534021885,203.367480335884,9.09695,9.09665,181939,"2026_04_28_0027","2026_04_28_0027_ev00040_rec0","no",414181
41,0,9.3598,397.043066475963,406.704148597143,9.66108212117962,1.89999999999912,20.0500000000012,22.6499999999987,394.732325455901,15.9887868597981,22.6682225588796,228.339690102776,9.35935,9.35745,187196,"2026_04_28_0027","2026_04_28_0027_ev00041_rec0","no",414182
42,0,9.50975,404.130819049538,408.86093402942,4.73011497988182,0.0499999999998835,2.00000000000067,2.10000000000043,361.171525825264,51.8228131117439,14.3836566223995,-635.753289505538,9.50975,9.50965,190195,"2026_04_28_0027","2026_04_28_0027_ev00042_rec0","no",414183
43,0,9.90175,389.611399796371,397.663646583423,8.05224678705207,0.249999999999417,0.650000000000261,0,12111.4846959307,-11715.0227248676,288821.630380076,247.794378840996,9.89995,9.8997,198035,"2026_04_28_0027","2026_04_28_0027_ev00043_rec0","no",414184
44,0,10.2333,403.006386893136,405.883758544922,2.87737165178572,0.400000000000844,0.650000000000261,0.799999999999912,394.230818466585,10.4458645605061,13.6702333433262,-135.927472795759,10.2333,10.2329,204666,"2026_04_28_0027","2026_04_28_0027_ev00044_rec0","no",414185
45,0,10.7066,394.112692696708,474.853485107422,80.7407924107143,19.7000000000003,44.3499999999997,29.9999999999994,455.052783128956,23.5261464722512,1.53364238967395,2952.97023228237,10.7049,10.68505,214132,"2026_04_28_0027","2026_04_28_0027_ev00045_rec0","no",414186
46,0,10.7979,428.81553867885,442.504852294922,13.6893136160714,1.04999999999933,3.29999999999941,2.7500000000007,430.798194756429,14.5348611280769,1.76630550963205,124.169485909599,10.79395,10.79255,215958,"2026_04_28_0027","2026_04_28_0027_ev00046_rec0","no",414187
47,0,10.814,432.971742175874,436.401336669922,3.42959449404759,0.299999999999301,5.20000000000032,5.10000000000055,-1064941.83082962,1065386.46505464,522037.482070143,-565.71015857515,10.814,10.8135,216280,"2026_04_28_0027","2026_04_28_0027_ev00047_rec0","no",414188
48,0,10.8668,371.704071044922,448.608367919922,76.904296875,12.7000000000006,43.45,29.9999999999994,353.559111095256,88.0320144813333,137.010539713326,2711.21215820312,10.86175,10.84745,217336,"2026_04_28_0027","2026_04_28_0027_ev00048_rec0","no",414189
49,0,10.9334,392.456024169922,446.777313232422,54.3212890625,5.49999999999962,20.8500000000011,13.0999999999997,-1231536.49202192,1231996.09590393,342762.867590067,823.2421875,10.92755,10.9218,218668,"2026_04_28_0027","2026_04_28_0027_ev00049_rec0","no",414190
50,0,10.97955,344.29637945266,425.415008544922,81.1186290922619,8.5999999999995,41.0000000000004,29.9999999999994,-894940.762112481,895373.80827847,551730.381942307,2813.90744163876,10.97315,10.96365,219591,"2026_04_28_0027","2026_04_28_0027_ev00050_rec0","no",414191
51,0,11.0615,389.229880196708,404.052703857422,14.8228236607143,1.89999999999912,10.1500000000012,3.99999999999956,365.121853653977,49.8103509789623,7.64853611023184,-263.704572405134,11.05685,11.05465,221230,"2026_04_28_0027","2026_04_28_0027_ev00051_rec0","no",414192
52,0,11.086,372.779452369327,382.080047607422,9.30059523809524,0.750000000000028,7.24999999999909,6.19999999999976,377.661269532577,4.06723366958518,0.188828319081204,151.58444359189,11.0859,11.08445,221720,"2026_04_28_0027","2026_04_28_0027_ev00052_rec0","no",414193
53,0,11.11315,361.880317324684,404.052703857422,42.1723865327381,8.60000000000127,40.4499999999999,29.9999999999994,390.225741864077,10.4416815763339,3.04129184447906,1226.31181989397,11.1083,11.0994,222263,"2026_04_28_0027","2026_04_28_0027_ev00053_rec0","no",414194
54,0,11.1916,398.762990315755,440.063446044922,41.3004557291667,5.39999999999985,23.4500000000004,15.3999999999996,-239476.480167003,239910.900282367,181336.045177122,954.95096842448,11.1808,11.17295,223832,"2026_04_28_0027","2026_04_28_0027_ev00054_rec0","no",414195
55,0,11.2956,391.845672607422,402.221649169922,10.3759765625,2.2000000000002,37.0000000000008,30.0000000000011,401.300272554057,4.0060348718408,1.72060209667205,411.07177734375,11.28985,11.28765,225912,"2026_04_28_0027","2026_04_28_0027_ev00055_rec0","no",414196
56,0,11.3208,387.31163242885,423.583953857422,36.2723214285714,4.99999999999901,9.9499999999999,7.4500000000004,266.322882941584,152.496435609051,59.1156664902266,104.644775390626,11.3186,11.31315,226416,"2026_04_28_0027","2026_04_28_0027_ev00056_rec0","no",414197
57,0,11.4488,375.162729899089,436.401336669922,61.2386067708333,6.54999999999895,29.8999999999996,23.5000000000003,-1252618.87242737,1253055.20860754,765161.441237608,1797.67862955729,11.4388,11.43215,228976,"2026_04_28_0027","2026_04_28_0027_ev00057_rec0","no",414198
58,0,11.49045,398.588604155041,405.883758544922,7.29515438988096,0,13.6500000000002,12.9000000000001,587743.07408287,-587358.33537176,457454.307412039,162.623814174108,11.49045,11.49035,229809,"2026_04_28_0027","2026_04_28_0027_ev00058_rec0","no",414199
59,0,11.52785,420.357809884208,430.297821044922,9.94001116071428,0.849999999999795,13.0499999999998,5.15000000000043,-827512.072516374,827942.929181943,622727.022996059,-252.114432198661,11.51985,11.51885,230557,"2026_04_28_0027","2026_04_28_0027_ev00059_rec0","no",414200
60,0,11.5802,405.040892101469,418.090789794922,13.0498976934524,2.74999999999892,0.0999999999997669,0.849999999999795,391.178841658984,20.251571094352,10.8960891539574,-204.875401088169,11.57995,11.57695,231604,"2026_04_28_0027","2026_04_28_0027_ev00060_rec0","no",414201
61,0,11.67765,413.091719854446,424.804656982422,11.7129371279762,0.199999999999534,0.799999999999912,1.4499999999984,-328935.425176454,329355.104950059,208990.971090232,-508.782523018973,11.67745,11.67725,233553,"2026_04_28_0027","2026_04_28_0027_ev00061_rec0","no",414202
62,0,11.7229,383.03917149135,406.494110107422,23.4549386160714,1.15000000000087,16.3000000000011,13.2999999999992,-464694.964260487,465100.651038902,443018.676001408,322.995867047992,11.719,11.7159,234458,"2026_04_28_0027","2026_04_28_0027_ev00062_rec0","no",414203
63,0,11.7693,398.733925955636,410.766571044922,12.0326450892857,1.50000000000006,9.45000000000107,7.99999999999912,-670745.527736099,671160.421567383,458380.195238711,-149.43368094308,11.76685,11.7646,235386,"2026_04_28_0027","2026_04_28_0027_ev00063_rec0","no",414204
64,0,11.83055,369.873016357422,376.586883544922,6.7138671875,0.799999999999912,6.44999999999918,7.7499999999997,370.208850177052,7.33417453570253,6.29937708329634,63.5528564453125,11.83035,11.82955,236611,"2026_04_28_0027","2026_04_28_0027_ev00064_rec0","no",414205
65,0,11.9109,405.389664422898,407.714813232422,2.3251488095238,0.500000000000611,5.64999999999927,5.59999999999938,389.160085024464,21.4172856982474,24.8153702613183,-112.792242140997,11.9109,11.9103,238218,"2026_04_28_0027","2026_04_28_0027_ev00065_rec0","no",414206
66,0,11.9959,396.060004824684,419.311492919922,23.2514880952381,1.04999999999933,4.25000000000075,5.49999999999962,392.061825243376,25.2538824186756,7.93549844285004,109.589349655877,11.9944,11.99305,239918,"2026_04_28_0027","2026_04_28_0027_ev00066_rec0","no",414207
67,0,12.24525,394.606786818731,402.221649169922,7.61486235119048,0.14999999999965,0.0999999999997669,0,392.207559448013,2.8308023480259,2.40464975238074,-64.8861839657736,12.24505,12.2449,244905,"2026_04_28_0027","2026_04_28_0027_ev00067_rec0","no",414208
68,0,12.52285,399.663985479446,404.052703857422,4.3887183779762,0.549999999998718,0.349999999999184,0,358.794900904391,41.955849006152,78.7488788511864,-179.282052176339,12.52285,12.5223,250457,"2026_04_28_0027","2026_04_28_0027_ev00068_rec0","no",414209
69,0,12.70795,411.464115687779,441.284149169922,29.8200334821428,2.29999999999997,16.449999999999,19.8999999999998,-71266.0288414588,71701.3951345787,110933.083123776,493.174961635044,12.7067,12.7041,254159,"2026_04_28_0027","2026_04_28_0027_ev00069_rec0","no",414210
70,0,12.80795,426.403196788969,436.401336669922,9.99813988095241,2.70000000000081,10.1499999999994,9.3500000000013,-135622.062219864,136058.718741036,194037.685967244,30.6047712053581,12.8046,12.80185,256159,"2026_04_28_0027","2026_04_28_0027_ev00070_rec0","no",414211
71,0,13.10615,407.424169631231,412.597625732422,5.17345610119048,0.100000000001543,2.05000000000055,2.44999999999962,399.133154611548,14.1618096596251,7.43531561724342,-142.461140950521,13.10615,13.10585,262123,"2026_04_28_0027","2026_04_28_0027_ev00071_rec0","no",414212
72,0,13.2436,404.052703857422,410.156219482422,6.103515625,0.750000000000028,30.2999999999987,29.9999999999994,409.038590369684,6.80680563325013,3.81163731258715,182.357788085938,13.2436,13.24285,264872,"2026_04_28_0027","2026_04_28_0027_ev00072_rec0","no",414213
73,0,13.56465,399.169891357422,404.663055419922,5.4931640625,0.0999999999997669,6.60000000000061,7.69999999999982,398.106683763671,11.8424658310385,5.7365004948604,36.6058349609375,13.56465,13.56455,271293,"2026_04_28_0027","2026_04_28_0027_ev00073_rec0","no",414214
74,0,13.692,406.406917027065,410.156219482422,3.74930245535717,0.0499999999998835,2.85000000000046,2.80000000000058,318.742596024529,105.22841079272,16.7571650579135,-1160.7905796596,13.692,13.6918,273840,"2026_04_28_0027","2026_04_28_0027_ev00074_rec0","no",414215
75,0,13.72985,354.817677815755,374.145477294922,19.3277994791667,3.05,35.7000000000003,29.9999999999994,367.138200044265,11.7204201989958,1.93012029377968,503.341674804688,13.72515,13.72165,274597,"2026_04_28_0027","2026_04_28_0027_ev00075_rec0","no",414216
76,0,13.7925,397.745737711589,411.987274169922,14.2415364583333,1.40000000000029,6.49999999999906,7.40000000000052,398.169028818974,15.4988583963187,6.3839787292521,147.822062174479,13.7904,13.78875,275850,"2026_04_28_0027","2026_04_28_0027_ev00076_rec0","no",414217
77,0,13.85785,401.146267845517,408.325164794922,7.17889694940476,1.10000000000099,8.80000000000081,10.5000000000004,401.988307478327,8.2330980084124,6.9418692878894,95.2606201171874,13.8569,13.8558,277157,"2026_04_28_0027","2026_04_28_0027_ev00077_rec0","no",414218
78,0,13.90505,402.425099690755,411.987274169922,9.56217447916669,0.750000000000028,34.3999999999998,29.9999999999994,406.122278871582,9.92435558415532,17.5446783247676,307.06278483073,13.9008,13.8999,278101,"2026_04_28_0027","2026_04_28_0027_ev00078_rec0","no",414219
79,0,14.2848,388.793914794922,394.897430419922,6.103515625,0.249999999999417,5.80000000000069,6.60000000000061,390.092605441942,14.6745897058485,2.41682933410496,81.787109375,14.2844,14.28415,285696,"2026_04_28_0027","2026_04_28_0027_ev00079_rec0","no",414220
80,0,14.42515,390.014617919922,399.169891357422,9.1552734375,0.299999999999301,13.9000000000014,17.9000000000009,392.04968482969,11.2509760190941,8.44938787784306,170.623779296875,14.4239,14.4236,288503,"2026_04_28_0027","2026_04_28_0027_ev00080_rec0","no",414221
81,0,14.97605,369.291729155041,395.507781982422,26.216052827381,4.89999999999924,4.45000000000029,0,309296.222192011,-308912.105532888,1045884.13348027,680.307406575012,14.97565,14.9695,299521,"2026_04_28_0027","2026_04_28_0027_ev00081_rec0","no",414222
82,0,15.00545,382.456872045286,390.983354284846,8.52648223955998,0.299999999999301,1.85000000000102,0,521.824021990015,-136.090505948639,231.524632592061,354.642486020396,15.00545,15.00515,300109,"2026_04_28_0027","2026_04_28_0027_ev00082_rec0","no",414223
83,0,15.3141,406.004844102357,413.242184028327,7.23733992596925,0.0999999999997669,0.0499999999998835,0,399.305912856944,7.31756269182287,7.62609249974562,-145.932621488155,15.3141,15.314,306282,"2026_04_28_0027","2026_04_28_0027_ev00083_rec0","no",414224
84,0,16.0115,389.060829830042,399.538007752024,10.4771779219814,21.0500000000025,41.7500000000004,30.0000000000011,398.988835872204,8.10381472302785,5.52366959967748,885.933169905259,16.00265,15.9816,320230,"2026_04_28_0027","2026_04_28_0027_ev00084_rec0","no",414225
85,0,16.2243,399.754205203852,405.914876196866,6.16067099301381,0.0999999999997669,0.800000000001688,1.09999999999744,396.401095577736,8.72578663081021,2.46654650425663,-78.9373733091331,16.2243,16.2242,324486,"2026_04_28_0027","2026_04_28_0027_ev00085_rec0","no",414226
86,0,16.5386,404.765025797998,411.424182415142,6.65915661714416,0.250000000001194,0.250000000001194,0,400.510218553524,4.76695939574343,2.43347372293625,-115.4982461684,16.5386,16.53835,330772,"2026_04_28_0027","2026_04_28_0027_ev00086_rec0","no",414227
87,0,16.83585,390.871746948568,401.68870593148,10.8169589829125,0.849999999999795,32,30.0000000000011,397.653970550008,7.25217068381171,3.58819465755171,260.065618133765,16.83425,16.8334,336717,"2026_04_28_0027","2026_04_28_0027_ev00087_rec0","no",414228
88,0,16.90975,393.702079358387,418.326727995494,24.6246486371066,2.09999999999866,31.0000000000024,30.0000000000011,403.193499088727,16.1594146416822,26.1862024834994,640.876522924556,16.90825,16.90595,338195,"2026_04_28_0027","2026_04_28_0027_ev00088_rec0","no",414229
89,0,17.01995,404.197801240544,408.509145180881,4.31134394033677,0.0999999999997669,0.0499999999981071,0.0999999999997669,400.042897746468,6.17140852090351,1.48315297913728,-115.476777620023,17.01995,17.01985,340399,"2026_04_28_0027","2026_04_28_0027_ev00089_rec0","no",414230
90,0,17.05815,408.175751462144,411.957560895942,3.78180943379743,0.299999999999301,0.199999999999534,0.600000000002154,402.512107567569,7.76647155987534,6.27175507827764,-120.617561716098,17.05815,17.0578,341163,"2026_04_28_0027","2026_04_28_0027_ev00090_rec0","no",414231
91,0,17.52245,397.081009046769,402.050783448357,4.96977440158844,0.40000000000262,0.0500000000016598,0,6990.4879249054,-6589.61566015482,207735.088491575,132.590851724832,17.52215,17.52175,350449,"2026_04_28_0027","2026_04_28_0027_ev00091_rec0","no",414232
92,0,17.7659,399.193516136704,403.150900600027,3.95738446332291,0,0.350000000000961,0.699999999998369,394.652736196876,7.05273066488188,4.3532373419388,-105.422790139647,17.7659,17.7658,355318,"2026_04_28_0027","2026_04_28_0027_ev00092_rec0","no",414233
93,0,18.12215,391.967135883925,400.66764369388,8.70050780995479,0.199999999999534,31.0500000000005,30.0000000000011,397.198350694486,7.40907675596946,9.81973569780533,312.041755847526,18.1152,18.115,362443,"2026_04_28_0027","2026_04_28_0027_ev00093_rec0","no",414234
94,0,18.30435,404.794947290159,419.217065056226,14.4221177660671,5.15000000000043,7.40000000000052,1.7499999999977,406.499504587898,4.65398104114535,7.07925387136512,141.08700256294,18.3019,18.29635,366087,"2026_04_28_0027","2026_04_28_0027_ev00094_rec0","no",414235
95,0,18.36945,403.730338256915,406.076106926407,2.34576866949237,0.149999999997874,1.20000000000076,1.15000000000265,401.093554941702,5.92082707926481,2.1891093595251,-65.7766922330128,18.36945,18.36915,367389,"2026_04_28_0027","2026_04_28_0027_ev00095_rec0","no",414236
96,0,18.64735,390.801013456225,398.656369168018,7.85535571179224,0.40000000000262,30.4000000000002,29.9999999999976,399.67968320153,2.48188174604442,2.67492256366625,277.611104879111,18.64735,18.64695,372947,"2026_04_28_0027","2026_04_28_0027_ev00096_rec0","no",414237
97,0,18.6808,394.309859412663,401.056431273248,6.74657186058488,0.199999999999534,4.9500000000009,2.15000000000032,242373.33615844,-241977.248861477,720423.563461541,206.705260283155,18.6808,18.6806,373616,"2026_04_28_0027","2026_04_28_0027_ev00097_rec0","no",414238
98,0,18.7254,416.097809708278,424.675823657864,8.57801394958591,0.199999999999534,0.0499999999981071,0,405.946518875434,9.54132663468595,13.9861695362547,-186.833508561423,18.7254,18.7252,374508,"2026_04_28_0027","2026_04_28_0027_ev00098_rec0","no",414239
99,0,18.8779,393.733727086997,401.245489973978,7.5117628869807,1.04999999999933,30.9500000000007,30.0000000000011,402.000109280563,5.03965758103579,3.74366778639053,319.014800806523,18.87485,18.8738,377558,"2026_04_28_0027","2026_04_28_0027_ev00099_rec0","no",414240
100,0,19.0691,395.589120709052,402.870837810054,7.28171710100202,0.0999999999997669,0.199999999999534,0.0999999999997669,390.368172731535,11.5295468392334,0.315639195835273,-152.861312293611,19.0691,19.069,381382,"2026_04_28_0027","2026_04_28_0027_ev00100_rec0","no",414241
101,0,19.80695,385.161047003837,391.828879344095,6.66783234025775,0.849999999999795,10.9500000000011,10.900000000003,-148537.668392891,148939.178306954,116709.229984027,-74.2089381585272,19.80675,19.8059,396139,"2026_04_28_0027","2026_04_28_0027_ev00101_rec0","no",414242
102,0,19.8779,375.434331036076,382.189323166587,6.7549921305104,0.199999999999534,8.60000000000127,15.3500000000015,377.617008162178,6.2867642956144,5.13370684586638,100.436335128184,19.8778,19.8776,397558,"2026_04_28_0027","2026_04_28_0027_ev00102_rec0","no",414243
103,0,20.2275,396.200372092438,400.631047545051,4.43067545261306,0.150000000001427,0.299999999999301,0,391.117022016419,4.40839652789349,5.71475277587369,-127.184256799252,20.2273,20.22715,404550,"2026_04_28_0027","2026_04_28_0027_ev00103_rec0","no",414244
104,0,20.2581,389.238766496361,394.187341751659,4.94857525529778,0.299999999999301,30.149999999999,29.9999999999976,41532.2490281322,-41146.8348942028,365367.34353244,-62.199244511248,20.2581,20.2578,405162,"2026_04_28_0027","2026_04_28_0027_ev00104_rec0","no",414245
105,0,20.3527,396.334456458206,417.272359789047,20.9379033308408,4.64999999999804,6.49999999999906,8.64999999999938,400.605066210545,10.04462921787,8.13609388070703,268.196875693596,20.3518,20.34695,407054,"2026_04_28_0027","2026_04_28_0027_ev00105_rec0","no",414246
106,0,20.61505,402.434826655897,410.145551978834,7.7107253229367,0.0499999999981071,0.0499999999981071,0,394.186394268291,9.38040352016725,13.4740740516535,-134.537271159377,20.61505,20.61495,412301,"2026_04_28_0027","2026_04_28_0027_ev00106_rec0","no",414247
107,0,20.8152,399.511132691594,402.840877031394,3.32974433980036,0.0999999999997669,0.499999999998835,0.40000000000262,379.865952013606,23.9945564212436,2.83963790952169,-520.557109342806,20.8152,20.81505,416304,"2026_04_28_0027","2026_04_28_0027_ev00107_rec0","no",414248
108,0,21.0073,389.878338684189,397.303929872361,7.42559118817246,1.1499999999991,31.5000000000012,30.0000000000011,395.397314846857,8.48417296007475,8.98168692112793,260.088631185113,21.00675,21.0056,420146,"2026_04_28_0027","2026_04_28_0027_ev00108_rec0","no",414249
109,0,21.0508,402.441975301167,406.889003321363,4.44702802019702,0.0500000000016598,0.700000000001921,0.249999999997641,397.130522638359,9.68875120632504,0.811763248507254,-150.059373254998,21.0508,21.05025,421016,"2026_04_28_0027","2026_04_28_0027_ev00109_rec0","no",414250
110,0,21.6325,399.017521548528,401.672512223309,2.65499067478083,0.199999999999534,1.95000000000078,2.00000000000244,394.793684740035,9.07405267045601,3.56309870626581,-93.1282448929447,21.6325,21.63215,432650,"2026_04_28_0027","2026_04_28_0027_ev00110_rec0","no",414251
111,0,21.6912,403.927933903828,408.790613506442,4.86267960261404,0.350000000000961,0.0999999999997669,0,20.3988074385116,384.95299415521,983.393507001582,-131.727716007086,21.6912,21.69065,433824,"2026_04_28_0027","2026_04_28_0027_ev00111_rec0","no",414252
112,0,21.79675,403.547634952696,406.584283542787,3.03664859009098,0.0999999999997669,2.14999999999677,2.15000000000032,367.356161867569,45.9304219435707,10.445668851924,-632.154719402301,21.79675,21.79655,435935,"2026_04_28_0027","2026_04_28_0027_ev00112_rec0","no",414253
113,0,22.1178,396.281194408232,399.576385262546,3.29519085431451,4.4000000000004,49.2999999999988,29.9999999999976,399.215661491402,8.78976423255981,10.8598606183323,409.319546190166,22.10325,22.0984,442356,"2026_04_28_0027","2026_04_28_0027_ev00113_rec0","no",414254
114,0,22.262,397.170689448472,403.985354567296,6.81466511882405,0.199999999999534,13.499999999997,16.3500000000028,396.599481763446,10.8478304703692,13.0263653248511,114.712641334177,22.2617,22.2615,445240,"2026_04_28_0027","2026_04_28_0027_ev00114_rec0","no",414255
115,0,22.63405,401.922590196371,408.255689533302,6.33309933693039,0.0999999999997669,0,0.199999999999534,392.491763394177,12.0556783106817,8.05818218907396,-187.781103782882,22.63405,22.63395,452681,"2026_04_28_0027","2026_04_28_0027_ev00115_rec0","no",414256
116,0,22.7196,389.689692229293,398.975961437878,9.28626920858517,0.550000000000495,30.6499999999978,30.0000000000011,394.489585819513,7.85276855244021,6.90356659570685,210.778443024877,22.71915,22.7186,454392,"2026_04_28_0027","2026_04_28_0027_ev00116_rec0","no",414257
117,0,22.83305,402.246688390609,409.331736881769,7.08504849116002,2.39999999999796,26.3500000000008,30.0000000000011,403.767873651715,9.97073372384224,15.4439295564334,207.839970970809,22.8318,22.82895,456661,"2026_04_28_0027","2026_04_28_0027_ev00117_rec0","no",414258
118,0,23.002,387.218857760253,393.965517779058,6.74666001880485,0.0999999999997669,2.39999999999796,3.59999999999872,388.960466599403,6.53639144073859,1.65795300580014,63.6559766053145,23.002,23.0019,460040,"2026_04_28_0027","2026_04_28_0027_ev00118_rec0","no",414259
119,0,23.47865,396.606347545544,398.896169134759,2.28982158921491,0.150000000001427,1.10000000000099,1.64999999999793,387.625991600595,10.7756234464404,17.6803753470505,-113.445395180068,23.47865,23.4785,469573,"2026_04_28_0027","2026_04_28_0027_ev00119_rec0","no",414260
120,0,23.5601,386.078844273629,395.892687049733,9.81384277610442,0.449999999997175,10.1999999999975,10.6499999999983,364.650717180203,37.7915736424888,25.8987305540564,42.0140228323425,23.5594,23.55895,471202,"2026_04_28_0027","2026_04_28_0027_ev00120_rec0","no",414261
121,0,23.6684,399.945157419781,408.088253844663,8.14309642488229,0.0999999999997669,0.250000000001194,0.550000000000495,392.717746299129,11.5127493043523,4.89845835187865,-159.821506345614,23.6684,23.66775,473368,"2026_04_28_0027","2026_04_28_0027_ev00121_rec0","no",414262
122,0,23.9016,408.251002985913,413.924524494958,5.6735215090452,0.149999999997874,0.299999999999301,0,-18114.341032123,18520.815732853,80863.74321267,-156.304485533237,23.90155,23.90125,478032,"2026_04_28_0027","2026_04_28_0027_ev00122_rec0","no",414263
123,0,24.1493,392.861975440562,397.12318794513,4.26121250456714,0.499999999998835,6.05000000000189,6.80000000000192,384.560630358461,16.1282467851511,13.9108591291704,-46.6258774678859,24.1493,24.1488,482986,"2026_04_28_0027","2026_04_28_0027_ev00123_rec0","no",414264
124,0,24.2523,386.107232391567,394.51557040978,8.40833801821259,16.0499999999999,33.2500000000024,30.0000000000011,397.127057935129,4.99715371829756,3.4391554305902,737.976222816103,24.2428,24.22675,485046,"2026_04_28_0027","2026_04_28_0027_ev00124_rec0","no",414265
125,0,24.28175,398.736729458682,408.578087803746,9.84135834506412,0.0500000000016598,0.0999999999997669,0,395.728381045934,5.75672654920336,2.09509002790969,-77.9805455855933,24.28175,24.2816,485635,"2026_04_28_0027","2026_04_28_0027_ev00125_rec0","no",414266
126,0,24.4601,398.235644857333,404.806112065396,6.57046720806306,0.0499999999981071,0.0999999999997669,0,387.281537580164,12.1604926304848,9.70285536151732,-216.003215008928,24.4601,24.46,489202,"2026_04_28_0027","2026_04_28_0027_ev00126_rec0","no",414267
127,0,24.56645,386.380578230263,391.251744085753,4.87116585549063,0.999999999997669,0.949999999999562,0,12517.6004247294,-12125.0091383345,344381.128889969,210.814598449178,24.56645,24.56545,491329,"2026_04_28_0027","2026_04_28_0027_ev00127_rec0","no",414268
128,0,24.7163,396.793861837553,404.082129081031,7.2882672434784,0.0499999999981071,30.7999999999993,30.0000000000011,403.039249987091,6.33984929699157,5.16064857688429,234.088322877372,24.7151,24.71505,494326,"2026_04_28_0027","2026_04_28_0027_ev00128_rec0","no",414269
129,1,25.01875,387.89035661056,395.769176701212,7.87882009065277,0.0999999999997669,3.04999999999822,2.39999999999796,348.54443814269,73.0394945717108,4.3879060274456,-846.794778532602,25.01775,25.01765,375,"2026_04_28_0027","2026_04_28_0027_ev00129_rec1","no",414270
130,1,25.1004,368.603247896298,372.337476853977,3.73422895767891,0,0.350000000000961,0.450000000000728,364.956636081705,7.71966890645947,1.0834506439788,-100.835012159013,25.1004,25.1003,2008,"2026_04_28_0027","2026_04_28_0027_ev00130_rec1","no",414271
131,1,25.20755,382.993167197467,387.906878439641,4.91371124217392,0.449999999997175,1.30000000000052,1.99999999999889,-2922.16710874614,3307.96660467787,6776.05479504966,-131.918860985628,25.20415,25.2036,4151,"2026_04_28_0027","2026_04_28_0027_ev00131_rec1","no",414272
132,1,25.41955,398.36867660411,405.205706335706,6.83702973159637,0.249999999997641,0.150000000001427,0,392.574912465455,7.77854435947414,7.11460245073426,-118.763915140441,25.4195,25.41925,8391,"2026_04_28_0027","2026_04_28_0027_ev00132_rec1","no",414273
133,1,25.64675,395.530858429289,404.299068101417,8.76820967212774,5.55000000000305,17.8999999999974,16.7999999999999,386.352928114913,18.7194801659436,40.9968925121287,171.249384130989,25.64635,25.6403,12935,"2026_04_28_0027","2026_04_28_0027_ev00133_rec1","no",414274
134,1,26.2814,395.461938392932,401.170614262684,5.70867586975135,0.0999999999997669,30.0499999999992,29.9999999999976,33831.1732424482,-33441.626367833,370031.177029495,-136.670334311333,26.2814,26.2812,25628,"2026_04_28_0027","2026_04_28_0027_ev00134_rec1","no",414275
135,1,26.64385,361.114215877924,371.257120103247,10.1429042253231,3.90000000000157,39.6999999999998,30.0000000000011,371.992104613125,5.04358516523193,2.57670839066646,505.51944887698,26.63755,26.63365,32877,"2026_04_28_0027","2026_04_28_0027_ev00135_rec1","no",414276
136,1,26.7492,386.735236679904,391.640303858375,4.90506717847103,0.0500000000016598,1.95000000000078,1.85000000000102,384.720409166424,13.6078805137297,1.45607307316763,-35.2775497204797,26.74855,26.7485,34984,"2026_04_28_0027","2026_04_28_0027_ev00136_rec1","no",414277
137,1,26.8415,384.285047978347,390.958501057282,6.67345307893441,14.1999999999989,21.1500000000022,15.3500000000015,182.11428863505,216.756791232716,267.271197051913,309.298098267477,26.83765,26.82345,36830,"2026_04_28_0027","2026_04_28_0027_ev00137_rec1","no",414278
138,1,27.108,398.25699612208,404.447176175202,6.19018005312262,0.650000000000261,17.8500000000028,23.0999999999995,399.499979274751,9.54811367326595,10.454217177157,152.773107951131,27.1067,27.10605,42160,"2026_04_28_0027","2026_04_28_0027_ev00138_rec1","no",414279
139,1,27.16255,408.080764424498,413.696976437909,5.61621201341137,0.149999999997874,0.149999999997874,0,402.298146449828,6.82723936760554,5.60023516967591,-135.998847343509,27.16255,27.1624,43251,"2026_04_28_0027","2026_04_28_0027_ev00139_rec1","no",414280
140,1,27.39505,409.27356815358,414.694464274845,5.42089612126466,0.0500000000016598,0.0999999999997669,0,402.706324786755,8.18341640727977,8.99722118182229,-125.907423183674,27.39505,27.3949,47901,"2026_04_28_0027","2026_04_28_0027_ev00140_rec1","no",414281
141,1,27.81615,401.021529094604,403.788820937807,2.76729184320311,0.199999999999534,2.90000000000035,3.39999999999918,390.225472939386,13.6277352903818,24.0325803764829,-89.6944619711844,27.81615,27.81585,56323,"2026_04_28_0027","2026_04_28_0027_ev00141_rec1","no",414282
142,1,27.9887,395.409328600267,421.273539437373,25.8642108371066,4.45000000000206,8.90000000000057,15.7999999999987,381.432427162079,29.4606543216459,70.5754521804437,379.295090761184,27.9874,27.9829,59774,"2026_04_28_0027","2026_04_28_0027_ev00142_rec1","no",414283
143,1,28.13505,402.879103347876,410.594476098591,7.71537275071557,0.199999999999534,30.0000000000011,30.0000000000011,5662.69601244669,-5264.27140758047,53669.6327658318,-88.9274886736995,28.13505,28.13485,62701,"2026_04_28_0027","2026_04_28_0027_ev00143_rec1","no",414284
144,1,28.15795,402.459708902484,406.03601758311,3.5763086806254,0,0,0,397.099802000789,6.08495212136366,4.54043395448512,-133.421854144675,28.15795,28.15785,63159,"2026_04_28_0027","2026_04_28_0027_ev00144_rec1","no",414285
145,1,28.31855,400.670987713064,404.910073906116,4.23908619305223,0.249999999997641,1.20000000000076,1.30000000000052,373.003913164887,31.9631461733406,14.4612618896066,-425.194584512567,28.31855,28.3183,66371,"2026_04_28_0027","2026_04_28_0027_ev00145_rec1","no",414286
146,1,28.50485,389.634732937994,396.185219604538,6.55048666654318,2.25000000000009,9.15000000000177,4.24999999999898,389.997546052714,12.4873773127496,2.36907954103901,84.9988868858463,28.5024,28.4989,70097,"2026_04_28_0027","2026_04_28_0027_ev00146_rec1","no",414287
147,1,28.60195,394.170815408708,404.179379190164,10.0085637814564,0.0499999999981071,0.0999999999997669,0,390.90578770262,6.41905305595083,3.16596812407877,-77.3157391665368,28.60195,28.6018,72039,"2026_04_28_0027","2026_04_28_0027_ev00147_rec1","no",414288
149,1,29.4314,397.949261924468,409.51857936465,11.5693174401821,3.29999999999941,15.4500000000013,10.9500000000011,398.801624802464,15.7416112339782,7.17762405630589,197.385706523615,29.42785,29.4242,88628,"2026_04_28_0027","2026_04_28_0027_ev00149_rec1","no",414290
150,1,29.796,396.690748425852,406.431426189352,9.7406777635004,0.0500000000016598,0.0999999999997669,0.199999999999534,394.377978396475,6.3388885375481,2.99084643600805,-49.2615782879852,29.79585,29.7957,95920,"2026_04_28_0027","2026_04_28_0027_ev00150_rec1","no",414291
151,1,29.89005,401.69828487549,412.758336503796,11.0600516283063,0.300000000002854,17.7000000000014,22.000000000002,396.740168380282,18.3007031082401,31.2386176212294,211.743803292085,29.8897,29.8894,97801,"2026_04_28_0027","2026_04_28_0027_ev00151_rec1","no",414292
152,1,29.94645,394.936823386177,400.438515749184,5.50169236300673,0.10000000000332,13.3499999999991,16.3999999999973,394.160225531655,9.53531416600613,13.4476540405001,92.0066530501208,29.94645,29.94635,98929,"2026_04_28_0027","2026_04_28_0027_ev00152_rec1","no",414293
153,1,30.236,386.314725263877,396.680875255756,10.3661499918784,0.699999999998369,30.4000000000002,30.0000000000011,392.906487764592,7.79047992787845,2.97062723211659,229.686850557015,30.23595,30.23525,104720,"2026_04_28_0027","2026_04_28_0027_ev00153_rec1","no",414294
154,1,30.3473,389.529781548691,395.689270644782,6.15948909609176,0.199999999999534,5.94999999999857,6.90000000000168,389.673112448179,10.68789013372,4.29351038670174,57.7895207631625,30.34675,30.34655,106946,"2026_04_28_0027","2026_04_28_0027_ev00154_rec1","no",414295
155,1,30.59345,379.386241540692,384.919350397707,5.53310885701569,0.299999999999301,30.3000000000004,30.0000000000011,385.467650412067,6.43719689538148,5.19161945547305,219.512380838339,30.59345,30.59315,111869,"2026_04_28_0027","2026_04_28_0027_ev00155_rec1","no",414296
156,1,30.73215,393.261898864463,398.115081062473,4.85318219800985,0.0999999999997669,0.800000000001688,1.1499999999991,388.891192043134,7.47965773377049,5.86183242022479,-87.0373089550897,30.73205,30.7319,114643,"2026_04_28_0027","2026_04_28_0027_ev00156_rec1","no",414297
157,1,30.87185,397.051724988692,401.116415778305,4.06469078961231,0.550000000000495,6.79999999999836,5.95000000000212,389.164581989162,16.9847464890354,10.0072350149045,-62.5722885822287,30.8718,30.8692,117437,"2026_04_28_0027","2026_04_28_0027_ev00157_rec1","no",414298
158,1,30.97375,382.421002052268,391.699014109943,9.27801205767474,0.550000000000495,19.9499999999979,22.2000000000016,355.108054832308,41.1064699204702,76.4399395881298,212.642180271709,30.97325,30.9727,119475,"2026_04_28_0027","2026_04_28_0027_ev00158_rec1","no",414299
159,1,31.1775,402.755690236947,409.834360430394,7.07867019344724,0.450000000000728,2.60000000000105,2.85000000000224,393.934333769865,16.1328266946984,8.31320955437988,-130.824254837766,31.17745,31.1769,123550,"2026_04_28_0027","2026_04_28_0027_ev00159_rec1","no",414300
160,1,31.4296,383.975577402546,389.612077093487,5.63649969094166,0.350000000000961,0.600000000002154,0,111794.396335313,-111405.754657835,814770.715208668,208.545207912357,31.4292,31.42885,128592,"2026_04_28_0027","2026_04_28_0027_ev00160_rec1","no",414301
161,1,31.69805,369.564730243552,378.456732228205,8.89200198465335,0.899999999997902,10.9499999999976,12.0000000000005,365.239263595829,21.9694130577569,11.3338120623523,119.838787589257,31.69775,31.69685,133961,"2026_04_28_0027","2026_04_28_0027_ev00161_rec1","no",414302
162,1,31.83455,384.45443969641,387.775531403575,3.32109170716507,0,0.250000000001194,0.299999999999301,374.388966554003,12.3200848816188,3.36842176877943,-259.703657444656,31.83445,31.83435,136691,"2026_04_28_0027","2026_04_28_0027_ev00162_rec1","no",414303
163,1,32.67285,379.787652312107,388.413555048861,8.6259027367538,0.449999999993622,30.149999999999,30.0000000000011,386.152729217013,3.89546741259067,4.81704563926647,214.929529442099,32.67275,32.6723,153457,"2026_04_28_0027","2026_04_28_0027_ev00163_rec1","no",414304
164,1,32.83325,395.738436137982,397.954150338479,2.21571420049736,0.10000000000332,0.999999999997669,0.89999999999435,351.422192158056,62.6478901313191,2.8002548985105,-1153.88442022388,32.83325,32.8331,156665,"2026_04_28_0027","2026_04_28_0027_ev00164_rec1","no",414305
165,1,32.8819,360.694409075607,388.363113078923,27.6687040033161,4.44999999999851,32.8499999999963,30.0000000000011,375.480942058301,9.46331190593484,1.90088150296391,550.20650302688,32.88125,32.8767,157638,"2026_04_28_0027","2026_04_28_0027_ev00165_rec1","no",414306
166,1,33.0211,379.931511192777,388.391023736186,8.45951254340889,2.94999999999845,8.65000000000293,4.84999999999758,333.58446745819,59.8222870347865,25.5302096222719,-318.473343026737,33.01875,33.01575,160422,"2026_04_28_0027","2026_04_28_0027_ev00166_rec1","no",414307
167,1,33.3143,394.110970783604,397.298552710638,3.18758192703399,0,0.250000000001194,0.300000000002854,385.082202728626,12.0611497223212,1.90376050735806,-247.231812556609,33.3143,33.314,166286,"2026_04_28_0027","2026_04_28_0027_ev00167_rec1","no",414308
168,1,33.6481,391.101171738267,397.908705856171,6.80753411790425,0.10000000000332,0.10000000000332,0.549999999996942,-18046.728519543,18440.5798752682,42420.2072942561,-112.448398827963,33.6481,33.648,172962,"2026_04_28_0027","2026_04_28_0027_ev00168_rec1","no",414309
169,1,33.7302,386.085860238937,391.251944526993,5.16608428805642,0.250000000001194,30.1000000000045,28.4499999999994,52996.9249475042,-52613.303869588,342323.298284992,-3.652667215812,33.73005,33.7298,174604,"2026_04_28_0027","2026_04_28_0027_ev00169_rec1","no",414310
170,1,34.3145,390.068534546534,397.376551267563,7.30801672102848,0.0999999999962142,0.550000000004047,0.700000000001921,376.463175201681,20.4647034022507,2.98625993040081,-346.55226881894,34.3145,34.31435,186290,"2026_04_28_0027","2026_04_28_0027_ev00170_rec1","no",414311
171,1,34.384,384.322884240818,407.275931381757,22.9530471409399,2.19999999999487,11.6000000000014,0,82705.3556390625,-82311.4523487546,349672.677713206,483.300450043015,34.3802,34.37755,187680,"2026_04_28_0027","2026_04_28_0027_ev00171_rec1","no",414312
172,1,34.6705,391.602948246816,394.175658856232,2.5727106094165,0.300000000002854,0.0500000000016598,0,383.980700429274,8.38372377504857,2.18391026316971,-209.418898613563,34.6705,34.6702,193410,"2026_04_28_0027","2026_04_28_0027_ev00172_rec1","no",414313
173,1,34.74165,390.634409676512,396.169650248317,5.53524057180533,0.0500000000016598,11.4499999999964,12.750000000004,365.601320651317,33.3396022931018,61.3956851950187,43.5302557240498,34.7413,34.74125,194833,"2026_04_28_0027","2026_04_28_0027_ev00173_rec1","no",414314
174,1,34.83595,410.022639143795,431.145657281606,21.1230181378111,1.35000000000218,7.40000000000407,5.70000000000448,404.956321016232,23.4594787670606,9.54836099225469,127.465272092855,34.833,34.8313,196719,"2026_04_28_0027","2026_04_28_0027_ev00174_rec1","no",414315
175,1,34.9837,386.860909447088,391.882051676169,5.02114222908136,0.399999999999068,30.2000000000007,30.0000000000011,389.920754367728,6.29858095457153,5.83638605241104,131.19403665903,34.9837,34.9833,199674,"2026_04_28_0027","2026_04_28_0027_ev00175_rec1","no",414316
176,1,35.0726,375.366180419922,386.352508544922,10.986328125,0.499999999995282,30.2999999999969,30.0000000000011,386.771981952774,6.07831126086901,2.56038253443141,365.615844726562,35.0726,35.0721,201452,"2026_04_28_0027","2026_04_28_0027_ev00176_rec1","no",414317
177,1,35.1082,389.46239507766,396.118133544922,6.65573846726193,0.10000000000332,1.1999999999972,1.4499999999984,368.596293454632,29.9978621592488,5.69633161788457,-456.048148018973,35.1082,35.1081,202164,"2026_04_28_0027","2026_04_28_0027_ev00177_rec1","no",414318
178,1,35.1709,388.706721714565,402.221649169922,13.5149274553572,1.50000000000716,7.30000000000075,4.20000000000442,365.398523578784,33.9554299548385,23.1242371941303,-85.9287806919634,35.1678,35.16595,203418,"2026_04_28_0027","2026_04_28_0027_ev00178_rec1","no",414319
179,1,35.23325,374.145477294922,383.300750732422,9.1552734375,0.94999999999601,24.3000000000038,19.3000000000012,387.189262579942,5.33546637914764,0.587038944941903,480.361938476562,35.22865,35.2277,204665,"2026_04_28_0027","2026_04_28_0027_ev00179_rec1","no",414320
180,1,35.3387,379.638641357422,388.183563232422,8.544921875,0.550000000004047,30.4500000000019,30.0000000000011,384.81479048229,8.38449920749135,8.01993762664539,229.1259765625,35.3386,35.33805,206774,"2026_04_28_0027","2026_04_28_0027_ev00180_rec1","no",414321
181,1,35.48525,381.033730643136,403.442352294922,22.4086216517857,2.69999999999726,9.45000000000107,3.45000000000084,386.376294761053,20.200267844299,1.78261513868183,321.829659598215,35.4802,35.47685,209705,"2026_04_28_0027","2026_04_28_0027_ev00181_rec1","no",414322
182,1,35.50965,384.812097458612,394.287078857422,9.47498139880952,0.299999999995748,1.35000000000218,1.55000000000172,375.143325269922,19.30626543249,4.06097091506747,-209.847586495536,35.50965,35.50925,210193,"2026_04_28_0027","2026_04_28_0027_ev00182_rec1","no",414323
183,1,35.5717,383.591394333612,399.169891357422,15.5784970238095,0.999999999997669,18.8500000000005,13.8000000000034,385.502861924543,15.0558649669339,10.121311600338,322.020757765997,35.5636,35.5613,211434,"2026_04_28_0027","2026_04_28_0027_ev00183_rec1","no",414324
184,1,35.71145,389.375201997303,465.698211669922,76.323009672619,2.49999999999773,5.15000000000043,0,943336.590547276,-942910.925211926,497035.127603445,2256.15448582967,35.7084,35.70555,214229,"2026_04_28_0027","2026_04_28_0027_ev00184_rec1","no",414325
185,1,35.7405,422.276057652065,535.888671875,113.612614222935,6.25000000000142,23.4499999999969,26.849999999996,430.474852600579,101.327829811944,24.4907379191326,2534.08185010638,35.73985,35.73275,214810,"2026_04_28_0027","2026_04_28_0027_ev00185_rec1","no",414326
186,1,35.8422,410.156219482422,419.921844482422,9.765625,0.249999999994088,19.0999999999946,20.4999999999984,405.433159982015,18.0410375078061,26.539563069589,216.934204101562,35.83975,35.8395,216844,"2026_04_28_0027","2026_04_28_0027_ev00186_rec1","no",414327
187,1,36.06765,391.409707205636,398.559539794922,7.14983258928572,0.200000000006639,0.700000000001921,0.799999999998136,371.329930777887,26.694792281572,4.99838925516602,-469.205583844866,36.06765,36.06745,221353,"2026_04_28_0027","2026_04_28_0027_ev00187_rec1","no",414328
188,1,36.10605,380.772151402065,397.338836669922,16.5666852678572,1.35000000000218,4.55000000000183,4.89999999999924,378.636620218453,15.1989682490958,8.04364653783608,78.7179129464294,36.1042,36.1028,222121,"2026_04_28_0027","2026_04_28_0027_ev00188_rec1","no",414329
189,1,36.1367,380.539636521112,385.131805419922,4.59216889880952,0.199999999999534,0.250000000001194,0.399999999999068,372.985224043934,11.5421114668912,1.71058465287547,-205.944242931548,36.1367,36.1365,222734,"2026_04_28_0027","2026_04_28_0027_ev00189_rec1","no",414330
190,1,36.2717,364.990203857422,382.080047607422,17.08984375,1.1999999999972,31.1000000000021,30.0000000000011,372.658630525628,16.3138064061422,13.6401946083577,454.635620117188,36.2715,36.2703,225434,"2026_04_28_0027","2026_04_28_0027_ev00190_rec1","no",414331
191,1,36.35385,374.755828857422,380.859344482422,6.103515625,0.300000000002854,5.29999999999831,5.40000000000163,317.173597544742,70.4952741126467,32.8348283151582,-337.34130859375,36.35375,36.35345,227077,"2026_04_28_0027","2026_04_28_0027_ev00191_rec1","no",414332
192,1,36.44695,370.54149664016,374.145477294922,3.60398065476193,0.0500000000016598,3.10000000000343,3.14999999999799,358.621555849708,18.8503129681034,8.96786381700084,-193.60860188802,36.44695,36.44665,228939,"2026_04_28_0027","2026_04_28_0027_ev00192_rec1","no",414333
193,1,36.6168,377.749457949684,382.080047607422,4.33058965773807,0.10000000000332,1.55000000000172,1.80000000000291,366.265377226043,17.3827931787858,6.36316184292223,-234.259469168527,36.6168,36.6167,232336,"2026_04_28_0027","2026_04_28_0027_ev00193_rec1","no",414334
194,1,36.655,372.314422607422,385.742156982422,13.427734375,0.399999999999068,1.95000000000789,0,365.537806154232,10.986074015132,5.58090917309371,-140.0146484375,36.65315,36.65255,233100,"2026_04_28_0027","2026_04_28_0027_ev00194_rec1","no",414335
195,1,36.7479,383.329815092541,390.014617919922,6.68480282738096,0,0.89999999999435,1.49999999999295,379.426719428674,8.89803470026016,4.49987529125861,-76.61873953683,36.7479,36.7478,234958,"2026_04_28_0027","2026_04_28_0027_ev00195_rec1","no",414336
196,1,36.9099,368.652313232422,374.145477294922,5.4931640625,0.399999999999068,0.399999999999068,0,376.954110097909,-2.80765216740268,1e-07,257.659912109375,36.9095,36.9091,238198,"2026_04_28_0027","2026_04_28_0027_ev00196_rec1","no",414337
197,1,37.01445,391.467835925874,401.000946044922,9.53311011904759,0.399999999999068,23.5500000000002,20.9499999999991,-4975.65843184655,5378.37682718448,14563.022732558,229.862031482514,37.00855,37.00815,240289,"2026_04_28_0027","2026_04_28_0027_ev00197_rec1","no",414338
198,1,37.4966,394.606786818731,404.052703857422,9.44591703869048,0.0500000000016598,0.0500000000016598,0,387.443098509358,8.94552379712156,6.64571462928252,-155.885968889509,37.4966,37.4965,249932,"2026_04_28_0027","2026_04_28_0027_ev00198_rec1","no",414339
199,1,37.5494,395.914683024089,413.207977294922,17.2932942708333,1.1999999999972,11.8000000000009,8.40000000000174,284058.01058265,-283672.309793868,143830.43057168,610.631306966145,37.54825,37.5468,250988,"2026_04_28_0027","2026_04_28_0027_ev00199_rec1","no",414340
200,1,37.57345,384.434260777065,450.439422607422,66.0051618303572,6.29999999999598,36.6999999999962,30.0000000000011,412.091259451735,31.7927950169853,15.5001559686343,1722.5102015904,37.5696,37.5631,251469,"2026_04_28_0027","2026_04_28_0027_ev00200_rec1","no",414341
201,1,37.6547,397.891059512184,437.622039794922,39.7309802827381,1.64999999999793,17.1500000000009,30.0000000000011,411.168345314625,23.4184123913055,11.0083315623528,754.876273018972,37.6521,37.6504,253094,"2026_04_28_0027","2026_04_28_0027_ev00201_rec1","no",414342
202,1,37.7818,397.338836669922,402.221649169922,4.8828125,1.04999999999933,30.4000000000002,30.0000000000011,400.705559527782,7.62208731474287,1.40820483946826,120.697021484375,37.7818,37.78075,255636,"2026_04_28_0027","2026_04_28_0027_ev00202_rec1","no",414343
203,1,37.8448,407.104461669922,411.376922607422,4.2724609375,0.300000000002854,0.199999999999534,0,400.477591986213,7.80044192407194,4.18124208211056,-165.313720703125,37.8447,37.8444,256896,"2026_04_28_0027","2026_04_28_0027_ev00203_rec1","no",414344
204,1,38.28925,393.298890613374,415.649383544922,22.3504929315476,1.15000000000265,40.3999999999982,30.0000000000011,404.831888215537,8.53885376168219,11.8412648981051,629.545665922618,38.2797,38.2784,265785,"2026_04_28_0027","2026_04_28_0027_ev00204_rec1","no",414345
205,1,38.3126,393.676727294922,402.221649169922,8.544921875,1.00000000000477,30.7999999999993,30.0000000000011,399.845730132327,9.95574206608228,4.47569142754821,245.010375976562,38.31245,38.31145,266252,"2026_04_28_0027","2026_04_28_0027_ev00205_rec1","no",414346
206,1,38.51455,400.158079601469,402.221649169922,2.06356956845241,0.450000000000728,2.34999999999985,1.94999999999368,395.901623787613,6.99653238119809,5.93692159941507,-85.2290562220974,38.51455,38.51385,270291,"2026_04_28_0027","2026_04_28_0027_ev00206_rec1","no",414347
207,1,38.7905,364.844882056827,377.807586669922,12.9627046130952,0.599999999998602,9.45000000000107,2.9000000000039,364.111777053628,16.1997472784285,2.71364346827423,69.8511032831102,38.78395,38.7827,275810,"2026_04_28_0027","2026_04_28_0027_ev00207_rec1","no",414348
208,1,38.9345,369.262664794922,371.704071044922,2.44140625,0,4.44999999999851,4.75000000000136,353.246085976183,21.0524418359452,21.6914291703742,-137.374877929688,38.9344,38.9342,278690,"2026_04_28_0027","2026_04_28_0027_ev00208_rec1","no",414349
209,1,39.03845,392.862925211589,402.221649169922,9.35872395833331,0.149999999997874,0.10000000000332,0.0500000000016598,389.363029661323,7.18582515498404,0.97962742874301,-97.5545247395839,39.03845,39.0383,280769,"2026_04_28_0027","2026_04_28_0027_ev00209_rec1","no",414350
210,1,39.1371,383.911102294922,390.624969482422,6.7138671875,0.10000000000332,30.2000000000007,30.0000000000011,390.523458062149,7.7132630793216,1.95353419851362,217.22412109375,39.1369,39.1368,282742,"2026_04_28_0027","2026_04_28_0027_ev00210_rec1","no",414351
211,1,39.7419,380.859344482422,388.183563232422,7.32421875,0.300000000002854,5.34999999999997,5.34999999999286,306.835091274211,96.528715005822,23.3179429603968,-588.546752929688,39.7419,39.7416,294838,"2026_04_28_0027","2026_04_28_0027_ev00211_rec1","no",414352
212,1,39.8452,387.63134039016,407.104461669922,19.4731212797619,7.5999999999965,10.8000000000033,1.55000000000172,382.571302707443,15.1167382818535,7.33749332783316,12.8493536086318,39.8419,39.83425,296904,"2026_04_28_0027","2026_04_28_0027_ev00212_rec1","no",414353
213,1,39.8979,384.521453857422,390.014617919922,5.4931640625,0.449999999993622,5.49999999999784,7.20000000000454,385.788814602729,7.69953194549343,3.1256707976316,66.0858154296875,39.8979,39.89745,297958,"2026_04_28_0027","2026_04_28_0027_ev00213_rec1","no",414354
214,1,39.9786,377.807586669922,388.793914794922,10.986328125,0.250000000001194,2.34999999999985,2.24999999999653,363.769765666632,39.5517323814444,2.89279190327596,-302.061143674681,39.97855,39.9783,299572,"2026_04_28_0027","2026_04_28_0027_ev00214_rec1","no",414355
215,1,40.1161,379.890138781804,386.107308354796,6.21716957299219,0.550000000004047,13.0499999999998,10.5500000000021,340.647937587671,57.333700267214,32.7392368573617,9.46593677718346,40.11175,40.1112,302322,"2026_04_28_0027","2026_04_28_0027_ev00215_rec1","no",414356
216,1,40.2979,396.104477717241,408.331505076434,12.2270273591924,0.0999999999962142,5.25000000000375,1.24999999999886,386.849891077859,22.6120091174276,2.47815747301431,-187.26812088596,40.2918,40.29165,305958,"2026_04_28_0027","2026_04_28_0027_ev00216_rec1","no",414357
217,1,40.3468,382.230308771098,389.213014470622,6.98270569952382,1.59999999999627,4.44999999999851,3.10000000000343,376.101128733419,25.4752540163589,2.90887667716435,-82.1442981626723,40.34625,40.34465,306936,"2026_04_28_0027","2026_04_28_0027_ev00217_rec1","no",414358
218,1,40.47475,386.882595016714,391.570051135328,4.68745611861425,0.10000000000332,0.250000000001194,0.349999999997408,367.317749777394,22.9763042399696,4.466701150315,-484.480974075042,40.47475,40.47465,309495,"2026_04_28_0027","2026_04_28_0027_ev00218_rec1","no",414359
219,1,40.71685,395.18487508787,401.214857871569,6.02998278369893,0.149999999997874,0.149999999997874,0,391.433756570462,4.83987571256942,2.6343396851779,-99.3780254709972,40.71685,40.71665,314337,"2026_04_28_0027","2026_04_28_0027_ev00219_rec1","no",414360
220,1,40.7867,399.449797673094,406.337998379496,6.88820070640168,0.149999999997874,0.10000000000332,0,392.110762384098,8.95770758362991,11.3981328331523,-125.18383461198,40.7867,40.78655,315734,"2026_04_28_0027","2026_04_28_0027_ev00220_rec1","no",414361
221,1,41.0284,362.486042895558,382.783638942186,20.297596046628,0.0500000000016598,14.6000000000015,10.6000000000037,343.694686026082,55.6678999936608,14.109616888268,288.756875635975,41.02305,41.023,320568,"2026_04_28_0027","2026_04_28_0027_ev00221_rec1","no",414362
222,1,41.33335,388.00484736025,394.55118040374,6.54633304349028,0.500000000002387,15.6500000000008,18.7000000000026,386.155940163536,12.3479229004152,17.6108179642234,127.142231860028,41.33335,41.33285,326667,"2026_04_28_0027","2026_04_28_0027_ev00222_rec1","no",414363
223,1,41.3691,392.964497760504,395.801574395447,2.83707663494278,0.200000000006639,0.149999999997874,0.0500000000016598,390.080371200522,4.3308986048115,0.72337173667886,-82.7308085183296,41.369,41.3688,327382,"2026_04_28_0027","2026_04_28_0027_ev00223_rec1","no",414364
224,1,41.4274,399.836073448758,407.675526501579,7.83945305282049,0.0999999999962142,0.0500000000016598,0,342.526157718308,59.3262639953256,126.114831944772,-135.049194625838,41.4274,41.4273,328548,"2026_04_28_0027","2026_04_28_0027_ev00224_rec1","no",414365
225,1,41.48175,386.887379796557,391.789005327776,4.90162553121854,0.0500000000016598,7.29999999999364,8.24999999999676,382.805422159419,13.3167872048997,10.1068696892187,5.95511483964501,41.48165,41.4816,329635,"2026_04_28_0027","2026_04_28_0027_ev00225_rec1","no",414366
226,1,41.6876,395.543209214669,400.491194712039,4.94798549737061,0.199999999999534,9.85000000000014,10.8999999999995,366.159551275609,37.3609712811329,60.6330633138985,4.21172870796833,41.6876,41.6874,333752,"2026_04_28_0027","2026_04_28_0027_ev00226_rec1","no",414367
227,1,41.9482,388.955003323714,393.116770261971,4.16176693825753,0.900000000001455,15.3999999999996,30.0000000000011,390.452279521578,7.9745989662143,5.77828658117622,102.686548876205,41.94765,41.94675,338964,"2026_04_28_0027","2026_04_28_0027_ev00227_rec1","no",414368
228,1,42.40035,383.846558406019,389.887164925487,6.04060651946804,0.300000000002854,30.300000000004,30.0000000000011,389.755593035093,5.59741913786824,5.04893154363631,208.360438315479,42.40035,42.40005,348007,"2026_04_28_0027","2026_04_28_0027_ev00228_rec1","no",414369
229,1,42.9871,388.236527770819,393.160443319843,4.92391554902417,0.299999999995748,8.69999999999038,9.59999999999894,383.043029408025,14.210128676279,13.5658813519554,18.0538492896741,42.9871,42.9868,359742,"2026_04_28_0027","2026_04_28_0027_ev00229_rec1","no",414370
230,1,43.09605,392.801488758238,394.84984658741,2.04835782917235,0,0,0,387.626847744073,5.54927090556794,2.84029756780246,-139.045675795022,43.09605,43.09595,361921,"2026_04_28_0027","2026_04_28_0027_ev00230_rec1","no",414371
231,1,43.23255,390.207476738396,407.651149301974,17.4436725635778,4.85000000000468,37.9500000000021,30.0000000000011,398.322744991553,13.6143220365862,16.3628667685205,558.90899384907,43.22985,43.22425,364651,"2026_04_28_0027","2026_04_28_0027_ev00231_rec1","no",414372
232,1,43.2836,400.410455121836,406.630828956542,6.22037383470541,0.0499999999945544,0.149999999990769,0,395.02731792918,7.2633156397142,3.75708540798567,-133.671248388906,43.2836,43.2834,365672,"2026_04_28_0027","2026_04_28_0027_ev00232_rec1","no",414373
233,1,43.6603,393.6504973175,399.201127787641,5.55063047014039,1.4499999999984,10.150000000003,9.25000000000864,-1323005.22421993,1323415.28580725,854806.925373823,-191.447067022333,43.66,43.6583,373206,"2026_04_28_0027","2026_04_28_0027_ev00233_rec1","no",414374
234,1,43.74205,381.135528973073,384.957088787967,3.82155981489484,0.0500000000016598,0.10000000000332,0.849999999999795,228.855104281244,154.16813541574,270.083928876447,-190.88639494346,43.74205,43.74195,374841,"2026_04_28_0027","2026_04_28_0027_ev00234_rec1","no",414375
235,1,43.77385,361.331138968515,369.772995100021,8.44185613150643,0.149999999997874,28.5500000000027,19.6499999999986,57319.7720384899,-56957.7476885909,460194.249709943,81.6107685978677,43.77345,43.7733,375477,"2026_04_28_0027","2026_04_28_0027_ev00235_rec1","no",414376
236,1,44.17395,397.297662474339,403.298118053527,6.00045557918753,0.0999999999962142,0.749999999996476,1.10000000000099,390.917944076636,10.2527583092394,6.20139732005555,-127.583137798966,44.17395,44.17375,383479,"2026_04_28_0027","2026_04_28_0027_ev00236_rec1","no",414377
237,1,44.51905,387.954908304485,393.632884096166,5.67797579168081,0.0999999999962142,30.1499999999919,30.0000000000011,92480.066761281,-92097.2545122643,532483.517828115,-75.1118036622814,44.51905,44.51875,390381,"2026_04_28_0027","2026_04_28_0027_ev00237_rec1","no",414378
238,1,44.58415,381.90425209119,390.473226623458,8.56897453226838,0.10000000000332,3.25000000000841,3.79999999999825,362.563322907997,30.1745255256477,13.0157646513352,-223.985834871979,44.58395,44.58385,391683,"2026_04_28_0027","2026_04_28_0027_ev00238_rec1","no",414379
239,1,44.7015,386.551570319903,392.031439342036,5.47986902213268,0.10000000000332,13.3500000000026,14.4999999999982,-27279.3155694891,27676.2867083109,47775.858910891,52.6814496997533,44.7015,44.7014,394030,"2026_04_28_0027","2026_04_28_0027_ev00239_rec1","no",414380
240,1,44.77175,395.825221325011,400.168472605956,4.34325128094457,0.349999999997408,1.1999999999972,1.10000000000099,391.231330257916,7.94381856098981,4.51406913896099,-100.282304590457,44.7712,44.77075,395435,"2026_04_28_0027","2026_04_28_0027_ev00240_rec1","no",414381
241,1,45.07115,398.142225863005,402.882677024084,4.74045116107823,0.199999999999534,2.65000000000271,2.74999999999892,274.724558871953,135.802642101438,33.5798486824466,-1008.14956082175,45.07115,45.07095,401423,"2026_04_28_0027","2026_04_28_0027_ev00241_rec1","no",414382
242,1,45.1387,363.030897670955,373.310654278571,10.2797566076165,2.40000000000151,9.14999999999822,9.14999999999822,364.881157710748,12.8300168743588,4.84939640445302,156.859312547868,45.1384,45.136,402774,"2026_04_28_0027","2026_04_28_0027_ev00242_rec1","no",414383
243,1,45.48545,369.064964994538,385.667832054093,16.6028670595551,1.89999999999202,24.5000000000033,28.0999999999949,367.217554171228,24.6088957024424,24.9987321359655,427.514487273118,45.48355,45.48055,409709,"2026_04_28_0027","2026_04_28_0027_ev00243_rec1","no",414384
244,1,45.64115,380.610344488354,387.874512637473,7.26416814911983,0.199999999999534,15.4500000000013,17.949999999999,372.701963953966,18.6308226041979,31.8177551927891,126.768212253552,45.64115,45.64095,412823,"2026_04_28_0027","2026_04_28_0027_ev00244_rec1","no",414385
245,1,45.808,384.837503364419,389.12222738107,4.28472401665113,0.0999999999962142,1.04999999999933,1.00000000000477,370.650589948819,28.0217637875694,1.74549914031243,-375.693700785725,45.808,45.8079,416160,"2026_04_28_0027","2026_04_28_0027_ev00245_rec1","no",414386
246,1,45.8643,379.997441093979,386.106790102186,6.109349008207,0.349999999997408,14.8499999999956,21.2499999999949,381.713206323724,9.11378405695705,7.5479692319088,122.509594695787,45.8643,45.86395,417286,"2026_04_28_0027","2026_04_28_0027_ev00246_rec1","no",414387
247,1,45.91035,390.245091060451,398.647023469993,8.40193240954181,0.0500000000016598,0.650000000000261,0.849999999999795,384.643671098337,10.5576335452955,4.42226318818329,-121.022399222631,45.91035,45.90995,418207,"2026_04_28_0027","2026_04_28_0027_ev00247_rec1","no",414388
248,1,45.99965,397.24060144009,409.630243209504,12.3896417694143,0.200000000006639,0.150000000004979,0,391.22797653736,9.57060883423636,1.55579712449004,-165.06242412329,45.99965,45.99945,419993,"2026_04_28_0027","2026_04_28_0027_ev00248_rec1","no",414389
249,1,46.2941,372.188209955578,379.0126089478,6.82439899222197,0.0500000000016598,19.2500000000067,30.0000000000011,375.545471590939,9.27742993546787,3.54040534854782,157.842880294685,46.2916,46.29155,425882,"2026_04_28_0027","2026_04_28_0027_ev00249_rec1","no",414390
250,1,46.49955,388.758672468523,406.410733288087,17.6520608195638,3.45000000000084,32.0999999999998,30.0000000000011,385.032332347584,22.3592510013141,45.3321403289835,548.70487556585,46.49415,46.4887,429991,"2026_04_28_0027","2026_04_28_0027_ev00250_rec1","no",414391
251,1,46.9261,385.040354922828,393.615249692328,8.57489476949985,2.50000000000483,42.5999999999931,29.999999999994,-93567.3440140151,93969.6643492412,323079.942205007,629.146607447913,46.91315,46.9092,438522,"2026_04_28_0027","2026_04_28_0027_ev00251_rec1","no",414392
252,1,47.02245,387.723732502373,405.686911841555,17.9631793391819,8.54999999999961,38.3999999999958,29.999999999994,399.683882864192,6.6911991389596,5.05352266333909,527.24282227133,47.022,47.0133,440449,"2026_04_28_0027","2026_04_28_0027_ev00252_rec1","no",414393
253,1,47.1047,396.060150685784,406.95834767332,10.8981969875362,0.0999999999962142,0.300000000009959,0.550000000004047,384.577710183737,18.2815608212149,3.27074940202599,-284.108709284442,47.1047,47.1046,442094,"2026_04_28_0027","2026_04_28_0027_ev00253_rec1","no",414394
254,1,47.5663,401.784387586404,404.38453580641,2.60014822000522,0.0500000000016598,0.0500000000016598,0,397.15040368547,5.34796989198239,6.54202587666463,-103.536168394923,47.56555,47.56545,451326,"2026_04_28_0027","2026_04_28_0027_ev00254_rec1","no",414395
255,1,47.73715,394.590041589714,400.096728427323,5.5066868376087,0.10000000000332,0.0500000000016598,0,388.435005661919,6.24442613305569,5.34666826455547,-151.293522977237,47.73715,47.73705,454743,"2026_04_28_0027","2026_04_28_0027_ev00255_rec1","no",414396
256,1,47.9607,399.544057087407,401.741292315508,2.19723522810085,0.150000000004979,0,0.0499999999945544,392.438851940879,8.08602298359841,3.11802444835347,-188.169679049863,47.9607,47.96055,459214,"2026_04_28_0027","2026_04_28_0027_ev00256_rec1","no",414397
257,1,48.1443,386.835701855982,391.599327386927,4.76362553094492,0.300000000002854,4.44999999999141,4.75000000000136,350.177108217684,51.4293146115029,16.232702448148,-393.674635068254,48.1443,48.144,462886,"2026_04_28_0027","2026_04_28_0027_ev00257_rec1","no",414398
258,1,48.21465,381.170474175424,390.927827421472,9.7573532460483,2.10000000000576,34.9999999999966,29.999999999994,390.016521762862,8.91924071842163,3.92285585247703,370.959030777835,48.2108,48.20815,464293,"2026_04_28_0027","2026_04_28_0027_ev00258_rec1","no",414399
259,1,48.696,400.296971799667,403.906864344832,3.60989254516574,0.0500000000016598,0.0500000000016598,0,380.82704124412,18.0800196762603,40.3404920152737,-201.326455925926,48.69595,48.6959,473920,"2026_04_28_0027","2026_04_28_0027_ev00259_rec1","no",414400
260,1,48.76185,383.916542322644,390.006061373809,6.08951905116504,0.599999999998602,0.299999999995748,0,15179.7527721509,-14792.5657115937,226339.290902867,132.188157492658,48.76185,48.76125,475237,"2026_04_28_0027","2026_04_28_0027_ev00260_rec1","no",414401
261,1,48.8905,390.546875816878,397.872669036667,7.32579321978892,0.450000000000728,0.750000000003581,0,13966.6592646466,-13571.695204741,365806.692548683,157.798671518419,48.8901,48.88965,477810,"2026_04_28_0027","2026_04_28_0027_ev00261_rec1","no",414402
262,1,49.2263,391.302388467089,406.969061033393,15.6666725663043,8.90000000000413,24.799999999999,21.1500000000058,392.328600593774,13.1992956128182,20.7870735143221,368.783551484863,49.22305,49.21325,484526,"2026_04_28_0027","2026_04_28_0027_ev00262_rec1","no",414403
263,2,50.0319,406.258135300439,409.965083381038,3.70694808059977,0.950000000003115,1.30000000000052,0.599999999998602,399.05902046028,9.54912338088101,5.68421560809943,-160.617071489352,50.0319,50.03045,638,"2026_04_28_0027","2026_04_28_0027_ev00263_rec2","no",414404
264,2,50.08005,386.242921011317,393.799902089423,7.55698107810588,3.99999999999778,33.1000000000046,29.8500000000033,392.226658505458,5.74069252315322,0.970446438109336,229.518797232785,50.0798,50.0757,1601,"2026_04_28_0027","2026_04_28_0027_ev00264_rec2","no",414405
265,2,50.2997,386.268609511522,392.673680893182,6.40507138165981,0.900000000001455,2.15000000000032,0,11446.5784837806,-11054.6614118577,436866.052022498,205.037884031627,50.29825,50.29735,5994,"2026_04_28_0027","2026_04_28_0027_ev00265_rec2","no",414406
266,2,50.49505,393.494067697614,401.798948258971,8.30488056135744,0.0500000000016598,30.2500000000023,30.0000000000011,103762.785922976,-103373.745305081,530384.185390907,-45.6576145098769,50.49505,50.49475,9901,"2026_04_28_0027","2026_04_28_0027_ev00266_rec2","no",414407
267,2,50.52345,398.074756101424,404.599409024561,6.52465292313644,0.149999999997874,0.149999999997874,0,372.967300114065,25.6174881850302,28.4838217989587,-278.362314411589,50.52345,50.5233,10469,"2026_04_28_0027","2026_04_28_0027_ev00267_rec2","no",414408
268,2,50.64915,401.770205874616,420.094068842678,18.3238629680621,3.19999999999965,8.84999999999536,8.90000000000413,400.76431138336,18.3641948550488,10.3824231994268,187.888598092749,50.6491,50.6459,12983,"2026_04_28_0027","2026_04_28_0027_ev00268_rec2","no",414409
269,2,50.88655,398.157461413076,402.188733633961,4.03127222088472,0.250000000001194,1.34999999999508,1.04999999999933,352.125448466389,58.7979115982121,4.84648524661116,-1092.13768006878,50.8859,50.88485,17731,"2026_04_28_0027","2026_04_28_0027_ev00269_rec2","no",414410
270,2,51.00785,379.834225365156,389.768379382556,9.93415401739964,2.15000000000032,6.05000000000189,30.0000000000011,384.054123487131,14.6869875716059,1.59130113719094,188.620064140984,51.0071,51.00495,20157,"2026_04_28_0027","2026_04_28_0027_ev00270_rec2","no",414411
271,2,51.05185,389.895254308773,392.076406037301,2.18115172852737,0.0500000000016598,0.299999999995748,0.399999999999068,385.573128425293,6.12972178350077,2.34066938957032,-114.51227708848,51.05185,51.05155,21037,"2026_04_28_0027","2026_04_28_0027_ev00271_rec2","no",414412
272,2,51.07575,390.973312015426,399.419468256852,8.44615624142585,0.900000000001455,0.549999999996942,0,203.917255334548,189.436206342657,140.193085523071,-493.883492402483,51.07575,51.07445,21515,"2026_04_28_0027","2026_04_28_0027_ev00272_rec2","no",414413
273,2,51.11805,371.875872435502,373.96875421412,2.09288177861833,0.89999999999435,30.2999999999969,28.8500000000056,218992.275306195,-218634.090450583,435841.602206007,-184.319411801296,51.11805,51.1169,22361,"2026_04_28_0027","2026_04_28_0027_ev00273_rec2","no",414414
274,2,51.2941,388.479615932326,394.013695651875,5.53407971954874,0.500000000002387,12.0000000000005,12.6500000000007,-603129.795723633,603530.838725289,726760.096373912,11.9621205357367,51.2941,51.2931,25882,"2026_04_28_0027","2026_04_28_0027_ev00274_rec2","no",414415
275,2,51.4342,378.77124133133,380.785015260484,2.01377392915361,0.149999999997874,0.0999999999962142,0,335.896579118672,42.5829345104061,41.2780725199142,-377.346569800691,51.43365,51.43325,28684,"2026_04_28_0027","2026_04_28_0027_ev00275_rec2","no",414416
276,2,51.59175,373.818864284211,380.386005708295,6.56714142408401,0.349999999997408,22.0500000000001,18.1500000000057,167043.575992652,-166671.753586846,684306.898051178,56.9700070736634,51.5914,51.59105,31835,"2026_04_28_0027","2026_04_28_0027_ev00276_rec2","no",414417
277,2,51.88705,400.519490688068,406.175714814275,5.65622412620661,0.10000000000332,0.399999999999068,0,389.222769112919,10.2185648295029,30.9521047150886,-142.615661904294,51.88705,51.8866,37741,"2026_04_28_0027","2026_04_28_0027_ev00277_rec2","no",414418
278,2,51.99925,389.931293438579,392.162260166201,2.23096672762244,0.149999999997874,0.149999999997874,0.200000000006639,382.577039409451,8.74000296001096,2.8358752709933,-194.876273881661,51.99925,51.9989,39985,"2026_04_28_0027","2026_04_28_0027_ev00278_rec2","no",414419
279,2,52.04235,387.553138408555,391.249184011372,3.69604560281749,0.250000000001194,2.80000000000058,2.85000000000224,371.64204906391,20.8791096968761,15.0346253024196,-205.272938546062,52.0422,52.0419,40847,"2026_04_28_0027","2026_04_28_0027_ev00279_rec2","no",414420
280,2,53.15385,387.310561071555,394.266276174477,6.95571510292115,0.349999999997408,11.2999999999985,15.7999999999987,389.000628465073,9.62081509704392,6.61564927031461,126.727334056518,53.15275,53.1524,63077,"2026_04_28_0027","2026_04_28_0027_ev00280_rec2","no",414421
281,2,53.4949,388.641975582091,394.945034303787,6.30305872169606,0.799999999998136,17.4000000000021,20.6499999999963,389.203801356934,10.4651050899096,11.6146812020943,143.801766463378,53.49415,53.49335,69898,"2026_04_28_0027","2026_04_28_0027_ev00281_rec2","no",414422
282,2,53.61775,377.978564024354,388.486772566882,10.5082085425274,4.1000000000011,19.3500000000029,17.6999999999978,374.567766692547,19.3651569603113,18.1368504970595,259.408142302462,53.617,53.61235,72355,"2026_04_28_0027","2026_04_28_0027_ev00282_rec2","no",414423
283,2,54.0343,405.618461186621,407.701706666625,2.08324548000377,0,0.94999999999601,1.04999999999933,397.785192885111,11.9611532296289,3.23959781842538,-196.018052240732,54.0343,54.0342,80686,"2026_04_28_0027","2026_04_28_0027_ev00283_rec2","no",414424
284,2,54.087,402.960409180755,415.732944128652,12.772534947897,0.350000000004513,0.250000000001194,0,394.585304847865,9.84451583851282,9.03314318935056,-165.201907950739,54.087,54.0865,81740,"2026_04_28_0027","2026_04_28_0027_ev00284_rec2","no",414425
285,2,54.4353,392.068202141261,396.470112104945,4.40190996368358,0.549999999996942,10.8999999999995,9.55000000000439,318836.745182152,-318448.987909693,513249.4959173,153.58031768576,54.4351,54.43455,88706,"2026_04_28_0027","2026_04_28_0027_ev00285_rec2","no",414426
286,2,54.50465,492.953173046466,582.763271585502,89.8100985390363,15.7999999999987,18.5999999999993,16.9500000000014,393.166725854965,197.912269017981,42.6051807663353,2352.46076102546,54.50205,54.4862,90093,"2026_04_28_0027","2026_04_28_0027_ev00286_rec2","no",414427
287,2,54.66615,413.100305428191,416.157467378043,3.05716194985143,0,0,0,405.399512493237,6.79400521302743,6.22274727516545,-188.864587864972,54.66615,54.66605,93323,"2026_04_28_0027","2026_04_28_0027_ev00287_rec2","no",414428
288,2,54.7531,399.260393214527,401.424616240583,2.16422302605571,0,1.74999999999415,2.09999999999866,390.492864917627,11.3719818523088,12.2022766654294,-134.990555250137,54.7531,54.7528,95062,"2026_04_28_0027","2026_04_28_0027_ev00288_rec2","no",414429
289,2,54.9078,394.057003671446,396.484658175663,2.42765450421751,0.10000000000332,1.04999999999933,1.14999999999554,392.229494903697,5.43160744758771,1.64794273087798,-45.6079725507632,54.9078,54.90765,98156,"2026_04_28_0027","2026_04_28_0027_ev00289_rec2","no",414430
290,2,55.8366,398.637713792995,402.052575296135,3.41486150313978,0.0500000000016598,0.499999999995282,0.650000000000261,394.693411559267,6.66279548462877,2.73239296285259,-99.7172671808272,55.8365,55.83615,116732,"2026_04_28_0027","2026_04_28_0027_ev00290_rec2","no",414431
291,2,55.8977,390.459581338789,396.49741697312,6.03783563433075,0.399999999999068,6.90000000000168,6.90000000000168,-479187.055746931,479596.884167531,193464.314559629,-530.895428327369,55.8977,55.8973,117954,"2026_04_28_0027","2026_04_28_0027_ev00291_rec2","no",414432
292,2,55.9991,387.823693583905,391.571480278938,3.7477866950328,0.450000000000728,0.799999999998136,0.700000000001921,386.514187280547,4.41493781083557,1.44645125424472,-31.414202774343,55.9991,55.99865,119982,"2026_04_28_0027","2026_04_28_0027_ev00292_rec2","no",414433
293,2,56.06725,389.137717846987,400.914694309139,11.7769764621517,0.350000000004513,0.10000000000332,0,377.799208349732,15.3922543285778,4.60615843116468,-269.32002722421,56.06725,56.06685,121345,"2026_04_28_0027","2026_04_28_0027_ev00293_rec2","no",414434
294,2,56.32985,383.980533272122,396.681933371465,12.7014000993424,6.29999999999598,5.20000000000209,0,26123.9768078891,-25730.639120942,267439.036113612,407.183320665009,56.32915,56.3221,126597,"2026_04_28_0027","2026_04_28_0027_ev00294_rec2","no",414435
295,2,56.78,390.252185902995,397.703755210369,7.45156930737352,0.199999999999534,5.25000000000375,5.49999999999784,-1467042.89439909,1467449.28597893,600524.754252893,-614.330371935449,56.78,56.77975,135600,"2026_04_28_0027","2026_04_28_0027_ev00295_rec2","no",414436
296,2,56.89795,376.563039992891,380.711546837303,4.14850684441188,0.150000000004979,1.15000000000265,0.94999999999601,367.323961956538,14.0575763116995,3.53142020114371,-225.073361934576,56.89775,56.8973,137959,"2026_04_28_0027","2026_04_28_0027_ev00296_rec2","no",414437
297,2,57.12525,380.194196729524,385.553388851262,5.35919212173803,0.149999999997874,30.2000000000007,30.0000000000011,67011.4676173033,-66642.0492933709,233518.711689086,-194.494949054276,57.12525,57.12495,142505,"2026_04_28_0027","2026_04_28_0027_ev00297_rec2","no",414438
298,2,57.23035,375.361046466123,384.691918359593,9.33087189347003,2.6499999999956,25.2499999999998,28.9999999999964,-92298.609752393,92684.4805673692,380948.029547727,242.877306134561,57.23005,57.2274,144607,"2026_04_28_0027","2026_04_28_0027_ev00298_rec2","no",414439
299,2,57.28745,393.5332932344,399.238177214266,5.70488397986628,1.04999999999933,5.65000000000282,4.64999999999804,-581625.014041306,582026.744052554,445158.115080079,-340.837405749889,57.2853,57.28425,145749,"2026_04_28_0027","2026_04_28_0027_ev00299_rec2","no",414440
300,2,57.5156,389.934694574721,408.890900677567,18.9562061028454,1.1999999999972,7.30000000000075,9.09999999999656,-45856.294445239,46259.5456803866,66747.801133939,124.469603767314,57.5139,57.51235,150312,"2026_04_28_0027","2026_04_28_0027_ev00300_rec2","no",414441
301,2,57.63575,391.406331576235,401.163716055888,9.75738447965256,0.149999999997874,0.250000000001194,0,385.435357792976,7.10878342212418,5.68167300885031,-138.014917153692,57.63565,57.6355,152715,"2026_04_28_0027","2026_04_28_0027_ev00301_rec2","no",414442
302,2,57.6748,390.291689603569,394.088816897989,3.79712729441923,0.149999999997874,0.0499999999945544,0,383.414231016944,6.9131415807838,8.55453328667059,-148.674803309905,57.6748,57.67445,153496,"2026_04_28_0027","2026_04_28_0027_ev00302_rec2","no",414443
303,2,57.71755,375.519881077346,384.055251494801,8.53537041745545,0.10000000000332,4.3500000000023,5.09999999999877,372.758267799976,15.9870162986407,5.1461968393595,-0.254218936854265,57.71755,57.71745,154351,"2026_04_28_0027","2026_04_28_0027_ev00303_rec2","no",414444
304,2,57.7834,376.506647057633,388.083467032362,11.5768199747295,0.250000000001194,4.30000000000064,4.6999999999997,370.050885693273,23.5962112555793,5.94991052813101,-43.9829920968804,57.7828,57.78255,155668,"2026_04_28_0027","2026_04_28_0027_ev00304_rec2","no",414445
305,2,57.92205,370.233856271057,381.421081700628,11.1872254295707,2.0500000000041,33.5000000000036,30.0000000000011,377.732687722522,8.91262625807514,2.21849066105213,317.992034103565,57.9187,57.91645,158441,"2026_04_28_0027","2026_04_28_0027_ev00305_rec2","no",414446
306,2,58.09625,382.228579014407,386.46357951081,4.23500049640279,0.10000000000332,4.99999999999545,5.70000000000448,381.080202641482,9.61517242039649,4.51554186000252,9.97958259355746,58.09615,58.09605,161925,"2026_04_28_0027","2026_04_28_0027_ev00306_rec2","no",414447
307,2,58.1687,376.450156976351,386.785980050488,10.3358230741365,1.15000000000265,7.44999999999862,6.3999999999993,374.421442916696,23.6506292760849,4.59929259581875,90.360846455846,58.167,58.16585,163374,"2026_04_28_0027","2026_04_28_0027_ev00307_rec2","no",414448
308,2,58.19855,370.766995562978,397.515971674942,26.7489761119634,1.25000000000597,10.3000000000009,10.150000000003,370.206571114058,32.1601163981985,9.01887153941723,343.274920130515,58.1966,58.1945,163971,"2026_04_28_0027","2026_04_28_0027_ev00308_rec2","no",414449
309,2,58.22865,357.485296221614,370.931763230845,13.4464670092306,2.10000000000576,17.8499999999957,18.1999999999931,334.883944109241,39.3663254624753,51.1099664239928,253.076630257732,58.22785,58.22575,164573,"2026_04_28_0027","2026_04_28_0027_ev00309_rec2","no",414450
310,2,58.33465,366.116510543439,372.187334738121,6.07082419468185,0.10000000000332,6.05000000000189,7.30000000000075,361.830405495086,11.7598892198869,12.4199602314939,7.0881090694707,58.33435,58.33425,166693,"2026_04_28_0027","2026_04_28_0027_ev00310_rec2","no",414451
311,2,58.4869,394.76078742005,398.164854449816,3.40406702976588,0.149999999997874,0.500000000002387,0.450000000000728,385.943389904459,12.2590143057378,2.32620836736203,-235.262053345291,58.4869,58.4865,169738,"2026_04_28_0027","2026_04_28_0027_ev00311_rec2","no",414452
312,2,58.6917,378.346944488403,386.969183918023,8.62223942962015,0.149999999997874,5.69999999999737,6.45000000000095,367.744856970564,25.5883413644451,10.3993908789573,-63.4841338653399,58.69155,58.6914,173834,"2026_04_28_0027","2026_04_28_0027_ev00312_rec2","no",414453
313,2,58.74265,380.024110731456,382.495680667272,2.47156993581598,0.900000000001455,1.75000000000125,1.35000000000218,376.80812267796,5.44463624511358,4.95195450907112,-66.9308536917243,58.74265,58.74175,174853,"2026_04_28_0027","2026_04_28_0027_ev00313_rec2","no",414454
314,2,59.0454,388.346842748575,391.413894416267,3.06705166769154,0,0,0,363.193215658356,13.5252956701773,3.77780498752584,-706.355409070745,59.0454,59.0452,180908,"2026_04_28_0027","2026_04_28_0027_ev00314_rec2","no",414455
315,2,59.06715,367.691021728007,379.426523257034,11.7355015290276,0.250000000001194,2.24999999999653,3.5000000000025,359.761724009766,16.6133200380128,11.4865520025084,-55.3368088621907,59.06655,59.066,181343,"2026_04_28_0027","2026_04_28_0027_ev00315_rec2","no",414456
316,2,59.17685,381.71684796439,387.722728836261,6.0058808718718,0.10000000000332,0.200000000006639,0,-63187.2269766914,63568.2065765822,59172.7983491898,-505.411465308407,59.17685,59.17665,183537,"2026_04_28_0027","2026_04_28_0027_ev00316_rec2","no",414457
317,2,59.38835,371.873107641717,378.76106477524,6.8879571335234,0.250000000008299,3.80000000000535,3.94999999999612,362.971092261425,20.5644609437779,6.73786744081024,-110.042238192094,59.38665,59.3864,187767,"2026_04_28_0027","2026_04_28_0027_ev00317_rec2","no",414458
318,2,59.42115,360.642246370116,368.520489669743,7.87824329962666,0.0999999999962142,30.2000000000007,30.0000000000011,91334.2795233144,-90976.8808286403,456663.052247016,-5.16701017194457,59.42095,59.42085,188423,"2026_04_28_0027","2026_04_28_0027_ev00318_rec2","no",414459
319,2,59.50015,370.682413331724,376.072625230511,5.39021189878713,0.300000000002854,9.65000000000771,10.3500000000025,365.849601669332,18.6535117956444,10.3031152370018,40.2941606710433,59.50015,59.49985,190003,"2026_04_28_0027","2026_04_28_0027_ev00319_rec2","no",414460
320,2,59.73825,389.948709677488,395.479712103866,5.53100242637862,0.0500000000016598,1.24999999999886,1.55000000000172,276.424737576875,118.56965513244,61.4660846377241,-590.739207972276,59.73825,59.73815,194765,"2026_04_28_0027","2026_04_28_0027_ev00320_rec2","no",414461
321,2,60.13285,387.805726550874,411.376922607422,23.5711960565476,4.14999999999566,12.6500000000007,4.44999999999851,388.423483726536,21.5297786484672,4.53494525590961,281.406220935639,60.1266,60.1213,202657,"2026_04_28_0027","2026_04_28_0027_ev00321_rec2","no",414462
322,2,60.3691,379.028289794922,390.014617919922,10.986328125,0.299999999995748,1.74999999999415,0.0499999999945544,387.041193204988,2.97064112742593,1e-07,275.787353515625,60.3668,60.3665,207382,"2026_04_28_0027","2026_04_28_0027_ev00322_rec2","no",414463
323,2,60.53625,385.131805419922,396.728485107422,11.5966796875,0.550000000004047,6.50000000000261,7.05000000000666,-221576.906984848,221974.438059517,192630.28473114,-90.423583984375,60.53305,60.5325,210725,"2026_04_28_0027","2026_04_28_0027_ev00323_rec2","no",414464
324,2,60.58835,365.571491059803,432.128875732422,66.557384672619,4.3500000000023,46.4500000000001,30.0000000000011,403.813677369146,40.6398395513141,2.15357311762232,2245.57277134487,60.57385,60.56905,211767,"2026_04_28_0027","2026_04_28_0027_ev00324_rec2","no",414465
325,2,60.60825,404.604926699684,418.090789794922,13.4858630952381,1.04999999999222,3.15000000000509,4.15000000000276,401.024815976358,14.4564822590097,7.90235700412188,19.2013695126481,60.6073,60.6061,212165,"2026_04_28_0027","2026_04_28_0027_ev00325_rec2","no",414466
326,2,60.6371,393.066375732422,400.390594482422,7.32421875,0.149999999997874,0.349999999997408,0,20855.0079431162,-20458.2872719826,30320.3910111102,418.182373046875,60.6368,60.63665,212742,"2026_04_28_0027","2026_04_28_0027_ev00326_rec2","no",414467
327,2,60.65425,395.914683024089,416.870086669922,20.9554036458333,0.89999999999435,32.5500000000005,30.0000000000011,415.84868138212,6.58872360932806,1.01537435511229,673.243204752604,60.65165,60.65035,213085,"2026_04_28_0027","2026_04_28_0027_ev00327_rec2","no",414468
328,2,60.67775,408.38329351516,427.246063232422,18.8627697172619,0.199999999999534,9.10000000000366,7.5999999999965,400.616719765394,35.8192762082424,8.57081209639017,115.325201125373,60.67535,60.6749,213555,"2026_04_28_0027","2026_04_28_0027_ev00328_rec2","no",414469
329,2,60.7373,389.607716878255,402.221649169922,12.6139322916667,1.04999999999933,43.8499999999991,30.0000000000011,397.211779388311,11.1817663029203,4.83757690973944,465.596516927084,60.72275,60.7217,214746,"2026_04_28_0027","2026_04_28_0027_ev00329_rec2","no",414470
330,2,60.7728,388.881107875279,466.918914794922,78.0378069196428,2.65000000000271,28.7999999999968,30.0000000000011,-501491.771912301,501959.570359475,315479.921903423,1931.6885811942,60.7705,60.7678,215456,"2026_04_28_0027","2026_04_28_0027_ev00330_rec2","no",414471
331,2,60.8171,407.540427071708,537.7197265625,130.179299490792,4.6999999999997,22.0000000000056,25.3000000000014,433.732181624444,112.720801406532,15.4787424696902,2958.0298777989,60.81455,60.8095,216342,"2026_04_28_0027","2026_04_28_0027_ev00331_rec2","no",414472
332,2,60.87105,440.383154006231,527.9541015625,87.5709475562686,5.74999999999903,22.7999999999966,23.7499999999997,441.722695485267,92.0056686825742,21.8852738810518,2002.5013238816,60.8697,60.86365,217421,"2026_04_28_0027","2026_04_28_0027_ev00332_rec2","no",414473
333,2,60.9082,463.31493414016,469.360321044922,6.04538690476193,0.150000000004979,4.50000000000017,5.29999999999831,-17376.0623343665,17845.7470629416,22971.4865533757,-156.205676850818,60.90795,60.9077,218164,"2026_04_28_0027","2026_04_28_0027_ev00333_rec2","no",414474
334,2,60.9497,451.195095970517,499.267547607422,48.0724516369048,1.50000000000006,13.2499999999993,14.5499999999998,423.510198462022,83.2316952050268,24.0756995526791,694.036576116652,60.9484,60.94685,218994,"2026_04_28_0027","2026_04_28_0027_ev00334_rec2","no",414475
335,2,61.067,449.56749180385,457.763641357422,8.19614955357144,1.15000000000265,9.55000000000439,7.10000000000122,980736.414631815,-980317.37918944,206677.515679242,1225.66699164254,61.06595,61.0647,221340,"2026_04_28_0027","2026_04_28_0027_ev00335_rec2","no",414476
336,2,61.0894,439.743738083612,557.861328125,118.117590041388,5.5499999999995,24.1499999999988,24.9000000000024,419.315247171039,139.152542832929,32.1417319959616,2761.31676708403,61.0871,61.08145,221788,"2026_04_28_0027","2026_04_28_0027_ev00336_rec2","no",414477
337,2,61.16625,454.915334065755,522.4609375,67.5456034342448,4.75000000000136,15.2000000000001,12.5499999999974,462.381768342507,71.9730574642457,8.87556858176067,1235.57561747233,61.1626,61.15735,223325,"2026_04_28_0027","2026_04_28_0027_ev00337_rec2","no",414478
338,2,61.2453,435.616598946708,495.605438232422,59.9888392857143,3.64999999999327,34.9000000000004,30.0000000000011,471.856853164072,33.4880546626966,8.96401271797099,1674.73929421561,61.2426,61.2382,224906,"2026_04_28_0027","2026_04_28_0027_ev00338_rec2","no",414479
339,2,61.31025,466.512013753255,471.801727294922,5.28971354166669,0.149999999997874,1.04999999999933,0.800000000005241,446.943238851801,26.1522677094883,4.06356333470289,-479.843139648437,61.31025,61.3097,226205,"2026_04_28_0027","2026_04_28_0027_ev00339_rec2","no",414480
340,2,61.3306,452.299541655041,455.322235107422,3.02269345238096,0.450000000000728,2.49999999999773,1.69999999999959,440.137050921432,20.390864608631,3.9963632981563,-279.020036969866,61.3305,61.32915,226612,"2026_04_28_0027","2026_04_28_0027_ev00340_rec2","no",414481
341,2,61.37375,434.30870274135,539.55078125,105.24207850865,6.59999999999172,23.0499999999978,27.5999999999996,453.631234529687,89.0793632666095,18.23184398846,2363.03305489676,61.3727,61.366,227475,"2026_04_28_0027","2026_04_28_0027_ev00341_rec2","no",414482
342,2,61.4422,468.139617919922,473.022430419922,4.8828125,0.10000000000332,0.150000000004979,0,449.362493850116,16.7392670965738,18.5016719528174,-315.032958984375,61.4422,61.44165,228844,"2026_04_28_0027","2026_04_28_0027_ev00342_rec2","no",414483
343,2,61.51365,447.387664794922,458.373992919922,10.986328125,0.0500000000016598,25.9500000000017,25.4499999999993,-82625.2795618579,83086.7267521418,211682.602571513,305.48095703125,61.5094,61.50935,230273,"2026_04_28_0027","2026_04_28_0027_ev00343_rec2","no",414484
344,2,61.5677,430.908172607422,439.453094482422,8.544921875,0.349999999997408,30.8500000000009,30.0000000000011,436.649205674487,5.16578533024899,4.75603440921845,217.559814453125,61.56635,61.566,231354,"2026_04_28_0027","2026_04_28_0027_ev00344_rec2","no",414485
345,2,61.5933,429.077117919922,439.453094482422,10.3759765625,0.300000000002854,20.2500000000043,20.6999999999979,397.854877012992,46.6307286890636,72.6639944145023,240.264892578125,61.5912,61.5909,231866,"2026_04_28_0027","2026_04_28_0027_ev00345_rec2","no",414486
346,2,61.71535,425.415008544922,434.570281982422,9.1552734375,0.0500000000016598,5.85000000000235,7.44999999999862,406.732100368326,27.7823111439288,32.4608829040016,-11.16943359375,61.715,61.71495,234307,"2026_04_28_0027","2026_04_28_0027_ev00346_rec2","no",414487
347,2,61.80705,380.859344482422,389.404266357422,8.544921875,0.849999999999795,34.950000000002,30.0000000000011,391.47702515229,9.18988237768212,8.15345853860827,475.784301757812,61.80155,61.8007,236141,"2026_04_28_0027","2026_04_28_0027_ev00347_rec2","no",414488
348,2,61.9118,394.839301699684,403.442352294922,8.60305059523807,1.24999999999886,6.29999999999598,1.80000000000291,395.857030811954,4.68516381636113,2.35457249869374,57.9884847005201,61.90755,61.90625,238236,"2026_04_28_0027","2026_04_28_0027_ev00348_rec2","no",414489
349,2,61.9527,386.352508544922,393.676727294922,7.32421875,0.600000000005707,18.899999999995,18.3499999999981,390.125798594361,5.64070157402266,0.556350179394811,123.245239257812,61.9525,61.9519,239054,"2026_04_28_0027","2026_04_28_0027_ev00349_rec2","no",414490
350,2,62.05475,398.559539794922,405.883758544922,7.32421875,0.450000000000728,7.04999999999956,9.59999999999894,399.618597067524,7.39941930152271,6.39375419696054,82.183837890625,62.0547,62.05425,241095,"2026_04_28_0027","2026_04_28_0027_ev00350_rec2","no",414491
351,2,62.1171,390.014617919922,397.338836669922,7.32421875,0.149999999997874,6.79999999999836,8.64999999999583,390.823086259132,10.0002220608629,5.20307537406691,78.9642333984375,62.1171,62.11675,242342,"2026_04_28_0027","2026_04_28_0027_ev00351_rec2","no",414492
353,2,62.3779,388.183563232422,396.118133544922,7.9345703125,0.10000000000332,1.7999999999958,3.84999999999991,391.006899843265,6.76706098923202,0.93950400429206,94.7418212890625,62.3776,62.3775,247558,"2026_04_28_0027","2026_04_28_0027_ev00353_rec2","no",414494
354,2,62.7297,401.96006992885,413.818328857422,11.8582589285714,0.500000000002387,0.700000000001921,1.55000000000172,400.886440088985,7.63484916920397,4.60544304041219,4.96346609933086,62.7297,62.72915,254594,"2026_04_28_0027","2026_04_28_0027_ev00354_rec2","no",414495
355,2,62.9505,399.605856759208,408.935516357422,9.32965959821428,0.149999999997874,0.0999999999962142,0,393.508279657212,8.51712994812251,7.85336184200899,-117.235456194197,62.9505,62.9503,259010,"2026_04_28_0027","2026_04_28_0027_ev00355_rec2","no",414496
356,2,63.02045,400.158079601469,408.325164794922,8.16708519345241,0.349999999997408,0.149999999997874,0,391.926737149819,9.75835298758592,9.91574089356382,-154.158092680431,63.02045,63.0201,260409,"2026_04_28_0027","2026_04_28_0027_ev00356_rec2","no",414497
357,2,63.555,395.798425583612,398.559539794922,2.76111421130952,0.199999999999534,1.75000000000125,1.84999999999746,386.428694806733,12.1464441541928,11.8739376112722,-147.425333658854,63.555,63.5547,271100,"2026_04_28_0027","2026_04_28_0027_ev00357_rec2","no",414498
358,2,63.719,398.210767473493,405.273406982422,7.06263950892856,0.0500000000016598,0.0500000000016598,0,394.740991075239,5.66977572024589,1.03537989302491,-98.0159214564737,63.719,63.7189,274380,"2026_04_28_0027","2026_04_28_0027_ev00358_rec2","no",414499
359,2,63.7538,380.248992919922,388.793914794922,8.544921875,3.65000000000038,30.6500000000014,30.0000000000011,392.047978518636,8.03202896230115,4.59739786408906,576.385498046875,63.74585,63.7422,275076,"2026_04_28_0027","2026_04_28_0027_ev00359_rec2","no",414500
360,2,63.7946,394.606786818731,401.000946044922,6.39415922619048,0.10000000000332,0.399999999999068,0.799999999998136,391.824254300675,6.12065738069078,4.51350593099317,-54.3895903087796,63.7943,63.79415,275892,"2026_04_28_0027","2026_04_28_0027_ev00360_rec2","no",414501
361,2,64.1846,358.886688232422,387.573211669922,28.6865234375,0.299999999995748,33.1000000000046,30.0000000000011,380.759140424668,13.1681853050582,17.3587044757092,982.635498046875,64.1806,64.1803,283692,"2026_04_28_0027","2026_04_28_0027_ev00361_rec2","no",414502
362,2,64.38355,394.490529378255,399.169891357422,4.67936197916669,0.300000000009959,24.950000000004,16.6499999999985,-172103.465234647,172508.754398663,317159.309707031,177.642822265626,64.3739,64.37265,287671,"2026_04_28_0027","2026_04_28_0027_ev00362_rec2","no",414503
363,2,64.6059,398.356089274089,404.663055419922,6.30696614583331,0.10000000000332,22.4000000000046,20.4999999999984,80273.3433846891,-79882.6640329677,163715.660296824,-10.7269287109381,64.6059,64.60565,292118,"2026_04_28_0027","2026_04_28_0027_ev00363_rec2","no",414504
364,2,64.7154,382.690399169922,391.235321044922,8.544921875,0.899999999987244,25.7000000000005,29.6000000000021,379.448808848312,15.4766511153401,33.5452461352844,235.2294921875,64.71425,64.71335,294308,"2026_04_28_0027","2026_04_28_0027_ev00364_rec2","no",414505
365,2,64.78,390.305261521112,413.207977294922,22.9027157738095,6.60000000000593,10.8500000000049,6.05000000000189,395.013214196688,11.7147022062172,5.31581723533138,286.472865513393,64.77825,64.77135,295600,"2026_04_28_0027","2026_04_28_0027_ev00365_rec2","no",414506
366,2,64.8241,386.352508544922,391.845672607422,5.4931640625,1.04999999999222,0.450000000000728,0.0500000000016598,391.224134848879,0.619391773177967,1e-07,170.47119140625,64.82265,64.8216,296482,"2026_04_28_0027","2026_04_28_0027_ev00366_rec2","no",414507
367,2,64.85615,394.02549961635,397.338836669922,3.31333705357144,0.199999999992428,2.39999999999441,2.09999999999866,388.377340455458,9.48759652026403,6.53232168463731,-106.783185686383,64.85565,64.85545,297123,"2026_04_28_0027","2026_04_28_0027_ev00367_rec2","no",414508
368,2,65.05325,393.575317219495,396.520235013531,2.9449177940358,0.250000000008299,0.250000000008299,0,382.920064671491,11.7458219501645,16.0256282194643,-160.479647536447,65.05325,65.05295,301065,"2026_04_28_0027","2026_04_28_0027_ev00368_rec2","no",414509
369,2,65.08865,371.922386517913,380.638263478811,8.71587696089756,5.00000000000966,1.80000000000291,0,35679.5379379773,-35300.2000997864,188119.753867054,456.844538564946,65.0831,65.0781,301773,"2026_04_28_0027","2026_04_28_0027_ev00369_rec2","no",414510
370,2,65.118,384.969045062173,398.078052102274,13.1090070401006,0.299999999995748,0.0999999999891088,0.399999999999068,375.557662996035,14.6977646062206,12.8173408282208,-111.191288664046,65.118,65.11745,302360,"2026_04_28_0027","2026_04_28_0027_ev00370_rec2","no",414511
371,2,65.2128,389.359209609715,410.011917856441,20.6527082467266,1.00000000000477,5.25000000000375,5.94999999999857,393.304978473099,11.8167518086091,5.1037583566382,228.285298777548,65.20995,65.20845,304256,"2026_04_28_0027","2026_04_28_0027_ev00371_rec2","no",414512
372,2,65.24265,395.356228133633,398.695732110587,3.33950397695367,0,0,0,389.365373343233,7.11951505010096,6.45548254074069,-133.701672087212,65.24265,65.24255,304853,"2026_04_28_0027","2026_04_28_0027_ev00372_rec2","no",414513
373,2,65.2817,391.520548788243,401.038570039422,9.51802125117865,1.40000000000384,13.5499999999951,12.3499999999979,372.53492731914,30.2309685314714,41.8657095127603,127.471737290826,65.27845,65.2767,305634,"2026_04_28_0027","2026_04_28_0027_ev00373_rec2","no",414514
374,2,65.51645,388.50793864722,396.541674425083,8.03373577786328,0.200000000006639,1.39999999998963,1.39999999998963,346.628429963871,59.4906168063511,4.95647440302946,-961.220926178233,65.51645,65.51625,310329,"2026_04_28_0027","2026_04_28_0027_ev00374_rec2","no",414515
375,2,65.70875,368.255012247468,379.375916264343,11.1209040168746,7.60000000001071,21.2000000000074,9.45000000000107,370.663363566557,22.7051943533451,3.65558390730632,537.464086138829,65.69445,65.68685,314175,"2026_04_28_0027","2026_04_28_0027_ev00375_rec2","no",414516
376,2,65.7401,360.959244500387,371.068006038281,10.1087615378938,0.849999999999795,6.34999999999764,0,85012.11209541,-84647.0202679225,501573.141253953,227.632279083862,65.73885,65.738,314802,"2026_04_28_0027","2026_04_28_0027_ev00376_rec2","no",414517
377,2,65.87505,368.622328103335,384.950192216566,16.3278641132311,0.500000000002387,12.9500000000036,30.0000000000011,375.001762845527,14.47324794082,6.03929043941531,287.236551474147,65.87505,65.87455,317501,"2026_04_28_0027","2026_04_28_0027_ev00377_rec2","no",414518
378,2,65.93735,373.994910517452,385.565303387664,11.5703928702115,0.399999999984857,4.30000000000064,0,119689.113275648,-119308.537759371,878892.402384458,363.101100523187,65.9308,65.9304,318747,"2026_04_28_0027","2026_04_28_0027_ev00378_rec2","no",414519
379,2,66.1137,388.348043423116,391.727072850768,3.37902942765129,0.0999999999891088,30.2999999999969,30.0000000000011,128006.338387361,-127634.464543648,805220.493700975,-422.656895025194,66.1137,66.11335,322274,"2026_04_28_0027","2026_04_28_0027_ev00379_rec2","no",414520
380,2,66.18245,374.733714390018,385.071505776058,10.3377913860403,0.299999999995748,30.3499999999985,30.0000000000011,380.741527311896,11.2388097870901,3.93721279703836,231.212485891792,66.18225,66.18195,323649,"2026_04_28_0027","2026_04_28_0027_ev00380_rec2","no",414521
381,2,66.4278,379.471512735578,385.112974225526,5.64146148994757,0.0500000000016598,8.80000000000791,11.9499999999988,380.77963014197,7.67471915640102,5.23408945072244,82.8201270553541,66.42735,66.4273,328556,"2026_04_28_0027","2026_04_28_0027_ev00381_rec2","no",414522
382,2,66.5771,384.428307774121,389.746328820796,5.31802104667463,0.200000000006639,2.94999999999845,3.10000000000343,383.425657718034,9.47018101182488,2.67528768083546,-1.21682395746536,66.5768,66.5766,331542,"2026_04_28_0027","2026_04_28_0027_ev00382_rec2","no",414523
383,2,66.71515,393.409544201806,402.658991097656,9.2494468958509,0.0999999999891088,0.799999999998136,1.05000000000643,365.722344436121,34.2585189508132,11.1250614631256,-474.842636038868,66.71515,66.71495,334303,"2026_04_28_0027","2026_04_28_0027_ev00383_rec2","no",414524
384,2,66.7643,380.666007894195,394.869946981839,14.2039390876436,3.15000000000509,8.15000000000055,5.14999999998622,367.909305763203,27.3686916328467,12.3040325596931,-34.4259034646608,66.7633,66.75995,335286,"2026_04_28_0027","2026_04_28_0027_ev00384_rec2","no",414525
385,2,66.8005,379.235996398865,383.322751715897,4.08675531703187,0.0999999999891088,0.749999999996476,0.699999999994816,371.922211960698,13.8657038351468,1.59498405300757,-196.569169358594,66.8004,66.8003,336010,"2026_04_28_0027","2026_04_28_0027_ev00385_rec2","no",414526
386,2,66.85665,382.29255839114,385.287183006289,2.99462461514889,0.600000000005707,5.84999999999525,5.74999999999193,-2198.43476719285,2592.99605139226,1338.05567019286,-495.845421432439,66.85665,66.85605,337133,"2026_04_28_0027","2026_04_28_0027_ev00386_rec2","no",414527
387,2,66.97935,366.913874343992,373.73957625269,6.82570190869859,1.90000000000623,11.5999999999872,11.4499999999964,362.233864159105,19.4427162064491,11.5395366272102,94.9351537014755,66.97865,66.97675,339587,"2026_04_28_0027","2026_04_28_0027_ev00387_rec2","no",414528
388,2,67.04595,383.475934863737,390.409672514072,6.93373765033488,1.14999999999554,13.0999999999943,15.2000000000072,382.940875594805,14.7471866070022,9.73082270157893,148.421501301669,67.045,67.04385,340919,"2026_04_28_0027","2026_04_28_0027_ev00388_rec2","no",414529
389,2,67.12135,382.695488238348,390.339672101121,7.64418386277288,1.05000000000643,31.1999999999983,30.0000000000011,390.458182438854,6.26282284414103,2.27450100281999,283.527625788538,67.1196,67.11855,342427,"2026_04_28_0027","2026_04_28_0027_ev00389_rec2","no",414530
390,2,67.43205,384.117281273001,392.686046503722,8.56876523072191,0.300000000009959,16.3000000000011,20.3500000000076,378.478132288789,15.8660398121851,34.5518489152989,152.258873660031,67.432,67.4317,348641,"2026_04_28_0027","2026_04_28_0027_ev00390_rec2","no",414531
391,2,67.71875,390.448368839332,396.965449720319,6.5170808809861,0.250000000008299,0.299999999995748,0,149393.225017318,-148999.173586736,570358.600121973,231.25245722681,67.7184,67.71815,354375,"2026_04_28_0027","2026_04_28_0027_ev00391_rec2","no",414532
392,2,67.74735,402.950396883447,405.216786689622,2.26638980617417,0.0500000000016598,0.650000000007367,0.900000000001455,-159526.642720193,159931.048704792,227799.811720866,-272.017907869757,67.74735,67.74675,354947,"2026_04_28_0027","2026_04_28_0027_ev00392_rec2","no",414533
393,2,68.061,377.838620434356,387.996122787305,10.1575023529498,1.89999999999202,9.75000000001103,8.20000000000221,370.743887651451,28.0795221513054,8.61747390003586,57.5167615778018,68.06025,68.05835,361220,"2026_04_28_0027","2026_04_28_0027_ev00393_rec2","no",414534
394,2,68.11375,374.083699778138,379.618977354484,5.535277576346,0.249999999994088,1.59999999999627,1.50000000000716,370.870419555644,15.2770998502853,1.410165227407,-72.1708325329536,68.11365,68.1134,362275,"2026_04_28_0027","2026_04_28_0027_ev00394_rec2","no",414535
395,2,68.1801,390.917303084986,394.376624630478,3.45932154549251,0.149999999990769,30.0500000000028,29.1500000000013,49684.1412522326,-49296.3765858408,324032.162072712,-26.0204918229733,68.1801,68.17995,363602,"2026_04_28_0027","2026_04_28_0027_ev00395_rec2","no",414536
396,2,68.8487,388.412027052808,414.83358504673,26.4215579939218,2.40000000000862,18.0500000000023,26.8000000000086,395.053855907131,12.238914178315,19.6899287095798,484.651110449736,68.84515,68.84225,376974,"2026_04_28_0027","2026_04_28_0027_ev00396_rec2","no",414537
397,2,68.8677,388.584509534722,395.293513851069,6.70900431634624,1.35000000000218,13.450000000006,12.5000000000028,-121560.460771987,121964.412755798,118358.949659944,17.5108790644119,68.86715,68.8658,377354,"2026_04_28_0027","2026_04_28_0027_ev00397_rec2","no",414538
398,2,68.91095,388.586048556827,390.82835552596,2.24230696913321,0.349999999997408,2.89999999999679,3.00000000000011,384.089646435127,8.36853674944225,6.61069958738791,-78.5026699222781,68.91,68.9096,378219,"2026_04_28_0027","2026_04_28_0027_ev00398_rec2","no",414539
399,2,68.94695,388.585766952038,397.168763345505,8.58299639346671,0.10000000000332,2.74999999999181,3.09999999998922,-530836.904864843,531234.502050531,282085.963634564,-575.96574332406,68.94695,68.94655,378939,"2026_04_28_0027","2026_04_28_0027_ev00399_rec2","no",414540
400,2,69.02465,386.819646683768,393.335882704078,6.51623602031071,0.799999999998136,1.35000000000218,0,382.571043638453,4.54171274881946,4.03765870612312,-109.05363566894,69.02445,69.0232,380493,"2026_04_28_0027","2026_04_28_0027_ev00400_rec2","no",414541
401,2,69.81795,390.873779242779,397.460545130816,6.58676588803661,7.40000000000407,38.2499999999908,30.0000000000011,391.365068008591,9.95157298522755,24.1040416974998,281.028596662137,69.8165,69.8089,396359,"2026_04_28_0027","2026_04_28_0027_ev00401_rec2","no",414542
402,2,70.09895,397.581379959087,406.032403531099,8.4510235720121,1.64999999999793,1.85000000000457,1.44999999999129,394.454853002686,11.57737335519,2.34101319900665,-46.3336217396311,70.0963,70.0914,401979,"2026_04_28_0027","2026_04_28_0027_ev00402_rec2","no",414543
403,2,70.14895,398.18743520257,402.641084206834,4.4536490042633,0.10000000000332,0.200000000006639,0,390.23514585892,9.39523122920335,7.60787003629191,-167.323593514132,70.14895,70.14865,402979,"2026_04_28_0027","2026_04_28_0027_ev00403_rec2","no",414544
404,2,70.20385,379.375962602627,390.712845346706,11.3368827440793,8.60000000000127,45.7000000000107,30.0000000000011,390.48094292389,8.42591939733631,2.48277082851986,605.67230675715,70.19615,70.18755,404077,"2026_04_28_0027","2026_04_28_0027_ev00404_rec2","no",414545
405,2,70.2433,391.990694763457,400.116028569121,8.12533380566344,0.0999999999891088,2.89999999999679,3.25000000000841,198.766694293428,203.482450265982,89.8969282594411,-606.444139668811,70.2433,70.2432,404866,"2026_04_28_0027","2026_04_28_0027_ev00405_rec2","no",414546
406,2,70.39245,381.985844976828,386.418931727797,4.4330867509687,0.300000000009959,3.00000000000011,3.00000000000011,379.655603310115,10.2868167044061,3.15678322341499,-32.8888748807502,70.39215,70.39185,407849,"2026_04_28_0027","2026_04_28_0027_ev00406_rec2","no",414547
407,2,70.73515,375.797969881478,383.238146170269,7.44017628879146,0.599999999991496,7.80000000000314,8.50000000001216,366.975033487368,20.2973126852743,15.1795722259095,7.06506410324207,70.73515,70.73455,414703,"2026_04_28_0027","2026_04_28_0027_ev00407_rec2","no",414548
408,2,71.11645,384.180738349617,393.988041220211,9.80730287059453,1.49999999999295,32.2500000000048,30.0000000000011,392.761094652104,8.40658182531368,11.0864580519375,381.237702794766,71.11535,71.11385,422329,"2026_04_28_0027","2026_04_28_0027_ev00408_rec2","no",414549
409,2,71.3076,374.316617974802,378.105753156151,3.78913518134868,0.699999999994816,3.19999999999254,2.900000000011,355.005568207116,29.3400110830378,8.28300737482451,-340.500167029883,71.3076,71.3069,426152,"2026_04_28_0027","2026_04_28_0027_ev00409_rec2","no",414550
410,2,71.63785,382.72135331386,389.046073070817,6.32471975695756,0.200000000006639,25.0499999999931,30.0000000000011,385.634069947104,8.06897381197526,7.0828366876374,150.353819700583,71.6374,71.6372,432757,"2026_04_28_0027","2026_04_28_0027_ev00410_rec2","no",414551
411,2,71.8505,388.797978321172,393.327602058532,4.52962373736034,0.10000000000332,0.349999999997408,0.349999999997408,382.258789810369,9.56409818564857,2.45967813001393,-171.703228814449,71.8505,71.8502,437010,"2026_04_28_0027","2026_04_28_0027_ev00411_rec2","no",414552
412,2,71.9364,397.670902198039,400.465899404821,2.79499720678234,0,3.54999999998995,3.94999999998902,377.09483657109,25.4929480388202,23.8168868282131,-180.614259131089,71.9364,71.93605,438728,"2026_04_28_0027","2026_04_28_0027_ev00412_rec2","no",414553
413,2,71.97065,390.511814431535,396.338808407594,5.82699397605853,0.299999999995748,2.3000000000053,2.25000000000364,354.93393488163,48.4934687496522,9.05038615017943,-642.715044616564,71.97065,71.97035,439413,"2026_04_28_0027","2026_04_28_0027_ev00413_rec2","no",414554
414,2,72.19645,377.901905299551,385.278485183826,7.37657988427492,0.199999999992428,30.1999999999936,30.0000000000011,383.157951220763,5.94636893375199,4.56336067385983,187.370422823485,72.19645,72.19625,443929,"2026_04_28_0027","2026_04_28_0027_ev00414_rec2","no",414555
415,2,72.2588,392.09792648968,394.175701433766,2.07777494408623,0.399999999999068,3.95000000000323,3.70000000000914,281.306634368851,130.067411929315,24.1640567180556,-1087.65977514432,72.2588,72.25825,445176,"2026_04_28_0027","2026_04_28_0027_ev00415_rec2","no",414556
416,2,72.60215,392.074011317591,413.193620143203,21.1196088256118,0.650000000007367,1.90000000000623,3.55000000000416,384.627104507756,20.6818614688644,11.6581383858713,30.2868839959267,72.6002,72.59935,452043,"2026_04_28_0027","2026_04_28_0027_ev00416_rec2","no",414557
417,2,72.6905,397.288851433941,399.747219858182,2.45836842424103,0.10000000000332,0.10000000000332,0.500000000002387,388.895016736297,9.63459638454855,13.8816202430858,-133.491798695252,72.6905,72.69035,453810,"2026_04_28_0027","2026_04_28_0027_ev00417_rec2","no",414558
418,2,72.7373,395.148433368678,403.478232462828,8.32979909414991,0.299999999995748,0.249999999994088,0,391.714113344203,4.8254900648793,4.42624174111387,-80.1338749579334,72.73685,72.73655,454746,"2026_04_28_0027","2026_04_28_0027_ev00418_rec2","no",414559
419,2,72.7701,399.281236440341,413.849217166183,14.5679807258424,1.10000000000809,0.799999999998136,0,387.702400631979,13.5470139363745,28.8657066426915,-91.0013250165854,72.7701,72.7685,455402,"2026_04_28_0027","2026_04_28_0027_ev00419_rec2","no",414560
420,2,72.84525,384.983566122643,390.423512644867,5.43994652222437,0.399999999999068,6.10000000000355,6.30000000001019,211.624332797525,195.561825212081,58.0185331573842,-616.756122670049,72.84525,72.84485,456905,"2026_04_28_0027","2026_04_28_0027_ev00420_rec2","no",414561
421,2,72.90825,361.181622228116,363.28691091631,2.10528868819341,0.500000000002387,19.2000000000121,18.3000000000106,205291.870332754,-204941.328602801,328762.025804013,-38.1187827753223,72.90825,72.90775,458165,"2026_04_28_0027","2026_04_28_0027_ev00421_rec2","no",414562
422,2,73.01795,367.383250572422,378.584763502173,11.2015129297501,0.849999999999795,31.1999999999983,30.0000000000011,374.90839911375,11.391215131671,7.81149041541045,488.971039750934,73.0082,73.00735,460359,"2026_04_28_0027","2026_04_28_0027_ev00422_rec2","no",414563
423,2,73.09325,379.619094874625,386.774971438607,7.15587656398139,0.550000000004047,30.3499999999985,30.0000000000011,-16078.038930372,16465.5207308895,151862.238819865,193.700284974264,73.09315,73.0926,461865,"2026_04_28_0027","2026_04_28_0027_ev00423_rec2","no",414564
424,2,73.11655,386.000553363426,390.008559255482,4.00800589205551,0.0500000000016598,0.150000000004979,0.0999999999891088,-139700.010938,140087.543053676,244845.509305951,-210.749487056065,73.1165,73.11635,462331,"2026_04_28_0027","2026_04_28_0027_ev00424_rec2","no",414565
425,2,73.2393,373.109799283504,381.675198731292,8.56539944778854,0.900000000001455,32.1500000000015,30.0000000000011,381.117992209629,6.53335619646537,4.67938704840367,299.830944982009,73.23765,73.23675,464786,"2026_04_28_0027","2026_04_28_0027_ev00425_rec2","no",414566
426,2,73.3206,379.597697906548,381.791981396036,2.19428348948799,0.349999999997408,0.450000000000728,0.450000000000728,340.654247187713,52.0933753431464,1.73005981082137,-1077.43014395169,73.3206,73.32025,466412,"2026_04_28_0027","2026_04_28_0027_ev00426_rec2","no",414567
427,2,73.38935,371.545185467528,375.94925883732,4.40407336979121,0.10000000000332,1.05000000000643,1.30000000000052,364.958257708031,11.6913617520736,3.64201519589976,-154.692356344749,73.38935,73.38925,467787,"2026_04_28_0027","2026_04_28_0027_ev00427_rec2","no",414568
428,2,73.4147,356.407980179559,367.338614361912,10.9306341823532,0.450000000000728,0.349999999997408,0,58923.5983569158,-58558.7536259182,390320.814648797,326.703314954586,73.4147,73.41425,468294,"2026_04_28_0027","2026_04_28_0027_ev00428_rec2","no",414569
429,2,73.55595,393.156539010197,395.565251420985,2.40871241078725,0.450000000000728,5.44999999999618,5.15000000000043,-886804.585103759,887214.575085929,287007.239518654,-885.625133034354,73.55595,73.5555,471119,"2026_04_28_0027","2026_04_28_0027_ev00429_rec2","no",414570
430,2,73.6206,366.959502130085,370.406821863225,3.44731973314009,1.89999999999202,2.44999999999607,1.35000000000218,316.731636269386,63.7231471914532,6.37649305693897,-1104.53322104669,73.62045,73.61805,472412,"2026_04_28_0027","2026_04_28_0027_ev00430_rec2","no",414571
431,2,74.0015,385.615159722511,397.29868576764,11.6835260451285,2.44999999999607,6.95000000000334,3.70000000000914,380.217098604319,25.7311879907272,3.81572101757064,-5.4993238646869,73.9992,73.99645,480030,"2026_04_28_0027","2026_04_28_0027_ev00431_rec2","no",414572
432,2,74.13495,384.925072630887,392.223055696556,7.29798306566965,0.299999999995748,4.24999999999898,5.05000000001132,384.457502389525,12.2605932715421,3.71929259795094,35.6127421800176,74.13495,74.13465,482699,"2026_04_28_0027","2026_04_28_0027_ev00432_rec2","no",414573
433,2,74.1552,384.800862977748,389.744699897982,4.94383692023433,0.10000000000332,0.10000000000332,0,359.396518631931,26.9762022672178,48.2019117181037,-159.285224629805,74.15515,74.15505,483104,"2026_04_28_0027","2026_04_28_0027_ev00433_rec2","no",414574
434,2,74.33995,393.2983178863,398.952867124932,5.65454923863155,0.450000000000728,1.24999999999886,1.04999999999222,386.577852773858,11.4531730306732,4.0709745416076,-152.769657662418,74.33975,74.3393,486799,"2026_04_28_0027","2026_04_28_0027_ev00434_rec2","no",414575
435,2,74.4171,380.542892185988,386.053601465354,5.51070927936649,0.10000000000332,30.2999999999969,30.0000000000011,386.4667610151,6.30311779099849,2.73375228949408,199.4109229582,74.4167,74.4166,488342,"2026_04_28_0027","2026_04_28_0027_ev00435_rec2","no",414576
436,2,74.6526,380.913446459687,393.792964498884,12.8795180391972,0.399999999999068,32.0999999999998,30.0000000000011,392.449967036662,8.20769486771119,6.3896530144535,637.722130156373,74.6396,74.6392,493052,"2026_04_28_0027","2026_04_28_0027_ev00436_rec2","no",414577
437,3,75.51735,375.990066035261,380.309089786543,4.31902375128175,0.299999999995748,3.60000000000582,3.55000000000416,369.160966861953,23.0041526084787,3.53661548272987,-119.914011131309,75.51735,75.51705,10347,"2026_04_28_0027","2026_04_28_0027_ev00437_rec3","no",414578
438,3,75.6234,366.31728653,373.720146002138,7.40285947213857,0.599999999991496,30.6500000000085,30.0000000000011,370.735802981803,5.36914909410869,3.45520121809116,158.669044037019,75.6231,75.6225,12468,"2026_04_28_0027","2026_04_28_0027_ev00438_rec3","no",414579
439,3,76.37855,389.410505588365,396.839865316711,7.42935972834584,0.399999999999068,21.2000000000074,30.0000000000011,392.803805165135,7.43660517906286,6.6472464939228,181.672979239689,76.37555,76.37515,27571,"2026_04_28_0027","2026_04_28_0027_ev00439_rec3","no",414580
440,3,76.8041,384.499726205703,392.553601286433,8.05387508072965,0.10000000000332,6.45000000000095,30.0000000000011,388.143885709384,6.72320045231644,2.15131136563187,128.668875451037,76.8037,76.8036,36082,"2026_04_28_0027","2026_04_28_0027_ev00440_rec3","no",414581
441,3,77.139,396.382739013498,399.444278457692,3.06153944419367,0.249999999994088,30.2499999999952,30.0000000000011,42863.9693994317,-42472.6214845975,490939.77873736,-112.336055236004,77.139,77.1386,42780,"2026_04_28_0027","2026_04_28_0027_ev00441_rec3","no",414582
442,3,78.00525,387.407853274844,393.523786290989,6.11593301614505,0.10000000000332,3.29999999999586,4.24999999999898,388.042505808184,7.86643011029865,2.69673245414878,41.1148228228961,78.00525,78.00515,60105,"2026_04_28_0027","2026_04_28_0027_ev00442_rec3","no",414583
443,3,79.2953,375.058248134703,385.258221243797,10.1999731090938,1.1999999999972,0.799999999998136,0,166905.443835249,-166523.089511373,434568.017800408,408.001377267449,79.2953,79.2941,85906,"2026_04_28_0027","2026_04_28_0027_ev00443_rec3","no",414584
444,3,79.67665,387.569089120332,391.780687130324,4.21159800999209,0.299999999995748,9.15000000000532,10.4000000000042,384.689939712154,11.4397587579761,10.9706756388455,33.9227935576515,79.67665,79.67635,93533,"2026_04_28_0027","2026_04_28_0027_ev00444_rec3","no",414585
445,3,79.7858,392.59022090537,394.877652593788,2.28743168841783,0,1.20000000001141,1.4500000000055,388.032306144481,7.37426070491109,4.66450558633519,-101.841459359208,79.7858,79.78565,95716,"2026_04_28_0027","2026_04_28_0027_ev00445_rec3","no",414586
446,3,79.86525,378.169738747417,384.454089890062,6.28435114264551,0.849999999999795,4.75000000000136,4.39999999998975,324.490171262516,77.2952196200956,13.7306532616952,-656.716204285354,79.86495,79.8641,97305,"2026_04_28_0027","2026_04_28_0027_ev00446_rec3","no",414587
447,3,79.921,356.287440962807,383.335856378511,27.0484154157037,2.44999999999607,28.3000000000015,0,33385.192307634,-33017.7701574614,363651.337915984,455.395338943578,79.91895,79.91585,98420,"2026_04_28_0027","2026_04_28_0027_ev00447_rec3","no",414588
448,3,80.0471,379.971874941535,394.18192770915,14.2100527676147,0.10000000000332,30.7499999999976,30.0000000000011,18773.7284548912,-18397.773594848,103465.972384905,-38.4965421286728,80.0471,80.0463,100942,"2026_04_28_0027","2026_04_28_0027_ev00448_rec3","no",414589
449,3,80.09275,390.65800649267,395.47183037638,4.8138238837098,0.0999999999891088,0,0,385.175081203726,6.43040181464509,1.75389827529716,-152.943629668553,80.09275,80.09265,101855,"2026_04_28_0027","2026_04_28_0027_ev00449_rec3","no",414590
450,3,80.1781,377.815981542298,385.722545649355,7.90656410705753,0.450000000000728,10.5999999999966,14.7000000000048,379.684331839259,9.92005978299641,6.55948241414621,126.504440751761,80.1779,80.17745,103562,"2026_04_28_0027","2026_04_28_0027_ev00450_rec3","no",414591
451,3,80.2121,381.604271468272,389.413115259938,7.80884379166542,0.0500000000016598,0.10000000000332,0,377.189710894702,5.69070706228298,2.23365474822654,-119.76775058324,80.2121,80.21195,104242,"2026_04_28_0027","2026_04_28_0027_ev00451_rec3","no",414592
452,3,80.39455,373.87695755343,381.019827863929,7.14287031049992,0.349999999997408,3.05000000000177,3.05000000000177,373.115508462779,13.6239482974887,2.20821491196065,13.5288183818202,80.3942,80.39385,107891,"2026_04_28_0027","2026_04_28_0027_ev00452_rec3","no",414593
453,3,80.59575,376.210435639317,383.232071739279,7.02163609996285,1.4500000000055,1.49999999999295,0,383.306558396413,-0.0757247182895305,1e-07,234.025060403201,80.5954,80.59395,111915,"2026_04_28_0027","2026_04_28_0027_ev00453_rec3","no",414594
454,3,80.7675,395.814275860846,410.089250255074,14.2749743942284,0.450000000000728,0.799999999998136,0.699999999994816,345.272524933276,56.401082177783,69.6461267671703,-136.72717998481,80.76705,80.7666,115350,"2026_04_28_0027","2026_04_28_0027_ev00454_rec3","no",414595
455,3,81.01345,384.441720341518,390.53018278435,6.08846244283211,0.150000000004979,5.20000000000209,29.9999999999869,386.877773031717,7.17864845901879,2.08445586838526,89.1356759376924,81.01345,81.0133,120269,"2026_04_28_0027","2026_04_28_0027_ev00455_rec3","no",414596
456,3,81.77445,392.091900069963,408.757396247155,16.6654961771915,1.90000000000623,11.1500000000007,11.9499999999988,391.069720919736,20.2230433680136,11.5597058441574,232.52446013085,81.7727,81.7708,135489,"2026_04_28_0027","2026_04_28_0027_ev00456_rec3","no",414597
457,3,81.9223,390.668095169443,394.865006660744,4.19691149130114,0.249999999994088,0.049999999987449,0,386.127487307978,4.54943141344887,3.65287437188742,-118.67843890415,81.9223,81.92205,138446,"2026_04_28_0027","2026_04_28_0027_ev00457_rec3","no",414598
458,3,81.9833,391.705267865369,398.441291889417,6.73602402404759,0.200000000006639,0.10000000000332,0,386.713051533246,6.18748699050113,3.10025365285124,-130.516120479681,81.9833,81.9831,139666,"2026_04_28_0027","2026_04_28_0027_ev00458_rec3","no",414599
459,3,82.1187,374.997030515047,384.096435810136,9.0994052950893,0.200000000006639,30.1000000000045,30.0000000000011,382.840526987592,2.00542206184709,1.45896966769886,242.115079818214,82.1186,82.1184,142374,"2026_04_28_0027","2026_04_28_0027_ev00459_rec3","no",414600
460,3,82.3731,394.962352561635,401.571851441296,6.60949887966046,0.300000000009959,0.199999999992428,0.600000000005707,388.322329478481,9.76834666116916,8.31428981856927,-119.061640292757,82.373,82.37265,147462,"2026_04_28_0027","2026_04_28_0027_ev00460_rec3","no",414601
461,3,82.64,384.567076852497,389.438241416571,4.87116456407364,0.249999999994088,7.30000000000075,8.44999999999629,371.166991425966,20.2578526894842,29.4857963327448,-18.3930489009898,82.63995,82.6397,152800,"2026_04_28_0027","2026_04_28_0027_ev00461_rec3","no",414602
462,3,83.94195,378.842459721079,384.946182620418,6.10372289933855,0.500000000002387,2.09999999999866,2.049999999997,366.520006060009,23.1690516097872,4.39748345481408,-263.290354792819,83.94195,83.94145,178839,"2026_04_28_0027","2026_04_28_0027_ev00462_rec3","no",414603
463,3,84.50415,378.75229125005,383.628670441501,4.87637919145101,0.10000000000332,7.80000000000314,8.40000000000884,-142845.33947373,143233.468962614,158823.016527703,-123.870739771187,84.50415,84.50405,190083,"2026_04_28_0027","2026_04_28_0027_ev00463_rec3","no",414604
464,3,85.50515,383.300750732422,388.183563232422,4.8828125,0.10000000000332,30.5500000000052,30.0000000000011,388.420118288486,5.0959597346022,4.7690439385554,184.768676757812,85.5046,85.5045,210103,"2026_04_28_0027","2026_04_28_0027_ev00464_rec3","no",414605
465,3,85.555,394.170821416946,403.442352294922,9.2715308779762,2.09999999999866,1.00000000000477,1.40000000000384,383.755723268223,16.9402566534334,6.98583795512906,-190.527779715401,85.5548,85.55235,211100,"2026_04_28_0027","2026_04_28_0027_ev00465_rec3","no",414606
466,3,85.60455,394.02549961635,406.494110107422,12.4686104910714,0.0500000000016598,0.300000000009959,0,390.139715081383,7.52094385706622,3.17189873916552,-91.8797084263388,85.60435,85.6041,212091,"2026_04_28_0027","2026_04_28_0027_ev00466_rec3","no",414607
467,3,85.7285,380.975601922898,392.456024169922,11.4804222470238,1.09999999999388,1.75000000000125,0.299999999995748,375.670139140739,13.5611846640252,0.871976907874109,-132.957095191593,85.7267,85.7256,214570,"2026_04_28_0027","2026_04_28_0027_ev00467_rec3","no",414608
468,3,85.77015,379.609576997303,383.911102294922,4.30152529761904,0.199999999992428,19.7000000000003,18.2499999999948,130873.360887884,-130500.185478569,296429.539989853,5.61160132998478,85.77,85.7698,215403,"2026_04_28_0027","2026_04_28_0027_ev00468_rec3","no",414609
469,3,85.8011,384.056424095517,394.897430419922,10.8410063244048,0.950000000003115,6.24999999999432,3.29999999999586,370.488609260689,23.3498688677751,11.548428940827,-129.42141578311,85.7977,85.79645,216022,"2026_04_28_0027","2026_04_28_0027_ev00469_rec3","no",414610
470,3,86.01485,371.239041283017,374.755828857422,3.51678757440476,0.0999999999891088,0,0,371.360127476061,0.562533218896821,1.93739553618701,5.24248395647312,86.01485,86.01475,220297,"2026_04_28_0027","2026_04_28_0027_ev00470_rec3","no",414611
471,3,86.0538,378.272616431827,405.883758544922,27.6111421130952,1.54999999999461,12.1000000000038,15.3000000000105,352.353746300647,44.814481699688,71.0963687117799,386.749267578125,86.0517,86.04965,221076,"2026_04_28_0027","2026_04_28_0027_ev00471_rec3","no",414612
472,3,86.5314,383.417008172898,396.728485107422,13.3114769345238,0.0500000000016598,0.200000000006639,0,379.692077634262,3.47036358703317,2.43484018396427,-102.997552780878,86.5314,86.53105,230628,"2026_04_28_0027","2026_04_28_0027_ev00472_rec3","no",414613
473,3,87.5263,393.41514805385,399.169891357422,5.75474330357144,0.300000000009959,1.30000000000052,2.049999999997,388.093630505833,9.28916025292156,9.24595299149186,-76.0999407087049,87.5263,87.5259,250526,"2026_04_28_0027","2026_04_28_0027_ev00473_rec3","no",414614
474,3,87.66675,377.197235107422,387.573211669922,10.3759765625,0.249999999994088,41.6999999999916,30.0000000000011,390.284126892409,4.32804108382859,2.36962629998794,592.803955078125,87.65525,87.655,253335,"2026_04_28_0027","2026_04_28_0027_ev00474_rec3","no",414615
475,3,87.82165,384.521453857422,393.066375732422,8.544921875,0.149999999990769,16.4999999999935,20.9500000000133,384.944055672261,12.8670375720706,13.5366253527941,169.43359375,87.82165,87.8215,256433,"2026_04_28_0027","2026_04_28_0027_ev00475_rec3","no",414616
476,3,88.015,389.317073277065,407.104461669922,17.7873883928572,2.65000000000271,39.1000000000048,30.0000000000011,398.511663060043,12.0955181447956,6.75589997522339,526.689801897322,88.00645,88.0026,260300,"2026_04_28_0027","2026_04_28_0027_ev00476_rec3","no",414617
477,3,88.0441,390.624969482422,397.338836669922,6.7138671875,0.10000000000332,2.59999999998684,2.49999999999773,366.630122061231,42.4883998129613,5.26247071307558,-492.446899414062,88.0437,88.0436,260882,"2026_04_28_0027","2026_04_28_0027_ev00477_rec3","no",414618
478,3,88.2813,387.573211669922,390.624969482422,3.0517578125,0.200000000006639,0.200000000006639,0.10000000000332,381.6513174943,7.61593638381902,1.32188477399135,-166.748046875,88.28125,88.28105,265626,"2026_04_28_0027","2026_04_28_0027_ev00478_rec3","no",414619
479,3,88.36475,386.991924467541,391.845672607422,4.85374813988096,0.399999999999068,1.4500000000055,1.84999999999036,370.383443164824,20.5810320944967,16.4140336842888,-213.620867047991,88.36475,88.36435,267295,"2026_04_28_0027","2026_04_28_0027_ev00479_rec3","no",414620
480,3,88.4929,384.288938976469,392.456024169922,8.16708519345241,0.10000000000332,0.0500000000016598,0,378.561342995957,7.45538030967791,7.37371204860953,-117.610386439731,88.4929,88.4928,269858,"2026_04_28_0027","2026_04_28_0027_ev00480_rec3","no",414621
481,3,88.5409,389.433330717541,393.676727294922,4.24339657738096,0.950000000003115,2.049999999997,0.10000000000332,386.701475415836,4.55071376571621,1.3789446799994,-70.3771682012645,88.53765,88.5361,270818,"2026_04_28_0027","2026_04_28_0027_ev00481_rec3","no",414622
482,3,88.673,395.217138381231,405.883758544922,10.6666201636905,0.250000000008299,0.349999999997408,0,388.994951800345,9.7187508841063,7.12012682179042,-117.409115745908,88.673,88.6725,273460,"2026_04_28_0027","2026_04_28_0027_ev00482_rec3","no",414623
483,3,88.7453,380.248992919922,386.352508544922,6.103515625,0.10000000000332,30.5000000000035,30.0000000000011,387.504767622211,2.49160528123252,2.7169460476498,229.888916015625,88.7448,88.7447,274906,"2026_04_28_0027","2026_04_28_0027_ev00483_rec3","no",414624
484,3,88.87605,392.049123128255,399.169891357422,7.12076822916669,0.450000000000728,0.200000000006639,0,380.423317243578,13.0101186542624,14.8348640447846,-180.521647135416,88.87605,88.8756,277521,"2026_04_28_0027","2026_04_28_0027_ev00484_rec3","no",414625
485,3,89.36255,391.758479527065,397.338836669922,5.58035714285717,0.0500000000016598,2.75000000000603,4.40000000000396,357.657391519303,38.0965829448155,84.3451441692307,-60.9610421316957,89.36255,89.36245,287251,"2026_04_28_0027","2026_04_28_0027_ev00485_rec3","no",414626
486,3,89.38475,375.976531982422,382.080047607422,6.103515625,0.10000000000332,0.900000000001455,0.0500000000016598,381.629403598445,0.451306104274039,1e-07,195.4345703125,89.3822,89.3821,287695,"2026_04_28_0027","2026_04_28_0027_ev00486_rec3","no",414627
487,3,89.47025,389.694909958612,394.897430419922,5.20252046130952,0,0.10000000000332,0.300000000009959,380.819334203488,11.7243553091661,3.48534492125757,-225.156511579241,89.4702,89.47015,289405,"2026_04_28_0027","2026_04_28_0027_ev00487_rec3","no",414628
488,3,89.9773,380.859344482422,391.235321044922,10.3759765625,0.10000000000332,32.4499999999972,30.0000000000011,389.455064756308,2.5463775754901,2.78551306465972,299.713272106927,89.97475,89.97465,299546,"2026_04_28_0027","2026_04_28_0027_ev00488_rec3","no",414629
489,3,90.12475,391.748488895493,397.620943151892,5.8724542563985,0.0999999999891088,0.250000000008299,1.25000000001307,385.343636206755,9.53454066778975,11.7233811615485,-89.2723205892188,90.12475,90.12465,302495,"2026_04_28_0027","2026_04_28_0027_ev00489_rec3","no",414630
490,3,90.3424,386.460591426182,391.356246327129,4.89565490094708,0.10000000000332,30.1000000000045,30.0000000000011,10729.3587965458,-10346.0688092434,296278.418109116,-79.1958686673672,90.3424,90.3423,306848,"2026_04_28_0027","2026_04_28_0027_ev00490_rec3","no",414631
491,3,90.6736,369.515824132963,377.468544270832,7.95272013786922,1.1999999999972,31.1999999999983,30.0000000000011,381.920730489577,4.5875012680603,3.24109672568088,406.978967415832,90.6736,90.6724,313472,"2026_04_28_0027","2026_04_28_0027_ev00491_rec3","no",414632
492,3,90.74005,376.87728982029,383.531981827012,6.65469200672203,0.149999999990769,0.150000000004979,0,384.186336494593,-0.831340263083662,13.1349363297604,212.748248178875,90.7399,90.73975,314801,"2026_04_28_0027","2026_04_28_0027_ev00492_rec3","no",414633
493,3,90.8282,366.095617106389,379.082256804023,12.9866396976339,9.34999999999775,20.3499999999934,13.850000000005,-385805.14587947,386192.747545971,319808.105033368,258.414519485168,90.828,90.81865,316564,"2026_04_28_0027","2026_04_28_0027_ev00493_rec3","no",414634
494,3,91.1484,384.198648481906,391.607312837278,7.40866435537208,0.250000000008299,30.2999999999969,30.0000000000011,390.013166447602,6.92333873011203,4.43667844818339,217.367901850713,91.14765,91.1474,322968,"2026_04_28_0027","2026_04_28_0027_ev00494_rec3","no",414635
495,3,91.28505,378.993525222155,384.945147520547,5.95162229839298,3.60000000000582,33.600000000007,30.0000000000011,389.013627005494,5.71748344366329,3.73505813988348,370.050757095332,91.28505,91.28145,325701,"2026_04_28_0027","2026_04_28_0027_ev00495_rec3","no",414636
496,3,91.54245,393.620581167,396.412511335876,2.79193016887649,0.049999999987449,1.64999999999793,1.75000000000125,375.788377219948,20.006438245337,30.0613322897187,-153.939670139526,91.5422,91.54195,330849,"2026_04_28_0027","2026_04_28_0027_ev00496_rec3","no",414637
497,3,91.73855,383.48322675479,389.522188639243,6.03896188445316,0.300000000009959,10.4000000000042,13.300000000001,383.887081095217,8.58076719278141,8.60933386706708,86.3319084414047,91.73855,91.73825,334771,"2026_04_28_0027","2026_04_28_0027_ev00497_rec3","no",414638
498,3,92.06295,388.579503445773,393.628248302653,5.04874485687964,0.0500000000016598,0.200000000006639,0,383.804331946258,6.29929353029609,2.12140476213479,-129.848297439302,92.06295,92.06275,341259,"2026_04_28_0027","2026_04_28_0027_ev00498_rec3","no",414639
499,3,92.28605,383.315959247132,387.638072017972,4.32211277084082,0.200000000006639,7.69999999999982,19.449999999992,384.892642537158,4.4794438736865,3.67300392663956,65.0909581499296,92.28605,92.28585,345721,"2026_04_28_0027","2026_04_28_0027_ev00499_rec3","no",414640
500,3,92.4549,378.574737326443,387.088763741689,8.51402641524606,0.299999999995748,22.750000000002,27.2500000000093,363.029115102642,25.9361480677268,83.2078156043272,190.879363339426,92.4549,92.4546,349098,"2026_04_28_0027","2026_04_28_0027_ev00500_rec3","no",414641
501,3,92.71035,378.99790979367,395.593998566883,16.5960887732127,7.20000000001164,38.0999999999858,30.0000000000011,389.09233864532,8.55743824935585,10.7160484523223,541.279466299575,92.70735,92.70015,354207,"2026_04_28_0027","2026_04_28_0027_ev00501_rec3","no",414642
502,3,92.8264,399.947484077307,409.037370211675,9.08988613436793,0.149999999990769,0.0999999999891088,0,-18258.9238106618,18659.2873786638,43458.6698657091,-180.998732490365,92.8264,92.82615,356528,"2026_04_28_0027","2026_04_28_0027_ev00502_rec3","no",414643
503,3,93.08685,386.34891069485,390.528936634977,4.18002594012682,0.199999999992428,3.39999999999918,3.55000000000416,-17889.7430956549,18286.6868878714,7178.58874911176,-825.996635007799,93.08685,93.08665,361737,"2026_04_28_0027","2026_04_28_0027_ev00503_rec3","no",414644
504,3,93.14545,356.286029242517,362.394564224048,6.10853498153091,0.10000000000332,24.0000000000009,21.6000000000065,183185.215860392,-182838.861570392,323615.735217561,-37.9247808342795,93.14425,93.1438,362909,"2026_04_28_0027","2026_04_28_0027_ev00504_rec3","no",414645
505,3,93.2333,369.46003961308,374.924167834097,5.46412822101695,0.150000000004979,5.49999999999784,5.5499999999995,-28656.4989593928,29040.4230868439,12991.1617576987,-568.013367540527,93.23305,93.2329,364666,"2026_04_28_0027","2026_04_28_0027_ev00505_rec3","no",414646
506,3,93.40415,380.254143845447,386.549912340245,6.29576849479821,0.0500000000016598,0.399999999999068,0.499999999988177,369.480842438898,15.7680156438013,2.83232301379821,-277.942695878207,93.40405,93.404,368083,"2026_04_28_0027","2026_04_28_0027_ev00506_rec3","no",414647
507,3,94.0806,384.917321994483,389.788335104571,4.87101311008769,0.0999999999891088,3.59999999999161,4.45000000000562,383.905241113717,7.67021981258873,4.43529605496605,3.70302104437871,94.0806,94.0805,381612,"2026_04_28_0027","2026_04_28_0027_ev00507_rec3","no",414648
508,3,95.0633,379.682605504764,386.328692486669,6.6460869819046,0.300000000009959,12.2000000000071,17.2999999999917,381.470332163773,8.66419636791732,6.77079146643626,116.860704156019,95.063,95.0627,401266,"2026_04_28_0027","2026_04_28_0027_ev00508_rec3","no",414649
509,3,95.1899,389.144773778117,394.962129701616,5.81735592349906,0,0.0500000000016598,0,384.297687400492,6.82573635355686,2.37037164483794,-129.003403208525,95.18985,95.1898,403798,"2026_04_28_0027","2026_04_28_0027_ev00509_rec3","no",414650
510,3,95.5282,378.453050930281,383.031167747571,4.57811681728941,0.10000000000332,0.0500000000016598,0,371.498398250805,8.42815267398343,1.89200561554911,-192.637360794611,95.5282,95.5281,410564,"2026_04_28_0027","2026_04_28_0027_ev00510_rec3","no",414651
511,3,95.76605,381.379837915017,387.506870861682,6.12703294666494,0.249999999994088,1.64999999999793,1.4500000000055,359.4455128575,37.7630922275539,3.30129742731327,-524.866062395615,95.76515,95.7649,415321,"2026_04_28_0027","2026_04_28_0027_ev00511_rec3","no",414652
512,3,96.1047,387.089051445149,390.465651623044,3.37660017789506,0.199999999992428,0.299999999995748,0,376.990557061083,10.4034581487839,16.6181851483748,-157.745889272498,96.1046,96.1043,422094,"2026_04_28_0027","2026_04_28_0027_ev00512_rec3","no",414653
513,3,96.21705,393.447724018651,397.059362042066,3.6116380234152,1.95000000000789,0.0500000000016598,0,386.058946167221,8.4745772654574,14.7841883555871,-109.102511410244,96.21705,96.2151,424341,"2026_04_28_0027","2026_04_28_0027_ev00513_rec3","no",414654
514,3,96.308,385.474722126808,389.78742442296,4.31270229615211,0.299999999995748,10.2499999999992,11.8999999999971,384.489608350504,8.62132199767468,9.85628480152365,57.1070050033924,96.3076,96.3073,426160,"2026_04_28_0027","2026_04_28_0027_ev00514_rec3","no",414655
515,3,96.85965,387.402814130134,392.824736704636,5.42192257450165,0.10000000000332,1.40000000000384,2.09999999999866,381.670964089094,9.90771484778831,8.42380002082861,-90.5594441758679,96.85965,96.85955,437193,"2026_04_28_0027","2026_04_28_0027_ev00515_rec3","no",414656
516,3,97.2308,399.564331841627,416.010277596477,16.4459457548493,1.64999999999793,3.34999999999752,3.89999999998736,393.345934795916,15.7586943047217,15.7957584337275,43.9573347956111,97.23015,97.2275,444616,"2026_04_28_0027","2026_04_28_0027_ev00516_rec3","no",414657
517,3,97.8575,384.1954832033,390.760822777966,6.56533957466615,0.0500000000016598,30.3000000000111,30.0000000000011,59993.7666329683,-59622.8131220136,519131.922067759,-345.134695930205,97.85735,97.85715,457150,"2026_04_28_0027","2026_04_28_0027_ev00517_rec3","no",414658
518,3,97.9667,383.077391087789,386.38588141444,3.308490326651,0.150000000004979,1.40000000000384,1.44999999999129,376.735833269978,11.1579115613134,3.73543087825543,-148.108308689874,97.9667,97.9665,459334,"2026_04_28_0027","2026_04_28_0027_ev00518_rec3","no",414659
519,3,98.0694,391.70883373854,396.554004550092,4.84517081155201,0.700000000009027,4.6999999999997,4.59999999999638,388.483811674291,9.08352640767623,7.72292178027677,-17.1174087660901,98.06725,98.0663,461388,"2026_04_28_0027","2026_04_28_0027_ev00519_rec3","no",414660
520,3,98.115,396.661939462261,399.557405540795,2.89546607853379,0.0500000000016598,2.00000000000955,2.65000000000271,379.436698835522,19.7039597690113,35.793581102069,-116.278064672548,98.115,98.11485,462300,"2026_04_28_0027","2026_04_28_0027_ev00520_rec3","no",414661
521,3,98.21835,389.328735736491,391.45197455569,2.12323881919866,0.200000000006639,0.149999999990769,0.249999999994088,384.725800891518,5.99678290002788,2.48540583684463,-122.486012580993,98.21835,98.21815,464367,"2026_04_28_0027","2026_04_28_0027_ev00521_rec3","no",414662
522,3,98.4103,383.734546426457,391.080293512637,7.34574708618084,0.399999999999068,30.2999999999969,30.0000000000011,391.640168463808,5.20025503503528,5.95541139557377,277.188643838594,98.40995,98.40955,468206,"2026_04_28_0027","2026_04_28_0027_ev00522_rec3","no",414663
523,3,98.91715,387.993907385685,391.603559853215,3.60965246753028,0.200000000006639,0.200000000006639,0,381.867279527584,6.92069355880957,5.65956722991142,-144.304246140425,98.91705,98.91685,478343,"2026_04_28_0027","2026_04_28_0027_ev00523_rec3","no",414664
524,3,99.3401,395.180316996454,397.733684543438,2.55336754698453,0.149999999990769,0.850000000014006,1.15000000000975,389.925052171239,7.64507759600685,5.39313406495202,-116.124649762086,99.3401,99.33995,486802,"2026_04_28_0027","2026_04_28_0027_ev00524_rec3","no",414665
