"Event.Number","Record","Event.Time..s.","Baseline..pA.","Peak..pA.","Amplitude..pA.","Rise.Time..ms.","Half.Width..ms.","Decay.Time..ms.","Decay.Fit.b0","Decay.Fit.b1","Decay.Fit.Tau..ms.","AUC..pA.ms.","rise_max_time","baseline_time","event_index","file_prefix","event_id","noise","event_entry_number"
1,0,0.046639999332428,686.093896734079,718.524926999902,32.4310302658233,2.16,3.36,4.66,683.158937676827,27.0714372986461,7.84191290769588,171.073315450766,0.046129999332428,0.043789999332428,4664,"2026_06_04_0054","2026_06_04_0054_ev00001_rec0","no",476692
2,0,0.221299999332428,682.031862076945,690.22252339728,8.19066132033504,0.0799999999999967,30.52,30,689.890252296227,7.26146133625871,5.80559643574983,287.626272937522,0.220579999332428,0.220499999332428,22130,"2026_06_04_0054","2026_06_04_0054_ev00002_rec0","no",476693
3,0,0.306379999332428,700.604933735781,706.796082436366,6.19114870058513,0.00999999999995449,0.219999999999998,0,664.972136978865,34.0188886324035,30.796461725139,-416.174258870365,0.306119999332428,0.306019999332428,30638,"2026_06_04_0054","2026_06_04_0054_ev00003_rec0","no",476694
4,0,0.373359999332428,685.803078899066,708.178406075516,22.3753271764498,0.54000000000004,6.16,6.70999999999999,622.117730323933,79.6837306138495,65.8324697614322,41.8363398628712,0.372279999332428,0.370299999332428,37336,"2026_06_04_0054","2026_06_04_0054_ev00004_rec0","no",476695
5,0,0.451989999332428,703.069418352756,706.29226831073,3.22284995797372,0,0.789999999999957,0.859999999999972,679.015469143956,30.329964309998,4.71459842686404,-578.677649187423,0.451989999332428,0.451929999332428,45199,"2026_06_04_0054","2026_06_04_0054_ev00005_rec0","no",476696
6,0,0.531079999332428,702.318384685949,714.025564009415,11.7071793234667,0.230000000000063,0.059999999999949,0,697.505335982964,8.45334053266463,3.59836410860036,-112.500082578897,0.530969999332428,0.530739999332428,53108,"2026_06_04_0054","2026_06_04_0054_ev00006_rec0","no",476697
7,0,0.559239999332428,700.793310522628,702.998637050225,2.20532652759755,0.110000000000054,30.5800000000001,30,34096.3267222915,-33401.1800694463,369462.412119977,-122.831897346575,0.558039999332428,0.557849999332428,55924,"2026_06_04_0054","2026_06_04_0054_ev00007_rec0","no",476698
8,0,0.631389999332428,677.98004073528,688.560436818941,10.58039608366,0.549999999999939,7.61000000000001,0,349808.220761481,-349118.900630756,724534.141149201,696.936335367185,0.624999999332428,0.623249999332428,63139,"2026_06_04_0054","2026_06_04_0054_ev00008_rec0","no",476699
9,0,0.656719999332428,691.671304453965,705.513007144422,13.8417026904568,0.759999999999983,5.65000000000004,0,162958.926332304,-162261.490233177,627121.798867059,327.782843805817,0.655369999332428,0.654609999332428,65672,"2026_06_04_0054","2026_06_04_0054_ev00009_rec0","no",476700
10,0,0.723609999332428,719.027763319984,722.593823091607,3.56605977162315,0,0.51000000000001,0.859999999999972,711.447164535758,10.050192841722,7.08866239296977,-157.042086051705,0.723599999332428,0.723569999332428,72361,"2026_06_04_0054","2026_06_04_0054_ev00010_rec0","no",476701
11,0,0.831929999332428,697.609146775465,723.003557428014,25.394410652549,0.650000000000039,3.44999999999995,7.17000000000001,693.612971984246,19.0062159381407,20.4700223028405,211.701126421486,0.830559999332428,0.829869999332428,83193,"2026_06_04_0054","2026_06_04_0054_ev00011_rec0","no",476702
12,0,0.867039999332428,696.381263830823,701.847547591039,5.46628376021636,0.669999999999948,5.20999999999994,5.16000000000005,691.687065587981,17.1814007693277,5.49159389593269,-39.5372121450647,0.867039999332428,0.866369999332428,86704,"2026_06_04_0054","2026_06_04_0054_ev00012_rec0","no",476703
13,0,0.894759999332428,670.186170263851,685.329282898032,15.1431126341812,5.31999999999999,38.08,29.9999999999999,688.9205302362,5.10286351374598,3.48104287062809,777.336248348416,0.891009999332428,0.885679999332428,89476,"2026_06_04_0054","2026_06_04_0054_ev00013_rec0","no",476704
14,0,0.963249999332428,707.585121784199,711.218910555257,3.63378877105879,0.109999999999943,1.78999999999996,2.06000000000006,694.960336101941,16.9382802495187,10.6737243570323,-204.881353580494,0.962519999332428,0.962239999332428,96325,"2026_06_04_0054","2026_06_04_0054_ev00014_rec0","no",476705
15,0,1.08847999933243,696.570692291063,711.902162361606,15.3314700705424,0.12000000000012,0.0100000000000655,0,673.811282666793,23.409775404032,39.329926685841,-190.780957044013,1.08847999933243,1.08833999933243,108848,"2026_06_04_0054","2026_06_04_0054_ev00015_rec0","no",476706
16,0,1.12296999933243,692.818394879115,696.913456752877,4.09506187376178,0.079999999999858,0.879999999999992,1.04000000000015,683.900561554428,13.0706270654521,4.61894826503076,-206.836875934612,1.12296999933243,1.12287999933243,112297,"2026_06_04_0054","2026_06_04_0054_ev00016_rec0","no",476707
17,0,1.19252999933243,703.895763947332,714.770705455963,10.8749415086311,0.0500000000001055,0.38999999999989,0.490000000000101,688.703453040486,23.8306307165741,2.29225415258804,-399.900771973235,1.19240999933243,1.19216999933243,119253,"2026_06_04_0054","2026_06_04_0054_ev00017_rec0","no",476708
18,0,1.24160999933243,686.009229929608,696.102247527813,10.0930175982045,0.46999999999997,23.3500000000002,25.7499999999999,-52424.2514691364,53125.7048848082,116796.508495769,267.223694596474,1.24157999933243,1.24110999933243,124161,"2026_06_04_0054","2026_06_04_0054_ev00018_rec0","no",476709
19,0,1.26251999933243,698.113658224012,704.434070547044,6.3204123230322,0.0100000000000655,30.03,30,167720.876663624,-167032.046237834,599500.191342049,-153.020057346229,1.26251999933243,1.26241999933243,126252,"2026_06_04_0054","2026_06_04_0054_ev00019_rec0","no",476710
20,0,1.32550999933243,713.580287344532,720.095392587297,6.51510524276523,1.36000000000003,2.14000000000003,0,-225766.405465396,226480.89706413,342871.031993008,-265.589211741639,1.32410999933243,1.32255999933243,132551,"2026_06_04_0054","2026_06_04_0054_ev00020_rec0","no",476711
21,0,1.41575999933243,699.357704295935,708.376797965669,9.01909366973462,0.059999999999949,0.0500000000001055,0,694.239537428085,6.89422852662215,4.75836850637205,-120.286955513059,1.41571999933243,1.41565999933243,141576,"2026_06_04_0054","2026_06_04_0054_ev00021_rec0","no",476712
22,0,1.45260999933243,705.815232573915,711.526532223988,5.71129965007287,0.59000000000009,3.46000000000002,2.39999999999996,697.086216209646,14.3181287762484,8.62804366591407,-131.760021777768,1.45054999933243,1.44957999933243,145261,"2026_06_04_0054","2026_06_04_0054_ev00022_rec0","no",476713
23,0,1.49345999933243,694.386280270611,702.251623775359,7.8653435047479,0.180000000000069,9.74000000000008,11.1699999999999,-508782.832822606,509487.499429598,771952.00243958,16.3389277626536,1.49316999933243,1.49298999933243,149346,"2026_06_04_0054","2026_06_04_0054_ev00023_rec0","no",476714
24,0,1.50717999933243,686.576880985616,699.301559498367,12.7246785127512,0.46999999999997,30.47,5.71999999999995,61741.5733544664,-61050.6626764479,933008.068704083,168.514823939545,1.50716999933243,1.50669999933243,150718,"2026_06_04_0054","2026_06_04_0054_ev00024_rec0","no",476715
25,0,1.57782999933243,692.38893758142,702.843481908766,10.4545443273461,0.889999999999835,6.9300000000001,30,696.762123284579,14.4028724557529,2.27119024339606,180.494521671943,1.57755999933243,1.57666999933243,157783,"2026_06_04_0054","2026_06_04_0054_ev00025_rec0","no",476716
26,0,1.65523999933243,734.385961154105,738.277346588268,3.89138543416266,1.35000000000018,1.78000000000011,0.790000000000068,706.883515725547,38.1655663746804,2.84076858648142,-712.967960453758,1.65475999933243,1.65234999933243,165524,"2026_06_04_0054","2026_06_04_0054_ev00026_rec0","no",476717
27,0,1.74582999933243,709.72271508331,719.395098287435,9.67238320412491,0.060000000000171,0.0500000000001055,0.179999999999847,703.815939253551,9.80823725085306,5.52260435010237,-122.963638382183,1.74582999933243,1.74576999933243,174583,"2026_06_04_0054","2026_06_04_0054_ev00027_rec0","no",476718
28,0,1.76779999933243,689.291299407637,699.89818551952,10.6068861118824,2.25000000000009,1.68999999999997,0,190478.009713147,-189778.693062946,1229454.67971226,469.172961362892,1.76521999933243,1.76296999933243,176780,"2026_06_04_0054","2026_06_04_0054_ev00028_rec0","no",476719
29,0,1.82803999933243,711.818496949168,721.329033980341,9.51053703117304,0.219999999999887,1.26999999999988,0,703.489479720396,10.574750300201,1.52204909457223,-229.798850704275,1.82796999933243,1.82652999933243,182804,"2026_06_04_0054","2026_06_04_0054_ev00029_rec0","no",476720
30,0,1.87268999933243,716.377386429802,722.131490976622,5.75410454682003,0.0700000000000145,30.06,30,15510.3675119237,-14798.9684804867,335925.194334573,-128.995751200419,1.87260999933243,1.87252999933243,187269,"2026_06_04_0054","2026_06_04_0054_ev00030_rec0","no",476721
31,0,1.90460999933243,714.589842562982,719.826612502126,5.23676993914398,0.0500000000001055,0.0100000000000655,0,694.341283588188,21.591403349948,28.2964380353478,-207.880067013091,1.90458999933243,1.90453999933243,190461,"2026_06_04_0054","2026_06_04_0054_ev00031_rec0","no",476722
32,0,1.97094999933243,714.072973444519,721.848821817185,7.77584837266579,0.059999999999949,0.129999999999963,0,688.528898991841,28.3523964117364,16.6343400289946,-371.582540049362,1.97094999933243,1.97074999933243,197095,"2026_06_04_0054","2026_06_04_0054_ev00032_rec0","no",476723
33,0,2.02586999933243,692.162762976682,700.188581289183,8.02581831250075,0.00999999999962142,8.48000000000004,10.1800000000001,691.173102741255,14.5016513014065,7.842919667233,85.3272057899618,2.02561999933243,2.02560999933243,202587,"2026_06_04_0054","2026_06_04_0054_ev00033_rec0","no",476724
34,0,2.05541999933243,694.671047660263,702.540177799147,7.86913013888397,0.0300000000001965,30.0199999999999,29.9999999999998,54394.8255543786,-53712.961886922,335773.822107172,-312.150713586563,2.05541999933243,2.05538999933243,205542,"2026_06_04_0054","2026_06_04_0054_ev00034_rec0","no",476725
35,0,2.10529999933243,693.379623172403,704.952241365686,11.5726181932828,5.02000000000002,18.6099999999998,16.94,693.651503123722,18.5761041109564,11.0515319635838,269.049533884587,2.10396999933243,2.09814999933243,210530,"2026_06_04_0054","2026_06_04_0054_ev00035_rec0","no",476726
36,0,2.16075999933243,703.15458095616,722.405983909547,19.251402953387,5.74999999999992,5.94000000000028,7.54999999999972,480.226465780667,236.121676001275,289.899844254137,91.291968764201,2.16051999933243,2.15437999933243,216076,"2026_06_04_0054","2026_06_04_0054_ev00036_rec0","no",476727
37,0,2.21511999933243,703.348420413016,767.727053449638,64.3786330366216,1.95999999999996,10.6900000000003,11.52,677.550049041028,92.4560963868279,18.5100590312075,712.004809196538,2.21422999933243,2.21192999933243,221512,"2026_06_04_0054","2026_06_04_0054_ev00037_rec0","no",476728
38,0,2.34127999933243,705.351802694242,708.86342373807,3.5116210438282,0.269999999999992,1.61999999999995,1.65000000000015,700.143582781324,12.1428813161477,2.64037089454796,-123.838140544342,2.34126999933243,2.34057999933243,234128,"2026_06_04_0054","2026_06_04_0054_ev00038_rec0","no",476729
39,0,2.39725999933243,694.481637221195,704.704979983182,10.2233427619865,0.039999999999818,5.18999999999981,6.62999999999991,696.326668993688,16.1670951189409,3.12733966340097,118.462420430684,2.39643999933243,2.39638999933243,239726,"2026_06_04_0054","2026_06_04_0054_ev00039_rec0","no",476730
40,0,2.42478999933243,699.708475995672,709.393239525644,9.68476352997141,0.0499999999998835,30.0499999999997,29.9999999999998,610260.049102235,-609568.649234237,1553562.84841406,-71.9544488177276,2.42469999933243,2.42462999933243,242479,"2026_06_04_0054","2026_06_04_0054_ev00040_rec0","no",476731
41,0,2.50475999933243,709.2053750166,719.159073404036,9.95369838743602,0.449999999999839,30.4700000000002,30.0000000000002,108921.416077041,-108223.446024717,495503.532100788,-239.698378448997,2.50475999933243,2.50427999933243,250476,"2026_06_04_0054","2026_06_04_0054_ev00041_rec0","no",476732
42,0,2.63538999933243,706.089077041344,717.380492890497,11.2914158491526,1.7100000000001,1.46999999999986,1.19000000000025,-163648.023777418,164358.910993366,314286.629049862,-81.9370254994732,2.63531999933243,2.63334999933243,263539,"2026_06_04_0054","2026_06_04_0054_ev00042_rec0","no",476733
43,0,2.68548999933243,675.348269759464,690.427530095153,15.0792603356894,2.45999999999968,36.3900000000004,30.0000000000002,690.602538585593,13.330529548614,2.28526889638301,647.169385736107,2.68092999933243,2.67846999933243,268549,"2026_06_04_0054","2026_06_04_0054_ev00043_rec0","no",476734
44,0,2.82249999933243,691.964770151428,721.412430209374,29.4476600579455,1.14999999999998,10.92,8.75000000000004,669.626694920865,50.7405186083471,20.6784948632924,236.781271319482,2.81949999933243,2.81763999933243,282250,"2026_06_04_0054","2026_06_04_0054_ev00044_rec0","no",476735
45,0,2.91637999933243,694.635872426787,697.756097907823,3.12022548103619,0.0300000000001965,0.580000000000247,0.659999999999883,675.631252956089,21.8379016952458,8.21398411371115,-395.178788318239,2.91634999933243,2.91627999933243,291638,"2026_06_04_0054","2026_06_04_0054_ev00045_rec0","no",476736
46,0,2.96049999933243,687.521591696351,693.377699823217,5.85610812686559,0.580000000000247,13.1100000000002,14.78,685.468461937887,12.9235780357414,13.2082943018323,113.439993384813,2.95910999933243,2.95786999933243,296050,"2026_06_04_0054","2026_06_04_0054_ev00046_rec0","no",476737
47,0,3.02210999933243,684.575339953487,693.716113628454,9.14077367496748,0.180000000000291,2.62999999999991,0,5397.74434884054,-4708.69498752135,117793.878297279,154.790848498822,3.02202999933243,3.02184999933243,302211,"2026_06_04_0054","2026_06_04_0054_ev00047_rec0","no",476738
48,0,3.14943999933243,704.800680044706,712.442446377712,7.64176633300519,0.020000000000131,0.0700000000000145,0,688.392700182166,6.04752135375015,4.35984218045071,-447.880459829141,3.14937999933243,3.14935999933243,314944,"2026_06_04_0054","2026_06_04_0054_ev00048_rec0","no",476739
49,0,3.17322999933243,694.751810443732,697.300446710006,2.54863626627423,1.44000000000011,24.8200000000001,23.52,267317.015300883,-266629.282525169,787508.882879279,-56.1211106121386,3.17322999933243,3.17178999933243,317323,"2026_06_04_0054","2026_06_04_0054_ev00049_rec0","no",476740
50,0,3.20452999933243,699.317832679614,712.256971442019,12.9391387624053,0.349999999999628,6.14999999999988,5.24000000000013,676.5492213847,33.9909421394562,24.9811444421941,-63.3517939087752,3.20411999933243,3.20077999933243,320453,"2026_06_04_0054","2026_06_04_0054_ev00050_rec0","no",476741
51,0,3.24423999933243,707.175747182192,718.475029570425,11.299282388233,1.03000000000009,4.89000000000006,3.30999999999992,706.491045306703,12.3362125416023,3.55385098646431,45.4990914050234,3.24238999933243,3.24093999933243,324424,"2026_06_04_0054","2026_06_04_0054_ev00051_rec0","no",476742
52,0,3.27642999933243,696.40808651868,709.836283856908,13.4281973382274,0.210000000000043,3.09999999999988,0,23709.7391809961,-23006.8322413012,265463.129010076,247.805846066788,3.27581999933243,3.27560999933243,327643,"2026_06_04_0054","2026_06_04_0054_ev00052_rec0","no",476743
53,0,3.39221999933243,701.771825871695,720.522627456489,18.7508015847933,2.11000000000006,10.8700000000002,12.3199999999999,-133818.456641354,134537.100010021,166786.241298994,171.973499018062,3.39217999933243,3.38994999933243,339222,"2026_06_04_0054","2026_06_04_0054_ev00053_rec0","no",476744
54,0,3.42206999933243,691.979369060254,700.317571571016,8.33820251076179,0.369999999999759,8.48999999999966,7.92999999999999,693.042490776835,14.8484165372601,3.97873279156238,113.364375485126,3.42146999933243,3.41953999933243,342207,"2026_06_04_0054","2026_06_04_0054_ev00054_rec0","no",476745
55,0,3.46270999933243,703.307513093798,713.518341248911,10.2108281551136,0.83999999999973,1.17000000000012,2.45999999999968,700.179198440065,9.18238154581237,8.64916798843693,-6.80578597808322,3.46192999933243,3.46055999933243,346271,"2026_06_04_0054","2026_06_04_0054_ev00055_rec0","no",476746
56,0,3.57768999933243,692.682170794342,698.869740429578,6.18756963523606,0.0499999999998835,0.639999999999752,1.45999999999979,675.142407170129,21.2532590696871,21.0692383338278,-186.187590987009,3.57766999933243,3.57761999933243,357769,"2026_06_04_0054","2026_06_04_0054_ev00056_rec0","no",476747
57,0,3.70965999933243,700.644210408323,708.350935696886,7.70672528856301,1.03000000000009,8.75000000000004,9.84000000000007,665.471438242906,45.4064008685752,55.4334222846642,8.88628209159238,3.70925999933243,3.70816999933243,370966,"2026_06_04_0054","2026_06_04_0054_ev00057_rec0","no",476748
58,0,3.77195999933243,693.79288769502,700.460117742089,6.66723004706841,0.140000000000029,4.54000000000043,5.16999999999967,691.286270900775,16.9038937477734,4.22544622120345,-0.446076549759674,3.77180999933243,3.77166999933243,377196,"2026_06_04_0054","2026_06_04_0054_ev00058_rec0","no",476749
59,0,3.82326999933243,691.632174476307,713.051467222915,21.4192927466084,4.11000000000028,8.3899999999999,6.86000000000009,693.223721137064,16.1611723621708,7.31979651616365,326.304093576515,3.81886999933243,3.81247999933243,382327,"2026_06_04_0054","2026_06_04_0054_ev00059_rec0","no",476750
60,0,3.88109999933243,677.740836907399,688.077731047458,10.3368941400591,0.129999999999963,16.2800000000001,19.0600000000001,667.924806295357,25.281303423008,30.8906056908681,192.679064299913,3.88109999933243,3.88096999933243,388110,"2026_06_04_0054","2026_06_04_0054_ev00060_rec0","no",476751
61,0,3.93612999933243,682.238729978682,722.437992800929,40.1992628222461,10.71,20.41,16.33,690.996415072501,35.8025056631019,9.24208125680355,933.835800678853,3.93299999933243,3.92226999933243,393613,"2026_06_04_0054","2026_06_04_0054_ev00061_rec0","no",476752
62,0,3.98053999933243,693.746561923546,702.945115992159,9.19855406861279,0.220000000000553,5.70000000000004,6.79000000000052,691.572337189911,18.4621592517891,5.67692040167487,48.1139255707984,3.98003999933243,3.97981999933243,398054,"2026_06_04_0054","2026_06_04_0054_ev00062_rec0","no",476753
63,0,4.03215999933243,701.420789057666,715.942321777344,14.5215327196782,0.280000000000058,0.259999999999927,0,683.77535042822,21.5159926418412,14.0357928543056,-261.771778068919,4.03215999933243,4.03186999933243,403216,"2026_06_04_0054","2026_06_04_0054_ev00063_rec0","no",476754
64,0,4.37461999933243,705.227932467319,724.487243652344,19.2593111850248,1.24000000000013,5.88999999999995,4.94000000000039,691.205395339124,30.2649375379829,13.791354680293,-24.5397284479414,4.37359999933243,4.37198999933243,437462,"2026_06_04_0054","2026_06_04_0054_ev00064_rec0","no",476755
65,0,4.46778999933243,687.231626000735,694.580017089844,7.34839108910887,0.020000000000131,4.80999999999998,3.9100000000003,682.716572811404,16.1606407356964,4.86219593887336,-49.6942803411212,4.46621999933243,4.46619999933243,446779,"2026_06_04_0054","2026_06_04_0054_ev00065_rec0","no",476756
66,0,4.53989999933243,688.240821158532,690.917907714844,2.67708655631191,0,0,0.0800000000005241,675.629691175679,13.9093689996214,3.59700030629244,-328.324784382734,4.53989999933243,4.53985999933243,453990,"2026_06_04_0054","2026_06_04_0054_ev00066_rec0","no",476757
67,0,4.57701999933243,683.430525675859,703.735290527344,20.3047648514852,1.12000000000023,0.739999999999519,0,684.640454788067,4.72345417997773,3.22324452419112,65.5462283899297,4.57643999933243,4.57528999933243,457702,"2026_06_04_0054","2026_06_04_0054_ev00067_rec0","no",476758
68,0,4.60939999933243,694.011967120784,696.411071777344,2.39910465655942,0.579999999999359,4.59999999999994,3.62000000000062,690.345066533335,10.8833967121094,4.15845975406291,-62.1177144569923,4.60878999933243,4.60795999933243,460940,"2026_06_04_0054","2026_06_04_0054_ev00068_rec0","no",476759
69,0,4.64065999933243,693.238452269299,695.800720214844,2.56226794554459,0.0600000000003931,0.0700000000000145,0,685.202575670295,10.5981844266196,1e-07,-240.613790077737,4.64065999933243,4.64053999933243,464066,"2026_06_04_0054","2026_06_04_0054_ev00069_rec0","no",476760
70,0,4.72132999933243,695.43813512821,698.852478027344,3.41434289913366,0.910000000000188,0.929999999999431,0,685.995108860362,9.5755925891599,5.33374337025146,-231.315567469833,4.72127999933243,4.72027999933243,472133,"2026_06_04_0054","2026_06_04_0054_ev00070_rec0","no",476761
71,0,4.78417999933243,689.775764691948,700.073181152344,10.297416460396,0.0499999999998835,0.0299999999997524,0,652.586144301856,40.11294733134,48.0359038566606,-220.527452525527,4.78417999933243,4.78412999933243,478418,"2026_06_04_0054","2026_06_04_0054_ev00071_rec0","no",476762
72,0,4.82071999933243,686.029052130066,697.021423339844,10.9923712097773,0.120000000000786,1.50000000000006,2.51999999999963,689.749778733277,3.84282846955466,1.04576250436591,120.362415880261,4.82000999933243,4.81972999933243,482072,"2026_06_04_0054","2026_06_04_0054_ev00072_rec0","no",476763
73,0,4.85396999933243,703.747376696898,708.618103027344,4.87072633044556,0.500000000000611,2.41999999999987,0.200000000000422,685.398979919172,20.3360211365112,22.1448012982491,-214.200342763768,4.85184999933243,4.85134999933243,485397,"2026_06_04_0054","2026_06_04_0054_ev00073_rec0","no",476764
74,0,4.91625999933243,704.835131956799,716.552673339844,11.7175413830446,0.829999999999664,2.11000000000006,0,-313613.228157976,314322.005862568,403305.15109676,-224.526826461942,4.91498999933243,4.91405999933243,491626,"2026_06_04_0054","2026_06_04_0054_ev00074_rec0","no",476765
75,0,4.95277999933243,682.983337402344,692.748962402344,9.765625,0.249999999999417,3.07999999999975,5.23000000000007,684.986173152954,5.71505100794899,4.13265562259253,85.6109619140625,4.95276999933243,4.95251999933243,495278,"2026_06_04_0054","2026_06_04_0054_ev00075_rec0","no",476766
76,0,5.01962999933243,698.701400907913,704.955993652344,6.25459274443074,0.0499999999998835,0.440000000000218,0.550000000000495,643.392756610028,58.1530867529755,60.1750050275337,-283.387257793161,5.01924999933243,5.01914999933243,501963,"2026_06_04_0054","2026_06_04_0054_ev00076_rec0","no",476767
77,0,5.10903999933243,692.912125691329,701.904235839844,8.99211014851483,1.07000000000035,3.91999999999992,1.59999999999982,690.733150123751,11.0587469722132,2.29501716083702,-19.9601881574885,5.10712999933243,5.10604999933243,510904,"2026_06_04_0054","2026_06_04_0054_ev00077_rec0","no",476768
78,0,5.14327999933243,697.921842971651,701.904235839844,3.98239286819307,0.0299999999997524,0.0100000000005096,0,684.946546620022,12.0790996434606,7.86397799475279,-296.370734790764,5.14325999933243,5.14322999933243,514328,"2026_06_04_0054","2026_06_04_0054_ev00078_rec0","no",476769
79,0,5.18677999933243,680.608405084893,752.563415527344,71.9550104424505,3.51000000000035,9.90999999999964,7.55000000000017,672.106171556859,98.8801556519987,7.29618220127918,690.808226330447,5.18536999933243,5.18183999933243,518678,"2026_06_04_0054","2026_06_04_0054_ev00079_rec0","no",476770
80,0,5.23369999933243,687.600254172146,695.800720214844,8.20046604269805,0.169999999999781,4.48000000000004,3.87999999999966,679.420901846505,22.2718006352291,5.64733461054103,-110.802890286586,5.23299999933243,5.23250999933243,523370,"2026_06_04_0054","2026_06_04_0054_ev00080_rec0","no",476771
81,0,5.30119999933243,691.915016703086,709.838806152344,17.9237894492575,1.16000000000049,7.78999999999996,30.0000000000002,699.035877237012,15.5146456997054,1.8231713649589,294.318503200419,5.29804999933243,5.29665999933243,530120,"2026_06_04_0054","2026_06_04_0054_ev00081_rec0","no",476772
82,0,5.38356999933243,688.476501464844,698.852478027344,10.3759765625,0.0299999999997524,3.04000000000038,30.0000000000002,692.97601710159,7.72997558539445,1.10405834407164,148.416137695312,5.38320999933243,5.38317999933243,538357,"2026_06_04_0054","2026_06_04_0054_ev00082_rec0","no",476773
83,0,5.42221999933243,702.200346993928,706.176696777344,3.9763497834158,0.239999999999796,3.14000000000014,2.81999999999982,685.848100430716,21.8560865014634,13.845179908656,-219.808597375852,5.42160999933243,5.42136999933243,542222,"2026_06_04_0054","2026_06_04_0054_ev00083_rec0","no",476774
84,0,5.49966999933243,681.152282714844,697.631774902344,16.4794921875,0.020000000000131,12.7899999999999,12.5400000000004,695.818208825928,10.7389332282233,0.381464519940114,449.609375,5.49942999933243,5.49940999933243,549967,"2026_06_04_0054","2026_06_04_0054_ev00084_rec0","no",476775
85,0,5.57870999933243,694.011967120784,697.021423339844,3.00945621905942,0.020000000000131,1.31000000000014,1.29000000000001,674.279396619953,23.1858482268125,12.1602926549234,-333.118400951423,5.57847999933243,5.57845999933243,557871,"2026_06_04_0054","2026_06_04_0054_ev00085_rec0","no",476776
86,0,5.69513999933243,701.463090651106,704.955993652344,3.49290300123766,0.189999999999912,0.32000000000032,0.410000000000466,676.612453991049,27.0182523772275,12.5870468039212,-434.925796962019,5.69491999933243,5.69469999933243,569514,"2026_06_04_0054","2026_06_04_0054_ev00086_rec0","no",476777
87,0,5.72757999933243,687.437090883161,708.618103027344,21.1810121441831,0.189999999999912,12.0900000000006,30.0000000000002,695.946644215258,11.8130240772847,5.55336291268403,360.454566880026,5.72521999933243,5.72482999933243,572758,"2026_06_04_0054","2026_06_04_0054_ev00087_rec0","no",476778
88,0,5.78476999933243,698.92499504467,704.955993652344,6.03099860767327,0.0299999999997524,4.90000000000013,4.55999999999968,697.080595272619,16.6227797143785,3.24081327023245,9.33206388265781,5.78358999933243,5.78340999933243,578477,"2026_06_04_0054","2026_06_04_0054_ev00088_rec0","no",476779
89,0,5.90720999933243,688.476501464844,701.293884277344,12.8173828125,0.0599999999995049,16.9699999999997,21.1900000000007,689.212746354214,19.8134955582257,13.2581338813815,267.41943359375,5.90668999933243,5.90661999933243,590721,"2026_06_04_0054","2026_06_04_0054_ev00089_rec0","no",476780
90,0,5.97539999933243,700.453895493309,743.408142089844,42.9542465965346,1.3399999999999,8.03999999999938,5.81999999999994,694.888449083437,48.2646983963547,7.17797316023524,304.001942247447,5.97292999933243,5.97112999933243,597540,"2026_06_04_0054","2026_06_04_0054_ev00090_rec0","no",476781
91,0,6.09617999933243,682.983337402344,695.800720214844,12.8173828125,0.159999999999272,0.270000000000437,0.0100000000005096,693.104999412256,2.69992404824711,1e-07,307.623291015625,6.09606999933243,6.09587999933243,609618,"2026_06_04_0054","2026_06_04_0054_ev00091_rec0","no",476782
92,0,6.12688999933243,697.414223850364,703.124938964844,5.71071511448019,0.140000000000029,3.15999999999939,3.49999999999984,639.665377778675,66.3260364117368,34.1563379072366,-408.137013652537,6.12686999933243,6.12672999933243,612689,"2026_06_04_0054","2026_06_04_0054_ev00092_rec0","no",476783
93,0,6.20148999933243,691.2744497167,710.449157714844,19.1747079981436,3.44000000000033,5.39000000000023,3.56999999999985,696.649926559194,4.67516182399739,3.56404376625735,208.908776009439,6.19953999933243,6.19599999933243,620149,"2026_06_04_0054","2026_06_04_0054_ev00093_rec0","no",476784
94,0,6.25456999933243,678.710876464844,692.138610839844,13.427734375,0.449999999999839,30.57,30.0000000000002,687.77898615692,11.5591483590174,2.36455137091284,309.92431640625,6.25443999933243,6.25398999933243,625457,"2026_06_04_0054","2026_06_04_0054_ev00094_rec0","no",476785
95,0,6.33337999933243,707.92919136274,724.487243652344,16.558052289604,1.52999999999981,12.6500000000007,5.39999999999985,698.823696933763,32.4648628533577,7.13899892803712,48.6553532062208,6.32653999933243,6.32497999933243,633338,"2026_06_04_0054","2026_06_04_0054_ev00095_rec0","no",476786
96,0,6.39266999933243,681.152282714844,690.917907714844,9.765625,0.020000000000131,9.03000000000009,8.9100000000002,692.150601833101,2.62880713661605,0.282968868104586,332.522583007812,6.39255999933243,6.39253999933243,639267,"2026_06_04_0054","2026_06_04_0054_ev00096_rec0","no",476787
97,0,6.47350999933243,690.216909880685,695.190368652344,4.97345877165844,0.0299999999997524,0.460000000000349,0.64000000000064,679.284690790666,13.5946845883461,10.195218034285,-195.722311794167,6.47331999933243,6.47307999933243,647351,"2026_06_04_0054","2026_06_04_0054_ev00097_rec0","no",476788
98,0,6.53088999933243,664.672790527344,676.879821777344,12.20703125,0.0700000000000145,35.1499999999998,30.0000000000002,678.772801286414,13.1194672218371,2.15254314802468,554.568481445312,6.52582999933243,6.52562999933243,653089,"2026_06_04_0054","2026_06_04_0054_ev00098_rec0","no",476789
99,0,6.66080999933243,682.983337402344,689.697204589844,6.7138671875,0.16000000000016,3.21999999999978,3.21000000000016,671.298217569041,28.7257293402434,4.54320912480579,-216.082763671875,6.66062999933243,6.66046999933243,666081,"2026_06_04_0054","2026_06_04_0054_ev00099_rec0","no",476790
100,0,6.73661999933243,687.255798339844,694.580017089844,7.32421875,0.0199999999992428,13.4100000000004,13.3800000000006,691.015483591025,8.69285428863694,0.409399207977243,116.592407226562,6.73659999933243,6.73657999933243,673662,"2026_06_04_0054","2026_06_04_0054_ev00100_rec0","no",476791
101,0,6.78719999933243,708.599973773012,729.980407714844,21.3804339418317,4.5200000000003,8.32999999999995,5.48000000000037,678.803586154556,43.6995703093481,37.1350114162805,50.1442786490573,6.78631999933243,6.78162999933243,678720,"2026_06_04_0054","2026_06_04_0054_ev00101_rec0","no",476792
102,0,6.90769999933243,697.021423339844,708.007751464844,10.986328125,0.020000000000131,2.83000000000033,3.13000000000052,696.936403146611,12.498635809496,2.83474912568996,40.4296875,6.90671999933243,6.90666999933243,690770,"2026_06_04_0054","2026_06_04_0054_ev00102_rec0","no",476793
103,0,6.92429999933243,697.05163876373,703.735290527344,6.68365176361385,0.239999999999796,2.71000000000043,4.24000000000024,698.602006879353,4.34712736750552,2.73810220409392,59.8225810740251,6.92409999933243,6.92385999933243,692430,"2026_06_04_0054","2026_06_04_0054_ev00103_rec0","no",476794
104,0,6.97356999933243,686.645446777344,701.293884277344,14.6484375,0.0999999999997669,31.8199999999997,30.0000000000002,706.680652772834,1.01857728399176,1.85710234207007,641.513061523438,6.97183999933243,6.97173999933243,697357,"2026_06_04_0054","2026_06_04_0054_ev00104_rec0","no",476795
105,0,7.00975999933243,712.890563964844,726.318298339844,13.427734375,0.500000000000611,1.82000000000038,1.19999999999987,697.369410805836,23.9190701513073,7.746990870828,-278.463745117188,7.00954999933243,7.00847999933243,700976,"2026_06_04_0054","2026_06_04_0054_ev00105_rec0","no",476796
106,0,7.10058999933243,707.397399902344,718.383728027344,10.986328125,0.240000000000684,3.49999999999984,4.01000000000007,704.640642012061,16.7118819577473,4.47166690736653,-1.416015625,7.10031999933243,7.10007999933243,710059,"2026_06_04_0054","2026_06_04_0054_ev00106_rec0","no",476797
107,0,7.16244999933243,685.424743652344,697.021423339844,11.5966796875,0.259999999999927,41.8900000000004,30.0000000000002,699.190087800863,9.94307076840015,2.99715315869148,684.487915039062,7.15078999933243,7.15050999933243,716245,"2026_06_04_0054","2026_06_04_0054_ev00107_rec0","no",476798
108,0,7.23631999933243,700.073181152344,714.111267089844,14.0380859375,0.240000000000684,6.55999999999946,7.46999999999964,694.53516280188,28.3181814335097,7.69725411284311,54.327392578125,7.23617999933243,7.23593999933243,723632,"2026_06_04_0054","2026_06_04_0054_ev00108_rec0","no",476799
109,0,7.29051999933243,705.040596839225,715.942321777344,10.9017249381188,1.03000000000009,3.33000000000006,0.249999999999417,703.815710718246,6.94946522650564,0.880912909582457,-22.6305668896961,7.28827999933243,7.28719999933243,729052,"2026_06_04_0054","2026_06_04_0054_ev00109_rec0","no",476800
110,0,7.43952999933243,683.774981508161,687.866149902344,4.09116839418311,0.0800000000005241,0.280000000000058,0.210000000000043,682.321654250903,8.00915676451902,0.215495156229253,-40.9588200030957,7.43944999933243,7.43936999933243,743953,"2026_06_04_0054","2026_06_04_0054_ev00110_rec0","no",476801
111,0,7.45443999933243,676.982554218557,692.748962402344,15.7664081837871,1.03999999999971,9.55999999999957,8.9699999999997,675.564877522466,21.0548075233363,8.41714613101243,161.215179745513,7.45273999933243,7.45157999933243,745444,"2026_06_04_0054","2026_06_04_0054_ev00111_rec0","no",476802
112,0,7.51389999933243,686.603145183903,705.566345214844,18.9632000309406,2.33000000000061,20.7600000000001,14.0099999999999,-60289.6376203539,60995.7769208505,68238.3011000003,296.075197729734,7.50663999933243,7.50414999933243,751390,"2026_06_04_0054","2026_06_04_0054_ev00112_rec0","no",476803
113,0,7.56041999933243,683.364051743309,701.293884277344,17.9298325340346,3.09999999999988,10.44,29.8699999999998,691.538593519624,12.3526596820729,0.904726212239092,356.435160117574,7.55499999933243,7.55183999933243,756042,"2026_06_04_0054","2026_06_04_0054_ev00113_rec0","no",476804
114,0,7.65325999933243,703.106809710512,706.787048339844,3.68023862933171,0.370000000000203,7.60999999999967,6.44000000000045,687.059110933492,24.2170207145315,19.5209501680669,-108.68907966236,7.65184999933243,7.65147999933243,765326,"2026_06_04_0054","2026_06_04_0054_ev00114_rec0","no",476805
115,0,7.78762999933243,706.575540372641,709.838806152344,3.26326577970292,0.020000000000131,3.13000000000052,1.25999999999937,699.697427686642,11.1540719910376,3.91240590715017,-158.711287998919,7.78553999933243,7.78549999933243,778763,"2026_06_04_0054","2026_06_04_0054_ev00115_rec0","no",476806
116,0,7.84767999933243,696.253951573136,700.683532714844,4.4295811417079,0.0299999999997524,2.54000000000065,3.27000000000055,686.650442770957,14.0733240243365,14.5673848142526,-109.219843798345,7.84767999933243,7.84764999933243,784768,"2026_06_04_0054","2026_06_04_0054_ev00116_rec0","no",476807
117,0,7.90928999933243,709.875064661007,718.383728027344,8.50866336633658,0.0700000000000145,0.839999999999286,0,-154364.894619935,155075.188695398,243902.904724441,-267.840334448486,7.90821999933243,7.90814999933243,790929,"2026_06_04_0054","2026_06_04_0054_ev00117_rec0","no",476808
118,0,7.96845999933243,675.659118652344,686.645446777344,10.986328125,0.199999999999534,0.449999999999839,0,686.908507958524,-0.262034752848349,1e-07,344.805908203125,7.96819999933243,7.96799999933243,796846,"2026_06_04_0054","2026_06_04_0054_ev00118_rec0","no",476809
119,0,7.99576999933243,691.866672024869,697.631774902344,5.76510287747521,0.0900000000001455,0.799999999999912,0.940000000001717,682.316739531229,15.6387506602813,3.23836937272921,-235.250612768797,7.99569999933243,7.99560999933243,799577,"2026_06_04_0054","2026_06_04_0054_ev00119_rec0","no",476810
120,0,8.03149999933243,678.547713175859,700.683532714844,22.1358195389852,0.950000000001339,34.7500000000007,29.9999999999994,695.207644247333,11.9643462921483,1.94325818727242,627.939930528698,8.02693999933243,8.02596999933243,803150,"2026_06_04_0054","2026_06_04_0054_ev00120_rec0","no",476811
121,0,8.16034999933243,701.36640129467,713.500915527344,12.1345142326733,0.400000000000844,0.110000000001165,0.109999999999388,696.559027562601,9.60446992814533,3.42241024091522,-110.191330107132,8.16033999933243,8.15993999933243,816035,"2026_06_04_0054","2026_06_04_0054_ev00121_rec0","no",476812
122,0,8.24888999933243,692.748962402344,703.735290527344,10.986328125,0.0100000000013978,30.149999999999,29.9999999999994,701.67097222121,2.29278814454937,2.87232785302828,276.324462890625,8.24873999933243,8.24872999933243,824889,"2026_06_04_0054","2026_06_04_0054_ev00122_rec0","no",476813
123,0,8.38652999933243,684.204040527344,693.969665527344,9.765625,0.040000000000262,4.69000000000008,29.9999999999994,688.531775278846,5.49379580498057,1.65905600026026,143.118286132812,8.38566999933243,8.38560999933243,838653,"2026_06_04_0054","2026_06_04_0054_ev00123_rec0","no",476814
124,0,8.45417999933243,675.048767089844,684.814392089844,9.765625,0.479999999999592,14.6499999999996,14.1799999999996,686.511891016142,8.59720679287519,0.43420074078924,356.289672851562,8.45417999933243,8.45369999933243,845418,"2026_06_04_0054","2026_06_04_0054_ev00124_rec0","no",476815
125,0,8.50900999933243,706.212955286007,714.721618652344,8.50866336633658,1.36000000000003,13.1899999999998,14.5800000000005,708.531128341592,9.06354806464963,6.09999414364571,151.621661799967,8.50637999933243,8.50494999933243,850901,"2026_06_04_0054","2026_06_04_0054_ev00125_rec0","no",476816
126,0,8.55471999933243,714.782049500116,736.083923339844,21.3018738397277,0.859999999999417,11.9799999999994,10.6999999999999,705.517990404036,29.6413630709936,19.5402894361474,254.815311243038,8.55037999933243,8.54945999933243,855472,"2026_06_04_0054","2026_06_04_0054_ev00126_rec0","no",476817
127,0,8.58183999933243,718.843002470413,722.045837402344,3.20283493193074,0.0200000000010192,0.0200000000010192,0.0499999999998835,704.072875300498,16.1216780813327,4.86063245262858,-364.996670260286,8.58183999933243,8.58181999933243,858184,"2026_06_04_0054","2026_06_04_0054_ev00127_rec0","no",476818
128,0,8.60978999933243,711.63360233118,729.980407714844,18.3468053836634,0.519999999999854,4.54000000000043,3.56000000000023,711.06572157254,18.5894308090928,3.83554773810978,75.4316575456392,8.60879999933243,8.60767999933243,860979,"2026_06_04_0054","2026_06_04_0054_ev00128_rec0","no",476819
129,0,8.65629999933243,718.250780162245,731.201110839844,12.950330677599,0.339999999999563,0.389999999999446,0,689.983945223431,25.225593578098,45.9919059313319,-291.191901782951,8.65614999933243,8.65575999933243,865630,"2026_06_04_0054","2026_06_04_0054_ev00129_rec0","no",476820
130,0,8.67246999933243,697.631774902344,709.228454589844,11.5966796875,0.0200000000010192,30.4899999999986,29.9999999999994,707.175499841508,0.915347909609031,1.88396581912312,301.199340820312,8.67164999933243,8.67162999933243,867247,"2026_06_04_0054","2026_06_04_0054_ev00130_rec0","no",476821
131,0,8.71665999933243,701.904235839844,710.449157714844,8.544921875,0.0499999999998835,4.66000000000122,5.97999999999921,-289788.232230939,290498.069108265,364313.851350155,-119.598388671875,8.71657999933243,8.71652999933243,871666,"2026_06_04_0054","2026_06_04_0054_ev00131_rec0","no",476822
132,0,8.79002999933243,703.813850629448,706.176696777344,2.36284614789599,0.100000000001543,0.460000000000349,0,-52933.9703739934,53635.9821996129,166999.693781372,-197.29306060489,8.78979999933243,8.78956999933243,879003,"2026_06_04_0054","2026_06_04_0054_ev00132_rec0","no",476823
133,0,8.87692999933243,723.562651681428,725.707946777344,2.1452950959158,0.0300000000006406,0.980000000000203,1.01999999999869,701.583143021676,27.6803903935885,5.21347893337673,-515.494741307628,8.87692999933243,8.87689999933243,887693,"2026_06_04_0054","2026_06_04_0054_ev00133_rec0","no",476824
134,0,8.89527999933243,707.935234447517,717.163024902344,9.22779045482673,0.0499999999998835,0.0499999999998835,0,701.090705033231,9.03149430700231,2.1595959681135,-185.48529596612,8.89526999933243,8.89521999933243,889528,"2026_06_04_0054","2026_06_04_0054_ev00134_rec0","no",476825
135,0,8.95955999933243,691.528259277344,697.631774902344,6.103515625,0.00999999999962142,30.3199999999997,29.9999999999994,694.626172817724,1.55778847980242,1.59058551219364,100.054931640625,8.95902999933243,8.95901999933243,895956,"2026_06_04_0054","2026_06_04_0054_ev00135_rec0","no",476826
136,0,9.01479999933243,705.052683008779,720.825134277344,15.7724512685644,0.369999999998427,9.05999999999985,4.00999999999918,701.882115917829,17.3014296638612,6.13633056667256,63.0639406714123,9.00853999933243,9.00744999933243,901480,"2026_06_04_0054","2026_06_04_0054_ev00136_rec0","no",476827
137,0,9.03870999933243,695.190368652344,705.566345214844,10.3759765625,0.0300000000006406,6.13999999999848,7.40000000000052,689.803043413965,19.0240376514366,10.231458244981,38.46435546875,9.03756999933243,9.03753999933243,903871,"2026_06_04_0054","2026_06_04_0054_ev00137_rec0","no",476828
138,0,9.08978999933243,689.540084385636,700.073181152344,10.5330967667079,0.0100000000013978,0.17000000000067,0.180000000000291,689.316607224865,12.2678928540792,0.168751172993207,-4.31261723584531,9.08976999933243,9.08975999933243,908979,"2026_06_04_0054","2026_06_04_0054_ev00138_rec0","no",476829
139,0,9.11337999933243,681.986228414101,702.514587402344,20.5283589882425,0.79000000000029,8.70000000000104,6.57999999999959,689.10977497325,5.03684634417552,2.77987469440669,329.064095374379,9.10691999933243,9.10565999933243,911338,"2026_06_04_0054","2026_06_04_0054_ev00139_rec0","no",476830
140,0,9.20544999933243,697.958101480314,758.666931152344,60.7088296720297,1.75000000000125,9.45000000000107,7.69999999999982,703.773660116395,56.2178448800787,6.32666010520678,761.421460444382,9.20242999933243,9.20053999933243,920545,"2026_06_04_0054","2026_06_04_0054_ev00140_rec0","no",476831
141,0,9.26785999933243,703.735290527344,712.280212402344,8.544921875,0.0499999999998835,3.86999999999915,4.73000000000035,695.084938715165,19.2583689283297,9.68223863763978,-80.9112548828125,9.26783999933243,9.26778999933243,926786,"2026_06_04_0054","2026_06_04_0054_ev00141_rec0","no",476832
142,0,9.29032999933243,699.704552980933,707.397399902344,7.69284692141093,0,0.0199999999992428,0,677.452476317709,24.1709218259731,22.6119108551204,-265.909478215887,9.29030999933243,9.29029999933243,929033,"2026_06_04_0054","2026_06_04_0054_ev00142_rec0","no",476833
143,0,9.36420999933243,694.030096375116,713.500915527344,19.4708191522277,1.47999999999904,15.8100000000001,27.7600000000007,701.140124132757,23.309011267412,5.03743995277409,411.599217783106,9.36071999933243,9.35919999933243,936421,"2026_06_04_0054","2026_06_04_0054_ev00143_rec0","no",476834
144,0,9.44107999933243,705.227932467319,709.838806152344,4.61087368502479,0.0299999999988643,0.220000000000553,0.140000000000029,699.090276195602,11.800495324755,0.33157712792755,-179.84371374149,9.44095999933243,9.44092999933243,944108,"2026_06_04_0054","2026_06_04_0054_ev00144_rec0","no",476835
145,0,9.48842999933243,700.38742156076,708.007751464844,7.6203299040842,0.510000000000232,2.39999999999974,2.39999999999974,698.042627024243,11.1368663914115,3.1264731537143,-31.941208036818,9.48832999933243,9.48778999933243,948843,"2026_06_04_0054","2026_06_04_0054_ev00145_rec0","no",476836
146,0,9.60896999933243,715.132548417195,718.994079589844,3.86153117264848,0.0499999999998835,4.03999999999982,3.37999999999994,681.400144919897,39.1018506563268,31.8106604753612,-248.401876015239,9.60770999933243,9.60765999933243,960897,"2026_06_04_0054","2026_06_04_0054_ev00146_rec0","no",476837
147,0,9.67966999933243,682.372985839844,690.307556152344,7.9345703125,0.159999999999272,7.46000000000002,8.31999999999944,680.954635826262,15.4823282900372,6.55980591269226,64.385986328125,9.67928999933243,9.67912999933243,967967,"2026_06_04_0054","2026_06_04_0054_ev00147_rec0","no",476838
148,0,9.74909999933243,682.983337402344,692.748962402344,9.765625,0.409999999998689,0.359999999998806,0.00999999999962142,689.562316424216,3.18805644777505,1e-07,204.269409179688,9.74896999933243,9.74855999933243,974910,"2026_06_04_0054","2026_06_04_0054_ev00148_rec0","no",476839
149,0,9.78250999933243,678.100524902344,690.917907714844,12.8173828125,0.0999999999997669,31.5600000000007,30.0000000000011,687.313173636577,11.3730315573309,2.4883026874521,332.4462890625,9.78100999933243,9.78090999933243,978251,"2026_06_04_0054","2026_06_04_0054_ev00149_rec0","no",476840
150,0,9.80061999933243,678.100524902344,686.035095214844,7.9345703125,0.00999999999962142,30.4400000000005,30.0000000000011,685.989983535616,11.8024585227166,3.02909229749264,279.983520507812,9.80017999933243,9.80016999933243,980062,"2026_06_04_0054","2026_06_04_0054_ev00150_rec0","no",476841
151,0,9.84174999933243,698.217954125735,712.280212402344,14.0622582766089,0.399999999999068,4.0899999999997,2.44999999999962,682.681598494872,26.1295926322649,10.6066467455737,-187.332878490487,9.83937999933243,9.83894999933243,984175,"2026_06_04_0054","2026_06_04_0054_ev00151_rec0","no",476842
152,0,9.87467999933243,698.429462092938,704.955993652344,6.52653155940595,0.0600000000012813,0.0800000000005241,0,689.407691099788,15.5584958848842,1e-07,-270.227836382271,9.87467999933243,9.87454999933243,987468,"2026_06_04_0054","2026_06_04_0054_ev00152_rec0","no",476843
153,0,9.90830999933243,681.261058240834,711.059509277344,29.7984510365098,0.740000000000407,35.4299999999999,30.0000000000011,698.742566429464,15.5806762392219,1.62270649053323,686.285581683166,9.90340999933243,9.90261999933243,990831,"2026_06_04_0054","2026_06_04_0054_ev00153_rec0","no",476844
154,0,9.96601999933243,702.019054450611,714.721618652344,12.7025642017327,0.0800000000005241,1.99000000000105,2.67000000000017,700.155734045343,11.5947521110354,4.69777113970627,3.09058463219404,9.96580999933243,9.96498999933243,996602,"2026_06_04_0054","2026_06_04_0054_ev00154_rec0","no",476845
155,0,9.99767999933243,703.825936799002,714.721618652344,10.8956818533416,0.140000000000029,0.270000000000437,0.560000000000116,696.986901415656,13.6712367554312,2.44268406714747,-170.760173915709,9.99764999933243,9.99750999933243,999768,"2026_06_04_0054","2026_06_04_0054_ev00155_rec0","no",476846
156,0,10.1272299993324,704.831670538297,715.327861396044,10.4961908577471,0.950000000001339,3.89000000000017,3.20999999999927,666.945035664148,47.5495552328923,24.7473076229121,-300.470755729003,10.1267899993324,10.1256199993324,1012723,"2026_06_04_0054","2026_06_04_0054_ev00156_rec0","no",476847
157,0,10.1780499993324,692.855256660135,752.380300496638,59.5250438365027,2.11999999999968,9.18000000000063,10.0200000000008,679.329172543836,70.8057523975816,14.5477920357373,584.514708364199,10.1775499993324,10.1753699993324,1017805,"2026_06_04_0054","2026_06_04_0054_ev00157_rec0","no",476848
158,0,10.4591199993324,700.838695711927,707.581072178153,6.74237646622669,0.0100000000013978,16.8299999999988,14.9000000000008,492542.654472969,-491846.161799733,1070987.95925211,77.341977688743,10.4589999993324,10.4589899993324,1045912,"2026_06_04_0054","2026_06_04_0054_ev00158_rec0","no",476849
159,0,10.5233199993324,705.993493499082,709.848882810315,3.85538931123267,0.00999999999962142,1.76000000000087,2.2700000000011,693.736498029098,16.0132779038718,14.4685863465411,-163.809831815462,10.5231099993324,10.5225799993324,1052332,"2026_06_04_0054","2026_06_04_0054_ev00159_rec0","no",476850
160,0,10.5588899993324,697.569291473677,709.2413728098,11.6720813361228,0.0200000000010192,30.1299999999998,29.9999999999994,711.978793342509,3.16325550630587,3.35631758600321,450.517018444735,10.5585199993324,10.5584999993324,1055889,"2026_06_04_0054","2026_06_04_0054_ev00160_rec0","no",476851
161,0,10.6114699993324,705.896094260012,721.851627874159,15.9555336141465,3.76999999999938,15.7699999999998,11.3099999999999,704.342774556471,21.0803719174787,10.8836476114585,272.739454407894,10.6083899993324,10.6042999993324,1061147,"2026_06_04_0054","2026_06_04_0054_ev00161_rec0","no",476852
162,0,10.6451399993324,710.113032628714,730.41337710525,20.3003444765362,0.849999999999795,13.4799999999995,29.9999999999994,719.085972326787,17.7895128672524,3.86213689128421,383.170933669603,10.6431999993324,10.6415999993324,1064514,"2026_06_04_0054","2026_06_04_0054_ev00162_rec0","no",476853
163,0,10.6724699993324,707.054999736839,716.010812624721,8.95581288788242,0.750000000000028,14.9699999999999,16.33,-112064.430861345,112784.612535317,187692.576242413,133.095241208234,10.6724599993324,10.6717099993324,1067247,"2026_06_04_0054","2026_06_04_0054_ev00163_rec0","no",476854
164,0,10.7718399993324,714.054510705614,751.088193706667,37.033683001053,1.90999999999875,8.60999999999912,9.0299999999992,709.313420503954,47.6365119062164,9.51810985619337,353.625346403248,10.7716699993324,10.7693799993324,1077184,"2026_06_04_0054","2026_06_04_0054_ev00164_rec0","no",476855
165,0,10.8177599993324,711.634306075659,713.810442051006,2.1761359753466,0.040000000000262,0.0600000000012813,0,690.722511399008,21.4529183696329,5.85434057560475,-502.231126982704,10.8177599993324,10.8176799993324,1081776,"2026_06_04_0054","2026_06_04_0054_ev00165_rec0","no",476856
166,0,10.8987899993324,698.719143478104,701.196986502107,2.47784302400225,0.239999999999796,0.450000000000728,0.459999999998573,690.318156214469,10.0755248308355,5.86507233429953,-193.494295477598,10.8987799993324,10.8985399993324,1089879,"2026_06_04_0054","2026_06_04_0054_ev00166_rec0","no",476857
167,0,10.9513199993324,699.019852664758,701.46464281328,2.4447901485222,0.0499999999998835,0.0499999999998835,0,677.733394834205,18.2867998608632,42.0858012726147,-245.93858052916,10.9513199993324,10.9512299993324,1095132,"2026_06_04_0054","2026_06_04_0054_ev00167_rec0","no",476858
168,0,11.0197899993324,702.167536595073,708.182751623938,6.0152150288651,1.65999999999933,1.59999999999982,0,689.149701119131,14.9381936843378,9.09875785717981,-250.869921038648,11.0196799993324,11.0179599993324,1101979,"2026_06_04_0054","2026_06_04_0054_ev00168_rec0","no",476859
169,0,11.1954699993324,701.970692204051,708.111188412438,6.14049620838648,0.189999999999912,22.9600000000012,19.8100000000014,59290.3706013514,-58591.4679792947,217342.412700801,31.6119315436628,11.1954699993324,11.1952799993324,1119547,"2026_06_04_0054","2026_06_04_0054_ev00169_rec0","no",476860
170,0,11.2222299993324,712.790483997755,719.558037917083,6.76755391932772,0.0800000000005241,0.780000000000669,0,689.52805730815,22.5108747950145,10.7709383645981,-469.654571436353,11.2220599993324,11.2213899993324,1122223,"2026_06_04_0054","2026_06_04_0054_ev00170_rec0","no",476861
171,0,11.3105199993324,685.816872340691,694.339842358198,8.52297001750674,0.0699999999991263,30.0000000000011,30.0000000000011,690.345685538427,12.3118634596297,3.48474057583818,179.786185452848,11.3105199993324,11.3104499993324,1131052,"2026_06_04_0054","2026_06_04_0054_ev00171_rec0","no",476862
172,0,11.4081099993324,687.681507394026,698.178021009223,10.4965136151972,0.529999999999475,4.12999999999997,3.98999999999994,680.668885615216,19.6932481011929,6.74848839177927,-72.3563145653713,11.4078299993324,11.4070999993324,1140811,"2026_06_04_0054","2026_06_04_0054_ev00172_rec0","no",476863
173,0,11.4641699993324,701.138570837129,716.288267444652,15.1496966075238,4.38999999999901,5.31000000000148,3.32000000000043,695.387478831274,18.9180078146866,6.50669251671349,5.83553265756868,11.4627399993324,11.4574699993324,1146417,"2026_06_04_0054","2026_06_04_0054_ev00173_rec0","no",476864
174,0,11.5569999993324,719.062013182897,736.307009838528,17.2449966556302,0.0200000000010192,1.54999999999994,0.239999999999796,715.074734826202,11.2865979425704,2.84590024966836,-80.0379585528617,11.5561799993324,11.5548099993324,1155700,"2026_06_04_0054","2026_06_04_0054_ev00174_rec0","no",476865
175,0,11.5729799993324,701.821972171257,715.098734708258,13.2767625370014,0.770000000001048,30.7099999999991,29.9999999999994,709.772191964776,9.90699605209956,6.72716181938214,318.290939429084,11.5728799993324,11.5720899993324,1157298,"2026_06_04_0054","2026_06_04_0054_ev00175_rec0","no",476866
176,0,11.6288499993324,723.11810746158,727.243555750293,4.12544828871376,0.11999999999901,30.0399999999996,29.9999999999994,40435.1691803717,-39723.7697472003,239831.845775704,-276.820953106235,11.6288399993324,11.6287199993324,1162885,"2026_06_04_0054","2026_06_04_0054_ev00176_rec0","no",476867
177,0,11.7523199993324,713.909664705439,724.237665442061,10.3280007366219,0.229999999998398,4.83999999999973,5.39000000000023,710.566006746249,20.5886866380713,5.10309482033127,15.2436527847205,11.7517799993324,11.7515499993324,1175232,"2026_06_04_0054","2026_06_04_0054_ev00177_rec0","no",476868
178,0,11.7765399993324,714.051464967542,716.3608495101,2.30938454255829,0.869999999999038,1.35000000000041,1.33000000000116,707.433269530976,11.8248683540648,2.89591509227017,-161.55884930924,11.7765399993324,11.7756199993324,1177654,"2026_06_04_0054","2026_06_04_0054_ev00178_rec0","no",476869
179,0,11.8103999993324,696.0268649557,702.866033896819,6.83916894111906,1.29999999999875,1.40000000000029,0,362702.559349126,-362003.681912045,709890.102917086,336.600928535651,11.8101399993324,11.8088399993324,1181040,"2026_06_04_0054","2026_06_04_0054_ev00179_rec0","no",476870
180,0,11.8395899993324,699.303097358011,733.36941464475,34.066317286739,0.569999999999737,13.2999999999992,20.3299999999995,708.567166622778,28.7501639193288,9.4468421057416,575.737357833352,11.8385699993324,11.8378699993324,1183959,"2026_06_04_0054","2026_06_04_0054_ev00180_rec0","no",476871
181,0,11.8951199993324,708.206434537352,720.414702184064,12.2082676467127,0.0299999999988643,7.26000000000049,8.3000000000002,689.616450569273,38.7809413447025,16.036724836155,-31.3364200903133,11.8951199993324,11.8950899993324,1189512,"2026_06_04_0054","2026_06_04_0054_ev00181_rec0","no",476872
182,0,11.9828699993324,701.983152826694,710.665762847763,8.68261002106908,0.129999999998631,1.48000000000081,1.89000000000128,695.78862868802,14.2038589460663,4.57751866728935,-118.269292096035,11.9826299993324,11.9823499993324,1198287,"2026_06_04_0054","2026_06_04_0054_ev00182_rec0","no",476873
183,0,12.1022399993324,713.706499729178,716.354581005781,2.64808127660331,0.0299999999988643,0.189999999999912,0,227.498170669768,485.8203867091,575.329673986745,-383.835237203353,12.1022399993324,12.1019799993324,1210224,"2026_06_04_0054","2026_06_04_0054_ev00183_rec0","no",476874
184,0,12.1411099993324,703.044065074201,709.141475117617,6.09741004341663,0.0999999999997669,30.2699999999998,29.9999999999994,78556.6144476784,-77858.6547616367,723994.579992654,-102.544571371994,12.1410199993324,12.1405299993324,1214111,"2026_06_04_0054","2026_06_04_0054_ev00184_rec0","no",476875
185,0,12.3175899993324,694.217848892573,696.956386014108,2.73853712153527,1.34000000000079,17.8100000000008,14.0799999999999,354204.6990183,-353517.381372436,628895.763275411,75.6674028289684,12.3155699993324,12.3138899993324,1231759,"2026_06_04_0054","2026_06_04_0054_ev00185_rec0","no",476876
186,0,12.3710499993324,701.527683198831,709.467150487367,7.93946728853621,0.0599999999995049,11.6000000000014,13.2700000000003,652.058166804771,60.9166181101286,88.1964052621761,65.5500949601092,12.3710499993324,12.3709899993324,1237105,"2026_06_04_0054","2026_06_04_0054_ev00186_rec0","no",476877
187,0,12.4253599993324,706.463901880073,715.917355890811,9.4534540107378,0.150000000001427,0.0499999999998835,0,697.249569081402,11.7630692544469,10.8641145786538,-155.650932558862,12.4253499993324,12.4251699993324,1242536,"2026_06_04_0054","2026_06_04_0054_ev00187_rec0","no",476878
188,0,12.4927599993324,694.555225091783,701.259271010206,6.70404591842328,0.129999999998631,14.1799999999996,12.6600000000003,316079.539497093,-315389.880055251,541187.535968678,116.695390024809,12.4927599993324,12.4926299993324,1249276,"2026_06_04_0054","2026_06_04_0054_ev00188_rec0","no",476879
189,0,12.5225499993324,711.393212602625,717.758924692902,6.36571209027716,0.0300000000006406,1.76999999999872,1.49000000000044,688.091952201416,30.7002450594865,8.32312115339662,-446.362022228819,12.5220499993324,12.5218599993324,1252255,"2026_06_04_0054","2026_06_04_0054_ev00189_rec0","no",476880
190,0,12.5710399993324,693.565292098197,701.744658777206,8.17936667900869,0.140000000000029,0.0999999999997669,0.719999999999388,689.936878151285,7.75894510555693,4.66810799576017,-71.8115904679258,12.5709499993324,12.5707899993324,1257104,"2026_06_04_0054","2026_06_04_0054_ev00190_rec0","no",476881
191,0,12.6232999993324,689.328895222256,698.984268623364,9.65537340110836,0.0900000000001455,10.1700000000005,11.2800000000011,689.124068905483,17.6052337850014,7.32932147276448,144.580623137921,12.6218999993324,12.6218099993324,1262330,"2026_06_04_0054","2026_06_04_0054_ev00191_rec0","no",476882
192,0,12.6920199993324,694.23258009463,701.258054565495,7.02547447086511,2.88999999999895,14.2900000000008,15.3800000000004,695.186218440518,11.3485219475001,7.96772125922108,142.036917050707,12.6914799993324,12.6883499993324,1269202,"2026_06_04_0054","2026_06_04_0054_ev00192_rec0","no",476883
193,0,12.7273699993324,705.151995166255,735.668801375102,30.5168062088472,2.58000000000003,3.77999999999901,2.90999999999997,693.156013401931,29.7334732784774,11.9254174838709,8.26379765281654,12.7272599993324,12.7238699993324,1272737,"2026_06_04_0054","2026_06_04_0054_ev00193_rec0","no",476884
194,0,12.7943199993324,702.419308917467,707.466436197017,5.04712727954995,0.0300000000006406,1.25999999999848,1.39000000000067,695.456237478083,11.3758112848062,5.48350229783724,-146.131318942242,12.7941499993324,12.7938399993324,1279432,"2026_06_04_0054","2026_06_04_0054_ev00194_rec0","no",476885
195,0,12.9978299993324,720.541340762283,726.814166316412,6.27282555412989,0.159999999999272,0.219999999998777,0.0300000000006406,709.32635557745,13.63870699125,4.28824734039098,-277.030655269863,12.9976799993324,12.9973799993324,1299783,"2026_06_04_0054","2026_06_04_0054_ev00195_rec0","no",476886
196,0,13.0354699993324,717.821717209127,719.879824006372,2.05810679724505,0.100000000001543,30.0200000000004,29.9999999999994,209526.836586999,-208821.73483669,586294.468081298,-221.115696167318,13.0354699993324,13.0353499993324,1303547,"2026_06_04_0054","2026_06_04_0054_ev00196_rec0","no",476887
197,0,13.0564499993324,715.42626006648,728.92618190269,13.4999218362099,0.510000000000232,0.530000000001252,1.17999999999974,671.842199683092,50.2339731329173,35.1980184210171,-291.08610594701,13.0564499993324,13.0558499993324,1305645,"2026_06_04_0054","2026_06_04_0054_ev00197_rec0","no",476888
198,0,13.0984499993324,696.336106428674,706.127221148634,9.79111471995986,0.00999999999962142,9.00000000000034,10.0099999999994,696.374083746357,15.8904440328281,6.72583574827615,120.273138513486,13.0973399993324,13.0973299993324,1309845,"2026_06_04_0054","2026_06_04_0054_ev00198_rec0","no",476889
199,0,13.1407799993324,692.093334354539,699.794155247818,7.70082089327957,0.629999999999242,14.7700000000004,17.2500000000007,-143596.354349995,144296.446855902,483215.6990881,121.20360800478,13.1401799993324,13.1395499993324,1314078,"2026_06_04_0054","2026_06_04_0054_ev00199_rec0","no",476890
200,0,13.1583399993324,694.874357953782,700.972360339789,6.09800238600712,0.43999999999933,24.8100000000004,21.2000000000003,85679.1111898525,-84987.5142765457,325590.81249539,26.8530005061028,13.1581499993324,13.1577099993324,1315834,"2026_06_04_0054","2026_06_04_0054_ev00200_rec0","no",476891
201,0,13.2083299993324,706.466149428928,709.601843263926,3.13569383499782,0.0800000000005241,30.0100000000008,29.56,134345.853173841,-133646.291980644,489798.215835709,-83.7908458028718,13.2082499993324,13.2081299993324,1320833,"2026_06_04_0054","2026_06_04_0054_ev00201_rec0","no",476892
202,0,13.2440499993324,716.69978303766,722.523013049054,5.82323001139332,1.24999999999886,0.180000000000291,0.270000000000437,700.456373919474,18.926691763777,9.54424061397859,-312.23970793664,13.2436499993324,13.2421199993324,1324405,"2026_06_04_0054","2026_06_04_0054_ev00202_rec0","no",476893
203,0,13.2946399993324,693.736892941678,700.96859468336,7.23170174168229,0.280000000000058,3.7300000000009,0.460000000000349,125852.727301699,-125156.457624603,399852.319906105,221.319153088155,13.2946399993324,13.2943599993324,1329464,"2026_06_04_0054","2026_06_04_0054_ev00203_rec0","no",476894
204,0,13.3693899993324,700.970328314584,707.492137946749,6.52180963216574,1.76999999999872,3.23999999999991,0,698.032521799188,4.75733415701325,3.1227556881562,-49.5188032223818,13.3692599993324,13.3651599993324,1336939,"2026_06_04_0054","2026_06_04_0054_ev00204_rec0","no",476895
205,0,13.4806399993324,706.03146551686,719.355521180222,13.3240556633618,0.669999999999504,2.94000000000061,1.26000000000026,696.15576008648,20.7212418323063,3.75377807421513,-209.171289380969,13.4789999993324,13.4780999993324,1348064,"2026_06_04_0054","2026_06_04_0054_ev00205_rec0","no",476896
206,0,13.5356099993324,710.02620118565,715.248483659764,5.22228247411329,0.220000000000553,28.3200000000008,24.7799999999998,716.613202595417,-14.5057002353637,21.8028964822789,-38.1696348604151,13.5356099993324,13.5352499993324,1353561,"2026_06_04_0054","2026_06_04_0054_ev00206_rec0","no",476897
207,0,13.7330399993324,707.449064363739,715.331461061661,7.88239669792199,0.0799999999987477,21.7900000000011,22.4299999999999,-40966.6648799982,41685.4098020903,111552.021969788,198.596910433415,13.7309899993324,13.7301899993324,1373304,"2026_06_04_0054","2026_06_04_0054_ev00207_rec0","no",476898
208,0,13.7891699993324,713.082455514862,724.515128904028,11.432673389166,0.160000000001048,5.75000000000081,4.72000000000072,711.555541307449,29.0168556785264,2.92021235202218,66.5927627918819,13.7875899993324,13.7874099993324,1378917,"2026_06_04_0054","2026_06_04_0054_ev00208_rec0","no",476899
209,0,13.8246699993324,720.446441774197,754.394319736609,33.9478779624119,2.4999999999995,5.10000000000055,3.11999999999912,707.118357424011,62.5663756106938,3.53946615700145,-92.4882113383032,13.8240599993324,13.8202799993324,1382467,"2026_06_04_0054","2026_06_04_0054_ev00209_rec0","no",476900
210,0,13.8994799993324,701.385819172641,713.098054753129,11.7122355804872,0.280000000000058,15.5399999999997,4.47000000000131,710.394297045474,-5.51498792097757,27.0558717821595,181.873500405412,13.8990299993324,13.8987499993324,1389948,"2026_06_04_0054","2026_06_04_0054_ev00210_rec0","no",476901
211,0,13.9152199993324,710.047160964794,721.29485232405,11.2476913592556,0.0999999999997669,0.0999999999997669,0,-42794.1713216639,43506.0662717283,117693.953186504,-109.826004128569,13.9151999993324,13.9150999993324,1391522,"2026_06_04_0054","2026_06_04_0054_ev00211_rec0","no",476902
212,0,14.0160999993324,715.047729906643,720.504675920159,5.45694601351522,0.0300000000006406,0.0599999999995049,0.11999999999901,704.042031849801,14.0109286930368,1.71112199973234,-305.857504242169,14.0160999993324,14.0160299993324,1401610,"2026_06_04_0054","2026_06_04_0054_ev00212_rec0","no",476903
213,0,14.0856899993324,702.212202843054,725.08825742196,22.8760545789064,0.429999999999708,8.52999999999859,6.99999999999967,696.984349108403,39.6481038746727,6.58051293774978,177.232691560196,14.0831699993324,14.0825099993324,1408569,"2026_06_04_0054","2026_06_04_0054_ev00213_rec0","no",476904
214,0,14.1216099993324,706.260602932564,710.503962218262,4.24335928569769,0.0199999999992428,0.0999999999997669,0,681.985570805018,23.5467208222048,23.9790030026005,-324.776983502751,14.1215599993324,14.1214899993324,1412161,"2026_06_04_0054","2026_06_04_0054_ev00214_rec0","no",476905
215,0,14.2029799993324,723.745823105459,725.835360968417,2.08953786295785,0.040000000000262,0.100000000001543,0,710.165323098441,13.9099855874,11.550525646165,-258.203955282284,14.2029799993324,14.2028599993324,1420298,"2026_06_04_0054","2026_06_04_0054_ev00215_rec0","no",476906
216,0,14.2248399993324,715.994384892972,725.03382743483,9.03944254185762,0.0299999999988643,0.00999999999962142,0,-103204.331380999,103918.253808823,192728.122673884,-304.734349267728,14.2248399993324,14.2248099993324,1422484,"2026_06_04_0054","2026_06_04_0054_ev00216_rec0","no",476907
217,0,14.2398299993324,710.589252579334,715.612811943718,5.02355936438335,0.0300000000006406,0,0,702.547596325409,3.95551706510452,3.08765815209076,-229.802891804352,14.2398299993324,14.2397999993324,1423983,"2026_06_04_0054","2026_06_04_0054_ev00217_rec0","no",476908
218,0,14.2598599993324,697.33124012724,708.919615076367,11.588374949127,0.0900000000001455,8.89000000000095,3.07999999999886,92793.9796897082,-92093.1727621287,349796.453179633,223.807697363618,14.2598599993324,14.2597699993324,1425986,"2026_06_04_0054","2026_06_04_0054_ev00218_rec0","no",476909
219,0,14.2928199993324,711.5451635065,735.373939426043,23.8287759195433,0.0599999999995049,2.7399999999993,1.63000000000046,708.980045589923,19.3973889970226,3.06380812815964,5.89867949142171,14.2920499993324,14.2901799993324,1429282,"2026_06_04_0054","2026_06_04_0054_ev00219_rec0","no",476910
220,0,14.3570199993324,708.02497623922,713.485481962612,5.46050572339141,0.0199999999992428,30.0100000000008,30.0000000000011,20052.7135752131,-19349.8743984729,247375.158979326,-120.371073594965,14.3570199993324,14.3569999993324,1435702,"2026_06_04_0054","2026_06_04_0054_ev00220_rec0","no",476911
221,0,14.4504499993324,701.643568609214,709.703652316247,8.06008370703296,0.0200000000010192,30.0200000000004,29.9999999999994,43052.8284885,-42355.5647240486,721977.733806155,-104.672651116043,14.4503999993324,14.4503799993324,1445045,"2026_06_04_0054","2026_06_04_0054_ev00221_rec0","no",476912
222,0,14.5551899993324,700.725259689275,713.704060222193,12.9788005329182,2.13999999999892,11.0700000000001,11.0399999999995,698.544073490646,24.0479967217706,8.92612025844073,189.388644603626,14.5544599993324,14.5517699993324,1455519,"2026_06_04_0054","2026_06_04_0054_ev00222_rec0","no",476913
223,0,14.6129999993324,716.648860268894,741.077154442814,24.4282941739201,3.05,0.87999999999866,3.77999999999901,703.51443319404,26.3670096330098,21.8241688271638,80.2036180667603,14.6127499993324,14.6077499993324,1461300,"2026_06_04_0054","2026_06_04_0054_ev00223_rec0","no",476914
224,0,14.6792299993324,723.450039562037,738.853467224899,15.4034276628621,0.0199999999992428,0.00999999999962142,0,704.175664544941,24.9751017246512,5.70671863790171,-435.517076647061,14.6791299993324,14.6791099993324,1467923,"2026_06_04_0054","2026_06_04_0054_ev00224_rec0","no",476915
225,0,14.7023599993324,705.842066341358,717.815798917308,11.9737325759496,0.0299999999988643,30.0200000000004,30.0000000000011,67808.7776304849,-67107.8334266509,506018.82706691,-87.1232756041632,14.7023599993324,14.7023299993324,1470236,"2026_06_04_0054","2026_06_04_0054_ev00225_rec0","no",476916
226,0,14.7512599993324,706.610246964619,746.170034554463,39.5597875898442,1.87999999999988,17.8900000000013,29.9999999999994,721.017832317584,32.0317051275764,7.54533112980476,827.237802878795,14.7478199993324,14.7457499993324,1475126,"2026_06_04_0054","2026_06_04_0054_ev00226_rec0","no",476917
227,0,14.8581999993324,721.663276700375,732.289736345776,10.6264596454012,2.59999999999927,1.93999999999939,1.09999999999921,713.965212369326,14.9115654071333,4.40868748528821,-144.459641485901,14.8579999993324,14.8537699993324,1485820,"2026_06_04_0054","2026_06_04_0054_ev00227_rec0","no",476918
228,0,14.8823599993324,714.324975613558,723.65730953003,9.33233391647229,0.0199999999992428,0.0200000000010192,0,-3048.73431604318,3763.59092212479,10605.2402060887,-143.461777740923,14.8823499993324,14.8823299993324,1488236,"2026_06_04_0054","2026_06_04_0054_ev00228_rec0","no",476919
229,0,14.9441799993324,705.191409290866,740.186793784959,34.9953844940931,5.94000000000072,15.72,11.59,697.738559966846,46.4222332127936,14.0934009043547,596.995921074723,14.9417399993324,14.9356399993324,1494418,"2026_06_04_0054","2026_06_04_0054_ev00229_rec0","no",476920
230,1,26.6910160302162,717.319930022587,753.522401214471,36.202471191884,3.00000000000011,4.82000000000227,4.3500000000023,718.413390390942,31.5007648612919,4.62453169209506,251.198217336875,26.6909860302162,26.6879060302162,2435,"2026_06_04_0054","2026_06_04_0054_ev00230_rec1","no",476921
231,1,26.8574760302162,714.657857140811,718.77241310475,4.11455596393887,0.0399999999984857,0,0,708.178092145661,6.48624373882293,1.67882398165753,-183.29519828661,26.8574760302162,26.8574360302162,19081,"2026_06_04_0054","2026_06_04_0054_ev00231_rec1","no",476922
232,1,26.9039060302162,706.982498542534,713.069086936252,6.08658839371844,0.11999999999901,4.70999999999933,5.37999999999883,703.914276205876,13.4162253513767,5.81664523895468,-9.25419144066907,26.9037560302162,26.9034060302162,23724,"2026_06_04_0054","2026_06_04_0054_ev00232_rec1","no",476923
233,1,27.0207260302162,702.841481014335,710.880684724992,8.03920371065703,0.11999999999901,10.2899999999977,11.5499999999997,690.023660035144,26.1822042563506,22.8482881864253,57.5979160232073,27.0204560302162,27.0203360302162,35406,"2026_06_04_0054","2026_06_04_0054_ev00233_rec1","no",476924
234,1,27.1951060302162,697.710889610228,706.227368053345,8.51647844311765,0.569999999999737,30.6400000000018,30.0000000000011,705.055279886189,10.641529524661,3.44235836970652,272.584444303981,27.1947560302162,27.1941860302162,52844,"2026_06_04_0054","2026_06_04_0054_ev00234_rec1","no",476925
235,1,27.2554760302162,692.894452302091,701.872065442849,8.97761314075842,0.160000000001048,6.82999999999723,8.73999999999953,693.090314567077,11.2000587539925,6.84966413319937,85.3026476959714,27.2553660302162,27.2552060302162,58881,"2026_06_04_0054","2026_06_04_0054_ev00235_rec1","no",476926
236,1,27.3214760302162,711.642535520463,715.192654456467,3.55011893600397,0.289999999999679,0.370000000000203,0.229999999998398,702.353457830744,11.60931852026,2.52060542311033,-250.389191004349,27.3210860302162,27.3204260302162,65481,"2026_06_04_0054","2026_06_04_0054_ev00236_rec1","no",476927
237,1,27.4495260302162,693.173713471771,704.006628228359,10.8329147565883,1.15999999999872,31.5099999999973,30.0000000000011,697.930012717516,13.8255470697918,9.57580166661942,313.38296815011,27.4482960302162,27.4471360302162,78286,"2026_06_04_0054","2026_06_04_0054_ev00237_rec1","no",476928
238,1,27.5393360302162,702.271852415804,713.221546591898,10.9496941760939,0.300000000002854,30.0399999999996,26.2999999999991,161374.169874938,-160673.353954446,767255.905668367,54.2007069739438,27.5391960302162,27.5386060302162,87267,"2026_06_04_0054","2026_06_04_0054_ev00238_rec1","no",476929
239,1,27.6131260302162,702.903540901361,734.786378686284,31.882837784923,1.92000000000192,12.8899999999987,15.6799999999997,708.349119379173,30.9297322336933,9.90239950805167,536.895414224155,27.6120260302162,27.6096160302162,94646,"2026_06_04_0054","2026_06_04_0054_ev00239_rec1","no",476930
240,1,27.6829360302162,703.559284084418,713.6400203395,10.0807362550814,0.00999999999962142,30.5399999999985,30.0000000000011,712.756311017567,11.977949805716,4.73169243092739,342.708574008344,27.6823160302162,27.6823060302162,101627,"2026_06_04_0054","2026_06_04_0054_ev00240_rec1","no",476931
241,1,27.7247060302162,697.808411737076,709.56678379912,11.7583720620447,0.219999999998777,5.08999999999915,0,7658.76523862693,-6955.17029134961,359427.499193693,188.403627809821,27.7245060302162,27.7242860302162,105804,"2026_06_04_0054","2026_06_04_0054_ev00241_rec1","no",476932
242,1,27.8005960302162,714.372566566354,722.515595613644,8.14302904729004,0.220000000002329,3.60999999999834,2.30000000000175,697.758076014069,25.0268002588199,9.45554626146974,-209.638889704987,27.7932260302162,27.7924960302162,113393,"2026_06_04_0054","2026_06_04_0054_ev00242_rec1","no",476933
243,1,27.8693860302162,723.178600143376,739.175951652697,15.9973515093211,0.339999999997787,4.53999999999866,6.00000000000023,-620072.651272795,620810.000680766,451603.66194026,-188.08528017766,27.8691360302162,27.8687960302162,120272,"2026_06_04_0054","2026_06_04_0054_ev00243_rec1","no",476934
244,1,27.9929260302162,712.708711676132,745.971845387711,33.2631337115788,2.3699999999991,9.37000000000054,10.8500000000014,-455168.385575587,455902.998683552,515187.520779387,345.641619270445,27.9908160302162,27.9883860302162,132626,"2026_06_04_0054","2026_06_04_0054_ev00244_rec1","no",476935
245,1,28.0534960302162,722.66732111075,735.643820730477,12.9764996197277,0.0400000000020384,0.0199999999992428,0,714.725774693779,11.8679880683728,2.23858750323961,-211.628209538925,28.0534860302162,28.0534360302162,138683,"2026_06_04_0054","2026_06_04_0054_ev00245_rec1","no",476936
246,1,28.1405760302162,698.642318381362,705.304773848882,6.66245546751986,0.489999999999213,9.8099999999981,14.5499999999998,700.745585637591,15.2997442257205,3.88462386441371,131.738295551145,28.1402460302162,28.1397560302162,147391,"2026_06_04_0054","2026_06_04_0054_ev00246_rec1","no",476937
247,1,28.1831560302162,714.016917351527,726.535129635605,12.5182122840778,1.78999999999974,2.25999999999971,1.73999999999808,700.513230340622,23.7271746994433,6.46790628491726,-241.742289616607,28.1830260302162,28.1810160302162,151649,"2026_06_04_0054","2026_06_04_0054_ev00247_rec1","no",476938
248,1,28.2842760302162,693.67938590829,703.697746043278,10.0183601349887,0.0299999999988643,0.64000000000064,0,44334.9610342115,-43631.5600247605,328640.594394124,361.135903834907,28.2836460302162,28.2836160302162,161761,"2026_06_04_0054","2026_06_04_0054_ev00248_rec1","no",476939
249,1,28.3795960302162,717.641700342126,724.668611638801,7.02691129667551,0.75999999999965,11.9900000000008,12.9899999999985,-44263.0609828822,44994.6555906262,51492.8427304661,34.7149195754457,28.3795460302162,28.3787860302162,171293,"2026_06_04_0054","2026_06_04_0054_ev00249_rec1","no",476940
250,1,28.4353960302162,724.64780071277,736.364016591011,11.7162158782411,0.0800000000005241,30.03,30.0000000000011,64852.931833932,-64133.1718298867,431286.338709238,-78.4355852738743,28.4352360302162,28.4351260302162,176873,"2026_06_04_0054","2026_06_04_0054_ev00250_rec1","no",476941
251,1,28.5723960302162,692.960194745686,702.062301225056,9.1021064793706,0.669999999999504,10.1299999999966,12.6300000000015,694.761893145546,16.2086600121209,5.40436260757313,159.399053586307,28.5719460302162,28.5712760302162,190573,"2026_06_04_0054","2026_06_04_0054_ev00251_rec1","no",476942
252,1,28.6213260302162,697.881603834503,708.377689224602,10.4960853900986,0.0900000000001455,10.5800000000009,11.6399999999999,692.059717031587,25.3120829751724,12.1426926037825,155.632713537646,28.6204160302162,28.6180460302162,195466,"2026_06_04_0054","2026_06_04_0054_ev00252_rec1","no",476943
253,1,28.6699460302162,710.138563288635,742.057588233344,31.919024944709,1.38000000000105,8.71000000000066,8.15000000000055,699.341055081511,51.5217752198859,9.89044067772055,209.391700359453,28.6695060302162,28.6676860302162,200328,"2026_06_04_0054","2026_06_04_0054_ev00253_rec1","no",476944
254,1,28.7188960302162,713.183232434517,720.926983961184,7.7437515266671,0.46999999999997,1.74000000000163,1.47000000000119,702.213189284162,17.0531308008164,7.01804431412446,-203.135315888471,28.7183560302162,28.7178660302162,205223,"2026_06_04_0054","2026_06_04_0054_ev00254_rec1","no",476945
255,1,28.8604260302162,713.190702790117,725.66979433043,12.4790915403132,0.0200000000027956,28.9400000000022,26.4699999999962,268575.29519414,-267874.954389681,405974.716818302,-88.7880806660049,28.8604260302162,28.8603960302162,219376,"2026_06_04_0054","2026_06_04_0054_ev00255_rec1","no",476946
256,1,28.8904060302162,719.986879501545,761.811639989824,41.8247604882789,1.70999999999921,8.31000000000159,9.00000000000034,716.711240076085,57.4159512603876,8.0446980838208,429.123669236456,28.8896660302162,28.8878260302162,222374,"2026_06_04_0054","2026_06_04_0054_ev00256_rec1","no",476947
257,1,28.9420160302162,712.364878027523,720.937639943049,8.57276191552648,0.189999999999912,15.3800000000004,26.5400000000007,715.360823423675,18.6100005034375,5.69419836849424,198.589833779784,28.9420160302162,28.9418260302162,227535,"2026_06_04_0054","2026_06_04_0054_ev00257_rec1","no",476948
258,1,28.9657260302162,704.392615053863,715.240243785651,10.8476287317883,0.11999999999901,30.4499999999983,29.9999999999976,710.903063937879,10.3331019142471,3.00719665649124,243.342586716994,28.9647260302162,28.9645960302162,229906,"2026_06_04_0054","2026_06_04_0054_ev00258_rec1","no",476949
259,1,29.0663360302162,708.729367551701,712.886697210556,4.15732965885468,0.030000000002417,30.2299999999995,29.9999999999976,98704.7880411211,-98003.5197228128,535940.789917226,-141.317377989087,29.0661560302162,29.0660260302162,239967,"2026_06_04_0054","2026_06_04_0054_ev00259_rec1","no",476950
260,1,29.1400760302162,697.947770454323,706.667024995637,8.71925454131474,0.140000000001805,9.07000000000124,12.4600000000008,700.18225364225,13.0790336259029,4.83120895585401,142.211125324338,29.1393760302162,29.1392360302162,247341,"2026_06_04_0054","2026_06_04_0054_ev00260_rec1","no",476951
261,1,29.2827360302162,700.209904582909,703.411191881302,3.20128729839291,0.259999999997262,30.6099999999994,30.0000000000011,101563.808967831,-100872.464067455,521601.955853486,-175.71406927021,29.2822560302162,29.2814360302162,261607,"2026_06_04_0054","2026_06_04_0054_ev00261_rec1","no",476952
262,1,29.3274760302162,692.593688511982,701.713283864768,9.11959535278629,0.160000000001048,12.8400000000006,9.69000000000264,345417.673269794,-344725.396783992,904670.575444538,165.095973627424,29.3273660302162,29.3272060302162,266081,"2026_06_04_0054","2026_06_04_0054_ev00262_rec1","no",476953
263,1,29.3521560302162,705.410754382597,718.25371432987,12.8429599472732,0.129999999998631,0.0199999999992428,0,696.631155185114,13.4074272282351,3.40447082895087,-216.820916681909,29.3521460302162,29.3519060302162,268549,"2026_06_04_0054","2026_06_04_0054_ev00263_rec1","no",476954
264,1,29.4109060302162,697.193027714005,705.482307986597,8.28928027259269,0.52000000000163,10.6700000000011,12.6799999999996,696.676012178312,17.1426418980457,8.09984962370915,133.272875378481,29.4105660302162,29.4100460302162,274424,"2026_06_04_0054","2026_06_04_0054_ev00264_rec1","no",476955
265,1,29.5227760302162,710.249176431617,718.712309627391,8.46313319577325,0.00999999999962142,30.0100000000008,30.0000000000011,203133.674002795,-202429.528493422,743487.924171254,-60.442142089789,29.5227760302162,29.5227360302162,285611,"2026_06_04_0054","2026_06_04_0054_ev00265_rec1","no",476956
266,1,29.5665260302162,700.561538162226,707.924602742297,7.36306458007141,0.229999999998398,30.6499999999978,29.9999999999976,708.182465578387,2.74609139412261,1.72087706440913,252.519960296739,29.5653660302162,29.5651360302162,289986,"2026_06_04_0054","2026_06_04_0054_ev00266_rec1","no",476957
267,1,29.6202360302162,703.362150898537,711.29146556364,7.92931466510208,0.160000000001048,22.2100000000012,16.8800000000005,112844.419169772,-112141.441941003,570414.392819319,81.0619817352477,29.6200460302162,29.6198760302162,295357,"2026_06_04_0054","2026_06_04_0054_ev00267_rec1","no",476958
268,1,29.7294960302162,713.547781311028,719.331145557413,5.78336424638496,0.650000000000261,20.8800000000018,19.6900000000007,645118.310474537,-644416.058448219,944195.003861726,-26.2786665887792,29.7292360302162,29.7282960302162,306283,"2026_06_04_0054","2026_06_04_0054_ev00268_rec1","no",476959
269,1,29.7565260302162,716.012252410826,734.972227345206,18.9599749343802,0.0600000000012813,5.48999999999822,5.35999999999959,702.115377950082,37.2464476449119,9.29148120465251,-49.5178487289942,29.7542560302162,29.7536060302162,308986,"2026_06_04_0054","2026_06_04_0054_ev00269_rec1","no",476960
270,1,29.8283760302162,713.285224214967,716.869738451261,3.58451423629333,0.0500000000016598,30.0299999999964,28.4999999999975,715.64440190364,-8.93760657886503,13.207997342297,-35.0186366094177,29.8283760302162,29.8283260302162,316171,"2026_06_04_0054","2026_06_04_0054_ev00270_rec1","no",476961
271,1,29.9065560302162,733.395810454799,740.01235798139,6.61654752659035,0.030000000002417,0.109999999999388,0,717.216149990701,8.38622496844457,3.63638787148138,-458.756722825871,29.9064260302162,29.9063960302162,323989,"2026_06_04_0054","2026_06_04_0054_ev00271_rec1","no",476962
272,1,29.9333360302162,723.107213321718,725.451998077708,2.34478475599008,0.0199999999992428,0.0399999999984857,0,709.357600909998,14.3865536005309,17.9931005491774,-199.165533317451,29.9326960302162,29.9325660302162,326667,"2026_06_04_0054","2026_06_04_0054_ev00272_rec1","no",476963
273,1,29.9665160302162,713.865518051981,716.093021130315,2.22750307833405,0.0999999999997669,2.78000000000134,2.91999999999959,704.337972956783,16.1277200109349,6.57490593210303,-180.219811287975,29.9665160302162,29.9663560302162,329985,"2026_06_04_0054","2026_06_04_0054_ev00273_rec1","no",476964
274,1,29.9968960302162,690.117079222594,703.092752646086,12.9756734234915,0.140000000001805,1.50999999999613,0,37117.0853453419,-36413.5247129133,750664.698987345,482.077057257406,29.9940960302162,29.9939560302162,333023,"2026_06_04_0054","2026_06_04_0054_ev00274_rec1","no",476965
275,1,30.0503360302162,709.438546559483,719.401564867412,9.96301830792902,0.00999999999962142,0.00999999999962142,0,697.384034283634,9.23682820194916,9.66722662321675,-276.270384354426,30.0503260302162,30.0503160302162,338367,"2026_06_04_0054","2026_06_04_0054_ev00275_rec1","no",476966
276,1,30.1784360302162,713.408417898282,715.739176881538,2.33075898325649,0,0,0.0600000000012813,700.97290286213,13.5912265883529,2.87445325914815,-333.984704231175,30.1784360302162,30.1783960302162,351177,"2026_06_04_0054","2026_06_04_0054_ev00276_rec1","no",476967
277,1,30.2116660302162,690.401760893899,700.767371523399,10.3656106295001,0.0499999999981071,3.91999999999726,5.27999999999906,690.279335060901,12.0159496600087,4.75829615990276,57.2706400790877,30.2116560302162,30.2116060302162,354500,"2026_06_04_0054","2026_06_04_0054_ev00277_rec1","no",476968
278,1,30.2360060302162,681.142097825403,711.688418715252,30.5463208898493,2.26999999999933,6.20999999999938,7.51999999999953,688.323895160775,25.7261157431715,4.10807029296112,376.991399545778,30.2359460302162,30.2334060302162,356934,"2026_06_04_0054","2026_06_04_0054_ev00278_rec1","no",476969
279,1,30.2725160302162,698.305857003497,701.992894678479,3.6870376749813,0.329999999998165,17.1899999999994,12.7499999999969,423155.017810141,-422463.67453111,647042.02900557,108.621470852136,30.2713760302162,30.2687360302162,360585,"2026_06_04_0054","2026_06_04_0054_ev00279_rec1","no",476970
280,1,30.3013360302162,706.237190347691,730.269643300827,24.0324529531357,1.71000000000276,31.8599999999982,29.9999999999976,719.019228888915,7.68937712200158,3.4578685910764,464.503028059637,30.3004960302162,30.2975860302162,363467,"2026_06_04_0054","2026_06_04_0054_ev00280_rec1","no",476971
281,1,30.3909260302162,706.162088874903,713.738576836034,7.57648796113131,0.0199999999992428,6.47999999999982,5.41000000000125,706.760065791331,13.0945761888048,3.03457701845314,84.4658056022168,30.3883960302162,30.3882460302162,372426,"2026_06_04_0054","2026_06_04_0054_ev00281_rec1","no",476972
282,1,30.5784360302162,721.371178608548,725.193145870275,3.82196726172629,0.0199999999992428,0.909999999997524,0,711.477847890301,2.31294645708702,3.51385434358623,-288.843579314725,30.5773760302162,30.5770560302162,391177,"2026_06_04_0054","2026_06_04_0054_ev00282_rec1","no",476973
283,1,30.6131460302162,716.401979018048,721.627995979765,5.22601696171728,0.00999999999962142,0.0499999999981071,0.17000000000067,707.80098258526,11.1317871674143,3.00256474266211,-224.286941228818,30.6131060302162,30.6130860302162,394648,"2026_06_04_0054","2026_06_04_0054_ev00283_rec1","no",476974
284,1,30.6767960302162,718.637537587987,732.421813964844,13.7842763768564,1.5199999999993,11.6099999999975,8.23999999999714,685.751403056275,50.946719773784,28.0859125065939,-12.9272763091757,30.6735660302162,30.6720060302162,401013,"2026_06_04_0054","2026_06_04_0054_ev00284_rec1","no",476975
285,1,30.7605360302162,697.982273819423,700.073181152344,2.09090733292078,0.0600000000012813,2.15999999999994,2.1899999999988,690.142549785982,15.7845162807215,3.61497335618171,-177.850825243658,30.7605360302162,30.7604560302162,409387,"2026_06_04_0054","2026_06_04_0054_ev00285_rec1","no",476976
286,1,30.8349360302162,699.341967894299,703.735290527344,4.39332263304459,0.450000000000728,3.55000000000061,3.62000000000151,696.914379429062,11.8718862267519,3.36666698021936,-27.6773584951257,30.8348460302162,30.8343360302162,416827,"2026_06_04_0054","2026_06_04_0054_ev00286_rec1","no",476977
287,1,30.9222060302162,702.514587402344,712.280212402344,9.765625,0.129999999998631,6.66000000000011,29.9999999999976,706.50962871154,7.0450725175291,3.19472727982179,145.1904296875,30.9220660302162,30.9219360302162,425554,"2026_06_04_0054","2026_06_04_0054_ev00287_rec1","no",476978
288,1,31.0034060302162,710.902389073136,724.487243652344,13.5848545792079,0.389999999999446,4.27999999999784,3.98999999999816,707.299699642325,27.0024790657387,3.49453660340939,28.9267964882419,31.0012160302162,31.0007560302162,433674,"2026_06_04_0054","2026_06_04_0054_ev00288_rec1","no",476979
289,1,31.0833960302162,712.413160267443,744.018493652344,31.605333384901,1.65000000000148,9.46000000000069,30.0000000000011,726.679158049598,18.6147844046993,1.66285316429463,585.719767655476,31.0798260302162,31.0780560302162,441673,"2026_06_04_0054","2026_06_04_0054_ev00289_rec1","no",476980
290,1,31.2257960302162,700.073181152344,706.787048339844,6.7138671875,0.150000000001427,30.4099999999998,29.9999999999976,707.945450774125,5.80090881221977,1.36355238727447,252.899169921875,31.2255260302162,31.2253760302162,455913,"2026_06_04_0054","2026_06_04_0054_ev00290_rec1","no",476981
291,1,31.2490060302162,699.632035963606,721.435485839844,21.8034498762377,0.379999999999825,34.8100000000002,30.0000000000011,712.637802369395,8.66316286273583,1.45393968032861,480.143360100171,31.2447060302162,31.2437660302162,458234,"2026_06_04_0054","2026_06_04_0054_ev00291_rec1","no",476982
292,1,31.2685060302162,706.787048339844,718.994079589844,12.20703125,0.0600000000012813,5.16000000000005,6.20999999999938,704.840176288851,20.5639442782894,5.36140746038582,57.7117919921875,31.2681260302162,31.2680660302162,460184,"2026_06_04_0054","2026_06_04_0054_ev00292_rec1","no",476983
293,1,31.4497760302162,706.575540372641,709.228454589844,2.65291421720292,0.0499999999981071,1.15999999999872,0.540000000000873,702.623233805632,8.97765621739497,0.90381366302546,-107.973306485924,31.4490360302162,31.4489760302162,478311,"2026_06_04_0054","2026_06_04_0054_ev00293_rec1","no",476984
294,1,31.4705260302162,709.536651913482,718.383728027344,8.84707611386136,0.0299999999988643,0.0299999999988643,0,701.318885895882,9.50847342150782,2.82718730635076,-219.339714427986,31.4705260302162,31.4704860302162,480386,"2026_06_04_0054","2026_06_04_0054_ev00294_rec1","no",476985
295,1,31.5237760302162,709.343273200611,717.163024902344,7.81975170173268,0.0900000000001455,0.639999999997087,0.919999999997145,697.979249300172,16.2320711735532,7.07487564559091,-226.523763826578,31.5236060302162,31.5235160302162,485711,"2026_06_04_0054","2026_06_04_0054_ev00295_rec1","no",476986
296,1,31.5494960302162,704.04953093576,706.787048339844,2.7375174040842,0.260000000000815,1.43000000000271,1.27000000000166,681.735963948372,29.0396291823417,5.78674863782913,-500.850141166459,31.5494260302162,31.5491660302162,488283,"2026_06_04_0054","2026_06_04_0054_ev00296_rec1","no",476987
297,1,31.6402460302162,690.917907714844,708.618103027344,17.7001953125,0.370000000000203,30.7899999999961,29.9999999999976,706.624636005599,7.71368968770525,2.51329847944023,508.1298828125,31.6398160302162,31.6394460302162,497358,"2026_06_04_0054","2026_06_04_0054_ev00297_rec1","no",476988
298,1,31.6690560302162,710.41289920618,716.552673339844,6.13977413366342,0.0299999999988643,0.0400000000020384,0,-69016.4050124081,69717.0533389965,151849.930065823,-499.101786094135,31.6690060302162,31.6689760302162,500239,"2026_06_04_0054","2026_06_04_0054_ev00298_rec1","no",476989
299,1,31.7771760302162,691.528259277344,701.904235839844,10.3759765625,0.00999999999962142,5.36999999999921,30.0000000000011,696.199577688194,10.6129917388763,1.48788147943923,167.596435546875,31.7763360302162,31.7762960302162,511051,"2026_06_04_0054","2026_06_04_0054_ev00299_rec1","no",476990
300,1,31.8080660302162,689.086853027344,697.631774902344,8.544921875,0.109999999999388,3.20999999999927,30.0000000000011,693.11827925286,1.17323311084147,1.78262962808821,129.812622070312,31.8077360302162,31.8076260302162,514140,"2026_06_04_0054","2026_06_04_0054_ev00300_rec1","no",476991
301,1,31.8364660302162,699.946276372022,709.228454589844,9.28217821782175,1.03000000000009,3.36999999999676,1.24999999999886,688.418307423752,27.7918570295472,2.01065891958555,-275.070311291384,31.8352060302162,31.8341660302162,516980,"2026_06_04_0054","2026_06_04_0054_ev00301_rec1","no",476992
302,1,31.8784760302162,694.924472922146,758.056579589844,63.1321066676981,4.50999999999979,9.45999999999714,9.1200000000029,693.727394606025,64.1689287441699,9.49492374872191,727.510780863244,31.8774760302162,31.8729060302162,521181,"2026_06_04_0054","2026_06_04_0054_ev00302_rec1","no",476993
303,1,31.9371460302162,711.548999144299,721.435485839844,9.88648669554459,0.030000000002417,4.2599999999986,0.610000000001776,702.423073840915,23.595567583195,0.996812621887337,-232.255931892016,31.9332860302162,31.9332460302162,527048,"2026_06_04_0054","2026_06_04_0054_ev00303_rec1","no",476994
304,1,31.9723660302162,711.13202629467,718.383728027344,7.25170173267327,0.479999999999592,0.569999999999737,0,682.235940820079,28.362057585134,25.284994215747,-368.08009383702,31.9722260302162,31.9717460302162,530570,"2026_06_04_0054","2026_06_04_0054_ev00304_rec1","no",476995
305,1,32.0274960302162,697.939972225982,862.426696777344,164.486724551361,15.4399999999981,31.3400000000001,25.8099999999999,-1129101.06792234,1129952.75459743,313986.398172555,4276.13078202351,32.0266060302162,32.0110660302162,536083,"2026_06_04_0054","2026_06_04_0054_ev00305_rec1","no",476996
306,1,32.0862760302162,708.007751464844,718.994079589844,10.986328125,0.160000000001048,30.3599999999946,30.0000000000011,716.297106178364,3.34905128006817,1.72591761620975,270.458984375,32.0853460302162,32.0851760302162,541961,"2026_06_04_0054","2026_06_04_0054_ev00306_rec1","no",476997
307,1,32.1305460302162,705.566345214844,715.331970214844,9.765625,0.250000000001194,14.3699999999995,16.7799999999971,-343889.279545986,344606.37127976,730901.832702992,138.253784179688,32.1305260302162,32.1302160302162,546388,"2026_06_04_0054","2026_06_04_0054_ev00307_rec1","no",476998
308,1,32.1459560302162,711.041380023012,714.111267089844,3.06988706683171,0.0900000000001455,0.0799999999969714,0,706.691563863069,4.92163818043704,4.41853526677069,-109.213921575262,32.1459560302162,32.1458560302162,547929,"2026_06_04_0054","2026_06_04_0054_ev00308_rec1","no",476999
309,1,32.1708160302162,697.631774902344,708.618103027344,10.986328125,0.669999999999504,10.5300000000028,13.9899999999997,700.574564915608,17.6845079673275,5.07251177297002,192.230224609375,32.1704860302162,32.1698160302162,550415,"2026_06_04_0054","2026_06_04_0054_ev00309_rec1","no",477000
310,1,32.2164260302162,697.631774902344,706.787048339844,9.1552734375,0.340000000001339,14.0000000000029,16.8099999999995,698.238912807115,16.2476468244023,9.52143798988418,186.541748046875,32.2153960302162,32.2150560302162,554976,"2026_06_04_0054","2026_06_04_0054_ev00310_rec1","no",477001
311,1,32.2945960302162,692.138610839844,706.787048339844,14.6484375,0.440000000004659,30.4799999999972,30.0000000000011,700.920026138728,16.2405970714923,1.85759896362281,303.619384765625,32.2945460302162,32.2941060302162,562793,"2026_06_04_0054","2026_06_04_0054_ev00311_rec1","no",477002
312,1,32.3536360302162,711.959928909151,729.370056152344,17.4101272431931,4.50999999999624,9.52999999999804,4.17999999999807,716.368480002163,13.7525652297891,2.18762095902197,205.639164990718,32.3512560302162,32.3465960302162,568697,"2026_06_04_0054","2026_06_04_0054_ev00312_rec1","no",477003
313,1,32.3703660302162,718.897390233408,722.045837402344,3.1484471689356,0,1.08000000000175,1.67000000000428,-125602.306773594,126323.537001081,180357.952893524,-245.350329710707,32.3703660302162,32.3703260302162,570370,"2026_06_04_0054","2026_06_04_0054_ev00313_rec1","no",477004
314,1,32.4507060302162,706.787048339844,715.331970214844,8.544921875,0.510000000005562,8.00999999999874,9.59999999999894,708.553699096602,20.7088923614635,3.55803015563276,135.906982421875,32.4507060302162,32.4501960302162,578404,"2026_06_04_0054","2026_06_04_0054_ev00314_rec1","no",477005
315,1,32.4747060302162,698.852478027344,708.007751464844,9.1552734375,0.0299999999953116,3.5699999999963,3.07000000000102,715.293472739874,2.72130046211379,0.0973422587105089,507.60498046875,32.4737860302162,32.4737560302162,580804,"2026_06_04_0054","2026_06_04_0054_ev00315_rec1","no",477006
316,1,32.5159260302162,711.26497415977,749.511657714844,38.2466835550742,1.31999999999977,41.3899999999998,30.0000000000011,-317440.59927385,318193.535240068,349019.143402632,1389.96633397471,32.5001060302162,32.4987060302162,584926,"2026_06_04_0054","2026_06_04_0054_ev00316_rec1","no",477007
317,1,32.7185960302162,715.954407946898,719.604431152344,3.65002320544556,0.0100000000031741,0.0299999999953116,0,699.919649818102,17.0302824572593,5.24979413543443,-391.769258102568,32.7185660302162,32.7185560302162,605193,"2026_06_04_0054","2026_06_04_0054_ev00317_rec1","no",477008
318,1,32.8108260302162,717.308058936997,725.097595214844,7.78953627784654,0.190000000003465,0.0500000000016598,0.0900000000001455,654.00205094199,66.4462098072647,22.8753882118512,-788.560138362469,32.8107960302162,32.8105760302162,614416,"2026_06_04_0054","2026_06_04_0054_ev00318_rec1","no",477009
319,1,32.8534960302162,691.788111922765,725.707946777344,33.9198348545792,6.03999999999871,36.050000000003,30.0000000000011,712.28153844546,5.59776900834842,2.04575531324084,747.647699035041,32.8504060302162,32.8442560302162,618683,"2026_06_04_0054","2026_06_04_0054_ev00319_rec1","no",477010
320,1,32.9430560302162,720.915780549002,725.097595214844,4.18181466584156,0.160000000001048,1.21999999999645,1.40000000000384,703.650013184524,22.6724622725211,7.50347555252023,-349.080393574026,32.9429560302162,32.9427960302162,627639,"2026_06_04_0054","2026_06_04_0054_ev00320_rec1","no",477011
321,1,33.0063060302162,707.167762680809,734.252868652344,27.0851059715346,0.830000000000553,38.3900000000068,30.0000000000011,721.561924845539,16.6541972147395,7.80235686849416,776.087785475324,32.9985860302162,32.9976360302162,633964,"2026_06_04_0054","2026_06_04_0054_ev00321_rec1","no",477012
322,1,33.0477060302162,733.708991022393,745.849548339844,12.1405573174505,0.340000000001339,3.1099999999995,2.9000000000039,715.251958595955,26.7756862249227,18.8192738906336,-142.545703850169,33.0467960302162,33.0462360302162,638104,"2026_06_04_0054","2026_06_04_0054_ev00322_rec1","no",477013
323,1,33.1353560302162,701.293884277344,709.228454589844,7.9345703125,0.379999999999825,15.6200000000055,17.6799999999986,702.189442151409,13.5692039968135,9.33185080723116,173.782348632812,33.1339660302162,33.1335860302162,646869,"2026_06_04_0054","2026_06_04_0054_ev00323_rec1","no",477014
324,1,33.2069860302162,697.631774902344,703.735290527344,6.103515625,0.109999999999388,30.0200000000075,29.7600000000031,702.111642236818,8.75004660727475,0.942402353277889,146.37451171875,33.2068060302162,33.2066960302162,654032,"2026_06_04_0054","2026_06_04_0054_ev00324_rec1","no",477015
325,1,33.2356760302162,698.852478027344,706.787048339844,7.9345703125,0.320000000002096,7.03000000000031,7.58000000000436,684.404277562652,28.5996574648383,15.2277343521921,-53.9093017578125,33.2355760302162,33.2352560302162,656901,"2026_06_04_0054","2026_06_04_0054_ev00325_rec1","no",477016
326,1,33.2952260302162,699.523260437616,703.735290527344,4.2120300897277,0.180000000000291,0.599999999998602,0,687.131503666181,12.7744204493289,11.5280415015771,-234.399504708772,33.2948860302162,33.2945660302162,662856,"2026_06_04_0054","2026_06_04_0054_ev00326_rec1","no",477017
327,1,33.4671760302162,674.438415527344,685.424743652344,10.986328125,0.979999999998427,33.3200000000033,30.0000000000011,668.250837642029,31.1927207591243,31.0190158527379,486.38916015625,33.4647760302162,33.4637960302162,680051,"2026_06_04_0054","2026_06_04_0054_ev00327_rec1","no",477018
328,1,33.5239760302162,691.075027919052,707.397399902344,16.3223719832921,1.92999999999444,6.24999999999432,0.0700000000009027,687.424154785275,10.1226834262992,1.65114668826711,-62.1060513033718,33.5193860302162,33.5171660302162,685731,"2026_06_04_0054","2026_06_04_0054_ev00328_rec1","no",477019
329,1,33.5907560302162,685.424743652344,699.462829589844,14.0380859375,0.10000000000332,35.7899999999987,30.0000000000011,693.288244217756,17.8398509752424,5.06012722206829,456.936645507812,33.5850560302162,33.5849560302162,692409,"2026_06_04_0054","2026_06_04_0054_ev00329_rec1","no",477020
330,1,33.6659860302162,710.938647581799,721.435485839844,10.4968382580446,0.0199999999992428,1.60999999999945,0.120000000002563,710.958257844359,4.23543556719019,1.33711454747372,12.0497297532499,33.6644260302162,33.6643060302162,699932,"2026_06_04_0054","2026_06_04_0054_ev00330_rec1","no",477021
331,1,33.7092860302162,717.241585004448,726.928649902344,9.68706489789599,0.109999999999388,0.0900000000001455,0,710.957403418376,8.75315155136932,1.97603236441259,-170.052103476951,33.7090560302162,33.7089160302162,704262,"2026_06_04_0054","2026_06_04_0054_ev00331_rec1","no",477022
332,1,33.7375460302162,715.748943064472,718.383728027344,2.63478496287132,0.0399999999984857,0,0,694.367533979931,19.638329657151,29.6460043523969,-270.775732663597,33.7375460302162,33.7375060302162,707088,"2026_06_04_0054","2026_06_04_0054_ev00332_rec1","no",477023
333,1,33.8053360302162,708.007751464844,716.552673339844,8.544921875,0.0299999999953116,3.53000000000492,4.27000000000533,700.3873693587,16.1627633281467,10.5495346236978,-62.56103515625,33.8049160302162,33.8048860302162,713867,"2026_06_04_0054","2026_06_04_0054_ev00333_rec1","no",477024
334,1,33.8291260302162,705.022467584893,711.059509277344,6.03704169245054,0.0199999999992428,0.030000000002417,0,-501552.782669425,502256.842095123,630851.27410473,-386.956817324797,33.8291160302162,33.8290960302162,716246,"2026_06_04_0054","2026_06_04_0054_ev00334_rec1","no",477025
335,1,33.8740660302162,689.546127470413,693.969665527344,4.42353805693074,0.449999999993622,3.00000000000011,2.16000000000349,684.188050296116,10.6213267858717,5.17130922582314,-97.3049956973222,33.8728960302162,33.8724460302162,720740,"2026_06_04_0054","2026_06_04_0054_ev00335_rec1","no",477026
336,1,33.9128160302162,687.279970678953,700.073181152344,12.7932104733911,0.270000000000437,1.73000000000201,1.58000000000413,677.992640307183,23.4021419941863,3.08172393552981,-202.440348710163,33.9127560302162,33.9121760302162,724615,"2026_06_04_0054","2026_06_04_0054_ev00336_rec1","no",477027
337,1,33.9573260302162,677.472044085512,698.852478027344,21.3804339418317,2.81999999999982,18.1299999999993,0.00999999999606871,696.552473337246,2.28966434533828,1e-07,876.960286055462,33.9415460302162,33.9384460302162,729066,"2026_06_04_0054","2026_06_04_0054_ev00337_rec1","no",477028
338,1,33.9808960302162,686.035095214844,697.021423339844,10.986328125,0.579999999999359,21.6600000000042,30.0000000000011,690.698423040228,16.7421000029405,6.9966053143615,268.304443359375,33.9808260302162,33.9802460302162,731423,"2026_06_04_0054","2026_06_04_0054_ev00338_rec1","no",477029
339,1,34.0235460302162,698.09709243019,703.735290527344,5.63819809715346,0.149999999997874,0.0200000000063483,0,693.878927547711,9.85350595569721,1e-07,-124.444157062191,34.0233560302162,34.0231960302162,735688,"2026_06_04_0054","2026_06_04_0054_ev00339_rec1","no",477030
340,1,34.0651860302162,703.257886829943,712.890563964844,9.63267713490097,0.259999999997262,0.550000000004047,0.540000000000873,690.234378825927,20.0606096843725,2.84950462611561,-333.247028010907,34.0650360302162,34.0644360302162,739852,"2026_06_04_0054","2026_06_04_0054_ev00340_rec1","no",477031
341,1,34.1302360302162,707.482003089225,712.280212402344,4.79820931311883,0.0900000000001455,0.0999999999962142,0.159999999993943,692.350062081363,17.5533138318997,4.25725365663216,-378.855488087871,34.1302160302162,34.1300260302162,746357,"2026_06_04_0054","2026_06_04_0054_ev00341_rec1","no",477032
342,1,34.2265260302162,695.190368652344,706.176696777344,10.986328125,0.199999999999534,14.7000000000048,16.7399999999986,663.828275952409,43.9379353156745,77.7374610905989,177.432250976562,34.2252660302162,34.2250660302162,755986,"2026_06_04_0054","2026_06_04_0054_ev00342_rec1","no",477033
343,1,34.3198260302162,700.465981662864,703.735290527344,3.26930886448019,0.00999999999606871,1.17000000000189,1.3100000000037,694.16958483616,11.0562144607851,3.37287963881048,-151.266600353883,34.3197560302162,34.3197460302162,765316,"2026_06_04_0054","2026_06_04_0054_ev00343_rec1","no",477034
344,1,34.4271760302162,686.035095214844,694.580017089844,8.544921875,0.389999999995894,7.80999999999921,8.56000000000279,684.657388579611,20.8966085944774,5.60584800895754,83.2550048828125,34.4270060302162,34.4266160302162,776051,"2026_06_04_0054","2026_06_04_0054_ev00344_rec1","no",477035
345,1,34.4769960302162,694.211388918433,707.397399902344,13.1860109839109,0.0299999999953116,0.129999999998631,0,666.86607862432,29.8489576986189,40.8208095986289,-184.654039439587,34.4768760302162,34.4767360302162,781033,"2026_06_04_0054","2026_06_04_0054_ev00345_rec1","no",477036
346,1,34.5121360302162,683.714550660388,687.255798339844,3.54124767945541,0.0100000000031741,0.960000000006289,1.06999999999857,679.091021403664,10.7476051770935,1.7936734971424,-119.214773650218,34.5120960302162,34.5120760302162,784547,"2026_06_04_0054","2026_06_04_0054_ev00346_rec1","no",477037
347,1,34.5364760302162,681.768677362121,689.086853027344,7.31817566522273,0.0900000000001455,0.10000000000332,0.419999999998311,681.881208744406,3.2545643969718,1.83536568649922,10.0107023031391,34.5364760302162,34.5363260302162,786981,"2026_06_04_0054","2026_06_04_0054_ev00347_rec1","no",477038
348,1,34.6358060302162,692.748962402344,699.462829589844,6.7138671875,0.0199999999992428,30.070000000002,29.7899999999984,701.61146703147,1.33317179999703,1.02090814526256,271.243286132812,34.6355360302162,34.6355160302162,796914,"2026_06_04_0054","2026_06_04_0054_ev00348_rec1","no",477039
349,1,34.6575860302162,704.37585751373,718.383728027344,14.0078705136139,0.270000000000437,3.70000000000203,0,686.903621975722,20.8582315454463,51.3269218787835,-20.9005827950962,34.6542760302162,34.6537760302162,799092,"2026_06_04_0054","2026_06_04_0054_ev00349_rec1","no",477040
350,1,34.6897360302162,692.138610839844,700.073181152344,7.9345703125,0.0900000000001455,1.98999999999927,3.30999999999904,694.668012977836,5.1395330893745,1.30266226686656,84.4085693359375,34.6894760302162,34.6893860302162,802307,"2026_06_04_0054","2026_06_04_0054_ev00350_rec1","no",477041
351,1,34.8656160302162,709.808590728458,725.707946777344,15.8993560488861,1.77000000000049,23.2499999999973,23.7900000000053,713.178528472694,17.3086310366898,12.3292498354211,415.585024994199,34.8595860302162,34.8577460302162,819895,"2026_06_04_0054","2026_06_04_0054_ev00351_rec1","no",477042
352,1,34.8838460302162,726.058445694423,732.421813964844,6.36336827042078,0.389999999995894,0.320000000002096,0,-75208.8347274981,75933.7200074297,65778.3844483667,-553.680147983061,34.8838360302162,34.8834460302162,821718,"2026_06_04_0054","2026_06_04_0054_ev00352_rec1","no",477043
353,1,35.0276960302162,706.787048339844,714.721618652344,7.9345703125,0.00999999999606871,5.40000000000163,5.58999999999799,692.28323886305,32.3990028370165,9.01815022043336,-148.260498046875,35.0273260302162,35.0273160302162,836103,"2026_06_04_0054","2026_06_04_0054_ev00353_rec1","no",477044
354,1,35.0830860302162,708.956515774869,714.721618652344,5.76510287747521,0.150000000004979,0.910000000004629,1.15999999999872,694.094972320645,19.6055074892365,8.14609331809497,-289.77298547726,35.0830860302162,35.0829360302162,841642,"2026_06_04_0054","2026_06_04_0054_ev00354_rec1","no",477045
355,1,35.1234260302162,702.006968281057,712.280212402344,10.2732441212871,0.0299999999953116,3.21000000000282,1.66999999999717,699.095388748576,10.7896676343452,3.52119319840675,-33.6542110631964,35.1214360302162,35.1211660302162,845676,"2026_06_04_0054","2026_06_04_0054_ev00355_rec1","no",477046
356,1,35.1494360302162,691.782068837987,693.969665527344,2.18759668935638,0.0200000000063483,41.9300000000007,30.0000000000011,696.422741475875,2.26744362208291,3.52417172648804,241.543095654778,35.1374860302162,35.1374660302162,848277,"2026_06_04_0054","2026_06_04_0054_ev00356_rec1","no",477047
357,1,35.1816860302162,706.865608441948,721.435485839844,14.569877397896,0.439999999997553,0.030000000002417,0.819999999997378,690.566473404219,23.1736338158959,12.4433846487703,-225.303574363785,35.1816860302162,35.1812460302162,851502,"2026_06_04_0054","2026_06_04_0054_ev00357_rec1","no",477048
358,1,35.3133960302162,704.605494735265,708.618103027344,4.01260829207922,0.149999999997874,0.70999999999799,0,689.510524788998,13.2626583569435,21.6205419064398,-237.457275390625,35.3128760302162,35.3125860302162,864673,"2026_06_04_0054","2026_06_04_0054_ev00358_rec1","no",477049
359,1,35.3284160302162,682.372985839844,692.748962402344,10.3759765625,0.160000000001048,18.6200000000056,21.880000000003,679.543508387845,20.0114504284508,19.9112184112999,232.4462890625,35.3281560302162,35.3279960302162,866175,"2026_06_04_0054","2026_06_04_0054_ev00359_rec1","no",477050
360,1,35.3585360302162,690.996467816948,704.345642089844,13.349174272896,0.0900000000001455,0.0700000000009027,0,686.919195625225,3.9794166528532,3.16915858437523,-109.749701471613,35.3585360302162,35.3583560302162,869187,"2026_06_04_0054","2026_06_04_0054_ev00360_rec1","no",477051
361,1,35.4021760302162,696.036400521156,698.852478027344,2.81607750618809,0.0199999999992428,0.46999999999997,0,691.101763117749,5.49316551755591,2.24715675694075,-145.29476354618,35.4015260302162,35.4015060302162,873551,"2026_06_04_0054","2026_06_04_0054_ev00361_rec1","no",477052
362,1,35.4360660302162,699.910017863359,703.735290527344,3.82527266398517,0.0700000000009027,0.839999999996621,0.700000000001921,687.521412988971,15.8136263183432,5.17846734295942,-288.889939714185,35.4360060302162,35.4356760302162,876940,"2026_06_04_0054","2026_06_04_0054_ev00362_rec1","no",477053
363,1,35.5236660302162,709.47622106571,714.111267089844,4.63504602413366,0.0500000000016598,4.51999999999941,1.50000000000006,698.056828379516,14.0572872572697,22.0384530159546,-105.753288646736,35.5198660302162,35.5196260302162,885700,"2026_06_04_0054","2026_06_04_0054_ev00363_rec1","no",477054
364,1,35.5427160302162,705.77181009727,709.228454589844,3.45664449257424,0,1.98999999999927,2.11000000000183,693.005473667293,20.6218309794555,5.48391354160147,-269.846124932318,35.5426560302162,35.5426460302162,887605,"2026_06_04_0054","2026_06_04_0054_ev00364_rec1","no",477055
365,1,35.5897860302162,703.415007034151,720.214782714844,16.7997756806931,1.41999999999598,10.0599999999957,3.28000000000372,700.609684454992,18.4331623480178,4.59564689279057,74.7395128306778,35.5832560302162,35.5817760302162,892312,"2026_06_04_0054","2026_06_04_0054_ev00365_rec1","no",477056
366,1,35.6771560302162,708.140699329943,723.876892089844,15.736192759901,0.639999999997087,4.66999999999729,3.13000000000585,702.980816432612,24.8049178833202,3.84758120288535,-28.1340344117425,35.6754360302162,35.6747860302162,901049,"2026_06_04_0054","2026_06_04_0054_ev00366_rec1","no",477057
367,1,35.7030560302162,708.050053058284,716.552673339844,8.50262028155942,0.0399999999984857,0.00999999999606871,0.170000000004222,692.411389152589,19.6988915686244,3.62470709861292,-397.770162148051,35.7030560302162,35.7030160302162,903639,"2026_06_04_0054","2026_06_04_0054_ev00367_rec1","no",477058
368,1,35.8721260302162,701.233453429571,704.345642089844,3.1121886602723,0.0700000000080081,1.33999999999901,0.409999999995136,692.283805413748,13.8088365682716,1.324134541253,-248.37483321086,35.8710560302162,35.8709860302162,920546,"2026_06_04_0054","2026_06_04_0054_ev00368_rec1","no",477059
369,1,35.8907260302162,681.762634277344,692.138610839844,10.3759765625,0.18999999999636,28.5699999999949,28.1199999999941,692.233980213428,7.07565552869568,0.866318439206661,326.953125,35.8904460302162,35.8902560302162,922406,"2026_06_04_0054","2026_06_04_0054_ev00369_rec1","no",477060
370,1,35.9338860302162,678.100524902344,688.476501464844,10.3759765625,0.219999999998777,31.1699999999959,29.999999999994,686.595902264375,7.24897477741551,5.02715936618579,308.364868164062,35.9328060302162,35.9325760302162,926722,"2026_06_04_0054","2026_06_04_0054_ev00370_rec1","no",477061
371,1,36.0812360302162,699.160675350982,709.228454589844,10.0677792388614,0.489999999999213,4.22000000000367,2.20000000000198,697.285822996314,15.8276991112742,2.12210675405052,-1.61725034808246,36.0789560302162,36.0784660302162,941457,"2026_06_04_0054","2026_06_04_0054_ev00371_rec1","no",477062
372,1,36.1148860302162,700.93129919071,703.124938964844,2.19363977413366,0.00999999999606871,0.900000000001455,0.970000000002358,692.223295723158,14.4636032522589,2.31494886113845,-227.573719591198,36.1148860302162,36.1147860302162,944822,"2026_06_04_0054","2026_06_04_0054_ev00372_rec1","no",477063
373,1,36.1856360302162,695.317273432666,704.345642089844,9.02836865717825,0.0900000000001455,1.05000000000643,1.48000000000081,679.733452402426,21.7232459933846,10.6998886413934,-247.346632551438,36.1854560302162,36.1853660302162,951897,"2026_06_04_0054","2026_06_04_0054_ev00373_rec1","no",477064
374,1,36.2489860302162,717.187197241453,728.759704589844,11.5725073483911,2.02999999999776,5.02999999999787,0,682.012899855119,37.5225551897392,43.5713366550804,-243.742415928603,36.2455960302162,36.2435660302162,958232,"2026_06_04_0054","2026_06_04_0054_ev00374_rec1","no",477065
375,1,36.3833560302162,705.542172875735,723.876892089844,18.3347192141089,0.0399999999984857,0.0400000000055911,0.0100000000031741,703.716622179945,21.1425296081478,0.0133749581520166,-53.8659124091132,36.3833460302162,36.3832760302162,971669,"2026_06_04_0054","2026_06_04_0054_ev00375_rec1","no",477066
376,1,36.4123060302162,697.631774902344,714.111267089844,16.4794921875,0.030000000002417,7.81000000000631,10.8499999999978,685.25000106914,26.1175258329598,31.3531974097154,139.376831054688,36.4119260302162,36.4118960302162,974564,"2026_06_04_0054","2026_06_04_0054_ev00376_rec1","no",477067
377,1,36.5453660302162,693.969665527344,701.293884277344,7.32421875,0.600000000005707,0.879999999995107,0,716.375625190326,-5.12724624675326,16.3550607212204,641.2353515625,36.5450760302162,36.5444760302162,987870,"2026_06_04_0054","2026_06_04_0054_ev00377_rec1","no",477068
378,1,36.5683760302162,711.113897040339,751.342712402344,40.228815362005,3.14000000000192,8.50999999999402,6.86999999999927,708.048490866866,36.4791071267219,9.69172443184785,340.494862169323,36.5670860302162,36.5635460302162,990171,"2026_06_04_0054","2026_06_04_0054_ev00378_rec1","no",477069
379,1,36.6089660302162,717.441006802096,724.487243652344,7.04623685024751,0.199999999999534,22.829999999999,20.7399999999964,625652.648783559,-624946.065331814,962431.357684433,-29.0299519453903,36.6085060302162,36.6082160302162,994230,"2026_06_04_0054","2026_06_04_0054_ev00379_rec1","no",477070
380,1,36.6313060302162,715.815416997022,718.994079589844,3.17866259282175,0.159999999993943,12.1099999999998,10.6399999999951,692.558154668838,40.6205312516846,20.9390305315407,-34.5688017288066,36.6296260302162,36.6294260302162,996464,"2026_06_04_0054","2026_06_04_0054_ev00380_rec1","no",477071
381,1,36.6936060302162,695.647353475641,714.055164488842,18.4078110132004,0.599999999998602,5.0900000000027,6.0800000000043,695.174297374233,24.0802398627535,5.08591218564002,131.308331842217,36.6929860302162,36.6921660302162,1002694,"2026_06_04_0054","2026_06_04_0054_ev00381_rec1","no",477072
382,1,36.7241360302162,690.14657086437,701.412008516839,11.2654376524683,2.03000000000486,16.5000000000006,19.0100000000086,692.110418792453,21.8181170318281,8.29437988083648,272.256967896575,36.7238460302162,36.7218160302162,1005747,"2026_06_04_0054","2026_06_04_0054_ev00382_rec1","no",477073
383,1,36.7654560302162,706.580175800757,715.81179313416,9.23161733340271,1.80999999999898,4.13000000000352,1.73000000000201,702.27702531489,19.4776913660223,1.87434852293575,-67.4538421441902,36.7646260302162,36.7615860302162,1009879,"2026_06_04_0054","2026_06_04_0054_ev00383_rec1","no",477074
384,1,36.8339160302162,691.146727980267,698.981560765381,7.83483278511437,0.260000000004368,30.2599999999984,30.0000000000011,698.056693085435,3.1290018579028,3.78177900306916,224.893773407782,36.8336860302162,36.8334260302162,1016725,"2026_06_04_0054","2026_06_04_0054_ev00384_rec1","no",477075
385,1,36.9351860302162,690.879963744569,699.464046707845,8.58408296327673,0.0100000000031741,0.920000000000698,0,164901.071424542,-164206.140787342,599461.437740993,248.443857629158,36.9348460302162,36.9348360302162,1026852,"2026_06_04_0054","2026_06_04_0054_ev00385_rec1","no",477076
386,1,37.0239660302162,686.046731404095,694.850509722725,8.80377831863063,0.430000000001485,8.31999999999766,9.39000000000334,681.082052672904,17.0323839807375,12.8893595224779,56.5989216208832,37.0237760302162,37.0233460302162,1035730,"2026_06_04_0054","2026_06_04_0054_ev00386_rec1","no",477077
387,1,37.2059660302162,704.57835006334,732.773663447057,28.1953133837167,1.44000000000233,8.3100000000087,6.77000000000305,690.325634522635,39.8676456026031,14.1131201383076,139.468485888916,37.2041460302162,37.2017160302162,1053930,"2026_06_04_0054","2026_06_04_0054_ev00387_rec1","no",477078
388,1,37.2517260302162,701.298081947811,706.320674520528,5.02259257271726,0.299999999995748,7.59000000000043,8.07999999999964,552.221244517944,159.706120995914,143.061900322367,-141.690282523733,37.2510960302162,37.2507960302162,1058506,"2026_06_04_0054","2026_06_04_0054_ev00388_rec1","no",477079
389,1,37.2918860302162,702.61572567964,715.335220093751,12.7194944141111,0.00999999999606871,0.0199999999992428,0,694.887935235501,3.08624448499817,3.93984613432072,-220.311969992853,37.2918760302162,37.2918660302162,1062522,"2026_06_04_0054","2026_06_04_0054_ev00389_rec1","no",477080
390,1,37.3607160302162,689.121937097986,697.07573322618,7.95379612819443,0.0999999999962142,6.90000000000168,8.80000000000081,688.945386251928,11.0755664231243,6.9421394098057,72.2833499236409,37.3607160302162,37.3606160302162,1069405,"2026_06_04_0054","2026_06_04_0054_ev00390_rec1","no",477081
391,1,37.4005260302162,701.017708141696,703.761053258458,2.74334511676273,0.799999999998136,2.40000000000151,1.89999999999912,693.339226388507,13.3004789608896,4.45778096412775,-167.964630269084,37.3997460302162,37.3989460302162,1073386,"2026_06_04_0054","2026_06_04_0054_ev00391_rec1","no",477082
392,1,37.4434660302162,682.950240439698,692.111320626543,9.16108018684542,0.0199999999992428,3.1800000000004,3.25000000000131,677.069159976489,21.436875736728,3.88257455612424,-86.131334186237,37.4429660302162,37.4429460302162,1077680,"2026_06_04_0054","2026_06_04_0054_ev00392_rec1","no",477083
393,1,37.5109960302162,695.211326908996,701.117999568087,5.90667265909133,0.0100000000031741,0.0100000000031741,0.430000000001485,681.163923076053,16.83130605001,11.7768102911334,-238.614652158128,37.5108260302162,37.5108160302162,1084433,"2026_06_04_0054","2026_06_04_0054_ev00393_rec1","no",477084
394,1,37.5599560302162,668.227676764001,683.993932650415,15.766255886414,0.509999999998456,30.3200000000032,30.0000000000011,685.096077764013,4.92066435178859,1.558320134784,527.559228055384,37.5598560302162,37.5593460302162,1089329,"2026_06_04_0054","2026_06_04_0054_ev00394_rec1","no",477085
395,1,37.5891460302162,693.639390117419,711.523751626528,17.8843615091093,0.470000000007076,30.5700000000044,26.9800000000018,128082.387677755,-127395.44022922,258217.089841081,25.2356391365274,37.5889960302162,37.5882660302162,1092248,"2026_06_04_0054","2026_06_04_0054_ev00395_rec1","no",477086
396,1,37.6330660302162,696.429640152342,779.406873720009,82.9772335676663,1.42999999999915,10.9199999999987,11.4200000000011,691.918248412501,95.5459613966461,11.4379595887758,1082.29953825652,37.6315860302162,37.6301360302162,1096640,"2026_06_04_0054","2026_06_04_0054_ev00396_rec1","no",477087
397,1,37.7053460302162,690.44045948681,722.844554009296,32.4040945224863,14.0799999999999,45.0100000000049,30.0000000000011,713.172766933291,16.4094434717402,3.72344553213536,1162.87873390858,37.7029060302162,37.6881560302162,1103868,"2026_06_04_0054","2026_06_04_0054_ev00397_rec1","no",477088
398,1,37.7326460302162,713.426510776972,715.765273921195,2.33876314422264,0.319999999994991,3.27000000000055,3.35000000000463,697.577605160641,20.4377640318284,16.6547219658036,-189.805895635743,37.7326460302162,37.7322760302162,1106598,"2026_06_04_0054","2026_06_04_0054_ev00398_rec1","no",477089
399,1,37.7862160302162,707.121124150967,712.716627814847,5.59550366388021,0.579999999999359,13.4200000000035,13.220000000004,-220765.927286011,221483.991700268,330075.513523049,41.5238476783801,37.7857860302162,37.7841060302162,1111955,"2026_06_04_0054","2026_06_04_0054_ev00399_rec1","no",477090
400,1,37.8253860302162,708.099064560951,720.651265403056,12.5522008421046,1.40000000000384,5.16999999999967,1.41999999999598,698.140698104481,22.5604299434108,3.25937290830241,-189.029434788528,37.8221160302162,37.8202360302162,1115872,"2026_06_04_0054","2026_06_04_0054_ev00400_rec1","no",477091
401,1,37.8776060302162,691.293346360158,702.19205802256,10.8987116624022,0.270000000000437,13.8200000000026,9.01999999999958,373931.57869668,-373238.922189319,1261565.18031297,178.149768801596,37.8775860302162,37.8773160302162,1121094,"2026_06_04_0054","2026_06_04_0054_ev00401_rec1","no",477092
402,1,37.9055460302162,694.960976834242,703.485649066596,8.52467223235396,0.23999999999802,3.43999999999767,0.0500000000016598,271897.444727316,-271199.349033464,764737.705157295,256.985007753062,37.9055160302162,37.9052560302162,1123888,"2026_06_04_0054","2026_06_04_0054_ev00402_rec1","no",477093
403,1,37.9494160302162,715.88806028124,722.979511623592,7.09145134235212,0.289999999999679,0.710000000005095,0,-32195.8478052006,32908.7140906435,54395.1412810572,-361.32180724458,37.9492060302162,37.9486860302162,1128275,"2026_06_04_0054","2026_06_04_0054_ev00403_rec1","no",477094
404,1,38.1264760302162,695.641904769862,704.757206037653,9.11530126779064,0.0900000000001455,20.2799999999996,16.3800000000052,234728.173332659,-234034.231595131,755832.540174947,91.2102151303842,38.1263460302162,38.1262560302162,1145981,"2026_06_04_0054","2026_06_04_0054_ev00404_rec1","no",477095
405,1,38.1946560302162,700.458015370279,709.288155895818,8.8301405255396,0.0299999999953116,10.0800000000021,11.1099999999951,635.893812840374,74.7683957676641,114.055629379134,55.4214587854359,38.1931560302162,38.1931260302162,1152799,"2026_06_04_0054","2026_06_04_0054_ev00405_rec1","no",477096
406,1,38.3018760302162,696.474321980083,707.486451590612,11.0121296105287,0.0200000000063483,3.12999999999874,30.0000000000011,700.564585773779,11.2131176885261,1.42120492584851,145.437743025327,38.3013860302162,38.3013660302162,1163521,"2026_06_04_0054","2026_06_04_0054_ev00406_rec1","no",477097
407,1,38.3358760302162,685.110431020536,696.144355057495,11.0339240369593,1.01000000000084,31.8400000000025,30.0000000000011,695.045555687944,10.8871202246614,2.49285003714391,356.495366223598,38.3348860302162,38.3338760302162,1166921,"2026_06_04_0054","2026_06_04_0054_ev00407_rec1","no",477098
408,1,38.3587560302162,687.909002044473,695.14283568193,7.23383363745643,0.67000000000661,7.59000000000043,7.59000000000043,687.125677232588,18.3950071252563,4.54060111808834,74.9167422177666,38.3582660302162,38.3575960302162,1169209,"2026_06_04_0054","2026_06_04_0054_ev00408_rec1","no",477099
409,1,38.4723360302162,690.788000659015,704.633734142963,13.8457334839484,0.399999999999068,1.37999999999749,1.34999999999508,671.306536495596,35.2831051518041,3.75426809925617,-437.375071651285,38.4723160302162,38.4713360302162,1180567,"2026_06_04_0054","2026_06_04_0054_ev00409_rec1","no",477100
410,1,38.5747760302162,680.779187891162,686.854256905651,6.07506901448858,0.0200000000063483,30.0899999999942,29.999999999994,678.665958752448,-2.28636308184363,13.3024498427183,-90.4114467735992,38.5747560302162,38.5746560302162,1190811,"2026_06_04_0054","2026_06_04_0054_ev00410_rec1","no",477101
411,1,38.5946860302162,688.323422832996,695.95918527782,7.63576244482385,0.199999999999534,30.1699999999983,30.0000000000011,94237.7463431889,-93563.345101627,685070.332419854,-351.50192497692,38.5945660302162,38.5935160302162,1192802,"2026_06_04_0054","2026_06_04_0054_ev00411_rec1","no",477102
412,1,38.6497860302162,686.601750539496,692.238334584236,5.63658404473961,0.0500000000016598,30.1200000000037,30.0000000000011,46578.4087686525,-45899.8973238778,255205.637652473,-161.198852132839,38.6497060302162,38.6496460302162,1198312,"2026_06_04_0054","2026_06_04_0054_ev00412_rec1","no",477103
413,1,38.7801960302162,679.148741401043,702.161181000452,23.0124395994096,1.33000000000294,8.44000000000023,7.69000000000375,681.988692489087,22.5531701252488,5.57394626729404,296.933446019602,38.7770460302162,38.7750760302162,1211353,"2026_06_04_0054","2026_06_04_0054_ev00413_rec1","no",477104
414,1,38.9746060302162,703.660814205915,714.693053193851,11.0322389879359,0.0599999999977285,0.160000000008154,0,661.265515155361,43.326513448076,24.2897001176241,-524.588770774686,38.9744760302162,38.9743560302162,1230794,"2026_06_04_0054","2026_06_04_0054_ev00414_rec1","no",477105
415,1,39.0398660302162,697.208459634169,703.070355446543,5.86189581237352,0.00999999999606871,0.0199999999992428,0,685.236250759987,10.7118770400509,9.34791408283219,-262.471250594842,39.0397960302162,39.0396160302162,1237320,"2026_06_04_0054","2026_06_04_0054_ev00415_rec1","no",477106
416,1,39.0766660302162,698.894525184289,710.391718333813,11.4971931495231,0.0500000000016598,0.18999999999636,0,621.952135694185,76.5908703677401,113.96705757226,-287.652633436378,39.0766660302162,39.0763960302162,1241000,"2026_06_04_0054","2026_06_04_0054_ev00416_rec1","no",477107
417,1,39.1406160302162,700.18486852682,738.671573470202,38.4867049433817,2.5100000000009,14.0999999999991,22.3499999999959,713.042090413279,38.003843888035,6.74606461571827,720.490456180532,39.1402460302162,39.1376260302162,1247395,"2026_06_04_0054","2026_06_04_0054_ev00417_rec1","no",477108
418,1,39.2634960302162,698.04020095585,706.743020408989,8.70281945313843,0.0500000000016598,0.0199999999992428,0,672.686134800697,26.4436919693391,15.8168949484443,-404.936494648963,39.2634960302162,39.2634360302162,1259683,"2026_06_04_0054","2026_06_04_0054_ev00418_rec1","no",477109
419,1,39.3823660302162,670.826237001245,685.512709326264,14.6864723250189,0.629999999993913,17.0200000000023,0,380976.159196611,-380286.355106158,649847.690038613,1235.11839290725,39.3659660302162,39.3653360302162,1271570,"2026_06_04_0054","2026_06_04_0054_ev00419_rec1","no",477110
420,1,39.4535760302162,692.512319259124,735.683079325522,43.170760066398,2.22999999999729,10.8099999999993,10.2100000000007,137.005145582166,592.527580502028,282.199045319483,328.741626349367,39.4519560302162,39.4496660302162,1278691,"2026_06_04_0054","2026_06_04_0054_ev00420_rec1","no",477111
421,1,39.5053460302162,690.199936249583,700.680344495486,10.4804082459024,0.869999999991933,31.1099999999982,30.0000000000011,696.679249196104,11.7401614724254,4.8256922939322,274.750791089259,39.5045760302162,39.5029360302162,1283868,"2026_06_04_0054","2026_06_04_0054_ev00421_rec1","no",477112
422,1,39.8238660302162,686.703222851595,695.010437929366,8.30721507777059,0.030000000002417,0.180000000000291,0,682.116193010824,6.01041813977964,2.19303003470624,-128.488134288568,39.8236460302162,39.8232060302162,1315720,"2026_06_04_0054","2026_06_04_0054_ev00422_rec1","no",477113
423,1,40.2389160302162,688.520559578403,697.830844805071,9.31028522666759,0.0699999999937972,4.92999999999455,6.10999999999962,689.27820240704,12.6793991014535,3.93866773324906,78.9358435400316,40.2385060302162,40.2384360302162,1357225,"2026_06_04_0054","2026_06_04_0054_ev00423_rec1","no",477114
424,1,40.3291060302162,690.503629358003,703.648466653834,13.1448372958317,0.119999999995457,6.16000000000128,7.69000000000375,689.420429216616,17.6091049582127,7.0860439777732,108.239654340409,40.3282360302162,40.3281060302162,1366244,"2026_06_04_0054","2026_06_04_0054_ev00424_rec1","no",477115
425,1,40.4031260302162,692.633814074603,702.905650258863,10.2718361842607,0.220000000005882,0.180000000000291,0,673.612440942652,19.5749229312858,12.17157945064,-352.067332036293,40.4031060302162,40.4028560302162,1373646,"2026_06_04_0054","2026_06_04_0054_ev00425_rec1","no",477116
426,1,40.4334160302162,677.900328214031,685.29707689787,7.39674868383895,0.0100000000031741,12.7999999999986,8.35999999999615,115318.929637501,-114640.163326603,512156.529266944,128.533657074904,40.4332660302162,40.4332560302162,1376675,"2026_06_04_0054","2026_06_04_0054_ev00426_rec1","no",477117
427,1,40.5303460302162,689.575671408621,702.985003046664,13.4093316380436,1.76000000000442,5.49000000000177,3.99000000000171,683.775486894345,20.1376076352434,6.36056515647531,-19.6299674514681,40.5290360302162,40.5270260302162,1386368,"2026_06_04_0054","2026_06_04_0054_ev00427_rec1","no",477118
428,1,40.6591260302162,685.723340354066,695.557099645377,9.83375929131046,0.720000000001164,2.5800000000018,1.3800000000046,679.744555440203,17.8558319276777,2.2248607931945,-129.54263246056,40.6577060302162,40.6569360302162,1399246,"2026_06_04_0054","2026_06_04_0054_ev00428_rec1","no",477119
429,1,40.6803360302162,681.605347780137,683.634296965429,2.02894918529216,0.360000000000582,24.3600000000015,22.9399999999984,141884.146662093,-141209.051163038,446173.52324939,-50.0297287698755,40.6803360302162,40.6796860302162,1401367,"2026_06_04_0054","2026_06_04_0054_ev00429_rec1","no",477120
430,1,40.7208960302162,697.22473048678,701.032913285351,3.80818279857124,0.250000000001194,3.35000000000463,1.12000000000023,687.391505683278,17.8749411728286,2.42548412877709,-248.732008886211,40.7202460302162,40.7176260302162,1405423,"2026_06_04_0054","2026_06_04_0054_ev00430_rec1","no",477121
431,1,40.8331060302162,683.965019904164,690.259531409788,6.29451150562466,0.180000000000291,3.45000000000084,3.27000000000055,681.826691502814,16.7065561879127,2.48029701020214,-12.8003841834103,40.8327860302162,40.8321860302162,1416644,"2026_06_04_0054","2026_06_04_0054_ev00431_rec1","no",477122
432,1,40.9168260302162,679.631819876744,691.646205579488,12.014385702744,0.900000000001455,30.4099999999963,30.0000000000011,692.628627535479,8.9147967874186,3.45421482361865,444.921214045445,40.9165060302162,40.9156060302162,1425016,"2026_06_04_0054","2026_06_04_0054_ev00432_rec1","no",477123
433,1,40.9495360302162,683.596288490357,689.711723532863,6.11543504250585,0.0900000000001455,29.6200000000013,29.5300000000012,690.351005487753,9.33144680877261,0.933468520144055,212.553857760493,40.9495360302162,40.9494460302162,1428287,"2026_06_04_0054","2026_06_04_0054_ev00433_rec1","no",477124
434,1,41.0005660302162,697.180569776169,699.719985783977,2.5394160078082,0.190000000003465,4.11000000000428,4.489999999997,-97561.5277970002,98263.3053362024,120525.065415038,-227.865225514094,41.0005660302162,41.0002960302162,1433390,"2026_06_04_0054","2026_06_04_0054_ev00434_rec1","no",477125
435,1,41.0442160302162,697.09826893004,701.428976252091,4.33070732205135,0.250000000001194,2.42999999999682,1.42999999999915,690.593452994807,15.0921686801111,2.30624263596538,-158.133082814947,41.0433560302162,41.0430560302162,1437755,"2026_06_04_0054","2026_06_04_0054_ev00435_rec1","no",477126
436,1,41.0782560302162,693.869378349944,707.032575315477,13.1631969655332,0.75999999999965,4.72999999999502,2.92000000000314,690.026713937637,18.9786643788219,3.74770763364713,-20.5669862014966,41.0774260302162,41.0754860302162,1441159,"2026_06_04_0054","2026_06_04_0054_ev00436_rec1","no",477127
437,1,41.1109660302162,687.93977878188,696.501119753845,8.56134097196457,0.18999999999636,6.96000000000652,9.10999999999973,689.187653108608,12.6635587386639,4.83083712447084,101.535805887074,41.1108960302162,41.1107060302162,1444430,"2026_06_04_0054","2026_06_04_0054_ev00437_rec1","no",477128
438,1,41.1333360302162,690.922983046076,695.169544526855,4.24656148077895,0.0299999999953116,1.19000000000113,1.3800000000046,686.461481942545,10.3614993953313,2.55692107994619,-107.248394767372,41.1333360302162,41.1332760302162,1446667,"2026_06_04_0054","2026_06_04_0054_ev00438_rec1","no",477129
439,1,41.1591660302162,686.341256990902,688.37998675779,2.03872976688876,0.0800000000040768,1.40999999999991,1.40999999999991,682.798864372981,10.9652067448651,1.50223360378918,-86.6505814600957,41.1591660302162,41.1584560302162,1449250,"2026_06_04_0054","2026_06_04_0054_ev00439_rec1","no",477130
440,1,41.2443960302162,688.010795286598,694.170717184908,6.15992189831047,0.259999999997262,6.90999999999775,7.88000000000011,688.658427758818,14.996052334025,3.55452085576636,80.0900592859088,41.2440260302162,41.2437560302162,1457773,"2026_06_04_0054","2026_06_04_0054_ev00440_rec1","no",477131
441,1,41.2750360302162,696.008491404904,714.191808103485,18.1833166985813,0.52000000000163,2.47999999999848,2.01000000000562,684.299589620253,29.0238199457292,4.43291997022229,-212.19148964203,41.2741160302162,41.2735060302162,1460837,"2026_06_04_0054","2026_06_04_0054_ev00441_rec1","no",477132
442,1,41.4099660302162,706.160729128855,729.021707157964,22.860978029109,1.28999999999735,0.160000000001048,2.40000000000151,554.533383404134,162.883149843747,138.26471555331,-121.502264635521,41.4087060302162,41.4073760302162,1474330,"2026_06_04_0054","2026_06_04_0054_ev00442_rec1","no",477133
443,1,41.4963160302162,691.307858765851,697.848601063112,6.54074229726052,0.0100000000031741,0.889999999998281,1.12000000000023,681.534552795183,16.5551899296109,3.67728659102534,-232.273004531249,41.4963160302162,41.4962960302162,1482965,"2026_06_04_0054","2026_06_04_0054_ev00443_rec1","no",477134
444,1,41.5835860302162,703.516044074204,705.620736798506,2.10469272430214,0.030000000002417,0.639999999997087,0.639999999997087,688.866982019745,18.4011017270005,3.63929166995825,-372.106188617055,41.5835860302162,41.5834560302162,1491692,"2026_06_04_0054","2026_06_04_0054_ev00444_rec1","no",477135
445,1,41.6062760302162,695.763523147276,702.478276796421,6.71475364914443,0.0599999999977285,0.0399999999984857,0,684.153121756591,12.7985872036776,1.53444320052435,-328.587395732751,41.6062760302162,41.6062160302162,1493961,"2026_06_04_0054","2026_06_04_0054_ev00445_rec1","no",477136
446,2,53.4108020611,704.105819722033,715.950761190946,11.8449414689128,3.95000000000323,6.92000000000093,6.79000000000229,697.830257403653,19.1121000700162,11.6190097899926,72.9947458347006,53.4103420611,53.4059220611,7747,"2026_06_04_0054","2026_06_04_0054_ev00446_rec2","no",477137
447,2,53.4683220611,700.922488971056,709.581473194063,8.65898422300779,0.109999999999388,3.39999999999918,3.47000000000008,682.126713263458,30.6084246988422,10.498440355496,-247.871063384497,53.4665220611,53.4656720611,13499,"2026_06_04_0054","2026_06_04_0054_ev00447_rec2","no",477138
448,2,53.7692620611,691.584981946935,698.150598191066,6.56561624413064,0.0100000000031741,0.399999999999068,0.309999999998922,686.311595819124,9.32284598131502,1.64393827557386,-142.213076497594,53.7690920611,53.7689920611,43593,"2026_06_04_0054","2026_06_04_0054_ev00448_rec2","no",477139
449,2,53.8241120611,684.143337842277,694.151537022627,10.0081991803506,0.1399999999947,6.25999999999749,30.0000000000011,688.291593342658,14.0113983687829,2.12752206788808,160.29695629922,53.8238320611,53.8236820611,49078,"2026_06_04_0054","2026_06_04_0054_ev00449_rec2","no",477140
450,2,53.9045120611,703.281624300101,705.718043141966,2.43641884186468,1.71999999999883,7.37000000000165,4.64000000000198,689.691813549987,19.9960984470825,14.3992432396419,-140.407484033981,53.9040520611,53.9013320611,57118,"2026_06_04_0054","2026_06_04_0054_ev00450_rec2","no",477141
451,2,53.9337420611,695.380966114972,706.333682097908,10.9527159829354,0.0199999999992428,0.0199999999992428,0,-87404.4484882416,88099.560141784,190385.381283356,-216.130251803009,53.9337320611,53.9337020611,60041,"2026_06_04_0054","2026_06_04_0054_ev00451_rec2","no",477142
452,2,53.9923320611,695.418389844412,707.159019225175,11.740629380763,0.0500000000016598,0.0500000000016598,0,681.964109382912,14.5812958344292,6.13455868147347,-314.178446522687,53.9923220611,53.9921720611,65900,"2026_06_04_0054","2026_06_04_0054_ev00452_rec2","no",477143
453,2,54.0434720611,691.335242652066,706.103611395334,14.7683687432677,6.24999999999432,11.7199999999968,6.75999999999988,695.047013396062,18.6589716291955,2.8575535628952,275.335598623609,54.0403220611,54.0337920611,71014,"2026_06_04_0054","2026_06_04_0054_ev00453_rec2","no",477144
454,2,54.1321120611,707.068761876072,718.731289851245,11.6625279751732,0.0599999999977285,0.0199999999992428,0,608.634008900196,96.3866869349926,136.914679422909,-356.228061624568,54.1321120611,54.1320520611,79878,"2026_06_04_0054","2026_06_04_0054_ev00454_rec2","no",477145
455,2,54.2559420611,691.401657421044,702.516012311518,11.114354890474,0.450000000000728,5.90000000000401,6.59999999999883,689.417214870779,19.6194391450754,5.64444398587292,58.6425023228316,54.2558320611,54.2553820611,92261,"2026_06_04_0054","2026_06_04_0054_ev00455_rec2","no",477146
456,2,54.3409220611,686.82012757129,725.840125327326,39.0199977560354,15.8300000000011,17.0200000000023,8.85000000000247,687.923450051936,27.1438595750573,12.4553891086207,777.434132600834,54.3395720611,54.3235220611,100759,"2026_06_04_0054","2026_06_04_0054_ev00456_rec2","no",477147
457,2,54.4092320611,696.354187996494,744.492150810367,48.1379628138734,5.20000000000209,8.9100000000002,8.21000000000538,683.163561837382,59.6224685363919,12.5525747266825,572.270330090204,54.4072720611,54.4018920611,107590,"2026_06_04_0054","2026_06_04_0054_ev00457_rec2","no",477148
458,2,54.4576820611,699.750478647507,703.972498603317,4.22201995580917,0.0100000000031741,0.210000000002708,0.210000000002708,693.51197607643,8.66916569344217,1.99576058942999,-169.807516384431,54.4575320611,54.4574920611,112435,"2026_06_04_0054","2026_06_04_0054_ev00458_rec2","no",477149
459,2,54.5525120611,692.223382725138,708.796359719694,16.5729769945563,0.0100000000031741,0.030000000002417,0.109999999999388,690.619487288948,8.32007301968644,1.51241174147665,-35.1900589181125,54.5524920611,54.5524820611,121918,"2026_06_04_0054","2026_06_04_0054_ev00459_rec2","no",477150
460,2,54.5723120611,694.936350660334,697.756486026334,2.8201353659997,0.0599999999977285,0.0900000000001455,0,690.165709523118,2.45068693069324,3.33493159612401,-135.193228406144,54.5723120611,54.5722220611,123898,"2026_06_04_0054","2026_06_04_0054_ev00460_rec2","no",477151
461,2,54.6018720611,702.24000795966,709.287002614021,7.0469946543609,0.030000000002417,0.150000000004979,0,694.225926179918,8.80720832313918,2.314264156854,-220.023123520466,54.6018220611,54.6014520611,126854,"2026_06_04_0054","2026_06_04_0054_ev00461_rec2","no",477152
462,2,54.7677420611,700.141582544808,705.024024958377,4.88244241356949,1.96000000000396,4.41000000000003,1.80000000000291,694.540290133968,10.243380919899,5.55050480191824,-110.667699866546,54.7669420611,54.7644020611,143441,"2026_06_04_0054","2026_06_04_0054_ev00462_rec2","no",477153
463,2,54.8063920611,699.854822432547,705.580170478552,5.72534804600525,0.0999999999962142,0.0199999999992428,0,686.944890587316,14.1096064282135,10.5485448457868,-246.627696289077,54.8063920611,54.8062920611,147306,"2026_06_04_0054","2026_06_04_0054_ev00463_rec2","no",477154
464,2,54.8338520611,668.058401931754,681.94475644377,13.8863545120164,1.24999999999886,6.90000000000168,0,135253.368809023,-134570.536614306,341726.247622775,793.346215192044,54.8268620611,54.8256120611,150052,"2026_06_04_0054","2026_06_04_0054_ev00464_rec2","no",477155
465,2,54.8740520611,702.11111539258,709.208181106224,7.09706571364359,1.50000000000006,1.80999999999898,2.47000000000241,-1460.86321077242,2167.36205670292,3041.89250475497,-174.023080012651,54.8739320611,54.8709020611,154072,"2026_06_04_0054","2026_06_04_0054_ev00465_rec2","no",477156
466,2,54.9174720611,695.722174285267,709.336809626368,13.6146353411007,0.0299999999953116,0.0299999999953116,0,-117560.795441103,118255.846167886,245624.425141794,-236.516178034657,54.9174720611,54.9174320611,158414,"2026_06_04_0054","2026_06_04_0054_ev00466_rec2","no",477157
467,2,54.9645220611,694.836499158231,711.316583359629,16.4800842013979,0.699999999994816,32.5799999999958,30.0000000000011,705.326059968135,10.9100809558483,4.15749072473039,399.581392073238,54.9632720611,54.9610720611,163119,"2026_06_04_0054","2026_06_04_0054_ev00467_rec2","no",477158
468,2,54.9954220611,699.300083115673,710.130524689796,10.8304415741236,0.0900000000001455,8.55999999999568,5.18999999999892,388013.879907654,-387313.540564081,677117.878987781,303.722572405502,54.9944220611,54.9943320611,166209,"2026_06_04_0054","2026_06_04_0054_ev00468_rec2","no",477159
469,2,55.0290620611,697.234571225324,709.173293621013,11.9387223956892,0.650000000000261,30.4599999999979,20.3500000000005,700.778563832972,19.3927562931237,6.56298560394112,558.763393410867,55.0126920611,55.0102520611,169573,"2026_06_04_0054","2026_06_04_0054_ev00469_rec2","no",477160
470,2,55.0673420611,708.547845970691,711.139456548435,2.59161057774361,0.0700000000009027,1.3800000000046,1.29000000000445,694.029368491506,19.9360992339881,5.08026051710164,-333.630512240191,55.0672220611,55.0671420611,173401,"2026_06_04_0054","2026_06_04_0054_ev00470_rec2","no",477161
471,2,55.0959220611,685.571637872264,694.04218359731,8.47054572504567,0.230000000001951,30.6099999999958,29.999999999994,696.946293717228,8.65141981514731,1.55960066758014,373.238440654491,55.0949220611,55.0946920611,176259,"2026_06_04_0054","2026_06_04_0054_ev00471_rec2","no",477162
472,2,55.1354920611,694.492181049286,704.071857037578,9.57967598829168,0.0599999999977285,12.3700000000042,23.9699999999985,697.842529174019,11.0338443750022,5.93394976467002,186.017757348383,55.1341720611,55.1341120611,180216,"2026_06_04_0054","2026_06_04_0054_ev00472_rec2","no",477163
473,2,55.1974220611,696.667783852358,702.521997231058,5.85421337869968,0.0199999999992428,0.259999999997262,0.560000000000116,687.658115534585,12.5689769156165,4.79816051391008,-210.048659097324,55.1974220611,55.1974020611,186409,"2026_06_04_0054","2026_06_04_0054_ev00473_rec2","no",477164
474,2,55.2408020611,689.84285380172,699.046266209121,9.20341240740072,0.480000000003145,0.149999999997874,0,31040.8692737515,-30344.4736262515,507652.761756066,238.452703946882,55.2402120611,55.2397320611,190747,"2026_06_04_0054","2026_06_04_0054_ev00474_rec2","no",477165
475,2,55.2879920611,699.830230177349,713.229185964619,13.3989557872696,1.56999999999385,6.11999999999568,3.28999999999979,699.727448937516,9.11062234375494,5.60333349358313,95.175969936946,55.2878120611,55.2833520611,195466,"2026_06_04_0054","2026_06_04_0054_ev00475_rec2","no",477166
476,2,55.3140320611,695.053459400036,701.179126583871,6.1256671838355,0.0299999999953116,3.37999999999994,4.1000000000011,681.279094926078,19.5340989269733,20.8124015259487,-99.2926474542261,55.3137620611,55.3137320611,198070,"2026_06_04_0054","2026_06_04_0054_ev00476_rec2","no",477167
477,2,55.4201720611,700.587934207619,703.678032396532,3.09009818891286,0.260000000004368,0.830000000000553,1.01000000000084,644.029169331605,58.4581572143569,77.3630658452486,-242.160905717435,55.4200120611,55.4196920611,208684,"2026_06_04_0054","2026_06_04_0054_ev00477_rec2","no",477168
478,2,55.4758720611,688.29804578929,700.441510869654,12.1434650803635,0.0399999999984857,7.9899999999995,9.55000000000439,637.095377807009,64.3315696648356,66.27722860041,20.2912300873136,55.4756120611,55.4755720611,214254,"2026_06_04_0054","2026_06_04_0054_ev00478_rec2","no",477169
479,2,55.5380520611,694.081703455869,699.94667789738,5.86497444151121,0.230000000001951,0.720000000001164,0.89999999999435,679.549568401417,19.698802715559,5.43307087715576,-328.377645027919,55.5380320611,55.5377020611,220472,"2026_06_04_0054","2026_06_04_0054_ev00479_rec2","no",477170
480,2,55.6289820611,702.395566536475,710.818834304169,8.4232677676938,0.0900000000001455,1.75000000000125,2.39999999999441,684.488769188744,24.8297104319494,14.3996475585802,-214.461914678733,55.6278920611,55.6271920611,229565,"2026_06_04_0054","2026_06_04_0054_ev00480_rec2","no",477171
481,2,55.6947220611,693.192012650962,715.730201141384,22.5381884904219,1.24000000000279,3.94999999999612,5.67000000000206,695.949881376455,14.5461830004656,5.9195612784232,184.829314439011,55.6944720611,55.6932220611,236139,"2026_06_04_0054","2026_06_04_0054_ev00481_rec2","no",477172
482,2,55.7316720611,700.7041689553,704.26484306449,3.56067410919024,0.0499999999945544,0.0299999999953116,0,688.458979904732,9.1815176542549,3.19026659468109,-345.133685756874,55.7316720611,55.7316220611,239834,"2026_06_04_0054","2026_06_04_0054_ev00482_rec2","no",477173
483,2,55.8141920611,700.756865128814,712.208358872923,11.4514937441096,0.030000000002417,0.0800000000040768,0,691.001928330665,13.6767245432619,3.17292090074618,-248.869243700514,55.8141920611,55.8140720611,248086,"2026_06_04_0054","2026_06_04_0054_ev00483_rec2","no",477174
484,2,55.8424320611,696.851884915447,699.075517880075,2.22363296462788,0.199999999999534,0.199999999999534,0.10000000000332,693.795958869044,3.9485628288122,5.37532883685218,-70.5698039394086,55.8424320611,55.8421820611,250910,"2026_06_04_0054","2026_06_04_0054_ev00484_rec2","no",477175
485,2,55.9107020611,675.707373141628,686.385705366352,10.6783322247244,2.58999999999787,33.6300000000023,30.0000000000011,684.015360704187,15.9505590000591,3.918170939444,380.833735691504,55.9093420611,55.9067520611,257737,"2026_06_04_0054","2026_06_04_0054_ev00485_rec2","no",477176
486,2,55.9456420611,693.615108215587,699.217633739124,5.60252552353666,0.0799999999969714,0.219999999998777,0,683.348369169388,9.43249477015436,4.2670709703463,-266.533123006995,55.9454120611,55.9453320611,261231,"2026_06_04_0054","2026_06_04_0054_ev00486_rec2","no",477177
487,2,55.9733820611,679.12592223378,684.731513729655,5.60559149587414,0.199999999999534,0.190000000003465,0,30310.7269286857,-29628.6254254118,608085.718747219,113.404163333147,55.9733220611,55.9731120611,264005,"2026_06_04_0054","2026_06_04_0054_ev00487_rec2","no",477178
488,2,56.0906320611,711.908930303707,716.609537896281,4.70060759257433,0.439999999997553,6.1499999999981,2.24999999999653,-55374.0414950495,56089.1205615617,88217.675422037,-140.704875331543,56.0860820611,56.0856420611,275730,"2026_06_04_0054","2026_06_04_0054_ev00488_rec2","no",477179
489,2,56.1634120611,705.937731225769,710.564134684927,4.62640345915713,0.900000000001455,2.67999999999802,1.61999999999551,684.200106653348,26.6142862085213,12.818462467624,-338.102064634735,56.1630320611,56.1617120611,283008,"2026_06_04_0054","2026_06_04_0054_ev00489_rec2","no",477180
490,2,56.2514020611,690.187527287589,692.714275685906,2.52674839831764,2.74000000000285,8.40000000000174,6.81999999999761,685.060657657629,15.4829830390107,7.26882221286949,-18.3472305786584,56.2504020611,56.2475020611,291807,"2026_06_04_0054","2026_06_04_0054_ev00490_rec2","no",477181
491,2,56.2897620611,689.367796702225,693.363971584007,3.99617488178205,0.0299999999953116,30.0299999999964,30.0000000000011,84947.6389391826,-84267.0667970221,414090.352613806,-172.248273571539,56.2897620611,56.2897320611,295643,"2026_06_04_0054","2026_06_04_0054_ev00491_rec2","no",477182
492,2,56.3799420611,690.02199658945,696.030295937355,6.00829934790488,0.120000000002563,0.729999999997233,0.889999999998281,682.868476800767,13.7975263442435,2.29901625446281,-182.620645657218,56.3797320611,56.3795320611,304661,"2026_06_04_0054","2026_06_04_0054_ev00492_rec2","no",477183
493,2,56.4361320611,697.282063804641,702.234429070938,4.95236526629776,0.0700000000009027,7.6000000000036,7.75999999999755,690.900612114796,17.7041994303875,10.102597363672,-11.5131728689729,56.4358620611,56.4348420611,310280,"2026_06_04_0054","2026_06_04_0054_ev00493_rec2","no",477184
494,2,56.4646920611,697.621344433012,701.589153237679,3.96780880466781,0.0199999999992428,0.0100000000031741,0,688.211963427934,10.6162733214951,4.63078887684217,-233.116275064038,56.4646820611,56.4646520611,313136,"2026_06_04_0054","2026_06_04_0054_ev00494_rec2","no",477185
495,2,56.5006520611,694.535380459525,696.656700354202,2.1213198946773,0.0299999999953116,0.530000000004804,0.550000000004047,684.634479176423,13.3610406302897,2.47010795845321,-263.962306480696,56.5006520611,56.5006020611,316732,"2026_06_04_0054","2026_06_04_0054_ev00495_rec2","no",477186
496,2,56.5538820611,683.24117756195,690.447461231942,7.20628366999222,0.509999999998456,10.9700000000004,29.999999999994,686.510375212275,9.52722517858799,3.1441042058884,134.330782469156,56.5538720611,56.5533620611,322055,"2026_06_04_0054","2026_06_04_0054_ev00496_rec2","no",477187
497,2,56.5720620611,680.685973927615,690.395320804739,9.70934687712395,0.270000000000437,6.45999999999702,30.0000000000011,684.978118321207,13.1860283161142,1.98633444160763,159.550499128342,56.5719920611,56.5717120611,323873,"2026_06_04_0054","2026_06_04_0054_ev00497_rec2","no",477188
498,2,56.6160920611,680.657365019811,687.337879053142,6.68051403333129,0.260000000004368,5.01000000000573,6.18000000000052,678.899586038048,10.4410765145544,6.84091057351564,20.8222144169091,56.6160820611,56.6158220611,328276,"2026_06_04_0054","2026_06_04_0054_ev00498_rec2","no",477189
499,2,56.6466920611,683.164739792895,692.090712907502,8.92597311460713,0.0799999999969714,0.669999999999504,0.950000000003115,673.371107144219,16.8715572311936,3.73713577554181,-230.36931414276,56.6466720611,56.6465920611,331336,"2026_06_04_0054","2026_06_04_0054_ev00499_rec2","no",477190
500,2,56.7203620611,697.606351871776,705.911502599914,8.30515072813762,0.0500000000016598,1.13000000000341,1.09000000000492,690.264853915775,15.1674703708709,2.88920380837412,-171.068561352055,56.7194720611,56.7187820611,338703,"2026_06_04_0054","2026_06_04_0054_ev00500_rec2","no",477191
501,2,56.8125320611,675.516540232318,697.907809612237,22.3912693799192,1.13999999999947,31.3999999999979,30.0000000000011,676.927467109231,24.0861941264807,32.2677992393799,621.543943020733,56.8093520611,56.8082020611,347920,"2026_06_04_0054","2026_06_04_0054_ev00501_rec2","no",477192
502,2,56.9839920611,694.048685459301,718.950018924822,24.9013334655206,3.40999999999525,35.5499999999935,16.0799999999952,80487.545470267,-79786.7264535986,525270.113794828,343.38903290702,56.9839320611,56.9763520611,365066,"2026_06_04_0054","2026_06_04_0054_ev00502_rec2","no",477193
503,2,57.0110220611,711.150681079882,720.790848432915,9.64016735303346,0.0599999999977285,30.0999999999974,30.0000000000011,405471.203451786,-404776.544583215,692050.278825748,-231.56582966479,57.0109020611,57.0108420611,367769,"2026_06_04_0054","2026_06_04_0054_ev00503_rec2","no",477194
504,2,57.0379220611,711.675079138591,727.857861001816,16.1827818632252,0.489999999999213,30.9600000000003,30.0000000000011,175857.313458403,-175154.096767973,446999.245981163,-64.3631621875241,57.0367720611,57.0361820611,370459,"2026_06_04_0054","2026_06_04_0054_ev00504_rec2","no",477195
505,2,57.1087920611,718.956330237327,723.22970147262,4.27337123529264,0.180000000000291,0.209999999995603,0,702.197260200558,17.0267509519428,20.2784547692688,-235.83972877434,57.1085720611,57.1083720611,377546,"2026_06_04_0054","2026_06_04_0054_ev00505_rec2","no",477196
506,2,57.1444520611,721.008681065079,726.165978184433,5.15729711935444,0.0499999999945544,1.15999999999872,0.939999999999941,710.050677508406,20.5079360550451,2.01492866627649,-282.724316551199,57.1436720611,57.1436220611,381112,"2026_06_04_0054","2026_06_04_0054_ev00506_rec2","no",477197
507,2,57.1681020611,715.468776310704,722.765995388943,7.2972190782391,0.030000000002417,0.0199999999992428,0.030000000002417,701.667321804308,16.589814566111,5.99557553212837,-315.187921509361,57.1681020611,57.1680620611,383477,"2026_06_04_0054","2026_06_04_0054_ev00507_rec2","no",477198
508,2,57.2525320611,710.92312526088,719.494207087768,8.5710818268883,0.0900000000001455,5.78999999999752,6.44000000000489,701.527242363263,26.6530458135112,8.55967609569143,-54.910746701363,57.2521620611,57.2520720611,391920,"2026_06_04_0054","2026_06_04_0054_ev00508_rec2","no",477199
509,2,57.2780620611,705.93528343075,709.687051172434,3.75176774168426,0.030000000002417,0.770000000002824,1.19000000000113,691.817238773273,16.8962172538692,13.9159303357542,-215.579689046066,57.2780620611,57.2780320611,394473,"2026_06_04_0054","2026_06_04_0054_ev00509_rec2","no",477200
510,2,57.3760120611,703.735290527344,709.838806152344,6.103515625,0.0700000000009027,1.40000000000384,1.58000000000413,699.427861951084,12.3440500723397,2.5028281434145,-97.4517822265625,57.3759620611,57.3758920611,404268,"2026_06_04_0054","2026_06_04_0054_ev00510_rec2","no",477201
511,2,57.4209020611,710.775484292814,719.604431152344,8.82894685952965,0.309999999998922,3.63000000000113,1.57000000000096,703.965181143325,18.4192579626108,2.60173179100428,-148.561776038445,57.4184720611,57.4181120611,408757,"2026_06_04_0054","2026_06_04_0054_ev00511_rec2","no",477202
512,2,57.6203020611,692.138610839844,702.514587402344,10.3759765625,0.0599999999977285,5.76999999999828,6.95999999999941,685.027287989905,21.5032167484505,10.3099085702392,1.69677734375,57.6199720611,57.6199120611,428697,"2026_06_04_0054","2026_06_04_0054_ev00512_rec2","no",477203
513,2,57.7105420611,702.973861845413,710.449157714844,7.47529586943074,0.180000000000291,0.030000000002417,0.230000000001951,691.373155739803,15.2653203868271,3.8225595124887,-288.857518564355,57.7102920611,57.7100720611,437721,"2026_06_04_0054","2026_06_04_0054_ev00513_rec2","no",477204
514,2,57.7867120611,693.377443219175,705.566345214844,12.1889019956683,0.729999999997233,12.0700000000014,6.95000000000334,694.309298302574,11.5883039482734,5.91640467430435,168.397295356976,57.7798220611,57.7790720611,445338,"2026_06_04_0054","2026_06_04_0054_ev00514_rec2","no",477205
515,2,57.8207520611,691.528259277344,698.852478027344,7.32421875,0.0599999999977285,6.48999999999944,6.41000000000247,684.971104067374,28.6511659290433,5.6767532539176,-25.5523681640625,57.8201620611,57.8201020611,448742,"2026_06_04_0054","2026_06_04_0054_ev00515_rec2","no",477206
516,2,57.8485120611,694.054268714225,704.955993652344,10.9017249381188,0.260000000004368,1.19000000000113,0,686.788195827943,4.87938141135585,3.00951409184731,-195.983312625696,57.8476420611,57.8473120611,451518,"2026_06_04_0054","2026_06_04_0054_ev00516_rec2","no",477207
517,2,57.9813820611,681.762634277344,701.904235839844,20.1416015625,0.0399999999984857,32.0200000000028,30.0000000000011,697.622062433506,0.993956625518661,2.71408071320621,522.628784179688,57.9793720611,57.9793320611,464805,"2026_06_04_0054","2026_06_04_0054_ev00517_rec2","no",477208
518,2,58.0038220611,693.969665527344,701.293884277344,7.32421875,0.140000000001805,4.30000000000064,4.25999999999505,684.753885464716,24.7506165023652,5.83979992722169,-128.082275390625,58.0036920611,58.0033320611,467049,"2026_06_04_0054","2026_06_04_0054_ev00518_rec2","no",477209
519,2,58.0428820611,697.825153615215,711.669860839844,13.8447072246287,1.66999999999717,5.72999999999979,3.25999999999738,686.157760798879,24.0949022027169,9.01724189778346,-122.617574257427,58.0409920611,58.0392420611,470955,"2026_06_04_0054","2026_06_04_0054_ev00519_rec2","no",477210
520,2,58.0928820611,680.541931152344,693.969665527344,13.427734375,0.030000000002417,30.4399999999987,29.9499999999995,690.7389467635,8.28080451454998,0.991245146216642,324.017333984375,58.0922120611,58.0921820611,475955,"2026_06_04_0054","2026_06_04_0054_ev00520_rec2","no",477211
521,2,58.1464620611,702.04322678972,713.500915527344,11.4576887376238,1.78999999999974,3.99999999999778,0.00999999999606871,706.223284597335,7.28467643458145,1e-07,176.373411877322,58.1438420611,58.1420520611,481313,"2026_06_04_0054","2026_06_04_0054_ev00521_rec2","no",477212
522,2,58.3073220611,695.190368652344,702.514587402344,7.32421875,0.00999999999606871,6.09000000000037,14.249999999997,697.8159169887,5.63035246096655,3.3918104491285,98.4893798828125,58.3069920611,58.3069620611,497399,"2026_06_04_0054","2026_06_04_0054_ev00522_rec2","no",477213
523,2,58.3274820611,691.528259277344,701.904235839844,10.3759765625,0.140000000001805,6.65999999999656,8.16999999999979,691.451419651803,14.6843335347846,6.1800972068053,92.437744140625,58.3272920611,58.3271320611,499415,"2026_06_04_0054","2026_06_04_0054_ev00523_rec2","no",477214
524,2,58.3477420611,684.204040527344,692.748962402344,8.544921875,0.320000000002096,0.749999999996476,0,694.958841943041,-2.20987962200835,1.31682244772142e-07,333.55712890625,58.3472520611,58.3469320611,501441,"2026_06_04_0054","2026_06_04_0054_ev00524_rec2","no",477215
525,2,58.4203820611,711.162241718557,715.331970214844,4.16972849628712,0.0399999999984857,0.46999999999997,0.970000000002358,490.119628325817,223.51326449761,234.320340950345,-335.078747437732,58.4198220611,58.4197620611,508705,"2026_06_04_0054","2026_06_04_0054_ev00525_rec2","no",477216
526,2,58.4701920611,703.753419781675,712.890563964844,9.13714418316829,0.180000000000291,2.40000000000151,0.970000000002358,691.354538026517,19.6088277649935,4.47431463703434,-279.640484800434,58.4685720611,58.4682720611,513686,"2026_06_04_0054","2026_06_04_0054_ev00526_rec2","no",477217
527,2,58.5622220611,692.138610839844,699.462829589844,7.32421875,1.10000000000099,19.1700000000026,21.2900000000005,55.8351712867875,648.574712258666,1433.59608830379,204.010009765625,58.5609020611,58.5598020611,522889,"2026_06_04_0054","2026_06_04_0054_ev00527_rec2","no",477218
528,2,58.6810720611,698.38111741472,704.955993652344,6.57487623762381,0.390000000002999,2.1199999999979,0.979999999998427,692.703678085567,9.71366004751372,5.42957690457719,-109.294808265005,58.6797020611,58.6793020611,534774,"2026_06_04_0054","2026_06_04_0054_ev00528_rec2","no",477219
529,2,58.7338720611,689.697204589844,698.242126464844,8.544921875,0.300000000002854,31.089999999999,30.0000000000011,694.918884477276,9.21828426928739,2.73673704742427,196.56982421875,58.7330720611,58.7327720611,540054,"2026_06_04_0054","2026_06_04_0054_ev00529_rec2","no",477220
530,2,58.8280920611,688.476501464844,695.190368652344,6.7138671875,0.160000000001048,8.89999999999702,10.0100000000012,685.646232551442,18.0201114714213,8.19381053427807,62.1124267578125,58.8279820611,58.8278220611,549476,"2026_06_04_0054","2026_06_04_0054_ev00530_rec2","no",477221
531,2,58.8881120611,690.307556152344,701.904235839844,11.5966796875,1.06999999999857,17.0199999999952,19.919999999999,687.638137435495,17.6477610757002,21.4058421068045,251.611328125,58.8863320611,58.8852620611,555478,"2026_06_04_0054","2026_06_04_0054_ev00531_rec2","no",477222
532,2,58.9730520611,683.823326186378,697.021423339844,13.1980971534654,1.17999999999796,3.16000000000116,2.09999999999866,679.748828452946,12.6911049916851,6.03323713704561,-26.6491880511286,58.9718020611,58.9706020611,563972,"2026_06_04_0054","2026_06_04_0054_ev00532_rec2","no",477223
533,2,59.0654620611,702.883215573755,715.942321777344,13.0591062035891,0.540000000000873,1.40999999999991,3.43999999999767,654.397740875438,54.6824621767891,136.172557884746,31.0016292156546,59.0646320611,59.0639120611,573213,"2026_06_04_0054","2026_06_04_0054_ev00533_rec2","no",477224
534,2,59.1516720611,689.975186489596,719.604431152344,29.6292446627475,3.79999999999825,12.3999999999995,23.4900000000025,703.210454492271,13.7214553877121,0.709154636668554,606.975532758353,59.1441620611,59.1403420611,581834,"2026_06_04_0054","2026_06_04_0054_ev00534_rec2","no",477225
535,2,59.2329920611,694.580017089844,712.280212402344,17.7001953125,0.030000000002417,9.99999999999801,11.8700000000018,657.94313365576,55.6514827847865,46.8249279142376,153.8818359375,59.2320220611,59.2319920611,589966,"2026_06_04_0054","2026_06_04_0054_ev00535_rec2","no",477226
536,2,59.3004520611,702.514587402344,711.669860839844,9.1552734375,0.0199999999992428,9.03999999999883,10.239999999996,704.329318942168,17.9340960971812,4.20560079019251,147.994995117188,59.2992920611,59.2992720611,596712,"2026_06_04_0054","2026_06_04_0054_ev00536_rec2","no",477227
537,2,59.3259720611,682.372985839844,703.735290527344,21.3623046875,0.160000000001048,2.96000000000163,0.00999999999606871,700.434915840984,3.30138654899229,1e-07,625.2197265625,59.3228620611,59.3227020611,599264,"2026_06_04_0054","2026_06_04_0054_ev00537_rec2","no",477228
538,2,59.4380220611,682.372985839844,690.307556152344,7.9345703125,0.00999999999606871,9.13999999999504,30.0000000000011,685.676235327422,10.1038689320021,3.35498285169107,134.0576171875,59.4379320611,59.4379220611,610469,"2026_06_04_0054","2026_06_04_0054_ev00538_rec2","no",477229
539,2,59.5101220611,710.116788052096,714.721618652344,4.60483060024751,0.230000000001951,2.79000000000451,3.23000000000206,-502930.857455394,503645.553742088,565783.423401429,-262.908693823484,59.5101120611,59.5097520611,617679,"2026_06_04_0054","2026_06_04_0054_ev00539_rec2","no",477230
540,2,59.5571020611,707.826458921527,714.111267089844,6.28480816831689,0.409999999995136,8.0600000000004,4.39999999999685,707.281693094253,15.3498006409804,2.62161973763173,58.4122459487179,59.5528720611,59.5524620611,622377,"2026_06_04_0054","2026_06_04_0054_ev00540_rec2","no",477231
541,2,59.5759120611,704.345642089844,712.280212402344,7.9345703125,0.140000000001805,3.92000000000081,4.29000000000457,701.940417269864,18.054358460081,3.51970215409351,-5.0445556640625,59.5757920611,59.5756520611,624258,"2026_06_04_0054","2026_06_04_0054_ev00541_rec2","no",477232
542,2,59.5912820611,698.852478027344,706.787048339844,7.9345703125,0.0399999999984857,4.489999999997,6.00000000000023,698.727526442292,9.49035643466234,5.30216033455918,47.088623046875,59.5912520611,59.5912120611,625795,"2026_06_04_0054","2026_06_04_0054_ev00542_rec2","no",477233
543,2,59.6292420611,692.748962402344,703.735290527344,10.986328125,0.0599999999977285,7.42000000000331,30.0000000000011,697.128171683785,18.4300457957645,2.4728838168028,189.996337890625,59.6285720611,59.6285120611,629591,"2026_06_04_0054","2026_06_04_0054_ev00543_rec2","no",477234
544,2,59.6620620611,701.36640129467,708.618103027344,7.25170173267327,0.10000000000332,1.03000000000009,0.650000000000261,693.139504279005,12.5285218135559,4.69517822172512,-182.826701249226,59.6610720611,59.6609720611,632873,"2026_06_04_0054","2026_06_04_0054_ev00544_rec2","no",477235
545,2,59.7108220611,702.357467198136,720.825134277344,18.4676670792079,1.27999999999417,0.849999999999795,0.38000000000693,688.888977329516,22.582927039527,3.52678241909286,-321.301692547185,59.7108220611,59.7094320611,637749,"2026_06_04_0054","2026_06_04_0054_ev00545_rec2","no",477236
546,2,59.7589020611,705.101027686997,714.111267089844,9.01023940284654,0.450000000000728,5.70000000000448,3.00000000000011,673.137518205614,47.2516811133294,10.2710433868046,-479.673177889078,59.7563720611,59.7557920611,642557,"2026_06_04_0054","2026_06_04_0054_ev00546_rec2","no",477237
547,2,59.8669120611,686.645446777344,693.969665527344,7.32421875,0.140000000001805,10.9199999999987,13.7099999999961,687.857845594194,12.3110864993606,6.50976768783222,123.42529296875,59.8665120611,59.8663720611,653358,"2026_06_04_0054","2026_06_04_0054_ev00547_rec2","no",477238
548,2,59.9544320611,708.195087092938,713.500915527344,5.30582843440595,0.289999999999679,0.0100000000031741,0,702.401345742082,5.91744644442474,4.3269349601082,-147.6148850847,59.9543120611,59.9540220611,662110,"2026_06_04_0054","2026_06_04_0054_ev00548_rec2","no",477239
549,2,60.0184920611,699.480958844175,706.176696777344,6.69573793316829,0.0199999999992428,1.01000000000084,1.02000000000402,689.457705414315,17.6703036688839,2.93267706657414,-247.350077109763,60.0184320611,60.0182420611,668516,"2026_06_04_0054","2026_06_04_0054_ev00549_rec2","no",477240
550,2,60.0564720611,683.593688964844,695.800720214844,12.20703125,0.0199999999992428,25.1300000000043,30.0000000000011,689.531645067182,11.5929709798762,5.90515760894467,246.697998046875,60.0564420611,60.0564220611,672314,"2026_06_04_0054","2026_06_04_0054_ev00550_rec2","no",477241
551,2,60.0906820611,687.866149902344,699.462829589844,11.5966796875,0.680000000002678,14.7800000000018,17.9800000000014,685.716405612506,17.2374039633091,18.2627222349806,202.621459960938,60.0903620611,60.0896820611,675735,"2026_06_04_0054","2026_06_04_0054_ev00551_rec2","no",477242
552,2,60.1533120611,697.462568528581,701.293884277344,3.83131574876234,0.0100000000031741,0.0500000000016598,0,694.306381623489,6.97105563687967,1e-07,-94.346875483448,60.1532620611,60.1532520611,681998,"2026_06_04_0054","2026_06_04_0054_ev00552_rec2","no",477243
553,2,60.1956820611,689.086853027344,699.462829589844,10.3759765625,0.329999999998165,7.56000000000512,5.73999999999586,681.548169812734,31.876378736606,5.56838471996115,3.7384033203125,60.1929220611,60.1925820611,686235,"2026_06_04_0054","2026_06_04_0054_ev00553_rec2","no",477244
554,2,60.2493620611,696.785743033532,717.163024902344,20.3772818688119,0.0900000000001455,32.5300000000013,30.0000000000011,711.141546630784,8.97655105652668,7.80346991622962,531.626786335861,60.2481820611,60.2467720611,691603,"2026_06_04_0054","2026_06_04_0054_ev00554_rec2","no",477245
555,2,60.2846420611,692.748962402344,704.345642089844,11.5966796875,0.289999999999679,28.3999999999978,30.0000000000011,698.211811823702,14.4319886161737,7.12670280399794,301.773071289062,60.2827320611,60.2824420611,695131,"2026_06_04_0054","2026_06_04_0054_ev00555_rec2","no",477246
556,2,60.3297520611,705.252104806428,709.228454589844,3.9763497834158,0.0199999999992428,0.0500000000016598,0,695.612938054998,13.6075065624763,1e-07,-287.220990775837,60.3294920611,60.3294720611,699642,"2026_06_04_0054","2026_06_04_0054_ev00556_rec2","no",477247
557,2,60.4072720611,701.565823092319,711.669860839844,10.1040377475248,0.0500000000016598,0.060000000004834,0.219999999998777,691.165616874984,14.8361621302323,4.47993278307884,-245.089238232904,60.4072420611,60.4071820611,707394,"2026_06_04_0054","2026_06_04_0054_ev00557_rec2","no",477248
558,2,60.4807520611,690.645968899869,706.787048339844,16.1410794399752,1.04000000000326,12.0399999999989,30.0000000000011,698.692172783622,12.6289687389093,1.20042436479731,314.391697043238,60.4771420611,60.4759820611,714742,"2026_06_04_0054","2026_06_04_0054_ev00558_rec2","no",477249
559,2,60.5536920611,707.614950954324,712.280212402344,4.66526144801981,0.030000000002417,1.68999999999642,0.94999999999601,699.391805544598,14.3848540311502,2.56980948776838,-206.57212663405,60.5527920611,60.5527620611,722036,"2026_06_04_0054","2026_06_04_0054_ev00559_rec2","no",477250
560,2,60.6429720611,702.212433163482,712.280212402344,10.0677792388614,0.630000000001019,0.560000000007221,0.169999999997117,694.231991357861,12.475683295526,2.64333712838541,-203.494504418704,60.6428820611,60.6420820611,730964,"2026_06_04_0054","2026_06_04_0054_ev00560_rec2","no",477251
561,2,60.7603520611,678.710876464844,689.697204589844,10.986328125,0.149999999997874,7.63000000000602,9.48999999999955,678.327019613387,15.2825741893985,7.69243214684019,107.321166992188,60.7602120611,60.7600520611,742702,"2026_06_04_0054","2026_06_04_0054_ev00561_rec2","no",477252
562,2,60.8113720611,686.548757420908,700.683532714844,14.1347752939356,0.279999999996505,2.65999999999877,0.650000000000261,685.874460767256,9.24832050952458,1.45037323308746,8.46240355236569,60.8093520611,60.8089220611,747804,"2026_06_04_0054","2026_06_04_0054_ev00562_rec2","no",477253
563,2,60.8819320611,677.490173339844,686.645446777344,9.1552734375,0.0100000000031741,18.3499999999981,19.5399999999992,652.099125102685,40.1079960834867,58.8512324984158,198.831176757812,60.8806120611,60.8806020611,754860,"2026_06_04_0054","2026_06_04_0054_ev00563_rec2","no",477254
564,2,61.0282120611,688.00514085222,702.514587402344,14.5094465501238,0.030000000002417,0.0199999999992428,0,685.857915070017,4.40268871625437,1.18143024906977,-59.1658790512826,61.0282120611,61.0281820611,769488,"2026_06_04_0054","2026_06_04_0054_ev00564_rec2","no",477255
565,2,61.1596720611,671.997009277344,682.372985839844,10.3759765625,1.52000000000641,6.72000000000139,0,688.281189238188,-5.49456512362387,0.03109557768676,725.616455078125,61.1487020611,61.1465520611,782634,"2026_06_04_0054","2026_06_04_0054_ev00565_rec2","no",477256
566,2,61.2039920611,686.035095214844,694.580017089844,8.544921875,0.0900000000001455,8.72000000000384,10.5099999999965,677.004515120254,20.2624134600187,20.6815600670089,52.642822265625,61.2038220611,61.2037320611,787066,"2026_06_04_0054","2026_06_04_0054_ev00566_rec2","no",477257
567,2,61.3364920611,696.894518559522,706.176696777344,9.28217821782175,0.160000000001048,23.0800000000002,20.5800000000025,705.991294165831,4.19749992576768,0.644204003240834,300.113247408724,61.3341320611,61.3339720611,800316,"2026_06_04_0054","2026_06_04_0054_ev00567_rec2","no",477258
568,2,61.3615520611,688.361682854076,728.759704589844,40.3980217357673,2.85000000000224,12.0100000000036,6.36000000000081,699.164317468265,32.5501842354628,3.0860851649139,653.288102858137,61.3560720611,61.3531020611,802822,"2026_06_04_0054","2026_06_04_0054_ev00568_rec2","no",477259
569,2,61.3892420611,701.620210855314,715.942321777344,14.3221109220297,0.0299999999953116,0.0700000000009027,0.0900000000001455,698.274785594773,13.2226427105344,0.22179991997305,-97.2277650738722,61.3892420611,61.3892120611,805591,"2026_06_04_0054","2026_06_04_0054_ev00569_rec2","no",477260
570,2,61.4382720611,706.122309014349,766.601501464844,60.479192450495,2.20999999999805,31.019999999998,30.0000000000011,724.380020219308,48.0587864494217,20.2467649269341,1458.06023626044,61.4366820611,61.4344220611,810494,"2026_06_04_0054","2026_06_04_0054_ev00570_rec2","no",477261
571,2,61.5468120611,724.372425041576,734.863220214844,10.4907951732673,0.0199999999992428,0.00999999999606871,0,701.544436447702,25.2563341856493,19.1968784397169,-301.506722327507,61.5468120611,61.5467920611,821348,"2026_06_04_0054","2026_06_04_0054_ev00571_rec2","no",477262
572,2,61.6027920611,717.767333380066,740.356384277344,22.5890508972773,1.55999999999779,3.17000000000434,1.50000000000716,711.661442263671,20.5680158943582,4.2738828377966,-78.9868043200789,61.6020420611,61.6001620611,826946,"2026_06_04_0054","2026_06_04_0054_ev00572_rec2","no",477263
573,2,61.6266420611,714.195870276725,726.318298339844,12.1224280631188,0.0200000000063483,0.0399999999984857,0,701.611401121967,5.69783519781221,5.62526021363098,-349.895001401995,61.6266320611,61.6265320611,829331,"2026_06_04_0054","2026_06_04_0054_ev00573_rec2","no",477264
574,2,61.7767920611,731.811462402344,734.863220214844,3.0517578125,0.190000000003465,0.130000000005737,0,705.350666793984,26.168191050878,17.1871972523332,-421.270751953125,61.7767320611,61.7765420611,844346,"2026_06_04_0054","2026_06_04_0054_ev00574_rec2","no",477265
575,2,61.9320320611,691.528259277344,701.904235839844,10.3759765625,0.0999999999962142,30.8099999999953,30.0000000000011,696.887036669844,3.50985818797644,2.97446931420304,184.332275390625,61.9311720611,61.9310720611,859870,"2026_06_04_0054","2026_06_04_0054_ev00575_rec2","no",477266
576,2,61.9678820611,701.807546483408,715.331970214844,13.5244237314356,0.030000000002417,6.20999999999583,6.38000000000005,706.68646325425,2.0432376970964,2.28270855909888,208.281775748374,61.9617120611,61.9616820611,863455,"2026_06_04_0054","2026_06_04_0054_ev00576_rec2","no",477267
577,2,62.1075720611,698.810176433903,701.904235839844,3.09405940594058,0,1.09999999999388,1.39000000000067,691.620368339419,10.2897051477334,6.60251896124679,-148.388097781946,62.1075520611,62.1075420611,877424,"2026_06_04_0054","2026_06_04_0054_ev00577_rec2","no",477268
578,2,62.1725220611,698.000403073755,716.552673339844,18.5522702660891,0.0700000000009027,0.200000000006639,0,684.223368753246,19.3610745437376,3.61428570480035,-341.781676641787,62.1723020611,62.1721920611,883919,"2026_06_04_0054","2026_06_04_0054_ev00578_rec2","no",477269
579,2,62.2280420611,703.511696390586,720.825134277344,17.3134378867575,1.66000000000111,5.34999999999997,5.06000000000029,702.265759302061,19.8238107122,5.31766219153883,89.6079186165701,62.2277620611,62.2260620611,889471,"2026_06_04_0054","2026_06_04_0054_ev00579_rec2","no",477270
580,2,62.2517020611,704.744485685141,711.059509277344,6.31502359220292,0.00999999999606871,0.650000000000261,0.849999999999795,699.961087323582,11.1342061552811,1.89837265350035,-122.23528871442,62.2516820611,62.2516720611,891837,"2026_06_04_0054","2026_06_04_0054_ev00580_rec2","no",477271
581,2,62.2733420611,706.496980270537,714.111267089844,7.61428681930693,0.030000000002417,0.109999999999388,0.259999999997262,700.380397946759,10.4390088332997,1.64344904820002,-166.205408077429,62.2733420611,62.2733020611,894001,"2026_06_04_0054","2026_06_04_0054_ev00581_rec2","no",477272
582,2,62.3341420611,694.495413902963,711.059509277344,16.5640953743812,0.639999999997087,17.7800000000019,13.3699999999948,676.18366509671,38.8943832811626,28.7850849809053,280.199470142326,62.3277220611,62.3269920611,900081,"2026_06_04_0054","2026_06_04_0054_ev00582_rec2","no",477273
583,2,62.4641120611,699.033770570661,711.059509277344,12.0257387066831,0.0199999999992428,0.030000000002417,0,693.659234839543,8.94524800496813,2.38301566495311,-139.305522654318,62.4640520611,62.4640320611,913078,"2026_06_04_0054","2026_06_04_0054_ev00583_rec2","no",477274
584,2,62.5096120611,694.664620276725,714.111267089844,19.4466468131188,0.610000000001776,9.30999999999926,10.860000000001,-43516.226265598,44226.2264187564,59010.7055222268,145.609910417312,62.5084220611,62.5075920611,917628,"2026_06_04_0054","2026_06_04_0054_ev00584_rec2","no",477275
585,2,62.5638720611,693.38952938873,713.500915527344,20.1113861386139,0.920000000000698,5.40999999999769,5.0900000000027,697.042213355295,15.2137138388941,3.66237262209919,194.598237594755,62.5625320611,62.5615420611,923054,"2026_06_04_0054","2026_06_04_0054_ev00585_rec2","no",477276
586,2,62.5908720611,701.269711938235,717.163024902344,15.8933129641089,0.0599999999977285,0.030000000002417,0,698.378065850387,5.6684502167579,3.6848414726701,-65.4081439027703,62.5908720611,62.5908120611,925754,"2026_06_04_0054","2026_06_04_0054_ev00586_rec2","no",477277
587,2,62.6672220611,697.964144565091,704.955993652344,6.99184908725249,0.259999999997262,9.74000000000075,9.7200000000015,699.669684985109,10.3191134988878,3.95096427573264,123.368457756421,62.6646720611,62.6643220611,933389,"2026_06_04_0054","2026_06_04_0054_ev00587_rec2","no",477278
588,2,62.6847920611,688.476501464844,698.242126464844,9.765625,0.369999999996651,30.0099999999972,30.0000000000011,696.810622464911,7.54275314209852,5.02600323288447,309.384155273438,62.6838520611,62.6834820611,935146,"2026_06_04_0054","2026_06_04_0054_ev00588_rec2","no",477279
589,2,62.7253520611,704.073703274869,706.787048339844,2.71334506497521,0.230000000001951,0.309999999998922,0,-233081.691343404,233779.540779872,454893.41497198,-417.903635761526,62.7252920611,62.7250320611,939202,"2026_06_04_0054","2026_06_04_0054_ev00589_rec2","no",477280
590,2,62.7616720611,669.555603027344,681.762634277344,12.20703125,0.489999999999213,30.7000000000031,30.0000000000011,683.497323485721,11.0387084463508,1.88984625833594,464.822387695312,62.7608820611,62.7603920611,942834,"2026_06_04_0054","2026_06_04_0054_ev00590_rec2","no",477281
591,2,62.8395120611,703.112852795289,708.618103027344,5.50525023205444,0.770000000002824,2.06000000000017,0.839999999996621,693.285659252252,14.8363005037039,3.75603266289703,-236.110211362934,62.8387220611,62.8378420611,950618,"2026_06_04_0054","2026_06_04_0054_ev00591_rec2","no",477282
592,2,62.8678120611,697.758679682666,711.059509277344,13.3008295946782,0.279999999996505,0.52000000000163,0.580000000006464,684.763203587548,21.7731977368149,2.99280953547109,-322.208759572245,62.8676820611,62.8674020611,953448,"2026_06_04_0054","2026_06_04_0054_ev00592_rec2","no",477283
593,2,62.9287320611,689.437351944423,701.904235839844,12.4668838954208,0.289999999999679,0.129999999998631,0.0500000000016598,687.911195952154,7.09738573764677,0.356602806505001,-42.1700354849942,62.9287320611,62.9284420611,959540,"2026_06_04_0054","2026_06_04_0054_ev00593_rec2","no",477284
594,2,63.0080920611,687.672771189472,717.773376464844,30.1006052753713,0.969999999995252,10.8299999999986,12.7199999999945,692.842371913257,28.2454626113303,8.18342030976411,438.949252591276,63.0065120611,63.0055320611,967476,"2026_06_04_0054","2026_06_04_0054_ev00594_rec2","no",477285
595,2,63.0580120611,691.528259277344,704.345642089844,12.8173828125,0.149999999997874,5.40999999999769,3.04999999999467,764457.963304213,-763764.339473355,878733.632493783,467.437744140625,63.0572920611,63.0571420611,972468,"2026_06_04_0054","2026_06_04_0054_ev00595_rec2","no",477286
596,2,63.0796720611,707.071073324373,726.318298339844,19.2472250154703,0.849999999999795,7.73000000000224,5.81999999999994,691.762853579965,33.9451383001019,14.051961069322,1.24236758392814,63.0768920611,63.0759620611,974634,"2026_06_04_0054","2026_06_04_0054_ev00596_rec2","no",477287
597,2,63.1353620611,707.832502006304,715.331970214844,7.49946820853961,0.0900000000001455,1.75999999999732,0,702.104262151203,8.11824748477469,1.69901021925977,-152.676693755801,63.1329920611,63.1328820611,980203,"2026_06_04_0054","2026_06_04_0054_ev00597_rec2","no",477288
598,2,63.2276820611,716.341165372641,718.994079589844,2.65291421720292,0.0199999999992428,0.109999999999388,0,712.956114769677,1.49756510502628,3.35173232579546,-95.7288383257286,63.2274320611,63.2274120611,989435,"2026_06_04_0054","2026_06_04_0054_ev00598_rec2","no",477289
599,2,63.2978420611,724.251563346032,751.953063964844,27.7015006188119,1.66999999999717,7.48000000000104,4.59000000000032,699.360105735413,48.8510956185334,13.9296232259526,-59.1804731010202,63.2953120611,63.2933320611,996451,"2026_06_04_0054","2026_06_04_0054_ev00599_rec2","no",477290
600,2,63.3241920611,706.279429218557,718.383728027344,12.1042988087871,0.229999999994845,27.2500000000022,21.9099999999983,176668.564288189,-175964.614801703,566182.466768711,71.9517814642362,63.3239820611,63.3237520611,999086,"2026_06_04_0054","2026_06_04_0054_ev00600_rec2","no",477291
601,2,63.3795620611,699.143460104901,711.221461183282,12.0780010783819,0.159999999993943,6.19999999999976,8.63000000000369,690.929783181964,17.7410302220692,25.70948175222,81.6597175294566,63.3789320611,63.3787620611,1004623,"2026_06_04_0054","2026_06_04_0054_ev00601_rec2","no",477292
602,2,63.4349920611,709.594387126165,714.507172533373,4.91278540720862,0.0699999999937972,28.4100000000009,26.9600000000025,145855.813356176,-145156.754886337,316767.217140266,-109.685404468856,63.4349920611,63.4349120611,1010166,"2026_06_04_0054","2026_06_04_0054_ev00602_rec2","no",477293
603,2,63.4654020611,705.060629526037,714.133129288298,9.07249976226069,1.0600000000025,9.84000000000407,10.6600000000014,706.317259181822,16.849749905854,5.119168531882,198.25013959879,63.4604520611,63.4586420611,1013207,"2026_06_04_0054","2026_06_04_0054_ev00603_rec2","no",477294
604,2,63.4936520611,699.544571568634,709.537491170953,9.99291960231892,0.119999999995457,26.1100000000027,15.8599999999964,312217.873464202,-311516.926425627,2152733.44353507,126.039338137515,63.4924820611,63.4923620611,1016032,"2026_06_04_0054","2026_06_04_0054_ev00604_rec2","no",477295
605,2,63.5420820611,700.126345894658,709.243060211257,9.11671431659909,0.0199999999992428,0.0199999999992428,0,681.546835126517,21.762057806824,19.0759547954179,-228.275559202865,63.5420820611,63.5420520611,1020875,"2026_06_04_0054","2026_06_04_0054_ev00605_rec2","no",477296
606,2,63.6440520611,707.374623280298,711.302786059351,3.92816277905308,0.0399999999984857,0.0900000000001455,0,698.485140976784,2.08245258981051,3.0612160143716,-259.623813681188,63.6439920611,63.6439420611,1031072,"2026_06_04_0054","2026_06_04_0054_ev00606_rec2","no",477297
607,2,63.7694420611,710.300617729432,714.531480896677,4.23086316724505,0.839999999996621,1.3100000000037,0.679999999995573,699.160542915882,14.4484715859056,5.26008098899513,-255.370996416181,63.7685120611,63.7673120611,1043611,"2026_06_04_0054","2026_06_04_0054_ev00607_rec2","no",477298
608,2,63.7917420611,678.959930958844,692.833557177431,13.8736262185865,1.9799999999961,32.4400000000011,29.999999999994,696.194012279595,7.81704572532474,3.21743702219237,711.547394237656,63.7853220611,63.7833420611,1045841,"2026_06_04_0054","2026_06_04_0054_ev00608_rec2","no",477299
609,2,63.8117220611,704.078536355135,708.868802076722,4.79026572158682,0.149999999997874,0.109999999999388,0,660.28111671611,42.0143863442016,46.9956056457159,-381.650129728183,63.8117220611,63.8115720611,1047839,"2026_06_04_0054","2026_06_04_0054_ev00609_rec2","no",477300
610,2,63.8828420611,680.014818541181,686.754850595922,6.74003205474105,0.0700000000009027,12.7200000000016,30.0000000000011,682.947662573987,10.0501747321571,4.05546321978933,129.360449420394,63.8828420611,63.8827720611,1054951,"2026_06_04_0054","2026_06_04_0054_ev00610_rec2","no",477301
611,2,63.9271120611,690.106559226391,696.067837737449,5.96127851105757,0.589999999995428,30.6700000000006,30.0000000000011,89044.5406408417,-88361.8359179268,531936.172601258,-144.649382625981,63.9270220611,63.9260920611,1059378,"2026_06_04_0054","2026_06_04_0054_ev00611_rec2","no",477302
612,2,63.9602120611,682.733975145719,738.925726506277,56.1917513605572,3.71000000000521,11.4099999999979,10.5799999999974,693.388701486818,53.163678151218,6.38173461804484,891.992666716444,63.9588720611,63.9550520611,1062688,"2026_06_04_0054","2026_06_04_0054_ev00612_rec2","no",477303
613,2,64.0491920611,683.104812274798,685.219926139577,2.11511386477844,0,30.0000000000011,30.0000000000011,131680.598547546,-131005.972175767,886181.059287405,-187.878571026871,64.0491920611,64.0491720611,1071586,"2026_06_04_0054","2026_06_04_0054_ev00613_rec2","no",477304
614,2,64.1419320611,632.56299845594,674.796867969725,42.2338695137851,1.23999999999569,11.9499999999988,16.9099999999958,647.860196539547,23.7826082505395,3.9509205549626,778.110919274089,64.1374720611,64.1307620611,1080860,"2026_06_04_0054","2026_06_04_0054_ev00614_rec2","no",477305
615,2,64.2113420611,661.215803580774,795.702433154685,134.486629573911,3.15000000000509,32.9599999999886,29.9999999999869,708.351315561102,84.0481692728872,38.5687970333006,3538.254436791,64.2104920611,64.2071720611,1087801,"2026_06_04_0054","2026_06_04_0054_ev00615_rec2","no",477306
616,2,64.3967720611,692.997812489889,703.323987254228,10.3261747643381,0.399999999999068,4.950000000008,5.52999999999315,687.202086827862,21.2891187744133,6.95656589043808,-20.2725292962579,64.3966220611,64.3962220611,1106344,"2026_06_04_0054","2026_06_04_0054_ev00616_rec2","no",477307
617,2,64.4228620611,678.004518465856,690.048397651254,12.0438791853989,0.270000000000437,4.06999999999869,4.14999999999566,648.878320905168,58.1629506691983,7.5589608541163,-437.971082968391,64.4228620611,64.4225920611,1108953,"2026_06_04_0054","2026_06_04_0054_ev00617_rec2","no",477308
618,2,64.5974420611,702.599179408075,737.801186073831,35.2020066657566,1.09999999999388,10.7600000000048,14.5999999999873,702.448248589009,32.1192888922707,16.378972590868,482.847709103077,64.5967020611,64.5952420611,1126411,"2026_06_04_0054","2026_06_04_0054_ev00618_rec2","no",477309
619,2,64.8145220611,702.394508715686,709.011388081684,6.61687936599833,0.0299999999953116,0,0,694.146749010864,10.4242995799575,3.62180376971003,-209.587552543125,64.8145220611,64.8144920611,1148119,"2026_06_04_0054","2026_06_04_0054_ev00619_rec2","no",477310
620,2,64.8558720611,700.719895772869,723.225242122808,22.5053463499393,3.30000000001007,25.6199999999893,29.0999999999997,-85039.4084658362,85761.6461865814,189185.822949074,517.028790109969,64.8554620611,64.8519420611,1152254,"2026_06_04_0054","2026_06_04_0054_ev00620_rec2","no",477311
621,2,64.8726420611,701.29079482665,710.039964774351,8.74916994770138,1.39000000000067,31.7799999999977,30.0000000000011,706.466070440613,11.6218470914935,7.86411624186943,275.244826245137,64.8721920611,64.8708020611,1153931,"2026_06_04_0054","2026_06_04_0054_ev00621_rec2","no",477312
622,2,65.0548420611,713.59847455043,721.751210925526,8.15273637509654,0.119999999995457,1.32999999999583,0.910000000004629,706.376836972146,16.8351643783011,1.83233619756645,-182.066886172069,65.0547920611,65.0539820611,1172151,"2026_06_04_0054","2026_06_04_0054_ev00622_rec2","no",477313
623,2,65.0811720611,709.793184599639,716.273670716791,6.4804861171516,0.0399999999984857,0.060000000004834,0.0900000000001455,691.236595299274,21.2379913851011,6.94106919442515,-410.912555854335,65.0811420611,65.0811020611,1174784,"2026_06_04_0054","2026_06_04_0054_ev00623_rec2","no",477314
624,2,65.1113820611,701.716809406733,708.763610487313,7.04680108058051,0.10000000000332,1.40999999999281,1.86000000000774,697.050346295057,11.7722384496646,3.86594884151201,-93.551164417528,65.1113220611,65.1112120611,1177805,"2026_06_04_0054","2026_06_04_0054_ev00624_rec2","no",477315
625,2,65.1483220611,692.428890698764,699.953559687545,7.52466898878117,0.280000000003611,13.9500000000083,6.03999999999871,57647.3436497505,-56952.912058432,439903.401538016,127.122834595682,65.1479720611,65.1476920611,1181499,"2026_06_04_0054","2026_06_04_0054_ev00625_rec2","no",477316
626,2,65.2633320611,691.543810497883,697.041079394481,5.4972688965978,0.0900000000001455,3.33000000000538,3.79000000000929,679.436705667049,21.2233012321972,9.32523587660485,-172.466289603287,65.2633320611,65.2632420611,1193000,"2026_06_04_0054","2026_06_04_0054_ev00626_rec2","no",477317
627,2,65.3470120611,701.12698434027,704.121669291785,2.99468495151496,0.0299999999953116,30.0000000000011,30.0000000000011,14920.1315625257,-14227.0145746822,154841.046377671,-198.906883541205,65.3470120611,65.3469720611,1201368,"2026_06_04_0054","2026_06_04_0054_ev00627_rec2","no",477318
628,2,65.4403320611,704.178752109357,712.162068038826,7.98331592946874,0.150000000004979,0.199999999992428,0.339999999994234,692.656570493809,15.7690871591471,3.99654289649066,-281.987583016497,65.4403220611,65.4401720611,1210700,"2026_06_04_0054","2026_06_04_0054_ev00628_rec2","no",477319
629,2,65.4876320611,714.583789243406,722.296265906356,7.71247666294983,4.90999999999531,17.3000000000059,30.0000000000011,718.240360245839,16.3034220728515,2.44338149521894,256.107013209736,65.4854520611,65.4786420611,1215430,"2026_06_04_0054","2026_06_04_0054_ev00629_rec2","no",477320
630,2,65.5147820611,723.486130951122,726.217532854556,2.73140190343395,0.160000000008154,0.110000000006494,0,690.615104545082,29.6267810928112,26.0526145741784,-457.112692152177,65.5146920611,65.5145320611,1218145,"2026_06_04_0054","2026_06_04_0054_ev00630_rec2","no",477321
631,2,65.5800620611,708.127489197468,710.237052202534,2.10956300506632,0.0200000000063483,1.18999999999403,1.269999999991,698.55993720112,15.0642595787145,3.38952143709699,-236.016233046786,65.5800620611,65.5800420611,1224673,"2026_06_04_0054","2026_06_04_0054_ev00631_rec2","no",477322
632,2,65.6189020611,697.341467203929,704.416210504143,7.07474330021455,1.28999999999735,21.6300000000018,25.9500000000088,697.674024720071,13.9558279429573,14.3412608528695,203.781415314588,65.6187720611,65.6174720611,1228557,"2026_06_04_0054","2026_06_04_0054_ev00632_rec2","no",477323
633,2,65.6468020611,693.108774984635,699.81622438646,6.70744940182476,0.0699999999937972,5.98999999999705,4.36999999999443,312083.694849945,-311390.569626005,552015.055709839,255.006705430772,65.6468020611,65.6467320611,1231347,"2026_06_04_0054","2026_06_04_0054_ev00633_rec2","no",477324
634,2,65.7282720611,705.668782263153,717.251287539685,11.5825052765321,0.0900000000001455,7.90000000000646,9.56000000000756,691.015766961078,28.7888565287657,22.8232575793384,42.4389520782071,65.7282620611,65.7281720611,1239494,"2026_06_04_0054","2026_06_04_0054_ev00634_rec2","no",477325
635,2,65.7738320611,691.389813244112,698.106905571676,6.71709232756359,0.0300000000095224,13.9799999999894,10.8199999999954,77515.5827450781,-76824.6958553278,278068.164237245,109.35156348288,65.7738320611,65.7738020611,1244050,"2026_06_04_0054","2026_06_04_0054_ev00635_rec2","no",477326
636,2,65.8069020611,700.57003306645,709.2771815306,8.70714846415001,0.119999999995457,30.1699999999983,30.0000000000011,72777.0645183316,-72085.0990738861,486101.736612469,-190.025030842601,65.8068020611,65.8066720611,1247357,"2026_06_04_0054","2026_06_04_0054_ev00636_rec2","no",477327
637,2,65.8349420611,699.046954506129,703.84617379627,4.79921929014108,0.0299999999953116,0.720000000001164,0.849999999999795,690.749048124184,13.1837971393741,3.1512173327795,-206.958580985199,65.8348220611,65.8347620611,1250161,"2026_06_04_0054","2026_06_04_0054_ev00637_rec2","no",477328
638,2,65.9256120611,706.964675248958,711.264087265994,4.29941201703593,0.460000000003902,2.42000000000075,2.31999999999744,683.918699042238,27.9797921125613,18.2012767072889,-276.180936580079,65.9253920611,65.9249220611,1259228,"2026_06_04_0054","2026_06_04_0054_ev00638_rec2","no",477329
639,2,66.0091220611,718.534332058829,721.017909765754,2.48357770692462,0.270000000000437,4.05999999999551,4.26000000000215,705.267290618266,19.290126184898,13.8630816546249,-152.840371267398,66.0080920611,66.0066420611,1267579,"2026_06_04_0054","2026_06_04_0054_ev00639_rec2","no",477330
640,2,66.0628920611,699.218798059136,720.085460239737,20.866662180601,2.5500000000136,18.7999999999988,15.0000000000006,685.330653073992,40.327412459303,24.0428989187376,421.169832238758,66.0584520611,66.0558320611,1272956,"2026_06_04_0054","2026_06_04_0054_ev00640_rec2","no",477331
641,2,66.1302220611,683.264910860555,696.620020900866,13.3551100403113,0.259999999997262,0.270000000000437,0,89397.7614154989,-88706.2676706748,614360.969604944,317.099746930266,66.1302020611,66.1299420611,1279689,"2026_06_04_0054","2026_06_04_0054_ev00641_rec2","no",477332
642,2,66.1840720611,715.922348320983,733.981708271622,18.0593599506394,0.699999999994816,0.120000000009668,0,706.637267729947,15.3690592351593,19.2668210925014,-37.3013386914352,66.1840620611,66.1821820611,1285074,"2026_06_04_0054","2026_06_04_0054_ev00642_rec2","no",477333
643,2,66.2023420611,717.620053306777,719.755320848983,2.13526754220584,0.0900000000001455,0.0900000000001455,0,-138573.386602072,139289.430827625,183330.800645846,-388.69063582329,66.2023420611,66.2022420611,1286901,"2026_06_04_0054","2026_06_04_0054_ev00643_rec2","no",477334
644,2,66.2781420611,688.477339575385,696.567830041481,8.09049046609641,0.729999999990127,6.13000000001307,4.54000000000576,664.273344489643,48.8023956080374,7.76655451805705,-330.457488859652,66.2768020611,66.2760720611,1294481,"2026_06_04_0054","2026_06_04_0054_ev00644_rec2","no",477335
645,2,66.3312720611,677.080526086564,684.478125283302,7.39759919673872,0.0900000000001455,14.5200000000045,12.1900000000039,180389.447414111,-179715.011208721,406954.850607082,121.210779249424,66.3312120611,66.3308720611,1299794,"2026_06_04_0054","2026_06_04_0054_ev00645_rec2","no",477336
646,2,66.3862820611,679.366244804578,687.366776631465,8.00053182688714,0.0299999999953116,14.33999999999,13.2399999999961,671.45281535279,29.6372795552433,13.2024587774966,154.542266125603,66.3839920611,66.3839620611,1305295,"2026_06_04_0054","2026_06_04_0054_ev00646_rec2","no",477337
647,2,66.4257920611,687.234632417096,701.003822183672,13.7691897665756,0.570000000010396,11.5399999999966,12.3199999999883,654.782047921704,55.8136017616557,31.0702931223976,122.966339405749,66.4249820611,66.4242820611,1309246,"2026_06_04_0054","2026_06_04_0054_ev00647_rec2","no",477338
648,2,66.5019920611,681.178014524011,691.923008859042,10.744994335031,0.209999999995603,30.3699999999907,26.8899999999945,41820.9517836004,-41137.8475228765,539820.871578476,97.4948424458332,66.5018220611,66.5016120611,1316866,"2026_06_04_0054","2026_06_04_0054_ev00648_rec2","no",477339
649,2,66.5291620611,690.415713274901,696.849603222942,6.43388994804127,0.0200000000063483,30.0200000000075,30.0000000000011,164337.087494217,-163657.687953753,454480.327612506,-168.380163162186,66.5291620611,66.5291320611,1319583,"2026_06_04_0054","2026_06_04_0054_ev00649_rec2","no",477340
650,2,66.5756720611,684.701537543018,808.599870388167,123.898332845149,3.54999999998995,33.2000000000079,30.0000000000011,562.576339358576,236.362545924554,137.718043048537,3064.85220092083,66.5744420611,66.5704820611,1324234,"2026_06_04_0054","2026_06_04_0054_ev00650_rec2","no",477341
651,2,66.6427620611,738.862751336179,747.676695202534,8.81394386635486,0.240000000005125,0.119999999995457,0,640.762646222276,100.27543251239,77.1077557196091,-449.00476336405,66.6427320611,66.6424520611,1330943,"2026_06_04_0054","2026_06_04_0054_ev00651_rec2","no",477342
652,2,66.6890720611,726.488951540565,729.930823097355,3.44187155679026,0.0100000000031741,0.0200000000063483,0,714.767955710741,10.2924562989402,12.6053554655294,-233.88900818594,66.6890720611,66.6889520611,1335574,"2026_06_04_0054","2026_06_04_0054_ev00652_rec2","no",477343
653,2,66.7628320611,703.807843450863,711.584816032877,7.77697258201454,0.270000000000437,10.5700000000013,7.65000000001237,234620.859481616,-233917.155620655,600360.525226205,180.693536234166,66.7625020611,66.7622320611,1342950,"2026_06_04_0054","2026_06_04_0054_ev00653_rec2","no",477344
654,2,66.8270220611,709.158656933367,713.837940083866,4.67928315049869,0.150000000004979,1.17999999999086,1.44999999999129,690.23772927905,22.9283216836733,13.8827741807558,-284.860807993147,66.8269720611,66.8263320611,1349369,"2026_06_04_0054","2026_06_04_0054_ev00654_rec2","no",477345
655,2,66.9582020611,708.016317987819,747.650617667071,39.6342996792522,1.76999999999339,4.73999999999819,5.0899999999956,709.681604177811,32.0020047944357,5.64816871141611,310.113432271746,66.9570120611,66.9548920611,1362487,"2026_06_04_0054","2026_06_04_0054_ev00655_rec2","no",477346
656,2,67.1139520611,718.673660117758,723.948915040944,5.27525492318637,0.159999999993943,1.49000000000399,1.71000000000276,704.932780590369,21.2168758366908,5.67954545292712,-289.113062685781,67.1133020611,67.1130620611,1378062,"2026_06_04_0054","2026_06_04_0054_ev00656_rec2","no",477347
657,2,67.1632220611,697.317926021577,704.874498711386,7.55657268980917,0.600000000005707,14.0999999999991,15.2300000000025,698.853306570568,18.7195673924535,5.64493988393534,185.348702328364,67.1616920611,67.1610920611,1382989,"2026_06_04_0054","2026_06_04_0054_ev00657_rec2","no",477348
658,2,67.2559920611,692.351203797577,702.68573708591,10.3345332883329,0.180000000000291,0.0299999999953116,0,80362.6520541249,-79664.1443909233,515317.410969603,258.392239780654,67.2558720611,67.2556920611,1392266,"2026_06_04_0054","2026_06_04_0054_ev00658_rec2","no",477349
659,2,67.2768320611,705.834649587772,709.309052196813,3.47440260904125,0.160000000008154,1.45999999999447,1.8400000000014,-75554.0238046951,76262.3328724882,118167.276254708,-213.669432066016,67.2762420611,67.2759620611,1394350,"2026_06_04_0054","2026_06_04_0054_ev00659_rec2","no",477350
660,2,67.3569520611,686.942003617028,698.971295106654,12.0292914896254,1.09000000000492,32.6799999999992,30.0000000000011,695.038237915078,13.2875579498733,9.41553988233787,423.697548258856,67.3548120611,67.3534620611,1402362,"2026_06_04_0054","2026_06_04_0054_ev00660_rec2","no",477351
661,2,67.3858220611,682.189341984467,692.106741249081,9.91739926461423,2.44999999999607,9.10000000000366,11.7800000000017,685.357100664076,16.7703077083286,3.35810334615019,194.4469985225,67.3854620611,67.3830120611,1405249,"2026_06_04_0054","2026_06_04_0054_ev00661_rec2","no",477352
662,2,67.5619220611,711.587756713927,724.301550008375,12.7137932944484,0.0200000000063483,0.0299999999953116,0.420000000005416,685.287995816891,32.1370337388148,11.6140498178679,-443.605556098228,67.5619220611,67.5618420611,1422859,"2026_06_04_0054","2026_06_04_0054_ev00662_rec2","no",477353
663,2,67.6552420611,708.184577587337,712.298194498247,4.11361691091008,0.280000000003611,0.10000000000332,0.129999999998631,687.841506725678,22.1666284959934,9.20753856972444,-412.576190599296,67.6551320611,67.6548320611,1432191,"2026_06_04_0054","2026_06_04_0054_ev00663_rec2","no",477354
664,2,67.6757120611,695.536931242308,697.814665970659,2.27773472835099,0,25.2200000000045,24.4900000000001,240082.652353062,-239396.125184292,594991.244868147,-89.3595700210027,67.6757120611,67.6756820611,1434238,"2026_06_04_0054","2026_06_04_0054_ev00664_rec2","no",477355
665,2,67.7647620611,691.867702218378,699.528606411609,7.66090419323075,0.450000000000728,30.2899999999937,30.0000000000011,702.733942114077,3.26730031916513,3.6112216074085,347.972618353676,67.7643420611,67.7638920611,1443143,"2026_06_04_0054","2026_06_04_0054_ev00665_rec2","no",477356
666,2,67.7852720611,708.869956800724,718.141070520052,9.27111371932847,0.0199999999921374,0.0199999999921374,0.240000000005125,681.970229299816,30.884041926511,13.1196203206739,-442.739254837957,67.7852220611,67.7852020611,1445194,"2026_06_04_0054","2026_06_04_0054_ev00666_rec2","no",477357
667,2,67.8222120611,696.63204868487,701.247801649836,4.6157529649663,0.720000000001164,9.06999999999414,6.72000000000139,692.931511081873,18.1230873254272,5.55740125545394,21.6047172423904,67.8197920611,67.8187120611,1448888,"2026_06_04_0054","2026_06_04_0054_ev00667_rec2","no",477358
668,2,67.8534720611,684.279163379356,693.687820763662,9.40865738430637,0.489999999999213,1.09000000000492,0,142703.540337151,-142013.851802293,539380.421159124,299.043585728516,67.8527520611,67.8522520611,1452014,"2026_06_04_0054","2026_06_04_0054_ev00668_rec2","no",477359
669,2,67.8917220611,699.83809084449,723.485264629143,23.6471737846537,2.22000000000833,5.35000000000707,6.61999999999807,694.664027067742,24.2566566735246,11.9325991362922,259.236892962332,67.8865720611,67.8836120611,1455839,"2026_06_04_0054","2026_06_04_0054_ev00669_rec2","no",477360
670,2,67.9419120611,701.721840851805,704.446394171756,2.72455331995093,0.0900000000001455,0.22999999998774,0.340000000008445,686.438458097779,17.0346500954561,7.58700866632543,-331.706405629803,67.9419120611,67.9418220611,1460858,"2026_06_04_0054","2026_06_04_0054_ev00670_rec2","no",477361
671,2,68.1273520611,686.195473907306,695.317439690657,9.12196578335079,0.0199999999921374,30.6699999999864,30.0000000000011,693.336667332082,10.8231995299123,1.1917671676963,241.733678886893,68.1263420611,68.1263220611,1479402,"2026_06_04_0054","2026_06_04_0054_ev00671_rec2","no",477362
672,2,68.2327820611,682.2980850205,688.19285901807,5.89477399757072,0.230000000001951,8.49999999999795,8.40999999999781,438.870957934394,267.565244961737,98.233680515088,-379.370619353573,68.2324920611,68.2322320611,1489945,"2026_06_04_0054","2026_06_04_0054_ev00672_rec2","no",477363
673,2,68.2765520611,658.9208690553,676.359806195356,17.4389371400557,6.11999999999568,4.48000000000093,0,393568.948396377,-392899.220022565,633804.10524724,748.44436631399,68.2749920611,68.2677320611,1494322,"2026_06_04_0054","2026_06_04_0054_ev00673_rec2","no",477364
674,2,68.3149220611,690.52585392422,694.319967220636,3.79411329641584,0.529999999997699,3.30999999999904,2.26999999999578,682.2229372325,20.9711186847792,2.9454132384254,-83.1476366816521,68.3139820611,68.3134520611,1498159,"2026_06_04_0054","2026_06_04_0054_ev00674_rec2","no",477365
675,3,80.0029880919838,693.969223680733,700.656570726209,6.68734704547569,0.0299999999953116,4.57000000000107,5.11000000000195,690.940479318533,14.1874931737231,5.3923598264723,-11.1925755389374,80.0027580919838,80.0027280919838,299,"2026_06_04_0054","2026_06_04_0054_ev00675_rec3","no",477366
676,3,80.0733280919838,695.089779581091,701.823251008723,6.73347142763248,0.10000000000332,30.0900000000013,30.0000000000011,699.8810041124,6.88006777989863,4.37667954431433,174.948730635902,80.0733280919838,80.0732280919838,7333,"2026_06_04_0054","2026_06_04_0054_ev00676_rec3","no",477367
677,3,80.1079580919838,699.184748648723,712.796909233562,13.6121605848385,1.17000000000189,31.470000000013,30.0000000000011,707.678873790783,11.0657194264279,7.39125629174111,362.07736005635,80.1076480919838,80.1064680919838,10796,"2026_06_04_0054","2026_06_04_0054_ev00677_rec3","no",477368
678,3,80.1468380919838,711.943312249683,719.220117223196,7.27680497351218,0.110000000006494,4.05999999999551,3.69000000000597,693.037320034495,28.6627784173996,13.0310468585955,-225.595772194197,80.1461780919838,80.1458980919838,14684,"2026_06_04_0054","2026_06_04_0054_ev00678_rec3","no",477369
679,3,80.2776680919838,696.600769724012,706.470854453907,9.87008472989544,0.150000000004979,0.140000000001805,0,-26714.0504453455,27405.1632204709,112822.602715072,-272.763837383791,80.2775980919838,80.2774480919838,27767,"2026_06_04_0054","2026_06_04_0054_ev00679_rec3","no",477370
680,3,80.3002180919838,667.49239631046,680.46897541902,12.9765791085606,0.600000000005707,3.29999999999586,0,102462.517678532,-101780.787566533,312204.349666521,659.419585973276,80.2965780919838,80.2959780919838,30022,"2026_06_04_0054","2026_06_04_0054_ev00680_rec3","no",477371
681,3,80.3306880919838,691.118172370095,695.878721946868,4.76054957677343,0.0700000000080081,3.46999999999298,3.69999999999493,678.560844289595,17.157706617496,20.4704860434513,-102.795079784494,80.3306480919838,80.3299580919838,33069,"2026_06_04_0054","2026_06_04_0054_ev00681_rec3","no",477372
682,3,80.3580980919838,684.306806111544,690.676695917459,6.36988980591445,0.0500000000016598,0.0199999999921374,0,678.818286642746,7.56994297734285,1.97985287832616,-149.413976125005,80.3580680919838,80.3579980919838,35810,"2026_06_04_0054","2026_06_04_0054_ev00682_rec3","no",477373
683,3,80.4125880919838,679.899236385355,686.605029904137,6.70579351878212,0.0599999999906231,4.11000000001138,4.7400000000124,680.068275196558,11.4792408042506,2.96057545316175,43.0406347934188,80.4123280919838,80.4122680919838,41259,"2026_06_04_0054","2026_06_04_0054_ev00683_rec3","no",477374
684,3,80.5299980919838,674.629189558146,692.827873913884,18.1986843557377,2.38000000000227,10.6400000000093,30.0000000000011,682.305631669721,16.3527757594372,2.90526696631442,349.027290426432,80.5285980919838,80.5262180919838,53000,"2026_06_04_0054","2026_06_04_0054_ev00684_rec3","no",477375
685,3,80.7390680919838,673.164054344547,681.585682421312,8.42162807676561,0.0700000000080081,8.94999999999868,14.7400000000033,675.955397233556,13.796268400154,3.93161366933144,142.789603280708,80.7388080919838,80.7387380919838,73907,"2026_06_04_0054","2026_06_04_0054_ev00685_rec3","no",477376
686,3,80.8198180919838,691.191128055792,694.169887777423,2.97875972163092,0.0599999999906231,0.0699999999937972,0.170000000011328,680.706668310144,12.2244775647165,3.0963451777427,-276.438678877401,80.8198180919838,80.8197580919838,81982,"2026_06_04_0054","2026_06_04_0054_ev00686_rec3","no",477377
687,3,80.8890480919838,680.106063179672,688.791766858454,8.68570367878158,0.110000000006494,30.0299999999964,30.0000000000011,687.309168597837,11.4527598010572,2.27355015437775,248.333755354738,80.8887080919838,80.8885980919838,88905,"2026_06_04_0054","2026_06_04_0054_ev00687_rec3","no",477378
688,3,80.9866780919838,683.523239864898,689.952318931007,6.42907906610901,0.259999999997262,18.3899999999966,16.8799999999862,407795.44428105,-407119.088662239,720018.781663677,41.3399166829641,80.9865680919838,80.9863080919838,98668,"2026_06_04_0054","2026_06_04_0054_ev00688_rec3","no",477379
689,3,81.0266080919838,686.327632554074,695.943667338427,9.61603478435302,0.180000000000291,2.52000000000407,2.87999999999045,687.32843194564,15.4219814741158,1.60126010474139,61.0483783285622,81.0263380919838,81.0261580919838,102661,"2026_06_04_0054","2026_06_04_0054_ev00689_rec3","no",477380
690,3,81.0713180919838,679.546111367548,686.358798696525,6.81268732897684,0.280000000003611,0.0699999999937972,0,214039.173139182,-213355.541482011,847741.755613271,239.724224322521,81.0712780919838,81.0709980919838,107132,"2026_06_04_0054","2026_06_04_0054_ev00690_rec3","no",477381
691,3,81.1260380919838,680.283154060198,691.756877694091,11.4737236338931,0.0199999999921374,14.0699999999896,15.3600000000012,-190013.696482846,190712.57112264,204141.565940667,142.465041352055,81.1257380919838,81.1257080919838,112604,"2026_06_04_0054","2026_06_04_0054_ev00691_rec3","no",477382
692,3,81.2405080919838,689.962470956793,700.246447856965,10.2839769001716,0.299999999995748,30.2900000000079,30.0000000000011,696.705677047409,6.28936582500892,1.31564268058267,214.990256635701,81.2404480919838,81.2401280919838,124051,"2026_06_04_0054","2026_06_04_0054_ev00692_rec3","no",477383
693,3,81.2721380919838,697.278938842991,725.252649420636,27.9737105776452,1.86000000000774,7.38999999998668,6.74000000000774,693.791504977636,28.9573550016962,9.12737812080331,205.809312452328,81.2708280919838,81.2689380919838,127214,"2026_06_04_0054","2026_06_04_0054_ev00693_rec3","no",477384
694,3,81.4053380919838,693.320302355168,703.714371239204,10.3940688840355,0.450000000000728,3.83999999999673,3.47000000000719,691.416387525445,15.4338597136284,3.5148553357428,14.5599752031958,81.4048780919838,81.4038580919838,140534,"2026_06_04_0054","2026_06_04_0054_ev00694_rec3","no",477385
695,3,81.4798480919838,677.443863403084,684.143998198216,6.70013479513261,0.0299999999953116,0.0200000000063483,0.0100000000031741,677.94928715824,6.20963040808551,1e-07,15.263274170768,81.4798480919838,81.4798180919838,147985,"2026_06_04_0054","2026_06_04_0054_ev00695_rec3","no",477386
696,3,81.6862980919838,694.955444428393,706.947542840253,11.9920984118604,0.250000000008299,0.479999999996039,0.489999999999213,681.457516161394,20.2195510485789,4.05673887164396,-322.497120410191,81.6862080919838,81.6857480919838,168630,"2026_06_04_0054","2026_06_04_0054_ev00696_rec3","no",477387
697,3,81.7999780919838,679.505615615743,682.12925938104,2.62364376529672,0.0500000000016598,14.4599999999997,13.8099999999923,369083.561856842,-368410.458651093,690243.72849106,49.943240148665,81.7997680919838,81.7994880919838,179998,"2026_06_04_0054","2026_06_04_0054_ev00697_rec3","no",477388
698,3,81.8316280919838,696.145074522809,701.012411227581,4.86733670477213,0.320000000002096,2.70999999999333,2.82999999998879,672.793766097641,31.5024379965816,12.585986027327,-338.86531581469,81.8315980919838,81.8302280919838,183163,"2026_06_04_0054","2026_06_04_0054_ev00698_rec3","no",477389
699,3,81.9293080919838,669.041314127446,679.622843527809,10.581529400363,0.600000000005707,31.3100000000048,30.0000000000011,682.609388843299,9.59130483966442,6.91307307192709,496.451494493617,81.9285880919838,81.9279880919838,192931,"2026_06_04_0054","2026_06_04_0054_ev00699_rec3","no",477390
700,3,82.0855480919838,688.786911216059,694.325997829596,5.53908661353728,0.140000000001805,5.48999999999467,6.43999999999778,686.482814580499,11.059236398682,6.90523975888414,8.5878467269813,82.0854280919838,82.0852880919838,208555,"2026_06_04_0054","2026_06_04_0054_ev00700_rec3","no",477391
701,3,82.1219280919838,679.449900919263,688.730422575846,9.28052165658346,0.900000000001455,8.93999999999551,9.65999999999667,678.295856008011,24.9097266270245,5.71224933201048,136.701070536422,82.1207580919838,82.1198580919838,212193,"2026_06_04_0054","2026_06_04_0054_ev00701_rec3","no",477392
702,3,82.1768480919838,680.374727792163,690.46992169175,10.0951938995869,0.0399999999984857,17.1799999999962,19.8900000000037,-67772.7696389812,68465.0423558991,166781.865576848,179.447104038287,82.1764080919838,82.1763380919838,217685,"2026_06_04_0054","2026_06_04_0054_ev00702_rec3","no",477393
703,3,82.1987880919838,681.022320479053,690.071189641133,9.04886916208068,0.259999999997262,2.09999999999866,2.25000000000364,671.207020434265,24.1187428815525,3.71880117023258,-201.530754752896,82.1987880919838,82.1985280919838,219879,"2026_06_04_0054","2026_06_04_0054_ev00703_rec3","no",477394
704,3,82.2550580919838,683.126477561279,689.668774514639,6.54229695335971,0.119999999995457,0.140000000001805,0,673.800352548138,11.3521913912909,1.36821305807039,-263.894487650775,82.2549880919838,82.2548580919838,225506,"2026_06_04_0054","2026_06_04_0054_ev00704_rec3","no",477395
705,3,82.3168880919838,694.111084328008,698.950991561073,4.83990723306499,0.390000000010104,1.18000000000507,1.30000000000052,682.684692026992,16.7575522620007,5.47318659896174,-250.884397917814,82.3167180919838,82.3161680919838,231689,"2026_06_04_0054","2026_06_04_0054_ev00705_rec3","no",477396
706,3,82.3851580919838,690.061666040429,693.37805509768,3.31638905725083,0.10000000000332,0.579999999999359,0.690000000005853,677.29881560874,15.8804508468392,5.46313303585644,-296.307489258445,82.3851580919838,82.3850580919838,238516,"2026_06_04_0054","2026_06_04_0054_ev00706_rec3","no",477397
707,3,82.4677080919838,694.174631570125,701.605047538806,7.43041596868147,0.060000000004834,0.619999999997844,0.700000000009027,669.287642712857,34.4072406242728,3.17845707623675,-635.335850122843,82.4674580919838,82.4671480919838,246771,"2026_06_04_0054","2026_06_04_0054_ev00707_rec3","no",477398
708,3,82.5027980919838,687.47853514457,697.201412922673,9.72287777810266,1.08000000000175,0.769999999988613,0,673.588156654211,16.9317050083001,15.9565475863264,-180.164131605116,82.5023780919838,82.4998980919838,250280,"2026_06_04_0054","2026_06_04_0054_ev00708_rec3","no",477399
709,3,82.6358380919838,700.864931878512,765.129626293383,64.2646944148713,3.00000000000011,33.069999999995,30.0000000000011,707.710662602389,59.7910040666646,29.9867907158347,1762.51492533784,82.6312080919838,82.6270580919838,263584,"2026_06_04_0054","2026_06_04_0054_ev00709_rec3","no",477400
710,3,82.6810680919838,729.744770344045,733.631241247898,3.88647090385211,0.060000000004834,0.390000000010104,0,702.370768866134,28.2219841233383,32.515918051985,-264.985027511727,82.6807480919838,82.6806080919838,268107,"2026_06_04_0054","2026_06_04_0054_ev00710_rec3","no",477401
711,3,82.7277980919838,733.606067981918,738.436132872981,4.83006489106288,0.370000000003756,0.160000000008154,0.10000000000332,719.659857158482,16.2647599965554,3.09988890978297,-366.303096899834,82.7275780919838,82.7269880919838,272780,"2026_06_04_0054","2026_06_04_0054_ev00711_rec3","no",477402
712,3,82.7533780919838,721.125065449342,732.68165096327,11.5565855139284,0.0500000000016598,0.0199999999921374,0,712.342670869356,8.23513412466741,7.66829363865427,-201.02709051217,82.7533680919838,82.7533080919838,275338,"2026_06_04_0054","2026_06_04_0054_ev00712_rec3","no",477403
713,3,82.8107580919838,715.229997652069,719.827945645769,4.59794799369968,0.270000000000437,0.370000000003756,0.529999999997699,703.968300482352,14.3859565342442,5.04380979171061,-263.608105959743,82.8106980919838,82.8103780919838,281076,"2026_06_04_0054","2026_06_04_0054_ev00713_rec3","no",477404
714,3,82.9841680919838,668.128636019833,677.364624573171,9.23598855333808,0.219999999998777,0.0300000000095224,0,188196.511037894,-187522.897059419,703168.195289272,289.177232561988,82.9841280919838,82.9839080919838,298417,"2026_06_04_0054","2026_06_04_0054_ev00714_rec3","no",477405
715,3,83.0458280919838,691.621652620368,700.208942206441,8.58728958607264,0.0100000000031741,20.0899999999962,16.9800000000038,275284.459940571,-274595.832270991,755354.925954207,76.9204005444543,83.0455680919838,83.0455580919838,304583,"2026_06_04_0054","2026_06_04_0054_ev00715_rec3","no",477406
716,3,83.0733380919838,677.910179478468,691.068482469277,13.1583029908088,1.99999999999534,25.1899999999949,19.9700000000007,636.896179815081,70.1023229007075,47.111657005677,464.344452396044,83.0683580919838,83.0662880919838,307334,"2026_06_04_0054","2026_06_04_0054_ev00716_rec3","no",477407
717,3,83.1938080919838,691.597903213772,696.0763341682,4.47843095442829,0.790000000009172,5.92999999999222,4.67999999999336,656.165890513002,41.4073801091689,42.4677746687466,-142.091309036481,83.1926180919838,83.1898080919838,319381,"2026_06_04_0054","2026_06_04_0054_ev00717_rec3","no",477408
718,3,83.2320780919838,694.82844567552,703.063759794393,8.23531411887302,0.219999999998777,2.62000000000739,1.09000000000492,690.009041405524,17.4039352538004,1.37036181790291,-105.285579052068,83.2299980919838,83.2293580919838,323208,"2026_06_04_0054","2026_06_04_0054_ev00718_rec3","no",477409
719,3,83.2667580919838,695.289571570542,704.470320684319,9.18074911377698,0.0400000000126965,0.0100000000031741,0,-117399.125781667,118089.110221163,419480.979627389,-285.730509175204,83.2667580919838,83.2667180919838,326676,"2026_06_04_0054","2026_06_04_0054_ev00719_rec3","no",477410
720,3,83.2837180919838,690.342840423324,692.703173434196,2.36033301087127,0.209999999995603,2.17999999999563,1.82999999999822,677.424842865783,20.9974030468891,4.35044246267036,-293.833256130526,83.2833480919838,83.2830880919838,328372,"2026_06_04_0054","2026_06_04_0054_ev00720_rec3","no",477411
721,3,83.3174480919838,664.803801732886,866.930278034875,202.126476301989,2.49999999999773,33.299999999997,30.0000000000011,754.338877186585,113.588060087954,17.2778804816241,4939.54811582031,83.3156780919838,83.3129980919838,331745,"2026_06_04_0054","2026_06_04_0054_ev00721_rec3","no",477412
722,3,83.3841180919838,761.476813343678,793.283440748387,31.8066274047096,12.0799999999974,31.5899999999942,27.5900000000036,764.032774834347,31.6192277328297,22.3693300401161,959.77068599588,83.3829980919838,83.3701380919838,338412,"2026_06_04_0054","2026_06_04_0054_ev00722_rec3","no",477413
723,3,83.4527580919838,759.220561391743,872.565637867423,113.34507647568,2.90999999999997,32.9799999999949,30.0000000000011,-504657.292245532,505528.031851386,295529.827956804,2919.9093757538,83.4516380919838,83.4486280919838,345276,"2026_06_04_0054","2026_06_04_0054_ev00723_rec3","no",477414
724,3,83.6282380919838,728.295481933844,734.249361336153,5.95387940230853,0.0200000000063483,0.739999999993302,0.899999999987244,716.520789172223,18.8683556428814,2.98378759013859,-296.869565830666,83.6282380919838,83.6282180919838,362824,"2026_06_04_0054","2026_06_04_0054_ev00724_rec3","no",477415
725,3,83.7481680919838,720.318457634098,725.038453267593,4.7199956334947,0.0699999999937972,0.399999999999068,0.479999999996039,708.649527244382,16.9854482279674,2.02462019416591,-315.657202644724,83.7481380919838,83.7480680919838,374817,"2026_06_04_0054","2026_06_04_0054_ev00725_rec3","no",477416
726,3,83.7777580919838,695.89590595789,704.142088276466,8.24618231857653,1.59000000000731,33.7600000000009,30.0000000000011,701.920021482387,9.42821907531192,7.92072019684038,329.181839351181,83.7770580919838,83.7728980919838,377776,"2026_06_04_0054","2026_06_04_0054_ev00726_rec3","no",477417
727,3,83.8932780919838,713.128436913462,725.837079749633,12.7086428361711,2.90999999999997,3.77000000000294,1.87999999999988,699.641737678249,22.5448002647753,8.73624774788853,-194.275891708754,83.8927980919838,83.8894980919838,389328,"2026_06_04_0054","2026_06_04_0054_ev00727_rec3","no",477418
728,3,83.9510180919838,691.206642929309,699.456303731926,8.24966080261731,0.190000000003465,6.45000000000095,6.66999999999973,669.715590324308,31.8018152573186,25.7302263081982,-70.4941037992508,83.9503080919838,83.9501080919838,395102,"2026_06_04_0054","2026_06_04_0054_ev00728_rec3","no",477419
729,3,84.0753380919838,691.377182157913,700.683532714844,9.30635055693074,0.0699999999937972,1.08000000000175,1.71000000000276,685.97369700611,12.0232351010003,5.55875627723679,-94.5378671778297,84.0753280919838,84.0751980919838,407534,"2026_06_04_0054","2026_06_04_0054_ev00729_rec3","no",477420
730,3,84.1581980919838,699.051899824992,705.566345214844,6.51444538985152,0.369999999989545,1.76000000000442,1.63000000000579,688.546434565894,16.257235471364,7.06655600810138,-200.977287670172,84.1579780919838,84.1575680919838,415820,"2026_06_04_0054","2026_06_04_0054_ev00730_rec3","no",477421
731,3,84.2280280919838,684.500151681428,696.411071777344,11.9109200959158,0.0399999999984857,0.0300000000095224,0.0799999999969714,683.656642113851,5.89119060207863,0.713450796911959,-20.9753357537915,84.2280280919838,84.2279580919838,422803,"2026_06_04_0054","2026_06_04_0054_ev00731_rec3","no",477422
732,3,84.3028480919838,687.473349391824,697.021423339844,9.5480739480198,0.0199999999921374,0.0699999999937972,0,660.655938372222,29.1447178991126,23.3028436859156,-311.333624207147,84.3026780919838,84.3026580919838,430285,"2026_06_04_0054","2026_06_04_0054_ev00732_rec3","no",477423
733,3,84.3865080919838,696.012228182047,698.852478027344,2.84024984529708,0.169999999997117,1.00000000000477,1.01999999999691,680.660613736587,18.305217294313,9.29156876007571,-296.410770227412,84.3865080919838,84.3862480919838,438651,"2026_06_04_0054","2026_06_04_0054_ev00733_rec3","no",477424
734,3,84.4607180919838,665.893493652344,676.269470214844,10.3759765625,0.619999999997844,1.22999999999251,0,680.633738755441,-4.399258176273,0.0363255932504642,461.312866210938,84.4600980919838,84.4594780919838,446072,"2026_06_04_0054","2026_06_04_0054_ev00734_rec3","no",477425
735,3,84.4859380919838,683.358008658532,695.190368652344,11.8323599938119,0.870000000006144,5.57000000000585,1.59999999999627,684.676202646406,13.9095588429045,1.05841514593602,89.7131287225411,84.4823280919838,84.4814480919838,448594,"2026_06_04_0054","2026_06_04_0054_ev00735_rec3","no",477426
736,3,84.5633680919838,696.815958457418,715.331970214844,18.5160117574258,0.469999999992865,16.8999999999926,15.9900000000022,-442014.904654431,442731.047511717,567268.574321837,306.65990244044,84.5597480919838,84.5590480919838,456337,"2026_06_04_0054","2026_06_04_0054_ev00736_rec3","no",477427
737,3,84.6383980919838,693.969665527344,701.293884277344,7.32421875,0.0299999999953116,2.56000000000256,2.60999999999001,692.58974664245,14.9346450816615,2.01872200857329,-7.8399658203125,84.6382380919838,84.6380180919838,463840,"2026_06_04_0054","2026_06_04_0054_ev00737_rec3","no",477428
738,3,84.6697480919838,689.697204589844,699.462829589844,9.765625,0.0299999999953116,28.9999999999964,28.9800000000042,701.095178698587,3.03345855137717,0.916697016660181,344.696044921875,84.6697480919838,84.6697180919838,466975,"2026_06_04_0054","2026_06_04_0054_ev00738_rec3","no",477429
739,3,84.6912580919838,687.848020648012,716.552673339844,28.7046526918317,0.640000000004193,20.4399999999936,26.8599999999992,692.305914132308,25.5044980691436,18.9088857780511,579.060076723005,84.6892080919838,84.6885280919838,469126,"2026_06_04_0054","2026_06_04_0054_ev00739_rec3","no",477430
740,3,84.7454680919838,674.438415527344,686.035095214844,11.5966796875,0.0200000000063483,1.39000000000067,0,688.789815090386,-2.75419043004724,1e-07,458.10546875,84.7440880919838,84.7440680919838,474547,"2026_06_04_0054","2026_06_04_0054_ev00740_rec3","no",477431
741,3,84.7894580919838,701.529564583656,716.552673339844,15.0231087561881,0.669999999999504,6.20999999999583,2.35999999999592,697.838313107207,17.3623143312759,3.75014870138986,-11.8865966796884,84.7853480919838,84.7846080919838,478946,"2026_06_04_0054","2026_06_04_0054_ev00741_rec3","no",477432
742,3,84.8785680919838,699.233192368309,704.345642089844,5.11244972153463,0.0399999999984857,0.450000000000728,0.650000000007367,691.609384637854,10.7308603216179,5.4113350630893,-170.11461918897,84.8784380919838,84.8783980919838,487857,"2026_06_04_0054","2026_06_04_0054_ev00742_rec3","no",477433
743,3,84.9062080919838,697.16041428972,701.904235839844,4.74382155012381,0.0100000000031741,0.0399999999984857,0,689.639499420384,8.8216146498949,6.45882305292644,-168.677664275215,84.9061480919838,84.9061380919838,490621,"2026_06_04_0054","2026_06_04_0054_ev00743_rec3","no",477434
744,3,84.9472280919838,691.570560870784,694.580017089844,3.00945621905942,0.0700000000080081,16.8599999999941,16.389999999987,1398654.17856309,-1397981.74012282,1131646.87196558,-17.7337344330134,84.9471380919838,84.9470680919838,494723,"2026_06_04_0054","2026_06_04_0054_ev00744_rec3","no",477435
745,3,84.9756980919838,683.678292151725,739.135681152344,55.4573890006188,1.80000000000291,8.91999999998916,7.55999999999801,675.91006740636,49.4789042620012,13.5145060760225,547.71323628945,84.9727380919838,84.9707280919838,497570,"2026_06_04_0054","2026_06_04_0054_ev00745_rec3","no",477436
746,3,85.0484780919838,676.885864862121,679.321228027344,2.43536316522273,0.0299999999953116,0.86000000000297,0.770000000002824,676.126197832505,4.50619754999027,0.774412767014225,-18.4903255953661,85.0482480919838,85.0482180919838,504848,"2026_06_04_0054","2026_06_04_0054_ev00746_rec3","no",477437
747,3,85.1418480919838,682.034573092319,687.255798339844,5.22122524752479,0.159999999993943,1.33999999999901,1.5899999999931,672.251279223693,14.592976203394,7.25050438482309,-188.549442102412,85.1417380919838,85.1415780919838,514185,"2026_06_04_0054","2026_06_04_0054_ev00747_rec3","no",477438
748,3,85.3566680919838,691.425526836131,700.683532714844,9.25800587871288,0.0599999999906231,2.12000000000501,1.37000000000853,684.360513814317,16.7956277999614,2.9101523616111,-156.878118231745,85.3553780919838,85.3553180919838,535667,"2026_06_04_0054","2026_06_04_0054_ev00748_rec3","no",477439
749,3,85.3996480919838,697.752636597888,704.955993652344,7.20335705445541,0.0299999999953116,1.03999999998905,0,697.853421132005,1.22120092102514,0.222742066732396,1.78754447710278,85.3978680919838,85.3974680919838,539965,"2026_06_04_0054","2026_06_04_0054_ev00749_rec3","no",477440
750,3,85.4726180919838,689.987272659151,695.800720214844,5.81344755569307,0.0200000000063483,0.119999999995457,0,680.84439468228,8.08915007240907,7.3539315943515,-215.261750174041,85.4724280919838,85.4724080919838,547262,"2026_06_04_0054","2026_06_04_0054_ev00750_rec3","no",477441
751,3,85.5273780919838,694.398724546527,701.904235839844,7.50551129331689,0.0599999999906231,0.0699999999937972,0,681.110312615438,13.5834104836597,22.5862637746743,-172.251182027381,85.5272880919838,85.5271280919838,552738,"2026_06_04_0054","2026_06_04_0054_ev00751_rec3","no",477442
752,3,85.5973180919838,690.367987000116,703.124938964844,12.7569519647277,0.469999999992865,2.24000000000046,1.26000000000204,633.785690563557,62.7532422353745,54.0540024387076,-234.469211691678,85.5955680919838,85.5948480919838,559732,"2026_06_04_0054","2026_06_04_0054_ev00752_rec3","no",477443
753,3,85.6572480919838,678.052180224126,684.204040527344,6.15186030321786,0.0200000000063483,0.240000000005125,0.309999999998922,678.871821327248,7.09753052609366,0.195901663020115,26.0512852432716,85.6572480919838,85.6572280919838,565725,"2026_06_04_0054","2026_06_04_0054_ev00753_rec3","no",477444
754,3,85.7684580919838,686.802566981552,697.631774902344,10.8292079207921,0.0100000000031741,0.0200000000063483,0.119999999995457,682.564333347446,8.50600004753441,3.96524832196387,-93.081362884823,85.7683980919838,85.7683880919838,576846,"2026_06_04_0054","2026_06_04_0054_ev00754_rec3","no",477445
755,3,85.7854480919838,685.599993110883,689.697204589844,4.09721147896039,0.0200000000063483,0.399999999999068,0.65999999999633,681.752089466319,6.6781391053602,3.00342456802416,-95.0734053507892,85.7853780919838,85.7853580919838,578545,"2026_06_04_0054","2026_06_04_0054_ev00755_rec3","no",477446
756,3,85.8204080919838,676.879821777344,689.086853027344,12.20703125,0.0200000000063483,4.21000000000049,4.12000000000035,677.783493775137,21.9546642437469,2.2823076626286,90.5059814453125,85.8194980919838,85.8194780919838,582041,"2026_06_04_0054","2026_06_04_0054_ev00756_rec3","no",477447
757,3,85.9609480919838,672.003052362121,684.814392089844,12.8113397277227,0.300000000009959,21.1999999999932,18.330000000006,-40717.4184036956,41400.5508154097,118790.104007295,261.418469117418,85.9531780919838,85.9528680919838,596095,"2026_06_04_0054","2026_06_04_0054_ev00757_rec3","no",477448
758,3,86.1441880919838,692.108395415958,706.176696777344,14.0683013613861,0.550000000004047,6.23000000000218,2.4400000000071,680.430275005618,34.9749007432915,3.34636128689326,-189.004365524443,86.1406780919838,86.1398380919838,614419,"2026_06_04_0054","2026_06_04_0054_ev00758_rec3","no",477449
759,3,86.1999180919838,678.100524902344,686.035095214844,7.9345703125,0.0199999999921374,5.5499999999995,7.23000000000695,606.099716282429,79.448637785083,123.698869232914,-43.511962890625,86.1999180919838,86.1998980919838,619992,"2026_06_04_0054","2026_06_04_0054_ev00759_rec3","no",477450
760,3,86.3172380919838,700.121525830562,709.838806152344,9.71728032178214,0.140000000001805,0.360000000000582,0,-197754.135500748,198454.742823238,238949.04287649,-355.051807365796,86.3164180919838,86.3162780919838,631724,"2026_06_04_0054","2026_06_04_0054_ev00760_rec3","no",477451
761,3,86.4532980919838,687.866149902344,696.411071777344,8.544921875,0.690000000005853,0.70999999999799,0.0100000000031741,693.622377202763,2.78355284148896,1e-07,189.324951171875,86.4529480919838,86.4522580919838,645330,"2026_06_04_0054","2026_06_04_0054_ev00761_rec3","no",477452
762,3,86.5100880919838,691.528259277344,698.242126464844,6.7138671875,0.140000000001805,7.45000000000573,7.95000000000812,691.491226476913,16.0061356180235,4.30071449902477,78.1158447265625,86.5092980919838,86.5091580919838,651009,"2026_06_04_0054","2026_06_04_0054_ev00762_rec3","no",477453
763,3,86.5449580919838,702.859043234646,706.176696777344,3.31765354269805,0.240000000005125,0.880000000009318,0,659.037821557659,44.7461487719489,24.4894788078939,-539.46354932124,86.5444980919838,86.5440380919838,654496,"2026_06_04_0054","2026_06_04_0054_ev00763_rec3","no",477454
764,3,86.7258780919838,686.591059014349,689.697204589844,3.10614557549502,0.140000000001805,2.5799999999947,1.1299999999892,681.952034666892,7.80400452642206,3.79157609136009,-101.474754409036,86.7242680919838,86.7241280919838,672588,"2026_06_04_0054","2026_06_04_0054_ev00764_rec3","no",477455
765,3,86.7570980919838,688.313338175859,702.514587402344,14.2012492264852,0.770000000002824,10.5299999999886,8.42000000000098,688.737525967546,18.0142447711445,6.40048149672824,175.11856532333,86.7538380919838,86.7528680919838,675710,"2026_06_04_0054","2026_06_04_0054_ev00765_rec3","no",477456
766,3,86.8007480919838,686.651489862121,690.307556152344,3.65606629022273,0.0199999999921374,0.0199999999921374,0,-15243.2460597083,15930.9904954552,31175.2188600161,-197.108263072402,86.8007480919838,86.8007280919838,680075,"2026_06_04_0054","2026_06_04_0054_ev00766_rec3","no",477457
767,3,86.8699480919838,671.997009277344,679.931579589844,7.9345703125,0.0200000000063483,30.5600000000084,30.0000000000011,682.355570738502,4.87133561560916,0.935048368788007,325.335693359375,86.8692280919838,86.8691980919838,686995,"2026_06_04_0054","2026_06_04_0054_ev00767_rec3","no",477458
768,3,86.8982980919838,688.79074187326,700.073181152344,11.2824392790842,1.12000000000023,5.5499999999995,4.10000000000821,688.515463088199,13.0401774619552,3.80981025255876,61.9783004911833,86.8962780919838,86.8951480919838,689830,"2026_06_04_0054","2026_06_04_0054_ev00768_rec3","no",477459
769,3,87.0383480919838,690.307556152344,700.683532714844,10.3759765625,1.22000000000355,9.35000000001196,9.32000000000244,654.287014330103,50.350783238651,39.9026972269245,1.1260986328125,87.0380380919838,87.0368180919838,703835,"2026_06_04_0054","2026_06_04_0054_ev00769_rec3","no",477460
770,3,87.0894280919838,684.252385205562,720.214782714844,35.9623975092821,1.28999999999735,6.77999999999201,13.9199999999988,697.458999131044,30.1596810439174,2.43676387672389,555.186689018022,87.0878180919838,87.0865080919838,708943,"2026_06_04_0054","2026_06_04_0054_ev00770_rec3","no",477461
771,3,87.2168280919838,701.692727872641,706.176696777344,4.48396890470292,0.519999999994525,2.94999999999845,0.149999999990769,686.057384929746,18.7374387502874,1.91959428618434,-432.515875183711,87.2143380919838,87.2134180919838,721683,"2026_06_04_0054","2026_06_04_0054_ev00771_rec3","no",477462
772,3,87.3255580919838,697.577387139349,702.514587402344,4.93720026299502,0.320000000002096,4.66999999999018,2.09999999999866,692.360857366242,11.7253089379731,4.12893785200974,-107.98058840308,87.3229080919838,87.3225080919838,732556,"2026_06_04_0054","2026_06_04_0054_ev00772_rec3","no",477463
773,3,87.3530880919838,698.737659416576,702.514587402344,3.77692798576732,0.0399999999984857,3.03000000000964,2.98000000000798,677.310775795279,32.6701370330406,8.30871923937848,-374.906604124768,87.3525580919838,87.3524480919838,735309,"2026_06_04_0054","2026_06_04_0054_ev00773_rec3","no",477464
774,3,87.4747080919838,684.923167615834,687.866149902344,2.94298228650985,0.150000000004979,0.849999999999795,0.969999999995252,683.432170680309,5.64055830853827,1.23777956775644,-37.2169721244602,87.4747080919838,87.4745080919838,747471,"2026_06_04_0054","2026_06_04_0054_ev00774_rec3","no",477465
775,3,87.4990280919838,675.659118652344,684.204040527344,8.544921875,1.13000000000341,5.03000000000497,4.099999999994,691.227927558347,2.32990484640402,0.130690163115348,491.098022460938,87.4987080919838,87.4975780919838,749903,"2026_06_04_0054","2026_06_04_0054_ev00775_rec3","no",477466
776,3,87.5285480919838,699.033770570661,706.176696777344,7.14292620668311,0.0199999999921374,3.319999999988,2.75000000000603,682.056626457145,21.6722364391822,27.6870672636594,-102.900227461713,87.5266580919838,87.5266380919838,752855,"2026_06_04_0054","2026_06_04_0054_ev00776_rec3","no",477467
777,3,87.5654580919838,694.839869735265,697.631774902344,2.79190516707922,0.0100000000031741,0.250000000008299,0,685.271545635022,12.3595549013165,1e-07,-285.590566502939,87.5652180919838,87.5652080919838,756546,"2026_06_04_0054","2026_06_04_0054_ev00777_rec3","no",477468
778,3,87.6716080919838,690.573451882542,709.838806152344,19.2653542698019,1.35000000000218,2.06000000000017,0,-167551.30861425,168246.878053448,262535.179860064,-126.877254070623,87.6711080919838,87.6694880919838,767161,"2026_06_04_0054","2026_06_04_0054_ev00778_rec3","no",477469
779,3,87.7283180919838,678.100524902344,691.528259277344,13.427734375,0.0299999999953116,30.0900000000013,30.0000000000011,683.542168179594,17.841363416624,11.8329987358352,374.142456054688,87.7274280919838,87.7273980919838,772832,"2026_06_04_0054","2026_06_04_0054_ev00779_rec3","no",477470
780,3,87.7805480919838,684.204040527344,691.528259277344,7.32421875,0.639999999989982,32.4099999999987,29.9999999999869,692.841101134791,10.5105022446231,5.79284610168867,361.6455078125,87.7784080919838,87.7777680919838,778055,"2026_06_04_0054","2026_06_04_0054_ev00780_rec3","no",477471
781,3,87.8361780919838,701.070290140586,706.176696777344,5.10640663675747,0.0599999999906231,0.360000000000582,0,667.205498810604,32.3141197402006,100.504299795038,-176.463755994739,87.8358880919838,87.8357180919838,783618,"2026_06_04_0054","2026_06_04_0054_ev00781_rec3","no",477472
782,3,87.9936480919838,684.204040527344,700.073181152344,15.869140625,0.289999999992574,3.07999999999709,3.00000000000011,683.173221839527,24.7837854132905,2.3435293844226,41.0430908203125,87.9932280919838,87.9929380919838,799365,"2026_06_04_0054","2026_06_04_0054_ev00782_rec3","no",477473
783,3,88.0314880919838,689.709290759398,697.631774902344,7.92248414294556,0.0300000000095224,0.250000000008299,0.280000000003611,680.634664598614,13.1827463901719,3.03379276986781,-231.42657893719,88.0312480919838,88.0312180919838,803149,"2026_06_04_0054","2026_06_04_0054_ev00783_rec3","no",477474
784,3,88.1127680919838,682.51197678972,687.255798339844,4.74382155012381,0.0299999999953116,0.0100000000031741,0,678.297728233095,2.78146079252889,1.48537955010245,-122.514267723158,88.1127680919838,88.1127380919838,811277,"2026_06_04_0054","2026_06_04_0054_ev00784_rec3","no",477475
785,3,88.1378780919838,682.711398587369,686.645446777344,3.93404818997521,0.219999999998777,7.72999999999513,30.0000000000011,684.167756577708,4.11281677957681,3.04006686839681,59.4877941773659,88.1364580919838,88.1362380919838,813788,"2026_06_04_0054","2026_06_04_0054_ev00785_rec3","no",477476
786,3,88.1746580919838,688.00514085222,700.073181152344,12.0680403001238,0.0399999999984857,0.0100000000031741,0.189999999989254,685.531557755733,7.99541076998016,1.35577663346831,-63.1154277537114,88.1746380919838,88.1745580919838,817466,"2026_06_04_0054","2026_06_04_0054_ev00786_rec3","no",477477
787,3,88.2666680919838,699.722682235265,714.721618652344,14.9989364170792,0.829999999993447,33.2599999999985,29.9999999999869,708.489961009471,8.37415650869302,7.93200076461742,367.185324489481,88.2640880919838,88.2630780919838,826667,"2026_06_04_0054","2026_06_04_0054_ev00787_rec3","no",477478
788,3,88.2872180919838,701.904235839844,710.449157714844,8.544921875,0.150000000004979,8.24999999998965,8.89000000000806,-205.98253756345,920.098264056422,899.410574208468,-82.0831298828125,88.2868180919838,88.2866680919838,828722,"2026_06_04_0054","2026_06_04_0054_ev00788_rec3","no",477479
789,3,88.3762780919838,687.866149902344,701.904235839844,14.0380859375,0.060000000004834,33.22,30.0000000000011,703.615553721199,1.9447879377981,2.04123101505395,536.981201171875,88.3731080919838,88.3730480919838,837628,"2026_06_04_0054","2026_06_04_0054_ev00789_rec3","no",477480
790,3,88.4504680919838,699.553475861502,706.176696777344,6.62322091584156,0.0299999999953116,0.0599999999906231,0,689.2751881024,11.989635974316,2.41569034520105,-278.887093421257,88.4504380919838,88.4504080919838,845047,"2026_06_04_0054","2026_06_04_0054_ev00790_rec3","no",477481
791,3,88.4797180919838,677.490173339844,687.866149902344,10.3759765625,0.509999999991351,30.8800000000105,30.0000000000011,688.910244659958,0.709320320930125,1.97366025908699,357.65380859375,88.4792480919838,88.4787380919838,847972,"2026_06_04_0054","2026_06_04_0054_ev00791_rec3","no",477482
792,3,88.4981980919838,687.255798339844,695.800720214844,8.544921875,0.0399999999984857,3.24000000000524,4.26000000000215,690.068884816695,11.4224312568889,1.22087089812465,107.919311523438,88.4973480919838,88.4973080919838,849820,"2026_06_04_0054","2026_06_04_0054_ev00792_rec3","no",477483
793,3,88.5582980919838,710.334339104076,717.163024902344,6.82868579826732,0.799999999998136,6.42000000000564,1.87999999999988,695.082540922411,26.2596567689661,4.81156164709285,-301.643386689744,88.5543980919838,88.5534880919838,855830,"2026_06_04_0054","2026_06_04_0054_ev00793_rec3","no",477484
794,3,88.6811580919838,698.894779620784,706.176696777344,7.28191715655942,0.669999999999504,1.4799999999866,1.15999999999872,690.744710046544,14.8873087376686,3.65964495833385,-186.315404306544,88.6810380919838,88.6802880919838,868116,"2026_06_04_0054","2026_06_04_0054_ev00794_rec3","no",477485
795,3,88.7720680919838,694.193259664101,712.890563964844,18.6973043007425,1.97999999998899,3.65999999999644,3.3600000000007,666.103033414723,37.0007558292991,60.7809490846082,59.1662416363692,88.7707080919838,88.7683180919838,877207,"2026_06_04_0054","2026_06_04_0054_ev00795_rec3","no",477486
796,3,88.8166280919838,693.317012371403,699.462829589844,6.14581721844058,0.0100000000031741,0.0300000000095224,0,688.34685907707,3.09269853604089,2.80262571270361,-142.873148398825,88.8166180919838,88.8165880919838,881663,"2026_06_04_0054","2026_06_04_0054_ev00796_rec3","no",477487
797,3,88.8908080919838,687.231626000735,722.656188964844,35.4245629641089,3.34999999999752,14.9499999999989,10.869999999997,685.393083096876,33.7135607869525,13.3617785412769,523.795159972539,88.8858680919838,88.8823980919838,889081,"2026_06_04_0054","2026_06_04_0054_ev00797_rec3","no",477488
798,3,88.9553180919838,687.255798339844,692.748962402344,5.4931640625,0.280000000003611,3.42999999999449,7.000000000005,689.201884706232,4.98770485385565,1.72492402685796,70.7794189453125,88.9553180919838,88.9550380919838,895532,"2026_06_04_0054","2026_06_04_0054_ev00798_rec3","no",477489
799,3,89.0098180919838,706.919996204943,712.280212402344,5.36021619740097,0.180000000000291,3.23000000000206,0.890000000012492,691.784835213815,22.7449391902082,3.11511614730349,-375.741909518101,89.0074180919838,89.0072380919838,900982,"2026_06_04_0054","2026_06_04_0054_ev00799_rec3","no",477490
800,3,89.0725280919838,708.926300350982,717.163024902344,8.23672455136136,0.0799999999969714,0.0900000000001455,0,700.431135458589,11.3822023759619,5.08052695254808,-196.662646000929,89.0723880919838,89.0723080919838,907253,"2026_06_04_0054","2026_06_04_0054_ev00800_rec3","no",477491
801,3,89.1031780919838,694.580017089844,703.735290527344,9.1552734375,0.119999999995457,13.9999999999958,30.0000000000011,698.941287536692,7.95855943769733,3.80502562624574,165.646362304688,89.1029180919838,89.1027980919838,910318,"2026_06_04_0054","2026_06_04_0054_ev00801_rec3","no",477492
802,3,89.1363280919838,698.127307854076,720.825134277344,22.6978264232673,0.990000000001601,5.66999999999496,3.75999999999976,692.472871680561,29.974283224175,4.96391490580531,30.1609454768715,89.1343880919838,89.1333880919838,913633,"2026_06_04_0054","2026_06_04_0054_ev00802_rec3","no",477493
803,3,89.1770880919838,687.255798339844,700.073181152344,12.8173828125,0.180000000000291,15.5699999999968,17.6700000000096,-159990.688745297,160694.28471847,244822.722247352,201.834106445312,89.1768180919838,89.1766380919838,917709,"2026_06_04_0054","2026_06_04_0054_ev00803_rec3","no",477494
804,3,89.2234680919838,697.021423339844,701.904235839844,4.8828125,0.429999999994379,0.479999999996039,0,-50615.39409393,51308.1003798579,94417.5279902519,-371.383666992188,89.2230180919838,89.2225880919838,922347,"2026_06_04_0054","2026_06_04_0054_ev00804_rec3","no",477495
805,3,89.2705080919838,679.28496951868,698.242126464844,18.9571569461634,1.01000000000795,10.3700000000089,30.0000000000011,688.453991810364,13.7467911197827,1.89103793993249,349.932891543551,89.2681380919838,89.2670880919838,927051,"2026_06_04_0054","2026_06_04_0054_ev00805_rec3","no",477496
806,3,89.3218680919838,681.762634277344,696.411071777344,14.6484375,0.32999999999106,7.39999999998986,8.67000000000928,681.154471598245,26.9115486759864,5.79266611308982,144.439697265625,89.3218680919838,89.3215380919838,932187,"2026_06_04_0054","2026_06_04_0054_ev00806_rec3","no",477497
807,3,89.3707480919838,691.195889614596,698.242126464844,7.04623685024751,0.280000000003611,5.19000000001313,7.51999999999953,693.375954723591,3.56914539197468,3.54402382987546,88.9972648998294,89.3692480919838,89.3688580919838,937075,"2026_06_04_0054","2026_06_04_0054_ev00807_rec3","no",477498
808,3,89.5462780919838,675.677247906675,697.631774902344,21.9545269956683,0.0199999999921374,0.0199999999921374,0,671.488079477791,10.1126529695632,1.35197596858762,-111.379158850945,89.5462680919838,89.5461880919838,954628,"2026_06_04_0054","2026_06_04_0054_ev00808_rec3","no",477499
809,3,89.6370480919838,673.46547887821,679.321228027344,5.85574914913366,0.0199999999921374,0.239999999990914,0.579999999999359,675.415928801351,1.62389423388293,0.286095466011009,59.0870470103649,89.6370280919838,89.6369480919838,963705,"2026_06_04_0054","2026_06_04_0054_ev00809_rec3","no",477500
810,3,89.7337480919838,693.377443219175,697.631774902344,4.25433168316829,0.0799999999969714,1.71999999999173,2.03999999999382,685.272788423137,12.8612721517619,7.18910966603152,-151.622870416925,89.7337380919838,89.7336480919838,973375,"2026_06_04_0054","2026_06_04_0054_ev00810_rec3","no",477501
811,3,89.7781880919838,685.968621282294,694.580017089844,8.61139580754946,0.0500000000016598,0.0299999999953116,0.0500000000016598,680.619386076424,8.65686056291757,3.4032969167465,-130.072112130648,89.7781180919838,89.7780680919838,977819,"2026_06_04_0054","2026_06_04_0054_ev00811_rec3","no",477502
812,3,89.8886280919838,694.380595292195,709.228454589844,14.8478592976485,0.230000000001951,35.4600000000005,30.0000000000011,708.219565312375,1.02770562359353,2.59214140223319,494.997594852258,89.8831880919838,89.8828780919838,988863,"2026_06_04_0054","2026_06_04_0054_ev00812_rec3","no",477503
813,3,89.9222980919838,713.386096916576,715.942321777344,2.55622486076732,0.0200000000063483,4.05999999999551,2.53000000000725,682.584587987237,38.2233868065587,13.6161347043374,-448.901397402924,89.9205780919838,89.9205580919838,992230,"2026_06_04_0054","2026_06_04_0054_ev00813_rec3","no",477504
814,3,89.9754680919838,678.100524902344,684.814392089844,6.7138671875,0.190000000003465,0.410000000002242,0,20911.1532707935,-20225.246599218,278782.292249823,281.736000192461,89.9745080919838,89.9743180919838,997547,"2026_06_04_0054","2026_06_04_0054_ev00814_rec3","no",477505
815,3,90.0221180919838,693.489129563367,695.821342730932,2.3322131675659,0.270000000000437,1.18000000000507,0.999999999990564,676.237637900731,22.8181707470377,4.31761078368348,-417.894429281017,90.0221180919838,90.0218480919838,1002212,"2026_06_04_0054","2026_06_04_0054_ev00815_rec3","no",477506
816,3,90.0619880919838,677.008223987883,687.47508060634,10.4668566184562,1.27000000000521,9.01999999999248,9.73000000000468,636.670508257518,52.9934612468776,53.6973605089746,26.2939676703679,90.0619580919838,90.0606880919838,1006199,"2026_06_04_0054","2026_06_04_0054_ev00816_rec3","no",477507
817,3,90.1126980919838,690.531126614738,715.497097386239,24.9659707715014,0.990000000001601,1.22000000000355,1.10000000000809,692.261373799936,14.8040083664647,1.61943960016165,109.169003187029,90.1116180919838,90.1083680919838,1011270,"2026_06_04_0054","2026_06_04_0054_ev00817_rec3","no",477508
818,3,90.1637780919838,699.262589834985,706.480345371395,7.21775553640998,0.699999999994816,1.0599999999954,0.619999999997844,689.341988009668,14.6823808221336,4.02453525307135,-233.936950903847,90.1637380919838,90.1629580919838,1016378,"2026_06_04_0054","2026_06_04_0054_ev00818_rec3","no",477509
819,3,90.2520580919838,681.349449079,691.71875406176,10.3693049827598,1.00999999999374,16.4800000000014,19.1099999999977,680.157952360707,18.4631981792356,14.6882383780269,230.876920540183,90.2511880919838,90.2501780919838,1025206,"2026_06_04_0054","2026_06_04_0054_ev00819_rec3","no",477510
820,3,90.2686180919838,679.696106898562,690.120319843581,10.4242129450192,0.170000000011328,6.0799999999972,0,77549.541876724,-76865.524047444,500598.264379255,202.581269812235,90.2684980919838,90.2683280919838,1026862,"2026_06_04_0054","2026_06_04_0054_ev00820_rec3","no",477511
821,3,90.3514980919838,686.342271942494,689.481580795562,3.13930885306797,0.0900000000001455,0.259999999997262,0.0999999999891088,676.521850576623,11.749959610915,1.41514105102311,-277.937617968078,90.3513480919838,90.3512180919838,1035150,"2026_06_04_0054","2026_06_04_0054_ev00821_rec3","no",477512
822,3,90.3761180919838,681.012480513661,690.652547348266,9.64006683460491,0.200000000006639,1.01999999999691,1.3100000000037,662.728357513108,27.4279637053975,5.7426010144328,-390.679755238595,90.3761180919838,90.3758280919838,1037612,"2026_06_04_0054","2026_06_04_0054_ev00822_rec3","no",477513
823,3,90.4762380919838,681.276447753631,685.657832045993,4.3813842923621,0.699999999994816,3.79000000000929,3.80000000001246,662.929393685015,29.1316258418968,10.0614014538507,-266.290182030743,90.4759080919838,90.4751980919838,1047624,"2026_06_04_0054","2026_06_04_0054_ev00823_rec3","no",477514
824,3,90.5384580919838,687.489414126794,692.174189650643,4.68477552384945,1.01000000000795,0.939999999999941,1.22999999999251,679.99524661791,10.8358611992527,7.63764401034422,-137.29141670745,90.5379280919838,90.5366980919838,1053846,"2026_06_04_0054","2026_06_04_0054_ev00824_rec3","no",477515
825,3,90.6215180919838,686.269479048144,696.074206057086,9.80472700894256,0.10000000000332,3.65999999999644,5.42999999998983,686.720856600563,8.78531590795929,5.33323414926304,61.1457749628551,90.6215180919838,90.6214180919838,1062152,"2026_06_04_0054","2026_06_04_0054_ev00825_rec3","no",477516
826,3,90.7135880919838,705.199879115767,713.802431217133,8.60255210136609,1.60999999999945,0.060000000004834,0,667.022731507706,40.15849689139,17.8849668946641,-553.750815145763,90.7133180919838,90.7110380919838,1071359,"2026_06_04_0054","2026_06_04_0054_ev00826_rec3","no",477517
827,3,90.8093980919838,676.24005674086,684.80591413606,8.5658573951996,0.219999999998777,3.01000000000329,6.12999999999886,678.951004108774,4.94409369993582,2.57712591765184,93.838394931985,90.8093980919838,90.8091780919838,1080940,"2026_06_04_0054","2026_06_04_0054_ev00827_rec3","no",477518
828,3,90.8780080919838,686.393449659848,722.077807098102,35.6843574382541,1.90000000000623,6.94000000000017,7.18999999999426,662.928966390301,58.003159680558,15.6800400448905,127.830423933871,90.8778180919838,90.8759080919838,1087801,"2026_06_04_0054","2026_06_04_0054_ev00828_rec3","no",477519
829,3,91.0002580919838,686.541252231632,694.155255496125,7.61400326449291,0.169999999997117,0.0299999999953116,0,666.327513921616,20.7338443174073,28.1429860858222,-222.707629129435,91.0002580919838,90.9999980919838,1100026,"2026_06_04_0054","2026_06_04_0054_ev00829_rec3","no",477520
830,3,91.0414680919838,671.251900560625,699.638713301427,28.3868127408018,1.97999999998899,21.7699999999894,23.9899999999977,-38327.1324168183,39021.6739647245,73186.2087806131,605.940747005252,91.0381180919838,91.0356380919838,1104147,"2026_06_04_0054","2026_06_04_0054_ev00830_rec3","no",477521
831,3,91.0768480919838,685.920413139006,697.6156612666,11.6952481275945,0.0399999999984857,24.1899999999902,22.3900000000015,690222.025580108,-689550.827399072,810583.10774998,-58.5510579402185,91.0768480919838,91.0767180919838,1107685,"2026_06_04_0054","2026_06_04_0054_ev00831_rec3","no",477522
832,3,91.1286180919838,716.400861594103,723.212492848273,6.81163125417038,1.1999999999972,2.24000000000046,1.41000000000702,701.902640087876,19.8018395761029,9.28158819660576,-250.678463865009,91.1284180919838,91.1270880919838,1112862,"2026_06_04_0054","2026_06_04_0054_ev00832_rec3","no",477523
833,3,91.1834180919838,709.846309059129,718.080375592992,8.23406653386303,0.159999999993943,0.720000000001164,0.619999999997844,701.836609703856,14.0644147147262,2.55898555961622,-202.981314050218,91.1833680919838,91.1829280919838,1118342,"2026_06_04_0054","2026_06_04_0054_ev00833_rec3","no",477524
834,3,91.2116980919838,692.573108653436,700.703436398034,8.13032774459816,0.0900000000001455,12.8100000000018,12.6300000000015,660.34423427309,51.3227929635638,33.5779829267481,70.0398131600374,91.2105880919838,91.2104980919838,1121170,"2026_06_04_0054","2026_06_04_0054_ev00834_rec3","no",477525
835,3,91.2718280919838,680.091786975868,702.533461028034,22.441674052166,4.75999999999033,51.959999999994,30.0000000000011,692.498778835827,19.9952518110317,1.65496283664908,1070.29873713007,91.2540480919838,91.2491380919838,1127183,"2026_06_04_0054","2026_06_04_0054_ev00835_rec3","no",477526
836,3,91.3429380919838,679.479237030697,686.17215872445,6.69292169375308,0.140000000001805,3.84999999999991,4.50999999999624,679.624634596406,13.804769158686,2.53636691757292,41.5391998819384,91.3429380919838,91.3427980919838,1134294,"2026_06_04_0054","2026_06_04_0054_ev00836_rec3","no",477527
837,3,91.3957080919838,700.887067128609,706.578203811858,5.69113668324962,1.8400000000014,4.96999999998593,4.62000000000273,-196292.263520103,196999.35527683,221973.625435437,-205.585397972366,91.3954480919838,91.3935080919838,1139571,"2026_06_04_0054","2026_06_04_0054_ev00837_rec3","no",477528
838,3,91.5147880919838,685.42580616819,694.522293458883,9.09648729069374,0.129999999998631,7.91000000000963,11.029999999991,687.279243625934,10.7736632327911,5.61637878771797,117.651973163729,91.5147780919838,91.5146480919838,1151479,"2026_06_04_0054","2026_06_04_0054_ev00838_rec3","no",477529
839,3,91.5750280919838,702.890303579347,715.871190767784,12.980887188437,0.270000000000437,0.939999999999941,0.749999999996476,694.650589208047,16.6988592152504,3.02108903842709,-185.487352766594,91.5739380919838,91.5733980919838,1157503,"2026_06_04_0054","2026_06_04_0054_ev00839_rec3","no",477530
840,3,91.6502980919838,698.328514941416,705.355860214382,7.02734527296582,0.550000000004047,0.410000000002242,1.08999999999071,-82891.6556742994,83593.2702085963,132907.868307744,-182.24366081418,91.6502080919838,91.6496580919838,1165030,"2026_06_04_0054","2026_06_04_0054_ev00840_rec3","no",477531
841,3,91.7052480919838,691.159149838458,699.759079002764,8.59992916430519,0.0200000000063483,30.1199999999966,30.0000000000011,97648.6306438284,-96967.8145135249,342715.523389054,-182.385623978175,91.7051780919838,91.7050880919838,1170525,"2026_06_04_0054","2026_06_04_0054_ev00841_rec3","no",477532
842,3,91.7585880919838,682.151618112451,689.896636240939,7.74501812848825,0.0900000000001455,8.07000000000357,9.3700000000041,-45393.1856251792,46083.922992694,75470.7194678665,-13.0250555591729,91.7583180919838,91.7582280919838,1175859,"2026_06_04_0054","2026_06_04_0054_ev00842_rec3","no",477533
843,3,91.8845580919838,676.569625806321,688.233383444921,11.6637576386001,0.160000000008154,5.65000000000282,7.17000000000212,677.872702961704,15.4701441834228,4.37978761746588,110.440977576872,91.8844380919838,91.8842780919838,1188456,"2026_06_04_0054","2026_06_04_0054_ev00843_rec3","no",477534
844,3,91.9456480919838,673.749674178402,681.815290883074,8.06561670467192,0.38000000000693,12.7299999999906,13.7900000000002,671.212587697698,21.3660215528377,10.1937048973973,140.065885709626,91.9452980919838,91.9449180919838,1194565,"2026_06_04_0054","2026_06_04_0054_ev00844_rec3","no",477535
845,3,92.0183580919838,684.204651951868,690.28105307936,6.07640112749164,0.0399999999984857,0.0900000000001455,0.389999999995894,678.045147737855,9.33524880303519,3.72212249632684,-150.069735568166,92.0183580919838,92.0183180919838,1201836,"2026_06_04_0054","2026_06_04_0054_ev00845_rec3","no",477536
846,3,92.0438280919838,680.185398123161,683.235072380316,3.04967425715483,0,30.0000000000011,30.0000000000011,29733.522852649,-29058.4573121475,317992.072392804,-111.942415114031,92.0438280919838,92.0437580919838,1204383,"2026_06_04_0054","2026_06_04_0054_ev00846_rec3","no",477537
847,3,92.1123680919838,695.786697208953,710.942320627571,15.1556234186177,3.47000000000719,5.73999999998875,2.43000000000393,685.874625451799,22.3933016852204,6.62027803992777,-126.761869870586,92.1117880919838,92.1070780919838,1211237,"2026_06_04_0054","2026_06_04_0054_ev00847_rec3","no",477538
848,3,92.1688180919838,657.55104464212,667.828049967904,10.2770053257842,0.290000000006785,2.69000000000119,0,257818.029865254,-257153.755716255,844874.399177962,389.095638161518,92.1664080919838,92.1661180919838,1216882,"2026_06_04_0054","2026_06_04_0054_ev00848_rec3","no",477539
849,3,92.2228080919838,687.368267313499,697.794197151442,10.4259298379432,0.679999999988468,30.4399999999987,30.0000000000011,75514.4365545292,-74831.9075572842,355063.291752312,-46.3232536657874,92.2223080919838,92.2214180919838,1222281,"2026_06_04_0054","2026_06_04_0054_ev00849_rec3","no",477540
850,3,92.2561180919838,693.779990162925,705.336912397497,11.5569222345722,0.280000000003611,1.63999999999476,0.219999999998777,680.192471106324,18.2220176481084,10.8221641062706,-216.645796950329,92.2559980919838,92.2544680919838,1225612,"2026_06_04_0054","2026_06_04_0054_ev00850_rec3","no",477541
851,3,92.3578380919838,694.535966389107,702.485733196235,7.9497668071283,0.0799999999969714,1.53000000000247,1.72000000000594,687.479514462849,16.7153861111809,3.35624032678377,-152.346854674067,92.3574380919838,92.3573580919838,1235784,"2026_06_04_0054","2026_06_04_0054_ev00851_rec3","no",477542
852,3,92.4327080919838,699.110278740884,706.685975033089,7.57569629220518,0.280000000003611,1.00000000000477,0,-501206.627403475,501907.460112833,596558.427847672,-322.660390316722,92.4317980919838,92.4304380919838,1243271,"2026_06_04_0054","2026_06_04_0054_ev00852_rec3","no",477543
853,3,92.6563180919838,688.627298069595,693.841351992439,5.21405392284396,0.169999999997117,30.0699999999949,30.0000000000011,38585.101655529,-37905.6205383707,230722.725395096,-200.272516927463,92.6559780919838,92.6557980919838,1265632,"2026_06_04_0054","2026_06_04_0054_ev00853_rec3","no",477544
854,3,92.6911380919838,688.685079595092,709.20429694783,20.5192173527382,0.0599999999906231,1.36999999999432,0.820000000004484,674.583047442259,26.9131944038931,3.78534596193697,-306.648947407833,92.6909180919838,92.6887980919838,1269114,"2026_06_04_0054","2026_06_04_0054_ev00854_rec3","no",477545
855,3,92.7567880919838,658.039350429188,672.227686264978,14.1883358357893,0.750000000010687,32.4099999999987,30.0000000000011,674.717492267358,2.30954927244309,1.67953816249533,591.725812163158,92.7537180919838,92.7529680919838,1275679,"2026_06_04_0054","2026_06_04_0054_ev00855_rec3","no",477546
856,3,92.8418980919838,683.484250049625,695.702720926798,12.2184708771725,1.86000000000774,3.03000000000964,3.11000000000661,673.32038073302,20.2573459019455,9.68231600255356,-107.320907728031,92.8418680919838,92.8399780919838,1284190,"2026_06_04_0054","2026_06_04_0054_ev00856_rec3","no",477547
857,3,92.8791580919838,690.919851881285,695.358762661898,4.43891078061256,0.22999999998774,9.54000000000121,7.3900000000009,605.417353106389,96.680136488682,71.1690937923125,-179.281275608611,92.8767580919838,92.8753580919838,1287916,"2026_06_04_0054","2026_06_04_0054_ev00857_rec3","no",477548
858,3,92.9669380919838,698.115181860044,709.117835186218,11.0026533261737,0.060000000004834,15.4800000000108,14.1500000000008,822.990100893493,-137.767910565982,107.655749149408,139.527536933943,92.9668980919838,92.9668280919838,1296694,"2026_06_04_0054","2026_06_04_0054_ev00858_rec3","no",477549
859,3,92.9863480919838,678.472086655988,725.427903159201,46.955816503213,6.29999999999598,16.8099999999924,17.399999999995,688.665769267396,38.0675191234503,10.4284597839937,918.838668322928,92.9854480919838,92.9789380919838,1298635,"2026_06_04_0054","2026_06_04_0054_ev00859_rec3","no",477550
860,3,93.0195980919838,682.999208904806,691.602974230906,8.60376532610064,1.17999999999086,1.63000000000579,0,76171.5472243994,-75483.765040173,255320.74205075,301.859642837528,93.0190480919838,93.0178680919838,1301960,"2026_06_04_0054","2026_06_04_0054_ev00860_rec3","no",477551
861,3,93.1097680919838,696.448181085095,705.642263941228,9.19408285613326,0.0900000000001455,8.79000000000474,10.0800000000021,654.5826897769,55.3520453045876,50.1258375121885,-4.64634129172855,93.1097580919838,93.1096680919838,1310977,"2026_06_04_0054","2026_06_04_0054_ev00861_rec3","no",477552
862,3,93.2302180919838,708.507771910484,711.650845170056,3.14307325957179,0.259999999997262,3.0399999999986,2.19999999998777,695.951072032743,22.4578003177362,4.4626297381671,-272.864065371005,93.2293480919838,93.2290780919838,1323022,"2026_06_04_0054","2026_06_04_0054_ev00862_rec3","no",477553
863,3,93.2795280919838,708.464570982195,714.156022031764,5.69145104956885,0.440000000011764,0.379999999992719,0,622.979740788136,86.9530926411496,65.453327597599,-471.405454960954,93.2792380919838,93.2787080919838,1327953,"2026_06_04_0054","2026_06_04_0054_ev00863_rec3","no",477554
864,3,93.3306680919838,691.221745791998,696.400453984002,5.17870819200436,0.0100000000031741,30.2400000000063,30.0000000000011,126769.503995406,-126084.345221743,1036198.62088177,-126.566353662608,93.3306680919838,93.3302580919838,1333067,"2026_06_04_0054","2026_06_04_0054_ev00864_rec3","no",477555
865,3,93.3829080919838,665.688377962692,688.653709067027,22.9653311043357,0.740000000007512,30.7499999999976,30.0000000000011,686.119788498973,5.78905408506522,2.16906620335659,647.699800066052,93.3827480919838,93.3820080919838,1338291,"2026_06_04_0054","2026_06_04_0054_ev00865_rec3","no",477556
866,3,93.4269480919838,698.949100715427,704.999510124832,6.05040940940535,0.10000000000332,0.230000000001951,0,672.696026421644,28.2291675744586,16.7071532727428,-393.789677517987,93.4269180919838,93.4266580919838,1342695,"2026_06_04_0054","2026_06_04_0054_ev00866_rec3","no",477557
867,3,93.4565380919838,684.502918195376,691.419846727394,6.91692853201755,0.0299999999953116,0,0,676.929292407716,9.52688471499881,3.00296358139382,-198.43848444929,93.4565380919838,93.4565080919838,1345654,"2026_06_04_0054","2026_06_04_0054_ev00867_rec3","no",477558
868,3,93.5963280919838,690.473931302037,693.165627497998,2.6916961959605,0.230000000001951,0.379999999992719,0.680000000002678,682.715299871392,9.50959495746393,8.21099783437659,-156.286630922422,93.5963280919838,93.5960080919838,1359633,"2026_06_04_0054","2026_06_04_0054_ev00868_rec3","no",477559
869,3,93.6525880919838,691.813532366608,697.151424058093,5.3378916914844,0.0599999999906231,0.0400000000126965,0,670.852760688163,21.8423854894205,14.9617590969083,-345.469588004665,93.6524680919838,93.6523980919838,1365259,"2026_06_04_0054","2026_06_04_0054_ev00869_rec3","no",477560
870,3,93.7203680919838,691.795455923289,700.825303867759,9.02984794446979,0.0200000000063483,1.44999999999129,1.88999999998885,685.381151497479,13.1895113640814,6.2553348537289,-109.026231572455,93.7203480919838,93.7198880919838,1372037,"2026_06_04_0054","2026_06_04_0054_ev00870_rec3","no",477561
871,3,93.8082380919838,695.993710484558,704.443802331551,8.45009184699234,0.110000000006494,0.500000000002387,0.600000000005707,678.748833367458,24.7558060914534,3.05367713991394,-441.412001235765,93.8082380919838,93.8081180919838,1380824,"2026_06_04_0054","2026_06_04_0054_ev00871_rec3","no",477562
872,3,93.9477680919838,670.619129341322,681.585872055481,10.966742714159,0.0900000000001455,0.799999999998136,0,34391.5184129459,-33713.3569593225,592101.798384591,263.689787433404,93.9470480919838,93.9469580919838,1394777,"2026_06_04_0054","2026_06_04_0054_ev00872_rec3","no",477563
873,3,94.0429180919838,684.67227102034,687.906660581733,3.2343895613933,0.140000000001805,1.09000000000492,0.630000000001019,679.835905338782,7.3337404890123,3.21123321490157,-119.966727019415,94.0423580919838,94.0422180919838,1404292,"2026_06_04_0054","2026_06_04_0054_ev00873_rec3","no",477564
874,3,94.0685480919838,682.285918990193,688.328488293924,6.04256930373128,0.340000000008445,30.0699999999949,29.9999999999869,66891.2474189447,-66210.2755896675,799257.206012135,-0.369779363038422,94.0685480919838,94.0681980919838,1406855,"2026_06_04_0054","2026_06_04_0054_ev00874_rec3","no",477565
875,3,94.1005180919838,679.018393619296,686.194093580557,7.1756999612611,0.209999999995603,11.6200000000077,13.9000000000067,-85981.7766147725,86668.3232587021,247174.751992767,73.464589162175,94.1002480919838,94.1000380919838,1410052,"2026_06_04_0054","2026_06_04_0054_ev00875_rec3","no",477566
876,3,94.1235280919838,681.059766616254,684.593347152269,3.53358053601551,0,0.0399999999984857,0.269999999986226,666.719565425345,16.169884001113,8.24566503136433,-300.353002611733,94.1235180919838,94.1235080919838,1412353,"2026_06_04_0054","2026_06_04_0054_ev00876_rec3","no",477567
877,3,94.2299480919838,684.369621660376,693.26669648225,8.89707482187362,0.0100000000031741,17.0399999999944,19.3899999999871,638.371532369138,59.1937077713871,105.913108920259,174.879518081038,94.2294780919838,94.2292680919838,1422995,"2026_06_04_0054","2026_06_04_0054_ev00877_rec3","no",477568
878,3,94.2686980919838,683.295209213621,690.214570683806,6.91936147018521,0.060000000004834,5.60000000001537,7.14999999999577,-100923.488034964,101612.834285773,208255.819172741,-34.2181266850894,94.2683980919838,94.2683380919838,1426870,"2026_06_04_0054","2026_06_04_0054_ev00878_rec3","no",477569
879,3,94.3919180919838,686.055913754665,689.7843737522,3.72845999753508,0.119999999995457,30.0900000000013,30.0000000000011,54578.2651381572,-53900.9700106199,553999.828101787,-218.473734439316,94.3918880919838,94.3917180919838,1439192,"2026_06_04_0054","2026_06_04_0054_ev00879_rec3","no",477570
880,3,94.4564880919838,687.379712431936,691.433529363026,4.0538169310895,0.0599999999906231,30.1700000000125,30.0000000000011,125831.444304885,-125149.662653652,1101178.28074494,-115.94794437957,94.4563580919838,94.4562980919838,1445649,"2026_06_04_0054","2026_06_04_0054_ev00880_rec3","no",477571
881,3,94.6111180919838,684.234091457108,695.347241300491,11.1131498433825,1.14999999999554,6.06000000000506,6.45000000000095,682.823889604301,16.1867292016385,5.99829680878507,66.1228577067045,94.6108180919838,94.6089080919838,1461112,"2026_06_04_0054","2026_06_04_0054_ev00881_rec3","no",477572
882,3,94.6498780919838,690.014755744175,695.070087537279,5.05533179310373,0,30.0000000000011,30.0000000000011,11713.4222386875,-11031.045057996,220076.38041106,-206.724636263838,94.6498780919838,94.6498580919838,1464988,"2026_06_04_0054","2026_06_04_0054_ev00882_rec3","no",477573
883,3,94.6901380919838,675.984335594534,684.624507836289,8.64017224175507,0.060000000004834,3.94000000000005,1.87999999999988,580283.539439538,-579605.677405241,827881.362971522,381.115148926215,94.6895580919838,94.6894980919838,1469014,"2026_06_04_0054","2026_06_04_0054_ev00883_rec3","no",477574
884,3,94.7988880919838,690.109814799167,692.28513463365,2.1753198344835,0.300000000009959,0.300000000009959,0,684.035288541698,6.47306608322327,4.63765207322438,-151.738775473916,94.7988880919838,94.7985880919838,1479889,"2026_06_04_0054","2026_06_04_0054_ev00884_rec3","no",477575
885,3,94.8550880919838,687.571546487171,690.32314009973,2.75159361255885,0.0299999999953116,30.0000000000011,30.0000000000011,31576.0534487809,-30892.3470721646,286670.145689983,-67.3016502662933,94.8550880919838,94.8550580919838,1485509,"2026_06_04_0054","2026_06_04_0054_ev00885_rec3","no",477576
886,3,94.9016480919838,677.26029866883,684.245463387534,6.98516471870346,1.36999999999432,0.469999999992865,0,103948.996249702,-103268.210228451,1211950.76675435,176.146382996597,94.9009280919838,94.8991680919838,1490165,"2026_06_04_0054","2026_06_04_0054_ev00886_rec3","no",477577
887,3,94.9376180919838,679.116868961437,688.278605982132,9.16173702069557,0.200000000006639,8.11000000000206,11.4800000000059,681.762479732499,14.4342378746392,3.87136504052749,146.675853141891,94.9368780919838,94.9366680919838,1493762,"2026_06_04_0054","2026_06_04_0054_ev00887_rec3","no",477578
888,3,94.9647980919838,685.193751844453,690.413368839648,5.21961699519466,0.0100000000031741,0.339999999994234,0,679.313908499189,2.49554469123598,3.41527405136829,-166.506725927669,94.9645480919838,94.9644580919838,1496480,"2026_06_04_0054","2026_06_04_0054_ev00888_rec3","no",477579
