"Event.Number","Record","Event.Time..s.","Baseline..pA.","Peak..pA.","Amplitude..pA.","Rise.Time..ms.","Half.Width..ms.","Decay.Time..ms.","Decay.Fit.b0","Decay.Fit.b1","Decay.Fit.Tau..ms.","AUC..pA.ms.","rise_max_time","baseline_time","event_index","file_prefix","event_id","noise","event_entry_number"
1,0,0.05045,-250.392355718852,-269.517691211492,-19.1253354926399,2.85000000000001,11.9,14.1,-253.430008182493,-20.9520456351814,8.56910151644963,-310.651739782355,0.04985,0.0468,1009,"2026_06_04_0085","2026_06_04_0085_ev00001_rec0","no",504020
2,0,0.10265,-262.745174190924,-269.005988063296,-6.26081387237224,1.34999999999999,1.3,1.20000000000001,-251.150186496195,-15.928744369276,8.79009576212777,199.959678005016,0.1023,0.09985,2053,"2026_06_04_0085","2026_06_04_0085_ev00002_rec0","no",504021
3,0,0.164,-257.68053919123,-265.15193984701,-7.4714006557802,0.350000000000017,0.750000000000001,1.25,-247.803359194432,-14.1513961359196,10.858519563722,151.051947884168,0.1639,0.1635,3280,"2026_06_04_0085","2026_06_04_0085_ev00003_rec0","no",504022
4,0,0.20315,-251.968657842139,-281.534157496533,-29.565499654394,4.95000000000001,16.5,18.55,-190.707183226707,-87.5697815000755,95.991395370695,-561.219152875177,0.2018,0.1966,4063,"2026_06_04_0085","2026_06_04_0085_ev00004_rec0","no",504023
5,0,0.2606,-252.612894857948,-273.222921425177,-20.6100265672293,2.75000000000003,14.15,5.44999999999995,-413350.093198123,413095.103537655,430469.158128925,-581.383351690642,0.26015,0.25265,5212,"2026_06_04_0085","2026_06_04_0085_ev00005_rec0","no",504024
6,0,0.2877,-271.617067148927,-290.61743751087,-19.0003703619427,2.90000000000001,13.1,11.8,-212.132545747851,-83.333587048146,52.4323385772548,-175.00928907937,0.28735,0.28435,5754,"2026_06_04_0085","2026_06_04_0085_ev00006_rec0","no",504025
7,0,0.4746,-257.434436120274,-313.612507517374,-56.1780713971003,5.35000000000002,7.45000000000001,11.3999999999999,-264.560087977577,-38.8873747370742,10.8882439062801,-708.679395218435,0.4745,0.4691,9492,"2026_06_04_0085","2026_06_04_0085_ev00007_rec0","no",504026
8,0,0.50545,-257.889210099876,-307.799450855561,-49.9102407556852,2.29999999999997,10.95,11.7,-250.537647968269,-54.5908286112493,15.6586700681071,-626.56052518363,0.50425,0.5015,10109,"2026_06_04_0085","2026_06_04_0085_ev00008_rec0","no",504027
9,0,0.54705,-266.763490180721,-277.654204043462,-10.8907138627407,1.34999999999996,0.599999999999934,2.50000000000006,-245.100752743465,-27.2394776622784,42.88513193689,45.7832916805239,0.5467,0.545,10941,"2026_06_04_0085","2026_06_04_0085_ev00009_rec0","no",504028
10,0,0.58035,-256.131252468767,-278.666115958017,-22.5348634892503,3.90000000000001,3.34999999999996,4.75000000000003,-255.523283643782,-20.4588267728803,5.75265613836741,-161.779366455496,0.58,0.57605,11607,"2026_06_04_0085","2026_06_04_0085_ev00010_rec0","no",504029
11,0,0.65065,-265.746054224403,-271.755015188971,-6.00896096456734,0.0499999999999945,2.90000000000001,2.60000000000005,-250.618223892042,-23.3356536787373,8.80469731605425,245.672037570463,0.6496,0.64945,13013,"2026_06_04_0085","2026_06_04_0085_ev00011_rec0","no",504030
12,0,0.79415,-268.611357681794,-281.038501578371,-12.427143896577,0.399999999999956,0.0499999999999945,0.400000000000067,-248.100776972661,-25.8354125770018,14.0350825322348,292.869411917813,0.79415,0.79365,15883,"2026_06_04_0085","2026_06_04_0085_ev00012_rec0","no",504031
13,0,0.8313,-263.426620935047,-270.307018567442,-6.88039763239556,0.600000000000045,0.900000000000012,0.399999999999956,-247.798933869687,-18.7083743178692,14.1587817560775,230.349704865705,0.83095,0.82985,16626,"2026_06_04_0085","2026_06_04_0085_ev00013_rec0","no",504032
14,0,0.90675,-257.014828893435,-302.051222167149,-45.0363932737133,3.95000000000001,10.8,10.7999999999999,-261.421536056772,-40.5575901364486,9.01148179237021,-620.562406326732,0.9066,0.90265,18135,"2026_06_04_0085","2026_06_04_0085_ev00014_rec0","no",504033
15,0,0.939,-259.484851477483,-276.419851138959,-16.9349996614753,0.249999999999972,3.74999999999992,4.19999999999998,-253.639309547031,-19.7058045579871,8.64312063392442,-1.92482668086765,0.93815,0.9379,18780,"2026_06_04_0085","2026_06_04_0085_ev00015_rec0","no",504034
16,0,1.012,-261.109345939405,-263.924349502455,-2.81500356304991,0.449999999999839,6.9999999999999,5.74999999999992,-237.594854605377,-28.6901288572844,37.0288000257286,104.830038004587,1.01065,1.0102,20240,"2026_06_04_0085","2026_06_04_0085_ev00016_rec0","no",504035
17,0,1.06745,-253.842225869987,-274.266062624731,-20.4238367547441,1.24999999999997,6.95000000000001,6.29999999999997,-249.529852109025,-21.0321931080109,11.0041494475063,-115.566860364525,1.0673,1.0643,21349,"2026_06_04_0085","2026_06_04_0085_ev00017_rec0","no",504036
18,0,1.16155,-252.066311627954,-263.086016324876,-11.0197046969223,5.30000000000008,34.5,30,-262.769572049246,-1.66214872442183,2.51418913505331,-394.138402438751,1.16095,1.1554,23231,"2026_06_04_0085","2026_06_04_0085_ev00018_rec0","no",504037
19,0,1.19075,-249.955962234264,-259.823278262046,-9.86731602778246,0.300000000000189,30.1,30,-254.961392377361,-8.40821946657889,6.52920929414006,-208.159815240938,1.19075,1.19045,23815,"2026_06_04_0085","2026_06_04_0085_ev00019_rec0","no",504038
20,0,1.2265,-256.584907269907,-272.047249640668,-15.462342370761,0.449999999999839,6.95000000000001,11.9499999999999,-262.011848993537,-12.2551082895523,3.1999638046909,-225.163074275308,1.2254,1.22485,24530,"2026_06_04_0085","2026_06_04_0085_ev00020_rec0","no",504039
21,0,1.24365,-256.702031273131,-269.230863753259,-12.5288324801276,1.40000000000007,6.95000000000001,6.79999999999992,-251.336667482685,-20.2450724274302,9.64263575009789,-50.3909286513195,1.24315,1.2414,24873,"2026_06_04_0085","2026_06_04_0085_ev00021_rec0","no",504040
22,0,1.27885,-263.320627980377,-283.563597504929,-20.2429695245521,0.799999999999912,4,4.45000000000007,-268.696893632249,-20.8676426417686,1.9355827019249,-222.593610796887,1.27855,1.2753,25577,"2026_06_04_0085","2026_06_04_0085_ev00022_rec0","no",504041
23,0,1.3305,-273.244371283363,-275.525852195683,-2.28148091232055,0.149999999999872,1.2500000000002,1.50000000000006,-260.059935563128,-16.1498828579817,10.5623751240774,233.810611609399,1.3305,1.3302,26610,"2026_06_04_0085","2026_06_04_0085_ev00023_rec0","no",504042
24,0,1.36455,-259.261435769558,-279.300802280559,-20.0393665110013,0.55000000000005,5.34999999999997,8.39999999999996,-256.36662792479,-17.9894244899986,15.1169638669856,-156.708199715183,1.36435,1.3638,27291,"2026_06_04_0085","2026_06_04_0085_ev00024_rec0","no",504043
25,0,1.4431,-265.225969999548,-270.709141161786,-5.48317116223819,0.750000000000028,7.55000000000017,5.85000000000013,-259.240021227576,-14.4101619135757,9.94234924145117,18.7355065425964,1.4412,1.44015,28862,"2026_06_04_0085","2026_06_04_0085_ev00025_rec0","no",504044
26,0,1.45855,-252.438994760156,-257.507541384636,-5.06854662447986,1.29999999999986,0.399999999999956,0,-121705.155322764,121447.625657935,315501.423021611,-341.714112919898,1.45855,1.45725,29171,"2026_06_04_0085","2026_06_04_0085_ev00026_rec0","no",504045
27,0,1.48455,-260.855087407949,-278.250552066531,-17.3954646585818,1.84999999999991,7.10000000000011,8.65000000000005,-257.51717574248,-21.1645485544298,11.2141648884847,-150.684194924373,1.4839,1.48205,29691,"2026_06_04_0085","2026_06_04_0085_ev00027_rec0","no",504046
28,0,1.552,-268.619495998958,-279.61284790247,-10.9933519035127,0.599999999999934,4.04999999999989,4.29999999999997,-256.7184458798,-24.6322391202392,9.95378397286,101.531999318263,1.55085,1.55025,31040,"2026_06_04_0085","2026_06_04_0085_ev00028_rec0","no",504047
29,0,1.6107,-267.462710755181,-290.073219169723,-22.6105084145427,0.99999999999989,8.50000000000017,7.24999999999998,-250.255602760994,-34.07858060095,25.2664152676795,-225.952042801381,1.60165,1.60065,32214,"2026_06_04_0085","2026_06_04_0085_ev00029_rec0","no",504048
30,0,1.6606,-267.759214206625,-280.095412557842,-12.336198351217,1.05,6.79999999999992,5.05,-256.442799210869,-22.8828618078599,13.8603312835645,18.5041734078143,1.66045,1.6568,33212,"2026_06_04_0085","2026_06_04_0085_ev00030_rec0","no",504049
31,0,1.7085,-261.23318435702,-266.244316570707,-5.01113221368638,0.0500000000001055,0.199999999999978,0.34999999999985,-258.6548787943,-5.66984461432079,1.50945921423913,68.3179377961042,1.7085,1.70835,34170,"2026_06_04_0085","2026_06_04_0085_ev00031_rec0","no",504050
32,0,1.9133,-257.126340194772,-280.837783619798,-23.7114434250258,1.54999999999994,4.75000000000003,5.1000000000001,-262.595661357304,-12.3554851501315,3.85556912424187,-248.780182171889,1.91235,1.9107,38266,"2026_06_04_0085","2026_06_04_0085_ev00032_rec0","no",504051
33,0,1.9767,-266.502020219476,-288.464943153919,-21.9629229344433,1.54999999999994,11.3500000000002,13.2999999999999,176954.372971868,-177240.54066287,204015.60090888,-232.220169849129,1.97645,1.97485,39534,"2026_06_04_0085","2026_06_04_0085_ev00033_rec0","no",504052
34,0,2.02195,-261.140840598384,-265.652276045905,-4.51143544752142,0.100000000000211,20.0999999999998,18.3,-71918.5284909989,71661.7928274759,216000.575578585,-17.2039312059541,2.02195,2.02185,40439,"2026_06_04_0085","2026_06_04_0085_ev00034_rec0","no",504053
35,0,2.04145,-257.153167340176,-271.31388071987,-14.1607133796948,0.700000000000145,8.45000000000029,10.0000000000002,-254.145691311664,-18.7280648727374,12.2176343524522,-134.559605631864,2.04095,2.0402,40829,"2026_06_04_0085","2026_06_04_0085_ev00035_rec0","no",504054
36,0,2.11195,-258.315923845414,-294.963961718624,-36.6480378732106,2.05000000000011,6.49999999999995,7.29999999999986,-257.778219605158,-36.8524211450057,7.58427036475109,-322.716454015009,2.1109,2.10875,42239,"2026_06_04_0085","2026_06_04_0085_ev00036_rec0","no",504055
37,0,2.1437,-256.609916618821,-284.665487673435,-28.0555710546142,2.34999999999985,13.3999999999999,16.5500000000001,-242.166727045447,-40.3202225875269,34.1396543060469,-425.315623418002,2.14345,2.14095,42874,"2026_06_04_0085","2026_06_04_0085_ev00037_rec0","no",504056
38,0,2.23625,-269.102030889005,-275.08192858334,-5.97989769433531,1.2500000000002,3.70000000000026,3.24999999999998,-258.661896620171,-17.6752778459719,9.78471509134037,129.64680842901,2.2357,2.2337,44725,"2026_06_04_0085","2026_06_04_0085_ev00038_rec0","no",504057
39,0,2.30015,-262.232904669174,-266.457667739228,-4.22476307005354,0.55000000000005,5.39999999999985,6.09999999999999,-256.649486493687,-11.2510303529572,13.3890778063892,29.3550879911138,2.30015,2.2995,46003,"2026_06_04_0085","2026_06_04_0085_ev00039_rec0","no",504058
40,0,2.36405,-264.21122262253,-328.197369165402,-63.9861465428721,2.80000000000014,13.9499999999999,14.5499999999998,-269.391491017491,-68.4309549033747,11.1390198811649,-1090.17554640053,2.3625,2.35915,47281,"2026_06_04_0085","2026_06_04_0085_ev00040_rec0","no",504059
41,0,2.4135,-264.599494854885,-278.89850565694,-14.2990108020554,4.04999999999989,10.6999999999999,29.9999999999998,-270.786776023532,-13.24253840503,2.23332188852602,-280.896631029371,2.4126,2.4085,48270,"2026_06_04_0085","2026_06_04_0085_ev00041_rec0","no",504060
42,0,2.44305,-259.349808479562,-303.581369860223,-44.2315613806616,2.74999999999981,13.8000000000003,12.0499999999999,-250.982582692819,-59.2435020526865,13.7732372972378,-669.983499684414,2.4399,2.4359,48861,"2026_06_04_0085","2026_06_04_0085_ev00042_rec0","no",504061
43,0,2.481,-265.355654666064,-273.266197521594,-7.91054285553054,0.150000000000095,0.250000000000306,0,-258.122477254957,-9.6577689217497,4.44996249423907,172.975230404445,2.48085,2.4807,49620,"2026_06_04_0085","2026_06_04_0085_ev00043_rec0","no",504062
44,0,2.5143,-260.893929496945,-273.522692395934,-12.6287628989891,3.90000000000024,10.4500000000001,4.8499999999998,-267.711765595061,-5.86390032868947,0.146086219982613,-252.484099699127,2.51375,2.5085,50286,"2026_06_04_0085","2026_06_04_0085_ev00044_rec0","no",504063
45,0,2.5375,-262.771900049824,-286.980981462468,-24.2090814126444,4.65000000000027,4.90000000000013,5.40000000000029,-263.148548290293,-19.2227207463481,6.72518892491682,-205.788107068408,2.537,2.53195,50750,"2026_06_04_0085","2026_06_04_0085_ev00045_rec0","no",504064
46,0,2.5935,-267.042808584021,-270.579224727246,-3.53641614322493,0.900000000000123,2.60000000000016,2.40000000000018,-241.281296820338,-29.0581214558265,34.2085704651862,190.015483500551,2.5935,2.59245,51870,"2026_06_04_0085","2026_06_04_0085_ev00046_rec0","no",504065
47,0,2.6919,-262.894204746576,-270.118680299109,-7.2244755525337,2.00000000000022,0.950000000000006,0.950000000000006,-260.550932805084,-7.34765786036172,2.54500328591816,43.6293758627095,2.69115,2.688,53838,"2026_06_04_0085","2026_06_04_0085_ev00047_rec0","no",504066
48,0,2.74885,-264.725783769183,-301.645796504239,-36.9200127350563,2.34999999999985,5.24999999999975,4.10000000000021,-262.5853031874,-30.952516973715,6.06574111976149,-195.908762232816,2.74805,2.7455,54977,"2026_06_04_0085","2026_06_04_0085_ev00048_rec0","no",504067
49,0,2.8421,-256.78583836555,-278.870962356024,-22.0851239904742,1.19999999999987,5.70000000000004,29.9999999999998,-266.372329454179,-11.5606413337092,2.28603982069221,-337.644631383689,2.84165,2.84045,56842,"2026_06_04_0085","2026_06_04_0085_ev00049_rec0","no",504068
50,0,2.9253,-259.359006686355,-263.986355066984,-4.62734838062897,0.649999999999817,8.19999999999999,6.90000000000035,-451694.608235642,451440.938258584,420397.420281836,-330.043428592787,2.9236,2.92295,58506,"2026_06_04_0085","2026_06_04_0085_ev00050_rec0","no",504069
51,0,2.95295,-267.422289325551,-294.833518459962,-27.4112291344103,1.20000000000031,8.55000000000006,6.90000000000035,-262.586282334662,-38.457552082195,7.31176206052218,-202.04594676946,2.95145,2.9493,59059,"2026_06_04_0085","2026_06_04_0085_ev00051_rec0","no",504070
52,0,3.0565,-264.763638548592,-277.164244516273,-12.4006059676806,0.799999999999912,3.35000000000019,3.60000000000005,-255.934748394237,-20.1105737102525,8.89656375736551,71.9879099077444,3.0561,3.0541,61130,"2026_06_04_0085","2026_06_04_0085_ev00052_rec0","no",504071
53,0,3.1031,-272.901039083263,-279.483673621299,-6.58263453803625,0.650000000000261,3.95000000000012,1.1000000000001,-261.752899975672,-17.1012711115736,4.85399680086223,253.530205853884,3.10275,3.09975,62062,"2026_06_04_0085","2026_06_04_0085_ev00053_rec0","no",504072
54,0,3.13925,-260.147547254947,-285.869144465651,-25.7215972107049,1.14999999999998,8.79999999999992,10.8999999999999,-247.428568652887,-38.0282131992931,20.2731505540391,-239.544647734522,3.13915,3.13795,62785,"2026_06_04_0085","2026_06_04_0085_ev00054_rec0","no",504073
55,0,3.2029,-265.564256964134,-275.315397939392,-9.7511409752579,1.20000000000031,0.799999999999912,0.249999999999861,-265.442054417327,-5.02072354728417,0.813556769208173,-4.08590095017518,3.2028,3.2013,64058,"2026_06_04_0085","2026_06_04_0085_ev00055_rec0","no",504074
56,0,3.22465,-271.171324347402,-277.261298477286,-6.08997412988407,0.299999999999745,0.449999999999839,0,42600.469647507,-42872.9576463105,78630.0286766453,204.359301126327,3.22445,3.22405,64493,"2026_06_04_0085","2026_06_04_0085_ev00056_rec0","no",504075
57,0,3.3243,-256.0310605817,-266.641486264397,-10.6104256826969,0.100000000000211,7.90000000000024,9.50000000000006,-256.12160594713,-11.3800237616256,8.73425906948583,-122.874214747916,3.3223,3.3222,66486,"2026_06_04_0085","2026_06_04_0085_ev00057_rec0","no",504076
58,0,3.3876,-260.575867850005,-273.334556937757,-12.7586890877519,1.14999999999998,10.1,10.7000000000004,-250.931238888725,-25.2532883821159,18.9553178489295,-116.220177613562,3.3869,3.38565,67752,"2026_06_04_0085","2026_06_04_0085_ev00058_rec0","no",504077
59,0,3.45025,-262.354931606549,-273.418932643634,-11.0640010370848,0.199999999999978,0.150000000000095,0,-249.433447127406,-13.9560626311852,17.66090947372,185.83547891142,3.45025,3.44995,69005,"2026_06_04_0085","2026_06_04_0085_ev00059_rec0","no",504078
60,0,3.53575,-257.568589867248,-270.332655943685,-12.7640660764368,0.399999999999956,7.24999999999998,8.95000000000001,-258.907608470181,-15.8392334593532,5.78728913748196,-142.823487110699,3.53535,3.53495,70715,"2026_06_04_0085","2026_06_04_0085_ev00060_rec0","no",504079
61,0,3.5957,-252.444153273507,-268.424845907178,-15.9806926336714,0.300000000000189,30.9499999999998,29.9999999999998,-260.752299141943,-10.8721414624103,3.83698121839101,-309.245713211967,3.59485,3.59415,71914,"2026_06_04_0085","2026_06_04_0085_ev00061_rec0","no",504080
62,0,3.63475,-263.355862240264,-280.894724810715,-17.5388625704508,1.99999999999978,6.05000000000011,5.45000000000018,-255.387248910057,-22.9757208050457,11.7141206178758,-63.3042368334941,3.63185,3.62975,72695,"2026_06_04_0085","2026_06_04_0085_ev00062_rec0","no",504081
63,0,3.70485,-256.396782859994,-280.023825261305,-23.6270424013114,4,11.8499999999999,9.85000000000014,-250.938889666131,-24.8170214110249,17.6025043591907,-314.171867389159,3.7027,3.69805,74097,"2026_06_04_0085","2026_06_04_0085_ev00063_rec0","no",504082
64,0,3.7728,-260.441904475115,-293.659747792737,-33.2178433176217,5.39999999999985,11.7000000000003,10.5,-255.476911528065,-44.0699822345417,11.1777254549032,-471.782443735101,3.77195,3.7665,75456,"2026_06_04_0085","2026_06_04_0085_ev00064_rec0","no",504083
65,0,3.8067,-261.189994799236,-264.838547856905,-3.64855305766912,1.05000000000022,8.39999999999996,7.29999999999986,-252.665176354451,-18.0897301247989,12.0751407220793,41.8645417339575,3.8067,3.80495,76134,"2026_06_04_0085","2026_06_04_0085_ev00065_rec0","no",504084
66,0,3.88725,-254.656978350354,-272.305906809981,-17.648928459627,2.40000000000018,25.6500000000002,29.9999999999998,-263.464885579841,-10.2351621595585,3.83622036722125,-343.921263050359,3.88715,3.88425,77745,"2026_06_04_0085","2026_06_04_0085_ev00066_rec0","no",504085
67,0,3.91405,-257.016988773866,-273.642917709632,-16.6259289357665,1.14999999999998,8.59999999999994,9.14999999999999,-251.571859110748,-26.0211655306204,11.3141492769949,-144.343156260946,3.9128,3.91125,78281,"2026_06_04_0085","2026_06_04_0085_ev00067_rec0","no",504086
68,0,3.9691,-257.208286477641,-282.718504964054,-25.5102184864127,1.40000000000029,17.6499999999997,17.9000000000005,-214.056894632075,-71.4329265631559,58.4566082940672,-471.083307177415,3.96715,3.96555,79382,"2026_06_04_0085","2026_06_04_0085_ev00068_rec0","no",504087
69,0,4.04155,-259.820641197584,-304.972185848514,-45.1515446509304,1.40000000000029,8.45000000000073,8.64999999999938,-252.628840221437,-49.7182342414133,11.8222667622703,-420.144459969449,4.04,4.03815,80831,"2026_06_04_0085","2026_06_04_0085_ev00069_rec0","no",504088
70,0,4.1618,-268.451897251293,-279.128188818304,-10.676291567011,0.100000000000655,2.74999999999981,0.799999999999912,-255.890677031759,-18.5603314416042,7.03592013308883,231.498217078807,4.16085,4.15845,83236,"2026_06_04_0085","2026_06_04_0085_ev00070_rec0","no",504089
71,0,4.21305,-266.683509716315,-280.571419517911,-13.8879098015962,0.150000000000539,6.49999999999995,5.59999999999938,-253.83512255671,-29.2114400285502,11.5524777627498,40.0631576378624,4.2111,4.20985,84261,"2026_06_04_0085","2026_06_04_0085_ev00071_rec0","no",504090
72,0,4.2851,-253.185030879405,-299.329951659221,-46.1449207798157,0.899999999999679,20.6499999999998,24.6999999999993,405758.304669159,-406053.526839205,401891.746285955,-908.967843070999,4.2835,4.28195,85702,"2026_06_04_0085","2026_06_04_0085_ev00072_rec0","no",504091
73,0,4.3215,-261.559786768048,-281.111231149064,-19.551444381016,0.59999999999949,5.90000000000046,7.10000000000033,-259.433352271881,-22.0507430899826,8.31452530814439,-129.272912399299,4.32115,4.32035,86430,"2026_06_04_0085","2026_06_04_0085_ev00073_rec0","no",504092
74,0,4.4479,-279.597616047778,-283.536268858475,-3.93865281069634,0.0999999999997669,1.59999999999982,1.69999999999959,-255.591330004576,-29.5555393128367,11.4444226666065,405.005588853249,4.4479,4.4476,88958,"2026_06_04_0085","2026_06_04_0085_ev00074_rec0","no",504093
75,0,4.5891,-256.908719474749,-262.774856360474,-5.86613688572521,2.25000000000009,20.0500000000003,11.3500000000002,-256.463822703036,-7.08721531396406,11.3900285268092,-143.542990731158,4.5793,4.5763,91782,"2026_06_04_0085","2026_06_04_0085_ev00075_rec0","no",504094
76,0,4.69775,-257.991970387107,-294.38734411555,-36.3953737284428,7.90000000000024,12.7999999999995,13.8500000000006,-214.165955036649,-73.8837285788567,54.3841593757433,-583.052485447304,4.6964,4.6884,93955,"2026_06_04_0085","2026_06_04_0085_ev00076_rec0","no",504095
77,0,4.7527,-258.235810983397,-281.784351941922,-23.5485409585247,1.14999999999998,3.14999999999976,2.34999999999985,-260.405309886839,-12.6546528271739,3.52681129167833,-170.181056561299,4.7495,4.74835,95054,"2026_06_04_0085","2026_06_04_0085_ev00077_rec0","no",504096
78,0,4.78785,-268.253732516569,-285.510101741018,-17.2563692244491,0.350000000000072,4.1500000000001,3.84999999999991,-261.221636797081,-23.9230497289777,6.67404109249826,35.0905983850324,4.7872,4.7865,95757,"2026_06_04_0085","2026_06_04_0085_ev00078_rec0","no",504097
79,0,4.94385,-261.413985181021,-292.058588149501,-30.6446029684802,1.14999999999998,5.05000000000067,9.50000000000006,-122.743687844299,-156.902676219469,211.802270987541,-253.368642908846,4.94375,4.9424,98877,"2026_06_04_0085","2026_06_04_0085_ev00079_rec0","no",504098
80,0,4.9797,-256.750735602055,-274.802856083737,-18.0521204816824,1.35000000000041,30.3000000000004,30.0000000000002,-267.159312894988,-1.34757939354817,1.90377614945391,-344.520042928036,4.9792,4.9777,99594,"2026_06_04_0085","2026_06_04_0085_ev00080_rec0","no",504099
81,0,5.0037,-262.437604473097,-290.26123554958,-27.8236310764825,0.700000000000145,9.45000000000018,13.2000000000003,-115.3051865254,-167.404638271907,214.623209376239,-302.596018363879,5.0031,5.00185,100074,"2026_06_04_0085","2026_06_04_0085_ev00081_rec0","no",504100
82,0,5.0445,-275.116587594054,-297.172201633966,-22.0556140399122,0.95000000000045,2.79999999999969,2.85000000000046,-265.136157660665,-28.9059551370908,6.10999281867398,103.729182040338,5.04395,5.043,100890,"2026_06_04_0085","2026_06_04_0085_ev00082_rec0","no",504101
83,0,5.19495,-253.928989951122,-261.142940592501,-7.21395064137965,0.499999999999723,27.7000000000003,30.0000000000002,-254.741743120462,-10.2077070916035,21.151241525238,-193.792053231994,5.19495,5.19445,103899,"2026_06_04_0085","2026_06_04_0085_ev00083_rec0","no",504102
84,0,5.2661,-261.788595340949,-302.787140433049,-40.9985450921003,5.2500000000002,9.35000000000041,7.84999999999947,-265.943265402186,-40.3907615965516,6.03740747380624,-527.114186822253,5.2658,5.25995,105322,"2026_06_04_0085","2026_06_04_0085_ev00084_rec0","no",504103
85,0,5.33465,-251.116199165814,-258.716540472574,-7.60034130675945,2.45000000000051,1.50000000000006,0,-164348.45532392,164089.027042558,647785.242740627,-424.362963295093,5.33315,5.3307,106693,"2026_06_04_0085","2026_06_04_0085_ev00085_rec0","no",504104
86,0,5.3564,-265.942234070772,-268.165402179253,-2.22316810848122,0.850000000000684,5.85000000000058,5.5499999999995,-252.35961694641,-22.7365046476212,12.1488891640339,150.198562224905,5.3564,5.35545,107128,"2026_06_04_0085","2026_06_04_0085_ev00086_rec0","no",504105
87,0,5.4098,-267.829928800912,-290.085258479718,-22.2553296788064,1.85000000000013,3.65000000000038,3.69999999999937,-255.88695802572,-29.0377625442656,10.140718247425,56.6315414212408,5.4096,5.407,108196,"2026_06_04_0085","2026_06_04_0085_ev00087_rec0","no",504106
88,0,5.45295,-258.607917140794,-298.874170854727,-40.2662537139328,1.00000000000033,8.25000000000031,11.9499999999997,-263.239882527672,-29.1212747546402,11.4590763289385,-488.036470357924,5.4525,5.45115,109059,"2026_06_04_0085","2026_06_04_0085_ev00088_rec0","no",504107
89,0,5.49325,-264.869932798793,-287.829384416882,-22.9594516180886,1.99999999999978,11.8,11.6499999999995,-220.890569246499,-67.8082283551662,45.4153739158797,-208.482086643193,5.49315,5.4903,109865,"2026_06_04_0085","2026_06_04_0085_ev00089_rec0","no",504108
90,0,5.5426,-261.485660978991,-278.402678160646,-16.9170171816551,2.34999999999985,7.19999999999921,7.69999999999982,-258.03248572789,-22.0810803158939,9.36821726811351,-125.432353105517,5.5421,5.53965,110852,"2026_06_04_0085","2026_06_04_0085_ev00090_rec0","no",504109
91,0,5.5794,-266.831408771478,-269.730651234953,-2.89924246347431,0.250000000000306,1.19999999999987,1.24999999999975,-256.508128784638,-13.6766307601264,6.72583333265441,218.319244572959,5.5794,5.579,111588,"2026_06_04_0085","2026_06_04_0085_ev00091_rec0","no",504110
92,0,5.64995,-261.076482167989,-281.894729673923,-20.8182475059338,0.550000000000495,8.10000000000066,10.3999999999997,-251.264640129764,-29.5465049848832,19.8425418812821,-181.113529969147,5.64915,5.64855,112999,"2026_06_04_0085","2026_06_04_0085_ev00092_rec0","no",504111
93,0,5.68535,-259.096944090942,-270.541369268243,-11.4444251773016,1.05000000000022,12.6999999999997,14.1,-255.513028925485,-23.594628700096,12.7772957964093,-180.914260758334,5.68535,5.6843,113707,"2026_06_04_0085","2026_06_04_0085_ev00093_rec0","no",504112
94,0,5.73315,-265.289273708521,-288.203630141112,-22.9143564325915,0.0499999999998835,3.40000000000007,5.04999999999978,-257.141278032402,-25.2821146960536,12.0773703581111,-51.5736774935777,5.7323,5.73205,114663,"2026_06_04_0085","2026_06_04_0085_ev00094_rec0","no",504113
95,0,5.889,-254.383208639768,-290.57608185552,-36.1928732157525,8.90000000000057,11.1499999999998,10.6000000000002,-256.133912457354,-33.8998264878917,9.92512451665884,-577.005023745115,5.88805,5.879,117780,"2026_06_04_0085","2026_06_04_0085_ev00095_rec0","no",504114
96,0,5.97065,-267.506832039265,-291.090217498888,-23.5833854596229,1.3999999999994,8.65000000000027,6.05000000000011,-252.298477016163,-41.1356769181483,11.1339502040966,-20.2921830708868,5.9664,5.963,119413,"2026_06_04_0085","2026_06_04_0085_ev00096_rec0","no",504115
97,0,6.0245,-262.612992593518,-275.298041963617,-12.685049370099,1.85000000000013,14.5499999999998,15.2999999999999,-95.5349511685897,-179.30577187155,356.66559940886,-188.543497878519,6.02295,6.0203,120490,"2026_06_04_0085","2026_06_04_0085_ev00097_rec0","no",504116
98,0,6.0599,-260.947685067366,-287.451260063866,-26.5035749964995,0.299999999999301,3.80000000000003,4.4499999999994,-265.642462549737,-17.2543958831781,3.65094751839767,-227.428561568079,6.0591,6.05835,121198,"2026_06_04_0085","2026_06_04_0085_ev00098_rec0","no",504117
99,0,6.0875,-255.566395154917,-263.650971918692,-8.08457676377503,0.14999999999965,12.6499999999998,16.0499999999999,-253.834809404089,-11.252942389529,18.5076055471719,-119.79660763053,6.08715,6.087,121750,"2026_06_04_0085","2026_06_04_0085_ev00099_rec0","no",504118
100,0,6.1433,-266.378693837451,-275.372148588818,-8.99345475136738,0.350000000000072,7.70000000000071,8.45000000000073,37577.3094412117,-37851.4043879422,72914.4372297414,-33.5974000800461,6.14175,6.1384,122866,"2026_06_04_0085","2026_06_04_0085_ev00100_rec0","no",504119
101,0,6.21825,-261.118418693824,-266.102961385862,-4.98454269203796,1.24999999999975,9.50000000000006,9.29999999999964,-256.274786545843,-15.5885077931118,11.0108007673636,-26.3246788374743,6.21825,6.21675,124365,"2026_06_04_0085","2026_06_04_0085_ev00101_rec0","no",504120
102,0,6.26915,-264.740715938864,-288.878341632153,-24.1376256932892,1.64999999999971,8.89999999999969,10.3,-267.862095533387,-19.5652919577712,8.48183983116228,-318.85454615916,6.267,6.26535,125383,"2026_06_04_0085","2026_06_04_0085_ev00102_rec0","no",504121
103,0,6.34415,-269.946020892166,-292.271291810991,-22.3252709188255,1.00000000000033,9.79999999999936,12.3500000000005,-264.682404634866,-24.8395551166533,20.3475135667103,-262.738537756671,6.3436,6.3426,126883,"2026_06_04_0085","2026_06_04_0085_ev00103_rec0","no",504122
104,0,6.40785,-276.909589785314,-313.497651402984,-36.5880616176704,2.84999999999958,8.20000000000043,9.29999999999964,-269.917393059389,-41.1084228401556,13.3620575205109,-361.491306706988,6.40765,6.4047,128157,"2026_06_04_0085","2026_06_04_0085_ev00104_rec0","no",504123
105,0,6.4415,-272.50288740174,-292.788002859732,-20.2851154579924,5.2500000000002,9.50000000000006,30.0000000000002,-280.205761186229,-16.8553139014834,2.35059935093793,-368.828510745544,6.44045,6.43515,128830,"2026_06_04_0085","2026_06_04_0085_ev00105_rec0","no",504124
106,0,6.5002,-290.483235565967,-293.843833926327,-3.36059836035975,1.90000000000001,2.45000000000051,2.04999999999966,129430.984509902,-129724.430698358,152847.648719047,275.508200876733,6.4989,6.4968,130004,"2026_06_04_0085","2026_06_04_0085_ev00106_rec0","no",504125
107,0,6.54925,-263.987169017928,-276.424463987959,-12.4372949700311,3.35000000000019,30.2999999999995,29.9999999999994,-271.203288791622,-4.92480503811998,2.51147982127547,-291.964671832185,6.54885,6.5455,130985,"2026_06_04_0085","2026_06_04_0085_ev00107_rec0","no",504126
108,0,6.61135,-271.243906984055,-299.66216500624,-28.4182580221845,1.3999999999994,9.54999999999995,10.1499999999994,-273.937744172357,-26.9249919753159,8.20848107719675,-360.550299469242,6.6098,6.60835,132227,"2026_06_04_0085","2026_06_04_0085_ev00108_rec0","no",504127
109,0,6.63835,-274.519197479128,-279.360508566219,-4.84131108709107,0.0999999999997669,1.30000000000052,1.9499999999999,-258.203378123657,-19.762699653223,22.3885890834862,160.83277235586,6.63835,6.63805,132767,"2026_06_04_0085","2026_06_04_0085_ev00109_rec0","no",504128
110,0,6.74265,-270.28316538293,-277.383000186567,-7.09983480363707,0.0499999999998835,0.399999999999956,0.499999999999723,-265.299278448452,-9.43338436811462,2.33737973260017,127.093910020788,6.74265,6.74245,134853,"2026_06_04_0085","2026_06_04_0085_ev00110_rec0","no",504129
111,0,6.77255,-270.85764121541,-276.839709871197,-5.98206865578697,0.349999999999184,30.2999999999995,29.9999999999994,-47833.2243618319,47566.8421401014,625503.183219346,97.5453117389062,6.77215,6.7718,135451,"2026_06_04_0085","2026_06_04_0085_ev00111_rec0","no",504130
112,0,6.7971,-261.047469178319,-281.165471991156,-20.1180028128367,0.900000000000567,7.05000000000044,9.34999999999952,-265.107525728225,-16.4529622845214,5.90369814487308,-234.345572168489,6.79695,6.79595,135942,"2026_06_04_0085","2026_06_04_0085_ev00112_rec0","no",504131
113,0,6.8343,-275.869550962202,-286.452390076768,-10.582839114566,0.449999999999839,0.450000000000728,0,-245.482447781313,-33.1873104433616,39.0843634353053,215.888283048139,6.8342,6.8331,136686,"2026_06_04_0085","2026_06_04_0085_ev00113_rec0","no",504132
114,0,6.9065,-281.720501942987,-290.56516306166,-8.84466111867317,0.799999999999912,2.4999999999995,2.39999999999974,-265.889661716163,-26.6650529318012,7.22104541524718,276.634785424542,6.90645,6.90535,138130,"2026_06_04_0085","2026_06_04_0085_ev00114_rec0","no",504133
115,0,6.9751,-268.047793112242,-276.647767027639,-8.59997391539758,0.200000000000422,30.1499999999999,30.0000000000002,-77775.1218185244,77514.1918073463,226585.128246109,59.6485151372927,6.9751,6.9749,139502,"2026_06_04_0085","2026_06_04_0085_ev00115_rec0","no",504134
116,0,7.04985,-258.224203019598,-285.572985851918,-27.3487828323197,1.25000000000064,7.64999999999993,8.70000000000015,-259.060242226277,-26.5331846432073,8.30161954117315,-280.532027752955,7.0493,7.0479,140997,"2026_06_04_0085","2026_06_04_0085_ev00116_rec0","no",504135
117,0,7.09615,-262.168435830395,-283.137067683492,-20.968631853097,0.700000000000145,8.39999999999996,8.89999999999969,-256.803376087186,-32.7448234397104,9.7392670226655,-167.560690538527,7.09565,7.0943,141923,"2026_06_04_0085","2026_06_04_0085_ev00117_rec0","no",504136
118,0,7.18025,-276.2564256315,-316.580355307325,-40.3239296758256,1.50000000000006,5.85000000000058,6.49999999999995,-262.161467605466,-52.5409298463353,10.9804089607105,-159.980859737396,7.1801,7.1728,143605,"2026_06_04_0085","2026_06_04_0085_ev00118_rec0","no",504137
119,0,7.2082,-268.295115279857,-277.657319044209,-9.36220376435216,0.100000000000655,0.0500000000007716,0,17665.9534997301,-17933.8910480982,59521.7111118469,145.474389905454,7.2082,7.2078,144164,"2026_06_04_0085","2026_06_04_0085_ev00119_rec0","no",504138
120,0,7.2834,-260.719219541913,-268.233925694088,-7.51470615217448,0.0999999999997669,1.50000000000006,1.9499999999999,-259.291352774569,-6.40407098021897,4.6910076206633,10.692152371814,7.2834,7.28275,145668,"2026_06_04_0085","2026_06_04_0085_ev00120_rec0","no",504139
121,0,7.3545,-269.884015046814,-277.727084341953,-7.84306929513974,0.0999999999997669,0.249999999999417,0,-260.713045548291,-8.97959285412488,5.66911677620448,224.737043412569,7.3545,7.3542,147090,"2026_06_04_0085","2026_06_04_0085_ev00121_rec0","no",504140
122,0,7.4365,-263.150442462722,-279.887943518525,-16.7375010558034,0.550000000000495,5.55000000000039,6.3999999999993,-256.616216732371,-22.3351083856351,11.4200929223304,-54.1050774566731,7.43615,7.43545,148730,"2026_06_04_0085","2026_06_04_0085_ev00122_rec0","no",504141
123,0,7.48595,-266.376270896342,-273.648648507471,-7.27237761112974,2.25000000000009,2.25000000000009,0,-257.205016498858,-11.4260692945658,21.8272068802154,78.9993697809176,7.48585,7.483,149719,"2026_06_04_0085","2026_06_04_0085_ev00123_rec0","no",504142
124,0,7.5518,-256.151948630149,-266.232192397631,-10.0802437674828,1.85000000000013,3.44999999999995,0,-28990.8730718969,28727.800192477,548543.105648552,-268.455872166487,7.55025,7.5482,151036,"2026_06_04_0085","2026_06_04_0085_ev00124_rec0","no",504143
125,0,7.5758,-268.162000807119,-273.35072777248,-5.18872696536067,0.199999999999534,30.1999999999998,30.0000000000002,-11595.6908982961,11333.6656598799,194846.041745259,158.517577347828,7.5758,7.5756,151516,"2026_06_04_0085","2026_06_04_0085_ev00125_rec0","no",504144
126,0,7.5973,-256.372696516429,-274.085915410973,-17.7132188945444,1.95000000000078,5.5499999999995,5.84999999999969,-260.756585529522,-12.2777902779673,3.37203159792178,-204.719064395017,7.5969,7.5946,151946,"2026_06_04_0085","2026_06_04_0085_ev00126_rec0","no",504145
127,0,7.64305,-257.285038830036,-264.659551727682,-7.37451289764647,1.45000000000017,17.8500000000001,18.3,-253.977527735629,-22.1714160935111,14.0772836489196,-198.538885109355,7.64265,7.6412,152861,"2026_06_04_0085","2026_06_04_0085_ev00127_rec0","no",504146
128,0,7.6879,-262.255607213968,-268.689495076253,-6.43388786228519,0.199999999999534,4.74999999999959,4.95000000000001,-257.820877392106,-13.5834991839764,7.14831730843754,31.4168719570069,7.68715,7.68685,153758,"2026_06_04_0085","2026_06_04_0085_ev00128_rec0","no",504147
129,0,7.72155,-257.959165619138,-296.236366134565,-38.2772005154275,3.05,9.35000000000041,11.2999999999994,-268.959948567416,-29.4709750365028,5.05773325292536,-568.961875006305,7.72105,7.7177,154431,"2026_06_04_0085","2026_06_04_0085_ev00129_rec0","no",504148
130,0,7.75155,-268.078259498577,-273.858981575436,-5.78072207685977,0.849999999999795,5.19999999999943,4.24999999999986,-263.418121094864,-19.6221898995194,3.99132029721769,46.5948928267896,7.7507,7.7498,155031,"2026_06_04_0085","2026_06_04_0085_ev00130_rec0","no",504149
131,0,7.77615,-261.645085202544,-263.865955876165,-2.2208706736215,2.09999999999955,12.0499999999995,11.3000000000003,-196.946798560932,-69.9105860504397,173.881330050106,-3.12144715328886,7.7755,7.773,155523,"2026_06_04_0085","2026_06_04_0085_ev00131_rec0","no",504150
132,0,7.83935,-272.982070993365,-290.219227059881,-17.2371560665161,3.00000000000011,7.24999999999998,6.29999999999953,-259.298812651257,-38.6146012610418,9.59111004343063,4.40357445427964,7.83855,7.835,156787,"2026_06_04_0085","2026_06_04_0085_ev00132_rec0","no",504151
133,0,7.89425,-268.439424846233,-277.669493759901,-9.23006891366828,0.250000000000306,4.59999999999994,2.34999999999985,-262.951415838415,-14.1285092337559,5.11671990326476,69.6453320954014,7.8901,7.8897,157885,"2026_06_04_0085","2026_06_04_0085_ev00133_rec0","no",504152
134,0,7.97165,-275.17578696547,-280.593097963689,-5.41731099821811,0.199999999999534,0.0499999999998835,0,222898.362654662,-223172.713420305,663267.552639452,175.106686197991,7.9715,7.9713,159433,"2026_06_04_0085","2026_06_04_0085_ev00134_rec0","no",504153
135,0,8.0877,-246.014451491792,-257.130885609159,-11.1164341173672,0.700000000000145,32.6500000000003,29.9999999999994,-259.319733963711,-8.18568850143971,4.11846270413508,-502.055833150931,8.0844,8.0837,161754,"2026_06_04_0085","2026_06_04_0085_ev00135_rec0","no",504154
136,0,8.12255,-264.269669022284,-286.948193861453,-22.6785248391691,2.4999999999995,9.10000000000011,10.1500000000012,-256.483501269211,-33.3840973401188,14.0179925516474,-226.991801003785,8.12145,8.1189,162451,"2026_06_04_0085","2026_06_04_0085_ev00136_rec0","no",504155
137,0,8.18645,-265.590137509194,-268.928580041786,-3.33844253259116,0.0999999999997669,0.249999999999417,0.0499999999998835,-260.421539326435,-6.50135478578037,3.54929890045907,132.550026581513,8.18645,8.1861,163729,"2026_06_04_0085","2026_06_04_0085_ev00137_rec0","no",504156
138,0,8.21495,-256.886173837268,-280.23113079553,-23.3449569582622,1.84999999999924,4.09999999999933,5.69999999999915,-258.551459845782,-16.4826943412671,6.63871345878374,-188.80583157936,8.2148,8.2128,164299,"2026_06_04_0085","2026_06_04_0085_ev00138_rec0","no",504157
139,0,8.27585,-274.333422616657,-276.904081943702,-2.57065932704518,0.350000000000961,1.04999999999933,0.749999999998252,-260.639188651186,-16.3755088034699,6.74765010581816,301.27894691973,8.27585,8.2751,165517,"2026_06_04_0085","2026_06_04_0085_ev00139_rec0","no",504158
140,0,8.30605,-266.474869810334,-282.830317018051,-16.3554472077167,0.400000000000844,6.05000000000011,9.00000000000034,162787.683944208,-163065.796101089,262216.993296673,-77.795977735132,8.3058,8.30515,166121,"2026_06_04_0085","2026_06_04_0085_ev00140_rec0","no",504159
141,0,8.5471,-258.969414263043,-290.254728624239,-31.2853143611957,1.64999999999971,6.24999999999964,9.90000000000002,-268.244431784365,-19.0058399841468,4.69904943282392,-433.401267853433,8.5458,8.5441,170942,"2026_06_04_0085","2026_06_04_0085_ev00141_rec0","no",504160
142,0,8.65025,-260.133517446907,-271.759251879981,-11.625734433074,1.50000000000006,7.1500000000011,6.75000000000026,-258.102983830433,-17.1895852431773,6.73637228476378,-80.3571575147221,8.64985,8.64815,173005,"2026_06_04_0085","2026_06_04_0085_ev00142_rec0","no",504161
143,0,8.7185,-259.590523975481,-265.322187840507,-5.73166386502646,2.2000000000002,9.85000000000014,9.80000000000025,-258.878124609349,-9.83475381577906,7.88330257598142,-77.8641863212665,8.71775,8.7152,174370,"2026_06_04_0085","2026_06_04_0085_ev00143_rec0","no",504162
144,0,8.7808,-258.33031405495,-263.812746316042,-5.48243226109184,0.199999999999534,30.0999999999991,29.9999999999994,-263.340763121685,-6.0150706842257,5.61547961515098,-187.343246578583,8.7807,8.7805,175616,"2026_06_04_0085","2026_06_04_0085_ev00144_rec0","no",504163
145,0,8.8123,-267.558848966302,-273.903941839868,-6.3450928735665,0.199999999999534,0.0999999999997669,0,-173.604818260696,-91.4332949880679,320.473596450861,200.174844514721,8.8123,8.81205,176246,"2026_06_04_0085","2026_06_04_0085_ev00145_rec0","no",504164
146,0,8.8553,-258.533389604295,-288.680887866729,-30.1474982624337,2.54999999999939,7.64999999999993,9.75000000000037,-258.831261323724,-27.69012026732,10.4197823228781,-339.649182698844,8.85495,8.8524,177106,"2026_06_04_0085","2026_06_04_0085_ev00146_rec0","no",504165
147,0,8.9042,-259.196161173569,-265.408051386286,-6.21189021271698,0.550000000000495,6.35000000000119,8.15000000000055,-258.797171832523,-7.25974228583939,8.23775546220033,-49.4757722354866,8.9042,8.90365,178084,"2026_06_04_0085","2026_06_04_0085_ev00147_rec0","no",504166
148,0,9.0083,-259.780698638017,-267.795483300584,-8.01478466256634,0.299999999999301,5.5499999999995,6.95000000000157,-260.569143480136,-9.69830737643994,4.64892239756978,-73.9804295784831,9.0081,9.0078,180166,"2026_06_04_0085","2026_06_04_0085_ev00148_rec0","no",504167
149,0,9.20055,-256.225817258369,-267.255223600109,-11.0294063417398,0.199999999999534,29.7000000000001,29.9999999999994,-261.161748549238,-10.7853015131911,10.0433468982827,-256.21247711668,9.20035,9.20015,184011,"2026_06_04_0085","2026_06_04_0085_ev00149_rec0","no",504168
150,0,9.31605,-264.392675226878,-291.114234075273,-26.7215588483957,0.849999999999795,4.45000000000029,6.89999999999991,-256.201046683856,-25.4448443690862,20.1206808956919,-185.168575941757,9.315,9.31395,186321,"2026_06_04_0085","2026_06_04_0085_ev00150_rec0","no",504169
151,0,9.37365,-262.978158617723,-291.285119648786,-28.3069610310631,0.899999999999679,7.04999999999956,9.29999999999964,-261.025469297361,-28.1171484528647,11.3927485383343,-255.376057974268,9.3736,9.3727,187473,"2026_06_04_0085","2026_06_04_0085_ev00151_rec0","no",504170
152,0,9.4199,-261.205156602315,-267.704074493869,-6.49891789155424,2.2000000000002,17.3499999999986,19.2000000000014,-259.223166828182,-12.2901400699224,18.620388411434,-145.209083140528,9.4193,9.4167,188398,"2026_06_04_0085","2026_06_04_0085_ev00152_rec0","no",504171
153,0,9.49415,-265.511059062735,-301.998115581236,-36.487056518501,2.34999999999985,9.80000000000025,9.34999999999952,-267.623060946313,-33.2248268526069,8.7205360572822,-472.869251949607,9.49105,9.48865,189883,"2026_06_04_0085","2026_06_04_0085_ev00153_rec0","no",504172
154,0,9.52215,-274.111703198482,-283.285718233725,-9.17401503524366,0.20000000000131,0.150000000001427,0.299999999999301,-263.22335058558,-15.1320894163724,5.57671126241015,241.992224268957,9.52215,9.52195,190443,"2026_06_04_0085","2026_06_04_0085_ev00154_rec0","no",504173
155,0,9.5472,-264.658678990813,-275.729556832307,-11.070877841493,0.199999999999534,26.0000000000016,21.6000000000012,-89344.2582189553,89082.7291765535,266575.175439083,-57.2556783811677,9.5472,9.54695,190944,"2026_06_04_0085","2026_06_04_0085_ev00155_rec0","no",504174
156,0,9.57545,-261.712243317982,-271.304130297798,-9.59188697981591,6.05000000000011,22.5000000000009,29.9999999999994,-266.089237104837,-8.44133708199969,5.90900069337311,-272.070647841475,9.57415,9.56745,191509,"2026_06_04_0085","2026_06_04_0085_ev00156_rec0","no",504175
157,0,9.6019,-267.883252363073,-273.400696874217,-5.51744451114439,0.14999999999965,0.450000000000728,0.899999999999679,-262.128630637845,-9.09794185703241,5.67792874010206,121.015422627878,9.6019,9.60175,192038,"2026_06_04_0085","2026_06_04_0085_ev00157_rec0","no",504176
158,0,9.66005,-261.451544130964,-284.970738099711,-23.5191939687472,7.60000000000005,22.1999999999998,24.0999999999989,-268.228150046922,-15.2841781968515,11.6257119424336,-534.662074314484,9.65795,9.65025,193201,"2026_06_04_0085","2026_06_04_0085_ev00158_rec0","no",504177
159,0,9.7647,-265.535368055418,-271.026828709834,-5.49146065441681,0.300000000001077,0.0999999999997669,0.0499999999998835,-259.509631125415,-8.19138718759546,3.78573564636084,148.960392968623,9.7647,9.7643,195294,"2026_06_04_0085","2026_06_04_0085_ev00159_rec0","no",504178
160,0,9.8505,-274.589526068521,-293.141599411433,-18.5520733429113,1.95000000000078,3.44999999999906,3.05,-269.543875164692,-24.9453227731883,4.15125069964647,17.2383951469929,9.8492,9.84515,197010,"2026_06_04_0085","2026_06_04_0085_ev00160_rec0","no",504179
161,0,9.89555,-272.592649562875,-310.171462309722,-37.5788127468469,1.04999999999933,4.6999999999997,5.55000000000128,-262.719469974119,-41.6788374538158,9.89582691484296,-121.699757669574,9.8955,9.8944,197911,"2026_06_04_0085","2026_06_04_0085_ev00161_rec0","no",504180
162,0,9.94035,-270.400576730699,-280.783873324914,-10.3832965942156,0.199999999999534,9.29999999999964,6.75000000000026,-281733.767862776,281463.801914009,444357.787109306,-278.126243741053,9.9396,9.9393,198807,"2026_06_04_0085","2026_06_04_0085_ev00162_rec0","no",504181
163,0,9.9678,-273.040119569484,-316.443986905097,-43.4038673356134,1.35000000000041,7.24999999999909,8.65000000000116,-257.308218694373,-53.7879228398373,16.4763750424547,-320.811367987561,9.9677,9.9662,199356,"2026_06_04_0085","2026_06_04_0085_ev00163_rec0","no",504182
164,0,10.0094,-269.339425223214,-291.1376953125,-21.7982700892857,2.29999999999997,4.34999999999874,6.29999999999953,-263.359540636954,-25.1212256838877,10.8209278048119,-144.808087267195,10.00745,10.005,200188,"2026_06_04_0085","2026_06_04_0085_ev00164_rec0","no",504183
165,0,10.0764,-265.967958722796,-297.8515625,-31.8836037772043,1.95000000000078,21.0500000000007,18.8499999999987,-275.371290200968,-33.100401909109,7.16993980097431,-798.3580380576,10.0688,10.06635,201528,"2026_06_04_0085","2026_06_04_0085_ev00165_rec0","no",504184
166,0,10.19245,-273.931594122024,-280.76171875,-6.8301246279762,0.349999999999184,0.550000000000495,0,-258.823988201005,-14.6791443437826,12.9333145247141,282.206249491373,10.19245,10.1918,203849,"2026_06_04_0085","2026_06_04_0085_ev00166_rec0","no",504185
167,0,10.31385,-259.341282435826,-306.396484375,-47.0552019391741,12.9999999999999,19.4499999999991,30.0000000000011,-281.298421300424,-23.2847213796489,3.45195392860903,-1038.20086800711,10.3132,10.29985,206277,"2026_06_04_0085","2026_06_04_0085_ev00167_rec0","no",504186
168,0,10.3437,-291.108630952381,-299.6826171875,-8.57398623511904,1.05000000000111,2.4999999999995,2.05000000000055,-280.087567457943,-18.6232589779582,7.5654574922517,183.271135602679,10.3425,10.34105,206874,"2026_06_04_0085","2026_06_04_0085_ev00168_rec0","no",504187
169,0,10.3668,-272.071475074405,-289.306640625,-17.2351655505952,0.349999999999184,6.35000000000119,6.64999999999871,-261.21132759067,-30.426981266021,11.666613489354,-25.0127829778763,10.3658,10.36525,207336,"2026_06_04_0085","2026_06_04_0085_ev00169_rec0","no",504188
170,0,10.40945,-263.468423025949,-277.099609375,-13.6311863490513,0.750000000000028,9.29999999999964,9.99999999999979,-259.105776761498,-16.8830651054959,17.0948406007755,-126.846352931432,10.40835,10.4065,208189,"2026_06_04_0085","2026_06_04_0085_ev00170_rec0","no",504189
171,0,10.5738,-265.735444568452,-270.3857421875,-4.65029761904759,0.0499999999998835,0.799999999999912,0.899999999999679,-266.225265247504,-5.11135656340745,0.62982321256931,-18.3286907377689,10.5738,10.5736,211476,"2026_06_04_0085","2026_06_04_0085_ev00171_rec0","no",504190
172,0,10.61425,-272.245861235119,-296.0205078125,-23.774646577381,2.89999999999857,8.35000000000008,7.60000000000005,-259.794448718564,-38.3708804301081,12.8728667653476,-174.285884094239,10.61125,10.60695,212285,"2026_06_04_0085","2026_06_04_0085_ev00172_rec0","no",504191
173,0,10.6919,-266.607375372024,-284.423828125,-17.8164527529762,1.20000000000076,5.65000000000104,7.4500000000004,-272.209796863296,-14.9933606986236,2.74290636452354,-232.705252511161,10.69155,10.6903,213838,"2026_06_04_0085","2026_06_04_0085_ev00173_rec0","no",504192
174,0,10.7112,-276.750837053571,-278.9306640625,-2.17982700892856,0.299999999999301,1.69999999999959,1.09999999999921,-266.476496363055,-13.9223320852249,4.83187813830523,239.861627633232,10.7108,10.7104,214224,"2026_06_04_0085","2026_06_04_0085_ev00174_rec0","no",504193
175,0,10.76615,-264.747256324405,-301.513671875,-36.7664155505952,1.05000000000111,6.75000000000026,8.8999999999988,-272.14993776652,-26.5360436143677,6.12831441857093,-429.749988374256,10.76545,10.7643,215323,"2026_06_04_0085","2026_06_04_0085_ev00175_rec0","no",504194
176,0,10.82215,-276.896158854167,-292.96875,-16.0725911458333,0.949999999999562,5.34999999999997,3.89999999999979,-266.467413555439,-27.088136687604,7.74107472880418,69.6767186482753,10.8209,10.8196,216443,"2026_06_04_0085","2026_06_04_0085_ev00176_rec0","no",504195
177,0,10.8719,-266.084216889881,-279.541015625,-13.456798735119,0.700000000000145,9.49999999999918,0,-27779.7121046048,27505.5661044851,109336.750111126,-463.410150437127,10.8629,10.86195,217438,"2026_06_04_0085","2026_06_04_0085_ev00177_rec0","no",504196
178,0,10.8903,-270.879836309524,-287.4755859375,-16.5957496279762,3.09999999999988,10.9499999999993,10.4499999999987,-249.763114651122,-37.2642532391983,33.4472711435878,-157.298496791295,10.88965,10.88645,217806,"2026_06_04_0085","2026_06_04_0085_ev00178_rec0","no",504197
179,0,10.9282,-268.409365699405,-295.41015625,-27.0007905505952,4.24999999999898,36.9500000000009,30.0000000000011,-283.874631608096,-20.2983127540658,3.16818500962817,-701.193673270089,10.9251,10.92075,218564,"2026_06_04_0085","2026_06_04_0085_ev00179_rec0","no",504198
180,0,11.13275,-262.24771917434,-296.0205078125,-33.7727886381604,2.2000000000002,43.0500000000009,29.9999999999994,-280.267964813565,-17.075407227902,2.79369991641559,-889.394220533826,11.1209,11.1186,222655,"2026_06_04_0085","2026_06_04_0085_ev00180_rec0","no",504199
181,0,11.1746,-280.529203869048,-304.5654296875,-24.0362258184524,0.750000000000028,5.04999999999889,5.94999999999857,-259.497225888728,-43.256052717972,16.1228214710501,28.7708100818444,11.17445,11.1737,223492,"2026_06_04_0085","2026_06_04_0085_ev00181_rec0","no",504200
182,0,11.23215,-261.8408203125,-268.5546875,-6.7138671875,0.849999999999795,20.7499999999996,23.7499999999997,-257.675546496705,-13.9735542310025,31.9469527823934,-172.546379852295,11.2307,11.22985,224643,"2026_06_04_0085","2026_06_04_0085_ev00182_rec0","no",504201
183,0,11.35685,-272.652762276786,-314.3310546875,-41.6782924107143,1.50000000000006,5.64999999999927,7.19999999999921,-279.820413233656,-31.0678056728536,5.44757687492377,-431.004115513393,11.3565,11.35495,227137,"2026_06_04_0085","2026_06_04_0085_ev00183_rec0","no",504202
184,0,11.3955,-280.558268229167,-285.64453125,-5.08626302083331,0,0.799999999999912,1.00000000000122,-274.289901784401,-12.4262428704931,2.37131499434909,157.852172851563,11.3955,11.3954,227910,"2026_06_04_0085","2026_06_04_0085_ev00184_rec0","no",504203
185,0,11.4144,-276.16954985119,-288.0859375,-11.9163876488095,0.0499999999998835,1.25000000000064,1.74999999999947,-268.662872882105,-16.3449109046519,5.51508935362725,133.219403330485,11.4144,11.4141,228288,"2026_06_04_0085","2026_06_04_0085_ev00185_rec0","no",504204
186,0,11.52445,-297.56091889881,-312.5,-14.9390811011905,0.0999999999997669,1.00000000000122,1.64999999999971,-256.80863656356,-50.4372060169405,19.155919269974,455.633254278274,11.5242,11.5241,230489,"2026_06_04_0085","2026_06_04_0085_ev00186_rec0","no",504205
187,0,11.57945,-263.0615234375,-270.99609375,-7.9345703125,0.300000000001077,30.5,29.9999999999994,-272.740895276813,-2.77714293582558,2.67838015265075,-306.869506835938,11.57885,11.57855,231589,"2026_06_04_0085","2026_06_04_0085_ev00187_rec0","no",504206
188,0,11.7081,-269.891648065476,-278.3203125,-8.4286644345238,0.0500000000016598,7.64999999999993,30.0000000000011,-273.8745621202,-2.98851262988077,2.49549669236569,-137.98813516526,11.70665,11.7066,234162,"2026_06_04_0085","2026_06_04_0085_ev00188_rec0","no",504207
189,0,11.73295,-268.031528291248,-273.4375,-5.40597170875185,1.79999999999936,25.0000000000004,19.4500000000009,-258.843504174411,-20.2960096636498,32.6534003969353,-190.231351598103,11.7249,11.72285,234659,"2026_06_04_0085","2026_06_04_0085_ev00189_rec0","no",504208
190,0,11.76695,-267.188662574405,-282.5927734375,-15.4041108630952,1.59999999999982,9.64999999999883,9.85000000000014,-264.855713058133,-15.9065242630461,14.4422554465945,-166.442868804932,11.76545,11.76385,235339,"2026_06_04_0085","2026_06_04_0085_ev00190_rec0","no",504209
191,0,11.87275,-281.66271391369,-292.96875,-11.3060360863095,0.20000000000131,6.19999999999976,9.90000000000002,28613.709879865,-28902.71055336,90593.4186514107,-84.8926362537201,11.87145,11.8712,237455,"2026_06_04_0085","2026_06_04_0085_ev00191_rec0","no",504210
192,0,11.8922,-280.122302827381,-298.4619140625,-18.339611235119,1.00000000000122,2.2000000000002,2.2000000000002,-270.140426783297,-22.6706014952904,7.22039514127588,123.60127919515,11.89205,11.89085,237844,"2026_06_04_0085","2026_06_04_0085_ev00192_rec0","no",504211
193,0,11.9343,-272.623697916667,-276.4892578125,-3.86555989583331,0.14999999999965,0.0999999999997669,0,-260.531386706264,-11.363037117023,22.5293953351631,174.591069030762,11.9343,11.9339,238686,"2026_06_04_0085","2026_06_04_0085_ev00193_rec0","no",504212
194,0,12.044,-264.485676356724,-291.748046875,-27.2623705182756,0.450000000000728,12.2999999999998,13.7,-264.503249121152,-37.9604075402676,10.328227253723,-420.394919967651,12.0428,12.04195,240880,"2026_06_04_0085","2026_06_04_0085_ev00194_rec0","no",504213
195,0,12.08465,-272.362118675595,-280.76171875,-8.39960007440476,0.199999999999534,11.1000000000008,10.7000000000017,-1984877.08422364,1984636.61451093,607866.717966565,-510.446285974412,12.08465,12.08445,241693,"2026_06_04_0085","2026_06_04_0085_ev00195_rec0","no",504214
196,0,12.1167,-276.285807291667,-405.883758544922,-129.597951253255,7.09999999999944,16.6500000000003,14.4499999999983,-294.70791139947,-118.220083367311,10.4100159820471,-2517.13997701009,12.11505,12.10705,242334,"2026_06_04_0085","2026_06_04_0085_ev00196_rec0","no",504215
197,0,12.1766,-275.152297247024,-324.096649169922,-48.9443519228981,3.90000000000157,11.750000000001,26.7999999999997,-293.127620770045,-28.2976416266439,5.00931990683881,-840.167782520113,12.1754,12.1715,243532,"2026_06_04_0085","2026_06_04_0085_ev00197_rec0","no",504216
198,0,12.2032,-285.615466889881,-300.9033203125,-15.287853422619,0.500000000000611,4.6999999999997,4.20000000000087,-276.190073432001,-35.9473448549896,4.85851294798736,89.3634614490331,12.20245,12.20195,244064,"2026_06_04_0085","2026_06_04_0085_ev00198_rec0","no",504217
199,0,12.23455,-286.2548828125,-288.6962890625,-2.44140625,0.0999999999997669,2.25000000000009,1.69999999999959,-284.714622368414,-8.25553693613119,1.40049383719465,27.0538330078125,12.23345,12.23295,244691,"2026_06_04_0085","2026_06_04_0085_ev00199_rec0","no",504218
200,0,12.2605,-283.987862723214,-303.3447265625,-19.3568638392857,0.0499999999998835,1.79999999999936,1.25000000000064,-282.430604100683,-16.6661971462525,1.95607882043611,-0.762939453125249,12.26025,12.25915,245210,"2026_06_04_0085","2026_06_04_0085_ev00200_rec0","no",504219
201,0,12.28175,-277.361188616071,-300.9033203125,-23.5421316964286,1.9000000000009,5.85000000000058,4.35000000000052,-267.937600421359,-28.7717541196547,9.4155744202365,-21.6827384948726,12.28085,12.2783,245635,"2026_06_04_0085","2026_06_04_0085_ev00201_rec0","no",504220
202,0,12.32535,-270.792643229167,-338.134735107422,-67.3420918782552,8.55000000000139,8.25000000000031,8.10000000000066,-286.182140905498,-55.966140254948,4.57084093691747,-1337.80905100504,12.3203,12.3111,246507,"2026_06_04_0085","2026_06_04_0085_ev00202_rec0","no",504221
203,0,12.35105,-289.539155505952,-306.396484375,-16.8573288690476,0.750000000000028,1.50000000000006,1.64999999999971,-276.528905429387,-24.9530526833312,6.29239748965445,226.825532459078,12.3509,12.3501,247021,"2026_06_04_0085","2026_06_04_0085_ev00203_rec0","no",504222
204,0,12.3907,-280.325753348214,-292.96875,-12.6429966517857,0.549999999998718,3.94999999999968,4.04999999999944,-278.085256463567,-16.2876853782603,4.74715384424985,-22.3606654575895,12.39025,12.38965,247814,"2026_06_04_0085","2026_06_04_0085_ev00204_rec0","no",504223
205,0,12.41405,-261.8408203125,-272.8271484375,-10.986328125,2.44999999999962,32.8999999999997,29.9999999999994,-269.507019354939,-10.4061126796329,10.7445705428871,-384.429931640625,12.41355,12.4111,248281,"2026_06_04_0085","2026_06_04_0085_ev00205_rec0","no",504224
206,0,12.48565,-270.792643229167,-296.630859375,-25.8382161458333,0.799999999999912,10.5000000000004,15.5499999999993,150975.190108023,-151263.881042002,282059.321412783,-346.557617187499,12.48365,12.48255,249713,"2026_06_04_0085","2026_06_04_0085_ev00206_rec0","no",504225
207,0,12.5289,-274.454752604167,-361.328094482422,-86.8733418782552,5.90000000000046,26.8499999999996,20.2500000000008,-221.283032907806,-146.54389889914,37.4731400026605,-2338.71891377767,12.5216,12.51565,250578,"2026_06_04_0085","2026_06_04_0085_ev00207_rec0","no",504226
208,0,12.58595,-294.683547247024,-335.693328857422,-41.0097816103981,9.19999999999988,15.0999999999986,8.5999999999995,-223.572795988669,-107.753433566866,38.7896984590769,-345.327976553781,12.58535,12.5761,251719,"2026_06_04_0085","2026_06_04_0085_ev00208_rec0","no",504227
209,0,12.7239,-268.5546875,-275.87890625,-7.32421875,0.750000000000028,1.04999999999933,0,-141706.505967105,141433.733648886,299875.615894627,-368.927001953125,12.7221,12.72135,254478,"2026_06_04_0085","2026_06_04_0085_ev00209_rec0","no",504228
210,0,12.74855,-275.472005208333,-291.1376953125,-15.6656901041667,1.99999999999889,7.60000000000005,4.55000000000005,-273.871915412453,-18.7803560658383,4.86365500561144,-114.639282226563,12.7446,12.7426,254971,"2026_06_04_0085","2026_06_04_0085_ev00210_rec0","no",504229
211,0,12.8281,-278.174990699405,-294.189453125,-16.0144624255952,1.40000000000029,6.35000000000119,6.24999999999964,-266.929029032532,-26.0206636473114,15.0786277012194,-25.4654657273066,12.82745,12.82585,256562,"2026_06_04_0085","2026_06_04_0085_ev00211_rec0","no",504230
212,0,12.8688,-271.6064453125,-276.4892578125,-4.8828125,0.349999999999184,8.54999999999961,8.0000000000009,-1579400.28076922,1579137.07520659,1239569.3369767,-323.226919555664,12.8688,12.86845,257376,"2026_06_04_0085","2026_06_04_0085_ev00212_rec0","no",504231
213,0,12.89655,-283.580961681548,-309.4482421875,-25.8672805059524,2.34999999999985,29.6000000000003,29.9999999999994,-267.731186278919,-47.2053443292374,52.344810310278,-695.897411092123,12.89385,12.891,257931,"2026_06_04_0085","2026_06_04_0085_ev00213_rec0","no",504232
214,0,12.9413,-289.045061383929,-314.3310546875,-25.2859933035714,0.849999999999795,3.84999999999991,3.60000000000049,-282.175696899528,-33.8187816214433,4.88142324038366,7.84301910400342,12.9403,12.93925,258826,"2026_06_04_0085","2026_06_04_0085_ev00214_rec0","no",504233
215,0,12.9636,-282.011486235119,-284.423828125,-2.41234188988096,1.25000000000064,4.59999999999994,4.04999999999944,-258.094630761271,-26.8962212319082,50.0395391505175,107.795352027529,12.9636,12.96235,259272,"2026_06_04_0085","2026_06_04_0085_ev00215_rec0","no",504234
216,0,13.07495,-273.14685639881,-301.513671875,-28.3668154761905,0.550000000000495,17.55,14.5499999999998,-266.848288615946,-34.5952928291243,20.1483095514627,-531.384422665551,13.0677,13.0664,261499,"2026_06_04_0085","2026_06_04_0085_ev00216_rec0","no",504235
217,0,13.1476,-276.053292410714,-325.927703857422,-49.8744114467076,2.10000000000043,10.5000000000004,12.6000000000008,-285.535922402454,-42.8412537179722,8.05902609460056,-722.55156489781,13.1468,13.1446,262952,"2026_06_04_0085","2026_06_04_0085_ev00217_rec0","no",504236
218,0,13.18215,-285.673595610119,-327.758758544922,-42.0851629348028,3.24999999999953,10.349999999999,8.05000000000078,-275.373979268987,-57.6280237129632,10.0510959166317,-415.487215459915,13.18055,13.17715,263643,"2026_06_04_0085","2026_06_04_0085_ev00218_rec0","no",504237
219,0,13.25075,-276.082356770833,-327.148406982422,-51.0660502115886,3.19999999999965,9.90000000000002,12.8000000000004,-288.292878202409,-32.4993411232962,8.08874781236486,-740.158071899415,13.2503,13.2463,265015,"2026_06_04_0085","2026_06_04_0085_ev00219_rec0","no",504238
220,0,13.28265,-279.134114583333,-313.720703125,-34.5865885416667,1.74999999999947,9.9499999999999,8.15000000000055,-284.77215417033,-38.6398513292985,4.83080482086427,-480.97228088379,13.28045,13.27775,265653,"2026_06_04_0085","2026_06_04_0085_ev00220_rec0","no",504239
221,0,13.3136,-281.866164434524,-315.5517578125,-33.6855933779762,2.39999999999974,19.6000000000005,20.5500000000001,59.7090335404061,-373.548367079629,383.10311008271,-635.191404142834,13.31165,13.3092,266272,"2026_06_04_0085","2026_06_04_0085_ev00221_rec0","no",504240
222,0,13.3778,-280.558268229167,-285.0341796875,-4.47591145833331,0.14999999999965,2.64999999999915,3.14999999999976,-279.329936775278,-6.89968037495397,3.58871346324747,10.3759765625006,13.3778,13.3774,267556,"2026_06_04_0085","2026_06_04_0085_ev00222_rec0","no",504241
223,0,13.3995,-281.343005952381,-289.9169921875,-8.57398623511904,1.19999999999898,1.04999999999933,0.500000000000611,-271.80053599068,-13.7255840547676,6.46944243860641,192.710513160343,13.39925,13.3977,267990,"2026_06_04_0085","2026_06_04_0085_ev00223_rec0","no",504242
224,0,13.45135,-271.751767113095,-297.8515625,-26.0997953869048,0.600000000000378,11.8999999999989,13.7499999999999,-202.106294897396,-91.923345265054,93.1457281272945,-319.112141927083,13.44945,13.4486,269027,"2026_06_04_0085","2026_06_04_0085_ev00224_rec0","no",504243
225,0,13.48425,-269.281296502976,-283.203125,-13.9218284970238,0.849999999999795,10.0999999999996,11.2999999999985,-263.307672397946,-22.3886905073135,16.1872562874045,-143.504549189976,13.48395,13.48295,269685,"2026_06_04_0085","2026_06_04_0085_ev00225_rec0","no",504244
226,0,13.54395,-286.022367931548,-354.003875732422,-67.9815078008743,4.14999999999921,12.7499999999987,12.7000000000006,-276.982143798876,-70.733156693344,17.4518310720776,-985.212447538831,13.5426,13.5381,270879,"2026_06_04_0085","2026_06_04_0085_ev00226_rec0","no",504245
227,0,13.60345,-270.99609375,-278.3203125,-7.32421875,0.0999999999997669,0.199999999999534,0,-280.871582018951,2.55126247363539,1.25011039734143e-05,-299.575805664062,13.60325,13.60315,272069,"2026_06_04_0085","2026_06_04_0085_ev00227_rec0","no",504246
228,0,13.62905,-271.112351190476,-297.2412109375,-26.1288597470238,4.20000000000087,20.7999999999995,29.9999999999994,-281.001672401864,-17.8290273307739,9.59447958704248,-561.83369954427,13.6283,13.6235,272581,"2026_06_04_0085","2026_06_04_0085_ev00228_rec0","no",504247
229,0,13.67675,-287.824358258929,-294.7998046875,-6.97544642857144,1.40000000000029,7.55000000000017,8.0000000000009,-273.018960624551,-23.4061667990842,26.950438039705,9.30568150111556,13.6765,13.6751,273535,"2026_06_04_0085","2026_06_04_0085_ev00229_rec0","no",504248
230,0,13.7346,-279.075985863095,-328.369110107422,-49.2931242443266,11.1999999999988,12.6500000000007,8.44999999999985,-281.499622966392,-47.0172820810921,7.73680114597483,-742.216463652111,13.7339,13.72225,274692,"2026_06_04_0085","2026_06_04_0085_ev00230_rec0","no",504249
231,0,13.81495,-288.638160342262,-346.679656982422,-58.0414966401599,4.4000000000004,11.3500000000002,10.3999999999989,-291.777408446155,-59.5521298787049,8.84754972216903,-818.417161923362,13.8129,13.8077,276299,"2026_06_04_0085","2026_06_04_0085_ev00231_rec0","no",504250
232,0,13.8372,-291.689918154762,-305.7861328125,-14.0962146577381,0.449999999998951,4.99999999999901,7.29999999999897,210599.078878147,-210900.245643467,361471.149062404,-35.6438046409964,13.8369,13.83595,276744,"2026_06_04_0085","2026_06_04_0085_ev00232_rec0","no",504251
233,0,13.85195,-283.435639880952,-299.072265625,-15.6366257440476,0.14999999999965,8.09999999999889,7.64999999999993,-269.63742862733,-35.8972143316048,12.6259458220285,-33.1776936848949,13.8502,13.8492,277039,"2026_06_04_0085","2026_06_04_0085_ev00233_rec0","no",504252
234,0,13.95355,-280.296688988095,-291.1376953125,-10.8410063244048,0.700000000000145,15.7500000000006,13.0499999999998,-274468.688435746,274195.979820453,308022.395156682,-176.500592912946,13.953,13.95225,279071,"2026_06_04_0085","2026_06_04_0085_ev00234_rec0","no",504253
235,0,13.9796,-277.448381696429,-310.05859375,-32.6102120535714,4.19999999999909,4.50000000000017,4.84999999999935,-284.07392214582,-26.5934771527882,3.05579672740472,-432.462419782367,13.9772,13.97295,279592,"2026_06_04_0085","2026_06_04_0085_ev00235_rec0","no",504254
236,0,14.0245,-289.946056547619,-298.4619140625,-8.51585751488096,1.24999999999886,4.59999999999994,4.20000000000087,-267.985099478821,-34.7055966463906,12.9770005146179,238.547915504092,14.0245,14.02325,280490,"2026_06_04_0085","2026_06_04_0085_ev00236_rec0","no",504255
237,0,14.09575,-277.157738095238,-312.5,-35.3422619047619,1.75000000000125,4.20000000000087,4.30000000000064,-279.344817524598,-30.6621766063845,4.17740309184861,-247.594197591147,14.0955,14.093,281915,"2026_06_04_0085","2026_06_04_0085_ev00237_rec0","no",504256
238,0,14.1164,-275.791713169643,-280.1513671875,-4.35965401785717,0.700000000000145,13.9500000000012,7.30000000000075,-646219.521687756,645948.451239942,746717.137001019,-287.968226841519,14.1111,14.1101,282328,"2026_06_04_0085","2026_06_04_0085_ev00238_rec0","no",504257
239,0,14.164,-287.504650297619,-515.13671875,-227.632068452381,7.40000000000052,33.5000000000001,30.0000000000011,1336081.9563005,-1336577.23060863,396198.868487233,-5971.79332213629,14.162,14.15435,283280,"2026_06_04_0085","2026_06_04_0085_ev00239_rec0","no",504258
240,0,14.22755,-290.382021949405,-300.9033203125,-10.5212983630952,0.349999999999184,3.99999999999956,6.3999999999993,-294.207649566562,-8.71056808279539,1.32055780843161,-141.953967866444,14.2264,14.2257,284551,"2026_06_04_0085","2026_06_04_0085_ev00240_rec0","no",504259
241,0,14.32205,-271.6064453125,-277.099609375,-5.4931640625,1.15000000000087,6.60000000000061,7.99999999999912,-268.888709634531,-8.50326368020196,13.7355199768034,-33.5693359375,14.32135,14.32,286441,"2026_06_04_0085","2026_06_04_0085_ev00241_rec0","no",504260
242,0,14.40005,-276.19861421131,-299.072265625,-22.8736514136905,3.40000000000096,11.099999999999,9.50000000000095,-280.393416921433,-29.4219257757889,4.93134930716551,-347.741263253348,14.39895,14.39545,288001,"2026_06_04_0085","2026_06_04_0085_ev00242_rec0","no",504261
243,0,14.4339,-291.748046875,-295.41015625,-3.662109375,0.449999999998951,1.54999999999994,1.09999999999921,-271.0260080975,-25.295025695701,8.14347998792393,417.617798614502,14.43375,14.43295,288678,"2026_06_04_0085","2026_06_04_0085_ev00243_rec0","no",504262
244,0,14.479,-273.4375,-278.3203125,-4.8828125,0.14999999999965,9.6500000000006,6.64999999999871,-274.886482555519,-9.26286439230179,2.03997437062613,-95.7794189453125,14.47395,14.47315,289580,"2026_06_04_0085","2026_06_04_0085_ev00244_rec0","no",504263
245,0,14.50695,-272.710890997024,-289.306640625,-16.5957496279762,0.299999999999301,31.1500000000002,30.0000000000011,-282.515595679654,-4.59953673015342,2.55584231806879,-322.367350260417,14.50625,14.5056,290139,"2026_06_04_0085","2026_06_04_0085_ev00245_rec0","no",504264
246,0,14.52785,-272.333054315476,-287.4755859375,-15.1425316220238,1.79999999999936,14.0000000000011,13.7,-263.978879505159,-29.8422679384336,18.005083385568,-231.462024507068,14.5257,14.52345,290557,"2026_06_04_0085","2026_06_04_0085_ev00246_rec0","no",504265
247,0,14.57655,-268.293108258929,-285.64453125,-17.3514229910714,0.799999999999912,10.9499999999993,10.9499999999993,-265.150511020083,-29.4910940571904,9.71315052322141,-226.717267717634,14.57445,14.5735,291531,"2026_06_04_0085","2026_06_04_0085_ev00247_rec0","no",504266
248,0,14.61255,-275.87890625,-278.3203125,-2.44140625,0.550000000000495,2.85000000000046,3.09999999999988,-268.514792693813,-12.5492523473951,7.45237549262604,127.74658203125,14.61255,14.61175,292251,"2026_06_04_0085","2026_06_04_0085_ev00248_rec0","no",504267
249,0,14.6831,-261.23046875,-267.9443359375,-6.7138671875,3.70000000000026,5.64999999999927,1.4499999999984,-543921.865286255,543660.235192691,379971.447576244,-707.168576812744,14.6831,14.6789,293662,"2026_06_04_0085","2026_06_04_0085_ev00249_rec0","no",504268
250,0,14.705,-269.019717261905,-317.3828125,-48.3630952380952,1.79999999999936,10.4500000000005,14.1500000000008,-282.980831732006,-38.1719740636693,6.22234069387195,-740.923198808943,14.70405,14.7022,294100,"2026_06_04_0085","2026_06_04_0085_ev00250_rec0","no",504269
251,0,14.72745,-285.179501488095,-289.9169921875,-4.73749069940476,0.150000000001427,3.05,3.75000000000014,-247.642229752215,-42.8212422615902,43.3705434650577,198.042370024182,14.72745,14.7273,294549,"2026_06_04_0085","2026_06_04_0085_ev00251_rec0","no",504270
252,0,14.7917,-279.163178943452,-299.072265625,-19.9090866815476,0.400000000000844,7.95000000000101,9.85000000000014,-269.39670046237,-30.6687167642246,16.8921730911726,-156.767345610118,14.7907,14.7903,295834,"2026_06_04_0085","2026_06_04_0085_ev00252_rec0","no",504271
253,0,14.8573,-270.06603422619,-277.7099609375,-7.64392671130952,0.249999999999417,0.199999999999534,0.350000000000961,-266.542605497778,-6.98602047187527,3.69901263400711,78.6852178301132,14.8573,14.85705,297146,"2026_06_04_0085","2026_06_04_0085_ev00253_rec0","no",504272
254,0,14.9788,-265.299478440058,-313.720703125,-48.4212246849423,3.19999999999965,5.14999999999866,0,-49883.2822684541,49576.6557334174,372684.293850903,-1502.70155239913,14.97565,14.97165,299576,"2026_06_04_0085","2026_06_04_0085_ev00254_rec0","no",504273
255,0,15.0101,-295.556247629258,-347.97547984754,-52.4192322182819,2.94999999999845,7.05000000000133,5.09999999999877,-286.587786210288,-68.0699733421967,5.80982241246208,-283.467640624446,15.00855,15.00535,300202,"2026_06_04_0085","2026_06_04_0085_ev00255_rec0","no",504274
256,0,15.04795,-296.35911976779,-314.50129152863,-18.14217176084,1.00000000000122,2.15000000000032,1.74999999999947,-291.520461833933,-20.4642120914238,3.0518580540997,67.8831776314736,15.0476,15.0466,300959,"2026_06_04_0085","2026_06_04_0085_ev00256_rec0","no",504275
257,0,15.0759,-293.265692696414,-309.321923997758,-16.0562313013439,1.15000000000087,3.84999999999991,3.19999999999965,-281.23269283934,-30.0605476303689,6.26840706782461,157.978374800009,15.0757,15.07455,301518,"2026_06_04_0085","2026_06_04_0085_ev00257_rec0","no",504276
258,0,15.0954,-274.277061609977,-283.516330538865,-9.23926892888733,0.449999999998951,30.4500000000001,30.0000000000011,-279.30277691281,-8.47424059847314,5.13309782648173,-202.391134816219,15.0952,15.09475,301908,"2026_06_04_0085","2026_06_04_0085_ev00258_rec0","no",504277
259,0,15.1741,-286.757097769803,-292.631388776191,-5.87429100638781,0.550000000000495,4.05000000000122,3.84999999999991,-274.342041105703,-18.5983394293236,15.8358352319356,117.75071229208,15.1736,15.17305,303482,"2026_06_04_0085","2026_06_04_0085_ev00259_rec0","no",504278
260,0,15.21285,-280.616846115194,-287.39482443261,-6.77797831741589,0,0.0500000000016598,0,-272.626933763522,-9.04227322088146,4.24436183510623,201.069411036661,15.2128,15.21275,304257,"2026_06_04_0085","2026_06_04_0085_ev00260_rec0","no",504279
261,0,15.26505,-270.715786345041,-291.361388124568,-20.6456017795267,1.94999999999901,9.29999999999964,9.29999999999964,-275.231296195661,-21.0411073392756,4.86804602313588,-291.207670831235,15.2639,15.2618,305301,"2026_06_04_0085","2026_06_04_0085_ev00261_rec0","no",504280
262,0,15.3009,-269.77190273079,-296.064998459323,-26.2930957285333,7.40000000000052,6.80000000000014,4.4000000000004,-272.593546950595,-17.4839612933455,4.75128724986844,-318.031779994861,15.29915,15.2913,306018,"2026_06_04_0085","2026_06_04_0085_ev00262_rec0","no",504281
263,0,15.32645,-272.067705033726,-275.586552842923,-3.5188478091967,0.0999999999997669,5.15000000000043,5.74999999999903,-267.336619501063,-9.32583592002639,13.2433360698005,29.5854570989132,15.32625,15.3261,306529,"2026_06_04_0085","2026_06_04_0085_ev00263_rec0","no",504282
264,0,15.3706,-276.703733910674,-280.700292006169,-3.99655809549569,0.0499999999998835,13.8999999999996,14.1500000000008,-272.086201389085,-13.0412166271791,18.6278282007016,-68.4492619926022,15.3694,15.3692,307412,"2026_06_04_0085","2026_06_04_0085_ev00264_rec0","no",504283
265,0,15.38685,-279.889570294584,-290.627289676264,-10.7377193816797,0.500000000000611,0.300000000001077,0,-259.64835362242,-21.3825362409409,30.7124390010092,193.975796751541,15.38685,15.38615,307737,"2026_06_04_0085","2026_06_04_0085_ev00265_rec0","no",504284
266,0,15.45285,-279.242035206688,-305.094668002725,-25.8526327960376,2.04999999999878,9.75000000000037,7.64999999999993,-268.106090857355,-45.7530758398171,9.64254423819863,-174.218360369618,15.45055,15.4483,309057,"2026_06_04_0085","2026_06_04_0085_ev00266_rec0","no",504285
267,0,15.50565,-278.901592498654,-289.699118770543,-10.7975262718894,1.24999999999886,1.45000000000017,1.09999999999921,-267.491508683059,-17.0255079653717,10.7839539557726,158.814257445638,15.5055,15.5041,310113,"2026_06_04_0085","2026_06_04_0085_ev00267_rec0","no",504286
268,0,15.59255,-276.795798777293,-289.575493794147,-12.7796950168539,1.25000000000064,7.60000000000005,7.49999999999851,-264.699449905507,-29.3673325744601,13.4384229124982,-9.82390203456134,15.59245,15.591,311851,"2026_06_04_0085","2026_06_04_0085_ev00268_rec0","no",504287
269,0,15.6831,-271.666458445352,-276.239120270106,-4.57266182475399,0.399999999999068,16.1999999999995,15.0500000000005,-277344.91412978,277084.630391243,319198.820637058,-49.2471674221195,15.6831,15.6825,313662,"2026_06_04_0085","2026_06_04_0085_ev00269_rec0","no",504288
270,0,15.71605,-268.384065762098,-298.402978767673,-30.0189130055754,9.3500000000013,8.5999999999995,8.84999999999891,-270.050540666049,-34.0469091537505,6.8821871281689,-522.668834028051,15.7152,15.7056,314321,"2026_06_04_0085","2026_06_04_0085_ev00270_rec0","no",504289
271,0,15.7863,-273.277166088321,-291.599703419556,-18.3225373312347,1.29999999999875,6.99999999999967,6.99999999999967,-261.837229139568,-23.904918325722,25.8042515421631,-110.744773782272,15.7852,15.783,315726,"2026_06_04_0085","2026_06_04_0085_ev00271_rec0","no",504290
272,0,15.82345,-274.933060352027,-281.469829903037,-6.53676955101002,0.100000000001543,0.0499999999998835,0,-283.562710734861,4.50828221186663,14.5028175277946,-225.427240319551,15.82345,15.82335,316469,"2026_06_04_0085","2026_06_04_0085_ev00272_rec0","no",504291
273,0,15.84675,-272.534381169729,-310.168624026671,-37.634242856942,4.45000000000029,11.9000000000007,11.2000000000005,-264.567878058559,-44.1352689372526,15.9929662843109,-487.317800834289,15.846,15.84145,316935,"2026_06_04_0085","2026_06_04_0085_ev00273_rec0","no",504292
274,0,15.8928,-274.1009699405,-428.949885655345,-154.848915714845,3.05,20.4999999999984,29.9999999999994,-326.745642923405,-121.54367503827,9.99206902678364,-3451.97625600635,15.8899,15.88635,317856,"2026_06_04_0085","2026_06_04_0085_ev00274_rec0","no",504293
275,0,15.95015,-296.212015940778,-341.091549932513,-44.8795339917348,3.70000000000026,15.3499999999998,2.4999999999995,-283690.19596198,283379.702766891,307534.809558581,-1086.55590352728,15.9458,15.94205,319003,"2026_06_04_0085","2026_06_04_0085_ev00275_rec0","no",504294
276,0,15.97855,-322.238338813814,-346.523193947727,-24.2848551339134,2.44999999999962,10.9499999999976,8.44999999999985,-299.439989070049,-54.4673054614136,15.7189709425905,-151.695322770383,15.97545,15.973,319571,"2026_06_04_0085","2026_06_04_0085_ev00276_rec0","no",504295
277,0,16.04555,-303.395689611482,-353.991680356121,-50.5959907446386,8.80000000000081,12.6000000000026,8.25000000000031,-286.31815947743,-61.7498016524408,15.1730938526752,-518.135075606787,16.04495,16.0359,320911,"2026_06_04_0085","2026_06_04_0085_ev00277_rec0","no",504296
278,0,16.07915,-289.490960477618,-309.765691653017,-20.2747311753982,3.90000000000157,34.7000000000008,30.0000000000011,-299.996753382797,-22.2335299717997,3.00279456442974,-481.084167784612,16.0779,16.07385,321583,"2026_06_04_0085","2026_06_04_0085_ev00278_rec0","no",504297
279,0,16.1362,-292.863158456289,-314.114346341821,-21.2511878855317,1.95000000000078,30.1000000000009,27.5500000000015,-307.151325477563,-17.0532488536087,0.809370574714782,-500.517670953962,16.1347,16.1326,322724,"2026_06_04_0085","2026_06_04_0085_ev00279_rec0","no",504298
280,0,16.17,-300.580673758574,-328.325313898002,-27.7446401394284,1.75000000000125,1.69999999999959,0,-75914.9773070321,75599.1606030151,446920.185314139,-580.760292328853,16.1697,16.16775,323400,"2026_06_04_0085","2026_06_04_0085_ev00280_rec0","no",504299
281,0,16.19865,-307.65325338408,-333.013584536163,-25.360331152083,0.849999999999795,7.04999999999956,4.55000000000183,-296.608623726684,-41.2455064691753,6.45799375280214,-33.2953246966028,16.19455,16.1934,323973,"2026_06_04_0085","2026_06_04_0085_ev00281_rec0","no",504300
282,0,16.24045,-299.837174365096,-327.691040759028,-27.853866393932,1.04999999999933,5.34999999999997,6.04999999999833,-282.174885998246,-43.983284851578,13.3595803464094,-19.5769684392986,16.2401,16.23905,324809,"2026_06_04_0085","2026_06_04_0085_ev00282_rec0","no",504301
283,0,16.28855,-297.853201183759,-316.662470776621,-18.8092695928616,0.550000000000495,2.74999999999892,3.70000000000203,-299.159041235493,-17.162345745741,3.35048116517014,-103.661407225861,16.28835,16.2878,325771,"2026_06_04_0085","2026_06_04_0085_ev00283_rec0","no",504302
284,0,16.3078,-286.20152141021,-313.69763258682,-27.49611117661,0.849999999999795,30.8500000000009,29.9999999999976,-300.949813492563,-17.2763119459092,1.16067569121734,-491.534506471673,16.30745,16.30645,326156,"2026_06_04_0085","2026_06_04_0085_ev00284_rec0","no",504303
285,0,16.3457,-298.576442881414,-335.852888227927,-37.2764453465133,5.05000000000067,11.6499999999995,5.34999999999997,-6256.88090471428,5959.39216280193,2144.56314819435,-1352.65891281244,16.34525,16.3401,326914,"2026_06_04_0085","2026_06_04_0085_ev00285_rec0","no",504304
286,0,16.36875,-303.930644351049,-385.962430910009,-82.0317865589604,6.3999999999993,13.3499999999991,9.59999999999894,-308.571337042878,-85.2902873695212,8.00693476992316,-1349.55593150852,16.3661,16.3594,327375,"2026_06_04_0085","2026_06_04_0085_ev00286_rec0","no",504305
287,0,16.4199,-297.839974719215,-315.424729551325,-17.5847548321098,1.10000000000099,24.0999999999971,19.8500000000017,-286302.399968003,286010.501009465,456648.791412854,-115.428046303114,16.4197,16.4182,328398,"2026_06_04_0085","2026_06_04_0085_ev00287_rec0","no",504306
288,0,16.44865,-289.448516543619,-319.922241916882,-30.4737253732632,2.80000000000058,10.9500000000011,7.00000000000145,-291.421418225108,-33.5474280388838,5.47133799135792,-408.620930711588,16.44545,16.44255,328973,"2026_06_04_0085","2026_06_04_0085_ev00288_rec0","no",504307
289,0,16.47905,-289.711052928236,-308.923475735836,-19.2124228076,0.399999999999068,30.5999999999997,30.0000000000011,-31157.3431188658,30869.131818628,364575.384097576,-2.12982330266758,16.47865,16.47825,329581,"2026_06_04_0085","2026_06_04_0085_ev00289_rec0","no",504308
290,0,16.51445,-279.845300784825,-338.530372515145,-58.6850717303195,6.4499999999974,23.7499999999997,26.1999999999993,196917.950253864,-197246.569876614,191138.395042108,-1338.20546895186,16.512,16.50535,330289,"2026_06_04_0085","2026_06_04_0085_ev00290_rec0","no",504309
291,0,16.55345,-300.320331909643,-322.231738163132,-21.9114062534896,0.350000000000961,0.199999999999534,0.800000000001688,-279.172789445207,-31.2181606874168,12.0959605575041,284.153537788827,16.55345,16.5531,331069,"2026_06_04_0085","2026_06_04_0085_ev00291_rec0","no",504310
292,0,16.63925,-285.431814302728,-290.580267481082,-5.14845317835375,0.299999999999301,0.599999999998602,0.500000000002387,-275.304620454076,-14.0639880480992,3.27894586400563,257.134216551339,16.63925,16.63895,332785,"2026_06_04_0085","2026_06_04_0085_ev00292_rec0","no",504311
293,0,16.7117,-303.361704005266,-322.425411519952,-19.0637075146863,1.24999999999886,5.34999999999997,5.20000000000209,-284.399520437659,-43.1313506425167,10.2943845711409,113.45003127516,16.71045,16.7091,334234,"2026_06_04_0085","2026_06_04_0085_ev00293_rec0","no",504312
294,0,16.7774,-281.89125388681,-342.271752172699,-60.3804982858895,1.95000000000078,9.25000000000154,8.39999999999819,-278.707777382234,-71.7170023828871,8.11790120192774,-635.34046238331,16.77565,16.77365,335548,"2026_06_04_0085","2026_06_04_0085_ev00294_rec0","no",504313
295,0,16.82405,-292.290162664476,-297.377087000861,-5.08692433638475,0.150000000001427,0.250000000001194,0,271685.042450947,-271977.413557133,374749.978815503,323.505076730677,16.82405,16.8233,336481,"2026_06_04_0085","2026_06_04_0085_ev00295_rec0","no",504314
296,0,16.90915,-327.372508805347,-457.01515149947,-129.642642694122,5.44999999999973,10.8500000000014,8.7500000000027,-333.339656927152,-136.206901387385,7.44492438176031,-1750.53396452733,16.90865,16.9029,338183,"2026_06_04_0085","2026_06_04_0085_ev00296_rec0","no",504315
297,0,16.934,-325.914605627726,-361.816233982426,-35.9016283547001,2.34999999999985,4.54999999999828,5.34999999999997,-335.564067056274,-31.6462724431476,2.4667690584875,-437.716251249094,16.9339,16.93055,338680,"2026_06_04_0085","2026_06_04_0085_ev00297_rec0","no",504316
298,0,16.95815,-337.423241627791,-345.902199470666,-8.47895784287488,0.800000000001688,1.20000000000076,0.999999999997669,-325.176792376146,-25.3010496713638,2.04609733674618,311.093527300364,16.95815,16.95725,339163,"2026_06_04_0085","2026_06_04_0085_ev00298_rec0","no",504317
299,0,16.97795,-326.747892904024,-329.446767661308,-2.69887475728353,0,1.69999999999959,1.54999999999816,-322.17801562276,-12.6819207699394,1.87854520394526,110.928823727161,16.9777,16.9775,339559,"2026_06_04_0085","2026_06_04_0085_ev00299_rec0","no",504318
300,0,17.02545,-332.997587877211,-355.351506246124,-22.3539183689136,3.35000000000107,16.1000000000016,16.7000000000002,214516.389459097,-214870.234711185,285513.094238829,-385.169622363224,17.023,17.0194,340509,"2026_06_04_0085","2026_06_04_0085_ev00300_rec0","no",504319
301,0,17.06205,-325.817915839291,-367.285955640746,-41.4680398014551,1.20000000000076,3.99999999999778,4.59999999999994,-332.406527311669,-33.3570363388083,3.4341177025176,-346.739374545021,17.0618,17.0605,341241,"2026_06_04_0085","2026_06_04_0085_ev00301_rec0","no",504320
302,0,17.0851,-338.799724566848,-344.42200563408,-5.62228106723239,0.350000000000961,0.999999999997669,0,272925.36802937,-273265.124655646,544908.256115527,190.46657983455,17.0846,17.0836,341702,"2026_06_04_0085","2026_06_04_0085_ev00302_rec0","no",504321
303,0,17.10045,-325.824225504069,-356.114324741686,-30.2900992376174,0.750000000000028,4.89999999999924,4.59999999999994,-315.326502756216,-56.4118779983978,4.83117314285116,3.62446773224133,17.09975,17.09895,342009,"2026_06_04_0085","2026_06_04_0085_ev00303_rec0","no",504322
304,0,17.1482,-324.718841992314,-353.143796699786,-28.424954707472,3.94999999999968,9.29999999999964,10.0999999999978,524704.341181862,-525053.574062487,378843.475231163,-187.310559374383,17.14775,17.14175,342964,"2026_06_04_0085","2026_06_04_0085_ev00304_rec0","no",504323
305,0,17.1868,-314.205317029288,-333.485332018798,-19.2800149895103,2.09999999999866,33.100000000001,30.0000000000011,-145538.814516392,145229.035514493,406780.995109178,-68.85051107262,17.1857,17.1833,343736,"2026_06_04_0085","2026_06_04_0085_ev00305_rec0","no",504324
306,0,17.21335,-304.819614671839,-347.537938416417,-42.7183237445779,2.34999999999985,7.54999999999839,11.5000000000016,-318.060004614025,-29.7723119047545,4.68708669299328,-602.253459976297,17.21325,17.2109,344267,"2026_06_04_0085","2026_06_04_0085_ev00306_rec0","no",504325
307,0,17.2631,-299.117447356751,-323.39890498884,-24.2814576320894,2.05000000000055,9.24999999999798,30.0000000000011,-310.706665451297,-18.8309733140837,2.02368650953972,-431.397035562672,17.26295,17.2606,345262,"2026_06_04_0085","2026_06_04_0085_ev00307_rec0","no",504326
308,0,17.28945,-299.11768343759,-329.906734310902,-30.7890508733121,7.10000000000122,7.00000000000145,5.8499999999988,-305.869492056705,-29.6000876090603,3.14614675328274,-451.888948062542,17.2882,17.2811,345789,"2026_06_04_0085","2026_06_04_0085_ev00308_rec0","no",504327
309,0,17.32025,-316.370631519683,-334.003196771792,-17.6325652521088,0.550000000000495,0.599999999998602,0,140751.513241892,-141073.106354384,230497.918368089,104.803040252031,17.3196,17.31875,346405,"2026_06_04_0085","2026_06_04_0085_ev00309_rec0","no",504328
310,0,17.33735,-307.060710074778,-326.853255639228,-19.7925455644502,3.19999999999965,3.69999999999848,0,-303.882788975743,-7.6288077053275,4.37544933343609,3.53305298002185,17.337,17.3319,346747,"2026_06_04_0085","2026_06_04_0085_ev00310_rec0","no",504329
311,0,17.3681,-302.581546827663,-326.605536392753,-24.02398956509,3.55000000000061,12.2500000000016,11.1999999999988,621762.830748763,-622090.330950696,434547.336494538,-188.506420607341,17.36775,17.3642,347362,"2026_06_04_0085","2026_06_04_0085_ev00311_rec0","no",504330
312,0,17.4263,-298.468640988958,-321.792687643562,-23.3240466546036,3.49999999999895,1.30000000000052,1.95000000000078,132425.582524142,-132733.966819432,201876.583295258,-38.9886636680458,17.4261,17.42035,348526,"2026_06_04_0085","2026_06_04_0085_ev00312_rec0","no",504331
313,0,17.48145,-319.395088982558,-716.156421288759,-396.7613323062,6.25000000000142,28.0500000000004,19.7499999999984,593.667794580182,-1342.97415801203,83.4476675950051,-10738.1141780198,17.47475,17.46785,349629,"2026_06_04_0085","2026_06_04_0085_ev00313_rec0","no",504332
314,0,17.5638,-319.060080157221,-328.897822800187,-9.83774264296505,0.949999999999562,4.49999999999662,2.55000000000294,-307.50933795207,-38.9964750520372,2.7169385783279,217.783769011564,17.5623,17.5608,351276,"2026_06_04_0085","2026_06_04_0085_ev00314_rec0","no",504333
315,0,17.59435,-312.705204475516,-324.057177800573,-11.3519733250573,0.200000000003087,4.1000000000011,2.60000000000105,-303.261919319624,-29.2111035207478,3.38621271143153,122.0347678967,17.59,17.58915,351887,"2026_06_04_0085","2026_06_04_0085_ev00315_rec0","no",504334
316,0,17.6341,-305.775997844021,-310.219354436247,-4.44335659222526,0.199999999999534,3.90000000000157,3.74999999999659,-233.062589839852,-80.5042638855001,47.2036230906182,391.261770953601,17.6334,17.633,352682,"2026_06_04_0085","2026_06_04_0085_ev00316_rec0","no",504335
317,0,17.673,-293.279740932874,-309.564083277988,-16.2843423451142,2.60000000000105,1.89999999999912,3.00000000000011,-298.451617987827,-2.27322098604646,3.06962652287987,-193.532003718113,17.6728,17.6702,353460,"2026_06_04_0085","2026_06_04_0085_ev00317_rec0","no",504336
318,0,17.7062,-295.485856281975,-322.155058982131,-26.6692027001558,1.4499999999984,5.15000000000043,4.04999999999944,-294.262044350568,-35.1607115787094,3.49147823593887,-130.985432720526,17.7052,17.70375,354124,"2026_06_04_0085","2026_06_04_0085_ev00318_rec0","no",504337
319,0,17.751,-302.407536151131,-331.520733893529,-29.1131977423973,7.35000000000241,10.6500000000018,8.80000000000081,-302.738275549383,-31.9132355671003,7.8617542981951,-347.210888486106,17.75075,17.7434,355020,"2026_06_04_0085","2026_06_04_0085_ev00319_rec0","no",504338
320,0,17.7857,-307.925021183332,-315.723215508324,-7.79819432499215,0.199999999999534,4.6500000000016,4.14999999999921,-280.685187743773,-39.7724096161398,14.9453458628254,291.872662836993,17.7846,17.7842,355714,"2026_06_04_0085","2026_06_04_0085_ev00320_rec0","no",504339
321,0,17.8233,-299.138500889107,-336.470373059293,-37.3318721701863,2.95000000000201,9.80000000000203,8.35000000000008,-299.764561885574,-42.1637385052586,7.17780205171976,-448.537500778053,17.82115,17.8165,356466,"2026_06_04_0085","2026_06_04_0085_ev00321_rec0","no",504340
322,0,17.91415,-297.931755459894,-340.582060355347,-42.6503048954523,5.15000000000043,12.4999999999993,10.8999999999995,-200.165637868495,-139.619218257377,52.6147777010317,-420.093294065233,17.9141,17.9085,358283,"2026_06_04_0085","2026_06_04_0085_ev00322_rec0","no",504341
323,0,17.9921,-292.031459493392,-311.023740835261,-18.9922813418698,2.15000000000032,13.0499999999998,10.3000000000009,-1660609.62037767,1660330.64631941,852923.965693825,-518.04569634618,17.9908,17.98805,359842,"2026_06_04_0085","2026_06_04_0085_ev00323_rec0","no",504342
324,0,18.02215,-306.526769577525,-375.4591701748,-68.9324005972751,5.30000000000186,17.7499999999995,16.7999999999999,249579.582261455,-249948.128373549,115065.857130362,-1174.60754325732,18.0217,18.01635,360443,"2026_06_04_0085","2026_06_04_0085_ev00324_rec0","no",504343
325,0,18.0653,-313.400192051208,-327.095309523929,-13.6951174727206,0.399999999999068,0.449999999997175,0,135770.980482382,-136086.301531598,151002.682735768,343.124593955799,18.0653,18.0645,361306,"2026_06_04_0085","2026_06_04_0085_ev00325_rec0","no",504344
326,0,18.11485,-302.268706467214,-305.699192942733,-3.43048647551956,0.10000000000332,1.30000000000052,1.10000000000099,-280.947798887977,-27.2949344617185,5.75159428190695,480.356697033496,18.1143,18.11385,362297,"2026_06_04_0085","2026_06_04_0085_ev00326_rec0","no",504345
327,0,18.20655,-274.153389521453,-293.979558185314,-19.8261686638605,4.55000000000183,8.44999999999985,9.49999999999918,-279.208845037,-15.8761144213171,4.89608343401332,-306.236818578965,18.20405,18.19805,364131,"2026_06_04_0085","2026_06_04_0085_ev00327_rec0","no",504346
328,0,18.23755,-281.434771767127,-288.935453456032,-7.50068168890499,0.0999999999997669,0.0500000000016598,0.799999999998136,-268.594332968154,-16.0205554480482,30.3887275167571,78.0569352198148,18.23755,18.2372,364751,"2026_06_04_0085","2026_06_04_0085_ev00328_rec0","no",504347
329,0,18.3408,-283.619551422566,-293.545889071112,-9.92633764854588,1.09999999999744,2.59999999999749,3.35000000000107,-281.804608278013,-13.2569756037476,3.79335679533938,-5.56631214773673,18.34025,18.33915,366816,"2026_06_04_0085","2026_06_04_0085_ev00329_rec0","no",504348
330,0,18.3664,-285.690127846873,-288.86396857484,-3.17384072796688,0.150000000001427,2.10000000000221,1.54999999999816,-273.186427907889,-16.291541561873,8.97253805550539,232.492623606224,18.36575,18.3656,367328,"2026_06_04_0085","2026_06_04_0085_ev00330_rec0","no",504349
331,0,18.4045,-280.710968381133,-313.081510382139,-32.3705420010058,1.20000000000076,5.20000000000209,6.29999999999953,-279.108472957647,-33.2041203989065,7.03032401918867,-204.900461362609,18.4042,18.40285,368090,"2026_06_04_0085","2026_06_04_0085_ev00331_rec0","no",504350
332,0,18.4351,-287.646057917744,-302.032337583011,-14.386279665267,0.450000000000728,1.00000000000122,1.50000000000006,-274.809880466436,-21.5711971118571,8.61005467000906,195.723309799535,18.4346,18.43355,368702,"2026_06_04_0085","2026_06_04_0085_ev00332_rec0","no",504351
333,0,18.4761,-281.296609998359,-294.344226401489,-13.0476164031296,1.45000000000195,4.6999999999997,4.24999999999898,-276.471892346204,-17.5250509690927,7.16643253226808,-4.14636546811104,18.47525,18.4732,369522,"2026_06_04_0085","2026_06_04_0085_ev00333_rec0","no",504352
334,0,18.5605,-292.002829873526,-305.86962048132,-13.8667906077941,2.15000000000032,5.70000000000093,8.54999999999961,-289.419567113836,-14.2079153896761,13.980849596044,-134.889907414023,18.55845,18.5563,371210,"2026_06_04_0085","2026_06_04_0085_ev00334_rec0","no",504353
335,0,18.58925,-288.099103964728,-309.327575613594,-21.2284716488654,0.0999999999997669,1.4499999999984,2.44999999999962,-281.428096342328,-20.3190351910301,7.33304900995612,49.7949347313431,18.58905,18.58895,371785,"2026_06_04_0085","2026_06_04_0085_ev00335_rec0","no",504354
336,0,18.647,-279.509134184432,-293.037799088517,-13.5286649040852,1.99999999999889,29.6500000000002,30.0000000000011,69784.8556397578,-70077.7818144573,254543.822791657,-439.562816338203,18.63705,18.6329,372940,"2026_06_04_0085","2026_06_04_0085_ev00336_rec0","no",504355
337,0,18.69705,-288.015313417675,-336.128151263378,-48.1128378457033,5.69999999999737,11.1999999999988,6.70000000000215,-288.352766736798,-55.7568930521286,5.76287331527592,-604.487345449025,18.69395,18.6881,373941,"2026_06_04_0085","2026_06_04_0085_ev00337_rec0","no",504356
338,0,18.7493,-294.216742603673,-318.846249215856,-24.6295066121832,1.00000000000122,2.84999999999869,3.8000000000018,-273.053758876184,-38.2533454891839,16.1696596941663,66.8862542382643,18.74785,18.74655,374986,"2026_06_04_0085","2026_06_04_0085_ev00338_rec0","no",504357
339,0,18.7958,-293.869103151893,-309.703298634048,-15.8341954821548,0.449999999997175,2.49999999999773,2.049999999997,-295.711484946676,-13.8073544464572,1.67763150480879,-92.6410793679965,18.7955,18.7936,375916,"2026_06_04_0085","2026_06_04_0085_ev00339_rec0","no",504358
340,0,18.84945,-283.907037509909,-303.420851508715,-19.5138139988064,0.949999999999562,7.25000000000264,7.25000000000264,-274.506993475264,-32.8494714929918,10.6449021497665,-75.703939951999,18.8486,18.8474,376989,"2026_06_04_0085","2026_06_04_0085_ev00340_rec0","no",504359
341,0,18.92745,-283.689073968134,-296.050815002174,-12.3617410340407,0.250000000001194,2.29999999999819,3.15000000000154,-279.927237846499,-11.4456464028919,9.9416321061147,-5.28599768694487,18.92665,18.9264,378549,"2026_06_04_0085","2026_06_04_0085_ev00341_rec0","no",504360
342,0,18.95095,-281.823824792977,-297.065957070145,-15.2421322771672,0.0999999999997669,0.0500000000016598,0,-271.650710204082,-12.1839869088492,13.2854267866705,159.513420889104,18.95095,18.95085,379019,"2026_06_04_0085","2026_06_04_0085_ev00342_rec0","no",504361
343,0,18.99725,-275.941440829693,-286.814775722228,-10.8733348925351,0.600000000002154,33.1499999999991,30.0000000000011,-283.484097092624,-8.91776693781562,4.16608541554572,-311.80446081441,18.9944,18.99365,379945,"2026_06_04_0085","2026_06_04_0085_ev00343_rec0","no",504362
344,0,19.0844,-282.483665565873,-307.443105479526,-24.9594399136528,1.95000000000078,12.0000000000005,30.0000000000011,-292.76404267829,-26.1368581234533,3.42345111316475,-493.711758863177,19.0818,19.0796,381688,"2026_06_04_0085","2026_06_04_0085_ev00344_rec0","no",504363
345,0,19.1134,-282.559678283573,-310.419943333765,-27.8602650501919,4.84999999999758,15.6499999999973,30.0000000000011,-293.129871341953,-23.7564220429361,5.49677529374063,-593.282848098598,19.111,19.10585,382268,"2026_06_04_0085","2026_06_04_0085_ev00345_rec0","no",504364
346,0,19.1391,-282.13988014861,-302.581467561015,-20.4415874124053,3.15000000000154,10.749999999998,9.75000000000037,-274.074071698556,-32.5490962028017,13.2658554346543,-213.876724252207,19.1387,19.1353,382782,"2026_06_04_0085","2026_06_04_0085_ev00346_rec0","no",504365
347,0,19.22425,-285.650803258196,-292.809923782879,-7.1591205246836,0.299999999999301,0.0999999999997669,0,-276.842675012062,-10.5343117359458,3.30541001781565,228.569499831825,19.22425,19.22395,384485,"2026_06_04_0085","2026_06_04_0085_ev00347_rec0","no",504366
348,0,19.36565,-275.214690981896,-291.150322160177,-15.935631178281,0.599999999998602,5.34999999999997,9.9499999999999,-279.775526385199,-9.05378851033296,5.18945472679603,-200.359134063023,19.3652,19.3642,387313,"2026_06_04_0085","2026_06_04_0085_ev00348_rec0","no",504367
349,0,19.45835,-285.135343698551,-288.055988523762,-2.92064482521141,0.200000000003087,0.350000000000961,0,-275.250500610676,-10.7617158542437,16.5967493304496,145.912336402862,19.45805,19.45785,389167,"2026_06_04_0085","2026_06_04_0085_ev00349_rec0","no",504368
350,0,19.515,-287.369544571838,-307.410278396357,-20.0407338245188,1.84999999999746,4.75000000000136,5.80000000000069,-265.666276888389,-36.196764522984,26.6449238418609,-22.9276164624042,19.5148,19.5125,390300,"2026_06_04_0085","2026_06_04_0085_ev00350_rec0","no",504369
351,0,19.5842,-281.207527865605,-299.890252469278,-18.6827246036734,0.700000000001921,3.09999999999988,4.34999999999874,-280.696163244376,-16.465493173182,5.46217198424999,-87.3476566449848,19.58375,19.583,391684,"2026_06_04_0085","2026_06_04_0085_ev00351_rec0","no",504370
352,0,19.6414,-283.885885319635,-287.458952086065,-3.57306676642935,0.0999999999997669,20.8000000000013,19.5500000000024,-157399.141379045,157121.160015849,425080.867276325,10.5962924552531,19.6414,19.6413,392828,"2026_06_04_0085","2026_06_04_0085_ev00352_rec0","no",504371
353,0,19.6763,-281.690029361029,-302.103835449285,-20.4138060882564,6.55000000000072,26.8499999999996,20.6000000000017,-270.807981556676,-38.0288446159491,28.440731137188,-551.540096356483,19.673,19.66535,393526,"2026_06_04_0085","2026_06_04_0085_ev00353_rec0","no",504372
354,0,19.734,-294.215908247408,-307.229335592499,-13.0134273450911,1.95000000000078,1.69999999999959,0,-275.812329386266,-19.423551826025,8.07341448764467,398.31354591886,19.734,19.732,394680,"2026_06_04_0085","2026_06_04_0085_ev00354_rec0","no",504373
355,0,19.779,-275.528187386457,-306.638895307837,-31.1107079213799,4.3500000000023,11.4999999999981,8.64999999999938,-275.634431925624,-27.0997999862043,9.97916896534905,-412.230598319118,19.776,19.77155,395580,"2026_06_04_0085","2026_06_04_0085_ev00355_rec0","no",504374
356,0,19.8872,-281.321341379218,-288.464726899972,-7.14338552075333,0.0999999999997669,30.5999999999997,29.9999999999976,-285.08152635835,-6.69171888063792,1.04455837327253,-124.602675600082,19.88665,19.88655,397744,"2026_06_04_0085","2026_06_04_0085_ev00356_rec0","no",504375
357,0,19.9147,-276.215116463165,-298.274479850436,-22.0593633872703,2.20000000000198,28.3999999999978,29.9499999999995,35210.2767898071,-35507.2984657908,84152.3380364835,-546.224959936239,19.9116,19.9094,398294,"2026_06_04_0085","2026_06_04_0085_ev00357_rec0","no",504376
358,0,20.0227,-280.032172052913,-299.704952308961,-19.6727802560478,2.25000000000009,9.49999999999918,9.29999999999964,-276.924791441121,-23.3224513392639,11.4968649338564,-197.92687617165,20.02175,20.01925,400454,"2026_06_04_0085","2026_06_04_0085_ev00358_rec0","no",504377
359,0,20.10925,-305.40207653843,-378.971979870205,-73.5699033317749,6.90000000000168,18.1499999999986,15.7500000000006,-30.7344518475737,-360.609890231273,88.5799533568642,-1354.57717394615,20.1075,20.10025,402185,"2026_06_04_0085","2026_06_04_0085_ev00359_rec0","no",504378
360,0,20.23245,-282.896896927023,-300.477570503956,-17.5806735769331,1.85000000000102,10.349999999999,13.1000000000014,-277.999997103964,-23.9499425075442,17.6293512143291,-264.082856493264,20.22975,20.22775,404649,"2026_06_04_0085","2026_06_04_0085_ev00360_rec0","no",504379
361,0,20.25765,-285.125037376698,-290.34953948974,-5.22450211304221,0.0500000000016598,0.250000000001194,0.399999999999068,-280.866557479483,-7.10420617355034,3.04465466700431,105.129192514911,20.25745,20.2574,405153,"2026_06_04_0085","2026_06_04_0085_ev00361_rec0","no",504380
362,0,20.31355,-289.75721368381,-312.234380575216,-22.4771668914063,0.599999999998602,4.50000000000017,5.05000000000067,-277.208141246173,-37.0382107256006,8.76321455306507,45.8934038917919,20.3132,20.31245,406271,"2026_06_04_0085","2026_06_04_0085_ev00362_rec0","no",504381
363,0,20.36755,-287.734600281619,-316.621273253985,-28.8866729723661,1.40000000000029,6.94999999999979,9.050000000002,-264.710747200447,-47.2109013098243,26.8171073019562,-202.444063548005,20.36715,20.36335,407351,"2026_06_04_0085","2026_06_04_0085_ev00363_rec0","no",504382
364,0,20.40135,-279.82129731412,-294.214386440491,-14.3930891263711,0.849999999999795,6.09999999999999,8.60000000000127,-277.470429888881,-14.2313708650296,13.9371906392402,-123.304955792733,20.40065,20.3998,408027,"2026_06_04_0085","2026_06_04_0085_ev00364_rec0","no",504383
365,0,20.4298,-272.036366518675,-278.85017645454,-6.81380993586464,0.399999999999068,20.4500000000003,27.000000000001,-273.14120060304,-9.37539783760025,14.2768809244544,-157.730053317703,20.4295,20.4291,408596,"2026_06_04_0085","2026_06_04_0085_ev00365_rec0","no",504384
366,0,20.4766,-283.908485083812,-319.287613093374,-35.379128009562,3.8000000000018,8.80000000000081,9.3500000000013,-276.405985301753,-37.2061117130525,15.7753324832196,-358.475545823793,20.4759,20.4713,409532,"2026_06_04_0085","2026_06_04_0085_ev00366_rec0","no",504385
367,0,20.5311,-283.190415612063,-291.707852703494,-8.51743709143039,1.75000000000125,10.0000000000016,3.79999999999825,-283.835265413019,-11.9824411399378,2.43522588544953,-143.063491254394,20.52385,20.52185,410622,"2026_06_04_0085","2026_06_04_0085_ev00367_rec0","no",504386
368,0,20.56065,-280.612869576187,-296.055665072471,-15.4427954962843,2.09999999999866,12.6000000000026,29.9999999999976,-286.958800367034,-12.9139893374051,4.271080536702,-290.811468778642,20.55965,20.5574,411213,"2026_06_04_0085","2026_06_04_0085_ev00368_rec0","no",504387
369,0,20.5895,-289.949634437454,-292.356213894893,-2.40657945743931,0,30.0000000000011,30.0000000000011,-152288.315816765,152006.113666543,585323.432880231,115.848890347482,20.5895,20.5894,411790,"2026_06_04_0085","2026_06_04_0085_ev00369_rec0","no",504388
370,0,20.68675,-279.99396118755,-300.034834743402,-20.0408735558522,0.199999999999534,6.85000000000002,10.5000000000004,-286.087677962734,-18.5291246482117,3.98292924169133,-272.533082245656,20.6862,20.6858,413735,"2026_06_04_0085","2026_06_04_0085_ev00370_rec0","no",504389
371,0,20.7183,-285.549176472959,-302.440528252412,-16.8913517794531,0.149999999997874,1.1499999999991,1.79999999999936,-282.795511317501,-15.2951864395277,3.36018196238762,25.5895303201028,20.7179,20.71775,414366,"2026_06_04_0085","2026_06_04_0085_ev00371_rec0","no",504390
372,0,20.81165,-289.409384318302,-298.694101268854,-9.2847169505518,0.499999999998835,1.34999999999863,2.80000000000058,57961.5442162636,-58256.0757359186,96899.8211253201,110.451931320242,20.81145,20.8105,416233,"2026_06_04_0085","2026_06_04_0085_ev00372_rec0","no",504391
373,0,20.8507,-279.291140044173,-302.135885731252,-22.8447456870794,1.69999999999959,9.00000000000034,10.9499999999976,-286.722196228048,-17.6320044824054,3.8526473812708,-363.266328340182,20.84895,20.8466,417014,"2026_06_04_0085","2026_06_04_0085_ev00373_rec0","no",504392
374,0,20.87855,-294.037391916879,-299.157427703497,-5.12003578661819,0.650000000000261,2.44999999999962,1.30000000000052,-280.745673020921,-18.1947229057531,7.28786286778299,264.941614697682,20.8782,20.87705,417571,"2026_06_04_0085","2026_06_04_0085_ev00374_rec0","no",504393
375,0,20.93855,-286.999389684748,-295.935054062084,-8.93566437733568,0.0999999999997669,12.0500000000021,13.8999999999996,4879.17829807057,-5176.34578360776,10462.9294943062,-89.875818501496,20.93805,20.93795,418771,"2026_06_04_0085","2026_06_04_0085_ev00375_rec0","no",504394
376,0,20.99575,-283.925186613915,-298.263694524217,-14.3385079103025,0.849999999999795,12.5500000000009,8.80000000000081,-274.824489309307,-30.1334186491776,11.9234669837958,-190.327346316279,20.9908,20.9867,419915,"2026_06_04_0085","2026_06_04_0085_ev00376_rec0","no",504395
377,0,21.1147,-278.231306183381,-324.870764451698,-46.6394582683164,3.84999999999991,19.400000000001,19.8499999999981,-277.21976754732,-57.2175994841236,17.3943896818707,-1027.33338861779,21.11125,21.1073,422294,"2026_06_04_0085","2026_06_04_0085_ev00377_rec0","no",504396
378,0,21.1737,-281.493621857922,-307.463221467734,-25.9695996098116,0.699999999998369,5.74999999999903,8.00000000000267,-280.214289581687,-24.1696142549165,10.0243782682757,-202.191733538424,21.1737,21.1729,423474,"2026_06_04_0085","2026_06_04_0085_ev00378_rec0","no",504397
379,0,21.2046,-296.167894573993,-302.377550345699,-6.20965577170563,0.40000000000262,0.450000000000728,0.149999999997874,-285.392218407238,-13.7193013220187,3.29684698490144,277.72116234416,21.2045,21.2041,424092,"2026_06_04_0085","2026_06_04_0085_ev00379_rec0","no",504398
380,0,21.2202,-287.403200522385,-298.947883105316,-11.544682582931,0.900000000001455,2.19999999999843,1.69999999999959,-278.314585259273,-16.9639998443655,7.17712866194808,146.341163343934,21.22,21.21885,424404,"2026_06_04_0085","2026_06_04_0085_ev00380_rec0","no",504399
381,0,21.2769,-280.211206627304,-300.655493500408,-20.444286873104,1.50000000000006,3.05000000000177,4.6999999999997,-277.069060378334,-15.8675968271693,11.8970732874302,-96.1341067219443,21.2769,21.2748,425538,"2026_06_04_0085","2026_06_04_0085_ev00381_rec0","no",504400
382,0,21.3626,-282.723429033906,-289.328398124624,-6.60496909071759,0.250000000001194,1.99999999999889,1.35000000000218,-280.963884180415,-6.1133490448971,3.54577474707438,25.1167042875339,21.36215,21.3605,427252,"2026_06_04_0085","2026_06_04_0085_ev00382_rec0","no",504401
383,0,21.41215,-287.366585137884,-289.529470580158,-2.16288544227342,0.399999999999068,30.0499999999992,30.0000000000011,-33782.7825648515,33501.0775646562,378412.564247489,129.783837056271,21.41155,21.4108,428243,"2026_06_04_0085","2026_06_04_0085_ev00383_rec0","no",504402
384,0,21.4409,-276.03512629261,-292.575229490208,-16.5401031975986,4.85000000000113,11.5000000000016,10.9499999999976,-277.196246391248,-16.1116285469618,9.27298627904774,-247.302062240748,21.44005,21.43495,428818,"2026_06_04_0085","2026_06_04_0085_ev00384_rec0","no",504403
385,0,21.49845,-274.97391776823,-301.348485000297,-26.3745672320677,0.550000000000495,11.2500000000004,8.84999999999891,-278.259472660723,-21.9173849234749,7.2387166245881,-378.88448392722,21.493,21.4913,429969,"2026_06_04_0085","2026_06_04_0085_ev00385_rec0","no",504404
386,0,21.5313,-277.700928708493,-285.643098296372,-7.94216958787842,0.699999999998369,0.299999999999301,0,-25575.5404466062,25293.5835543205,158623.416741838,-209.221001014277,21.53095,21.53025,430626,"2026_06_04_0085","2026_06_04_0085_ev00386_rec0","no",504405
387,0,21.553,-289.593104196175,-296.229578230466,-6.63647403429053,0.399999999999068,0.849999999999795,1.00000000000122,-276.54211852081,-17.3614725983786,9.04460602832562,238.336491013291,21.553,21.5526,431060,"2026_06_04_0085","2026_06_04_0085_ev00387_rec0","no",504406
388,0,21.67265,-281.989100047291,-300.020584054204,-18.0314840069136,3.19999999999965,6.94999999999979,7.14999999999932,-271.683578556136,-22.7587499382369,24.4050412875881,-147.560605524057,21.67125,21.6676,433453,"2026_06_04_0085","2026_06_04_0085_ev00388_rec0","no",504407
389,0,21.74265,-283.590526613299,-291.979939180245,-8.38941256694625,0.699999999998369,6.85000000000002,6.55000000000072,-283.408990187563,-15.8417613875728,4.15430847528618,-74.1531511294954,21.7418,21.7408,434853,"2026_06_04_0085","2026_06_04_0085_ev00389_rec0","no",504408
390,0,21.79515,-288.578395907787,-294.48684878613,-5.90845287834333,0.650000000000261,7.54999999999839,2.74999999999892,-179706.157447709,179416.268715286,567329.565022067,-214.557740257303,21.79155,21.7891,435903,"2026_06_04_0085","2026_06_04_0085_ev00390_rec0","no",504409
391,0,21.81575,-285.453086480597,-314.364365326288,-28.9112788456908,1.00000000000122,5.70000000000093,8.25000000000031,-294.308156689352,-21.5833261323337,3.34332266071015,-367.233360733578,21.81565,21.8144,436315,"2026_06_04_0085","2026_06_04_0085_ev00391_rec0","no",504410
392,0,21.8342,-289.279457712255,-299.267924365761,-9.9884666535059,0.700000000001921,7.69999999999982,8.39999999999819,-291.790805817763,-16.9350884962782,3.14921390267746,-149.41263166451,21.83315,21.83245,436684,"2026_06_04_0085","2026_06_04_0085_ev00392_rec0","no",504411
393,0,21.91865,-287.11554499729,-294.196768096109,-7.08122309881878,0.150000000001427,0.350000000000961,0.650000000000261,-280.033698888857,-10.511392345443,8.34078575827603,125.737762964793,21.9185,21.91825,438373,"2026_06_04_0085","2026_06_04_0085_ev00393_rec0","no",504412
394,0,22.14855,-282.298028495772,-306.879910955729,-24.5818824599568,8.40000000000174,1.99999999999889,0,-302.98765700321,1.51812885902328,29.1698776116468,-777.506570918808,22.1481,22.1379,442971,"2026_06_04_0085","2026_06_04_0085_ev00394_rec0","no",504413
395,0,22.1662,-297.168165615378,-324.071463863771,-26.9032982483929,1.30000000000052,4.4000000000004,4.75000000000136,-272.042428165032,-50.0495469554868,13.3980060083521,131.967413814877,22.16605,22.1646,443324,"2026_06_04_0085","2026_06_04_0085_ev00395_rec0","no",504414
396,0,22.24855,-294.251711505526,-310.085855193022,-15.8341436874965,0.299999999999301,0.949999999999562,0.250000000001194,-278.083269914954,-22.5095869168387,11.7936322312982,234.052780280521,22.24745,22.2471,444971,"2026_06_04_0085","2026_06_04_0085_ev00396_rec0","no",504415
397,0,22.32115,-278.701114463445,-286.39193862546,-7.69082416201479,2.00000000000244,20.5500000000001,29.9999999999976,-282.399130358457,-10.9998141157915,4.33433317661002,-196.077035465256,22.31985,22.3172,446423,"2026_06_04_0085","2026_06_04_0085_ev00397_rec0","no",504416
398,0,22.34475,-279.738380386846,-285.823195534389,-6.08481514754362,0.0499999999981071,18.7999999999988,10.0000000000016,-298.979599426589,17.9838228950411,175.883208797899,-84.9696957101234,22.3443,22.34425,446895,"2026_06_04_0085","2026_06_04_0085_ev00398_rec0","no",504417
399,0,22.36045,-282.205512030492,-289.580953783939,-7.37544175344686,0.199999999999534,3.35000000000107,5.20000000000209,-265.995833454519,-21.3365714014099,43.5363677908432,21.5296420407186,22.36045,22.36005,447209,"2026_06_04_0085","2026_06_04_0085_ev00399_rec0","no",504418
400,0,22.43565,-293.05411994603,-307.255514731802,-14.201394785772,1.84999999999746,4.6999999999997,2.54999999999939,-285.031438461741,-22.2750921170572,4.94008045442714,102.568508906981,22.4327,22.43065,448713,"2026_06_04_0085","2026_06_04_0085_ev00400_rec0","no",504419
401,0,22.52245,-287.539662559137,-303.112122607304,-15.5724600481671,1.75000000000125,7.00000000000145,6.75000000000026,-284.303184633963,-24.0083697245147,6.88860800089423,-92.896309198996,22.5217,22.5178,450449,"2026_06_04_0085","2026_06_04_0085_ev00401_rec0","no",504420
402,0,22.65115,-295.548482774717,-308.01890380477,-12.4704210300537,1.89999999999912,7.25000000000264,6.05000000000189,-281.827437712593,-33.2748120032577,10.155655521851,64.7892599335494,22.6506,22.64835,453023,"2026_06_04_0085","2026_06_04_0085_ev00402_rec0","no",504421
403,0,22.7519,-277.786553222657,-333.327033297016,-55.5404800743594,4.24999999999898,11.8000000000009,11.7999999999974,-280.606290045135,-56.8050502111312,10.1312986211859,-825.368297310049,22.75055,22.7461,455038,"2026_06_04_0085","2026_06_04_0085_ev00403_rec0","no",504422
404,0,22.8472,-281.838168083115,-309.501746107836,-27.6635780247206,1.00000000000122,15.2999999999999,15.2999999999999,132732.133914744,-133039.695604345,131495.531442075,-403.342881114592,22.84435,22.8433,456944,"2026_06_04_0085","2026_06_04_0085_ev00404_rec0","no",504423
405,0,22.9293,-285.18778582497,-322.782139878472,-37.5943540535018,4.34999999999874,9.10000000000011,9.6500000000006,-275.505704978874,-40.270221717639,18.0441590285301,-399.559218853534,22.92885,22.9244,458586,"2026_06_04_0085","2026_06_04_0085_ev00405_rec0","no",504424
406,0,23.00205,-281.385618608995,-300.573606161907,-19.1879875529121,1.04999999999933,8.44999999999985,30.0000000000011,-288.632842529178,-17.4634343493698,3.58679494765038,-301.454395574978,23.00175,23.0007,460041,"2026_06_04_0085","2026_06_04_0085_ev00406_rec0","no",504425
407,0,23.0353,-286.914228240998,-296.192134936874,-9.27790669587642,0.600000000002154,5.15000000000043,5.64999999999927,-285.884152702554,-14.828761595153,4.70849768818299,-46.1083009544751,23.0352,23.0346,460706,"2026_06_04_0085","2026_06_04_0085_ev00407_rec0","no",504426
408,0,23.1039,-284.892892367252,-317.068022857701,-32.1751304904494,3.00000000000011,7.04999999999956,6.54999999999717,-282.109520382048,-30.799175476022,8.8272781685978,-273.459303063536,23.1025,23.09905,462078,"2026_06_04_0085","2026_06_04_0085_ev00408_rec0","no",504427
409,0,23.16195,-286.854245757217,-308.387502904382,-21.5332571471651,2.64999999999915,4.64999999999804,7.75000000000148,-294.080742090141,-15.208196602377,2.56868912238598,-322.154671715787,23.1606,23.1577,463239,"2026_06_04_0085","2026_06_04_0085_ev00409_rec0","no",504428
410,0,23.1866,-285.653288509075,-297.08126341896,-11.4279749098845,0.500000000002387,10.4499999999987,11.3500000000002,-280.43474091432,-22.1633681983271,13.3356077702789,-129.521001636517,23.18535,23.18485,463732,"2026_06_04_0085","2026_06_04_0085_ev00410_rec0","no",504429
411,0,23.2852,-281.119305306183,-286.794064806822,-5.6747595006384,8.00000000000267,28.5499999999992,29.9999999999976,-282.731742435237,-15.4856065120659,9.34587542449334,-288.01332619506,23.28315,23.27365,465704,"2026_06_04_0085","2026_06_04_0085_ev00411_rec0","no",504430
412,0,23.37005,-287.054844168095,-294.816003341834,-7.76115917373824,0.350000000000961,0.199999999999534,0.0999999999997669,-278.792104821499,-11.3436053971684,6.25994665470464,176.710699234523,23.37005,23.36965,467401,"2026_06_04_0085","2026_06_04_0085_ev00412_rec0","no",504431
413,0,23.42015,-284.018982550496,-322.679914642142,-38.6609320916464,2.65000000000271,6.04999999999833,7.14999999999932,-294.07177633105,-20.0099684488014,4.61847041384817,-467.846292616733,23.4195,23.4166,468403,"2026_06_04_0085","2026_06_04_0085_ev00413_rec0","no",504432
414,0,23.4473,-298.494778816261,-305.781970319122,-7.28719150286139,0.250000000001194,0.299999999999301,0.299999999999301,-281.764281062488,-19.9612985369385,11.5704173875116,287.652094754845,23.4473,23.447,468946,"2026_06_04_0085","2026_06_04_0085_ev00414_rec0","no",504433
415,0,23.60415,-294.23647028391,-298.062006908726,-3.82553662481507,0.199999999999534,0.399999999999068,0,-281.166849882829,-13.1374679617269,15.0662313406446,220.825829297471,23.6041,23.60375,472083,"2026_06_04_0085","2026_06_04_0085_ev00415_rec0","no",504434
416,0,23.65425,-281.399897383401,-292.645981380339,-11.2460839969377,0.450000000000728,1.79999999999936,2.15000000000032,-283.354999251493,-5.47881297840679,2.36759755654642,-76.915364996053,23.65375,23.6533,473085,"2026_06_04_0085","2026_06_04_0085_ev00416_rec0","no",504435
417,0,23.6987,-284.094095179887,-293.16892526294,-9.07483008305309,3.15000000000154,8.95000000000223,8.90000000000057,-286.682077663961,-7.89848772476107,3.82882699023373,-135.397805591539,23.69795,23.69375,473974,"2026_06_04_0085","2026_06_04_0085_ev00417_rec0","no",504436
418,0,23.72675,-294.308593771149,-298.835608918928,-4.52701514777891,0.0500000000016598,0.150000000001427,0,-287.566652188341,-7.31656199054084,3.74858802570607,174.631550932677,23.72675,23.72645,474535,"2026_06_04_0085","2026_06_04_0085_ev00418_rec0","no",504437
419,0,23.75745,-282.14774324942,-297.058605357893,-14.9108621084731,2.64999999999915,17.7499999999995,22.1499999999999,-70.0394310127459,-223.202171227535,876.147652946654,-271.371663410738,23.75535,23.75255,475149,"2026_06_04_0085","2026_06_04_0085_ev00419_rec0","no",504438
420,0,23.79845,-293.582887871689,-301.057714132384,-7.47482626069501,0.40000000000262,0.300000000002854,0,-281.36711968758,-12.0813823518102,8.60658599680723,265.638586298976,23.79845,23.79805,475969,"2026_06_04_0085","2026_06_04_0085_ev00420_rec0","no",504439
421,0,23.85435,-288.633325215363,-301.892592999809,-13.2592677844467,1.30000000000052,1.79999999999936,0.500000000002387,-285.875541309539,-7.98902758778899,11.5595059928956,-13.2911857889814,23.85415,23.85235,477087,"2026_06_04_0085","2026_06_04_0085_ev00421_rec0","no",504440
422,0,24.0134,-288.848674751132,-291.478835203214,-2.63016045208286,0.650000000000261,0.550000000000495,0.949999999999562,-282.104548051607,-8.47011784555367,10.0870685070719,118.247340937372,24.0134,24.0121,480268,"2026_06_04_0085","2026_06_04_0085_ev00422_rec0","no",504441
423,0,24.10565,-281.955225903378,-299.683045067439,-17.7278191640607,1.20000000000076,10.4000000000006,12.7000000000024,-271.133888024154,-26.982358933261,28.8629127174799,-202.523199431972,24.10545,24.10395,482113,"2026_06_04_0085","2026_06_04_0085_ev00423_rec0","no",504442
424,0,24.25855,-281.235254784795,-287.489409811349,-6.25415502655471,0.40000000000262,7.99999999999912,9.74999999999682,-281.909754008176,-8.99420676828839,5.73215094455148,-79.7263502237272,24.2581,24.2577,485171,"2026_06_04_0085","2026_06_04_0085_ev00424_rec0","no",504443
425,0,24.29615,-287.577626281209,-290.845208973017,-3.26758269180772,1.34999999999863,3.79999999999825,2.05000000000055,-280.018066874855,-11.424389577564,7.80308470113374,132.352649439826,24.2952,24.29365,485923,"2026_06_04_0085","2026_06_04_0085_ev00425_rec0","no",504444
426,0,24.46145,-287.072511593809,-303.757614454195,-16.6851028603858,2.25000000000009,4.89999999999924,4.04999999999944,-283.141097062902,-19.3075328977054,6.23434295969846,-36.8622644053641,24.46055,24.4583,489229,"2026_06_04_0085","2026_06_04_0085_ev00426_rec0","no",504445
427,0,24.52745,-292.806669491295,-295.260599945746,-2.45393045445132,0.750000000000028,0.750000000000028,0,-274.59473606792,-17.9476584753632,33.2323074230429,190.970102946245,24.52745,24.52625,490549,"2026_06_04_0085","2026_06_04_0085_ev00427_rec0","no",504446
428,0,24.6021,-288.531175080336,-291.759541912545,-3.22836683220874,1.89999999999912,8.74999999999915,7.55000000000194,-287.175561658408,-13.8174438570504,4.45824290611104,-40.1333170792267,24.6021,24.6002,492042,"2026_06_04_0085","2026_06_04_0085_ev00428_rec0","no",504447
429,0,24.6299,-283.281749861144,-294.774436252204,-11.4926863910608,0.550000000000495,1.35000000000218,0,-53155.0066907467,52864.9842413669,111030.253047836,-434.898465406557,24.62905,24.62825,492598,"2026_06_04_0085","2026_06_04_0085_ev00429_rec0","no",504448
430,0,24.6517,-290.102554291214,-301.764937910229,-11.6623836190154,0.499999999998835,15.7000000000025,14.3999999999984,-268.036665052324,-41.5132226565516,31.7720566882177,-202.970857523084,24.649,24.64845,493034,"2026_06_04_0085","2026_06_04_0085_ev00430_rec0","no",504449
431,0,24.71065,-292.534202334671,-300.921796424272,-8.38759408960067,0.0999999999997669,0.199999999999534,0,-283.718358741375,-10.6470307809095,6.88502377084881,190.8414199511,24.7102,24.7101,494213,"2026_06_04_0085","2026_06_04_0085_ev00431_rec0","no",504450
432,0,24.76395,-291.731931490031,-298.097953585464,-6.36602209543355,4.39999999999685,3.39999999999918,4.20000000000087,-290.073062287624,-7.84450416415857,6.2380232461525,-15.5643560172491,24.7638,24.7594,495279,"2026_06_04_0085","2026_06_04_0085_ev00432_rec0","no",504451
433,0,24.82165,-290.725633083799,-336.947345118845,-46.2217120350466,6.05000000000189,29.8000000000016,30.0000000000011,-186.451283003816,-147.017188720182,179.264618318059,-1136.46088888572,24.8206,24.81395,496433,"2026_06_04_0085","2026_06_04_0085_ev00433_rec0","no",504452
434,0,24.879,-288.233155927558,-319.004442987138,-30.7712870595802,1.20000000000076,7.75000000000148,9.3500000000013,-261.821326741694,-52.2233080062196,28.8939939495305,-214.861705228586,24.8785,24.87725,497580,"2026_06_04_0085","2026_06_04_0085_ev00434_rec0","no",504453
435,0,24.9378,-287.416198123761,-308.297002786406,-20.8808046626446,0.900000000001455,11.4999999999981,29.9999999999976,-295.27894745981,-14.7661242232969,5.29611922618361,-365.062685428601,24.9366,24.93505,498756,"2026_06_04_0085","2026_06_04_0085_ev00435_rec0","no",504454
436,0,24.96595,-297.604263952498,-305.1729179289,-7.56865397640223,0.200000000003087,1.30000000000052,1.59999999999982,-286.348537769224,-18.1986074927004,6.18665097432485,224.674978378866,24.96595,24.96575,499319,"2026_06_04_0085","2026_06_04_0085_ev00436_rec0","no",504455
438,1,25.09805,-287.651142246006,-291.680066048413,-4.02892380240684,0.0500000000016598,0.0999999999997669,0,-281.162663402538,-6.85256999913222,4.9598057758967,160.662075343241,25.09805,25.0979,1961,"2026_06_04_0085","2026_06_04_0085_ev00438_rec1","no",504457
439,1,25.20775,-282.714580528257,-291.887030448511,-9.1724499202536,0.499999999998835,7.89999999999935,9.14999999999822,-281.890021517558,-11.0550414419761,9.48076609857343,-90.105865420128,25.20665,25.20595,4155,"2026_06_04_0085","2026_06_04_0085_ev00439_rec1","no",504458
440,1,25.26095,-282.08339425678,-289.935096294301,-7.85170203752062,0.350000000000961,6.05000000000189,9.14999999999822,-281.631375636724,-6.56379041711019,13.6441285078353,-71.0692544402719,25.26075,25.2604,5219,"2026_06_04_0085","2026_06_04_0085_ev00440_rec1","no",504459
441,1,25.37905,-290.883613227654,-294.282612632422,-3.39899940476795,0.199999999999534,0.0999999999997669,0,-280.634444560599,-9.79287494843683,12.0651308130145,199.014741819516,25.37905,25.37885,7581,"2026_06_04_0085","2026_06_04_0085_ev00441_rec1","no",504460
442,1,25.44055,-289.612985990121,-293.382937238847,-3.76995124872604,0.199999999999534,0.40000000000262,0.450000000000728,-283.65344983019,-8.37822103009131,3.35536763090716,150.39327654091,25.44055,25.44035,8811,"2026_06_04_0085","2026_06_04_0085_ev00442_rec1","no",504461
443,1,25.5564,-284.279000642778,-287.767665749608,-3.48866510683041,0.199999999999534,5.2500000000002,6.09999999999999,-265.440904688166,-22.931098207136,46.6797150868546,55.898387134134,25.5564,25.55605,11128,"2026_06_04_0085","2026_06_04_0085_ev00443_rec1","no",504462
444,1,25.6224,-285.862261321811,-299.07548338199,-13.2132220601791,0.849999999999795,10.8500000000014,13.3500000000026,-287.220531913093,-14.7065282691538,9.35494573260885,-186.232780740284,25.622,25.6211,12448,"2026_06_04_0085","2026_06_04_0085_ev00444_rec1","no",504463
445,1,25.69225,-292.254746930188,-297.111371213134,-4.85662428294626,0,18.2500000000019,16.4999999999971,-317.719176263595,30.7041573806979,63.3732995640606,-30.5887152482611,25.6922,25.69215,13845,"2026_06_04_0085","2026_06_04_0085_ev00445_rec1","no",504464
446,1,25.71545,-288.040201141927,-295.520444447505,-7.48024330557826,0.199999999999534,7.04999999999956,7.10000000000122,-282.951081068551,-19.4507226126474,7.84264063602275,-24.5999451720162,25.71315,25.71295,14309,"2026_06_04_0085","2026_06_04_0085_ev00446_rec1","no",504465
447,1,25.7577,-286.994078912375,-297.107777121358,-10.1136982089824,1.1499999999991,10.2000000000011,11.5000000000016,-275.053715499178,-26.9427094351263,21.2240402586367,-89.8818848936111,25.7577,25.7565,15154,"2026_06_04_0085","2026_06_04_0085_ev00447_rec1","no",504466
448,1,25.878,-295.670128311171,-303.865903164838,-8.19577485366761,1.69999999999959,30.2499999999988,22.8999999999999,-66962.4101959838,66669.4802450593,264507.617939528,-56.7087807812601,25.87575,25.87365,17560,"2026_06_04_0085","2026_06_04_0085_ev00448_rec1","no",504467
449,1,25.90235,-291.92199975043,-301.528043256875,-9.60604350644468,0.300000000002854,15.8999999999985,17.4500000000002,27518.9441147408,-27823.7587992581,51951.188306693,-155.081819123418,25.9018,25.9015,18047,"2026_06_04_0085","2026_06_04_0085_ev00449_rec1","no",504468
450,1,26.14695,-295.613030951029,-298.230007177766,-2.61697622673773,0.149999999997874,0.949999999999562,0.699999999998369,-285.311908701611,-12.6134089292225,6.05443662330479,232.553079313324,26.1467,26.14645,22939,"2026_06_04_0085","2026_06_04_0085_ev00450_rec1","no",504469
451,1,26.2049,-300.011851186397,-307.324647619705,-7.31279643330816,0,0,0,-281.648002781996,-19.1719678744886,8.20231705123051,397.913835781842,26.2049,26.2048,24098,"2026_06_04_0085","2026_06_04_0085_ev00451_rec1","no",504470
452,1,26.24895,-289.357652760302,-300.239303475398,-10.8816507150967,1.34999999999863,5.05000000000067,4.74999999999781,-292.751458823073,-5.41124504139288,2.2212735548054,-129.807146904317,26.2483,26.246,24979,"2026_06_04_0085","2026_06_04_0085_ev00452_rec1","no",504471
453,1,26.2816,-299.898267589927,-308.061026352386,-8.16275876245936,0.849999999999795,0.700000000001921,0.599999999998602,-282.502408440178,-21.9176266538557,8.64667958045405,334.711169423306,26.2816,26.2806,25632,"2026_06_04_0085","2026_06_04_0085_ev00453_rec1","no",504472
454,1,26.4138,-297.301531330377,-303.380240361638,-6.0787090312607,0.399999999999068,0.249999999997641,0.150000000001427,-285.687513663651,-14.0895820725797,10.0403976030217,212.938278554224,26.4138,26.4133,28276,"2026_06_04_0085","2026_06_04_0085_ev00454_rec1","no",504473
455,1,26.586,-291.179051978793,-302.66452648662,-11.4854745078267,1.04999999999933,11.2500000000004,11.650000000003,-278.266810197943,-28.5409123626875,22.8860712322593,-113.89439140706,26.5855,26.58435,31720,"2026_06_04_0085","2026_06_04_0085_ev00455_rec1","no",504474
456,1,26.6484,-299.677474363995,-362.903402070922,-63.2259277069266,3.8000000000018,18.0000000000007,19.05,113.553962048489,-476.001491968241,220.438956892653,-1158.3809014251,26.64695,26.64085,32968,"2026_06_04_0085","2026_06_04_0085_ev00456_rec1","no",504475
457,1,26.8337,-272.953730574001,-282.532935779185,-9.57920520518439,0.40000000000262,33.5500000000017,30.0000000000011,-282.463797665019,-8.55356520297022,11.6849715324042,-568.488461733632,26.82335,26.82295,36674,"2026_06_04_0085","2026_06_04_0085_ev00457_rec1","no",504476
458,1,26.9182,-291.450204648526,-299.933649795389,-8.48344514686232,0.249999999997641,0.0999999999997669,0,-285.359005439164,-7.40222044231403,6.13998237341895,137.113110172446,26.9182,26.91795,38364,"2026_06_04_0085","2026_06_04_0085_ev00458_rec1","no",504477
459,1,26.99315,-285.737922100975,-294.265928921735,-8.52800682076031,0.350000000000961,5.05000000000067,2.60000000000105,-265803.42007928,265515.909453139,500603.152467637,-295.53029580188,26.99315,26.9928,39863,"2026_06_04_0085","2026_06_04_0085_ev00459_rec1","no",504478
460,1,27.0218,-286.738328379842,-315.365078241123,-28.6267498612813,6.49999999999906,20.4999999999984,22.9999999999997,63104.3057632339,-63416.8063477539,96129.6079610429,-616.378057940078,27.02035,27.0138,40436,"2026_06_04_0085","2026_06_04_0085_ev00460_rec1","no",504479
461,1,27.1075,-294.994318635142,-326.657756351064,-31.6634377159223,8.05000000000078,15.9500000000001,17.4500000000037,155782.826309387,-156106.323504697,162043.375078523,-544.805355367442,27.1064,27.09745,42150,"2026_06_04_0085","2026_06_04_0085_ev00461_rec1","no",504480
462,1,27.18195,-289.090494482047,-295.185552855247,-6.09505837319995,0.0999999999997669,8.54999999999961,10.5000000000004,-286.937315058147,-10.699641303957,11.8612239828919,-52.9326312381118,27.18195,27.18185,43639,"2026_06_04_0085","2026_06_04_0085_ev00462_rec1","no",504481
463,1,27.2262,-290.752757438491,-326.834561650391,-36.0818042119009,5.50000000000139,21.8999999999987,21.0000000000008,-242.841885042878,-79.6056725534073,80.2392571613352,-676.072612420273,27.22495,27.21855,44524,"2026_06_04_0085","2026_06_04_0085_ev00463_rec1","no",504482
464,1,27.2697,-295.56686146387,-298.777812844254,-3.21095138038396,0,0.299999999999301,0.350000000000961,-292.674347228338,-6.3008060170479,0.815725543771716,81.7236715008713,27.2697,27.2696,45394,"2026_06_04_0085","2026_06_04_0085_ev00464_rec1","no",504483
465,1,27.31555,-300.973049152084,-306.548046714626,-5.57499756254168,0.0499999999981071,0.699999999998369,0.800000000001688,-293.418797738581,-13.6147162232087,2.32901153366874,194.285973337576,27.31555,27.3154,46311,"2026_06_04_0085","2026_06_04_0085_ev00465_rec1","no",504484
466,1,27.3715,-294.894202277998,-298.703043736042,-3.8088414580439,0.199999999999534,0.450000000000728,0,-285.706495438098,-10.5607605513995,9.94032542370318,175.188029259195,27.3715,27.371,47430,"2026_06_04_0085","2026_06_04_0085_ev00466_rec1","no",504485
467,1,27.4229,-287.40707851691,-296.022630795798,-8.61555227888749,0.600000000002154,5.14999999999688,1.09999999999744,-136535.825866586,136245.721834721,310334.293523791,-306.224667917745,27.4201,27.4195,48458,"2026_06_04_0085","2026_06_04_0085_ev00467_rec1","no",504486
468,1,27.451,-300.007372852438,-317.029056225635,-17.0216833731968,1.1499999999991,2.60000000000105,2.94999999999845,-295.79625036823,-19.1540612584488,4.88106225126617,20.080197005145,27.45085,27.4493,49020,"2026_06_04_0085","2026_06_04_0085_ev00468_rec1","no",504487
469,1,27.4909,-296.832321689253,-307.362342939483,-10.5300212502303,0.250000000001194,0.149999999997874,0,-285.038204540049,-15.5112406025545,16.9576291824217,133.669591429637,27.4908,27.49055,49818,"2026_06_04_0085","2026_06_04_0085_ev00469_rec1","no",504488
470,1,27.5858,-295.129424793891,-307.95389252209,-12.8244677281994,3.15000000000154,7.45000000000218,9.85000000000014,1504.31786575915,-1809.0797383843,3642.68923235457,-131.858570640273,27.5832,27.5783,51716,"2026_06_04_0085","2026_06_04_0085_ev00470_rec1","no",504489
471,1,27.6568,-291.549508837861,-324.399459101083,-32.8499502632226,1.30000000000052,32.7000000000019,30.0000000000011,-318.878092783244,-12.5739642916452,2.23670675715331,-928.726428135627,27.6549,27.6535,53136,"2026_06_04_0085","2026_06_04_0085_ev00471_rec1","no",504490
472,1,27.68235,-310.804497016465,-318.744564953503,-7.94006793703772,2.09999999999866,12.0000000000005,7.89999999999935,217975.004118032,-218294.433520496,303820.165319393,-18.0279418604482,27.6782,27.6761,53647,"2026_06_04_0085","2026_06_04_0085_ev00472_rec1","no",504491
473,1,27.89275,-299.452750743179,-309.661317738669,-10.2085669954903,0.349999999997408,3.55000000000061,2.25000000000009,-284.583761550128,-22.9216340241876,10.8684259636145,203.045912134694,27.8922,27.89,57855,"2026_06_04_0085","2026_06_04_0085_ev00473_rec1","no",504492
474,1,27.95395,-292.824392731678,-295.296950547453,-2.47255781577553,0.349999999997408,0.349999999997408,0,-278.295453997375,-14.9493524335468,24.7423317405087,175.500494268731,27.95395,27.95355,59079,"2026_06_04_0085","2026_06_04_0085_ev00474_rec1","no",504493
475,1,28.0221,-293.104064988103,-313.241726284211,-20.1376612961072,1.30000000000052,2.40000000000151,3.35000000000107,-297.118354517313,-10.1213401205282,3.08738097275,-166.77318917028,28.0219,28.0206,60442,"2026_06_04_0085","2026_06_04_0085_ev00475_rec1","no",504494
476,1,28.0377,-294.730839095626,-304.563235187979,-9.83239609235233,0.750000000003581,5.50000000000139,5.59999999999761,-288.608700794468,-17.1775750082368,9.94840356911345,12.0612574046215,28.0372,28.03645,60754,"2026_06_04_0085","2026_06_04_0085_ev00476_rec1","no",504495
477,1,28.1551,-293.295481439635,-304.436443477099,-11.1409620374641,0.349999999997408,1.85000000000102,1.50000000000006,-291.018736863559,-10.3316730614213,3.13024296887617,26.7751066482242,28.15365,28.1533,63102,"2026_06_04_0085","2026_06_04_0085_ev00477_rec1","no",504496
478,1,28.2696,-291.906819001294,-298.120700569164,-6.21388156787032,0.699999999998369,7.10000000000122,6.85000000000002,-289.263793902813,-12.5763902071657,7.34575048411164,-25.1450473878533,28.26885,28.26815,65392,"2026_06_04_0085","2026_06_04_0085_ev00478_rec1","no",504497
479,1,28.34355,-284.705315932572,-294.426120433154,-9.72080450058252,1.1499999999991,34.6500000000027,30.0000000000011,-299.515335424672,-3.72565510403379,1.1973512571909,-527.539751555678,28.3395,28.33835,66871,"2026_06_04_0085","2026_06_04_0085_ev00479_rec1","no",504498
480,1,28.37515,-308.447417362584,-315.255270953997,-6.80785359141333,0.750000000000028,2.74999999999892,1.54999999999816,-294.353841108036,-21.7367290714958,5.84740348737543,294.863474108447,28.37475,28.3736,67503,"2026_06_04_0085","2026_06_04_0085_ev00480_rec1","no",504499
481,1,28.49505,-296.43605770455,-309.194125326547,-12.7580676219973,2.10000000000221,6.60000000000238,7.65000000000171,-289.45168731962,-27.8592933615464,8.8345724452598,-71.5634880978466,28.49415,28.49205,69901,"2026_06_04_0085","2026_06_04_0085_ev00481_rec1","no",504500
482,1,28.53735,-293.974794409657,-301.047988510782,-7.07319410112461,0.599999999998602,1.99999999999889,2.74999999999892,-286.774394725298,-12.4535915722558,11.5992801614416,79.7637347424634,28.53735,28.5367,70747,"2026_06_04_0085","2026_06_04_0085_ev00482_rec1","no",504501
483,1,28.5819,-291.787400878805,-297.488894057515,-5.70149317871028,0.450000000000728,0.500000000002387,0,-286.956071328664,-6.3914738223211,2.90938082343426,125.595622094776,28.5819,28.58135,71638,"2026_06_04_0085","2026_06_04_0085_ev00483_rec1","no",504502
484,1,28.6717,-299.425539482691,-307.304537756269,-7.87899827357791,0.299999999999301,9.10000000000011,9.9499999999999,-269.639567463916,-41.6963006481975,40.8995064522047,1.9280309035819,28.6715,28.6712,73434,"2026_06_04_0085","2026_06_04_0085_ev00484_rec1","no",504503
485,1,28.7202,-297.156814450043,-299.920329227088,-2.76351477704475,0.0999999999997669,5.39999999999807,4.89999999999924,-289.554234785078,-16.7366032307254,7.38962369611975,84.4777650281548,28.7175,28.7162,74404,"2026_06_04_0085","2026_06_04_0085_ev00485_rec1","no",504504
486,1,28.79095,-291.361047518703,-300.515133624368,-9.15408610566459,0.0499999999981071,0.149999999997874,0,-286.044040111074,-6.701005509434,5.59292909315552,121.254956785155,28.79095,28.79065,75819,"2026_06_04_0085","2026_06_04_0085_ev00486_rec1","no",504505
487,1,28.8403,-286.339605773102,-319.052227657871,-32.7126218847693,1.20000000000076,5.05000000000067,6.94999999999979,-295.814563439341,-25.3022760586106,3.06678565068813,-395.171200945464,28.8399,28.8387,76806,"2026_06_04_0085","2026_06_04_0085_ev00487_rec1","no",504506
488,1,28.86685,-289.090459795109,-311.753333510934,-22.6628737158255,1.50000000000006,11.849999999999,13.7999999999998,60420.8534225962,-60727.3962788851,92360.3283127172,-286.154866867855,28.8644,28.862,77337,"2026_06_04_0085","2026_06_04_0085_ev00488_rec1","no",504507
489,1,29.04675,-296.762999941471,-303.890259858183,-7.12725991671243,1.40000000000029,2.84999999999869,1.20000000000076,-295.025752686828,-8.09797886242509,1.98846802765738,37.2969037848023,29.04675,29.04425,80935,"2026_06_04_0085","2026_06_04_0085_ev00489_rec1","no",504508
490,1,29.0962,-299.161563933768,-335.003903692978,-35.8423397592102,7.79999999999959,14.050000000001,10.1000000000013,-279.135028090094,-59.4028626146609,17.4588458164709,-529.152518957291,29.0943,29.0853,81924,"2026_06_04_0085","2026_06_04_0085_ev00490_rec1","no",504509
491,1,29.1348,-298.680614627279,-302.391933525288,-3.71131889800859,0.0999999999997669,25.3000000000014,23.8499999999995,-136409.282845755,136118.980266935,332573.141210778,67.0484971772357,29.13455,29.13445,82696,"2026_06_04_0085","2026_06_04_0085_ev00491_rec1","no",504510
492,1,29.18925,-303.928393167916,-371.951147284279,-68.0227541163632,4.14999999999921,13.5499999999986,12.2499999999981,-291.702828891105,-88.6420122886321,14.219964290326,-1033.90270787627,29.18805,29.18375,83785,"2026_06_04_0085","2026_06_04_0085_ev00492_rec1","no",504511
493,1,29.24295,-304.538951122625,-409.844343609228,-105.305392486603,6.19999999999976,25.9,24.7500000000009,-266.191652406845,-150.860239629261,36.9896614363951,-2600.66931876533,29.24045,29.23365,84859,"2026_06_04_0085","2026_06_04_0085_ev00493_rec1","no",504512
494,1,29.3095,-303.808468662321,-306.090724600108,-2.28225593778751,0.199999999999534,1.95000000000078,2.05000000000055,-298.246044676948,-10.9351328160302,3.81493579648205,121.53464008556,29.3095,29.30875,86190,"2026_06_04_0085","2026_06_04_0085_ev00494_rec1","no",504513
495,1,29.3579,-319.090473537052,-326.455648745971,-7.36517520891846,1.95000000000078,1.79999999999936,0,-288.91687153455,-31.9955611682822,12.0449262756813,544.20262312762,29.3578,29.3556,87158,"2026_06_04_0085","2026_06_04_0085_ev00495_rec1","no",504514
496,1,29.45185,-277.178327681908,-285.109466289787,-7.93113860787918,18.3500000000016,18.1500000000021,0,-464768.634687617,464486.938387983,605185.32048586,-754.727068131108,29.4509,29.43255,89037,"2026_06_04_0085","2026_06_04_0085_ev00496_rec1","no",504515
497,1,29.47605,-290.856157868718,-315.68297084816,-24.8268129794415,1.24999999999886,10.349999999999,13.9999999999993,53806.9333547754,-54116.2839014425,81442.9317475262,-279.429187138067,29.4757,29.47435,89521,"2026_06_04_0085","2026_06_04_0085_ev00497_rec1","no",504516
498,1,29.52795,-291.556067323343,-513.063066840543,-221.5069995172,8.29999999999842,20.3500000000005,11.1500000000007,-301.096352181671,-242.449988387866,9.21233399857304,-5032.02427990848,29.52105,29.51165,90559,"2026_06_04_0085","2026_06_04_0085_ev00498_rec1","no",504517
499,1,29.62755,-282.353028732797,-298.4787029632,-16.125674230403,0.0499999999981071,0.299999999999301,0,-208888.768821691,208595.811546489,486117.0209439,-522.586130984996,29.6269,29.62685,92551,"2026_06_04_0085","2026_06_04_0085_ev00499_rec1","no",504518
500,1,29.65865,-292.695268613101,-338.039564674067,-45.344296060966,6.00000000000023,9.39999999999941,29.9999999999976,-312.316262463366,-21.1515082953078,3.9530505707238,-837.919115873669,29.658,29.6507,93173,"2026_06_04_0085","2026_06_04_0085_ev00500_rec1","no",504519
501,1,29.696,-314.264112236419,-360.61998184142,-46.3558696050015,4.85000000000113,35.6499999999969,29.9999999999976,232048.884355074,-232404.051681716,349278.107328964,-1180.42925195366,29.69515,29.684,93920,"2026_06_04_0085","2026_06_04_0085_ev00501_rec1","no",504520
502,1,29.71085,-342.821300081262,-354.093801375126,-11.2725012938643,1.7499999999977,5.15000000000043,4.24999999999898,-332.394158714973,-30.8084564949474,5.68079528301795,121.292387314352,29.71045,29.7086,94217,"2026_06_04_0085","2026_06_04_0085_ev00502_rec1","no",504521
503,1,29.74385,-326.05833887302,-349.685237007646,-23.6268981346263,4.04999999999944,6.85000000000002,7.75000000000148,1895.35623536393,-2238.77732536672,2007.58131779946,-177.686589475163,29.73895,29.73455,94877,"2026_06_04_0085","2026_06_04_0085_ev00503_rec1","no",504522
504,1,29.7791,-314.326415249328,-322.476869268659,-8.15045401933128,0.0999999999997669,0.199999999999534,0,39594.1158158649,-39910.786632733,57779.6431149928,239.179893342884,29.779,29.7789,95582,"2026_06_04_0085","2026_06_04_0085_ev00504_rec1","no",504523
505,1,29.83355,-303.157968742459,-366.086070312613,-62.9281015701536,7.24999999999909,34.8499999999987,30.0000000000011,-338.439800817282,-8.56910607849797,3.62097850773751,-1398.70930327768,29.83315,29.8229,96671,"2026_06_04_0085","2026_06_04_0085_ev00505_rec1","no",504524
506,1,29.8521,-313.190224968234,-356.848463159001,-43.6582381907671,2.15000000000032,14.7000000000013,15.7500000000006,-152.276440198569,-203.41706309942,113.610857000303,-645.089234744287,29.85085,29.8484,97042,"2026_06_04_0085","2026_06_04_0085_ev00506_rec1","no",504525
507,1,29.93455,-309.010130823617,-323.549558724199,-14.5394279005822,5.10000000000232,9.3500000000013,7.19999999999743,-17.4517493472828,-303.527161831231,327.822669070132,-24.0975943565319,29.9339,29.9285,98691,"2026_06_04_0085","2026_06_04_0085_ev00507_rec1","no",504526
508,1,29.9749,-299.543580045876,-339.459004978269,-39.915424932393,3.69999999999848,11.45,9.39999999999941,-300.426575884687,-50.3329073122072,7.30546733161527,-523.322950583633,29.97365,29.9693,99498,"2026_06_04_0085","2026_06_04_0085_ev00508_rec1","no",504527
509,1,30.0018,-299.704828332905,-305.395244826756,-5.69041649385076,0.450000000000728,15.2500000000018,10.6500000000018,-140357.599014583,140059.349278608,419436.846228601,-129.477559946331,29.9998,29.999,100036,"2026_06_04_0085","2026_06_04_0085_ev00509_rec1","no",504528
510,1,30.0274,-289.863736867869,-322.069379130565,-32.2056422626961,1.7499999999977,14.9000000000008,19.3000000000012,-294.802131975512,-23.1396531588644,16.0964390395824,-562.078092083366,30.02525,30.02315,100548,"2026_06_04_0085","2026_06_04_0085_ev00510_rec1","no",504529
511,1,30.0627,-302.671562034765,-342.181585533176,-39.5100234984109,3.30000000000297,11.099999999999,11.6000000000014,-301.074753892441,-43.4473678025449,11.7486061085574,-510.035906374334,30.06265,30.05915,101254,"2026_06_04_0085","2026_06_04_0085_ev00511_rec1","no",504530
512,1,30.17435,-280.772561523721,-289.283613768285,-8.51105224456387,0.450000000000728,30.1000000000009,30.0000000000011,-285.78379553332,-7.2906685821929,4.67389785220393,-189.894037342334,30.17435,30.1739,103487,"2026_06_04_0085","2026_06_04_0085_ev00512_rec1","no",504531
513,1,30.2806,-298.427761507237,-307.039266816155,-8.61150530891769,0.150000000001427,0.0999999999997669,0,-281.877139071284,-19.3278037976634,17.5162573445912,218.537696446576,30.2806,30.28045,105612,"2026_06_04_0085","2026_06_04_0085_ev00513_rec1","no",504532
514,1,30.3931,-293.572268408484,-305.09000055628,-11.5177321477953,0.450000000000728,0.900000000001455,0,-286.802721312566,-10.2268216057791,3.19860680712574,169.769339868611,30.3931,30.392,107862,"2026_06_04_0085","2026_06_04_0085_ev00514_rec1","no",504533
515,1,30.4406,-290.484367066425,-301.867878676638,-11.3835116102129,1.10000000000099,7.60000000000005,9.10000000000011,-284.174314319296,-18.3265238134799,16.4350250722337,-77.8315031740575,30.44025,30.43905,108812,"2026_06_04_0085","2026_06_04_0085_ev00515_rec1","no",504534
516,1,30.4991,-289.603452438717,-300.796870719336,-11.1934182806195,3.44999999999729,10.6500000000018,8.64999999999938,-283.173877858621,-22.1526785654182,11.7018316334563,-93.9480070363308,30.4989,30.4952,109982,"2026_06_04_0085","2026_06_04_0085_ev00516_rec1","no",504535
517,1,30.5552,-291.517322729775,-305.993913011052,-14.4765902812771,2.10000000000221,6.25000000000142,6.15000000000165,-274.46407181209,-26.1125721045875,40.2603429218233,-79.9069443384904,30.5539,30.5512,111104,"2026_06_04_0085","2026_06_04_0085_ev00517_rec1","no",504536
518,1,30.6394,-283.055734917251,-289.796074187433,-6.74033927018172,0.199999999999534,21.2000000000003,30.0000000000011,-284.385245840653,-6.17527413013346,18.8855611655033,-142.943194844099,30.6385,30.6383,112788,"2026_06_04_0085","2026_06_04_0085_ev00518_rec1","no",504537
519,1,30.7654,-290.90662833248,-325.367554849635,-34.4609265171554,2.34999999999985,6.45000000000095,9.49999999999918,-294.029598014294,-20.6950147399228,12.4349834592705,-384.350152395678,30.76445,30.762,115308,"2026_06_04_0085","2026_06_04_0085_ev00519_rec1","no",504538
520,1,30.9106,-292.512308670622,-300.275136844172,-7.76282817354962,0.800000000001688,17.6000000000016,21.8000000000025,-292.601661360484,-13.2226822903337,13.9750206177005,-179.757967535685,30.9099,30.90885,118212,"2026_06_04_0085","2026_06_04_0085_ev00520_rec1","no",504539
521,1,31.02975,-287.475131063666,-294.750908543135,-7.27577747946873,0.0999999999997669,4.54999999999828,6.04999999999833,-288.186883442878,-6.78430143029237,4.91554427566826,-57.3077906425481,31.0294,31.0293,120595,"2026_06_04_0085","2026_06_04_0085_ev00521_rec1","no",504540
522,1,31.12585,-297.658956232301,-312.059024510711,-14.4000682784097,0.449999999997175,7.09999999999766,7.34999999999886,-290.077290880235,-27.7473147228789,9.5966663501572,-65.0711627741062,31.1239,31.12325,122517,"2026_06_04_0085","2026_06_04_0085_ev00522_rec1","no",504541
523,1,31.22225,-292.396419675249,-314.441580285274,-22.0451606100246,0.799999999998136,13.8999999999996,9.10000000000011,-285.204017211537,-26.950100212905,16.1921689563907,-288.395027854391,31.22045,31.2132,124445,"2026_06_04_0085","2026_06_04_0085_ev00523_rec1","no",504542
524,1,31.2901,-306.401199764499,-318.24307658767,-11.841876823171,0.250000000001194,1.25000000000242,1.15000000000265,-302.15377362135,-13.4068704589442,2.65557679826972,88.6571288898111,31.2899,31.28955,125802,"2026_06_04_0085","2026_06_04_0085_ev00524_rec1","no",504543
525,1,31.34725,-296.676995413071,-322.037860463058,-25.3608650499874,0.750000000000028,6.65000000000049,6.30000000000308,-287.479515300785,-26.01914246641,18.7854469208355,-168.203003646628,31.3449,31.3437,126945,"2026_06_04_0085","2026_06_04_0085_ev00525_rec1","no",504544
526,1,31.4347,-302.910341089836,-315.050245647029,-12.1399045571925,0.299999999999301,0.149999999997874,0.250000000001194,-293.254021784256,-14.7289612291444,6.6768643994525,191.363714957084,31.4347,31.4344,128694,"2026_06_04_0085","2026_06_04_0085_ev00526_rec1","no",504545
527,1,31.57005,-294.339646103026,-296.710934290869,-2.37128818784299,0,0,0,-288.971946013345,-6.2365438916624,7.0253726422972,116.999969201837,31.57005,31.56975,131401,"2026_06_04_0085","2026_06_04_0085_ev00527_rec1","no",504546
528,1,31.6156,-291.574394283397,-321.43991662194,-29.8655223385427,1.90000000000268,8.44999999999985,29.9999999999976,-304.111671854469,-15.3128533205931,3.74992609187166,-484.325581647096,31.6149,31.613,132312,"2026_06_04_0085","2026_06_04_0085_ev00528_rec1","no",504547
529,1,31.6296,-300.532021603681,-315.883321442831,-15.3512998391499,0.699999999998369,20.7499999999996,10.8999999999995,-34170.923535582,33867.4583989107,134329.891266118,-233.431713884174,31.6278,31.6258,132592,"2026_06_04_0085","2026_06_04_0085_ev00529_rec1","no",504548
530,1,31.6504,-307.072336153269,-315.319652903488,-8.24731675021894,1.54999999999816,6.75000000000026,7.04999999999956,-287.825969179343,-28.9689065057782,26.9877797251628,37.4803888291799,31.6501,31.64855,133008,"2026_06_04_0085","2026_06_04_0085_ev00530_rec1","no",504549
531,1,31.6778,-295.006319398712,-300.203497901024,-5.19717850231149,0.350000000000961,4.6500000000016,0,-23439.1938154403,23142.0554622038,201864.994865239,-118.876053898279,31.6774,31.67705,133556,"2026_06_04_0085","2026_06_04_0085_ev00531_rec1","no",504550
532,1,31.74855,-297.007234951975,-302.834143372289,-5.82690842031366,0,0,0,-285.287566237124,-12.6405658990787,14.708083195766,189.533924031508,31.74855,31.74845,134971,"2026_06_04_0085","2026_06_04_0085_ev00532_rec1","no",504551
533,1,31.79515,-289.253888846176,-310.101043068565,-20.8471542223887,1.85000000000102,14.1499999999972,15.9500000000001,-284.059740233744,-30.6267382857827,18.434589487998,-343.309918124867,31.79475,31.7928,135903,"2026_06_04_0085","2026_06_04_0085_ev00533_rec1","no",504552
534,1,31.83715,-292.024627236433,-316.537851149413,-24.51322391298,2.74999999999892,9.49999999999918,9.14999999999822,-286.060881442945,-26.9130403333585,15.751980482679,-237.528952526298,31.8371,31.8336,136743,"2026_06_04_0085","2026_06_04_0085_ev00534_rec1","no",504553
535,1,31.88275,-291.525185978061,-306.341219336879,-14.8160333588182,1.05000000000288,9.19999999999988,0,-39289.5388624542,38991.8561889112,198973.19118724,-304.257219496999,31.88095,31.8798,137655,"2026_06_04_0085","2026_06_04_0085_ev00535_rec1","no",504554
536,1,31.91925,-308.572381951891,-310.610717662925,-2.03833571103399,0.600000000002154,0.900000000001455,0.0999999999997669,-287.248962813657,-22.1832250906416,15.9590484359741,337.150476251123,31.91925,31.91835,138385,"2026_06_04_0085","2026_06_04_0085_ev00536_rec1","no",504555
537,1,31.9976,-290.248606536533,-313.77668804769,-23.5280815111569,0.849999999999795,31.400000000005,5.80000000000069,-17609.8585161599,17311.3067806336,250261.806856958,-302.596545994208,31.99655,31.9957,139952,"2026_06_04_0085","2026_06_04_0085_ev00537_rec1","no",504556
538,1,32.02885,-295.265776727904,-310.566605583513,-15.3008288556089,2.20000000000198,11.2499999999969,13.9999999999958,35513.6012605619,-35821.3286334155,73800.37274838,-225.9220635298,32.02605,32.0235,140577,"2026_06_04_0085","2026_06_04_0085_ev00538_rec1","no",504557
539,1,32.2075,-301.814780031177,-307.943174341355,-6.12839431017778,1.1999999999972,7.04999999999956,7.19999999999743,-300.936357695779,-18.4578469648391,4.0704675500322,-70.2463935827312,32.20705,32.2049,144150,"2026_06_04_0085","2026_06_04_0085_ev00539_rec1","no",504558
540,1,32.23705,-306.885972026713,-312.861528907208,-5.97555688049488,0.700000000001921,4.25000000000608,4.24999999999898,-299.301596447542,-15.5296198692959,9.22026762554518,84.0340732740897,32.2362,32.2354,144741,"2026_06_04_0085","2026_06_04_0085_ev00540_rec1","no",504559
541,1,32.2808,-297.228052880681,-313.734439632252,-16.5063867515719,1.24999999999886,13.7,12.4999999999957,-294.849881544462,-22.3559127391053,12.9208346221976,-262.200383123436,32.2783,32.27625,145616,"2026_06_04_0085","2026_06_04_0085_ev00541_rec1","no",504560
542,1,32.3357,-300.34351369451,-302.749584455654,-2.4060707611435,0.0999999999962142,3.00000000000011,3.19999999999965,-294.482150202501,-11.1289328369359,6.36008104920164,105.185625500317,32.3357,32.3356,146714,"2026_06_04_0085","2026_06_04_0085_ev00542_rec1","no",504561
543,1,32.42145,-296.938929057647,-307.377606906251,-10.4386778486041,1.1999999999972,1.59999999999627,0,-292.300539373362,-7.78968667529935,5.29158563365009,95.5536967470244,32.42145,32.4197,148429,"2026_06_04_0085","2026_06_04_0085_ev00543_rec1","no",504562
544,1,32.4646,-300.558842913143,-304.433430900883,-3.87458798774048,0.750000000003581,17.55,15.3000000000034,-462203.603284451,461913.870470131,576974.805805829,-40.4544431798747,32.4636,32.46265,149292,"2026_06_04_0085","2026_06_04_0085_ev00544_rec1","no",504563
545,1,32.4918,-291.347700611562,-329.723768830782,-38.3760682192201,6.10000000000355,17.6000000000016,19.5000000000007,-168.393594985108,-166.33765286296,101.114806977832,-754.421296497857,32.4914,32.485,149836,"2026_06_04_0085","2026_06_04_0085_ev00545_rec1","no",504564
546,1,32.6524,-292.480190261979,-302.545100834182,-10.0649105722031,2.24999999999653,36.6,29.999999999994,-297.640764348089,-12.2106666417529,3.13571052201049,-274.243824020423,32.6473,32.64385,153048,"2026_06_04_0085","2026_06_04_0085_ev00546_rec1","no",504565
547,1,32.7075,-307.533519855001,-325.986057442114,-18.4525375871131,2.65000000000271,5.40000000000163,5.40000000000163,-311.820828431984,-14.1780148503484,3.15183364144335,-211.164054839466,32.7073,32.70445,154150,"2026_06_04_0085","2026_06_04_0085_ev00547_rec1","no",504566
548,1,32.76975,-305.869182651903,-373.874362254904,-68.0051796030007,2.85000000000224,17.1500000000009,12.9999999999981,-292.520087911543,-91.4199509244997,15.0398274366596,-1252.9950478075,32.7645,32.76145,155395,"2026_06_04_0085","2026_06_04_0085_ev00548_rec1","no",504567
549,1,32.8034,-314.553297249965,-334.911772539869,-20.3584752899047,1.1999999999972,6.50000000000261,7.64999999999816,-267.719446373511,-62.8447951453147,52.8287512515151,-66.5335515808218,32.8019,32.8005,156068,"2026_06_04_0085","2026_06_04_0085_ev00549_rec1","no",504568
550,1,32.85545,-306.473823038595,-323.08924547699,-16.6154224383948,1.30000000000052,6.34999999999764,6.05000000000189,-306.191242300077,-25.9336409655129,4.34815242945092,-159.366201337369,32.8534,32.85165,157109,"2026_06_04_0085","2026_06_04_0085_ev00550_rec1","no",504569
551,1,32.8969,-303.971063019962,-314.836839410358,-10.8657763903963,0.350000000004513,9.99999999999801,12.2500000000016,-246.211122718187,-67.5894074494622,136.421010764731,-94.4932092689942,32.8964,32.89605,157938,"2026_06_04_0085","2026_06_04_0085_ev00551_rec1","no",504570
552,1,32.91695,-309.465654962155,-315.998066717179,-6.5324117550241,0,0.0500000000016598,0,-294.442243871033,-14.1855555210035,11.0404132089687,304.253751828834,32.9169,32.91685,158339,"2026_06_04_0085","2026_06_04_0085_ev00552_rec1","no",504571
553,1,32.96455,-294.607881782435,-312.63881442976,-18.0309326473244,1.15000000000265,5.85000000000235,6.65000000000049,-292.576485285072,-20.8220594952873,7.6024527976398,-110.539136977387,32.96445,32.9633,159291,"2026_06_04_0085","2026_06_04_0085_ev00553_rec1","no",504572
554,1,33.0188,-304.155468115618,-306.626831439763,-2.47136332414527,0.350000000004513,0.550000000004047,0.299999999995748,-295.15523313393,-11.0022168307562,2.88019035990852,237.604235444512,33.0188,33.0184,160376,"2026_06_04_0085","2026_06_04_0085_ev00554_rec1","no",504573
555,1,33.06325,-295.252387274957,-317.017844308359,-21.7654570334024,5.64999999999571,22.3499999999959,19.1499999999962,-298.946242194218,-17.7099762235099,13.6527560736417,-486.057917660692,33.05655,33.0507,161265,"2026_06_04_0085","2026_06_04_0085_ev00555_rec1","no",504574
556,1,33.09235,-293.908746338324,-301.517335777506,-7.60858943918231,0.0500000000016598,14.0999999999991,30.0000000000011,-297.419711678823,-6.3652020604234,4.57290071786373,-139.821352088697,33.0918,33.09175,161847,"2026_06_04_0085","2026_06_04_0085_ev00556_rec1","no",504575
557,1,33.14535,-295.05283809374,-306.524623153422,-11.4717850596817,3.09999999999633,20.7500000000067,19.2499999999995,17931.071240477,-18242.5644821679,28764.9403287413,-255.107142025564,33.14345,33.14035,162907,"2026_06_04_0085","2026_06_04_0085_ev00557_rec1","no",504576
558,1,33.18495,-300.916380381716,-303.331780523633,-2.41540014191713,0.10000000000332,0.10000000000332,0.0499999999945544,-294.184860633289,-7.7037670942057,3.40568656364442,175.918476046395,33.18495,33.18485,163699,"2026_06_04_0085","2026_06_04_0085_ev00558_rec1","no",504577
559,1,33.25095,-299.823982127286,-302.508856890237,-2.6848747629511,0.149999999997874,0.999999999997669,1.10000000000099,-295.153821998688,-7.4556612249467,3.96248802595431,110.099475041965,33.25095,33.2508,165019,"2026_06_04_0085","2026_06_04_0085_ev00559_rec1","no",504578
560,1,33.28875,-296.689452147679,-318.342584332273,-21.6531321845937,0.450000000000728,6.30000000000308,7.05000000000666,-293.822081123634,-23.457765067826,9.15084094697281,-143.722928739687,33.288,33.28725,165775,"2026_06_04_0085","2026_06_04_0085_ev00560_rec1","no",504579
561,1,33.3518,-288.58979425382,-294.556837136626,-5.96704288280637,1.50000000000006,0.300000000002854,0,-17799.1027600568,17501.7933911085,198199.10294773,-357.665111534871,33.3488,33.3473,167036,"2026_06_04_0085","2026_06_04_0085_ev00561_rec1","no",504580
562,1,33.42365,-309.145424063218,-323.097325769014,-13.9519017057962,0.200000000006639,1.64999999999793,1.55000000000172,-302.378650402129,-16.9476544586034,4.48218936307079,117.648548495486,33.4234,33.42155,168473,"2026_06_04_0085","2026_06_04_0085_ev00562_rec1","no",504581
563,1,33.49565,-299.238113167783,-315.919681929299,-16.6815687615163,1.54999999999461,1.64999999999793,30.0000000000011,-306.000473467812,-1.55037331410425,2.99251887308898,-237.213712705185,33.49515,33.4934,169913,"2026_06_04_0085","2026_06_04_0085_ev00563_rec1","no",504582
564,1,33.52125,-305.004286145458,-317.344886988917,-12.3406008434588,0.450000000000728,6.59999999999883,7.000000000005,-285.268434059368,-33.882685969162,20.9999230861182,31.0433160422724,33.51985,33.51915,170425,"2026_06_04_0085","2026_06_04_0085_ev00564_rec1","no",504583
565,1,33.5553,-301.689811623825,-311.231859826563,-9.5420482027381,1.30000000000052,6.15000000000521,5.5499999999995,-290.79095275438,-24.3527900571806,10.5682727386979,61.4189780048724,33.5547,33.55305,171106,"2026_06_04_0085","2026_06_04_0085_ev00565_rec1","no",504584
566,1,33.61055,-291.476575779005,-338.61116534962,-47.134589570615,5.75000000000614,14.3999999999949,15.0999999999968,-274.775007995127,-61.6127353893376,25.5530899936459,-750.489441138931,33.61005,33.6036,172211,"2026_06_04_0085","2026_06_04_0085_ev00566_rec1","no",504585
567,1,33.6752,-301.813604464547,-306.577498243347,-4.76389377879963,0.500000000002387,12.0500000000021,11.2000000000023,-277196.273715962,276904.826762133,255146.871225789,-181.488723812051,33.6752,33.6742,173504,"2026_06_04_0085","2026_06_04_0085_ev00567_rec1","no",504586
568,1,33.6982,-295.430052588394,-336.442396982894,-41.0123443945005,2.19999999999487,10.1499999999959,10.9999999999957,-293.434918996423,-45.7708750543147,11.2216584245414,-501.04535701972,33.69785,33.69555,173964,"2026_06_04_0085","2026_06_04_0085_ev00568_rec1","no",504587
569,1,33.73805,-306.477990669982,-315.109745417129,-8.63175474714632,0.150000000004979,0.299999999995748,0.599999999991496,-300.47348303963,-11.2960917331785,3.02657979440303,144.837724698275,33.73795,33.73775,174761,"2026_06_04_0085","2026_06_04_0085_ev00569_rec1","no",504588
570,1,33.7716,-295.020561189209,-300.134219762156,-5.11365857294709,0.299999999995748,29.5500000000004,29.999999999994,34096.5112030126,-34400.1506285105,164873.892942312,-174.854341881269,33.7708,33.7705,175432,"2026_06_04_0085","2026_06_04_0085_ev00570_rec1","no",504589
571,1,33.78505,-298.347434167448,-303.442137483362,-5.09470331591359,0.300000000002854,5.69999999999737,6.19999999999976,-293.30311792202,-13.8431610046528,8.94746752881123,29.1527207883619,33.78505,33.78475,175701,"2026_06_04_0085","2026_06_04_0085_ev00571_rec1","no",504590
572,1,33.86935,-296.310987569796,-322.347938958031,-26.036951388235,3.34999999999752,8.60000000000127,30.0000000000011,-306.511116240252,-18.0109821346734,3.41948318150409,-431.542321473884,33.86905,33.864,177387,"2026_06_04_0085","2026_06_04_0085_ev00572_rec1","no",504591
573,1,33.8971,-299.745049177196,-331.455944582498,-31.7108954053022,0.94999999999601,6.89999999999458,9.55000000000439,-298.184716582858,-27.225906365297,13.3530074278685,-303.436963830944,33.8969,33.89585,177942,"2026_06_04_0085","2026_06_04_0085_ev00573_rec1","no",504592
574,1,33.93145,-300.267063590386,-306.510952933967,-6.24388934358115,0.849999999999795,8.95000000000579,9.59999999999894,-282.031157493832,-26.7726236441322,36.2727867103882,-7.5421281098312,33.93145,33.9306,178629,"2026_06_04_0085","2026_06_04_0085_ev00574_rec1","no",504593
575,1,33.9894,-288.11268875231,-292.967776640727,-4.85508788841685,0.499999999995282,30.4999999999964,30.0000000000011,-292.413518240212,-7.57153733835389,5.48541486917832,-175.634442225437,33.9894,33.9889,179788,"2026_06_04_0085","2026_06_04_0085_ev00575_rec1","no",504594
576,1,34.01965,-295.552178331779,-306.402042447457,-10.8498641156782,1.69999999999959,3.00000000000011,2.80000000000058,-288.683769556803,-13.8925337679561,11.4818665183969,46.678903537153,34.0194,34.0176,180393,"2026_06_04_0085","2026_06_04_0085_ev00576_rec1","no",504595
577,1,34.07065,-300.173813247784,-302.192439823966,-2.0186265761821,0.250000000001194,0.299999999995748,0.149999999997874,-291.432120303161,-9.82418194513008,3.99788838560028,222.097597667385,34.07065,34.0703,181413,"2026_06_04_0085","2026_06_04_0085_ev00577_rec1","no",504596
578,1,34.1383,-298.49762848897,-301.627287996197,-3.12965950722662,0.350000000004513,0.450000000000728,0.849999999999795,-288.943243648808,-11.3278220964376,15.5918018186095,135.492834102089,34.1383,34.1379,182766,"2026_06_04_0085","2026_06_04_0085_ev00578_rec1","no",504597
579,1,34.18705,-298.612077462679,-302.211443817196,-3.59936635451709,0.200000000006639,2.40000000000151,2.74999999999892,-293.625884721106,-9.55398605060003,6.60997598133264,86.1176433138063,34.18705,34.18685,183741,"2026_06_04_0085","2026_06_04_0085_ev00579_rec1","no",504598
580,1,34.21755,-289.880553902956,-296.398712774591,-6.51815887163445,0.199999999999534,31.1999999999983,30.0000000000011,-293.522370090394,-6.94066904176467,3.56407491714184,-156.649090861627,34.2154,34.2152,184351,"2026_06_04_0085","2026_06_04_0085_ev00580_rec1","no",504599
581,1,34.3222,-292.635071654816,-301.795871332321,-9.16079967750494,0.199999999999534,7.10000000000122,9.10000000000366,-292.300222905069,-11.7490443330337,7.90544926382704,-83.1675741167233,34.3222,34.322,186444,"2026_06_04_0085","2026_06_04_0085_ev00581_rec1","no",504600
582,1,34.4016,-304.614855830219,-321.441174869961,-16.826319039742,0.749999999996476,0.599999999998602,0,-291.302749721348,-14.4788948145345,8.36986920899724,280.586434473656,34.4009,34.3998,188032,"2026_06_04_0085","2026_06_04_0085_ev00582_rec1","no",504601
583,1,34.4543,-297.559623018734,-300.938599185351,-3.37897616661769,0.550000000004047,11.8499999999955,11.0500000000044,-288.724755152886,-16.119781348638,23.6089693951809,-24.5606646803288,34.4538,34.4518,189086,"2026_06_04_0085","2026_06_04_0085_ev00583_rec1","no",504602
584,1,34.50335,-298.891666177373,-311.928709890993,-13.0370437136197,0.299999999995748,3.45000000000084,4.24999999999898,-299.194378368435,-13.6776378102046,3.83396117944846,-65.592561678052,34.50325,34.50285,190067,"2026_06_04_0085","2026_06_04_0085_ev00584_rec1","no",504603
585,1,34.5499,-299.480323696957,-304.400064157738,-4.9197404607815,0.249999999994088,0.149999999997874,0,-293.455303537246,-6.72970469864083,4.14511063541473,152.551608750592,34.5499,34.5496,190998,"2026_06_04_0085","2026_06_04_0085_ev00585_rec1","no",504604
586,1,34.6443,-303.808822256215,-328.498804310437,-24.6899820542226,1.39999999999674,5.69999999999737,4.54999999999472,-299.492339021122,-25.9851043983773,6.87384264458627,-85.6127579021147,34.6437,34.6386,192886,"2026_06_04_0085","2026_06_04_0085_ev00586_rec1","no",504605
587,1,34.67325,-295.460646271808,-310.897962494661,-15.4373162228538,1.4499999999984,8.1999999999951,8.74999999999915,-292.255757429752,-18.6174936292544,11.9126070301459,-145.399306386093,34.67155,34.6698,193465,"2026_06_04_0085","2026_06_04_0085_ev00587_rec1","no",504606
588,1,34.8192,-290.225019419824,-295.645176844678,-5.42015742485455,0.749999999996476,30.5000000000035,30.0000000000011,-296.094517350991,-5.75457542184407,2.61375460121922,-198.631736909889,34.8192,34.81845,196384,"2026_06_04_0085","2026_06_04_0085_ev00588_rec1","no",504607
589,1,35.03025,-302.530924479167,-320.4345703125,-17.9036458333333,1.89999999999202,3.84999999999991,2.20000000000198,-293.58952278962,-19.2576698540953,10.3394232309333,56.4626073201504,35.0289,35.02695,200605,"2026_06_04_0085","2026_06_04_0085_ev00589_rec1","no",504608
591,1,35.23655,-293.956938244048,-307.6171875,-13.6602492559524,1.34999999999508,14.4500000000036,27.150000000006,-298.838487240522,-9.87228222859339,6.71389216381871,-259.955268423899,35.23425,35.2327,204731,"2026_06_04_0085","2026_06_04_0085_ev00591_rec1","no",504610
592,1,35.2863,-296.107700892857,-317.3828125,-21.2751116071428,1.95000000000078,6.05000000000189,6.9999999999979,-291.504662022634,-24.3703802065654,10.4504387177471,-144.158495003836,35.2854,35.2833,205726,"2026_06_04_0085","2026_06_04_0085_ev00592_rec1","no",504611
593,1,35.3634,-300.205775669643,-316.7724609375,-16.5666852678572,0.599999999998602,3.45000000000084,4.64999999999804,-296.117749805622,-16.9938338124346,9.18545541731547,-34.8052963256843,35.36335,35.36275,207268,"2026_06_04_0085","2026_06_04_0085_ev00593_rec1","no",504612
594,1,35.4992,-299.479166666667,-303.955078125,-4.47591145833331,1.85000000000457,9.94999999999635,7.55000000000194,-297.795300015835,-12.9722233436675,5.56004778861646,-46.732584635416,35.497,35.49515,209984,"2026_06_04_0085","2026_06_04_0085_ev00594_rec1","no",504613
595,1,35.54485,-295.41015625,-308.2275390625,-12.8173828125,0.10000000000332,9.09999999999656,9.45000000000107,-291.397210094978,-20.3578974495622,11.2024864972889,-124.114988708496,35.54255,35.54245,210897,"2026_06_04_0085","2026_06_04_0085_ev00595_rec1","no",504614
596,1,35.59355,-305.059523809524,-310.6689453125,-5.6094215029762,1.24999999999886,5.29999999999831,3.20000000000675,-288.335198418609,-22.2069264766374,19.148816764219,158.745901925223,35.5902,35.58895,211871,"2026_06_04_0085","2026_06_04_0085_ev00596_rec1","no",504615
597,1,35.64655,-304.507300967262,-324.096649169922,-19.5893482026599,1.04999999999933,2.09999999999866,2.80000000000058,-302.454613186921,-14.925861467762,5.88382408684998,-32.5193828764409,35.64655,35.6455,212931,"2026_06_04_0085","2026_06_04_0085_ev00597_rec1","no",504616
598,1,35.66865,-306.832449776786,-314.3310546875,-7.49860491071428,0.150000000004979,0.0500000000016598,0,-293.78632922842,-13.7253837444177,11.6414159237723,243.586948939732,35.66865,35.6685,213373,"2026_06_04_0085","2026_06_04_0085_ev00598_rec1","no",504617
599,1,35.71195,-296.049572172619,-323.486297607422,-27.4367254348028,1.89999999999912,7.69999999999982,8.15000000000055,-293.415199245157,-27.0532482058423,10.8488735281765,-251.387781996954,35.7114,35.70935,214239,"2026_06_04_0085","2026_06_04_0085_ev00599_rec1","no",504618
600,1,35.9999,-306.367420014881,-349.731414794922,-43.3639947800409,7.39999999999696,13.0999999999943,8.85000000000247,-296.169637174468,-60.4559252783098,10.6005332441467,-502.302853102911,35.99935,35.99,219998,"2026_06_04_0085","2026_06_04_0085_ev00600_rec1","no",504619
601,1,36.15995,-294.189453125,-299.6826171875,-5.4931640625,0.10000000000332,2.34999999999985,0.0500000000016598,-104365.714951982,104069.508698344,323316.221933161,-208.526609802246,36.1594,36.1593,223199,"2026_06_04_0085","2026_06_04_0085_ev00601_rec1","no",504620
602,1,36.1794,-293.840680803571,-303.955078125,-10.1143973214286,0.399999999999068,18.2999999999964,29.999999999994,-297.610655487541,-17.2170562054816,6.54912562945932,-251.700263541085,36.17795,36.17755,223588,"2026_06_04_0085","2026_06_04_0085_ev00602_rec1","no",504621
603,1,36.2278,-301.310221354167,-307.0068359375,-5.69661458333331,0.94999999999601,3.25000000000131,3.19999999999965,-297.120665061598,-10.2230944143018,6.58338186854578,54.7587076822923,36.2278,36.22685,224556,"2026_06_04_0085","2026_06_04_0085_ev00603_rec1","no",504622
604,1,36.28035,-299.508231026786,-330.810516357422,-31.3022853306362,2.84999999999513,10.4500000000058,9.50000000000273,-298.71836984699,-34.9452389415912,9.1614241962487,-380.835178702218,36.27975,36.2766,225607,"2026_06_04_0085","2026_06_04_0085_ev00604_rec1","no",504623
605,1,36.37405,-306.774321056548,-317.9931640625,-11.2188430059524,0.399999999999068,4.04999999999944,3.10000000000343,-300.762507310575,-18.2872300428622,5.28412365644234,72.1595431373224,36.3727,36.3722,227481,"2026_06_04_0085","2026_06_04_0085_ev00605_rec1","no",504624
606,1,36.4523,-302.734375,-329.589813232422,-26.8554382324219,2.34999999999985,4.40000000000396,4.85000000000468,-298.28530244018,-27.040049759686,7.67038497103326,-101.455638122559,36.4522,36.44875,229046,"2026_06_04_0085","2026_06_04_0085_ev00606_rec1","no",504625
607,1,36.5022,-295.41015625,-303.3447265625,-7.9345703125,0.299999999995748,14.2000000000024,19.6500000000057,-296.47444299944,-8.62756194091976,12.8671812742371,-135.025024414062,36.5022,36.5019,230044,"2026_06_04_0085","2026_06_04_0085_ev00607_rec1","no",504626
608,1,36.5502,-295.41015625,-302.734375,-7.32421875,0.300000000002854,12.7999999999986,17.8500000000028,-295.905774997267,-7.69710806063599,14.3112396332493,-113.937377929688,36.5502,36.5499,231004,"2026_06_04_0085","2026_06_04_0085_ev00608_rec1","no",504627
609,1,36.7465,-305.844261532738,-314.94140625,-9.09714471726193,0.300000000002854,0.750000000003581,1.75000000000125,-296.038693396143,-15.1990345177751,12.1121253594469,123.616536458333,36.7465,36.7462,234930,"2026_06_04_0085","2026_06_04_0085_ev00609_rec1","no",504628
610,1,36.79525,-298.055013020833,-314.94140625,-16.8863932291667,0.299999999995748,6.54999999999717,30.0000000000011,-304.859235337547,-6.24628531531129,2.07427318565673,-264.94852701823,36.791,36.79025,235905,"2026_06_04_0085","2026_06_04_0085_ev00610_rec1","no",504629
611,1,36.82575,-310.465494791667,-315.5517578125,-5.08626302083331,0.600000000005707,1.05000000000643,0.0999999999962142,-305.98574704149,-7.10695006420495,0.680824845707676,130.503338114421,36.82575,36.82465,236515,"2026_06_04_0085","2026_06_04_0085_ev00611_rec1","no",504630
612,1,36.89665,-297.8515625,-303.955078125,-6.103515625,0.999999999997669,31.1999999999983,30.0000000000011,-304.947583847458,-5.449760330177,1.57590249630008,-237.380969238281,36.89615,36.89515,237933,"2026_06_04_0085","2026_06_04_0085_ev00612_rec1","no",504631
613,1,36.92205,-305.7861328125,-316.7724609375,-10.986328125,0.299999999995748,5.34999999999997,5.80000000000069,-300.654210273666,-18.6766333468817,8.20100492072862,-3.90623626708985,36.9215,36.921,238441,"2026_06_04_0085","2026_06_04_0085_ev00613_rec1","no",504632
614,1,37.1443,-298.956008184524,-335.693328857422,-36.7373206728981,3.40000000000629,12.7999999999986,10.9999999999957,-298.578989260093,-38.4313376553535,10.8844937555568,-524.746553402856,37.14145,37.13755,242886,"2026_06_04_0085","2026_06_04_0085_ev00614_rec1","no",504633
615,1,37.1769,-308.692568824405,-330.200164794922,-21.5075959705171,1.15000000000265,3.60000000000582,3.99999999999778,-306.005371959147,-23.7450264751675,5.01403349715244,-54.5769501459032,37.1768,37.1754,243538,"2026_06_04_0085","2026_06_04_0085_ev00615_rec1","no",504634
616,1,37.2027,-304.652622767857,-313.720703125,-9.06808035714283,0.349999999997408,11.5499999999997,13.450000000006,39684.2443156653,-39997.9713484339,94224.3409467613,-93.0655266898011,37.2021,37.2012,244054,"2026_06_04_0085","2026_06_04_0085_ev00616_rec1","no",504635
617,1,37.21815,-307.413736979167,-313.720703125,-6.30696614583331,0.10000000000332,1.1999999999972,1.50000000000716,-295.169674951445,-16.6836543309501,11.0700310342707,193.038940429688,37.2179,37.21775,244363,"2026_06_04_0085","2026_06_04_0085_ev00617_rec1","no",504636
618,1,37.2727,-295.41015625,-303.955078125,-8.544921875,0.199999999999534,13.0000000000052,16.849999999998,-297.312156644035,-13.3650698969564,7.14467636734264,-167.434692382812,37.2715,37.2713,245454,"2026_06_04_0085","2026_06_04_0085_ev00618_rec1","no",504637
619,1,37.366,-298.374720982143,-325.317352294922,-26.942631312779,1.24999999999886,8.65000000000293,8.64999999999583,-301.296768234051,-28.9741093235391,6.10716465873254,-336.850708661761,37.364,37.36275,247320,"2026_06_04_0085","2026_06_04_0085_ev00619_rec1","no",504638
620,1,37.4058,-303.3447265625,-316.162109375,-12.8173828125,0.450000000000728,3.00000000000011,0.0500000000016598,-307.321163423887,-8.84290056850442,1e-07,-151.702864074707,37.40325,37.4027,248116,"2026_06_04_0085","2026_06_04_0085_ev00620_rec1","no",504639
621,1,37.53145,-308.256603422619,-311.279296875,-3.02269345238096,0,0,0,-295.432169057659,-13.4566412630753,12.8929111864944,227.224440801711,37.53145,37.5313,250629,"2026_06_04_0085","2026_06_04_0085_ev00621_rec1","no",504640
622,1,37.5707,-305.204845610119,-327.148406982422,-21.9435613723028,0.849999999999795,31.7000000000007,30.0000000000011,-318.835524564386,-1.83448057860936,1.23008302638557,-447.518064553397,37.56915,37.5679,251414,"2026_06_04_0085","2026_06_04_0085_ev00622_rec1","no",504641
623,1,37.5926,-301.920572916667,-337.524383544922,-35.6038106282552,0.799999999998136,13.2499999999993,14.2999999999986,-309.452284957069,-36.1437891503195,7.70142144008601,-631.362524414062,37.5894,37.58845,251852,"2026_06_04_0085","2026_06_04_0085_ev00623_rec1","no",504642
624,1,37.63795,-316.627134777251,-325.317352294922,-8.69021751767116,0.499999999995282,6.05000000000189,4.75000000000136,-298.483904327278,-32.4505249479201,11.3176517574608,172.810208020891,37.6358,37.6353,252759,"2026_06_04_0085","2026_06_04_0085_ev00624_rec1","no",504643
625,1,37.68505,-303.606305803571,-380.248992919922,-76.6426871163504,4.50000000000017,44.2999999999998,30.0000000000011,-348.987420904085,-53.4198715665242,3.56293468675702,-2562.99129279,37.67365,37.66855,253701,"2026_06_04_0085","2026_06_04_0085_ev00625_rec1","no",504644
626,1,37.70605,-329.299171084449,-376.586883544922,-47.2877124604724,0.94999999999601,7.3499999999953,6.49999999999551,-331.815246805808,-56.788809958485,4.87422242549566,-460.283586447579,37.70425,37.7031,254121,"2026_06_04_0085","2026_06_04_0085_ev00626_rec1","no",504645
627,1,37.72435,-320.579877580915,-344.848602294922,-24.2687247140067,0.699999999994816,8.74999999999915,8.24999999999676,-318.380877648856,-34.8396841070365,7.25328914640307,-233.553002057756,37.72285,37.722,254487,"2026_06_04_0085","2026_06_04_0085_ev00627_rec1","no",504646
628,1,37.7619,-313.255670456659,-344.238250732422,-30.9825802757626,2.80000000000769,8.49999999999795,7.80000000000314,-310.031498979806,-36.3836914047222,8.60103273943132,-269.089130219959,37.7616,37.7587,255238,"2026_06_04_0085","2026_06_04_0085_ev00628_rec1","no",504647
629,1,37.7992,-308.634440104167,-310.6689453125,-2.03450520833331,0.250000000001194,1.04999999999933,1.09999999999388,-307.297147324799,-2.98596945548308,3.04227314926,29.739381408692,37.799,37.79865,255984,"2026_06_04_0085","2026_06_04_0085_ev00629_rec1","no",504648
630,1,37.8426,-307.500930059524,-310.05859375,-2.5576636904762,0,12.7999999999986,12.5499999999974,-316898.754507664,316604.979214656,270363.075526152,-115.46519481114,37.8426,37.8425,256852,"2026_06_04_0085","2026_06_04_0085_ev00630_rec1","no",504649
631,1,37.882,-309.15759858631,-357.665985107422,-48.5083865211124,17.1999999999954,27.7499999999975,16.7000000000002,-296.56859150401,-66.1236827370819,21.6343380081783,-1142.4832762582,37.8808,37.863,257640,"2026_06_04_0085","2026_06_04_0085_ev00631_rec1","no",504650
632,1,37.96955,-305.379231770833,-347.290008544922,-41.9107767740886,4.3500000000023,8.15000000000055,8.15000000000055,-318.926104117821,-30.4572786073394,2.97632396288946,-702.305499776205,37.96695,37.9625,259391,"2026_06_04_0085","2026_06_04_0085_ev00632_rec1","no",504651
633,1,37.9895,-324.038534981864,-333.862274169922,-9.82373918805803,0.250000000001194,0.199999999999534,0,-312.437922572212,-14.3213236785759,7.53289016951842,242.088415963309,37.9895,37.9889,259790,"2026_06_04_0085","2026_06_04_0085_ev00633_rec1","no",504652
634,1,38.0182,-318.777888706752,-322.265594482422,-3.48770577566967,0.0499999999945544,1.89999999999912,17.4500000000037,-320.463240050915,-1.50301271095054,0.55144079130009,-51.8515315464572,38.01805,38.018,260364,"2026_06_04_0085","2026_06_04_0085_ev00634_rec1","no",504653
635,1,38.03945,-313.691637311663,-328.979461669922,-15.2878243582589,0.500000000002387,10.4500000000058,10.5000000000004,-307.748829345382,-25.9913909818358,13.0150038865017,-158.976601736887,38.03715,38.0365,260789,"2026_06_04_0085","2026_06_04_0085_ev00635_rec1","no",504654
636,1,38.08215,-313.982279459635,-330.200164794922,-16.2178853352864,0.399999999999068,4.20000000000442,2.80000000000058,-311.150454889106,-18.0930805927288,3.91194826903642,-11.7338315327956,38.07985,38.0794,261643,"2026_06_04_0085","2026_06_04_0085_ev00636_rec1","no",504655
637,1,38.119,-304.449172247024,-335.082977294922,-30.6338050478981,3.2499999999942,14.9000000000044,30.0000000000011,-316.66771804181,-19.7713660059815,3.71628748466944,-692.223064095634,38.1098,38.10585,262380,"2026_06_04_0085","2026_06_04_0085_ev00637_rec1","no",504656
638,1,38.1496,-322.81782749721,-335.082977294922,-12.2651497977121,1.7999999999958,1.50000000000006,0,222040.430208727,-222365.259191117,370641.256561609,199.809097072056,38.1488,38.14695,262992,"2026_06_04_0085","2026_06_04_0085_ev00638_rec1","no",504657
639,1,38.2036,-309.273856026786,-325.927703857422,-16.6538478306362,1.59999999999627,2.049999999997,0.800000000005241,-296.450741054359,-19.5846656476039,25.6282780530628,20.063156781878,38.2034,38.20145,264072,"2026_06_04_0085","2026_06_04_0085_ev00639_rec1","no",504658
640,1,38.2607,-307.588123139881,-361.938446044922,-54.3503229050409,2.34999999999985,15.6500000000008,22.8499999999983,-323.377822643826,-39.7574023272057,10.2931685048953,-1008.55347591582,38.2597,38.25675,265214,"2026_06_04_0085","2026_06_04_0085_ev00640_rec1","no",504659
641,1,38.28555,-315.580820719401,-335.082977294922,-19.5021565755208,1.30000000000052,9.10000000000366,7.30000000000075,-312.144385109374,-25.0900793691331,8.54576431800354,-163.280313364664,38.2831,38.2818,265711,"2026_06_04_0085","2026_06_04_0085_ev00641_rec1","no",504660
642,1,38.31625,-317.353739420573,-320.4345703125,-3.08083089192706,0.0500000000016598,1.04999999999933,0.950000000003115,-311.262299404615,-12.4949925200829,1.70343982909192,159.993272908529,38.3162,38.31595,266325,"2026_06_04_0085","2026_06_04_0085_ev00642_rec1","no",504661
643,1,38.3505,-316.801516578311,-328.369110107422,-11.5675935291109,0.999999999997669,0.599999999998602,0,-301.533201572864,-19.3863501392008,8.53286159820251,294.562692987351,38.3505,38.34925,267010,"2026_06_04_0085","2026_06_04_0085_ev00643_rec1","no",504662
644,1,38.4506,-299.36290922619,-324.707000732422,-25.3440915062314,2.14999999999321,10.9999999999957,10.0500000000068,-299.165687850709,-24.1405961483007,10.8876700790512,-332.583361453102,38.4474,38.4452,269012,"2026_06_04_0085","2026_06_04_0085_ev00644_rec1","no",504663
645,1,38.6117,-324.038527715774,-333.862274169922,-9.82374645414808,3.05000000000177,5.15000000000043,1.50000000000006,-301.493345180527,-30.4775508761638,10.01389612211,378.463175964355,38.6109,38.60755,272234,"2026_06_04_0085","2026_06_04_0085_ev00645_rec1","no",504664
646,1,38.70205,-304.216657366071,-324.707000732422,-20.4903433663504,2.59999999999394,8.04999999999723,7.49999999999318,-299.033333401139,-23.9894071552129,11.8850636315552,-137.90233655657,38.7017,38.69805,274041,"2026_06_04_0085","2026_06_04_0085_ev00646_rec1","no",504665
647,1,38.7349,-304.332914806548,-307.0068359375,-2.67392113095241,0.349999999997408,1.24999999999886,1.24999999999886,-299.814685629035,-7.32369027977414,4.32929005357768,103.010631742931,38.7349,38.73455,274698,"2026_06_04_0085","2026_06_04_0085_ev00647_rec1","no",504666
648,1,38.7865,-301.513671875,-327.148406982422,-25.6347351074219,3.44999999999374,8.54999999999961,30.0000000000011,-313.795763572315,-9.3645679186097,2.03610544540968,-443.649072265625,38.78575,38.7821,275730,"2026_06_04_0085","2026_06_04_0085_ev00648_rec1","no",504667
649,1,38.8082,-308.169410342262,-328.369110107422,-20.1996997651599,1.10000000000099,9.29999999999609,8.74999999999915,-246.139067001661,-77.992086514382,75.8176228242757,-116.37425515311,38.806,38.80465,276164,"2026_06_04_0085","2026_06_04_0085_ev00649_rec1","no",504668
650,1,38.8396,-303.66443452381,-307.0068359375,-3.34240141369048,0,1.04999999999222,1.35000000000218,-302.47708079203,-4.3139172868945,2.31024112507418,23.9323207310266,38.8395,38.8392,276792,"2026_06_04_0085","2026_06_04_0085_ev00650_rec1","no",504669
651,1,39.03775,-294.189453125,-306.396484375,-12.20703125,1.10000000000809,12.8500000000003,19.2499999999995,-297.334413564551,-9.94100975238091,9.72011334411532,-200.3173828125,39.0377,39.0366,280755,"2026_06_04_0085","2026_06_04_0085_ev00651_rec1","no",504670
652,1,39.1427,-303.3447265625,-309.4482421875,-6.103515625,0.10000000000332,5.25000000000375,6.34999999999764,-303.131990487765,-10.9017949936462,4.29098260069347,-40.7562255859375,39.1427,39.1426,282854,"2026_06_04_0085","2026_06_04_0085_ev00652_rec1","no",504671
653,1,39.174,-302.530924479167,-319.2138671875,-16.6829427083333,0.150000000004979,5.65000000000282,5.84999999999525,-295.618477879523,-18.4756471128722,17.0299089953287,-77.6367126464838,39.17335,39.17135,283480,"2026_06_04_0085","2026_06_04_0085_ev00653_rec1","no",504672
654,1,39.2129,-300.932384672619,-315.5517578125,-14.619373139881,0.900000000001455,7.09999999999411,6.19999999999976,-300.787543055739,-14.8650725685613,6.30263246768965,-131.919488380069,39.2101,39.209,284258,"2026_06_04_0085","2026_06_04_0085_ev00654_rec1","no",504673
655,1,39.285,-313.575378417969,-320.4345703125,-6.85919189453125,0.549999999996942,1.7999999999958,2.40000000000151,-306.317054783901,-12.3182045184528,10.3754270734409,95.3281280517578,39.285,39.28415,285700,"2026_06_04_0085","2026_06_04_0085_ev00655_rec1","no",504674
656,1,39.3799,-298.4619140625,-322.875946044922,-24.4140319824219,2.15000000000032,12.5499999999974,13.8499999999979,-306.950174843201,-15.1121458688873,4.16790066268404,-465.286218261719,39.37175,39.36955,287598,"2026_06_04_0085","2026_06_04_0085_ev00656_rec1","no",504675
657,1,39.41585,-310.029529389881,-321.044921875,-11.015392485119,0.149999999997874,26.3999999999953,23.6999999999981,-150344.18938033,150044.164555882,252804.393091838,32.8269109090173,39.41585,39.41555,288317,"2026_06_04_0085","2026_06_04_0085_ev00657_rec1","no",504676
658,1,39.4418,-298.839750744048,-332.641571044922,-33.8018203008743,2.09999999999866,8.15000000000055,10.6999999999999,-308.714099448531,-24.2029324579259,4.81476699554469,-495.855941336496,39.44035,39.43795,288836,"2026_06_04_0085","2026_06_04_0085_ev00658_rec1","no",504677
659,1,39.51645,-311.424617222377,-319.2138671875,-7.78924996512279,0.599999999998602,0.599999999998602,0.799999999998136,-305.379944944514,-11.2256068151768,3.47697672698405,140.65765435355,39.51645,39.51575,290329,"2026_06_04_0085","2026_06_04_0085_ev00659_rec1","no",504678
660,1,39.5363,-308.692568824405,-313.1103515625,-4.41778273809524,0.0500000000016598,0.350000000004513,0.149999999997874,-310.058139849465,-3.28416275007057,0.0584999434238846,-42.2645590645927,39.5361,39.53605,290726,"2026_06_04_0085","2026_06_04_0085_ev00660_rec1","no",504679
661,1,39.5568,-301.80431547619,-319.82421875,-18.0199032738095,3.05000000000177,20.0500000000048,20.700000000005,119491.574782272,-119811.883264854,209542.942098628,-366.880732145763,39.5558,39.55275,291136,"2026_06_04_0085","2026_06_04_0085_ev00661_rec1","no",504680
662,1,39.64945,-298.4619140625,-305.7861328125,-7.32421875,0.0500000000016598,8.89999999999702,6.15000000000521,-156924.798213882,156626.03518278,401307.591783629,-187.255857849121,39.6491,39.64905,292989,"2026_06_04_0085","2026_06_04_0085_ev00662_rec1","no",504681
663,1,39.6714,-308.140345982143,-314.3310546875,-6.19070870535717,0.200000000006639,4.6999999999997,3.79999999999825,-304.509434162178,-11.698953402162,5.55659171187309,35.6968486240924,39.66955,39.66925,293428,"2026_06_04_0085","2026_06_04_0085_ev00663_rec1","no",504682
664,1,39.7183,-309.12853422619,-320.4345703125,-11.3060360863095,0.699999999994816,4.59999999999638,5.24999999999665,-252.839703793708,-63.8406296637179,97.0950887677522,32.0173189435688,39.71775,39.71655,294366,"2026_06_04_0085","2026_06_04_0085_ev00664_rec1","no",504683
665,1,39.7716,-297.8515625,-306.396484375,-8.544921875,0.300000000002854,25.9500000000017,29.999999999994,-301.452424368323,-7.67189912477734,10.5390366141467,-187.850952148438,39.7716,39.7713,295432,"2026_06_04_0085","2026_06_04_0085_ev00665_rec1","no",504684
666,1,39.86155,-301.426478794643,-357.055633544922,-55.629154750279,5.65000000000282,12.3499999999979,11.7000000000047,-307.323099316492,-53.3355941799459,9.08142490946518,-852.536325727191,39.8612,39.8555,297231,"2026_06_04_0085","2026_06_04_0085_ev00666_rec1","no",504685
667,1,39.90905,-311.831519717262,-323.486297607422,-11.6547778901599,0.450000000000728,2.50000000000483,2.65000000000271,-304.500193741756,-18.7503664580509,5.53846464574015,112.282199242002,39.90905,39.90845,298181,"2026_06_04_0085","2026_06_04_0085_ev00667_rec1","no",504686
668,1,39.95335,-307.733444940476,-314.3310546875,-6.5976097470238,0.0500000000016598,0.10000000000332,0,-300.457030750635,-8.33384129769159,2.89153277567024,194.054013206846,39.95335,39.9532,299067,"2026_06_04_0085","2026_06_04_0085_ev00668_rec1","no",504687
669,1,40.00205,-303.955078125,-309.950717512437,-5.99563938743671,2.60000000000105,11.0499999999973,25.8499999999984,-306.167721075042,-9.09792982529844,3.50770690120408,-121.379872244288,40.00185,39.9992,300041,"2026_06_04_0085","2026_06_04_0085_ev00669_rec1","no",504688
670,1,40.06645,-306.359021068023,-319.514110493337,-13.1550894253141,2.25000000000364,1.80000000000291,5.5499999999995,49589.1362021473,-49902.5015237164,129400.300455808,-82.7643909067335,40.06395,40.06015,301329,"2026_06_04_0085","2026_06_04_0085_ev00670_rec1","no",504689
671,1,40.10555,-299.741154228606,-308.762678400059,-9.02152417145328,0.599999999998602,5.20000000000209,0.200000000006639,-277630.493677674,277327.489577056,706625.40150014,-300.152034089345,40.1041,40.1033,302111,"2026_06_04_0085","2026_06_04_0085_ev00671_rec1","no",504690
672,1,40.17825,-302.095611156407,-315.459010835182,-13.3633996787743,0.250000000001194,0.399999999999068,3.09999999999633,-294.258701152843,-14.2661782958025,28.3641480574105,-40.2183968974474,40.17805,40.17685,303565,"2026_06_04_0085","2026_06_04_0085_ev00672_rec1","no",504691
673,1,40.25115,-297.034895510854,-319.463860763537,-22.428965252683,0.749999999996476,10.3500000000025,14.5499999999998,-300.122851681381,-19.6554655077868,10.9570295225039,-318.265498195503,40.2507,40.2497,305023,"2026_06_04_0085","2026_06_04_0085_ev00673_rec1","no",504692
674,1,40.3606,-303.737513419845,-310.288789949043,-6.55127652919776,0.250000000001194,10.0000000000051,10.5500000000021,-296.283119584512,-18.7564059642446,16.4357646778895,-42.234723838534,40.3602,40.3597,307212,"2026_06_04_0085","2026_06_04_0085_ev00674_rec1","no",504693
675,1,40.4352,-308.402041410339,-317.658636345854,-9.25659493551478,1.25000000000597,6.70000000000215,4.24999999999898,-302.884967379222,-15.1588761446574,8.04091297775777,18.2150366909815,40.43325,40.4317,308704,"2026_06_04_0085","2026_06_04_0085_ev00675_rec1","no",504694
676,1,40.50525,-307.267269503774,-317.165488645913,-9.89821914213854,0.999999999997669,14.7999999999939,15.3000000000034,-188.750053117424,-131.145498776432,215.735241788701,-138.259084427494,40.50415,40.50315,310105,"2026_06_04_0085","2026_06_04_0085_ev00676_rec1","no",504695
677,1,40.59035,-300.581543489657,-326.749605661083,-26.1680621714261,2.049999999997,5.40000000000163,6.9999999999979,-298.151267763038,-22.8739977908411,10.9933924892255,-223.779607358527,40.5887,40.58645,311807,"2026_06_04_0085","2026_06_04_0085_ev00677_rec1","no",504696
678,1,40.6387,-300.83442808641,-322.064793358552,-21.2303652721421,0.650000000000261,13.2499999999993,15.2499999999947,-299.638009339235,-21.9578599225114,17.2104372986785,-345.466914942867,40.63585,40.63505,312774,"2026_06_04_0085","2026_06_04_0085_ev00678_rec1","no",504697
679,1,40.79075,-306.826013296202,-312.688300489385,-5.86228719318217,1.89999999999912,11.099999999999,12.0500000000021,-304.079572349435,-13.6048593930894,11.8455605009585,-93.8244608666404,40.78945,40.7874,315815,"2026_06_04_0085","2026_06_04_0085_ev00679_rec1","no",504698
680,1,40.93905,-317.299791521251,-358.120165901934,-40.8203743806833,6.34999999999764,7.50000000000028,8.09999999999889,-299.631811697231,-56.8487610607258,14.6922096966504,-610.764373654397,40.9309,40.9242,318781,"2026_06_04_0085","2026_06_04_0085_ev00680_rec1","no",504699
681,1,40.9685,-309.232882756666,-314.183507959474,-4.95062520280806,0.299999999995748,2.00000000000244,2.049999999997,-305.714234631695,-7.86238745185889,5.3241384358114,59.3871993752435,40.9669,40.9665,319370,"2026_06_04_0085","2026_06_04_0085_ev00681_rec1","no",504700
682,1,41.0753,-302.799281797685,-308.236374120981,-5.43709232329581,0.349999999997408,8.15000000000055,9.79999999999848,-301.419277094738,-8.29590333052783,10.9737512726024,-49.9890479575275,41.07485,41.0745,321506,"2026_06_04_0085","2026_06_04_0085_ev00682_rec1","no",504701
683,1,41.1129,-303.161464869335,-313.609431082871,-10.4479662135357,1.1999999999972,9.25000000000864,7.80000000000314,-301.309041669881,-12.7341754139191,9.76098735065735,-113.151600237445,41.1099,41.1087,322258,"2026_06_04_0085","2026_06_04_0085_ev00683_rec1","no",504702
684,1,41.2206,-306.359859462773,-312.837896718636,-6.47803725586283,0.10000000000332,18.9000000000021,16.6000000000039,-279197.996657581,278896.049875669,680315.61610743,-52.902296921921,41.22045,41.2203,324412,"2026_06_04_0085","2026_06_04_0085_ev00684_rec1","no",504703
685,1,41.25675,-316.39357015674,-321.566895502387,-5.1733253456469,1.30000000000052,2.84999999999513,1.85000000000457,-300.725159987995,-23.4168916858925,6.49613736509092,311.713819384914,41.25625,41.2548,325135,"2026_06_04_0085","2026_06_04_0085_ev00685_rec1","no",504704
686,1,41.3982,-308.762997833439,-327.357094616311,-18.5940967828719,1.40000000000384,24.4500000000016,17.55,-398178.929001381,397872.901894029,726777.374792731,-217.806660902302,41.39685,41.39335,327964,"2026_06_04_0085","2026_06_04_0085_ev00686_rec1","no",504705
687,1,41.42485,-310.662565476617,-335.467013420038,-24.8044479434213,1.75000000000125,11.6000000000014,12.750000000004,245946.990790617,-246279.729184527,243096.747412751,-278.35916087295,41.423,41.42095,328497,"2026_06_04_0085","2026_06_04_0085_ev00687_rec1","no",504706
688,1,41.45825,-316.322121406924,-318.507334527038,-2.18521312011421,0.499999999995282,30.1999999999936,30.0000000000011,-24014.2260966987,23709.8483910979,255215.844906369,316.124960232956,41.45825,41.45775,329165,"2026_06_04_0085","2026_06_04_0085_ev00688_rec1","no",504707
689,1,41.48295,-309.930451782371,-321.404909049088,-11.4744572667168,0.599999999998602,27.2500000000022,19.6499999999986,-318.46669308594,14.4399261877805,16.2012625001384,-68.3207282139209,41.48255,41.48135,329659,"2026_06_04_0085","2026_06_04_0085_ev00689_rec1","no",504708
690,1,41.50275,-296.671279922659,-336.218846064831,-39.5475661421721,8.15000000000055,12.4499999999941,12.0999999999967,263182.383749277,-263503.836991795,314627.379550268,-592.380010108605,41.50245,41.49405,330055,"2026_06_04_0085","2026_06_04_0085_ev00690_rec1","no",504709
691,1,41.5174,-303.932954581026,-322.751774666196,-18.8188200851701,2.25000000000364,5.15000000000043,4.64999999999804,-303.84890611323,-28.8165748343013,3.29730802513902,-125.027354134961,41.51715,41.51485,330348,"2026_06_04_0085","2026_06_04_0085_ev00691_rec1","no",504710
692,1,41.543,-313.343224217721,-318.057135504302,-4.71391128658138,0.0999999999962142,31.3499999999962,30.0000000000011,-301.556230752295,1.21288099425187,9.23723587470589,360.028861004904,41.5425,41.5416,330860,"2026_06_04_0085","2026_06_04_0085_ev00692_rec1","no",504711
693,1,41.5586,-292.07080185364,-315.518882878698,-23.4480810250586,2.3000000000053,3.25000000000131,0,-39180.4235084751,38874.3989600739,85846.7470706882,-710.972353064399,41.5573,41.5545,331172,"2026_06_04_0085","2026_06_04_0085_ev00693_rec1","no",504712
694,1,41.57775,-300.709224946577,-344.167135209419,-43.4579102628419,2.25000000000364,6.7499999999967,6.05000000000189,-307.042533274788,-49.9649046381891,3.70642399595691,-463.336452638362,41.5771,41.5744,331555,"2026_06_04_0085","2026_06_04_0085_ev00694_rec1","no",504713
695,1,41.5978,-295.104555769707,-326.586201446154,-31.4816456764469,1.64999999999793,4.44999999999851,11.650000000003,-306.239466001829,-7.64115861212284,4.31164990931787,-444.687415507133,41.59705,41.5949,331956,"2026_06_04_0085","2026_06_04_0085_ev00695_rec1","no",504714
696,1,41.6179,-289.28651144373,-339.636483088577,-50.3499716448474,2.45000000000317,2.09999999999866,6.59999999999883,-305.805052851872,-10.4672069575497,4.11099247526797,-630.447294134184,41.61775,41.61485,332358,"2026_06_04_0085","2026_06_04_0085_ev00696_rec1","no",504715
697,1,41.6384,-283.479663287285,-326.989028596664,-43.5093653093787,1.80000000000291,32.6999999999984,30.0000000000011,-307.931945498762,-4.87013539487188,3.66421864601675,-900.040428290482,41.6366,41.63385,332768,"2026_06_04_0085","2026_06_04_0085_ev00697_rec1","no",504716
698,1,41.65815,-292.477610230535,-334.399196203489,-41.9215859729545,2.84999999999513,4.30000000000064,8.15000000000055,-306.485399883595,-10.1901736210444,4.25949883377023,-587.671234002881,41.65775,41.6548,333163,"2026_06_04_0085","2026_06_04_0085_ev00698_rec1","no",504717
699,1,41.6833,-277.307626822678,-336.177632377446,-58.8700055547677,8.85000000000247,37.5000000000014,0,-306.172441222906,5.26269014557543,11.4768748737119,-1206.8957785064,41.6829,41.67395,333666,"2026_06_04_0085","2026_06_04_0085_ev00699_rec1","no",504718
700,1,41.69775,-283.541478682867,-339.049015252917,-55.5075365700498,2.9000000000039,14.2000000000024,30.0000000000011,-310.543470727328,-32.7319022502109,3.39454854087037,-1027.83777182157,41.69745,41.6944,333955,"2026_06_04_0085","2026_06_04_0085_ev00700_rec1","no",504719
701,1,41.7179,-288.559063103991,-331.103169467397,-42.5441063634069,2.09999999999866,32.4999999999989,30.0000000000011,-311.103002821102,-42.8445245189467,2.65763750252241,-891.575183659779,41.7168,41.71455,334358,"2026_06_04_0085","2026_06_04_0085_ev00701_rec1","no",504720
702,1,41.74295,-277.6871051656,-352.187787968818,-74.5006828032179,5.04999999999711,17.6000000000016,22.8000000000037,190840.045809097,-191162.999344633,246335.400167386,-1479.03072936263,41.73885,41.73315,334859,"2026_06_04_0085","2026_06_04_0085_ev00702_rec1","no",504721
703,1,41.7579,-294.283621961937,-355.975577745022,-61.6919557830848,1.75000000000125,10.3999999999971,8.4500000000034,-40155411.0655479,40155700.1752464,559267.658838015,-14881.6355105044,41.7568,41.75435,335158,"2026_06_04_0085","2026_06_04_0085_ev00703_rec1","no",504722
705,1,41.87845,-375.276898073818,-426.152093380167,-50.8751953063493,0.849999999999795,2.45000000000317,0,-367.992147708106,-26.1774305993114,4.67509376852413,-107.666100799299,41.87645,41.8754,337569,"2026_06_04_0085","2026_06_04_0085_ev00705_rec1","no",504724
706,1,41.89995,-333.247964160626,-406.454090034772,-73.2061258741454,3.90000000000157,8.70000000000459,5.80000000000069,-330.909899131257,-105.759834965819,4.54062528338342,-682.805088259941,41.898,41.8939,337999,"2026_06_04_0085","2026_06_04_0085_ev00706_rec1","no",504725
707,1,41.918,-324.16917712137,-368.424091839939,-44.2549147185682,2.50000000000483,1.44999999999129,0,-337.984389821421,-2.09507349980778,3.44714291483486,-503.577967742397,41.91795,41.91525,338360,"2026_06_04_0085","2026_06_04_0085_ev00707_rec1","no",504726
708,1,41.93835,-310.135175296468,-370.086989719367,-59.951814422899,4.04999999999944,7.75000000000148,6.24999999999432,-317.616915809827,-72.9265578756088,3.89581877065851,-699.267014098268,41.93805,41.93365,338767,"2026_06_04_0085","2026_06_04_0085_ev00708_rec1","no",504727
709,1,41.9583,-304.027562701593,-342.490519955673,-38.46295725408,1.20000000000431,5.40000000000873,15.6500000000079,-317.963675915343,-11.2981606005479,4.29327510231007,-566.769428817949,41.95645,41.95515,339166,"2026_06_04_0085","2026_06_04_0085_ev00709_rec1","no",504728
710,1,41.9787,-299.70203880665,-343.518805440728,-43.8167666340779,2.80000000000058,6.90000000000168,6.30000000000308,-307.545297250967,-47.2490132301601,3.65362379823348,-511.880214311138,41.97815,41.975,339574,"2026_06_04_0085","2026_06_04_0085_ev00710_rec1","no",504729
711,1,42.00305,-288.632509910616,-321.385623257081,-32.7531133464649,4.54999999999472,18.7500000000043,29.999999999994,91568.8022967051,-91876.2368627379,421356.794744031,-733.674059471455,41.999,41.99435,340061,"2026_06_04_0085","2026_06_04_0085_ev00711_rec1","no",504730
712,1,42.0188,-286.030407073669,-322.708003361454,-36.6775962877846,2.6499999999956,33.1500000000062,30.0000000000011,-304.490503058672,-26.5219764145522,3.3119507977372,-766.457631880734,42.01685,42.0139,340376,"2026_06_04_0085","2026_06_04_0085_ev00712_rec1","no",504731
713,1,42.04325,-287.459338245734,-319.857359552715,-32.3980213069809,6.90000000000168,28.3500000000032,0,-305.060190685801,3.60058844816947,22.6990599775052,-711.836785773203,42.04115,42.0335,340865,"2026_06_04_0085","2026_06_04_0085_ev00713_rec1","no",504732
714,1,42.05905,-289.739188202289,-316.159271644499,-26.4200834422104,2.89999999999679,32.4999999999989,30.0000000000011,-307.601936730498,-4.99490529169355,3.60283797950679,-647.01730209446,42.058,42.0541,341181,"2026_06_04_0085","2026_06_04_0085_ev00714_rec1","no",504733
715,1,42.0786,-302.993092941299,-325.848094448204,-22.8550015069048,1.95000000000078,14.0500000000046,8.54999999999961,-349918.28748193,349614.566439294,387091.256904027,-465.969036022103,42.07785,42.0756,341572,"2026_06_04_0085","2026_06_04_0085_ev00715_rec1","no",504734
716,1,42.1023,-290.447075681112,-346.646981820043,-56.1999061389307,4.15000000000276,36.050000000003,30.0000000000011,-321.372463098162,-20.5386978750812,2.01518203314608,-1290.19370717637,42.09885,42.0936,342046,"2026_06_04_0085","2026_06_04_0085_ev00716_rec1","no",504735
717,1,42.1193,-319.135134806758,-330.956256081745,-11.8211212749874,0.450000000000728,12.7000000000024,13.4000000000043,109563.794379533,-109897.8054603,140134.410249235,-116.158579942813,42.11815,42.1177,342386,"2026_06_04_0085","2026_06_04_0085_ev00717_rec1","no",504736
718,1,42.2416,-311.373450613213,-325.018193410616,-13.6447427974034,1.94999999999368,1.30000000000052,2.15000000000032,-313.711275068731,-6.89280010998445,2.32000849238946,-133.409010438943,42.2395,42.2367,344832,"2026_06_04_0085","2026_06_04_0085_ev00718_rec1","no",504737
719,1,42.26525,-313.697093578982,-329.41272719527,-15.7156336162881,0.250000000001194,4.15000000000987,5.00000000000256,-302.804417015985,-25.4861130156001,11.8565494981227,32.5447210276755,42.2643,42.264,345305,"2026_06_04_0085","2026_06_04_0085_ev00719_rec1","no",504738
720,1,42.3811,-296.620017069121,-302.13785985127,-5.51784278214984,1.50000000000006,9.34999999999775,8.50000000000506,-1753792.60325503,1753534.10808003,370520.14388168,-1002.27499696023,42.38025,42.37865,347622,"2026_06_04_0085","2026_06_04_0085_ev00720_rec1","no",504739
721,1,42.41365,-303.403297643102,-489.332903513073,-185.929605869971,6.30000000001019,37.3499999999964,30.0000000000011,-366.340317349616,-127.455567522234,21.8678031963863,-5286.17772938877,42.40975,42.403,348273,"2026_06_04_0085","2026_06_04_0085_ev00721_rec1","no",504740
722,1,42.4891,-322.447298650073,-373.578884010259,-51.1315853601859,5.94999999999857,11.250000000004,9.70000000000226,-319.588376501807,-45.1029445585362,13.3473128773922,-726.395650459927,42.48695,42.4808,349782,"2026_06_04_0085","2026_06_04_0085_ev00722_rec1","no",504741
723,1,42.54325,-326.310095766008,-335.606206986249,-9.2961112202417,0.399999999999068,14.6999999999977,8.74999999999204,-116118.749483624,115791.861063863,355006.002559561,-168.443815724885,42.5428,42.5409,350865,"2026_06_04_0085","2026_06_04_0085_ev00723_rec1","no",504742
724,1,42.57155,-334.377822038891,-350.50249300172,-16.1246709628293,0.999999999997669,6.9999999999979,4.79999999999592,-300.290631349147,-57.1588902632491,13.5305561239425,296.875195187834,42.5692,42.5682,351431,"2026_06_04_0085","2026_06_04_0085_ev00724_rec1","no",504743
725,1,42.6054,-309.399193245574,-325.206219277594,-15.8070260320196,0.799999999998136,14.4500000000036,30.0000000000011,-316.81183922338,-19.3098446031509,3.47946019525708,-328.862695708594,42.60415,42.60305,352108,"2026_06_04_0085","2026_06_04_0085_ev00725_rec1","no",504744
726,1,42.63465,-305.75037894428,-341.316511278419,-35.5661323341395,1.1999999999972,10.2500000000063,13.5000000000076,-315.429577309625,-32.8940340701703,6.01240208588504,-541.290103404383,42.63355,42.6323,352693,"2026_06_04_0085","2026_06_04_0085_ev00726_rec1","no",504745
727,1,42.68635,-319.557715586591,-366.678316067929,-47.1206004813379,1.94999999999368,6.3999999999993,7.65000000000526,-315.74416689997,-39.8554427476994,12.1291324288466,-413.395012521166,42.68555,42.6834,353727,"2026_06_04_0085","2026_06_04_0085_ev00727_rec1","no",504746
728,1,42.74765,-314.320965160503,-360.812622150018,-46.491656989515,5.55000000000661,10.3999999999971,9.45000000000107,-321.782520102951,-41.6469523293299,6.49556369980733,-666.18995068372,42.74665,42.741,354953,"2026_06_04_0085","2026_06_04_0085_ev00728_rec1","no",504747
729,1,42.8513,-307.59140218381,-314.925383479448,-7.33398129563761,0.249999999994088,9.14999999999822,11.5499999999997,-306.583804060306,-10.5005629937804,11.1164600907656,-81.2751053174228,42.85125,42.851,357026,"2026_06_04_0085","2026_06_04_0085_ev00729_rec1","no",504748
730,1,42.88015,-300.602335363713,-308.559628314467,-7.95729295075404,0.0999999999962142,1.24999999999886,0,-65571.3912717448,65267.1140538519,228363.699388922,-242.099745353133,42.87995,42.87985,357603,"2026_06_04_0085","2026_06_04_0085_ev00730_rec1","no",504749
731,1,42.9018,-310.490172065754,-320.141607060233,-9.65143499447964,0.900000000001455,3.99999999999778,4.3500000000023,-301.302185707831,-19.5229677609277,10.2585675845357,76.9545804817699,42.90135,42.90045,358036,"2026_06_04_0085","2026_06_04_0085_ev00731_rec1","no",504750
732,1,42.96575,-307.922161289364,-323.231247853372,-15.309086564008,2.60000000000105,6.05000000000189,6.79999999999836,-250.85115885576,-66.7842798296902,108.726722281987,-85.9285426454395,42.9644,42.96085,359315,"2026_06_04_0085","2026_06_04_0085_ev00732_rec1","no",504751
733,1,43.0176,-317.020231634272,-325.218185466266,-8.19795383199374,0.399999999999068,0.499999999995282,0.549999999996942,-307.26809085379,-14.3367239083836,4.9591929497958,220.006136347482,43.0174,43.01665,360352,"2026_06_04_0085","2026_06_04_0085_ev00733_rec1","no",504752
734,1,43.05365,-307.101993186198,-330.874331427811,-23.7723382416138,3.39999999999918,7.15000000000288,6.45000000000095,-300.272221384039,-24.2531334006453,14.6492057596915,-159.892977308217,43.0534,43.04845,361073,"2026_06_04_0085","2026_06_04_0085_ev00734_rec1","no",504753
735,1,43.0968,-310.716930735324,-515.727612252591,-205.010681517267,6.50000000000261,18.2499999999948,14.6499999999961,-321.900971573205,-219.636707118325,11.9772035282064,-4201.23827880909,43.0932,43.0862,361936,"2026_06_04_0085","2026_06_04_0085_ev00735_rec1","no",504754
736,1,43.1504,-341.964432121081,-365.117056473486,-23.1526243524048,1.00000000000477,5.09999999999877,4.15000000000276,-310.653324806766,-56.9055006525002,11.6443298321048,283.695758750222,43.14905,43.148,363008,"2026_06_04_0085","2026_06_04_0085_ev00736_rec1","no",504755
737,1,43.21435,-314.411260259895,-342.294296378527,-27.8830361186315,1.50000000000716,16.299999999994,18.0500000000023,217969.918784147,-218310.524991355,247876.757718579,-436.338138727469,43.21365,43.21135,364287,"2026_06_04_0085","2026_06_04_0085_ev00737_rec1","no",504756
738,1,43.2527,-318.556064987208,-354.896229851829,-36.3401648646207,6.75000000000381,19.0500000000071,24.0499999999955,-321.602784997029,-30.5937491154593,22.2873250054557,-765.959546725767,43.25095,43.24375,365054,"2026_06_04_0085","2026_06_04_0085_ev00738_rec1","no",504757
739,1,43.3271,-313.587894421035,-348.802740078016,-35.2148456569807,7.2500000000062,37.2000000000057,30.0000000000011,-331.95153221509,-2.48449406793277,4.96936752408791,-758.198307648473,43.3267,43.3186,366542,"2026_06_04_0085","2026_06_04_0085_ev00739_rec1","no",504758
740,1,43.3592,-335.368958920261,-355.27847343865,-19.9095145183892,0.700000000001921,4.64999999999804,3.89999999999446,-310.976132923485,-42.8505024487971,13.0908857942221,186.065855399614,43.3572,43.35605,367184,"2026_06_04_0085","2026_06_04_0085_ev00740_rec1","no",504759
741,1,43.3915,-319.991540037085,-325.157971877716,-5.16643184063099,1.35000000000218,31.9499999999948,30.0000000000011,-78957.176380465,78641.1373989076,1460771.83654481,84.3050723921268,43.39115,43.38935,367830,"2026_06_04_0085","2026_06_04_0085_ev00741_rec1","no",504760
742,1,43.42125,-323.697685517536,-330.353774708672,-6.65608919113646,0.300000000002854,6.50000000000261,5.60000000000116,-253.58857540504,-78.1240280922319,75.7651818473207,158.034928304193,43.41965,43.41935,368425,"2026_06_04_0085","2026_06_04_0085_ev00742_rec1","no",504761
743,1,43.46345,-306.528064633677,-330.616482467775,-24.0884178340989,1.84999999999746,6.45000000000095,7.10000000000122,-310.020510409351,-19.7265329307356,5.49128626191681,-249.669847225621,43.4633,43.46145,369269,"2026_06_04_0085","2026_06_04_0085_ev00743_rec1","no",504762
744,1,43.5289,-305.156192863797,-324.104092924072,-18.9479000602755,1.65000000000504,6.59999999999883,9.55000000000439,-308.698920499365,-14.1257596508352,6.80860116306082,-232.46264783762,43.5279,43.52605,370578,"2026_06_04_0085","2026_06_04_0085_ev00744_rec1","no",504763
745,1,43.5605,-307.571743684551,-309.730672986478,-2.15892930192678,0,22.3999999999975,20.8500000000029,-359.878216388405,55.519071944158,278.157555853938,9.31903025074572,43.5605,43.5604,371210,"2026_06_04_0085","2026_06_04_0085_ev00745_rec1","no",504764
746,1,43.58,-304.784870419588,-321.278057506664,-16.493187087076,1.69999999999959,2.35000000000696,3.14999999999799,-307.357055215398,-10.7012545551322,2.84737510403752,-128.858840169919,43.57955,43.5776,371600,"2026_06_04_0085","2026_06_04_0085_ev00746_rec1","no",504765
747,1,43.6269,-317.375939379201,-355.642321257279,-38.2663818780781,3.70000000000203,7.35000000000241,6.55000000000427,-308.240434726571,-48.2257219853063,8.98576312976977,-236.42288035086,43.62685,43.6229,372538,"2026_06_04_0085","2026_06_04_0085_ev00747_rec1","no",504766
748,1,43.7341,-297.518593434656,-307.777278133406,-10.2586846987497,0.250000000008299,30.2999999999969,30.0000000000011,-304.036979194748,-6.40521769425162,5.70604582733614,-239.914137642182,43.7338,43.73355,374682,"2026_06_04_0085","2026_06_04_0085_ev00748_rec1","no",504767
749,1,43.7953,-305.332144699649,-316.360216167953,-11.0280714683043,1.24999999999886,10.1499999999959,10.7500000000016,-304.294604963715,-16.2942297312887,9.26809181570774,-131.588708761442,43.7948,43.79355,375906,"2026_06_04_0085","2026_06_04_0085_ev00749_rec1","no",504768
750,1,43.97005,-310.133749503655,-321.597364619714,-11.4636151160583,0.249999999994088,7.49999999999318,4.30000000000064,-303.515340462557,-18.4893710655596,8.11072218715228,6.85314516978652,43.9677,43.9655,379401,"2026_06_04_0085","2026_06_04_0085_ev00750_rec1","no",504769
751,1,44.0036,-314.668646068969,-321.574496511249,-6.90585044227976,0.649999999993156,1.05000000000643,0.999999999997669,-306.690616142309,-14.1198289288204,3.39076232378216,187.761121047929,44.00285,44.00135,380072,"2026_06_04_0085","2026_06_04_0085_ev00751_rec1","no",504770
752,1,44.04785,-317.449575582543,-331.230993225139,-13.7814176425956,1.24999999999886,10.8499999999978,9.45000000000107,-3824329.41783812,3824067.80992919,593103.563452352,-1227.39628882691,44.04785,44.04655,380957,"2026_06_04_0085","2026_06_04_0085_ev00752_rec1","no",504771
753,1,44.0761,-311.521307297273,-504.856254088282,-193.334946791008,6.45000000000095,19.2499999999995,21.6999999999956,-354.050650504795,-162.021285490721,12.6005593903835,-4168.02236623777,44.0743,44.0673,381522,"2026_06_04_0085","2026_06_04_0085_ev00753_rec1","no",504772
754,1,44.12515,-328.435416616476,-339.964234561307,-11.5288179448308,0.199999999992428,31.6500000000062,30.0000000000011,-339.943805131191,-1.77627892977874,2.48552299996038,-378.541986096093,44.12395,44.122,382503,"2026_06_04_0085","2026_06_04_0085_ev00754_rec1","no",504773
755,1,44.20135,-311.104987848258,-356.482258572856,-45.3772707245976,1.90000000000623,7.84999999999769,7.50000000000028,-314.145970079299,-42.8379651811357,6.59226842286427,-478.908086392977,44.19995,44.19795,384027,"2026_06_04_0085","2026_06_04_0085_ev00755_rec1","no",504774
756,1,44.22435,-319.856266511004,-326.036406183854,-6.18013967284975,0.300000000002854,0.0500000000016598,0.0499999999945544,-313.974797061895,-8.30322228902429,1.7305124433794,161.913995831115,44.22435,44.22405,384487,"2026_06_04_0085","2026_06_04_0085_ev00756_rec1","no",504775
757,1,44.2527,-310.094361632538,-324.961714887742,-14.8673532552037,0.799999999998136,8.90000000000413,30.0000000000011,-316.902562972529,-12.5638474124429,2.55209881916577,-262.044679620744,44.2514,44.2506,385054,"2026_06_04_0085","2026_06_04_0085_ev00757_rec1","no",504776
758,1,44.3201,-318.550663200058,-383.927942124538,-65.3772789244801,15.6500000000079,13.3999999999901,9.60000000000605,-299.301734495941,-72.8416772231183,18.6021219960526,-1073.47392715723,44.319,44.30305,386402,"2026_06_04_0085","2026_06_04_0085_ev00758_rec1","no",504777
759,1,44.42125,-305.539925113713,-322.391156593107,-16.8512314793943,0.349999999997408,4.75000000000136,0,-453270.637951931,452958.328638343,355957.031552387,-853.134203126572,44.4182,44.41745,388425,"2026_06_04_0085","2026_06_04_0085_ev00759_rec1","no",504778
760,1,44.4472,-330.701131300107,-360.670319313842,-29.9691880137348,3.80000000000535,6.24999999999432,5.15000000000043,-303.635433176772,-66.3447155568491,9.31141837958707,133.242375442306,44.4471,44.4426,388944,"2026_06_04_0085","2026_06_04_0085_ev00760_rec1","no",504779
761,1,44.51215,-325.166175767698,-354.669324454993,-29.5031486872949,3.14999999999799,6.54999999999717,6.30000000000308,-310.461402644566,-47.0676747063146,10.3926253624484,-69.0515030825734,44.5114,44.50795,390243,"2026_06_04_0085","2026_06_04_0085_ev00761_rec1","no",504780
762,1,44.55975,-315.916885425317,-348.469196628964,-32.5523112036464,5.84999999999525,9.9000000000018,7.50000000000739,-301.438384434935,-49.7681300960598,11.879821377614,-344.794825366446,44.5555,44.54775,391195,"2026_06_04_0085","2026_06_04_0085_ev00762_rec1","no",504781
763,1,44.67025,-315.045427010989,-339.154965912942,-24.1095389019537,0.799999999998136,7.35000000000241,7.75000000000148,-304.411410466311,-40.5903404564791,10.597152630469,-122.49065118675,44.669,44.66805,393405,"2026_06_04_0085","2026_06_04_0085_ev00763_rec1","no",504782
764,1,44.7553,-306.273815157648,-323.461675374758,-17.1878602171101,2.40000000000151,32.749999999993,29.999999999994,-315.676596776412,-10.6271697618926,6.26688046246131,-394.630744507737,44.75465,44.75225,395106,"2026_06_04_0085","2026_06_04_0085_ev00764_rec1","no",504783
765,1,44.779,-318.803984888591,-324.55828495166,-5.75430006306937,0.199999999999534,0.399999999999068,0.749999999996476,-311.291009797905,-10.9768534157663,5.75764730250815,161.79361983719,44.779,44.7788,395580,"2026_06_04_0085","2026_06_04_0085_ev00765_rec1","no",504784
766,1,44.87425,-302.962910938436,-307.255970945765,-4.29306000732925,0.599999999998602,3.29999999999586,0.94999999999601,-82126.0520884348,81821.8087538509,257426.122677877,-186.611809734978,44.87425,44.87365,397485,"2026_06_04_0085","2026_06_04_0085_ev00766_rec1","no",504785
767,1,44.9074,-305.857551051326,-345.907493855352,-40.0499428040261,3.39999999999918,13.0499999999998,12.6500000000007,-307.667749924827,-35.919972357375,12.4581461331793,-661.922565508265,44.9044,44.9004,398148,"2026_06_04_0085","2026_06_04_0085_ev00767_rec1","no",504786
768,1,45.0531,-306.388759050667,-320.315052686438,-13.9262936357709,1.30000000000052,3.45000000000084,3.45000000000084,-304.646677592224,-11.9722580298569,6.26522069325652,-38.5430910597308,45.0526,45.05115,401062,"2026_06_04_0085","2026_06_04_0085_ev00768_rec1","no",504787
769,1,45.1152,-294.413912606444,-302.05813439531,-7.64422178886662,2.20000000000198,32.7000000000055,30.0000000000011,-301.948670830625,-6.8246978905426,9.85754871836904,-336.361989795387,45.11375,45.11155,402304,"2026_06_04_0085","2026_06_04_0085_ev00769_rec1","no",504788
770,1,45.20255,-310.557423563997,-315.334604506991,-4.77718094299388,0.450000000000728,2.95000000000556,2.79999999999347,-308.233672760591,-8.30452327377259,3.9781793331506,28.4552112376389,45.2015,45.20065,404051,"2026_06_04_0085","2026_06_04_0085_ev00770_rec1","no",504789
771,1,45.2343,-312.188039668007,-324.525769748105,-12.3377300800975,0.900000000001455,0.300000000002854,0.250000000001194,-308.417494786981,-8.90716590124521,3.81174689990592,75.3258075895659,45.2343,45.23335,404686,"2026_06_04_0085","2026_06_04_0085_ev00771_rec1","no",504790
772,1,45.28425,-319.441911256709,-330.998540213135,-11.5566289564259,0.0500000000016598,3.29999999999586,3.29999999999586,-298.655230627733,-30.6508197381117,16.2992038823617,194.456964066289,45.2837,45.283,405685,"2026_06_04_0085","2026_06_04_0085_ev00772_rec1","no",504791
773,1,45.3566,-315.018907736436,-321.358094473128,-6.33918673669143,1.65000000000504,4.14999999999566,4.30000000000064,-307.798816751256,-17.9045036677926,6.83801456457626,87.8398980671893,45.35635,45.35445,407132,"2026_06_04_0085","2026_06_04_0085_ev00773_rec1","no",504792
774,1,45.3869,-317.472684384174,-325.638687073752,-8.16600268957819,0.349999999997408,2.40000000000151,2.3000000000053,-311.491683714271,-12.4203543616028,7.15006598594973,89.1185537639968,45.38665,45.38595,407738,"2026_06_04_0085","2026_06_04_0085_ev00774_rec1","no",504793
775,1,45.4214,-316.519806338142,-319.294649962684,-2.77484362454175,0.300000000002854,1.40000000000384,1.24999999999886,-311.908996521054,-11.3264287618626,1.75718945669486,117.060551880847,45.4214,45.4211,408428,"2026_06_04_0085","2026_06_04_0085_ev00775_rec1","no",504794
776,1,45.44855,-314.261866576389,-317.099008051677,-2.83714147528798,0,0.10000000000332,0.749999999996476,-296.728336986575,-19.019927953631,31.9733302284251,155.130973276853,45.44855,45.44835,408971,"2026_06_04_0085","2026_06_04_0085_ev00776_rec1","no",504795
777,1,45.6377,-300.674834831781,-307.877306551373,-7.2024717195921,1.60000000000338,11.5499999999997,14.4500000000036,-301.217151096167,-9.61574748688472,9.58021731637815,-123.604826420192,45.6374,45.6358,412754,"2026_06_04_0085","2026_06_04_0085_ev00777_rec1","no",504796
778,1,45.6709,-301.92325124384,-320.490747639924,-18.5674963960845,2.24999999999653,3.90000000000157,6.59999999999883,-306.502902206203,-12.462233830964,3.90814366705839,-221.553389803313,45.67065,45.6682,413418,"2026_06_04_0085","2026_06_04_0085_ev00778_rec1","no",504797
779,1,45.74405,-314.010218111479,-316.938888681494,-2.9286705700157,0.10000000000332,3.45000000000084,4.04999999999234,-271.627584471828,-46.1625430046613,67.3255544431516,153.644283689756,45.74405,45.74395,414881,"2026_06_04_0085","2026_06_04_0085_ev00779_rec1","no",504798
780,1,45.8121,-312.127374440642,-315.943524601506,-3.81615016086351,0.799999999998136,4.34999999999519,3.69999999999493,-300.953943353835,-15.9406623861804,15.612362290467,115.838835392988,45.81165,45.8107,416242,"2026_06_04_0085","2026_06_04_0085_ev00780_rec1","no",504799
781,1,45.9614,-307.557325261041,-324.107286464344,-16.5499612033025,0.699999999994816,4.45000000000562,4.85000000000468,-292.514335518457,-25.330706715914,27.1211432136396,-37.4202045622443,45.9605,45.9581,419228,"2026_06_04_0085","2026_06_04_0085_ev00781_rec1","no",504800
782,1,46.2051,-309.825725894406,-317.175871200989,-7.35014530658361,0.150000000004979,6.00000000000023,7.14999999999577,-299.692977594334,-19.2236723946294,17.8147470882974,23.7068733243925,46.20505,46.2049,424102,"2026_06_04_0085","2026_06_04_0085_ev00782_rec1","no",504801
783,1,46.2671,-303.55151313976,-315.04892822448,-11.4974150847192,3.90000000000157,4.60000000000349,3.90000000000157,-306.405213297998,-8.39530386091767,2.16923329355099,-142.389857928154,46.267,46.2631,425342,"2026_06_04_0085","2026_06_04_0085_ev00783_rec1","no",504802
784,1,46.40885,-311.576219523528,-315.47546397134,-3.89924444781167,0.0500000000016598,0.349999999997408,0.549999999996942,-306.269264364305,-7.68553364833692,4.06034496856841,127.897470305653,46.40885,46.4087,428177,"2026_06_04_0085","2026_06_04_0085_ev00784_rec1","no",504803
785,1,46.4795,-309.504326192143,-327.999064413762,-18.4947382216195,3.10000000000343,9.99999999999801,10.3499999999954,-309.633744466689,-19.1305339131969,9.89008553300702,-231.129190466147,46.47935,46.47615,429590,"2026_06_04_0085","2026_06_04_0085_ev00785_rec1","no",504804
786,1,46.53085,-309.87101471357,-323.403210703018,-13.5321959894486,1.30000000000052,6.19999999999976,5.19999999999499,-311.389728895828,-14.2481165175021,3.68420450581128,-126.113763603064,46.5304,46.52785,430617,"2026_06_04_0085","2026_06_04_0085_ev00786_rec1","no",504805
787,1,46.7434,-308.204926897027,-313.500630314864,-5.29570341783722,0.900000000001455,2.15000000000032,0.849999999999795,-302.329157419197,-8.89759542348493,6.74169396404344,110.874762618247,46.7427,46.74135,434868,"2026_06_04_0085","2026_06_04_0085_ev00787_rec1","no",504806
788,1,46.8451,-306.784728466582,-318.70795110427,-11.9232226376877,1.35000000000218,0.650000000007367,0.249999999994088,-304.483036290932,-7.33673305398723,3.09096448755362,40.1707182589258,46.84505,46.84345,436902,"2026_06_04_0085","2026_06_04_0085_ev00788_rec1","no",504807
789,1,46.9246,-300.831444461261,-347.448905444966,-46.6174609837044,3.95000000000323,12.5499999999974,16.1499999999961,-315.6848710403,-38.1494836124121,5.83092798534387,-844.127538386118,46.923,46.91885,438492,"2026_06_04_0085","2026_06_04_0085_ev00789_rec1","no",504808
790,1,46.99205,-313.871203176522,-326.626628208873,-12.7554250323508,0.150000000004979,2.19999999999487,2.00000000000244,-307.118718683646,-15.9935586775038,6.05570847033629,92.9196241923997,46.9919,46.99,439841,"2026_06_04_0085","2026_06_04_0085_ev00790_rec1","no",504809
791,1,47.04265,-312.968865862381,-323.199453367412,-10.2305875050305,0.750000000003581,24.9999999999915,20.700000000005,-178210.636117394,177903.61292877,378314.145911672,-40.4198079760671,47.042,47.04085,440853,"2026_06_04_0085","2026_06_04_0085_ev00791_rec1","no",504810
792,1,47.0678,-311.023493326169,-332.575721040095,-21.5522277139255,1.24999999999886,4.30000000000064,5.09999999999877,-311.967789356225,-20.6035039726101,4.73963723276408,-174.773515951684,47.0653,47.0639,441356,"2026_06_04_0085","2026_06_04_0085_ev00792_rec1","no",504811
793,1,47.10285,-316.654424368478,-327.380169325922,-10.725744957444,2.25000000000364,3.84999999999991,3.99999999999778,-304.550745908337,-27.2742226947863,7.56187971158503,80.8807757818432,47.0968,47.09435,442057,"2026_06_04_0085","2026_06_04_0085_ev00793_rec1","no",504812
794,1,47.17185,-310.089008088926,-316.30456765971,-6.21555957078385,0.450000000000728,32.6999999999913,29.999999999994,-314.713584989436,-3.90644566914992,4.04527445730411,-180.744613694668,47.16885,47.16805,443437,"2026_06_04_0085","2026_06_04_0085_ev00794_rec1","no",504813
795,1,47.198,-311.847140905729,-317.35292786968,-5.50578696395138,0.249999999994088,3.60000000000582,3.75000000000369,-307.905014938739,-13.205941413749,4.70903929251901,53.1115004301748,47.19765,47.1974,443960,"2026_06_04_0085","2026_06_04_0085_ev00795_rec1","no",504814
796,1,47.25715,-306.287017607436,-320.394254921653,-14.1072373142166,0.0500000000016598,10.2499999999992,11.099999999999,-301.938354077809,-22.901132271704,12.7306962710068,-150.566619859868,47.2566,47.25555,445143,"2026_06_04_0085","2026_06_04_0085_ev00796_rec1","no",504815
797,1,47.3412,-313.934754423654,-333.042583952472,-19.1078295288174,1.59999999999627,9.79999999999848,9.45000000000107,-307.466000273644,-32.0458487636036,10.9886863645993,-178.360829142437,47.3401,47.33835,446824,"2026_06_04_0085","2026_06_04_0085_ev00797_rec1","no",504816
798,1,47.51735,-314.660741259166,-619.013677595001,-304.352936335835,9.09999999999656,22.2000000000051,15.3000000000034,-272.984574225935,-390.466667557942,16.4546025271169,-7301.82963671604,47.51185,47.502,450347,"2026_06_04_0085","2026_06_04_0085_ev00798_rec1","no",504817
799,1,47.58655,-332.829102073738,-371.550968205115,-38.7218661313769,3.14999999999088,5.20000000000209,2.89999999999679,-333.454091710389,-33.9552717431997,3.19446607518487,-254.972893573372,47.58455,47.58135,451731,"2026_06_04_0085","2026_06_04_0085_ev00799_rec1","no",504818
800,1,47.61905,-319.070256447611,-378.826260585491,-59.7560041378802,8.74999999999915,27.8500000000008,30.0000000000011,-341.148607299935,-28.7458047869689,18.1395624451456,-1421.1445525218,47.618,47.6088,452381,"2026_06_04_0085","2026_06_04_0085_ev00800_rec1","no",504819
801,1,47.65465,-348.973809418617,-363.549526635268,-14.5757172166511,0.450000000000728,5.99999999999312,4.04999999999944,-327.948134039657,-39.8612239099263,9.86921552320406,216.425504221378,47.65255,47.652,453093,"2026_06_04_0085","2026_06_04_0085_ev00801_rec1","no",504820
802,1,47.6982,-325.114545937314,-380.291800311998,-55.1772543746835,4.6999999999997,34.1500000000039,30.0000000000011,-356.266616227486,-26.0094271478036,3.47561030691804,-1227.9784756773,47.6977,47.69265,453964,"2026_06_04_0085","2026_06_04_0085_ev00802_rec1","no",504821
803,1,47.7239,-338.265147906678,-375.410442622743,-37.1452947160647,1.24999999999886,2.3000000000053,9.050000000002,-351.352821057521,-6.02048425774889,4.07407247557056,-485.487208639289,47.723,47.7215,454478,"2026_06_04_0085","2026_06_04_0085_ev00803_rec1","no",504822
804,1,47.7502,-348.035344919892,-365.112810541711,-17.0774656218187,0.599999999998602,5.70000000000448,4.70000000000681,-338.696930977273,-40.2776626284465,4.95560070621102,50.6668741702613,47.74905,47.7484,455004,"2026_06_04_0085","2026_06_04_0085_ev00804_rec1","no",504823
805,1,47.78275,-342.86362316382,-356.54507086463,-13.6814477008099,0.650000000007367,11.650000000003,10.3500000000025,-1099040.28340933,1098719.50787351,418227.887306021,-529.220138322538,47.78255,47.7818,455655,"2026_06_04_0085","2026_06_04_0085_ev00805_rec1","no",504824
806,1,47.80915,-343.194331870363,-409.320595602264,-66.126263731901,6.85000000000002,12.750000000004,8.74999999999204,-291.758491821857,-124.385981027521,17.6984290559777,-625.055494330343,47.80795,47.80075,456183,"2026_06_04_0085","2026_06_04_0085_ev00806_rec1","no",504825
807,1,47.869,-316.338703612042,-346.544910147392,-30.2062065353508,5.25000000000375,13.7500000000017,30.0000000000011,-330.82857151437,-20.8447848528382,2.76646279494118,-640.726102856502,47.8672,47.86135,457380,"2026_06_04_0085","2026_06_04_0085_ev00807_rec1","no",504826
808,1,47.8861,-321.210048796347,-344.739800174921,-23.5297513785737,1.60000000000338,7.04999999999956,5.84999999999525,-314.528720637293,-38.0975683593011,6.44547961353185,-99.219126197951,47.88495,47.88335,457722,"2026_06_04_0085","2026_06_04_0085_ev00808_rec1","no",504827
809,1,47.9203,-324.76150360828,-340.40334883519,-15.6418452269098,0.700000000001921,0.199999999999534,0,89327.2256474347,-89657.5739494029,138233.679401231,116.114020346936,47.9199,47.9188,458406,"2026_06_04_0085","2026_06_04_0085_ev00809_rec1","no",504828
810,1,47.9536,-310.24514648187,-312.724857056304,-2.47971057443414,0.0499999999945544,30.0500000000028,27.9000000000025,-48581.3000032652,48273.8520375807,362695.640711748,24.1160352763659,47.95355,47.9535,459072,"2026_06_04_0085","2026_06_04_0085_ev00810_rec1","no",504829
811,1,47.97845,-305.891172664454,-312.681862503199,-6.79068983874436,0.250000000001194,9.99999999999801,12.8500000000003,-306.641341124744,-9.29032400483876,7.71722836584941,-96.3641840475174,47.9783,47.97805,459569,"2026_06_04_0085","2026_06_04_0085_ev00811_rec1","no",504830
812,1,48.0467,-323.632614785221,-335.604951686039,-11.9723369008178,0.500000000002387,0.700000000009027,0,-308.374429712409,-16.6681574387308,9.29807184057516,309.108495837167,48.0467,48.04565,460934,"2026_06_04_0085","2026_06_04_0085_ev00812_rec1","no",504831
813,1,48.103,-313.931385554869,-325.670631151111,-11.7392455962426,0.450000000000728,0.199999999992428,0,-304.441369189357,-10.2721320437503,9.18798354278482,192.971516006663,48.103,48.1018,462060,"2026_06_04_0085","2026_06_04_0085_ev00813_rec1","no",504832
814,1,48.1788,-319.609237857883,-326.975515559236,-7.36627770135317,3.09999999999633,2.20000000000198,1.80000000000291,-310.875901173445,-17.7735059876501,4.07164636178722,188.31737457422,48.1778,48.174,463576,"2026_06_04_0085","2026_06_04_0085_ev00814_rec1","no",504833
815,1,48.2005,-315.238512039037,-326.453266209626,-11.2147541705887,0.0500000000016598,0.0999999999962142,0,-305.976034865795,-12.0325327828386,5.57136526174214,210.893339110612,48.2005,48.2004,464010,"2026_06_04_0085","2026_06_04_0085_ev00815_rec1","no",504834
816,1,48.3052,-305.490310516091,-338.121357482846,-32.6310469667544,3.39999999999918,9.60000000000605,10.8499999999978,-301.710046620768,-36.8659870481773,12.8572473685199,-375.863117997526,48.30505,48.3012,466104,"2026_06_04_0085","2026_06_04_0085_ev00816_rec1","no",504835
817,1,48.35435,-309.256419577967,-323.938132127726,-14.6817125497591,1.35000000000218,6.05000000000189,6.29999999999598,-311.065809770883,-16.6834177970788,4.13226203834816,-143.763981323036,48.35375,48.35215,467087,"2026_06_04_0085","2026_06_04_0085_ev00817_rec1","no",504836
818,1,48.38475,-311.777897487905,-329.023198975172,-17.2453014872669,0.549999999996942,14.3000000000058,17.55,-311.306948244707,-22.7618676092929,14.6301853716721,-292.873766484635,48.3842,48.38365,467695,"2026_06_04_0085","2026_06_04_0085_ev00818_rec1","no",504837
819,1,48.41795,-317.453937846367,-332.961209915209,-15.5072720688421,0.600000000005707,8.44999999999629,6.1499999999981,-315.557068913354,-25.5246539240161,5.08195629617706,-128.66401179806,48.4152,48.41435,468359,"2026_06_04_0085","2026_06_04_0085_ev00819_rec1","no",504838
820,1,48.5025,-314.634518208867,-326.976960707293,-12.3424424984258,4.20000000000442,6.54999999999717,3.05000000000177,-305.77561456554,-18.352443693578,9.71392610376376,74.5134586757541,48.50135,48.49685,470050,"2026_06_04_0085","2026_06_04_0085_ev00820_rec1","no",504839
821,1,48.62545,-309.902539014155,-313.751493295682,-3.84895428152771,0.650000000007367,9.6500000000006,9.74999999999682,-305.590401621666,-14.5007468846624,10.5386250209762,-21.454880816321,48.62545,48.62445,472509,"2026_06_04_0085","2026_06_04_0085_ev00821_rec1","no",504840
822,1,48.70495,-309.991929358799,-329.925954443419,-19.93402508462,0.749999999996476,2.15000000000032,7.50000000000028,50827.8029551262,-51148.7508542512,107406.167997253,-122.739592378555,48.70495,48.7042,474099,"2026_06_04_0085","2026_06_04_0085_ev00822_rec1","no",504841
823,1,48.8309,-311.943036377051,-328.704822200345,-16.7617858232942,0.350000000004513,8.4500000000034,8.39999999999463,-303.027937823712,-33.382467096813,10.616460142226,-99.4166068662485,48.82965,48.8293,476618,"2026_06_04_0085","2026_06_04_0085_ev00823_rec1","no",504842
824,1,48.8702,-316.624823605406,-319.763954759322,-3.13913115391551,0.299999999995748,12.0000000000005,10.3500000000025,-306.636462871772,-20.4411199615569,17.0934048506483,-12.8421107222391,48.86885,48.8677,477404,"2026_06_04_0085","2026_06_04_0085_ev00824_rec1","no",504843
825,1,48.97655,-313.951135451284,-321.460677125443,-7.50954167415887,0.250000000001194,2.69999999999726,2.95000000000556,-307.105480636312,-14.090405087146,7.68225851583262,94.6999046005909,48.9764,48.9759,479531,"2026_06_04_0085","2026_06_04_0085_ev00825_rec1","no",504844
826,1,49.0522,-313.090473654234,-318.939596527045,-5.84912287281043,0.349999999997408,3.39999999999918,3.95000000000323,-303.879981530978,-15.1386072642381,13.8350024312235,89.2662143952777,49.0522,49.05175,481044,"2026_06_04_0085","2026_06_04_0085_ev00826_rec1","no",504845
827,1,49.18115,-311.349673019522,-326.463729782879,-15.1140567633567,1.89999999999912,12.4500000000012,9.74999999999682,-979140.907058981,978834.967650515,867716.742239026,-371.965094124307,49.1805,49.17845,483623,"2026_06_04_0085","2026_06_04_0085_ev00827_rec1","no",504846
828,1,49.21015,-314.040353685273,-360.618434089908,-46.5780804046345,5.49999999999784,12.5500000000045,10.9999999999957,-298.280514187063,-70.2182612799188,14.5731362277756,-623.761592450844,49.20975,49.2042,484203,"2026_06_04_0085","2026_06_04_0085_ev00828_rec1","no",504847
829,1,49.25945,-311.059179168127,-320.233277502496,-9.17409833436926,0.250000000008299,30.1000000000045,30.0000000000011,-33760.1809497714,33452.0131605159,289720.505732286,34.063606208933,49.25945,49.2592,485189,"2026_06_04_0085","2026_06_04_0085_ev00829_rec1","no",504848
830,1,49.3165,-316.638087608687,-321.97568061836,-5.33759300967222,0.399999999999068,0.399999999999068,0.599999999998602,-312.96065517133,-6.85771131600406,3.06454043414113,89.3647413585914,49.3165,49.31585,486330,"2026_06_04_0085","2026_06_04_0085_ev00830_rec1","no",504849
831,1,49.3825,-312.283600594961,-317.72483564492,-5.44123504995918,0.0499999999945544,30.0499999999957,30.0000000000011,-88777.7428796648,88469.0997291016,846380.251527727,61.995424829645,49.3825,49.38235,487650,"2026_06_04_0085","2026_06_04_0085_ev00831_rec1","no",504850
832,1,49.4136,-306.524898554746,-333.437990562144,-26.9130920073979,3.29999999999586,12.7999999999986,13.8999999999925,-308.010965728739,-25.0736013894526,12.80767243022,-406.839089671149,49.41345,49.4095,488272,"2026_06_04_0085","2026_06_04_0085_ev00832_rec1","no",504851
833,1,49.51945,-310.494001878545,-333.256211043112,-22.7622091645677,1.1999999999972,17.8999999999974,19.8999999999998,91024.0629515278,-91356.1761530386,137717.091959542,-401.593324790481,49.51785,49.5165,490389,"2026_06_04_0085","2026_06_04_0085_ev00833_rec1","no",504852
834,1,49.5628,-314.161626181492,-326.254238226969,-12.092612045477,0.300000000002854,2.35000000000696,2.94999999999845,-309.987308130668,-13.9127707237884,6.2283805121053,34.4250694936738,49.5626,49.5623,491256,"2026_06_04_0085","2026_06_04_0085_ev00834_rec1","no",504853
835,1,49.63125,-314.280460209547,-353.238379426935,-38.9579192173886,10.8000000000033,24.8999999999953,14.3000000000058,-310.325560655833,-54.4698660318704,13.1698034074656,-1107.60959507632,49.6258,49.6146,492625,"2026_06_04_0085","2026_06_04_0085_ev00835_rec1","no",504854
836,1,49.6945,-314.688343847943,-364.273959234845,-49.5856153869021,8.30000000000553,15.8500000000004,13.2000000000048,-317.40238982165,-52.5083240597865,10.89691797841,-913.984100249556,49.69345,49.68465,493890,"2026_06_04_0085","2026_06_04_0085_ev00836_rec1","no",504855
837,1,49.72665,-328.609341260541,-339.251029740167,-10.6416884796265,0.399999999999068,3.2499999999942,3.30000000000297,-315.914651411597,-26.1720857814393,7.24290848152213,185.456302725131,49.72595,49.7254,494533,"2026_06_04_0085","2026_06_04_0085_ev00837_rec1","no",504856
838,1,49.8155,-330.27785010591,-350.850651368067,-20.5728012621572,1.24999999999886,4.25000000000608,4.3500000000023,-294.632467911084,-50.5585232649638,27.7516770186244,111.492814371359,49.81535,49.8122,496310,"2026_06_04_0085","2026_06_04_0085_ev00838_rec1","no",504857
839,2,50.00985,-324.056606557169,-362.619986311538,-38.5633797543694,3.90000000000157,12.4500000000012,12.0000000000005,402346.070145045,-402701.438859877,283127.483947323,-419.790154900952,50.00875,50.00475,197,"2026_06_04_0085","2026_06_04_0085_ev00839_rec2","no",504858
840,2,50.0495,-304.703699863347,-361.485938243776,-56.7822383804288,4.15000000000276,9.09999999999656,8.60000000000127,529871.667804551,-530205.948263059,532301.204704524,-824.388421652583,50.04495,50.04065,990,"2026_06_04_0085","2026_06_04_0085_ev00840_rec2","no",504859
841,2,50.0654,-308.986690583095,-346.539715376486,-37.5530247933906,2.65000000000271,2.54999999999939,2.45000000000317,-316.108928284937,-13.1558090629677,3.68564476393228,-347.386289889946,50.06425,50.0614,1308,"2026_06_04_0085","2026_06_04_0085_ev00841_rec2","no",504860
842,2,50.08915,-298.789389319568,-339.701413227135,-40.9120239075664,3.2499999999942,7.39999999999696,2.65000000000271,-309.5235331865,-21.44978566787,1.68083061077583,-638.150609711893,50.08445,50.08,1783,"2026_06_04_0085","2026_06_04_0085_ev00842_rec2","no",504861
843,2,50.1046,-296.909138082398,-340.893100720441,-43.9839626380436,2.85000000000224,7.84999999999769,10.3000000000009,-311.332756801817,-44.674831855,3.23033728221985,-672.636027947068,50.104,50.1004,2092,"2026_06_04_0085","2026_06_04_0085_ev00843_rec2","no",504862
844,2,50.1249,-292.872121027202,-346.588504073929,-53.716383046727,2.84999999999513,31.6499999999991,30.0000000000011,-321.981904033853,-5.33343457994048,3.04714224742475,-1005.2165331415,50.1245,50.1216,2498,"2026_06_04_0085","2026_06_04_0085_ev00844_rec2","no",504863
845,2,50.149,-302.655599999038,-358.947347572479,-56.2917475734405,5.40000000000163,5.94999999999857,6.05000000000189,152767.420049365,-153094.720167599,242859.061160326,-754.56174356516,50.14735,50.1418,2980,"2026_06_04_0085","2026_06_04_0085_ev00845_rec2","no",504864
846,2,50.16955,-293.029326660858,-360.496670037032,-67.4673433761736,7.04999999999956,8.1999999999951,3.19999999999965,-313.978953330307,-30.8243769992979,1.56457543274764,-1062.12277171344,50.1683,50.16075,3391,"2026_06_04_0085","2026_06_04_0085_ev00846_rec2","no",504865
847,2,50.1852,-291.684418765178,-362.071147194849,-70.3867284296715,2.54999999999939,10.9500000000011,30.0000000000011,-326.059661122826,-7.22459444107838,3.7784141342211,-1283.61098304907,50.18415,50.1811,3704,"2026_06_04_0085","2026_06_04_0085_ev00847_rec2","no",504866
848,2,50.2059,-286.511169041647,-371.317569150869,-84.806400109222,2.80000000000058,9.19999999999988,30.0000000000011,-317.972045093482,-81.180335274809,3.00627145411643,-1456.05705385482,50.2044,50.2013,4118,"2026_06_04_0085","2026_06_04_0085_ev00848_rec2","no",504867
849,2,50.2261,-281.307533246342,-364.187115211401,-82.8795819650586,4.84999999999758,9.40000000000651,15.9999999999982,-311.594799437992,-76.4521817486189,3.01060731129553,-1413.32866333623,50.22605,50.22045,4522,"2026_06_04_0085","2026_06_04_0085_ev00849_rec2","no",504868
850,2,50.24955,-280.648981879813,-355.133523892798,-74.4845420129854,7.50000000000028,7.14999999999577,1.24999999999886,173995.399305143,-174304.234764139,350382.274932374,-1130.0741651107,50.2485,50.24065,4991,"2026_06_04_0085","2026_06_04_0085_ev00850_rec2","no",504869
851,2,50.26575,-277.357845878334,-351.50572428906,-74.1478784107256,2.40000000000151,11.9000000000042,7.69999999999982,-3279779.57855867,3279527.37270988,481031.389499458,-2520.86823938368,50.26395,50.26145,5315,"2026_06_04_0085","2026_06_04_0085_ev00851_rec2","no",504870
853,2,50.38635,-438.933642943925,-515.242424661032,-76.3087817171069,3.00000000000011,7.6000000000036,4.19999999999732,-431.42890982298,-115.157329768908,3.58190396496471,-464.543976175468,50.3845,50.38065,7727,"2026_06_04_0085","2026_06_04_0085_ev00853_rec2","no",504872
854,2,50.40455,-413.603657195218,-461.753732039447,-48.1500748442292,2.80000000000058,7.74999999999437,8.44999999999629,-426.983670642025,-46.409915665759,3.588512715565,-679.312919136427,50.4039,50.40095,8091,"2026_06_04_0085","2026_06_04_0085_ev00854_rec2","no",504873
855,2,50.42475,-400.472227833006,-459.295767861965,-58.8235400289589,2.34999999999985,6.95000000000334,4.89999999999924,-381.539418511523,-111.442101895654,4.84341617060292,-151.536014286754,50.42295,50.4205,8495,"2026_06_04_0085","2026_06_04_0085_ev00855_rec2","no",504874
856,2,50.44505,-377.01814805228,-419.868381115973,-42.8502330636923,1.04999999999933,4.75000000000136,3.29999999999586,-358.13700893904,-80.7678066590649,3.91484599261349,170.179546470845,50.4439,50.44265,8901,"2026_06_04_0085","2026_06_04_0085_ev00856_rec2","no",504875
857,2,50.4705,-327.909596044013,-385.189649955538,-57.2800539115255,4.84999999999758,7.50000000000028,0,-365.571195201633,3.58724499866641,7.11610618917156,-1491.9778524949,50.4663,50.4609,9410,"2026_06_04_0085","2026_06_04_0085_ev00857_rec2","no",504876
858,2,50.4846,-344.524934530463,-408.752479358003,-64.2275448275398,2.85000000000224,7.54999999999484,8.74999999999915,-364.607745572408,-60.2211493300936,3.13572975755786,-937.978955200406,50.48405,50.4812,9692,"2026_06_04_0085","2026_06_04_0085_ev00858_rec2","no",504877
859,2,50.5047,-348.640932423814,-396.464505128959,-47.8235727051447,3.10000000000343,2.60000000000105,1.50000000000006,-362.621145726585,-5.5051187772583,3.86110847751434,-581.462031795635,50.50435,50.5011,10094,"2026_06_04_0085","2026_06_04_0085_ev00859_rec2","no",504878
860,2,50.52685,-339.07804628909,-404.236820057366,-65.158773768276,3.5000000000025,6.54999999999717,4.34999999999519,-343.944376720399,-86.6166447448056,2.88686158695249,-605.128092493079,50.52555,50.522,10537,"2026_06_04_0085","2026_06_04_0085_ev00860_rec2","no",504879
861,2,50.54945,-313.352348357621,-375.815692586218,-62.4633442285967,5.64999999999571,8.60000000000127,30.0000000000011,-339.253885109013,-13.9462583359081,2.4979130349291,-1218.81836750161,50.54685,50.5411,10989,"2026_06_04_0085","2026_06_04_0085_ev00861_rec2","no",504880
862,2,50.5704,-347.334092095027,-362.39055403695,-15.0564619419233,0.10000000000332,0.94999999999601,0,204109.785730076,-204454.96451786,376138.297119682,298.439384541736,50.5702,50.5693,11408,"2026_06_04_0085","2026_06_04_0085_ev00862_rec2","no",504881
863,2,50.58465,-338.388055914753,-351.74712252788,-13.3590666131279,0.999999999997669,24.249999999995,17.8999999999974,-120146.84486757,119809.930245483,334336.870146698,-140.723505373332,50.58365,50.58255,11693,"2026_06_04_0085","2026_06_04_0085_ev00863_rec2","no",504882
864,2,50.60795,-332.6369012979,-366.099806319086,-33.4629050211867,3.14999999999799,3.65000000000038,29.999999999994,-348.473553273275,-1.13211185103215,2.19325289711324,-592.420892986509,50.60615,50.6029,12159,"2026_06_04_0085","2026_06_04_0085_ev00864_rec2","no",504883
865,2,50.64405,-369.322983626717,-381.585174433558,-12.2621908068415,0.849999999999795,20.4999999999984,17.4000000000021,-250343.398740346,249983.573367694,310057.970641124,-91.3756168585879,50.64355,50.6426,12881,"2026_06_04_0085","2026_06_04_0085_ev00865_rec2","no",504884
866,2,50.67025,-365.882212170129,-399.686992909914,-33.8047807397854,6.25000000000142,5.65000000000282,2.15000000000032,-338.110020569105,-64.0168196866107,4.62999095338576,360.323639317201,50.66855,50.6622,13405,"2026_06_04_0085","2026_06_04_0085_ev00866_rec2","no",504885
867,2,50.70845,-343.770763476839,-389.347704778573,-45.5769413017341,3.65000000000038,7.55000000000194,5.09999999999877,-339.553969739954,-69.6548087856387,4.26241058340553,-335.373087978001,50.70805,50.7041,14169,"2026_06_04_0085","2026_06_04_0085_ev00867_rec2","no",504886
868,2,50.74605,-344.568673660803,-368.410522538995,-23.8418488781916,2.85000000000224,0.749999999996476,0,-343.928306814241,-6.55500566163203,3.94433236512355,-34.6933457909733,50.74575,50.7425,14921,"2026_06_04_0085","2026_06_04_0085_ev00868_rec2","no",504887
869,2,50.7764,-325.572095228145,-362.210741342674,-36.6386461145294,5.74999999999903,14.5499999999998,8.1999999999951,-330.920132690286,-42.5607952902029,4.98294953069641,-668.808114751637,50.7724,50.76645,15528,"2026_06_04_0085","2026_06_04_0085_ev00869_rec2","no",504888
870,2,50.80505,-322.83532156227,-362.355771371949,-39.5204498096787,1.80000000000291,6.69999999999504,8.15000000000055,-331.626847606525,-29.9080499544986,4.98425400330386,-473.130254181896,50.80465,50.80265,16101,"2026_06_04_0085","2026_06_04_0085_ev00870_rec2","no",504889
871,2,50.86925,-364.659389168054,-530.414834038329,-165.755444870275,5.49999999999784,20.8999999999975,17.8000000000011,-232.802168825938,-317.106426832992,35.8679638703207,-3654.4982048345,50.8645,50.8582,17385,"2026_06_04_0085","2026_06_04_0085_ev00871_rec2","no",504890
872,2,50.91565,-392.977686642432,-415.692118899988,-22.7144322575568,1.64999999999793,5.04999999999711,4.89999999999924,-326.954198244442,-91.8025885967196,23.3826251161538,401.920959252367,50.91525,50.9136,18313,"2026_06_04_0085","2026_06_04_0085_ev00872_rec2","no",504891
873,2,50.98625,-366.776972197642,-424.185732828167,-57.4087606305251,7.79999999999603,11.8000000000009,7.04999999999956,-318.194202361131,-120.774152206993,12.8689326696224,-323.566098917877,50.9828,50.9747,19725,"2026_06_04_0085","2026_06_04_0085_ev00873_rec2","no",504892
874,2,51.0242,-339.249733139592,-343.917364565348,-4.66763142575599,1.04999999999933,3.39999999999918,2.60000000000105,-321.781125828379,-22.1444043726381,18.3235916984108,187.500680298592,51.02405,51.0222,20484,"2026_06_04_0085","2026_06_04_0085_ev00874_rec2","no",504893
875,2,51.0626,-328.126845894096,-351.581812114714,-23.4549662206174,4.30000000000064,8.04999999999723,7.5999999999965,-335.803353016575,-25.8268396060261,2.33272881621062,-371.523206231343,51.0621,51.0578,21252,"2026_06_04_0085","2026_06_04_0085_ev00875_rec2","no",504894
876,2,51.0986,-343.813762269498,-379.180952903593,-35.3671906340954,5.39999999999452,11.6999999999976,10.0499999999997,988898.308542088,-989275.4525816,490532.672860998,-242.219646814471,51.09795,51.0921,21972,"2026_06_04_0085","2026_06_04_0085_ev00876_rec2","no",504895
877,2,51.14925,-330.696198212818,-349.42041818169,-18.7242199688721,3.25000000000131,6.55000000000427,5.15000000000043,-328.083203105718,-24.1062940143614,5.53314365804328,-106.639771774268,51.14905,51.1452,22985,"2026_06_04_0085","2026_06_04_0085_ev00877_rec2","no",504896
878,2,51.1878,-341.497033556377,-363.623790250166,-22.1267566937888,1.40000000000384,11.099999999999,4.99999999999545,-344.221316218855,-24.6571127911982,3.30256847466779,-198.47769302333,51.18695,51.17995,23756,"2026_06_04_0085","2026_06_04_0085_ev00878_rec2","no",504897
879,2,51.2076,-334.50471753257,-352.216825596975,-17.7121080644051,1.4499999999984,7.50000000000028,7.24999999999909,-309.989109804785,-44.3105506682517,20.3977342879863,3.52408571864669,51.2067,51.20525,24152,"2026_06_04_0085","2026_06_04_0085_ev00879_rec2","no",504898
880,2,51.25645,-326.191910055365,-345.54423720264,-19.352327147275,0.849999999999795,0.10000000000332,0,-327.114466382022,-3.63681567137298,4.16061253878908,-68.5629832925761,51.2557,51.254,25129,"2026_06_04_0085","2026_06_04_0085_ev00880_rec2","no",504899
881,2,51.2969,-332.298502812058,-339.499528875715,-7.20102606365651,1.35000000000218,28.3499999999961,23.8999999999976,-83995.2108419775,83665.8248222999,358723.954264652,-28.6934930228018,51.2967,51.2953,25938,"2026_06_04_0085","2026_06_04_0085_ev00881_rec2","no",504900
882,2,51.3241,-322.626850552294,-348.885614529856,-26.2587639775626,1.50000000000006,6.24999999999432,6.79999999999836,-324.250306901459,-26.727556756358,5.70649209060413,-264.415628469962,51.32255,51.3204,26482,"2026_06_04_0085","2026_06_04_0085_ev00882_rec2","no",504901
883,2,51.39045,-325.424252945832,-332.192498429186,-6.76824548335406,0.199999999999534,5.04999999999711,5.44999999999618,-316.720639124518,-22.0617571614874,8.05090801187585,83.1488418122295,51.39025,51.39005,27809,"2026_06_04_0085","2026_06_04_0085_ev00883_rec2","no",504902
884,2,51.4138,-321.803584962449,-325.515255261711,-3.71167029926215,0.800000000005241,0.199999999999534,0.250000000001194,-308.860774158753,-14.8045186685636,7.14159722624573,283.337358124534,51.4138,51.4128,28276,"2026_06_04_0085","2026_06_04_0085_ev00884_rec2","no",504903
885,2,51.46635,-319.795145657735,-337.60825663298,-17.8131109752443,2.75000000000603,10.9999999999957,9.55000000000439,-264.407463002635,-73.1557889010956,57.6154851986184,-109.513947466442,51.46605,51.4612,29327,"2026_06_04_0085","2026_06_04_0085_ev00885_rec2","no",504904
886,2,51.5227,-309.300955021954,-315.959807414107,-6.65885239215294,0.300000000002854,9.45000000000107,11.0000000000028,-309.052079086267,-13.7160789473504,6.79479579185376,-88.0852536005812,51.5227,51.5224,30454,"2026_06_04_0085","2026_06_04_0085_ev00886_rec2","no",504905
887,2,51.56755,-307.613127441148,-326.169398548432,-18.5562711072849,1.39999999999674,10.2000000000046,30.0000000000011,-315.411261556115,-15.0252415206161,3.47900787904502,-325.931500851509,51.56675,51.56475,31351,"2026_06_04_0085","2026_06_04_0085_ev00887_rec2","no",504906
888,2,51.5964,-307.224750216836,-325.297281047159,-18.0725308303229,3.59999999999872,9.29999999999609,6.69999999999504,-306.012057660531,-19.9567037770202,7.23678966731284,-183.788633097017,51.59605,51.59095,31928,"2026_06_04_0085","2026_06_04_0085_ev00888_rec2","no",504907
889,2,51.6725,-303.904262582391,-336.876410045453,-32.9721474630615,2.50000000000483,13.3500000000026,15.0500000000022,-310.409825910198,-34.1521124216587,8.39945020400617,-573.637572705388,51.67175,51.6691,33450,"2026_06_04_0085","2026_06_04_0085_ev00889_rec2","no",504908
890,2,51.74025,-302.198086158911,-323.404655497554,-21.2065693386423,0.250000000001194,6.79999999999836,29.999999999994,-311.271865098688,-10.0593856724103,2.64227335710396,-329.244648344267,51.7391,51.73745,34805,"2026_06_04_0085","2026_06_04_0085_ev00890_rec2","no",504909
891,2,51.7971,-304.67797770898,-319.64360396616,-14.9656262571806,0.699999999994816,31.3500000000033,30.0000000000011,-318.356855559561,-9.43258681181784,3.52038047661506,-466.245481536893,51.79635,51.79565,35942,"2026_06_04_0085","2026_06_04_0085_ev00891_rec2","no",504910
892,2,51.878,-315.357954751853,-324.773973459499,-9.416018707646,0.150000000004979,3.90000000000157,3.74999999999659,-307.341608828315,-19.0196973135001,7.49929952736763,89.109589513808,51.877,51.8763,37560,"2026_06_04_0085","2026_06_04_0085_ev00892_rec2","no",504911
893,2,52.05355,-308.528051541324,-334.266739412303,-25.7386878709792,0.749999999996476,32.0500000000052,30.0000000000011,-322.54793492188,-9.23379008566477,2.73730894498267,-495.795151402861,52.0526,52.0504,41071,"2026_06_04_0085","2026_06_04_0085_ev00893_rec2","no",504912
894,2,52.07405,-316.069827597412,-339.603524039313,-23.533696441901,1.24999999999886,2.74999999999892,4.19999999999732,-306.896327551386,-24.3941900772826,13.4818720198922,-43.5778211580033,52.0736,52.0721,41481,"2026_06_04_0085","2026_06_04_0085_ev00894_rec2","no",504913
895,2,52.10145,-311.370299189715,-314.650256440914,-3.27995725119871,0.149999999997874,0.94999999999601,1.10000000000099,-307.98153502945,-6.28448551293283,3.51645713221148,78.7865732809017,52.10145,52.1013,42029,"2026_06_04_0085","2026_06_04_0085_ev00895_rec2","no",504914
896,2,52.19075,-317.156927635819,-381.219180472614,-64.0622528367953,5.60000000000116,34.2500000000001,30.0000000000011,-353.93003469993,-31.773038049051,3.6347902724326,-1554.91828941048,52.19065,52.17585,43815,"2026_06_04_0085","2026_06_04_0085_ev00896_rec2","no",504915
897,2,52.2121,-339.751413433534,-366.50024142306,-26.7488279895251,3.00000000000011,20.2500000000043,19.5000000000007,67254.5492540945,-67617.6645277261,97861.788853867,-515.480811231456,52.20945,52.20625,44242,"2026_06_04_0085","2026_06_04_0085_ev00897_rec2","no",504916
898,2,52.2819,-352.619510371231,-357.235884797185,-4.61637442595452,0.249999999994088,5.34999999999997,4.3500000000023,224422.931847035,-224780.773636038,276642.194158669,199.274716772255,52.2803,52.279,45638,"2026_06_04_0085","2026_06_04_0085_ev00898_rec2","no",504917
899,2,52.37395,-333.884479997471,-359.315714068456,-25.4312340709852,10.5000000000004,3.95000000000323,0,-54862.9357269291,54515.6724864576,439832.132283963,-761.901089674686,52.36925,52.35785,47479,"2026_06_04_0085","2026_06_04_0085_ev00899_rec2","no",504918
900,2,52.41755,-327.960471886494,-344.22248350213,-16.2620116156359,2.40000000000151,10.3500000000025,10.9500000000011,-320.080872114875,-24.6635952758543,19.0757974113673,-175.97373014282,52.41705,52.41405,48351,"2026_06_04_0085","2026_06_04_0085_ev00900_rec2","no",504919
901,2,52.46765,-345.379777674546,-365.977917009109,-20.5981393345624,0.750000000003581,4.59999999999638,3.84999999999991,-334.430955171886,-30.2047100054625,7.96473071429472,59.7986053897201,52.46625,52.46515,49353,"2026_06_04_0085","2026_06_04_0085_ev00901_rec2","no",504920
902,2,52.55865,-354.529177739204,-369.512260101839,-14.9830823626355,0.999999999997669,1.50000000000006,1.39999999999674,-323.568033849349,-45.611168159847,6.3588744196679,638.017181645984,52.55865,52.55745,51173,"2026_06_04_0085","2026_06_04_0085_ev00902_rec2","no",504921
903,2,52.70875,-326.492537247545,-343.371315810914,-16.8787785633696,1.15000000000265,15.2500000000018,15.0999999999968,-326.248939781912,-29.8632930890354,9.88843392140202,-334.130652738556,52.70675,52.70545,54175,"2026_06_04_0085","2026_06_04_0085_ev00903_rec2","no",504922
904,2,52.75175,-318.57344845102,-327.764045578487,-9.19059712746702,0.199999999999534,7.2500000000062,8.24999999999676,-314.283983876251,-18.5913236647587,9.35631596692946,-41.5620419865596,52.75155,52.75135,55035,"2026_06_04_0085","2026_06_04_0085_ev00904_rec2","no",504923
905,2,52.783,-326.275680676427,-333.10436115023,-6.8286804738031,0.799999999998136,30.2000000000007,27.8999999999954,-144999.852337855,144684.750169877,294452.476802619,113.758757323502,52.783,52.78215,55660,"2026_06_04_0085","2026_06_04_0085_ev00905_rec2","no",504924
906,2,52.8224,-330.606212323378,-346.460227141394,-15.8540148180158,5.39999999999452,7.64999999999816,6.00000000000023,169552.285429682,-169892.90076514,246839.943718893,-38.0066877201033,52.82205,52.8164,56448,"2026_06_04_0085","2026_06_04_0085_ev00906_rec2","no",504925
907,2,52.9225,-323.167420611334,-329.9678257521,-6.80040514076597,0.199999999999534,1.50000000000716,1.89999999999912,-314.416895737499,-15.0211310049814,6.55455003439555,162.493611847094,52.9222,52.9219,58450,"2026_06_04_0085","2026_06_04_0085_ev00907_rec2","no",504926
908,2,53.0183,-309.609457753998,-333.615690208588,-24.0062324545894,4.04999999999944,34.399999999998,30.0000000000011,-325.833161484794,-11.7943789242491,3.8494463397555,-631.15876577504,53.01695,53.01285,60366,"2026_06_04_0085","2026_06_04_0085_ev00908_rec2","no",504927
909,2,53.05535,-325.258937956369,-366.801050847411,-41.5421128910421,5.65000000000282,10.6999999999999,9.75000000000392,-332.876652951541,-29.0057923806467,7.37455732593439,-623.154490528082,53.0549,53.04835,61107,"2026_06_04_0085","2026_06_04_0085_ev00909_rec2","no",504928
910,2,53.16655,-306.529272462227,-315.179346906655,-8.65007444442813,0.349999999997408,0.10000000000332,0,-15297.9936841762,14986.4623304592,197929.204255259,-187.850228992251,53.16655,53.1662,63331,"2026_06_04_0085","2026_06_04_0085_ev00910_rec2","no",504929
911,2,53.23195,-317.788242168728,-321.066021488319,-3.27777931959037,0.149999999997874,1.54999999999461,1.50000000000006,-306.650130271131,-15.0404289695269,7.64025979044726,220.127110010018,53.23175,53.2316,64639,"2026_06_04_0085","2026_06_04_0085_ev00911_rec2","no",504930
912,2,53.27795,-318.487520658259,-326.634841831851,-8.14732117359165,0.499999999995282,30.3499999999985,30.0000000000011,-18899.2348261362,18581.7433968231,262869.604514003,-4.85457907590861,53.27795,53.27725,65559,"2026_06_04_0085","2026_06_04_0085_ev00912_rec2","no",504931
913,2,53.3035,-314.247397769504,-320.319210803272,-6.07181303376831,0.199999999999534,8.80000000000081,0,-21397.1727726617,21080.4405079553,329868.857331471,-105.082726009551,53.3035,53.3033,66070,"2026_06_04_0085","2026_06_04_0085_ev00913_rec2","no",504932
914,2,53.32825,-318.529111680746,-325.490876984358,-6.96176530361186,0.0999999999962142,0.700000000001921,2.50000000000483,-299.469609803507,-22.7979670640826,47.9132906779355,61.6126126467648,53.32825,53.32795,66565,"2026_06_04_0085","2026_06_04_0085_ev00914_rec2","no",504933
915,2,53.471,-320.207916551135,-344.929380909653,-24.7214643585182,3.25000000000131,5.74999999999903,7.000000000005,-327.145714753303,-19.0334431090331,3.25197203975914,-409.678365007977,53.46675,53.463,69420,"2026_06_04_0085","2026_06_04_0085_ev00915_rec2","no",504934
916,2,53.50725,-324.739968452699,-332.043219073497,-7.30325062079788,0.149999999997874,0.0999999999962142,0,36091.4264234369,-36418.0107011349,73189.4392960494,167.68762182469,53.5072,53.50695,70145,"2026_06_04_0085","2026_06_04_0085_ev00916_rec2","no",504935
917,2,53.56185,-322.959798966978,-329.302637755039,-6.34283878806167,0.249999999994088,1.69999999999959,0,-317.801458021407,-5.10926790875768,3.17372274485573,129.828082585858,53.5594,53.55875,71237,"2026_06_04_0085","2026_06_04_0085_ev00917_rec2","no",504936
918,2,53.64405,-323.768142849349,-345.030235188993,-21.2620923396447,5.74999999999903,22.3000000000013,12.3000000000033,-261886.577364842,261560.73997447,555155.394812726,-340.062089158324,53.64365,53.6372,72881,"2026_06_04_0085","2026_06_04_0085_ev00918_rec2","no",504937
919,2,53.67055,-315.262107753984,-363.741290282549,-48.4791825285645,2.85000000000224,15.2000000000001,30.0000000000011,-335.874617085324,-20.0803453917188,6.31946980314307,-918.636532447023,53.6672,53.6643,73411,"2026_06_04_0085","2026_06_04_0085_ev00919_rec2","no",504938
920,2,53.69365,-337.436891987452,-350.71810804292,-13.2812160554683,0.450000000000728,3.10000000000343,2.34999999999985,-322.234534745276,-29.3394479099529,6.27932304976277,256.329101618314,53.69265,53.69205,73873,"2026_06_04_0085","2026_06_04_0085_ev00920_rec2","no",504939
921,2,53.75485,-314.544698649868,-321.574202862125,-7.02950421225688,0.199999999999534,0.250000000001194,0,-309.884183498877,-6.68924099562865,4.4132485286817,109.497346477681,53.75485,53.7545,75097,"2026_06_04_0085","2026_06_04_0085_ev00921_rec2","no",504940
922,2,53.84105,-319.138059671765,-331.613162936752,-12.4751032649877,0.0500000000016598,0.10000000000332,0,-313.243751282284,-10.4020307630715,1.94156674995504,155.354923749583,53.84105,53.8407,76821,"2026_06_04_0085","2026_06_04_0085_ev00922_rec2","no",504941
923,2,53.9028,-316.50109243844,-326.540514062347,-10.0394216239075,0.749999999996476,4.1000000000011,5.40000000000163,-313.56785619137,-12.8036939213638,8.26947845843196,-33.7243960328221,53.90165,53.9005,78056,"2026_06_04_0085","2026_06_04_0085_ev00923_rec2","no",504942
924,2,53.96975,-326.454291616798,-347.536339741653,-21.0820481248555,2.20000000000198,7.04999999999956,4.6999999999997,-317.688086964446,-34.5684234959613,6.41492273056717,-36.1214598101937,53.96635,53.9638,79395,"2026_06_04_0085","2026_06_04_0085_ev00924_rec2","no",504943
925,2,54.0196,-320.912972705555,-358.569577461081,-37.656604755526,3.65000000000038,10.6499999999983,10.4500000000058,-305.72517836118,-49.0679819944309,19.9823669352509,-403.260207748868,54.0191,54.01525,80392,"2026_06_04_0085","2026_06_04_0085_ev00925_rec2","no",504944
926,2,54.12775,-308.149328022605,-326.104860386927,-17.9555323643214,1.84999999999746,6.00000000000023,8.24999999999676,-310.164273111091,-12.4125917670103,8.38427579955637,-222.877043903241,54.12515,54.1228,82555,"2026_06_04_0085","2026_06_04_0085_ev00926_rec2","no",504945
927,2,54.1718,-307.195295571273,-315.65228762269,-8.45699205141722,0.800000000005241,13.9999999999958,16.7000000000002,-305.400290236686,-15.0352138904411,14.982503655739,-161.512961292588,54.17105,54.16965,83436,"2026_06_04_0085","2026_06_04_0085_ev00927_rec2","no",504946
928,2,54.2424,-315.856519381557,-318.515382548434,-2.65886316687721,0.0500000000016598,0.200000000006639,0,-313.011564154685,-3.35525962569501,2.03736668852919,77.8615463447386,54.2424,54.2422,84848,"2026_06_04_0085","2026_06_04_0085_ev00928_rec2","no",504947
929,2,54.27475,-314.836053687917,-320.76566108205,-5.92960739413309,0.499999999995282,2.40000000000151,2.9000000000039,-311.194004595815,-10.7205483607281,4.80845621046592,54.9275111560182,54.27475,54.27425,85495,"2026_06_04_0085","2026_06_04_0085_ev00929_rec2","no",504948
930,2,54.34085,-319.097690819509,-400.60074380003,-81.5030529805204,12.350000000005,17.0500000000047,11.5999999999943,-328.609064825891,-74.2641160564693,9.06067177728857,-1558.91292970516,54.33955,54.32715,86817,"2026_06_04_0085","2026_06_04_0085_ev00930_rec2","no",504949
931,2,54.3835,-333.765380461539,-344.882641314233,-11.1172608526937,0.0500000000016598,1.34999999999508,1.75000000000125,-324.820692568926,-18.4837491786621,5.08878028792626,173.901995829446,54.3835,54.38335,87670,"2026_06_04_0085","2026_06_04_0085_ev00931_rec2","no",504950
932,2,54.4001,-318.772489742741,-326.547073143489,-7.77458340074804,0.600000000005707,17.8500000000028,18.3999999999997,-248.286645520715,-81.6299800244705,172.1965246634,-156.112749886229,54.39905,54.3974,88002,"2026_06_04_0085","2026_06_04_0085_ev00932_rec2","no",504951
933,2,54.443,-315.768344929647,-335.062157169788,-19.2938122401413,0.149999999997874,30.2500000000023,30.0000000000011,-38445.3315875814,38128.9688302463,234325.655308009,-92.5628835628157,54.443,54.4427,88860,"2026_06_04_0085","2026_06_04_0085_ev00933_rec2","no",504952
934,2,54.49315,-323.04727792521,-336.262608341678,-13.2153304164679,1.50000000000006,3.74999999999659,2.00000000000244,-322.905267868534,-7.08825529285332,5.76901755065532,-63.7814032465317,54.4929,54.4883,89863,"2026_06_04_0085","2026_06_04_0085_ev00934_rec2","no",504953
935,2,54.51645,-320.076036507182,-327.868983619992,-7.79294711281011,0.200000000006639,5.29999999999831,7.6000000000036,39661.147722793,-39987.3175978796,94683.853471091,3.81253687488154,54.51635,54.51615,90329,"2026_06_04_0085","2026_06_04_0085_ev00935_rec2","no",504954
936,2,54.5332,-316.142797526486,-322.799997371099,-6.65719984461299,0.10000000000332,30.2000000000007,30.0000000000011,-9700.423427062,9383.78160035983,146238.077362879,-46.5779822532133,54.533,54.5329,90664,"2026_06_04_0085","2026_06_04_0085_ev00936_rec2","no",504955
937,2,54.5535,-316.225314017433,-319.074001203778,-2.84868718634488,0.799999999998136,8.25000000000387,7.39999999999696,-314.635842405796,-10.6135717736583,5.33903555707075,-22.453500333698,54.55175,54.5508,91070,"2026_06_04_0085","2026_06_04_0085_ev00937_rec2","no",504956
938,2,54.601,-322.912108726816,-339.560597920932,-16.6484891941165,1.10000000000099,3.19999999999254,2.89999999999679,-318.296036740323,-20.5029180171628,4.47470556407842,24.9025409631381,54.6004,54.5993,92020,"2026_06_04_0085","2026_06_04_0085_ev00938_rec2","no",504957
939,2,54.61655,-321.659889441584,-326.150457275838,-4.49056783425362,0.349999999997408,2.65000000000271,2.65000000000271,-309.726007455355,-18.576607225152,8.53292337781615,202.104320329567,54.61655,54.61605,92331,"2026_06_04_0085","2026_06_04_0085_ev00939_rec2","no",504958
940,2,54.6805,-330.761208781506,-338.321267031781,-7.5600582502754,1.59999999999627,5.44999999999618,4.64999999999804,-307.903341757587,-37.0177894010705,12.6850584356448,247.094678083987,54.67865,54.67555,93610,"2026_06_04_0085","2026_06_04_0085_ev00940_rec2","no",504959
941,2,54.90685,-319.938951603847,-326.05633863373,-6.11738702988237,1.90000000000623,3.10000000000343,2.09999999999866,-309.803419722568,-19.2496174123674,4.72390208266208,179.290496102653,54.90375,54.9008,98137,"2026_06_04_0085","2026_06_04_0085_ev00941_rec2","no",504960
942,2,54.9385,-306.212356536292,-346.283890929468,-40.0715343931755,1.84999999999746,7.69999999999982,9.35000000000485,-310.010215840765,-27.1404575419086,10.3578541963943,-474.410644654077,54.93695,54.93485,98770,"2026_06_04_0085","2026_06_04_0085_ev00942_rec2","no",504961
943,2,55.03185,-318.599345269837,-325.026953619126,-6.42760834928868,0.450000000000728,30.5999999999997,30.0000000000011,-164035.581290736,163725.506579118,492192.587876206,106.125486360862,55.0316,55.03095,100637,"2026_06_04_0085","2026_06_04_0085_ev00943_rec2","no",504962
944,2,55.06095,-315.749017251838,-335.458825922491,-19.7098086706533,1.89999999999912,4.1000000000011,5.40000000000163,-316.436052268541,-21.8233619925459,4.50088063509151,-145.383054854284,55.0607,55.0585,101219,"2026_06_04_0085","2026_06_04_0085_ev00944_rec2","no",504963
945,2,55.09215,-320.578531763663,-328.573449230901,-7.99491746723879,0.149999999997874,0.0999999999962142,0,-296.982926605002,-24.2661485839039,48.5029471185779,164.085174995689,55.09215,55.09185,101843,"2026_06_04_0085","2026_06_04_0085_ev00945_rec2","no",504964
946,2,55.15065,-314.811326858361,-334.555110583208,-19.7437837248472,1.39999999999674,4.04999999999944,5.29999999999831,-317.792915747854,-15.7113247044687,4.09100461600885,-201.292390257296,55.14935,55.14725,103013,"2026_06_04_0085","2026_06_04_0085_ev00946_rec2","no",504965
947,2,55.17495,-321.233642593339,-324.217879541681,-2.98423694834207,0.199999999999534,2.15000000000032,1.99999999999534,-309.969996831577,-16.3091595234971,7.20848069641915,220.13060653769,55.1744,55.1742,103499,"2026_06_04_0085","2026_06_04_0085_ev00947_rec2","no",504966
948,2,55.29725,-329.191997017414,-331.598675402977,-2.40667838556249,0.250000000001194,0.0500000000016598,0,-305.586740996186,-24.218147699205,26.0495570998152,276.482388180962,55.29725,55.29695,105945,"2026_06_04_0085","2026_06_04_0085_ev00948_rec2","no",504967
949,2,55.5102,-336.444521690312,-343.552457448863,-7.10793575855075,2.29999999999819,12.3000000000033,9.6500000000006,-453358.015603901,453028.815685931,442948.219474556,-262.42984770384,55.5101,55.50755,110204,"2026_06_04_0085","2026_06_04_0085_ev00949_rec2","no",504968
950,2,55.53375,-326.92495356668,-372.251342047109,-45.326388480429,3.54999999999706,15.2499999999947,17.949999999999,-336.642391716564,-38.1641159724428,10.632053341718,-812.908553204452,55.53295,55.52905,110675,"2026_06_04_0085","2026_06_04_0085_ev00950_rec2","no",504969
951,2,55.58055,-324.703724520737,-327.117676328461,-2.41395180772412,0.800000000005241,29.8000000000016,27.2499999999951,-135995.868921712,135676.395311723,603940.517341503,50.9618201409578,55.58055,55.5794,111611,"2026_06_04_0085","2026_06_04_0085_ev00951_rec2","no",504970
952,2,55.6062,-319.126851071205,-340.449302673067,-21.3224516018628,1.30000000000052,3.19999999999965,3.74999999999659,-326.577707265516,-1.54510712132842,2.980148882686,-274.124948474135,55.60485,55.6022,112124,"2026_06_04_0085","2026_06_04_0085_ev00952_rec2","no",504971
953,2,55.6313,-318.773859518345,-326.748476188126,-7.97461666978148,0.0500000000016598,8.89999999999702,10.2000000000046,-316.580287545779,-14.8374422775088,9.62364720220267,-75.8602769813914,55.63085,55.6308,112626,"2026_06_04_0085","2026_06_04_0085_ev00953_rec2","no",504972
954,2,55.65715,-302.961053546564,-311.311815223027,-8.35076167646241,4.44999999999851,5.45000000000329,0,-81185.2870931238,80875.0244159962,82929.8459930161,-756.503263013821,55.6553,55.65085,113143,"2026_06_04_0085","2026_06_04_0085_ev00954_rec2","no",504973
955,2,55.67575,-309.455333747471,-339.630674969326,-30.1753412218553,1.60000000000338,32.0999999999998,30.0000000000011,-328.57343485818,-17.0665958377663,5.92735076616976,-748.149852192332,55.67475,55.67315,113515,"2026_06_04_0085","2026_06_04_0085_ev00955_rec2","no",504974
956,2,55.7667,-319.368519682905,-331.690550771236,-12.322031088331,1.1999999999972,2.29999999999819,3.00000000000011,-318.753233359566,-9.25336032928445,5.12316430810999,-40.4319954630809,55.76665,55.76545,115334,"2026_06_04_0085","2026_06_04_0085_ev00956_rec2","no",504975
957,2,55.7874,-323.304073211726,-327.20846014442,-3.9043869326938,0.0999999999962142,0,0,-310.340453016334,-14.2910968311872,6.95177728618762,290.694659767412,55.7874,55.78725,115748,"2026_06_04_0085","2026_06_04_0085_ev00957_rec2","no",504976
958,2,55.8409,-320.822408051625,-327.789094567076,-6.96668651545139,0.299999999995748,0.999999999997669,1.24999999999886,-320.591961423388,-8.58745754321474,1.12467497957308,-5.28592740159701,55.8409,55.84045,116818,"2026_06_04_0085","2026_06_04_0085_ev00958_rec2","no",504977
959,2,55.90775,-319.671864710341,-336.354295504026,-16.6824307936849,2.84999999999513,10.2499999999992,8.04999999999723,-313.406314726392,-24.4901845134424,11.9032249310821,-142.151867747512,55.90595,55.9031,118155,"2026_06_04_0085","2026_06_04_0085_ev00959_rec2","no",504978
960,2,55.95985,-315.454223056293,-349.941934538305,-34.4877114820124,9.09999999999656,5.65000000000282,7.64999999999816,-312.373446800978,-30.1257565915092,11.9325759862614,-475.10101389806,55.9545,55.9448,119197,"2026_06_04_0085","2026_06_04_0085_ev00960_rec2","no",504979
961,2,56.04015,-328.411404884184,-337.402707801745,-8.99130291756052,0.399999999999068,0.950000000003115,1.85000000000457,-305.197436250524,-28.2529622067788,29.5700204943028,152.79073595545,56.0391,56.0382,120803,"2026_06_04_0085","2026_06_04_0085_ev00961_rec2","no",504980
962,2,56.13165,-331.865123956866,-343.345048463585,-11.4799245067185,0.700000000001921,1.7999999999958,2.15000000000032,-315.028949158793,-28.1406453297352,7.38047784117679,295.591272470438,56.1316,56.1307,122633,"2026_06_04_0085","2026_06_04_0085_ev00962_rec2","no",504981
963,2,56.18255,-321.522650683175,-329.48257260214,-7.95992191896471,0.550000000004047,4.6999999999997,5.00000000000256,-319.302125342476,-11.2846776231559,6.42668665743878,-18.0481751411514,56.1816,56.18105,123651,"2026_06_04_0085","2026_06_04_0085_ev00963_rec2","no",504982
964,2,56.25215,-330.485723790135,-340.129224906421,-9.64350111628608,1.15000000000265,18.2500000000019,15.2500000000018,-326849.390650108,326528.631080479,374931.733069195,-119.832300837468,56.2507,56.2494,125043,"2026_06_04_0085","2026_06_04_0085_ev00964_rec2","no",504983
965,2,56.27705,-338.511954783562,-364.244563452332,-25.7326086687702,2.00000000000244,7.6000000000036,7.64999999999816,-321.473643015615,-42.2911751436375,16.4287590153034,-107.624922346056,56.2764,56.27425,125541,"2026_06_04_0085","2026_06_04_0085_ev00965_rec2","no",504984
966,2,56.332,-323.490327708979,-354.092945915205,-30.6026182062269,1.30000000000052,13.7500000000017,30.0000000000011,-338.448439866159,-17.1262207798137,3.09485298881495,-550.50914330943,56.3314,56.32995,126640,"2026_06_04_0085","2026_06_04_0085_ev00966_rec2","no",504985
967,2,56.45075,-324.449737705891,-337.613287081277,-13.1635493753863,1.85000000000457,21.1000000000041,19.5500000000024,11500.659081726,-11839.0514819857,25491.9022977353,-287.283701102173,56.4472,56.44395,129015,"2026_06_04_0085","2026_06_04_0085_ev00967_rec2","no",504986
968,2,56.5123,-334.638293572676,-348.909982052915,-14.271688480239,0.650000000000261,3.84999999999991,2.95000000000556,-308.618230147489,-38.5756709182688,14.1967063542515,272.860198983621,56.51065,56.50935,130246,"2026_06_04_0085","2026_06_04_0085_ev00968_rec2","no",504987
969,2,56.58835,-318.653499612484,-339.5681082749,-20.9146086624166,3.15000000000509,8.20000000000221,9.35000000000485,-319.099863823703,-17.3314006348166,10.7937403166236,-242.525915323301,56.58825,56.5848,131767,"2026_06_04_0085","2026_06_04_0085_ev00969_rec2","no",504988
970,2,56.6474,-331.619614845729,-334.563871209323,-2.9442563635933,0.349999999997408,0.799999999998136,0.550000000004047,-318.235556613441,-16.2138782059797,5.01358612256604,319.608679310709,56.6474,56.64705,132948,"2026_06_04_0085","2026_06_04_0085_ev00970_rec2","no",504989
971,2,56.6684,-320.630346322847,-329.048451703095,-8.41810538024811,0.149999999997874,0.0999999999962142,0.0500000000016598,-314.180006711454,-9.6296835576308,5.68784624302145,138.510842902826,56.6684,56.66825,133368,"2026_06_04_0085","2026_06_04_0085_ev00971_rec2","no",504990
972,2,56.77075,-320.546904563389,-325.372663115797,-4.82575855240771,0.250000000001194,30.0999999999974,30.0000000000011,-20250.8592064302,19934.336518093,479099.577331407,101.681451710164,56.77075,56.7705,135415,"2026_06_04_0085","2026_06_04_0085_ev00972_rec2","no",504991
973,2,56.8994,-335.958472185749,-352.983546665431,-17.0250744796817,2.25000000000364,7.69999999999982,7.19999999999743,152062.55658666,-152411.436002739,165308.60484212,-2.1790612160997,56.89855,56.8957,137988,"2026_06_04_0085","2026_06_04_0085_ev00973_rec2","no",504992
974,2,56.9401,-317.798952376419,-330.183404844308,-12.384452467889,1.30000000000052,3.25000000000131,0,-86029.5996636614,85703.0138853961,480803.685079841,-387.956229509018,56.93795,56.93625,138802,"2026_06_04_0085","2026_06_04_0085_ev00974_rec2","no",504993
975,2,56.9743,-334.827874821315,-349.204652230088,-14.3767774087725,2.60000000000105,6.00000000000023,3.39999999999918,-322.863819218964,-31.7950775942867,5.53959652868933,126.095186935488,56.9724,56.96895,139486,"2026_06_04_0085","2026_06_04_0085_ev00975_rec2","no",504994
976,2,56.9947,-312.805810672796,-321.023765816781,-8.21795514398519,0.399999999999068,33.1499999999991,29.999999999994,-320.521727972867,-9.46363962349869,4.00271036617881,-324.075156238351,56.99255,56.98935,139894,"2026_06_04_0085","2026_06_04_0085_ev00976_rec2","no",504995
977,2,57.12915,-327.170791549323,-330.701605029061,-3.53081347973819,0.0500000000016598,0.0999999999962142,0,-315.076234349399,-13.1422217756912,7.496274357704,266.028968682774,57.1289,57.1288,142583,"2026_06_04_0085","2026_06_04_0085_ev00977_rec2","no",504996
978,2,57.2038,-328.231634396496,-338.874125413012,-10.6424910165159,2.00000000000244,0.800000000005241,0.799999999998136,-321.002239240798,-14.8443416708434,2.7998611737829,168.279752828793,57.2038,57.20155,144076,"2026_06_04_0085","2026_06_04_0085_ev00978_rec2","no",504997
979,2,57.2489,-327.061154731578,-330.43586470725,-3.37470997567209,0.199999999999534,5.05000000000422,4.24999999999898,-324.318816370773,-9.60508448247513,4.8123433602397,20.3830176504568,57.24655,57.24635,144978,"2026_06_04_0085","2026_06_04_0085_ev00979_rec2","no",504998
980,2,57.3626,-327.869030891474,-403.886374182886,-76.0173432914115,9.09999999999656,22.0500000000001,11.4000000000019,-314.102572707276,-100.580786838296,13.0263144416623,-1707.07137931946,57.35565,57.34575,147252,"2026_06_04_0085","2026_06_04_0085_ev00980_rec2","no",504999
981,2,57.4156,-342.778524882017,-351.239173928549,-8.46064904653184,0.94999999999601,1.04999999999933,0,-341.68771355588,-3.9124468057802,3.52798766616272,0.281073561501447,57.4147,57.4127,148312,"2026_06_04_0085","2026_06_04_0085_ev00981_rec2","no",505000
982,2,57.4377,-344.736508299941,-357.020687816169,-12.2841795162277,0.700000000001921,2.3000000000053,1.89999999999912,-335.680277379744,-26.1451744041855,2.8807041569706,179.296639397228,57.4367,57.4352,148754,"2026_06_04_0085","2026_06_04_0085_ev00982_rec2","no",505001
983,2,57.47635,-342.936627162273,-355.611160150647,-12.6745329883734,2.049999999997,6.29999999999598,4.65000000000515,-345.077475924064,-17.7317082733359,2.40108529224925,-146.83723892206,57.47535,57.4732,149527,"2026_06_04_0085","2026_06_04_0085_ev00983_rec2","no",505002
984,2,57.49125,-340.693332298877,-361.526747603086,-20.8334153042088,1.74999999999415,4.15000000000276,2.24999999999653,-339.455257994933,-19.7621832003732,2.86486298199815,-76.7194612691156,57.489,57.48585,149825,"2026_06_04_0085","2026_06_04_0085_ev00984_rec2","no",505003
985,2,57.54885,-334.817796950267,-351.581026849675,-16.7632298994079,2.6499999999956,11.6999999999976,5.89999999999691,-333.408724902282,-28.8910654922954,4.42167121137613,-224.616244690619,57.54225,57.53945,150977,"2026_06_04_0085","2026_06_04_0085_ev00985_rec2","no",505004
986,2,57.56625,-337.751174050299,-340.30595384285,-2.5547797925513,0.199999999999534,0.149999999997874,0,-314.886117384841,-23.2271315567276,33.5610959918751,224.901348230318,57.56625,57.56585,151325,"2026_06_04_0085","2026_06_04_0085_ev00986_rec2","no",505005
987,2,57.61635,-340.497936316112,-354.044166742947,-13.5462304268349,1.75000000000125,1.84999999999746,1.55000000000172,-328.007102968717,-25.5616284559912,4.10367826385062,263.934789417817,57.61625,57.6135,152327,"2026_06_04_0085","2026_06_04_0085_ev00987_rec2","no",505006
988,2,57.76135,-344.694226293491,-355.780522932216,-11.0862966387257,0.349999999997408,1.94999999999368,1.35000000000218,-335.842949993395,-18.1099883181094,4.07325916134134,186.305611077935,57.76085,57.76,155227,"2026_06_04_0085","2026_06_04_0085_ev00988_rec2","no",505007
989,2,57.78655,-328.350037899324,-344.533629087434,-16.18359118811,2.54999999999939,9.50000000000273,9.59999999999894,-287.645581958365,-59.1197942134231,40.761160179107,-77.543795875659,57.7861,57.7831,155731,"2026_06_04_0085","2026_06_04_0085_ev00989_rec2","no",505008
990,2,57.88485,-330.10720571799,-346.408426254338,-16.3012205363478,0.0500000000016598,8.04999999999723,30.0000000000011,-337.18989425922,-9.86026245908346,1.71124699648158,-285.360758227104,57.88115,57.8802,157697,"2026_06_04_0085","2026_06_04_0085_ev00990_rec2","no",505009
991,2,57.9005,-334.877607979486,-349.40239721078,-14.5247892312939,0.300000000002854,2.70000000000437,3.65000000000038,-335.996836536353,-12.4026685124488,3.40122502571488,-89.0790988360346,57.8994,57.89905,158010,"2026_06_04_0085","2026_06_04_0085_ev00991_rec2","no",505010
992,2,57.92065,-324.327543508356,-334.057473326338,-9.72992981798211,0.300000000002854,4.19999999999732,0,-534633.490575206,534305.468893071,607823.937191903,-579.48735607056,57.91595,57.91565,158413,"2026_06_04_0085","2026_06_04_0085_ev00992_rec2","no",505011
993,2,57.94615,-333.94052323336,-366.987771239141,-33.0472480057812,1.04999999999933,7.89999999999935,8.59999999999417,-319.312016607688,-47.2199578875213,15.1990278844629,-231.686491955028,57.94495,57.9437,158923,"2026_06_04_0085","2026_06_04_0085_ev00993_rec2","no",505012
994,2,58.00315,-327.603862776702,-331.098023943165,-3.49416116646273,0.94999999999601,6.65000000000759,6.3999999999993,-306.302730330432,-30.0570636699474,22.4525125954727,124.585959172355,58.0016,58.00065,160063,"2026_06_04_0085","2026_06_04_0085_ev00994_rec2","no",505013
995,2,58.0582,-324.868795478377,-328.044015952524,-3.17522047414622,0.749999999996476,0.450000000000728,0,-320.811833505851,-4.53818111206507,2.0745130704685,113.066997458228,58.0582,58.0574,161164,"2026_06_04_0085","2026_06_04_0085_ev00995_rec2","no",505014
996,2,58.09965,-326.809468457199,-335.097090287715,-8.28762183051538,0.349999999997408,0.0500000000016598,1.05000000000643,-316.114056405512,-14.8208158910722,13.9565908387209,136.94412435409,58.09965,58.0993,161993,"2026_06_04_0085","2026_06_04_0085_ev00996_rec2","no",505015
997,2,58.2236,-331.227561730789,-347.422350951338,-16.1947892205486,2.34999999999275,8.1999999999951,7.55000000000194,-315.793335511466,-31.2278417485457,20.0989858953242,-56.6304747876127,58.2229,58.21965,164472,"2026_06_04_0085","2026_06_04_0085_ev00997_rec2","no",505016
998,2,58.2757,-315.432594918404,-322.254512870078,-6.82191795167438,1.15000000000265,33.4000000000003,30.0000000000011,-322.107139618862,-6.29094633904311,1.75532984765071,-245.883558268444,58.27315,58.272,165514,"2026_06_04_0085","2026_06_04_0085_ev00998_rec2","no",505017
999,2,58.3461,-321.25184694435,-325.133465738092,-3.88161879374201,1.7000000000067,15.3000000000034,13.1999999999977,-141199.033132873,140883.069279045,276148.361679385,-72.5917683683878,58.346,58.3441,166922,"2026_06_04_0085","2026_06_04_0085_ev00999_rec2","no",505018
1000,2,58.371,-314.586509955281,-341.919202264876,-27.3326923095958,2.95000000000556,16.6499999999985,30.0000000000011,-323.726228599574,-15.3050549013292,11.7222321056464,-522.731005797784,58.3691,58.366,167420,"2026_06_04_0085","2026_06_04_0085_ev01000_rec2","no",505019
1001,2,58.4204,-341.664192638034,-344.718639862697,-3.05444722466302,0.300000000002854,0.450000000000728,0.399999999999068,-326.352605157557,-18.277516098695,3.74432704847844,390.18184223959,58.4204,58.4198,168408,"2026_06_04_0085","2026_06_04_0085_ev01001_rec2","no",505020
1002,2,58.46845,-335.325628884537,-345.684373381653,-10.3587444971168,4.3500000000023,4.099999999994,2.45000000000317,-327.043650071443,-19.9377349512717,4.88110246651959,97.0331397141275,58.4681,58.46285,169369,"2026_06_04_0085","2026_06_04_0085_ev01002_rec2","no",505021
1003,2,58.4843,-331.335257366392,-336.704954355924,-5.36969698953214,0.0500000000016598,1.1999999999972,1.10000000000099,-326.720336092695,-11.0637837947614,2.09764772837666,112.453562864867,58.4842,58.4836,169686,"2026_06_04_0085","2026_06_04_0085_ev01003_rec2","no",505022
1004,2,58.5072,-324.098581397548,-331.672049195792,-7.57346779824405,0.450000000000728,6.09999999999644,5.94999999999857,-318.639902671116,-13.3316904037863,12.4789287857932,-2.05633416657567,58.50555,58.5048,170144,"2026_06_04_0085","2026_06_04_0085_ev01004_rec2","no",505023
1005,2,58.5808,-325.130195689235,-330.67770889939,-5.5475132101547,0.299999999995748,9.29999999999609,9.85000000000014,-304.590965944594,-32.7371856868913,26.5020911534426,24.6249560052299,58.5808,58.5805,171616,"2026_06_04_0085","2026_06_04_0085_ev01005_rec2","no",505024
1006,2,58.6465,-336.286435219119,-658.192260438153,-321.905825219033,8.89999999999702,23.4999999999985,14.5999999999944,-234.654861643339,-462.060939222718,19.7667637026536,-7903.84277604887,58.6391,58.6291,172930,"2026_06_04_0085","2026_06_04_0085_ev01006_rec2","no",505025
1007,2,58.69545,-359.761335667748,-411.145031933114,-51.3836962653668,0.950000000003115,7.5999999999965,7.74999999999437,-210.051245925397,-191.935149633988,60.280474069468,-140.323456141057,58.69395,58.6928,173909,"2026_06_04_0085","2026_06_04_0085_ev01007_rec2","no",505026
1008,2,58.73325,-332.026873905003,-407.238574952273,-75.2117010472704,5.44999999999618,17.7499999999995,18.2500000000019,-342.541530137122,-61.5722946614958,14.3757606888102,-1477.89622553567,58.7313,58.72575,174665,"2026_06_04_0085","2026_06_04_0085_ev01008_rec2","no",505027
1009,2,58.8025,-343.627170823137,-392.07120473506,-48.4440339119226,4.99999999999545,13.300000000001,17.5000000000054,178108.226278357,-178487.08722049,180293.880115497,-751.536307932768,58.80235,58.79595,176050,"2026_06_04_0085","2026_06_04_0085_ev01009_rec2","no",505028
1010,2,58.8407,-356.391448654352,-374.37740360241,-17.9859549480586,0.650000000000261,5.29999999999831,4.55000000000183,-330.669155598917,-50.7751593713273,10.1165209646549,261.162965257979,58.83995,58.8391,176814,"2026_06_04_0085","2026_06_04_0085_ev01010_rec2","no",505029
1011,2,58.88075,-326.299190054175,-359.468605349685,-33.1694152955098,2.25000000000364,7.80000000000314,9.70000000000226,-337.73564461801,-22.7201547214352,2.92993833328091,-532.545549268175,58.8771,58.8745,177615,"2026_06_04_0085","2026_06_04_0085_ev01011_rec2","no",505030
1012,2,58.9116,-333.183117499225,-354.318385299504,-21.13526780028,2.09999999999866,2.25000000000364,3.05000000000177,-330.885543362544,-20.5024304334897,4.29559050552626,-48.034550476359,58.911,58.9088,178232,"2026_06_04_0085","2026_06_04_0085_ev01012_rec2","no",505031
1013,2,58.9436,-331.431375728991,-346.623337039708,-15.1919613107167,2.15000000000032,9.75000000000392,8.34999999999297,-6506495.54240386,6506245.87150213,622733.424229172,-2277.02254676786,58.9432,58.94095,178872,"2026_06_04_0085","2026_06_04_0085_ev01013_rec2","no",505032
1014,2,58.97245,-326.667910745616,-623.319710133194,-296.651799387578,6.29999999999598,25.500000000001,23.2000000000028,274.580243906238,-925.558867831014,87.9606096838285,-7439.25016825167,58.96955,58.9627,179449,"2026_06_04_0085","2026_06_04_0085_ev01014_rec2","no",505033
1015,2,59.06265,-339.582502122108,-353.629136976476,-14.0466348543676,0.450000000000728,4.19999999999732,2.45000000000317,-328.427656597381,-27.9460412179977,4.56821332908575,190.257427701713,59.0618,59.06015,181253,"2026_06_04_0085","2026_06_04_0085_ev01015_rec2","no",505034
1016,2,59.1233,-321.578612917204,-366.583134944346,-45.0045220271423,2.60000000000105,11.9000000000042,11.650000000003,-318.87371848932,-54.050936205536,11.343128117025,-622.179274362514,59.1219,59.11925,182466,"2026_06_04_0085","2026_06_04_0085_ev01016_rec2","no",505035
1017,2,59.16,-319.862673601368,-378.00202401789,-58.1393504165219,7.69999999999982,14.800000000001,14.5499999999998,-333.761286371689,-37.3094200675478,9.15631596135479,-1001.02473921854,59.1598,59.1516,183200,"2026_06_04_0085","2026_06_04_0085_ev01017_rec2","no",505036
1018,2,59.20065,-327.707011351754,-358.247401715531,-30.5403903637774,4.00000000000489,22.1499999999963,10.8000000000033,-324.651478881982,-37.8736715575863,11.1429381549845,-654.71706264955,59.19055,59.1854,184013,"2026_06_04_0085","2026_06_04_0085_ev01018_rec2","no",505037
1019,2,59.2759,-323.536872831034,-338.338263052883,-14.801390221849,11.250000000004,36.8500000000012,28.5500000000027,109003.638246249,-109343.230369741,294960.100553501,-561.404252793515,59.27335,59.2613,185518,"2026_06_04_0085","2026_06_04_0085_ev01019_rec2","no",505038
1020,2,59.29405,-337.627766768357,-342.725227862865,-5.09746109450884,0.0500000000016598,0.0500000000016598,0.199999999999534,-319.494093784256,-20.479999336175,7.74463521471982,388.586528951079,59.29405,59.29395,185881,"2026_06_04_0085","2026_06_04_0085_ev01020_rec2","no",505039
1021,2,59.32775,-320.636248620581,-339.680236079283,-19.0439874587018,2.49999999999773,13.5499999999951,14.0999999999991,-312.214457473283,-27.127083543734,25.0911895705106,-278.60441611138,59.32615,59.32295,186555,"2026_06_04_0085","2026_06_04_0085_ev01021_rec2","no",505040
1022,2,59.36835,-327.096521934342,-365.379584626848,-38.2830626925057,5.30000000000541,9.24999999999443,9.3000000000032,-327.877640072802,-39.5553122598886,8.56032347874433,-462.432615929437,59.36775,59.3624,187367,"2026_06_04_0085","2026_06_04_0085_ev01022_rec2","no",505041
1023,2,59.4343,-328.203411841012,-331.410386851823,-3.20697501081139,0.0500000000016598,0.149999999997874,0.149999999997874,-318.106059367775,-11.5824938093378,6.22520845901471,231.266337263941,59.4343,59.43415,188686,"2026_06_04_0085","2026_06_04_0085_ev01023_rec2","no",505042
1024,2,59.48525,-322.222537321252,-335.251668697297,-13.0291313760455,0.199999999999534,0.750000000003581,0.94999999999601,-320.764033621023,-9.45964796352596,2.3789015074043,3.11129552247912,59.48385,59.482,189705,"2026_06_04_0085","2026_06_04_0085_ev01024_rec2","no",505043
1025,2,59.521,-317.785647916179,-324.55758239524,-6.77193447906103,0.250000000001194,0.300000000002854,0,-9044.43421464274,8721.95136459334,185893.061102485,-168.125144147583,59.5207,59.52045,190420,"2026_06_04_0085","2026_06_04_0085_ev01025_rec2","no",505044
1026,2,59.59435,-316.925223480838,-340.969960522788,-24.0447370419495,4.65000000000515,10.5500000000021,11.0000000000028,-322.50691942219,-23.4606354764526,5.63326554369431,-398.620557855263,59.594,59.5885,191887,"2026_06_04_0085","2026_06_04_0085_ev01026_rec2","no",505045
1027,2,59.63625,-324.219689581506,-347.382144594092,-23.1624550125856,4.1000000000011,7.50000000000028,5.15000000000043,-320.793576353077,-26.2716603005582,6.55882434353344,-139.356770841015,59.63615,59.63185,192725,"2026_06_04_0085","2026_06_04_0085_ev01027_rec2","no",505046
1028,2,59.668,-311.019808400848,-318.851032751509,-7.83122435066065,1.04999999999933,17.8000000000011,22.8999999999999,-310.68074909885,-10.3158420237131,19.7570998833783,-161.078554847996,59.668,59.66695,193360,"2026_06_04_0085","2026_06_04_0085_ev01028_rec2","no",505047
1029,2,59.7429,-317.018459939616,-324.091354900304,-7.07289496068825,0.549999999996942,7.64999999999816,9.34999999999775,-317.141120018357,-12.3637497968719,5.83725938021061,-84.2533942604296,59.7426,59.74205,194858,"2026_06_04_0085","2026_06_04_0085_ev01029_rec2","no",505048
1030,2,59.81895,-337.327734785428,-339.47775103063,-2.15001624520238,2.25000000000364,10.3000000000009,8.24999999999676,-306.908678165574,-43.924652497709,24.185250140122,136.296869072857,59.81895,59.8167,196379,"2026_06_04_0085","2026_06_04_0085_ev01030_rec2","no",505049
1031,2,59.876,-331.263200718455,-340.762901631091,-9.49970091263566,1.95000000000078,4.15000000000276,2.69999999999726,-319.328637867645,-22.1875404336041,7.5219251159064,178.205860185347,59.87495,59.8723,197520,"2026_06_04_0085","2026_06_04_0085_ev01031_rec2","no",505050
1032,2,59.9818,-321.010744339794,-342.126558429771,-21.1158140899777,2.6499999999956,14.5999999999944,15.3000000000034,-289.059803846917,-53.6663448056287,51.0382601056319,-322.731427709086,59.98105,59.978,199636,"2026_06_04_0085","2026_06_04_0085_ev01032_rec2","no",505051
1033,2,60.06725,-321.103038969494,-341.796844482422,-20.6938055129278,1.50000000000006,5.50000000000495,6.79999999999836,-314.798299440444,-28.7406381411355,9.42262931299015,-131.509472256615,60.0646,60.063,201345,"2026_06_04_0085","2026_06_04_0085_ev01033_rec2","no",505052
1034,2,60.1194,-320.783328101749,-336.914031982422,-16.1307038806734,0.950000000003115,16.9499999999942,17.2999999999988,-271.667275969165,-67.1555311658546,87.3152221087087,-272.593540663946,60.1175,60.1162,202388,"2026_06_04_0085","2026_06_04_0085_ev01034_rec2","no",505053
1035,2,60.2032,-322.265594482422,-329.589813232422,-7.32421875,0.449999999993622,12.2500000000016,24.550000000005,-324.870878453105,-9.47725538060669,5.44409537502497,-134.47585067749,60.2032,60.20275,204064,"2026_06_04_0085","2026_06_04_0085_ev01035_rec2","no",505054
1036,2,60.2823,-327.729698544457,-339.355438232422,-11.6257396879651,0.849999999999795,3.34999999999752,5.34999999999997,-331.05381723271,-6.40126986518029,2.84825907172967,-122.584698159355,60.2823,60.28145,205646,"2026_06_04_0085","2026_06_04_0085_ev01036_rec2","no",505055
1037,2,60.38255,-330.025780087426,-332.031219482422,-2.0054393949963,0.149999999997874,1.95000000000078,1.55000000000172,-317.28475105126,-16.6285035934155,7.36483807506691,260.545560673304,60.38215,60.382,207651,"2026_06_04_0085","2026_06_04_0085_ev01037_rec2","no",505056
1038,2,60.4396,-319.940464564732,-329.589813232422,-9.64934866768971,1.69999999999959,5.8000000000078,6.19999999999976,-321.491708855709,-10.6977681440015,3.72755164598186,-104.198409707205,60.4383,60.4366,208792,"2026_06_04_0085","2026_06_04_0085_ev01038_rec2","no",505057
1039,2,60.50865,-317.644384474981,-325.927703857422,-8.28331938244048,1.10000000000099,9.29999999999609,8.84999999999536,-316.61869944105,-12.9363328078785,7.69184618597975,-92.6054384867352,60.50735,60.50625,210173,"2026_06_04_0085","2026_06_04_0085_ev01039_rec2","no",505058
1040,2,60.5612,-315.202984037853,-330.810516357422,-15.6075323195685,0.150000000004979,13.1999999999977,15.349999999998,-313.253029606338,-15.4176503306135,22.2335113674656,-255.714980534145,60.55785,60.5572,211224,"2026_06_04_0085","2026_06_04_0085_ev01040_rec2","no",505059
1041,2,60.6189,-313.691637311663,-342.407196044922,-28.7155587332589,2.34999999999985,14.6000000000015,11.0000000000028,-320.153841620806,-19.8367625930492,7.04891892423892,-548.078149523055,60.61195,60.60955,212378,"2026_06_04_0085","2026_06_04_0085_ev01041_rec2","no",505060
1042,2,60.7062,-323.195664178757,-361.328094482422,-38.1324303036644,1.34999999999508,8.54999999999961,8.60000000000127,-321.88878288052,-47.5111633894866,7.65951691517573,-409.269576190766,60.7045,60.703,214124,"2026_06_04_0085","2026_06_04_0085_ev01042_rec2","no",505061
1043,2,60.7324,-323.340987432571,-326.538055419922,-3.1970679873512,0.299999999995748,7.6000000000036,3.25000000000131,-320.311020220621,-8.03485147442606,5.04974228123622,44.1843137105301,60.72715,60.72685,214648,"2026_06_04_0085","2026_06_04_0085_ev01043_rec2","no",505062
1044,2,60.87355,-394.810237339565,-452.880828857422,-58.0705915178572,1.80000000000291,3.64999999999327,2.94999999999845,-335.488156750313,-113.913005243072,8.6006988317798,757.112774004254,60.87335,60.87135,217471,"2026_06_04_0085","2026_06_04_0085_ev01044_rec2","no",505063
1045,2,60.95195,-337.291868663969,-341.186492919922,-3.89462425595241,0.199999999999534,0.350000000004513,0.350000000004513,-329.934108460596,-10.0623096166982,2.46180450815121,195.944604056221,60.95195,60.9517,219039,"2026_06_04_0085","2026_06_04_0085_ev01045_rec2","no",505064
1046,2,60.974,-328.369113013858,-345.458953857422,-17.089840843564,2.20000000000198,2.00000000000244,2.60000000000105,-317.929271373012,-21.8333735719501,9.75042124727156,91.8882096426826,60.97385,60.97165,219480,"2026_06_04_0085","2026_06_04_0085_ev01046_rec2","no",505065
1047,2,61.0556,-328.04940359933,-469.360321044922,-141.310917445592,7.10000000000122,19.7000000000003,12.3499999999979,-337.378451320432,-142.49629706686,10.3096928978693,-3065.02490376064,61.04985,61.04255,221112,"2026_06_04_0085","2026_06_04_0085_ev01047_rec2","no",505066
1048,2,61.13245,-384.753968738374,-402.221649169922,-17.4676804315476,0.749999999996476,4.14999999999566,3.05000000000177,-302.787832698292,-98.3371223457487,28.5713423057075,599.881126767114,61.1311,61.13015,222649,"2026_06_04_0085","2026_06_04_0085_ev01048_rec2","no",505067
1049,2,61.191,-337.815027146112,-372.314422607422,-34.4993954613095,3.19999999999965,18.2499999999948,16.5499999999952,-239.478940493335,-135.787016123269,82.4643981767347,-590.876988002232,61.18895,61.18505,223820,"2026_06_04_0085","2026_06_04_0085_ev01049_rec2","no",505068
1050,2,61.24235,-341.302750360398,-388.793914794922,-47.4911644345238,6.25000000000142,10.5999999999966,7.04999999999956,-338.489742815176,-56.5565221839036,6.89505388574921,-518.634614490327,61.2402,61.2339,224847,"2026_06_04_0085","2026_06_04_0085_ev01050_rec2","no",505069
1051,2,61.32345,-337.117483956473,-402.832000732422,-65.7145167759487,6.19999999999976,13.149999999996,9.09999999999656,-352.265938202466,-68.5231425007283,4.53585665055376,-1228.15444085257,61.31925,61.3125,226469,"2026_06_04_0085","2026_06_04_0085_ev01051_rec2","no",505070
1052,2,61.3486,-347.842231387184,-361.328094482422,-13.4858630952381,1.15000000000265,5.29999999999831,3.10000000000343,-333.555510941079,-35.5663408626015,5.03236948052076,214.169447689965,61.3468,61.34545,226972,"2026_06_04_0085","2026_06_04_0085_ev01052_rec2","no",505071
1053,2,61.3731,-332.321863083612,-343.017547607422,-10.6956845238095,0.300000000002854,2.09999999999866,3.4999999999954,-335.65481740944,-3.09631346856326,2.18786736824309,-120.458721197219,61.372,61.3717,227462,"2026_06_04_0085","2026_06_04_0085_ev01053_rec2","no",505072
1054,2,61.39535,-329.706070672898,-354.003875732422,-24.2978050595238,1.59999999999627,8.30000000000553,8.94999999999868,-289.781534760939,-57.3079734275801,56.5064920656,-183.748560442243,61.39455,61.3924,227907,"2026_06_04_0085","2026_06_04_0085_ev01054_rec2","no",505073
1055,2,61.47485,-320.725197928292,-323.486297607422,-2.76109967912947,1.14999999999554,5.74999999999903,3.35000000000463,-315886.137831506,315566.446592199,514053.5170615,-266.244516427177,61.4733,61.47215,229497,"2026_06_04_0085","2026_06_04_0085_ev01055_rec2","no",505074
1056,2,61.52065,-354.585162934803,-372.314422607422,-17.729259672619,1.59999999999627,3.19999999999965,2.6499999999956,-329.638669003374,-42.260014761012,9.10327515079244,350.867132132394,61.5205,61.5183,230413,"2026_06_04_0085","2026_06_04_0085_ev01056_rec2","no",505075
1057,2,61.56585,-342.261874244327,-351.562469482422,-9.30059523809524,0.599999999998602,1.60000000000338,1.55000000000172,-323.319183401448,-26.7995255761348,8.69839456882485,339.513055928548,61.56585,61.5652,231317,"2026_06_04_0085","2026_06_04_0085_ev01057_rec2","no",505076
1058,2,61.61295,-328.165661039807,-351.562469482422,-23.3968084426153,1.24999999999886,15.749999999997,16.1500000000032,-274.384203573961,-83.2738615869589,56.1434513422064,-388.412464577811,61.6111,61.6091,232259,"2026_06_04_0085","2026_06_04_0085_ev01058_rec2","no",505077
1059,2,61.74035,-328.514436267671,-345.458953857422,-16.9445175897507,0.699999999994816,15.1000000000039,18.2500000000019,-74.9693319656799,-270.480278198816,453.24768036208,-265.209976014636,61.7396,61.7387,234807,"2026_06_04_0085","2026_06_04_0085_ev01059_rec2","no",505078
1060,2,61.7963,-324.677942185175,-361.328094482422,-36.650152297247,1.69999999999959,6.09999999999644,7.24999999999909,-315.787176721251,-40.0688810446194,12.5275502624109,-225.813358016241,61.79615,61.7943,235926,"2026_06_04_0085","2026_06_04_0085_ev01060_rec2","no",505079
1061,2,61.86575,-329.241042364211,-355.834930419922,-26.5938880557106,3.25000000000131,14.8999999999972,15.0000000000006,520432.68261585,-520787.867836898,485443.456274441,-392.658770570301,61.86355,61.8587,237315,"2026_06_04_0085","2026_06_04_0085_ev01061_rec2","no",505080
1062,2,61.96005,-324.474490211124,-375.976531982422,-51.5020417712984,8.09999999999889,13.7999999999963,12.2000000000071,-336.815663392247,-37.8855203626994,7.06255862793273,-950.812031664167,61.9564,61.9478,239201,"2026_06_04_0085","2026_06_04_0085_ev01062_rec2","no",505081
1063,2,61.9907,-337.960348946708,-371.093719482422,-33.1333705357143,2.20000000000198,4.74999999999426,4.3500000000023,-320.634046221286,-42.6138642511357,11.9746677669684,-14.02070072719,61.9897,61.98735,239814,"2026_06_04_0085","2026_06_04_0085_ev01063_rec2","no",505082
1064,2,62.036,-331.304611932664,-344.848602294922,-13.5439903622582,1.10000000000099,7.30000000000075,5.5499999999995,-318.006627373129,-30.1509491906977,11.1373510985923,58.0065008617587,62.03425,62.0331,240720,"2026_06_04_0085","2026_06_04_0085_ev01064_rec2","no",505083
1065,2,62.11125,-331.827768961589,-337.524383544922,-5.69661458333331,1.30000000000052,9.9000000000018,9.39999999999941,12425.4716824606,-12765.9414905764,18383.3022639607,41.5342887878424,62.1108,62.10935,242225,"2026_06_04_0085","2026_06_04_0085_ev01065_rec2","no",505084
1066,2,62.20375,-340.750527518136,-357.055633544922,-16.3051060267857,0.250000000001194,0.199999999999534,0,-325.325200576235,-19.350302275876,6.9453703233881,329.825129263741,62.20375,62.2035,244075,"2026_06_04_0085","2026_06_04_0085_ev01066_rec2","no",505085
1067,2,62.30225,-329.560748872303,-336.303680419922,-6.74293154761904,0.400000000006173,6.3999999999993,4.44999999999851,-325.233762614381,-16.0781771157286,5.19421224012717,26.678047979446,62.29975,62.29935,246045,"2026_06_04_0085","2026_06_04_0085_ev01067_rec2","no",505086
1068,2,62.40245,-329.241042364211,-357.665985107422,-28.4249427432106,3.90000000000157,9.3000000000032,6.89999999999458,-325.291758269011,-32.1475293827521,8.62143281360698,-242.95914575486,62.40135,62.3967,248049,"2026_06_04_0085","2026_06_04_0085_ev01068_rec2","no",505087
1069,2,62.57925,-333.164729527065,-340.576141357422,-7.41141183035717,0.849999999999795,3.64999999999327,1.94999999999368,-318.299903819146,-22.3388310728099,8.12632384711237,266.119446127754,62.577,62.57605,251585,"2026_06_04_0085","2026_06_04_0085_ev01069_rec2","no",505088
1070,2,62.638,-319.533562069847,-331.420867919922,-11.8873058500744,0.399999999999068,5.09999999999877,5.05000000000422,-315.204994025505,-13.5205896055007,11.5452095746447,-27.4476737249472,62.6364,62.63575,252760,"2026_06_04_0085","2026_06_04_0085_ev01070_rec2","no",505089
1071,2,62.76445,-324.707000732422,-330.810516357422,-6.103515625,0.799999999998136,8.74999999999915,8.94999999999868,-323.374380010173,-13.4309372975225,6.77000920891355,-65.3535675048828,62.7638,62.763,255289,"2026_06_04_0085","2026_06_04_0085_ev01071_rec2","no",505090
1072,2,62.84795,-329.764199393136,-332.031219482422,-2.26702008928572,0.199999999992428,0.249999999994088,0,-316.992512621619,-11.0791724412229,17.0721627117856,226.461818259103,62.8479,62.8477,256959,"2026_06_04_0085","2026_06_04_0085_ev01072_rec2","no",505091
1073,2,62.92,-323.253792898996,-330.200164794922,-6.94637189592635,1.64999999999793,8.89999999999702,8.94999999999868,-320.386905192028,-18.7547397041462,7.21432467160002,-127.513980429513,62.91325,62.9116,258400,"2026_06_04_0085","2026_06_04_0085_ev01073_rec2","no",505092
1074,2,62.9571,-321.684321812221,-347.900360107422,-26.2160382952009,1.80000000000291,4.24999999999898,4.15000000000276,-323.109374526288,-15.7709056125799,6.44323413680914,-185.184739031111,62.95635,62.95415,259142,"2026_06_04_0085","2026_06_04_0085_ev01074_rec2","no",505093
1075,2,63.22625,-329.560751778739,-343.627899169922,-14.067147391183,3.04999999999467,6.1499999999981,6.04999999999478,-331.845982405949,-15.081610124576,3.67168609696844,-154.102779933384,63.22615,63.223,264525,"2026_06_04_0085","2026_06_04_0085_ev01075_rec2","no",505094
1076,2,63.26255,-333.629759288969,-342.407196044922,-8.77743675595241,0.450000000000728,33.0499999999958,30.0000000000011,-338.431464605849,-5.11250861229488,3.40403328085716,-185.977757190524,63.2592,63.25845,265251,"2026_06_04_0085","2026_06_04_0085_ev01076_rec2","no",505095
1077,2,63.29175,-341.884037562779,-349.121063232422,-7.23702566964283,0.149999999997874,1.84999999999746,1.95000000000078,-330.905489552149,-20.5412918742393,4.80748048535724,228.325963265556,63.2915,63.29135,265835,"2026_06_04_0085","2026_06_04_0085_ev01077_rec2","no",505096
1078,2,63.32565,-334.879526774089,-346.069305419922,-11.1897786458333,0.550000000004047,7.05000000000666,4.9500000000009,-327.848655857776,-21.9441553670711,7.30936461845137,19.8821777343757,63.32285,63.3221,266513,"2026_06_04_0085","2026_06_04_0085_ev01078_rec2","no",505097
1079,2,63.35555,-318.603515625,-328.369110107422,-9.76559448242188,0.300000000002854,30.2999999999969,29.999999999994,-325.370012645442,-4.71798848436551,1.99381088333632,-218.337246704102,63.35545,63.35515,267111,"2026_06_04_0085","2026_06_04_0085_ev01079_rec2","no",505098
1080,2,63.46415,-333.251922607422,-345.458953857422,-12.20703125,1.75000000000125,6.49999999999551,5.05000000000422,-309.275461003616,-35.8989075974836,21.8671672254079,109.741011810303,63.4627,63.46095,269283,"2026_06_04_0085","2026_06_04_0085_ev01080_rec2","no",505099
1081,2,63.499,-320.608943394252,-354.003875732422,-33.3949323381697,2.54999999999939,11.9000000000042,13.1000000000014,-326.881904627464,-27.6195125027005,8.64684699689686,-526.593307931083,63.49745,63.4944,269980,"2026_06_04_0085","2026_06_04_0085_ev01081_rec2","no",505100
1082,2,63.5207,-329.502623058501,-334.472625732422,-4.97000267392116,0.149999999997874,0.0500000000016598,0,-322.432108164548,-8.19459044525087,12.8739670981283,116.315462966192,63.5207,63.52055,270414,"2026_06_04_0085","2026_06_04_0085_ev01082_rec2","no",505101
1083,2,63.633,-336.826838902065,-346.679656982422,-9.85281808035717,0.149999999997874,0.199999999992428,0,-320.933554155766,-18.0233640373172,12.8883581995316,266.359464372907,63.6329,63.63255,272660,"2026_06_04_0085","2026_06_04_0085_ev01083_rec2","no",505102
1084,2,63.71475,-333.949467250279,-361.328094482422,-27.3786272321428,1.94999999999368,3.25000000000131,1.95000000000789,-319.865572975425,-29.7936282463016,9.36056481699339,119.271226174492,63.71475,63.71085,274295,"2026_06_04_0085","2026_06_04_0085_ev01084_rec2","no",505103
1085,2,63.8002,-327.875018891834,-331.420867919922,-3.54584902808779,0.150000000004979,2.049999999997,1.95000000000078,-318.926856164974,-12.5155661225351,9.8180390596636,149.764000011626,63.79975,63.7996,276004,"2026_06_04_0085","2026_06_04_0085_ev01085_rec2","no",505104
1086,2,63.8824,-321.655242919922,-326.538055419922,-4.8828125,0.400000000006173,30.2000000000007,30.0000000000011,-326.109157665222,-3.75237381183093,1.18113730400683,-144.897634887695,63.8821,63.88145,277648,"2026_06_04_0085","2026_06_04_0085_ev01086_rec2","no",505105
1087,2,63.9401,-320.4345703125,-328.369110107422,-7.93453979492188,0.649999999993156,17.3500000000004,23.4499999999969,-322.483945412034,-10.7926790190713,9.390106757779,-174.315641784668,63.9395,63.93885,278802,"2026_06_04_0085","2026_06_04_0085_ev01087_rec2","no",505106
1088,2,64.0404,-326.625251406715,-339.355438232422,-12.7301868257068,0.349999999997408,18.7999999999988,18.400000000014,-82.3547666196496,-263.923508406923,315.909823771874,-258.512184724353,64.0387,64.0378,280808,"2026_06_04_0085","2026_06_04_0085_ev01088_rec2","no",505107
1089,2,64.0868,-330.955838158017,-347.900360107422,-16.9445219494048,4.50000000000728,9.50000000000273,5.25000000000375,-320.465589225527,-28.0683616419915,10.1933957872964,-26.8432575407481,64.08485,64.08015,281736,"2026_06_04_0085","2026_06_04_0085_ev01089_rec2","no",505108
1090,2,64.21245,-322.817828950428,-332.641571044922,-9.82374209449404,5.15000000000043,17.0499999999976,11.7999999999938,-314.085299781676,-27.2177330852451,14.9813519152238,-173.055618685767,64.2106,64.20505,284249,"2026_06_04_0085","2026_06_04_0085_ev01090_rec2","no",505109
1091,2,64.29055,-326.305543445406,-339.965789794922,-13.6602463495163,0.799999999998136,0.500000000002387,0.799999999998136,-325.292005666537,-8.28058450272966,2.61729526613421,7.54567856561655,64.29055,64.28965,285811,"2026_06_04_0085","2026_06_04_0085_ev01091_rec2","no",505110
1092,2,64.3193,-323.457243419829,-339.965789794922,-16.508546375093,0.10000000000332,7.20000000001164,6.15000000000521,-326.677733634523,-14.9048720415325,3.73629812220452,-189.765336972192,64.3165,64.31595,286386,"2026_06_04_0085","2026_06_04_0085_ev01092_rec2","no",505111
1093,2,64.33765,-322.875946044922,-331.420867919922,-8.544921875,0.699999999994816,5.05000000001132,6.10000000000355,-316.251466531604,-17.1748914934706,10.8368508357562,16.6468894958496,64.3376,64.3366,286753,"2026_06_04_0085","2026_06_04_0085_ev01093_rec2","no",505112
1094,2,64.3955,-329.64794195266,-336.914031982422,-7.26609002976193,3.60000000000582,7.94999999999391,2.89999999999679,-323.693580236706,-14.6532163440745,5.49413355260437,47.362330336797,64.3939,64.389,287910,"2026_06_04_0085","2026_06_04_0085_ev01094_rec2","no",505113
1095,2,64.50785,-327.904083251953,-331.420867919922,-3.51678466796875,0.399999999999068,1.30000000000052,1.29999999998631,-324.351296973828,-6.55059705013954,4.41112576255728,75.2119171142578,64.50645,64.506,290157,"2026_06_04_0085","2026_06_04_0085_ev01095_rec2","no",505114
1096,2,64.55575,-323.021279471261,-346.679656982422,-23.6583775111607,4.40000000000396,17.6000000000016,10.799999999989,-318.234833048769,-33.2077165197751,12.064039842214,-413.55355834961,64.54785,64.54285,291115,"2026_06_04_0085","2026_06_04_0085_ev01096_rec2","no",505115
1097,2,64.59945,-324.648879278274,-330.810516357422,-6.16163707914808,0.900000000001455,36.3000000000113,30.0000000000011,-328.666943309076,-9.55607846829587,2.72087418441044,-186.864038340251,64.59475,64.59285,291989,"2026_06_04_0085","2026_06_04_0085_ev01097_rec2","no",505116
1098,2,64.63645,-324.329172770182,-342.407196044922,-18.0780232747396,0.650000000007367,5.15000000000043,6.34999999999764,-322.425262479462,-15.5552100292912,10.6586286187008,-124.697572835286,64.63495,64.63415,292729,"2026_06_04_0085","2026_06_04_0085_ev01098_rec2","no",505117
1099,2,64.7642,-329.473558698382,-336.914031982422,-7.44047328404019,0.150000000004979,0.10000000000332,0.299999999995748,-322.471093330365,-10.4048407795049,4.69515567534584,160.865221078055,64.7642,64.76405,295284,"2026_06_04_0085","2026_06_04_0085_ev01099_rec2","no",505118
1100,2,64.82085,-329.502620152065,-346.679656982422,-17.1770368303572,1.80000000000291,7.24999999999909,6.50000000000261,-331.721545886685,-21.9143205762138,3.88548628774746,-194.564839172364,64.8203,64.8174,296417,"2026_06_04_0085","2026_06_04_0085_ev01100_rec2","no",505119
1101,2,64.89415,-320.056723458426,-339.355438232422,-19.2987147739955,2.65000000000271,15.7999999999987,22.3000000000013,-325.349923651231,-16.0974630606926,10.3075815713088,-365.679898507254,64.8937,64.891,297883,"2026_06_04_0085","2026_06_04_0085_ev01101_rec2","no",505120
1102,2,64.97725,-341.215557280041,-391.235321044922,-50.019763764881,2.3000000000053,8.44999999999629,7.80000000000314,-328.070780446537,-71.4789684781064,9.55623280224395,-385.62550472398,64.9758,64.97275,299545,"2026_06_04_0085","2026_06_04_0085_ev01102_rec2","no",505121
1103,2,65.0536,-321.078801911505,-332.966932756954,-11.8881308454494,5.05000000001132,6.10000000000355,9.24999999999443,-324.738983399339,-11.5973046347538,3.36046727774023,-223.107912673254,65.0519,65.04585,301072,"2026_06_04_0085","2026_06_04_0085_ev01103_rec2","no",505122
1104,2,65.09345,-324.115203826545,-349.559689941137,-25.444486114592,2.80000000000769,10.6999999999857,8.7999999999937,-327.987450057599,-24.631840755704,5.89826850733764,-352.428547469286,65.093,65.0873,301869,"2026_06_04_0085","2026_06_04_0085_ev01104_rec2","no",505123
1105,2,65.1257,-336.208280796196,-348.379539309403,-12.1712585132078,0.10000000000332,0.199999999992428,0,-320.332262312022,-19.9751636909479,11.3897180124357,252.629979819081,65.12385,65.1219,302514,"2026_06_04_0085","2026_06_04_0085_ev01105_rec2","no",505124
1106,2,65.19135,-335.769541213936,-394.59600593926,-58.826464725324,6.55000000000427,19.5499999999953,11.6000000000014,-316.259131986224,-84.0703250866616,16.3081588677784,-1147.73927934144,65.18575,65.1787,303827,"2026_06_04_0085","2026_06_04_0085_ev01106_rec2","no",505125
1107,2,65.2511,-328.356792460714,-336.009076798338,-7.65228433762411,0.450000000000728,4.85000000000468,5.30000000000541,-324.070263524454,-15.8856086647263,6.60162826997692,19.5401721089016,65.25095,65.2505,305022,"2026_06_04_0085","2026_06_04_0085_ev01107_rec2","no",505126
1108,2,65.29565,-322.927139051386,-343.325336058477,-20.3981970070905,14.0499999999975,43.9999999999969,30.0000000000011,-334.875349208203,-14.966150918221,2.5662152738028,-725.839228263869,65.2941,65.27995,305913,"2026_06_04_0085","2026_06_04_0085_ev01108_rec2","no",505127
1109,2,65.33,-335.674711840929,-345.019690563101,-9.34497872217168,0.10000000000332,0.200000000006639,0,-329.791448616314,-6.27139756426592,3.50450478200553,153.722636983956,65.33,65.32975,306600,"2026_06_04_0085","2026_06_04_0085_ev01109_rec2","no",505128
1110,2,65.36465,-328.888312200005,-333.1666554719,-4.27834327189549,0.150000000004979,2.60000000000105,2.89999999999679,-324.602012534582,-10.5536336665092,4.95346555865518,75.5250468049018,65.3646,65.36445,307293,"2026_06_04_0085","2026_06_04_0085_ev01110_rec2","no",505129
1111,2,65.4276,-333.505848865505,-350.912323278991,-17.4064744134859,6.20000000000687,12.2499999999945,8.15000000000055,-336.368626341883,-16.2273503867876,5.38323369008674,-282.104448451081,65.42565,65.41925,308552,"2026_06_04_0085","2026_06_04_0085_ev01111_rec2","no",505130
1112,2,65.4999,-336.211132478739,-359.395206380391,-23.1840739016511,3.34999999999752,10.8000000000033,8.94999999999868,-312.35730822119,-52.5833701387903,18.5230045681526,-138.195207685407,65.49985,65.49525,309998,"2026_06_04_0085","2026_06_04_0085_ev01112_rec2","no",505131
1113,2,65.55805,-324.07861031503,-338.661989543054,-14.5833792280237,2.00000000000955,5.44999999999618,30.0000000000011,-329.607757572318,-9.17025205356171,1.98200530209072,-212.682278384902,65.55745,65.5549,311161,"2026_06_04_0085","2026_06_04_0085_ev01113_rec2","no",505132
1114,2,65.6025,-331.483144790603,-337.811862373649,-6.32871758304668,1.04999999999222,10.8000000000033,8.34999999999297,-324.238875341672,-19.692093575815,11.6308018667607,-22.4606320509042,65.60095,65.59905,312050,"2026_06_04_0085","2026_06_04_0085_ev01114_rec2","no",505133
1115,2,65.66125,-332.172270781418,-349.600531809927,-17.4282610285096,2.00000000000955,17.2500000000042,30.0000000000011,-338.720463997101,-21.3481764373966,6.26189504503365,-387.543714853496,65.66025,65.65805,313225,"2026_06_04_0085","2026_06_04_0085_ev01115_rec2","no",505134
1116,2,65.6901,-346.24451068124,-352.133514570311,-5.88900388907149,0.150000000004979,0.250000000008299,0,66893.8829957484,-67238.3298463581,89899.4867028347,389.767612958454,65.69,65.68985,313802,"2026_06_04_0085","2026_06_04_0085_ev01116_rec2","no",505135
1117,2,65.731,-334.708792603191,-344.70434389313,-9.99555128993899,1.50000000000716,4.14999999999566,3.79999999999825,-322.659869114853,-20.7174301266584,13.9079961428162,90.6915070569284,65.73,65.7278,314620,"2026_06_04_0085","2026_06_04_0085_ev01117_rec2","no",505136
1118,2,65.7861,-331.623493246368,-355.25378110951,-23.6302878631417,3.00000000001432,7.80000000000314,5.5499999999995,-327.345956318058,-30.7012116258121,6.45554889480244,-136.277396098787,65.7857,65.7816,315722,"2026_06_04_0085","2026_06_04_0085_ev01118_rec2","no",505137
1119,2,65.91195,-329.408134445601,-338.551587172137,-9.14345272653566,1.4500000000055,8.49999999999795,0,-81276.384925816,80943.2474021736,554500.70828988,-200.640983013553,65.91055,65.909,318239,"2026_06_04_0085","2026_06_04_0085_ev01119_rec2","no",505138
1120,2,65.93435,-330.725393681144,-342.525401990082,-11.8000083089386,0.499999999988177,15.0999999999897,7.80000000000314,-77672.1638287082,77338.8281414451,342585.986545896,-191.993070020511,65.93385,65.93335,318687,"2026_06_04_0085","2026_06_04_0085_ev01120_rec2","no",505139
1121,2,66.0469,-326.894065030227,-332.472593061759,-5.57852803153202,0.649999999993156,30.4500000000019,27.5000000000034,-99937.9365235239,99617.1966719328,333577.370295006,49.6002520914581,66.0469,66.0462,320938,"2026_06_04_0085","2026_06_04_0085_ev01121_rec2","no",505140
1122,2,66.1418,-331.483130078053,-337.088678473347,-5.60554839529374,1.64999999999793,4.04999999999234,2.89999999999679,-323.403985974403,-14.4389069014694,8.18161423213916,111.978456388151,66.13995,66.13805,322836,"2026_06_04_0085","2026_06_04_0085_ev01122_rec2","no",505141
1123,2,66.1766,-336.82558200907,-342.095533394878,-5.26995138580793,0.199999999992428,1.40000000000384,1.69999999999959,-322.912349611744,-18.1076523493454,12.8725119729377,206.083105019203,66.1763,66.17595,323532,"2026_06_04_0085","2026_06_04_0085_ev01123_rec2","no",505142
1124,2,66.27665,-341.109912548814,-356.325485500013,-15.2155729511994,0.150000000004979,0.250000000008299,0,-325.678548769903,-19.4580155180102,8.29904452633218,305.770335697283,66.27665,66.27635,325533,"2026_06_04_0085","2026_06_04_0085_ev01124_rec2","no",505143
1125,2,66.35265,-324.629176104655,-334.165019226566,-9.53584312191015,0.649999999993156,5.00000000000966,2.35000000000696,-185780.740008633,185453.998448677,310167.485107958,-341.855050364007,66.35245,66.3518,327053,"2026_06_04_0085","2026_06_04_0085_ev01125_rec2","no",505144
1126,2,66.38365,-328.927149497864,-350.946056758924,-22.0189072610596,9.69999999999516,15.1000000000039,8.60000000000127,-332.941558045876,-22.0199429674867,5.1442509069405,-426.132612510478,66.38295,66.37315,327673,"2026_06_04_0085","2026_06_04_0085_ev01126_rec2","no",505145
1127,2,66.4221,-334.997284615272,-347.293236856945,-12.2959522416727,2.09999999999866,2.94999999999845,1.54999999999461,-323.02085166605,-19.1171068091559,10.6856662295322,155.934416763425,66.4219,66.41965,328442,"2026_06_04_0085","2026_06_04_0085_ev01127_rec2","no",505146
1128,2,66.4647,-329.314420497331,-339.207883112501,-9.89346261516988,2.15000000000032,20.9499999999991,20.2500000000043,24914.08588415,-25258.3514936123,45238.6702671623,-250.692868258573,66.4624,66.46015,329294,"2026_06_04_0085","2026_06_04_0085_ev01128_rec2","no",505147
1129,2,66.5065,-325.897265249094,-379.984265009428,-54.0869997603341,4.30000000000064,16.0000000000053,17.3499999999933,-334.188824983266,-49.0592588817367,12.1356088099622,-1014.64264978472,66.505,66.5006,330130,"2026_06_04_0085","2026_06_04_0085_ev01129_rec2","no",505148
1130,2,66.5724,-335.590119268049,-343.525986938829,-7.93586767078028,2.70000000000437,4.950000000008,5.34999999999286,-325.562841571282,-23.2415108243406,9.1660478523065,56.9685432122107,66.57095,66.5681,331448,"2026_06_04_0085","2026_06_04_0085_ev01130_rec2","no",505149
1131,2,66.6282,-328.1624533643,-337.161913531912,-8.99946016761214,3.00000000000011,11.650000000003,29.9999999999869,-331.701985353054,-12.0162170088628,3.0716507024984,-200.221386307132,66.6258,66.62265,332564,"2026_06_04_0085","2026_06_04_0085_ev01131_rec2","no",505150
1132,2,66.65735,-326.354099942406,-337.090285718408,-10.7361857760019,0.799999999998136,9.29999999999609,7.05000000000666,-324.762582479526,-18.209989089876,5.94253707678918,-135.432603234571,66.6522,66.6509,333147,"2026_06_04_0085","2026_06_04_0085_ev01132_rec2","no",505151
1133,2,66.72105,-326.881516559962,-345.380572271178,-18.4990557112164,0.950000000003115,5.15000000000043,2.54999999998518,-325.167015604708,-11.9542190311363,7.70422259140319,-77.2640708025393,66.7208,66.71625,334421,"2026_06_04_0085","2026_06_04_0085_ev01133_rec2","no",505152
1134,2,66.7775,-327.873999098251,-335.133036037882,-7.2590369396309,2.3000000000053,10.799999999989,7.44999999999152,-322.766084843142,-20.4193047272604,7.72185813542934,-62.0139205439292,66.77425,66.7707,335550,"2026_06_04_0085","2026_06_04_0085_ev01134_rec2","no",505153
1135,2,66.9996,-336.3662185783,-352.212010528404,-15.8457919501037,3.14999999999088,10.5000000000075,8.64999999998872,-324.133536599675,-31.1805169902693,15.8668775071744,-98.8297530677545,66.9985,66.9953,339992,"2026_06_04_0085","2026_06_04_0085_ev01135_rec2","no",505154
1136,2,67.0901,-336.061247268954,-342.881890892274,-6.82064362332022,0.0500000000016598,0.950000000003115,1.24999999999886,-324.676361604829,-16.2602293055849,8.10506193951617,211.346113265148,67.08995,67.08965,341802,"2026_06_04_0085","2026_06_04_0085_ev01136_rec2","no",505155
1137,2,67.15275,-316.931138989387,-323.252034405347,-6.32089541595963,0.199999999992428,1.85000000000457,0,-119006.192019876,118683.08698255,624323.199339038,-289.089893868934,67.151,67.1508,343055,"2026_06_04_0085","2026_06_04_0085_ev01137_rec2","no",505156
1138,2,67.18835,-329.999678715419,-356.993664917034,-26.9939862016145,3.45000000000084,2.64999999998849,3.95000000000323,-327.336293738881,-22.8313010887153,6.72341956788324,-138.078665790506,67.1875,67.182,343767,"2026_06_04_0085","2026_06_04_0085_ev01138_rec2","no",505157
1139,2,67.2648,-338.993960958756,-416.03156799729,-77.037607038534,3.90000000000157,10.4999999999933,10.1000000000084,-340.1337005738,-84.3789317357116,8.95807026061918,-989.44100746119,67.26415,67.26005,345296,"2026_06_04_0085","2026_06_04_0085_ev01139_rec2","no",505158
1140,2,67.32295,-328.662132805746,-367.395672896326,-38.7335400905802,1.90000000000623,12.3999999999995,15.749999999997,-307.4070265764,-53.3250457174701,38.8976904465405,-541.320994427067,67.32235,67.32035,346459,"2026_06_04_0085","2026_06_04_0085_ev01140_rec2","no",505159
1141,2,67.42145,-332.315049558416,-334.47230063663,-2.1572510782139,0.199999999992428,3.69999999999493,3.74999999999659,-324.992903115195,-11.0198389971338,12.3194851794154,90.7682248495918,67.42075,67.4202,348429,"2026_06_04_0085","2026_06_04_0085_ev01141_rec2","no",505160
1142,2,67.5536,-331.877155421628,-352.060859248653,-20.1837038270249,1.64999999998372,3.60000000000582,3.59999999999161,-326.300722508487,-21.3200580634555,7.32329424303058,-16.4519077080525,67.5532,67.55115,351072,"2026_06_04_0085","2026_06_04_0085_ev01142_rec2","no",505161
1143,2,67.66355,-339.444699820601,-342.272958587535,-2.82825876693312,0.10000000000332,0.299999999995748,0.349999999997408,-327.85597446538,-13.4401031654416,5.91512959994442,268.24049060506,67.66355,67.66345,353271,"2026_06_04_0085","2026_06_04_0085_ev01143_rec2","no",505162
1144,2,67.6937,-330.438374287903,-334.524571422673,-4.08619713477071,0,30.0000000000011,30.0000000000011,-85299.6407394571,84972.4947536513,562469.650969058,30.0308943723313,67.6937,67.69355,353874,"2026_06_04_0085","2026_06_04_0085_ev01144_rec2","no",505163
1145,2,67.71565,-331.953470956682,-336.489837012832,-4.53636605615031,0.149999999990769,14.8499999999956,13.2499999999993,-201977.606795902,201650.239163429,427011.012853203,-76.6028726746061,67.71565,67.715,354313,"2026_06_04_0085","2026_06_04_0085_ev01145_rec2","no",505164
1146,2,67.74165,-335.885371054452,-349.231045299602,-13.3456742451506,0.950000000003115,3.95000000000323,5.79999999999359,-318.718006329648,-27.6391969838481,26.0000878101102,-11.6305533601471,67.74015,67.73705,354833,"2026_06_04_0085","2026_06_04_0085_ev01146_rec2","no",505165
1147,2,67.7977,-331.805901345181,-337.015090417995,-5.20918907281407,0.399999999999068,0.749999999996476,0.649999999993156,-325.371291624928,-9.36566086981172,5.94342273548194,136.805770002899,67.7975,67.797,355954,"2026_06_04_0085","2026_06_04_0085_ev01147_rec2","no",505166
1148,2,67.88955,-335.214559629342,-340.423088125048,-5.20852849570628,0.500000000002387,30.2499999999952,30.0000000000011,-53827.6372070757,53498.1844578737,262517.812865969,81.02040912903,67.88955,67.889,357791,"2026_06_04_0085","2026_06_04_0085_ev01148_rec2","no",505167
1149,2,68.0656,-332.387010553121,-354.632176109324,-22.2451655562032,8.89999999999702,19.0000000000055,10.39999999999,-314.061189493967,-45.4008102116493,19.3894526899398,-306.11969788567,68.0653,68.0534,361312,"2026_06_04_0085","2026_06_04_0085_ev01149_rec2","no",505168
1150,2,68.14065,-332.739117539318,-344.733624267804,-11.9945067284856,0.0500000000016598,0.0999999999891088,0,48850.8616406893,-49183.2431406873,138932.894152521,169.730347555555,68.14065,68.1405,362813,"2026_06_04_0085","2026_06_04_0085_ev01150_rec2","no",505169
1151,2,68.2595,-332.844749791162,-337.881682006613,-5.03693221545052,0.200000000006639,0.0500000000016598,0.149999999990769,-324.782015102935,-10.0512082169378,11.4271190995434,134.877319852321,68.2595,68.2593,365190,"2026_06_04_0085","2026_06_04_0085_ev01151_rec2","no",505170
1152,2,68.44515,-326.489533176041,-338.091174096246,-11.6016409202051,0.0500000000016598,7.04999999999245,5.89999999999691,-327.815345856839,-13.5205366782813,3.88768060159975,-124.142090617667,68.44295,68.44205,368903,"2026_06_04_0085","2026_06_04_0085_ev01152_rec2","no",505171
1153,2,68.50275,-332.508551745848,-343.037509738439,-10.5289579925911,2.25000000000364,7.49999999999318,5.94999999998436,-330.83382169829,-16.431144925426,5.49393767657831,-78.3844486235789,68.50075,68.4985,370055,"2026_06_04_0085","2026_06_04_0085_ev01153_rec2","no",505172
1154,2,68.55425,-325.903126955489,-406.524900412729,-80.6217734572406,1.94999999999368,10.4999999999933,11.1500000000007,-318.107406241303,-90.4644582921501,12.7329894281139,-992.585729035192,68.553,68.55075,371085,"2026_06_04_0085","2026_06_04_0085_ev01154_rec2","no",505173
1155,2,68.5934,-334.087524150188,-337.087142033052,-2.99961788286419,0.350000000011619,0.550000000004047,0,-328.919629805262,-6.27344291657559,3.20905927327199,134.080550802426,68.5934,68.5927,371868,"2026_06_04_0085","2026_06_04_0085_ev01155_rec2","no",505174
1156,2,68.672,-339.590135807578,-342.29676493604,-2.70662912846228,0.299999999995748,0.500000000002387,0.649999999993156,-331.41488967514,-11.2009079254891,3.2295805283623,208.461200300964,68.672,68.6717,373440,"2026_06_04_0085","2026_06_04_0085_ev01156_rec2","no",505175
1157,2,68.7523,-330.516715305709,-349.600919403325,-19.0842040976161,6.20000000000687,8.7999999999937,7.64999999999816,-330.966542875104,-22.206834176583,6.29573519698633,-267.542707559128,68.7514,68.7434,375046,"2026_06_04_0085","2026_06_04_0085_ev01157_rec2","no",505176
1158,2,68.9178,-329.889075484707,-365.337194870093,-35.4481193853857,2.09999999999866,11.7499999999922,13.8000000000034,-332.968665266522,-31.6942808754495,12.0089205661814,-529.354280517819,68.91655,68.9144,378356,"2026_06_04_0085","2026_06_04_0085_ev01158_rec2","no",505177
1159,2,68.96575,-334.059644711081,-348.338185564921,-14.2785408538397,2.049999999997,7.60000000001071,6.85000000000002,-325.325658392326,-27.6657243574358,10.0905035248461,-59.5068861709595,68.96265,68.96,379315,"2026_06_04_0085","2026_06_04_0085_ev01159_rec2","no",505178
1160,2,69.05955,-333.038743528751,-337.833766603319,-4.79502307456801,0.0500000000016598,0.10000000000332,0,-326.955922347529,-6.39734829686697,5.35582211351934,148.226081805747,69.05955,69.05925,381191,"2026_06_04_0085","2026_06_04_0085_ev01160_rec2","no",505179
1161,2,69.189,-334.874289047916,-339.632966927287,-4.75867787937187,0.150000000004979,0.200000000006639,0,-324.063634337666,-12.0632671394548,9.43850878577206,214.956782396246,69.189,69.1886,383780,"2026_06_04_0085","2026_06_04_0085_ev01161_rec2","no",505180
1162,2,69.2794,-337.539383534116,-361.047446887018,-23.5080633529012,4.05000000000655,7.55000000000905,4.3500000000023,-343.431719692224,-13.9843608490017,2.70649754304433,-282.90318161198,69.2766,69.2719,385588,"2026_06_04_0085","2026_06_04_0085_ev01162_rec2","no",505181
1163,2,69.30165,-348.849909373559,-351.367621198132,-2.51771182457287,0.150000000004979,0.150000000004979,0,37825.6137774556,-38170.7276239999,71603.8017861879,352.099966259451,69.30165,69.3015,386033,"2026_06_04_0085","2026_06_04_0085_ev01163_rec2","no",505182
1164,2,69.3711,-326.201637035321,-332.90696602142,-6.70532898609878,0.150000000004979,4.85000000000468,6.20000000000687,-326.072059075589,-8.52913617683173,5.22250891656005,-41.8177642402328,69.3711,69.37095,387422,"2026_06_04_0085","2026_06_04_0085_ev01164_rec2","no",505183
1165,2,69.4374,-327.187538555455,-357.843440445146,-30.6559018896911,3.70000000000914,17.9000000000116,20.3499999999934,-283.49383747562,-69.8743475372087,85.2593588884284,-550.392621647582,69.4364,69.432,388748,"2026_06_04_0085","2026_06_04_0085_ev01165_rec2","no",505184
1166,2,69.50835,-341.267481680609,-343.324758075211,-2.05727639460156,0,0.400000000013279,0.450000000000728,-336.305217934846,-7.37079909951418,1.85099586226612,134.751895314011,69.50835,69.5082,390167,"2026_06_04_0085","2026_06_04_0085_ev01166_rec2","no",505185
1167,2,69.6192,-325.916244269655,-335.539652133799,-9.62340786414398,0.949999999988904,30.4500000000019,30.0000000000011,-331.384008963962,-5.17883673686889,2.29969399039176,-187.414215801171,69.61885,69.6179,392384,"2026_06_04_0085","2026_06_04_0085_ev01167_rec2","no",505186
1168,2,69.6591,-338.548568924965,-350.851409592134,-12.3028406671694,0.649999999993156,0.450000000000728,0.350000000011619,-328.204229064609,-15.2168644945177,16.4449240264507,96.655696941701,69.6591,69.6579,393182,"2026_06_04_0085","2026_06_04_0085_ev01168_rec2","no",505187
1169,2,69.7695,-334.589512421217,-342.321008987273,-7.73149656605619,0.749999999996476,1.7999999999887,1.30000000000052,-331.805455247309,-8.35071261507396,3.37789069042725,51.0172217004394,69.76945,69.76825,395390,"2026_06_04_0085","2026_06_04_0085_ev01169_rec2","no",505188
1170,2,69.8746,-336.20230339662,-365.437400899297,-29.2350975026778,1.49999999999295,12.2500000000088,11.8999999999971,-323.24071766633,-47.9203288539595,16.9539276444666,-376.009174377234,69.8726,69.8708,397492,"2026_06_04_0085","2026_06_04_0085_ev01170_rec2","no",505189
1171,2,69.9243,-323.681693872802,-333.447254008923,-9.76556013612009,0.300000000009959,0.300000000009959,0,-352.164052487495,22.0425570122819,118.097370676305,-274.590407054398,69.9243,69.924,398486,"2026_06_04_0085","2026_06_04_0085_ev01171_rec2","no",505190
1172,2,70.01045,-334.127668664514,-344.447675900955,-10.320007236441,0.300000000009959,25.9999999999962,30.0000000000011,20887.0442651068,-21228.7397400081,228439.198768362,-189.480656387307,70.01035,70.01005,400209,"2026_06_04_0085","2026_06_04_0085_ev01172_rec2","no",505191
1173,2,70.0273,-330.638803909911,-342.571175668117,-11.9323717582058,0.649999999993156,0.799999999998136,0,-104017.371290601,103679.724478823,284206.104432793,-388.072311638181,70.02695,70.0263,400546,"2026_06_04_0085","2026_06_04_0085_ev01173_rec2","no",505192
1174,2,70.1398,-333.50349525557,-354.854776311885,-21.3512810563153,2.29999999999109,12.6000000000062,11.800000000008,-281.991658132079,-68.8031320538161,80.2429005201632,-307.051570154001,70.1382,70.1295,402796,"2026_06_04_0085","2026_06_04_0085_ev01174_rec2","no",505193
1175,2,70.17575,-330.466238104256,-334.538054738961,-4.0718166347055,1.00000000000477,7.80000000000314,6.65000000000759,-324.716512069682,-11.9005795342632,13.4183741897254,10.9265284970708,70.175,70.17215,403515,"2026_06_04_0085","2026_06_04_0085_ev01175_rec2","no",505194
1176,2,70.3272,-334.55089997687,-351.100600897661,-16.5497009207915,2.39999999999441,2.20000000000198,1.4500000000055,-334.100942419163,-9.29730632090554,4.21292578890104,-44.7570173323592,70.3272,70.3237,406544,"2026_06_04_0085","2026_06_04_0085_ev01176_rec2","no",505195
1177,2,70.37955,-333.221968675966,-336.487594498099,-3.26562582213296,0.10000000000332,1.04999999999222,1.05000000000643,-328.821367886693,-8.03133958241494,2.94640489831757,107.85070171625,70.37945,70.37935,407591,"2026_06_04_0085","2026_06_04_0085_ev01177_rec2","no",505196
1178,2,70.4369,-323.072541449547,-330.689985399601,-7.61744395005394,0.399999999999068,30.7999999999993,30.0000000000011,-326.866751245012,-10.9954982407132,10.2853405186714,-257.195854700493,70.43475,70.43425,408738,"2026_06_04_0085","2026_06_04_0085_ev01178_rec2","no",505197
1179,2,70.5479,-328.07968965394,-351.488494787434,-23.4088051334938,2.60000000000105,14.5499999999998,11.250000000004,-325.541351362576,-31.7252966481844,10.7841962070092,-401.712118530389,70.54145,70.5385,410958,"2026_06_04_0085","2026_06_04_0085_ev01179_rec2","no",505198
1180,2,70.65185,-317.443300345028,-332.035266184672,-14.5919658396448,0.500000000002387,30.2999999999969,30.0000000000011,-327.007710536159,-8.8043281731455,7.78818258161179,-362.975566304886,70.65185,70.65135,413037,"2026_06_04_0085","2026_06_04_0085_ev01180_rec2","no",505199
1181,2,70.70785,-327.883622787732,-333.322572998002,-5.43895021027004,3.09999999998922,33.4499999999878,30.0000000000011,12136.1231811473,-12469.5755188458,175479.857293056,-172.458326385194,70.70695,70.70385,414157,"2026_06_04_0085","2026_06_04_0085_ev01181_rec2","no",505200
1182,2,70.78225,-332.631926727928,-360.405120759569,-27.7731940316405,11.0499999999973,10.2499999999992,8.70000000000459,-338.927715660546,-27.8891663686947,4.47251570724125,-572.67615474128,70.78075,70.76945,415645,"2026_06_04_0085","2026_06_04_0085_ev01182_rec2","no",505201
1183,2,70.8074,-336.244568957079,-339.028385240611,-2.78381628353151,0.450000000000728,10.5999999999966,9.59999999999184,-334.555636352712,-13.7943127840075,5.89960137270903,-41.7907774293911,70.8056,70.80515,416148,"2026_06_04_0085","2026_06_04_0085_ev01183_rec2","no",505202
1184,2,70.8405,-338.400652350805,-341.74234844478,-3.34169609397497,0,0.749999999996476,1.09999999999388,-327.813058386371,-13.1809817281345,10.2130843758444,189.956477012668,70.8405,70.8404,416810,"2026_06_04_0085","2026_06_04_0085_ev01184_rec2","no",505203
1185,2,70.9572,-335.97606433694,-342.530152365692,-6.55408802875155,0.0500000000016598,0.550000000004047,0.900000000001455,-330.591044719859,-9.64965139360438,4.21413124521085,120.541402156008,70.95715,70.95705,419144,"2026_06_04_0085","2026_06_04_0085_ev01185_rec2","no",505204
1186,2,71.01475,-339.048206245663,-347.71912101188,-8.67091476621647,1.00000000000477,1.20000000001141,0,-332.194000047213,-8.85776779260298,3.30847354188462,175.486067467654,71.0146,71.0134,420295,"2026_06_04_0085","2026_06_04_0085_ev01186_rec2","no",505205
1187,2,71.0624,-329.271972067164,-335.402697023025,-6.13072495586056,0.200000000006639,3.55000000000416,5.44999999999618,-330.925670859765,-6.01611915740414,2.39188572556013,-68.1776242533375,71.0621,71.0619,421248,"2026_06_04_0085","2026_06_04_0085_ev01187_rec2","no",505206
1188,2,71.1059,-335.47274201602,-344.722477556449,-9.2497355404297,0.250000000008299,0.650000000007367,0,-331.760120275529,-5.5758023163883,2.14491440555938,99.0181026792353,71.1054,71.10515,422118,"2026_06_04_0085","2026_06_04_0085_ev01188_rec2","no",505207
1189,2,71.1234,-334.242352640701,-338.175830645967,-3.93347800526578,0,0,0.400000000013279,-326.562840803474,-9.47419581207001,10.4009413587318,137.373527791372,71.1234,71.1233,422468,"2026_06_04_0085","2026_06_04_0085_ev01189_rec2","no",505208
1190,2,71.20935,-337.244757550383,-353.263582027394,-16.0188244770108,0.850000000014006,6.25000000000853,7.44999999999152,-339.471892964163,-21.8081982241453,4.19830840853858,-234.292957158099,71.2052,71.20425,424187,"2026_06_04_0085","2026_06_04_0085_ev01190_rec2","no",505209
1191,2,71.3181,-334.7961696811,-338.153510827812,-3.3573411467126,0.349999999997408,0.450000000000728,1.1999999999972,-287.978060794718,-48.5696876299248,112.337603913733,124.47263182376,71.3181,71.31745,426362,"2026_06_04_0085","2026_06_04_0085_ev01191_rec2","no",505210
1192,2,71.4201,-339.086294388033,-348.139060839844,-9.05276645181146,2.65000000000271,29.1499999999871,27.3499999999842,-343.700705414739,-5.64530104840849,0.830035157118234,-178.920775476308,71.41895,71.41625,428402,"2026_06_04_0085","2026_06_04_0085_ev01192_rec2","no",505211
1193,2,71.4434,-344.098673932566,-352.184938543341,-8.08626461077449,0.499999999988177,6.00000000000023,4.80000000000302,-334.237393045972,-23.9994550914671,7.70643023948397,97.8049761113096,71.44245,71.44155,428868,"2026_06_04_0085","2026_06_04_0085_ev01193_rec2","no",505212
1194,2,71.5202,-330.527575200997,-345.11749147374,-14.5899162727427,1.7999999999887,14.7000000000048,13.7499999999875,-203.200092280924,-142.47537865563,193.973533291918,-195.980891815374,71.5178,71.5158,430404,"2026_06_04_0085","2026_06_04_0085_ev01194_rec2","no",505213
1195,2,71.67435,-323.735319755748,-328.114919179171,-4.37959942342337,0.550000000004047,12.9000000000019,1.50000000000716,-345405.61593264,345081.300164632,490100.059224749,-508.317138150172,71.6639,71.66295,433487,"2026_06_04_0085","2026_06_04_0085_ev01195_rec2","no",505214
1196,2,71.7042,-330.590657059822,-357.058436446629,-26.4677793868075,1.90000000000623,10.5000000000075,12.2499999999945,-334.213954382295,-23.3230513125638,9.20977609150299,-455.802990276109,71.6982,71.69625,434084,"2026_06_04_0085","2026_06_04_0085_ev01196_rec2","no",505215
1197,2,71.7441,-377.118620688262,-648.165080810053,-271.046460121792,5.49999999999784,12.599999999992,11.5499999999997,-304.109145246155,-367.366461414345,15.3776957567384,-3759.0215736301,71.74205,71.736,434882,"2026_06_04_0085","2026_06_04_0085_ev01197_rec2","no",505216
1198,2,71.78885,-366.723762028676,-523.56660397981,-156.842841951134,2.25000000000364,24.9000000000024,21.2000000000074,-412.056913353287,-100.207520847114,10.2565413714336,-4109.65199442876,71.7765,71.77365,435777,"2026_06_04_0085","2026_06_04_0085_ev01198_rec2","no",505217
1199,2,71.85225,-391.650932048688,-495.799452820562,-104.148520771874,22.049999999993,44.3000000000069,30.0000000000011,-449.726958183973,-60.371645872005,3.55020964544134,-3298.8386232847,71.85125,71.829,437045,"2026_06_04_0085","2026_06_04_0085_ev01199_rec2","no",505218
1200,2,71.8871,-432.815706864369,-508.396479644683,-75.5807727803135,10.3500000000025,14.5499999999998,7.60000000001071,-425.339576984332,-82.64046044832,8.99462483520855,-958.335638160458,71.8869,71.87585,437742,"2026_06_04_0085","2026_06_04_0085_ev01200_rec2","no",505219
1201,2,71.95235,-426.846892338686,-498.433838819934,-71.5869464812484,5.49999999999784,16.9999999999959,12.1500000000054,-414.017337501438,-96.3941322694824,13.5290280662569,-1213.98034757385,71.9497,71.9438,439047,"2026_06_04_0085","2026_06_04_0085_ev01201_rec2","no",505220
1202,2,72.01325,-447.544776798696,-508.875232120074,-61.3304553213786,2.39999999999441,6.7499999999967,5.79999999999359,-431.819772211111,-69.7839312974875,9.73237290760889,-334.441235010751,72.01195,72.00925,440265,"2026_06_04_0085","2026_06_04_0085_ev01202_rec2","no",505221
1203,2,72.08245,-396.508366503881,-423.486936609862,-26.9785701059806,6.05000000000189,11.1999999999881,5.8000000000078,-387.783029470056,-42.2992281165519,7.10906348724245,-203.611823872115,72.07915,72.07295,441649,"2026_06_04_0085","2026_06_04_0085_ev01203_rec2","no",505222
1204,2,72.13105,-383.306629340929,-421.48842954501,-38.1818002040816,3.00000000000011,9.55000000000439,8.09999999999889,-379.295681347291,-51.0951762789685,7.81132475722306,-418.268839182867,72.12835,72.1249,442621,"2026_06_04_0085","2026_06_04_0085_ev01204_rec2","no",505223
1205,2,72.17835,-393.05360469591,-430.497953972454,-37.4443492765442,1.75000000000125,4.54999999999472,3.65000000000748,-366.633290176645,-69.7825794408947,6.64459284163867,267.605237963508,72.1775,72.1756,443567,"2026_06_04_0085","2026_06_04_0085_ev01205_rec2","no",505224
1206,2,72.21555,-372.990729001975,-440.585267237432,-67.5945382354562,3.59999999999161,27.150000000006,28.4500000000065,1388428.68256394,-1388882.54723543,706830.568755453,-1755.98474562919,72.2142,72.2101,444311,"2026_06_04_0085","2026_06_04_0085_ev01206_rec2","no",505225
1207,2,72.2658,-383.452460122913,-398.072119184924,-14.6196590620103,0.399999999999068,30.4500000000019,27.8500000000008,-380595.038807881,380228.041144719,484224.892843989,135.91080357019,72.2652,72.26415,445316,"2026_06_04_0085","2026_06_04_0085_ev01207_rec2","no",505226
1208,2,72.30345,-381.984279068708,-431.973359951694,-49.9890808829851,8.60000000000127,13.2499999999993,6.3999999999993,-378.376201620936,-64.6816263313614,5.96562656411385,-609.426644708312,72.30035,72.29135,446069,"2026_06_04_0085","2026_06_04_0085_ev01208_rec2","no",505227
1209,2,72.32965,-370.967902170668,-399.906045048821,-28.9381428781535,0.950000000003115,22.8999999999928,6.00000000000023,-182484.40273455,182104.215376938,736954.859394675,-427.710942362788,72.3288,72.32785,446593,"2026_06_04_0085","2026_06_04_0085_ev01209_rec2","no",505228
1210,2,72.36085,-373.019952412758,-426.430380458213,-53.4104280454556,4.80000000000302,12.5500000000045,11.1500000000007,-45.8051790439475,-378.86038070446,126.982800016137,-523.550491785897,72.3599,72.35455,447217,"2026_06_04_0085","2026_06_04_0085_ev01210_rec2","no",505229
1211,2,72.4038,-372.348320433504,-420.212645338674,-47.8643249051697,5.00000000000966,8.80000000000791,3.64999999999327,-379.156280086291,-46.035137592297,2.51727994641608,-572.492605256359,72.4021,72.39665,448076,"2026_06_04_0085","2026_06_04_0085_ev01211_rec2","no",505230
1212,2,72.43275,-365.971468580937,-429.456030032378,-63.4845614514418,3.84999999999991,32.7999999999946,30.0000000000011,-402.421506250112,-27.0887109292347,3.6020200778593,-1342.10316235353,72.4326,72.42865,448655,"2026_06_04_0085","2026_06_04_0085_ev01212_rec2","no",505231
1213,2,72.462,-400.489356453581,-423.494909646818,-23.0055531932368,1.35000000000218,4.45000000000562,3.74999999999659,-380.764006408671,-42.1636261847715,9.31381115728247,190.971003558031,72.46175,72.4603,449240,"2026_06_04_0085","2026_06_04_0085_ev01213_rec2","no",505232
1214,2,72.48905,-397.585318153299,-409.993252865561,-12.407934712262,0.0500000000016598,0.300000000009959,0,205.690545527,-602.517388046821,358.825111315165,750.518885534477,72.48845,72.4884,449781,"2026_06_04_0085","2026_06_04_0085_ev01214_rec2","no",505233
1215,2,72.5455,-359.823481295096,-418.366309138855,-58.5428278437597,7.30000000000075,21.3999999999999,30.0000000000011,-387.882255254042,-41.1415867380114,5.0126387381691,-1383.99463630516,72.54455,72.53465,450910,"2026_06_04_0085","2026_06_04_0085_ev01215_rec2","no",505234
1216,2,72.5664,-392.011178696069,-400.187242754313,-8.17606405824426,0.900000000001455,2.39999999999441,1.94999999999368,-378.136166697497,-27.7001911760694,3.95732742961457,291.313367358446,72.56595,72.56505,451328,"2026_06_04_0085","2026_06_04_0085_ev01216_rec2","no",505235
1217,2,72.58065,-378.141157169688,-390.586457594124,-12.4453004244359,0.399999999999068,3.70000000000914,4.30000000000064,280052.803957085,-280442.715181142,167711.942573844,393.579832540921,72.58045,72.58005,451613,"2026_06_04_0085","2026_06_04_0085_ev01217_rec2","no",505236
1218,2,72.63065,-330.960641729407,-356.029641329615,-25.0689996002077,0.650000000007367,7.94999999999391,7.09999999999411,-339.778086252908,-19.9182217058823,1.87909804657244,-421.287842484759,72.6264,72.62525,452613,"2026_06_04_0085","2026_06_04_0085_ev01218_rec2","no",505237
1219,2,72.6437,-330.402751885034,-351.750459978224,-21.3477080931892,0.0999999999891088,31.25,30.0000000000011,-341.425613745163,-12.231660139227,2.16558992680979,-377.527541890643,72.64275,72.6424,452874,"2026_06_04_0085","2026_06_04_0085_ev01219_rec2","no",505238
1220,2,72.6764,-337.677290872808,-387.54653192723,-49.8692410544214,5.15000000000043,9.00000000000034,30.0000000000011,-358.642918557256,-30.1813100417571,2.74355127139741,-888.237659216273,72.67575,72.67055,453528,"2026_06_04_0085","2026_06_04_0085_ev01220_rec2","no",505239
1221,2,72.7044,-357.436506416517,-368.527948192873,-11.0914417763556,1.40000000000384,2.89999999999679,2.24999999998943,-348.045880221129,-22.3206685450027,4.45941420459694,165.599108021676,72.70415,72.7026,454088,"2026_06_04_0085","2026_06_04_0085_ev01221_rec2","no",505240
1222,2,72.72775,-339.635750512125,-356.936386231151,-17.3006357190266,0.0999999999891088,21.7500000000115,30.0000000000011,-347.251231206779,-13.8475911726011,8.1628906592231,-366.329817234306,72.72625,72.72595,454555,"2026_06_04_0085","2026_06_04_0085_ev01222_rec2","no",505241
1223,2,72.76865,-344.465689920404,-383.951854409017,-39.4861644886124,8.04999999999723,13.4999999999934,9.050000000002,-348.360477232444,-34.9540747107228,7.67088710653174,-639.673107991352,72.7678,72.75905,455373,"2026_06_04_0085","2026_06_04_0085_ev01223_rec2","no",505242
1224,2,72.82175,-341.105419623742,-408.008613389275,-66.9031937655322,7.90000000000646,14.4499999999965,12.6500000000078,-338.909336755869,-87.3951177800946,10.7500945098485,-1174.42091603736,72.82065,72.8122,456435,"2026_06_04_0085","2026_06_04_0085_ev01224_rec2","no",505243
1225,2,72.8543,-354.892874724922,-378.026222556998,-23.1333478320761,0.849999999999795,6.45000000000095,6.20000000000687,-336.888143924524,-40.1654453684817,14.9976274778801,-23.1020593433514,72.85315,72.85225,457086,"2026_06_04_0085","2026_06_04_0085_ev01225_rec2","no",505244
1226,2,72.91545,-340.240270825429,-353.049389371087,-12.8091185456582,0.900000000001455,11.7999999999938,9.85000000000014,-445568.957879964,445233.918829248,440908.64860453,-386.896629807814,72.9149,72.9074,458309,"2026_06_04_0085","2026_06_04_0085_ev01226_rec2","no",505245
1227,2,72.94465,-345.031169898188,-378.498487804754,-33.4673179065666,1.85000000000457,16.4500000000061,10.8000000000033,-374.77133615586,-1.31859403659251,0.341937933060091,-1060.10188440025,72.94005,72.93805,458893,"2026_06_04_0085","2026_06_04_0085_ev01227_rec2","no",505246
1228,2,72.96305,-369.301441639397,-395.841290917488,-26.5398492780915,0.399999999999068,7.69999999999982,8.20000000000221,-311.536647955266,-87.1060271593848,32.3999392776223,3.799405655497,72.9622,72.9618,459261,"2026_06_04_0085","2026_06_04_0085_ev01228_rec2","no",505247
1229,2,73.00535,-352.405081996039,-400.985920998892,-48.580839002853,3.55000000000416,8.89999999999702,7.80000000000314,-342.250775329329,-63.4269763204786,9.58542408572683,-446.104039883789,73.0032,72.99945,460107,"2026_06_04_0085","2026_06_04_0085_ev01229_rec2","no",505248
1230,2,73.0343,-343.407686017049,-357.503712286415,-14.0960262693667,1.75000000000125,6.05000000000189,7.54999999999484,-346.991478223143,-12.6359226311428,3.68442166071953,-176.800963977486,73.03385,73.03195,460686,"2026_06_04_0085","2026_06_04_0085_ev01230_rec2","no",505249
1231,2,73.06545,-349.640952055204,-370.750075578003,-21.1091235227984,1.30000000000052,19.7999999999894,13.9999999999958,-196833.090303946,196483.889290739,333289.674416665,-269.194044382427,73.0653,73.0638,461309,"2026_06_04_0085","2026_06_04_0085_ev01231_rec2","no",505250
1232,2,73.0951,-343.476310929746,-405.036493843639,-61.5601829138937,4.45000000000562,11.2999999999914,11.8499999999955,-355.226521706193,-54.3441059760871,7.43982933558497,-956.002488484472,73.0941,73.0894,461902,"2026_06_04_0085","2026_06_04_0085_ev01232_rec2","no",505251
1233,2,73.1179,-346.574886793924,-373.087545991276,-26.5126591973523,2.54999999999939,4.84999999999047,29.9999999999869,-356.84671784671,-13.2304553662928,2.33870810566695,-390.676096015815,73.11735,73.11445,462358,"2026_06_04_0085","2026_06_04_0085_ev01233_rec2","no",505252
1234,2,73.18515,-351.183509783377,-377.718888893788,-26.5353791104105,2.25000000000364,4.49999999999307,3.45000000000084,-336.008057678722,-42.2887742296907,6.58050461815175,144.499885525855,73.1845,73.17795,463703,"2026_06_04_0085","2026_06_04_0085_ev01234_rec2","no",505253
1235,2,73.24235,-353.356838128873,-384.04565526248,-30.6888171336072,2.94999999999845,4.24999999999898,5.04999999999711,-322.025578300554,-55.4121887373654,19.3098896328977,27.7799422859593,73.241,73.2377,464847,"2026_06_04_0085","2026_06_04_0085_ev01235_rec2","no",505254
1236,2,73.2874,-338.357758862558,-354.039662480582,-15.6819036180247,0.750000000010687,4.49999999999307,4.39999999998975,-338.815109702829,-22.7096275242142,3.05342540487007,-99.5391121695402,73.28685,73.2861,465748,"2026_06_04_0085","2026_06_04_0085_ev01236_rec2","no",505255
1237,2,73.31635,-341.063925056547,-349.942024002161,-8.87809894561366,0.599999999991496,18.0500000000023,22.0999999999947,-343.308897502677,-13.653078746973,8.59064733845543,-202.744517630872,73.31445,73.3127,466327,"2026_06_04_0085","2026_06_04_0085_ev01237_rec2","no",505256
1238,2,73.34835,-349.215193017297,-361.249102451581,-12.0339094342838,0.699999999994816,31.25,26.2000000000029,-142802.075279951,142456.865213291,440892.876556422,-41.0310246022135,73.34825,73.3466,466967,"2026_06_04_0085","2026_06_04_0085_ev01238_rec2","no",505257
1239,2,73.37245,-352.927293223648,-367.294086600998,-14.3667933773504,0.10000000000332,3.34999999999752,2.15000000000032,-343.130453239174,-24.5589092821472,4.39928046232695,165.196742591727,73.37155,73.3694,467449,"2026_06_04_0085","2026_06_04_0085_ev01239_rec2","no",505258
1240,2,73.4193,-344.072396470993,-353.112303958795,-9.03990748780228,0.500000000002387,5.69999999999027,3.40000000001339,-367933.963979144,367588.385336792,681386.779031671,-293.894316639848,73.4193,73.4188,468386,"2026_06_04_0085","2026_06_04_0085_ev01240_rec2","no",505259
1241,2,73.43955,-342.499097964504,-373.251432195852,-30.7523342313485,3.45000000000084,8.70000000000459,9.15000000000532,-350.248249748919,-24.6349224295605,4.78043549217174,-430.250279896016,73.4393,73.4358,468791,"2026_06_04_0085","2026_06_04_0085_ev01241_rec2","no",505260
1242,2,73.47995,-351.752608065079,-464.935222484154,-113.182614419075,9.74999999999682,16.9999999999959,14.4499999999965,-327.563251116399,-138.107175173483,19.5759033053021,-2139.65061204824,73.47835,73.46665,469599,"2026_06_04_0085","2026_06_04_0085_ev01242_rec2","no",505261
1243,2,73.5135,-355.031865727844,-373.293924147058,-18.2620584192142,1.35000000000218,27.0500000000027,6.95000000000334,-17277.383062709,16916.4455951647,138083.728456462,-251.118003499588,73.5133,73.5119,470270,"2026_06_04_0085","2026_06_04_0085_ev01243_rec2","no",505262
1244,2,73.5528,-358.442580329075,-389.347032227514,-30.9044518984396,4.89999999999213,11.2000000000023,5.5499999999995,-352.344286201474,-43.3400005708875,6.13728936877318,-268.427481673267,73.5499,73.5449,471056,"2026_06_04_0085","2026_06_04_0085_ev01244_rec2","no",505263
1245,2,73.62265,-352.731455619231,-397.89830700545,-45.1668513862193,1.59999999999627,4.65000000001226,4.50000000000728,-338.556844626561,-58.5299294061164,7.00631276085385,-33.4258986174875,73.62215,73.62045,472453,"2026_06_04_0085","2026_06_04_0085_ev01245_rec2","no",505264
1246,2,73.68105,-333.259718022571,-373.292366560013,-40.0326485374428,9.39999999999941,16.3999999999902,19.7000000000003,-301.434487626178,-64.9858157129893,59.4146174884477,-816.710926717118,73.68035,73.67075,473621,"2026_06_04_0085","2026_06_04_0085_ev01246_rec2","no",505265
1247,2,73.7323,-341.962600541346,-353.573413598497,-11.6108130571504,0.299999999995748,3.99999999999068,30.0000000000011,-347.443196930225,-7.04288561419785,1.23484868090221,-177.666497169339,73.7323,73.732,474646,"2026_06_04_0085","2026_06_04_0085_ev01247_rec2","no",505266
1248,2,73.76515,-347.984389877242,-372.308913034523,-24.3245231572805,1.29999999998631,12.849999999986,16.7500000000018,156082.550594365,-156450.717869013,234466.201878255,-338.732154363302,73.7647,73.7628,475303,"2026_06_04_0085","2026_06_04_0085_ev01248_rec2","no",505267
1249,2,73.7828,-352.6228382998,-371.4087730148,-18.7859347149999,1.64999999999793,3.90000000000157,2.80000000000769,-340.835041144539,-32.2572636015129,5.16327597815276,158.712156144778,73.78225,73.7806,475656,"2026_06_04_0085","2026_06_04_0085_ev01249_rec2","no",505268
1250,2,73.8054,-335.15605455194,-345.384316429597,-10.2282618776571,1.35000000000218,7.49999999999318,8.29999999999131,-329.565989210126,-17.94644701326,12.764798298867,-58.7028061141224,73.805,73.80355,476108,"2026_06_04_0085","2026_06_04_0085_ev01250_rec2","no",505269
1251,2,73.8453,-325.414206618748,-333.199765961876,-7.78555934312851,1.35000000000218,30.7999999999993,30.0000000000011,-329.915655186316,-8.16062633794723,8.97977073256935,-223.521587203114,73.8451,73.84375,476906,"2026_06_04_0085","2026_06_04_0085_ev01251_rec2","no",505270
1252,2,73.91755,-331.319420473791,-347.920347483513,-16.600927009722,1.85000000000457,21.4500000000015,20.6000000000017,-287.577956544655,-61.3672809834065,99.4020244562364,-388.966851598111,73.91385,73.91195,478351,"2026_06_04_0085","2026_06_04_0085_ev01252_rec2","no",505271
1253,2,73.9634,-333.89910176166,-339.365545825913,-5.46644406425298,0.200000000006639,5.14999999998622,6.00000000000023,-328.609761628816,-13.800105642348,9.43094546587193,31.1778521112715,73.96325,73.96305,479268,"2026_06_04_0085","2026_06_04_0085_ev01253_rec2","no",505272
1254,2,74.0844,-345.534267500222,-369.169122335229,-23.6348548350068,1.65000000001214,6.7499999999967,6.3999999999993,-319.56180452027,-49.2646565735091,18.3186193856323,1.49167490681353,74.0836,74.08175,481688,"2026_06_04_0085","2026_06_04_0085_ev01254_rec2","no",505273
1255,2,74.13155,-334.674721275176,-358.905394059627,-24.2306727844517,3.05000000000177,10.6999999999857,6.45000000000095,-337.884486444949,-30.2340263268657,3.87555702997462,-358.496434756898,74.1298,74.12285,482631,"2026_06_04_0085","2026_06_04_0085_ev01255_rec2","no",505274
1256,2,74.1914,-352.875886840184,-384.733928284527,-31.8580414443424,4.19999999999732,11.650000000003,6.19999999999266,-361.438834864392,-29.9289069463336,2.77592616802839,-561.17425492499,74.19045,74.17665,483828,"2026_06_04_0085","2026_06_04_0085_ev01256_rec2","no",505275
1257,2,74.2584,-361.691680538889,-377.950218034866,-16.258537495977,2.59999999998684,3.10000000000343,2.54999999999939,-337.282838018206,-39.6690088309768,9.6545246528059,340.379587915395,74.25825,74.2551,485168,"2026_06_04_0085","2026_06_04_0085_ev01257_rec2","no",505276
1258,2,74.3137,-341.207584299813,-358.795953644605,-17.5883693447918,2.09999999999866,5.25000000000375,4.05000000000655,-330.557529969741,-30.1089335278678,7.23472872808237,23.3409972895167,74.3099,74.30775,486274,"2026_06_04_0085","2026_06_04_0085_ev01258_rec2","no",505277
1259,2,74.35335,-341.159901788894,-365.851472537079,-24.6915707481849,3.45000000001505,6.3999999999993,4.40000000000396,-336.247282671252,-31.4353989359633,5.45115218859984,-93.8482591893994,74.3525,74.34885,487067,"2026_06_04_0085","2026_06_04_0085_ev01259_rec2","no",505278
1260,2,74.393,-332.328303956073,-368.633803156753,-36.3054992006803,9.15000000000532,36.5000000000038,30.0000000000011,76047.9663384176,-76407.8849103056,209269.308272124,-938.989992543429,74.38975,74.37975,487860,"2026_06_04_0085","2026_06_04_0085_ev01260_rec2","no",505279
1261,2,74.40715,-344.009087640536,-372.081896842004,-28.072809201468,2.20000000000198,3.19999999999254,6.24999999999432,-336.399261703898,-26.1265955624977,16.8144084419471,-191.333089587081,74.4063,74.4037,488143,"2026_06_04_0085","2026_06_04_0085_ev01261_rec2","no",505280
1262,2,74.46085,-359.01166657166,-390.424701504752,-31.4130349330928,3.80000000001246,6.05000000000189,4.50000000000728,-350.745028891762,-45.6298108334032,5.40476347145825,-79.7357677842977,74.4603,74.4562,489217,"2026_06_04_0085","2026_06_04_0085_ev01262_rec2","no",505281
1263,2,74.52735,-341.674287247948,-368.188803548076,-26.5145163001279,1.64999999999793,4.75000000000136,5.04999999999711,-339.498033358296,-23.160097373098,7.67801089974456,-145.838414329745,74.527,74.52525,490547,"2026_06_04_0085","2026_06_04_0085_ev01263_rec2","no",505282
1264,2,74.5827,-332.680749813915,-403.836108494224,-71.1553586803084,11.1500000000007,10.7500000000016,13.8000000000034,-348.760607685955,-52.4481748607269,8.45628533055328,-1211.03773797174,74.58225,74.57025,491654,"2026_06_04_0085","2026_06_04_0085_ev01264_rec2","no",505283
1265,2,74.6343,-355.613477056427,-380.594764420955,-24.9812873645274,1.89999999999202,4.39999999998975,3.39999999999918,-336.554540492822,-42.51633881352,8.30526878450501,183.49327204529,74.63335,74.6308,492686,"2026_06_04_0085","2026_06_04_0085_ev01265_rec2","no",505284
1266,2,74.6812,-330.663293563102,-342.798836110673,-12.1355425475712,1.09999999999388,31.3000000000159,30.0000000000011,-337.670666262537,-11.4862818060456,3.60532847853551,-272.761226399682,74.6808,74.67955,493624,"2026_06_04_0085","2026_06_04_0085_ev01266_rec2","no",505285
1267,2,74.7335,-351.940222145911,-375.763183261063,-23.8229611151529,0.700000000009027,8.1000000000131,8.69999999999038,-292.266176863186,-83.7234877034848,43.4382842387732,-56.0955780323015,74.7325,74.7317,494670,"2026_06_04_0085","2026_06_04_0085_ev01267_rec2","no",505286
1268,2,74.84515,-340.973547381738,-381.475923799577,-40.5023764178389,3.64999999999327,9.25000000000864,7.29999999998654,-333.099130281019,-53.9979263049615,8.46832345144713,-332.917006628376,74.84445,74.84015,496903,"2026_06_04_0085","2026_06_04_0085_ev01268_rec2","no",505287
1269,2,74.88865,-349.3826043151,-381.188205081478,-31.8056007663777,1.99999999999534,3.84999999999991,4.89999999999213,-326.896564478767,-50.2769811401245,12.72434493439,53.8174646166322,74.8885,74.88595,497773,"2026_06_04_0085","2026_06_04_0085_ev01269_rec2","no",505288
1270,2,74.93995,-365.417380716869,-408.736715464639,-43.3193347477694,5.75000000000614,5.04999999999711,4.45000000000562,-336.101524168312,-67.1006985329171,11.3074481713314,47.9544542158314,74.9393,74.93315,498799,"2026_06_04_0085","2026_06_04_0085_ev01270_rec2","no",505289
1271,3,75.01715,-343.070109488043,-385.7706175782,-42.7005080901574,7.14999999999577,14.3500000000074,10.549999999995,-332.263699585844,-53.8973284072382,14.944879014099,-564.502227738237,75.01695,75.0091,343,"2026_06_04_0085","2026_06_04_0085_ev01271_rec3","no",505290
1272,3,75.08245,-339.806726336481,-368.106212701304,-28.2994863648232,2.74999999999181,7.000000000005,8.20000000000221,-333.285794251589,-33.6720546815058,11.996489690577,-235.043807321584,75.08215,75.0793,1649,"2026_06_04_0085","2026_06_04_0085_ev01272_rec3","no",505291
1273,3,75.1409,-346.492041091689,-376.028000364206,-29.5359592725173,2.25000000000364,7.50000000000739,7.24999999999909,-345.618730137836,-43.4596875070228,5.54862899125658,-285.301281954295,75.1396,75.13735,2818,"2026_06_04_0085","2026_06_04_0085_ev01273_rec3","no",505292
1274,3,75.1676,-357.859876800883,-366.574533984304,-8.71465718342023,0.0999999999891088,0.049999999987449,0,-347.820971655432,-12.2648004021008,5.43127885352506,234.912724959081,75.1676,75.1672,3352,"2026_06_04_0085","2026_06_04_0085_ev01274_rec3","no",505293
1275,3,75.20725,-361.405030996452,-371.871252150099,-10.4662211536469,2.25000000000364,1.94999999999368,1.94999999999368,-356.96963814898,-17.4447605506497,2.65138828176302,66.1989135275757,75.2072,75.20435,4145,"2026_06_04_0085","2026_06_04_0085_ev01275_rec3","no",505294
1276,3,75.29235,-341.116051363314,-363.462567715552,-22.3465163522382,1.40000000000384,7.64999999999816,7.09999999999411,-330.192884203818,-36.9980689405208,10.8349263977438,-91.9646752763362,75.2916,75.2898,5847,"2026_06_04_0085","2026_06_04_0085_ev01276_rec3","no",505295
1277,3,75.3632,-356.341324270524,-433.450196708865,-77.1088724383412,5.8000000000078,11.6000000000014,8.34999999999297,-327.702828040781,-109.147991774462,12.8920641529099,-768.471103244196,75.36235,75.3563,7264,"2026_06_04_0085","2026_06_04_0085_ev01277_rec3","no",505296
1278,3,75.41445,-348.245794785771,-383.663292541904,-35.4174977561329,3.74999999999659,14.6999999999906,14.2500000000041,-339.258703655151,-55.6210727877592,15.4140176913864,-609.379752810868,75.41295,75.40915,8289,"2026_06_04_0085","2026_06_04_0085_ev01278_rec3","no",505297
1279,3,75.52125,-349.656587827143,-374.928909698873,-25.2723218717296,1.69999999999959,5.65000000000282,4.85000000000468,-343.966681544321,-35.5698797068996,5.63411785914013,-74.098257488417,75.5207,75.51785,10425,"2026_06_04_0085","2026_06_04_0085_ev01279_rec3","no",505298
1280,3,75.5485,-340.829532024771,-358.67221910487,-17.842687080099,0.700000000009027,7.69999999999982,1.89999999999202,-266222.471829103,265875.974996106,540778.997943389,-421.606283962165,75.54715,75.5461,10970,"2026_06_04_0085","2026_06_04_0085_ev01280_rec3","no",505299
1281,3,75.5676,-338.002891834142,-375.549269536797,-37.5463777026548,2.45000000001028,9.3000000000103,11.8999999999971,-342.211513325097,-26.1381850437346,11.9725643409969,-491.910716351776,75.5665,75.56385,11352,"2026_06_04_0085","2026_06_04_0085_ev01281_rec3","no",505300
1282,3,75.62525,-351.59892997924,-372.04325675101,-20.4443267717698,0.150000000004979,5.25000000000375,4.50000000000728,-338.691235493898,-39.81204169135,6.73273994535034,80.1194804152522,75.6233,75.6228,12505,"2026_06_04_0085","2026_06_04_0085_ev01282_rec3","no",505301
1283,3,75.69935,-351.872065610178,-361.588540014736,-9.71647440455729,3.45000000000084,4.84999999999047,3.5000000000025,-343.237329667986,-25.488876049855,4.74035486912772,111.905038649766,75.6992,75.69575,13987,"2026_06_04_0085","2026_06_04_0085_ev01283_rec3","no",505302
1284,3,75.7217,-345.675458087554,-348.475538879306,-2.80008079175229,0.299999999995748,1.40000000000384,1.1999999999972,-341.272363712466,-9.64641690680975,2.08351446034824,110.674036719159,75.7213,75.72095,14434,"2026_06_04_0085","2026_06_04_0085_ev01284_rec3","no",505303
1285,3,75.73685,-338.815289498909,-345.30607347304,-6.49078397413035,0.700000000009027,7.40000000000407,5.94999999999857,-720725.647997416,720388.112127493,1164209.05934998,-246.127775035213,75.73685,75.73615,14737,"2026_06_04_0085","2026_06_04_0085_ev01285_rec3","no",505304
1286,3,75.76095,-333.762065106505,-361.832786014389,-28.0707209078847,1.09999999999388,13.4000000000043,11.950000000013,-333.822561117402,-32.4386554962931,10.4535866420712,-437.666619384979,75.7576,75.75595,15219,"2026_06_04_0085","2026_06_04_0085_ev01286_rec3","no",505305
1287,3,75.82705,-338.367692997356,-375.826513102649,-37.4588201052928,1.24999999999886,9.85000000000014,10.549999999995,-346.278430316277,-32.8190372786654,6.17783153073929,-567.496186002701,75.82385,75.82255,16541,"2026_06_04_0085","2026_06_04_0085_ev01287_rec3","no",505306
1288,3,75.8527,-344.589632838208,-352.709408139206,-8.11977530099784,0.049999999987449,5.09999999999877,6.24999999999432,-346.200816793895,-13.3617554686416,2.75494861540118,-91.4781042824432,75.8521,75.85205,17054,"2026_06_04_0085","2026_06_04_0085_ev01288_rec3","no",505307
1289,3,75.8749,-338.868947557259,-358.01292052132,-19.1439729640614,1.55000000000882,5.95000000001278,6.79999999999836,-328.249360597523,-29.1519712842144,13.6732520961531,-57.7593766519342,75.87475,75.8731,17498,"2026_06_04_0085","2026_06_04_0085_ev01289_rec3","no",505308
1290,3,75.93365,-340.479768728117,-349.852595502516,-9.37282677439907,2.60000000000105,31.400000000005,30.0000000000011,-22574.0032771661,22235.1497454841,240332.612116359,-35.6072205187817,75.9328,75.92995,18673,"2026_06_04_0085","2026_06_04_0085_ev01290_rec3","no",505309
1291,3,75.96045,-336.494844021462,-364.121818127079,-27.6269741056165,1.55000000000882,4.59999999999638,7.15000000000998,-342.750195669334,-17.127051893332,4.89061692075292,-306.497525869543,75.9599,75.958,19209,"2026_06_04_0085","2026_06_04_0085_ev01291_rec3","no",505310
1292,3,75.9835,-337.035218434078,-346.065947774682,-9.03072934060418,0.200000000006639,5.89999999999691,7.84999999999059,-338.779414052856,-12.7822813342515,3.76776980458671,-103.582485632025,75.9834,75.9832,19670,"2026_06_04_0085","2026_06_04_0085_ev01292_rec3","no",505311
1293,3,76.05265,-347.293153294993,-361.42598392985,-14.1328306348578,2.15000000000032,6.3999999999993,4.94999999999379,-346.435329103125,-21.7484242171924,3.89059172850616,-102.933737120599,76.05075,76.04825,21053,"2026_06_04_0085","2026_06_04_0085_ev01293_rec3","no",505312
1294,3,76.0801,-352.717220274433,-357.519373789523,-4.8021535150898,0.0500000000016598,30.0500000000028,30.0000000000011,-34026.5558165998,33682.4025180303,225029.403400639,189.299947813041,76.0801,76.07995,21602,"2026_06_04_0085","2026_06_04_0085_ev01294_rec3","no",505313
1295,3,76.09835,-336.03074030026,-358.846820470008,-22.8160801697489,1.00000000000477,8.19999999998799,9.74999999999682,-329.474853446908,-34.6331405238631,11.6661997026499,-198.620509404608,76.09815,76.09705,21967,"2026_06_04_0085","2026_06_04_0085_ev01295_rec3","no",505314
1296,3,76.1466,-342.025229607912,-372.144868543887,-30.1196389359754,1.95000000000789,5.65000000000282,3.39999999999918,-341.08180934659,-27.2655257304299,4.191415292252,-183.493470135363,76.1444,76.1403,22932,"2026_06_04_0085","2026_06_04_0085_ev01296_rec3","no",505315
1297,3,76.19165,-344.722775267717,-357.653491583259,-12.9307163155422,0.149999999990769,32.0499999999981,30.0000000000011,-353.844622505968,-14.0052003217086,2.68126731758975,-358.03336038365,76.18955,76.1888,23833,"2026_06_04_0085","2026_06_04_0085_ev01297_rec3","no",505316
1298,3,76.20645,-349.990395805631,-357.952818813895,-7.96242300826424,0.299999999995748,5.95000000001278,9.94999999998924,-352.803473824163,-12.4131553067476,2.19685715802762,-120.516929841215,76.20585,76.20555,24129,"2026_06_04_0085","2026_06_04_0085_ev01298_rec3","no",505317
1299,3,76.23195,-355.376980960998,-363.534706989336,-8.15772602833772,0.150000000004979,1.55000000000882,1.95000000000789,-330.269612901503,-33.2407622161731,11.6493515139854,392.379068755856,76.2316,76.23125,24639,"2026_06_04_0085","2026_06_04_0085_ev01299_rec3","no",505318
1300,3,76.28375,-342.151972229235,-359.080222327868,-16.9282500986333,0.399999999999068,15.4500000000013,18.100000000004,-338.786759023821,-27.0098919646543,17.5389256945908,-306.533701202472,76.28295,76.28255,25675,"2026_06_04_0085","2026_06_04_0085_ev01300_rec3","no",505319
1301,3,76.3455,-335.362441356069,-354.239341303289,-18.8768999472202,2.049999999997,8.20000000000221,7.04999999999245,-328.98756459017,-23.4663471978479,12.4999174610853,-130.521053575281,76.34415,76.3421,26910,"2026_06_04_0085","2026_06_04_0085_ev01301_rec3","no",505320
1302,3,76.42845,-348.913563765024,-376.54295472563,-27.629390960606,1.1999999999972,2.39999999999441,3.00000000000011,-343.741911839973,-29.520981401356,4.6002265638455,-32.0177916056165,76.4268,76.42525,28569,"2026_06_04_0085","2026_06_04_0085_ev01302_rec3","no",505321
1303,3,76.5201,-348.506268757504,-373.547336544985,-25.0410677874811,2.54999999999939,15.6000000000063,4.14999999999566,-107792.079040383,107435.98490295,265530.926530173,-503.392522415408,76.5191,76.51635,30402,"2026_06_04_0085","2026_06_04_0085_ev01303_rec3","no",505322
1304,3,76.5521,-366.256766745038,-399.459988663544,-33.2032219185057,1.99999999999534,4.39999999998975,3.20000000000675,-356.140742857653,-50.6814023575149,3.90880424800213,22.5354956424304,76.5516,76.54485,31042,"2026_06_04_0085","2026_06_04_0085_ev01304_rec3","no",505323
1305,3,76.5947,-359.006806157039,-361.929141893134,-2.92233573609411,0.849999999999795,2.20000000000198,1.80000000000291,-342.385848093363,-24.6920395120057,5.3530602251149,363.158927486333,76.5945,76.59335,31894,"2026_06_04_0085","2026_06_04_0085_ev01305_rec3","no",505324
1306,3,76.6244,-337.502792546834,-360.739549624797,-23.2367570779635,1.1999999999972,2.09999999999866,0,-112758.891171932,112407.962548759,314551.128463655,-604.311190559937,76.6232,76.622,32488,"2026_06_04_0085","2026_06_04_0085_ev01306_rec3","no",505325
1307,3,76.64435,-344.056364872632,-373.468834313662,-29.4124694410301,7.35000000000241,7.45000000000573,9.14999999999111,-337.329857193075,-34.5552123486016,13.607946183677,-318.945915447897,76.6439,76.63645,32887,"2026_06_04_0085","2026_06_04_0085_ev01307_rec3","no",505326
1308,3,76.7039,-342.792948401824,-377.000903768273,-34.2079553664486,13.1999999999977,19.2499999999995,11.6499999999888,-271.916103561287,-100.229599411289,64.0718773839471,-540.248099317001,76.7026,76.6891,34078,"2026_06_04_0085","2026_06_04_0085_ev01308_rec3","no",505327
1309,3,76.7536,-333.339378427838,-356.196220956371,-22.856842528533,6.54999999999006,27.5500000000051,22.5999999999971,-352.903263467985,-3.85997373672867,0.693667362569182,-749.57271050298,76.7511,76.74335,35072,"2026_06_04_0085","2026_06_04_0085_ev01309_rec3","no",505328
1310,3,76.7782,-346.381673057653,-379.973343061823,-33.5916700041699,1.49999999999295,9.79999999999848,11.2000000000023,-356.538995676221,-36.6438528265148,4.03176685311224,-530.281167391254,76.7772,76.7748,35564,"2026_06_04_0085","2026_06_04_0085_ev01310_rec3","no",505329
1311,3,76.80265,-339.162771502507,-371.964547581681,-32.801776079174,0.950000000003115,10.2499999999992,10.2499999999992,-330.703943647337,-51.0714180487239,11.2676220687064,-364.449776755788,76.8011,76.8,36053,"2026_06_04_0085","2026_06_04_0085_ev01311_rec3","no",505330
1312,3,76.8417,-333.856759306292,-347.642641327282,-13.7858820209898,0.699999999994816,9.79999999999848,10.5999999999966,-334.378228164581,-15.6681898886044,8.60014753986836,-192.605558819025,76.83975,76.83905,36834,"2026_06_04_0085","2026_06_04_0085_ev01312_rec3","no",505331
1313,3,76.9157,-333.157089081501,-357.7579556739,-24.6008665923989,0.500000000002387,15.2499999999947,19.0499999999929,-338.553487389603,-24.1800678072142,10.1590165809957,-458.932799930303,76.91355,76.91255,38314,"2026_06_04_0085","2026_06_04_0085_ev01313_rec3","no",505332
1314,3,76.94365,-342.980383393434,-354.019318882749,-11.0389354893145,0.300000000009959,1.54999999999461,2.39999999999441,-340.898895889922,-10.5830179193273,4.48164438631604,12.5579544175797,76.94365,76.94335,38873,"2026_06_04_0085","2026_06_04_0085_ev01314_rec3","no",505333
1315,3,77.0143,-348.148388033709,-376.493078834442,-28.3446908007339,1.40000000000384,3.00000000000011,4.099999999994,-336.146593989233,-34.717877011033,9.39718047956919,0.584417296691527,77.01325,77.01175,40286,"2026_06_04_0085","2026_06_04_0085_ev01315_rec3","no",505334
1316,3,77.08515,-341.002346206274,-362.036420425916,-21.0340742196417,0.699999999994816,4.00000000000489,4.00000000000489,-333.405089378691,-25.7654264927697,7.78826189733611,5.55443780995283,77.0843,77.08315,41703,"2026_06_04_0085","2026_06_04_0085_ev01316_rec3","no",505335
1317,3,77.1513,-348.696383095846,-350.887864703508,-2.1914816076623,0.300000000009959,3.84999999999991,2.19999999998777,-336.437230533171,-19.5104588443837,5.52431726736165,251.600433442155,77.15085,77.14905,43026,"2026_06_04_0085","2026_06_04_0085_ev01317_rec3","no",505336
1318,3,77.19145,-338.584418947115,-364.774856494448,-26.1904375473333,2.74999999999181,3.74999999999659,5.44999999999618,-334.649961754526,-24.0352072132287,9.57152770921651,-141.013624818011,77.1912,77.18835,43829,"2026_06_04_0085","2026_06_04_0085_ev01318_rec3","no",505337
1319,3,77.23865,-341.399488265924,-347.327715064513,-5.92822679858915,0.049999999987449,30.0999999999902,30.0000000000011,-341.82768823802,4.61729652378602,14.2349629046159,44.6596180543398,77.23865,77.2385,44773,"2026_06_04_0085","2026_06_04_0085_ev01319_rec3","no",505338
1320,3,77.25595,-332.102121496258,-349.008375496745,-16.9062540004873,1.59999999999627,15.0000000000006,30.0000000000011,-340.377767665634,-13.2830862318889,2.66071236005654,-340.866479740012,77.2537,77.25175,45119,"2026_06_04_0085","2026_06_04_0085_ev01320_rec3","no",505339
1321,3,77.29375,-336.612421756789,-353.759158050115,-17.1467362933255,1.4500000000055,32.1500000000015,30.0000000000011,-345.648029809086,-9.46459286158781,3.06042218111288,-331.87450871163,77.29275,77.29105,45875,"2026_06_04_0085","2026_06_04_0085_ev01321_rec3","no",505340
1322,3,77.3218,-336.143065376023,-365.069880149886,-28.926814773863,0.999999999990564,32.4999999999989,30.0000000000011,-353.956732910479,-15.4570500997838,2.12464719338776,-646.605630908545,77.31965,77.3186,46436,"2026_06_04_0085","2026_06_04_0085_ev01322_rec3","no",505341
1323,3,77.34665,-338.917247070926,-375.213629308383,-36.2963822374567,2.34999999999275,7.3499999999882,9.95000000000346,-350.194547044624,-29.1047117788914,3.81145233096401,-526.170362043667,77.3463,77.34375,46933,"2026_06_04_0085","2026_06_04_0085_ev01323_rec3","no",505342
1324,3,77.37035,-347.60348456114,-355.159647007686,-7.55616244654607,0.500000000002387,11.8499999999955,11.1500000000007,223507.558375228,-223865.921551394,314091.386713223,-25.3586604064065,77.3686,77.36785,47407,"2026_06_04_0085","2026_06_04_0085_ev01324_rec3","no",505343
1325,3,77.4223,-339.624377992776,-382.412986174249,-42.788608181473,17.399999999995,12.9000000000019,12.2500000000088,-353.031812932025,-36.8996757996558,4.49024830032862,-1090.10393844224,77.41975,77.4014,48446,"2026_06_04_0085","2026_06_04_0085_ev01325_rec3","no",505344
1326,3,77.4477,-342.473398580728,-362.795329638673,-20.3219310579451,1.35000000000218,7.20000000001164,9.050000000002,-348.904036614909,-16.4097402631122,3.33064156072038,-294.834650107907,77.44615,77.44475,48954,"2026_06_04_0085","2026_06_04_0085_ev01326_rec3","no",505345
1327,3,77.4699,-350.700674958985,-357.651414066039,-6.95073910705412,0.149999999990769,0.0999999999891088,0,-345.689681802377,-6.50036101053182,3.73936968232616,128.744242913414,77.4699,77.4697,49398,"2026_06_04_0085","2026_06_04_0085_ev01327_rec3","no",505346
1328,3,77.5218,-337.841273939326,-366.828051807175,-28.9867778678496,1.75000000000125,8.40000000000884,9.39999999999941,-345.452463834748,-23.9243591188845,4.60840486506087,-404.587262705681,77.5202,77.5184,50436,"2026_06_04_0085","2026_06_04_0085_ev01328_rec3","no",505347
1329,3,77.55215,-346.810047871739,-370.416976148743,-23.6069282770046,1.7000000000138,4.94999999999379,5.89999999999691,-338.990181900796,-30.825074072607,9.45275343125029,-72.3384098015462,77.552,77.5501,51043,"2026_06_04_0085","2026_06_04_0085_ev01329_rec3","no",505348
1330,3,77.59215,-338.593094222703,-380.758167640132,-42.1650734174291,1.39999999998963,7.95000000000812,8.29999999999131,-339.515611753955,-45.0767074611873,7.38800541448417,-429.322516559052,77.591,77.5894,51843,"2026_06_04_0085","2026_06_04_0085_ev01330_rec3","no",505349
1331,3,77.63545,-340.014415331116,-348.100259060101,-8.08584372898542,0.200000000006639,4.05000000000655,4.34999999998809,-330.5145650127,-22.6104598774963,7.28981761001407,111.812750379019,77.6345,77.6343,52709,"2026_06_04_0085","2026_06_04_0085_ev01331_rec3","no",505350
1332,3,77.7238,-349.650021167351,-379.284384851801,-29.6343636844504,1.85000000000457,31.1999999999983,0,-18164.4792661625,17803.0084166181,286733.949782359,-416.856006806173,77.72345,77.72155,54476,"2026_06_04_0085","2026_06_04_0085_ev01332_rec3","no",505351
1333,3,77.75325,-365.22549591416,-386.652472287061,-21.4269763729008,0.799999999998136,2.94999999999845,2.65000000000271,-358.889547988236,-29.6584699110885,3.63564761142526,54.7370930846467,77.7525,77.751,55065,"2026_06_04_0085","2026_06_04_0085_ev01333_rec3","no",505352
1334,3,77.77365,-355.97947899348,-368.369770894554,-12.3902919010739,0.999999999990564,30.4500000000019,30.0000000000011,-362.181525868884,-6.22102789076433,1.19884659964491,-207.722853099118,77.77335,77.77235,55473,"2026_06_04_0085","2026_06_04_0085_ev01334_rec3","no",505353
1335,3,77.79925,-358.543844759468,-386.778320261377,-28.2344755019095,1.14999999999554,4.950000000008,4.45000000000562,-339.110862662959,-49.8878768954084,8.71166014324508,92.2549858619723,77.7982,77.7945,55985,"2026_06_04_0085","2026_06_04_0085_ev01335_rec3","no",505354
1336,3,77.84255,-335.216327662176,-348.809049255624,-13.5927215934487,0.900000000001455,32.6500000000038,30.0000000000011,-342.985580980095,-14.3250740445586,3.47536673221753,-375.993440273844,77.83825,77.83735,56851,"2026_06_04_0085","2026_06_04_0085_ev01336_rec3","no",505355
1337,3,77.9025,-342.030151616046,-366.629157224588,-24.599005608542,1.80000000000291,4.59999999999638,3.64999999999327,-331.494513330836,-29.2593953974426,9.16702348219753,20.7442292735897,77.902,77.89995,58050,"2026_06_04_0085","2026_06_04_0085_ev01337_rec3","no",505356
1338,3,77.9594,-331.584973401042,-370.897928048704,-39.3129546476624,2.74999999999181,5.44999999999618,0,-20939.6920451783,20579.7114676934,297727.998857375,-1068.07251472356,77.9557,77.9528,59188,"2026_06_04_0085","2026_06_04_0085_ev01338_rec3","no",505357
1339,3,77.9863,-344.919099208074,-377.787584646281,-32.8684854382072,1.10000000000809,31.8500000000057,30.0000000000011,-362.574674413587,-18.0665882153183,2.08871677085019,-628.27989675097,77.98505,77.98395,59726,"2026_06_04_0085","2026_06_04_0085_ev01339_rec3","no",505358
1340,3,78.01145,-365.132807393328,-374.105337385172,-8.97252999184377,1.04999999999222,3.79999999999825,4.15000000000987,192839.750040142,-193210.655367807,328238.282806731,58.8936728718019,78.01015,78.00835,60229,"2026_06_04_0085","2026_06_04_0085_ev01340_rec3","no",505359
1341,3,78.02895,-361.47454175647,-370.090582374514,-8.61604061804451,0.500000000002387,3.05000000000177,1.65000000001214,-358.834698129235,-18.1939494253432,1.45130311374909,34.521965262917,78.02745,78.02695,60579,"2026_06_04_0085","2026_06_04_0085_ev01341_rec3","no",505360
1342,3,78.04525,-353.524420798736,-379.088904031055,-25.5644832323194,2.44999999999607,5.70000000000448,4.50000000000728,-342.447855784189,-40.3029345873311,6.65121566506078,15.9022247651043,78.04515,78.0427,60905,"2026_06_04_0085","2026_06_04_0085_ev01342_rec3","no",505361
1343,3,78.07435,-337.876553067769,-349.576381131749,-11.6998280639796,0.699999999994816,9.65000000000771,9.95000000000346,-338.12448797773,-14.7400772588447,7.75556649433207,-154.933236861159,78.07175,78.0701,61487,"2026_06_04_0085","2026_06_04_0085_ev01343_rec3","no",505362
1344,3,78.1141,-336.071603045964,-358.004059319412,-21.9324562734485,5.30000000000541,15.749999999997,15.500000000003,-320.774934196006,-33.1189646339891,44.7038464540157,-402.118746671988,78.1113,78.106,62282,"2026_06_04_0085","2026_06_04_0085_ev01344_rec3","no",505363
1345,3,78.17895,-363.349561099693,-374.990658491371,-11.6410973916776,0.200000000006639,4.24999999999898,4.05000000000655,-358.42515238254,-23.9317688669048,4.22748740072732,30.030662998775,78.1777,78.1775,63579,"2026_06_04_0085","2026_06_04_0085_ev01345_rec3","no",505364
1346,3,78.2073,-359.312203641325,-378.890169951442,-19.577966310118,1.14999999999554,4.10000000000821,3.74999999999659,-329.862654718124,-46.2910936021643,16.0882007691705,226.887812714042,78.2068,78.20535,64146,"2026_06_04_0085","2026_06_04_0085_ev01346_rec3","no",505365
1347,3,78.2582,-349.83319008858,-367.787092001839,-17.9539019132588,1.20000000001141,32.1500000000015,30.0000000000011,-37361.9789772561,37011.5031603762,312978.472468272,-100.27839883605,78.2574,78.2559,65164,"2026_06_04_0085","2026_06_04_0085_ev01347_rec3","no",505366
1348,3,78.2955,-354.473870638053,-367.128182600072,-12.6543119620188,0.149999999990769,2.70000000000437,1.89999999999202,-343.914773307588,-25.9947403543338,3.56171791683357,208.421387324899,78.294,78.29345,65910,"2026_06_04_0085","2026_06_04_0085_ev01348_rec3","no",505367
1349,3,78.3354,-350.742923717498,-382.928136870873,-32.1852131533751,4.54999999999472,7.64999999999816,6.79999999999836,-347.510870966018,-37.323125853883,7.53282540907528,-298.167232567353,78.33375,78.32895,66708,"2026_06_04_0085","2026_06_04_0085_ev01349_rec3","no",505368
1350,3,78.3655,-350.461079778237,-353.742517877479,-3.28143809924291,0,23.4999999999985,21.5500000000048,-32902.2504564458,32555.2033062366,151489.800358184,3.90652738081175,78.3655,78.3652,67310,"2026_06_04_0085","2026_06_04_0085_ev01350_rec3","no",505369
1351,3,78.38705,-351.13069331041,-361.12219560487,-9.99150229445991,1.09999999999388,31.8500000000057,30.0000000000011,-356.840625191009,-5.26938047211676,1.13293857618955,-197.012289716296,78.3865,78.3851,67741,"2026_06_04_0085","2026_06_04_0085_ev01351_rec3","no",505370
1352,3,78.4114,-337.640932847598,-386.50758693803,-48.8666540904325,2.3000000000053,13.9499999999941,15.1000000000039,-340.275341632161,-47.8847645635203,13.3351613193361,-809.828665920597,78.40965,78.4072,68228,"2026_06_04_0085","2026_06_04_0085_ev01352_rec3","no",505371
1353,3,78.4551,-355.171094123254,-373.673681443722,-18.502587320468,1.1999999999972,3.99999999999068,4.04999999999234,-333.548128676672,-42.549463719382,10.0649662376064,220.832510322876,78.45495,78.45235,69102,"2026_06_04_0085","2026_06_04_0085_ev01353_rec3","no",505372
1354,3,78.5197,-362.907674297942,-411.470743514487,-48.5630692165446,1.75000000000125,8.95000000001289,9.50000000000273,-363.232111336771,-58.4196783368665,7.9191763949567,-562.32128557374,78.5184,78.51635,70394,"2026_06_04_0085","2026_06_04_0085_ev01354_rec3","no",505373
1355,3,78.56945,-358.018651471329,-407.764326515025,-49.7456750436957,8.20000000000221,11.6000000000014,6.3999999999993,-360.519142862437,-51.9549202791284,5.39272759718578,-633.789568285826,78.5681,78.5592,71389,"2026_06_04_0085","2026_06_04_0085_ev01355_rec3","no",505374
1356,3,78.59195,-354.631179211974,-368.892215537163,-14.2610363251891,0.650000000007367,5.94999999999857,4.64999999999804,-351.608813749558,-25.248514656372,4.16805810232544,-46.4095849701749,78.59035,78.5897,71839,"2026_06_04_0085","2026_06_04_0085_ev01356_rec3","no",505375
1357,3,78.6222,-356.88119843656,-367.814474432668,-10.9332759961076,0.800000000012346,5.20000000000209,5.79999999999359,-210.913906118985,-156.567318896219,135.226661166997,148.994469968375,78.62175,78.62045,72444,"2026_06_04_0085","2026_06_04_0085_ev01357_rec3","no",505376
1358,3,78.65955,-350.097348989103,-358.698901048395,-8.60155205929254,0.349999999997408,33.1000000000046,30.0000000000011,-94263.8129894516,93917.5431965232,491694.398334171,5.01920063948397,78.65695,78.65635,73191,"2026_06_04_0085","2026_06_04_0085_ev01358_rec3","no",505377
1359,3,78.7183,-343.853519459925,-368.123272893436,-24.2697534335107,4.45000000000562,18.250000000009,15.8500000000004,399262.850541044,-399633.305082795,359510.492076357,-375.564921645116,78.71765,78.7121,74366,"2026_06_04_0085","2026_06_04_0085_ev01359_rec3","no",505378
1360,3,78.7566,-338.726270694009,-352.251152932371,-13.5248822383621,0.950000000003115,21.8500000000006,22.3999999999904,235463.508323916,-235816.585968196,565158.63825622,-307.720810283804,78.7531,78.752,75132,"2026_06_04_0085","2026_06_04_0085_ev01360_rec3","no",505379
1361,3,78.8089,-345.620328842011,-382.27972761632,-36.6593987743094,1.1999999999972,8.54999999999961,8.94999999999868,-330.353050347507,-50.7204735520969,15.8628633020055,-292.938506942177,78.8074,78.80615,76178,"2026_06_04_0085","2026_06_04_0085_ev01361_rec3","no",505380
1362,3,78.8745,-347.337308527208,-392.154516515449,-44.8172079882413,1.54999999999461,9.20000000000698,10.1000000000084,-326.424154138212,-65.0741458671977,18.2999753496184,-393.891526138175,78.8741,78.8725,77490,"2026_06_04_0085","2026_06_04_0085_ev01362_rec3","no",505381
1363,3,78.90655,-342.784999519015,-378.402330739246,-35.6173312202309,1.75000000000125,4.99999999999545,30.0000000000011,-356.436713080373,-20.6633844585555,2.46325607231121,-505.743114396427,78.9064,78.9046,78131,"2026_06_04_0085","2026_06_04_0085_ev01363_rec3","no",505382
1364,3,78.9339,-343.210046708502,-369.324505650435,-26.1144589419325,2.24999999998943,17.4999999999983,18.5500000000047,-320.152227499011,-54.3722240903323,36.4803132632483,-497.172706736492,78.93305,78.9297,78678,"2026_06_04_0085","2026_06_04_0085_ev01364_rec3","no",505383
1365,3,78.9868,-345.139969792752,-349.731526895504,-4.59155710275178,0.399999999999068,6.00000000000023,3.95000000000323,-344.813962053902,-13.5922073244944,2.07909562767069,-49.7921982468513,78.98445,78.9828,79736,"2026_06_04_0085","2026_06_04_0085_ev01365_rec3","no",505384
1366,3,79.06495,-334.15573038512,-338.053907988732,-3.89817760361268,0.10000000000332,8.75000000000625,8.65000000000293,-2192900.15400028,2192630.69953876,286396.210564979,-1502.71977418039,79.06495,79.06465,81299,"2026_06_04_0085","2026_06_04_0085_ev01366_rec3","no",505385
1367,3,79.0915,-342.710888346186,-542.540004004479,-199.829115658292,2.94999999999845,21.6000000000065,21.7999999999989,950090.07508533,-950647.710343822,147080.951962555,-4269.84413991888,79.0893,79.0861,81830,"2026_06_04_0085","2026_06_04_0085_ev01367_rec3","no",505386
1368,3,79.1453,-357.589211867068,-361.136898280301,-3.54768641323369,0.150000000004979,2.54999999999939,1.59999999999627,-352.034686548557,-14.1385435126596,2.18510141940305,126.818592033261,79.14465,79.14385,82906,"2026_06_04_0085","2026_06_04_0085_ev01368_rec3","no",505387
1369,3,79.1637,-354.141763696504,-363.438003652186,-9.29623995568255,0.499999999988177,0.0500000000016598,0,-316.454394928643,-39.7804874974139,55.8376585655413,201.598874068325,79.16335,79.16275,83274,"2026_06_04_0085","2026_06_04_0085_ev01369_rec3","no",505388
1370,3,79.2023,-339.214013320332,-368.833093935782,-29.6190806154497,6.60000000000593,18.1500000000057,18.3999999999997,132284.506187381,-132653.914963339,126849.12397475,-589.85439615229,79.2013,79.19435,84046,"2026_06_04_0085","2026_06_04_0085_ev01370_rec3","no",505389
1371,3,79.2528,-347.075304658999,-380.665571991681,-33.5902673326822,3.80000000001246,9.69999999999516,10.6000000000108,-284.425905681631,-93.1915501796696,48.9600024458795,-266.578576722575,79.25275,79.24865,85056,"2026_06_04_0085","2026_06_04_0085_ev01371_rec3","no",505390
1372,3,79.30055,-336.47494495913,-378.777744815751,-42.3027998566209,9.95000000000346,15.3999999999996,16.5499999999952,-347.519512692661,-27.6422061990419,9.22784928054528,-782.093267885115,79.3005,79.28995,86011,"2026_06_04_0085","2026_06_04_0085_ev01372_rec3","no",505391
1373,3,79.3563,-341.74568570147,-350.388832291869,-8.64314659039883,3.10000000000343,34.8000000000042,30.0000000000011,-348.988521852821,-4.90582222273086,3.87660415763174,-302.959820137968,79.3558,79.34915,87126,"2026_06_04_0085","2026_06_04_0085_ev01373_rec3","no",505392
1374,3,79.37615,-342.166678735952,-352.194218525825,-10.0275397898732,1.44999999999129,8.89999999999702,6.60000000000593,-619544.617322906,619207.125962859,489087.001454123,-461.336041348682,79.3753,79.37315,87523,"2026_06_04_0085","2026_06_04_0085_ev01374_rec3","no",505393
1375,3,79.40725,-353.460736331283,-405.613504190644,-52.152767859361,3.59999999999161,9.85000000000014,7.3499999999882,-367.877705670692,-51.4556543759288,3.12094414887361,-843.56837993341,79.4048,79.40055,88145,"2026_06_04_0085","2026_06_04_0085_ev01375_rec3","no",505394
1376,3,79.42955,-370.857334264195,-392.028304102363,-21.1709698381678,0.650000000007367,2.80000000000769,2.24999999998943,-332.959686851389,-56.0959545040397,10.9936782942795,533.419460804078,79.42825,79.4275,88591,"2026_06_04_0085","2026_06_04_0085_ev01376_rec3","no",505395
1377,3,79.474,-342.787997132327,-352.015471851187,-9.2274747188597,0.349999999997408,16.4499999999919,14.1500000000008,-370254.757842789,369916.23664235,680418.338697866,-117.9272270022,79.47385,79.47335,89480,"2026_06_04_0085","2026_06_04_0085_ev01377_rec3","no",505396
1378,3,79.50485,-351.411391612508,-365.214245056036,-13.802853443528,2.00000000000955,3.60000000000582,1.14999999999554,-342.515361060588,-20.9889796868834,2.836549998219,160.946043697135,79.5005,79.4983,90097,"2026_06_04_0085","2026_06_04_0085_ev01378_rec3","no",505397
1379,3,79.5827,-339.661632530545,-343.530461726756,-3.86882919621144,0.10000000000332,30.0500000000028,30.0000000000011,-20792.5473495521,20456.5801617391,193875.490990276,62.6553315442732,79.5826,79.5824,91654,"2026_06_04_0085","2026_06_04_0085_ev01379_rec3","no",505398
1380,3,79.6161,-337.654456969055,-357.855048594798,-20.2005916257435,1.34999999998797,4.6999999999997,0,-151952.355804376,151606.089621937,321069.496689086,-499.526538456848,79.6158,79.6144,92322,"2026_06_04_0085","2026_06_04_0085_ev01380_rec3","no",505399
1381,3,79.65405,-357.912799709158,-403.999012422037,-46.0862127128781,2.15000000000032,20.0000000000102,24.249999999995,741.564731523881,-1137.7226768264,1289.39934737185,-855.582127433116,79.65305,79.65075,93081,"2026_06_04_0085","2026_06_04_0085_ev01381_rec3","no",505400
1382,3,79.6923,-366.293802609756,-375.873617546627,-9.57981493687015,0.500000000002387,1.75000000000125,2.049999999997,-341.183145141324,-36.5201735191156,8.54745584516927,445.789693364379,79.6923,79.6918,93846,"2026_06_04_0085","2026_06_04_0085_ev01382_rec3","no",505401
1383,3,79.7468,-357.406948347168,-395.864255225719,-38.4573068785506,5.39999999999452,7.30000000000075,5.30000000000541,-352.286801830535,-37.0800601119883,8.15972075799465,-266.726383165259,79.74655,79.7389,94936,"2026_06_04_0085","2026_06_04_0085_ev01383_rec3","no",505402
1384,3,79.8058,-341.143048688786,-370.029644304975,-28.8865956161892,1.90000000000623,18.7000000000097,21.1499999999916,81194.7742978062,-81563.0540982827,104836.503495504,-535.63329978648,79.8041,79.80205,96116,"2026_06_04_0085","2026_06_04_0085_ev01384_rec3","no",505403
1385,3,79.85685,-352.566727039014,-398.630341239101,-46.0636142000874,1.95000000000789,2.60000000000105,0,-58728.4182398946,58339.1471384738,372704.953830058,-1287.38924426313,79.8554,79.85295,97137,"2026_06_04_0085","2026_06_04_0085_ev01385_rec3","no",505404
1386,3,79.89085,-391.553781970783,-425.551365820976,-33.9975838501937,2.49999999999773,3.60000000000582,2.89999999999679,-345.036417659857,-81.1022550220276,9.15329048557824,559.414156513925,79.8879,79.88515,97817,"2026_06_04_0085","2026_06_04_0085_ev01386_rec3","no",505405
1387,3,79.9502,-354.587130776612,-419.731639306976,-65.144508530364,12.3999999999995,17.0500000000118,8.20000000000221,-332.855549912757,-82.6089647465111,13.8928840013597,-847.366485041042,79.94985,79.9368,99004,"2026_06_04_0085","2026_06_04_0085_ev01387_rec3","no",505406
1388,3,80.02685,-362.887205367079,-378.179637272186,-15.2924319051076,1.39999999998963,3.95000000000323,4.05000000000655,-322.973529760738,-54.4906351851162,22.7887452574414,271.12963297933,80.0264,80.0248,100537,"2026_06_04_0085","2026_06_04_0085_ev01388_rec3","no",505407
1389,3,80.06735,-356.499090122864,-363.629385267111,-7.1302951442467,0.399999999999068,16.9499999999942,16.1999999999978,-789815.096880621,789478.992630622,555810.902729343,-29.8607419850351,80.06715,80.06635,101347,"2026_06_04_0085","2026_06_04_0085_ev01389_rec3","no",505408
1390,3,80.09525,-344.413758761164,-396.675609742549,-52.2618509813856,6.99999999999079,16.7000000000002,30.0000000000011,-368.146349061259,-35.0040095726186,3.59248385361267,-1096.50072402449,80.0936,80.0865,101905,"2026_06_04_0085","2026_06_04_0085_ev01390_rec3","no",505409
1391,3,80.1191,-361.82474867654,-373.714393371506,-11.8896446949657,0.450000000000728,7.15000000000998,5.79999999999359,-347.802573671702,-39.2342656085791,7.6652350647341,88.2208429664674,80.1172,80.11675,102382,"2026_06_04_0085","2026_06_04_0085_ev01391_rec3","no",505410
1392,3,80.1575,-360.6263950865,-362.960499161526,-2.33410407502618,1.35000000000218,2.09999999999866,1.85000000000457,-349.833893288538,-19.8665670036585,3.47624821797877,247.914052541384,80.1575,80.15535,103150,"2026_06_04_0085","2026_06_04_0085_ev01392_rec3","no",505411
1393,3,80.20855,-355.362003509622,-394.414784501474,-39.0527809918519,2.09999999999866,4.24999999999898,4.64999999999804,-343.080980061064,-45.6566741722462,8.67439786035007,-60.4980287980697,80.20835,80.2051,104171,"2026_06_04_0085","2026_06_04_0085_ev01393_rec3","no",505412
1394,3,80.2657,-344.529937292211,-347.317932076859,-2.78799478464794,0.149999999990769,1.25000000001307,1.55000000000882,-339.426711894843,-7.94916109890949,5.89308774925615,106.737155894942,80.2657,80.26555,105314,"2026_06_04_0085","2026_06_04_0085_ev01394_rec3","no",505413
1395,3,80.3026,-336.79594378089,-383.601076418251,-46.8051326373616,5.89999999999691,14.8999999999972,30.0000000000011,-354.128027302172,-39.462784667695,5.11359587426355,-906.64679695549,80.30145,80.29535,106052,"2026_06_04_0085","2026_06_04_0085_ev01395_rec3","no",505414
1396,3,80.33325,-355.372413246208,-401.057474998481,-45.6850617522727,1.35000000000218,7.40000000000407,8.74999999999204,-368.736925346987,-44.3169107119312,3.45765001352138,-639.496663697454,80.3323,80.33075,106665,"2026_06_04_0085","2026_06_04_0085_ev01396_rec3","no",505415
1397,3,80.358,-369.071941756598,-401.314119332992,-32.242177576394,0.550000000004047,1.69999999999959,1.69999999999959,-336.724997531306,-53.614813923059,8.93793598331789,494.98579655652,80.358,80.35715,107160,"2026_06_04_0085","2026_06_04_0085_ev01397_rec3","no",505416
1398,3,80.41865,-348.159087883524,-378.015307201514,-29.8562193179904,4.099999999994,10.6999999999999,8.94999999999868,-328.59599536528,-51.7737476403773,17.0666282766623,-316.876750491179,80.41555,80.411,108373,"2026_06_04_0085","2026_06_04_0085_ev01398_rec3","no",505417
1399,3,80.50685,-335.821943250127,-370.973280667738,-35.1513374176114,3.19999999999254,31.5999999999974,30.0000000000011,-357.905155275565,-12.4986455388333,2.87475085833848,-773.315729422255,80.5064,80.50255,110137,"2026_06_04_0085","2026_06_04_0085_ev01399_rec3","no",505418
1400,3,80.52475,-354.790910957467,-364.704322688879,-9.91341173141194,0.450000000000728,10.1499999999959,8.15000000000055,-261592.105460598,261240.262632327,321808.134536074,-299.107794934809,80.52325,80.5223,110495,"2026_06_04_0085","2026_06_04_0085_ev01400_rec3","no",505419
1401,3,80.5497,-348.512942144432,-396.08784915059,-47.5749070061586,3.45000000000084,8.40000000000884,6.64999999999338,-332.837832089282,-55.2692510860555,13.0803904400712,-317.526204891933,80.54845,80.54495,110994,"2026_06_04_0085","2026_06_04_0085_ev01401_rec3","no",505420
1402,3,80.60855,-341.564607560292,-375.484504324117,-33.9198967638253,8.49999999999795,33.4999999999894,30.0000000000011,-364.523060476958,-26.0277715486039,2.76359918258855,-1137.18787203628,80.6038,80.595,112171,"2026_06_04_0085","2026_06_04_0085_ev01402_rec3","no",505421
1403,3,80.62515,-370.581646137219,-373.875814969818,-3.29416883259933,0.300000000009959,1.54999999999461,1.30000000000052,-326.020095107179,-47.7720712088731,30.5651594261546,421.550858098401,80.62515,80.6245,112503,"2026_06_04_0085","2026_06_04_0085_ev01403_rec3","no",505422
1404,3,80.66805,-341.290986349536,-378.370465276196,-37.0794789266607,7.50000000000739,10.6999999999999,9.050000000002,-342.968450066973,-35.7926208359547,8.29542133063424,-509.540338863199,80.66745,80.65985,113361,"2026_06_04_0085","2026_06_04_0085_ev01404_rec3","no",505423
1405,3,80.72015,-344.698166273525,-361.017903682207,-16.319737408682,1.30000000000052,7.50000000000739,7.39999999998986,-326.269561457532,-30.4415610034771,33.8444280078895,-93.2333540350419,80.71815,80.71675,114403,"2026_06_04_0085","2026_06_04_0085_ev01405_rec3","no",505424
1406,3,80.7563,-345.335418894263,-360.185777274865,-14.8503583806022,0.550000000004047,18.8500000000005,12.7999999999986,-297651.349794962,297306.137509607,678475.425675528,-213.334329444746,80.75515,80.7545,115126,"2026_06_04_0085","2026_06_04_0085_ev01406_rec3","no",505425
1407,3,80.7829,-347.443760827515,-382.646508233551,-35.2027474060358,0.550000000004047,13.3500000000026,23.2500000000044,-356.922880503946,-18.8404252592042,13.9092838418131,-574.021051035048,80.7813,80.7803,115658,"2026_06_04_0085","2026_06_04_0085_ev01407_rec3","no",505426
1408,3,80.8441,-343.396044028439,-372.52409661934,-29.1280525909011,6.50000000000261,16.7000000000002,10.8000000000033,-340.968689886084,-32.5321781551507,11.9750166948436,-514.427778173393,80.8412,80.83465,116882,"2026_06_04_0085","2026_06_04_0085_ev01408_rec3","no",505427
1409,3,80.89665,-348.114015769168,-358.396689979611,-10.2826742104431,0.199999999992428,1.64999999999793,2.09999999999866,-343.969988123438,-12.8578794796926,4.33202874457589,65.7873999583868,80.89665,80.896,117933,"2026_06_04_0085","2026_06_04_0085_ev01409_rec3","no",505428
1410,3,80.93045,-346.582471536995,-372.070017663902,-25.4875461269069,1.64999999999793,7.24999999999909,7.55000000000905,-342.517818454748,-28.0552860604148,10.3385364503492,-196.417911629205,80.9298,80.92805,118609,"2026_06_04_0085","2026_06_04_0085_ev01410_rec3","no",505429
1411,3,80.97435,-346.735827365123,-393.781796150581,-47.0459687854573,2.89999999999679,9.10000000000366,11.0499999999973,-359.773793735551,-37.5369602993714,5.13578700188958,-700.628046563236,80.9731,80.97,119487,"2026_06_04_0085","2026_06_04_0085_ev01411_rec3","no",505430
1412,3,81.0153,-374.592869682518,-384.005583399251,-9.41271371673338,0.400000000013279,3.00000000000011,3.34999999999752,-320.112209032348,-65.8356364027669,26.4035263938387,447.86300048544,81.0143,81.0129,120306,"2026_06_04_0085","2026_06_04_0085_ev01412_rec3","no",505431
1413,3,81.0512,-352.700536859732,-370.389879714386,-17.6893428546536,1.24999999999886,5.74999999999193,4.80000000000302,-341.888398778529,-32.9114577692481,7.53392326130341,40.9111253155073,81.0495,81.0481,121024,"2026_06_04_0085","2026_06_04_0085_ev01413_rec3","no",505432
1414,3,81.10385,-353.120316269823,-371.770258268922,-18.6499419990997,2.60000000000105,3.15000000000509,30.0000000000011,-360.624462295122,-2.23486005816485,4.02485167830921,-281.674755363031,81.10355,81.10095,122077,"2026_06_04_0085","2026_06_04_0085_ev01414_rec3","no",505433
1415,3,81.1337,-346.188427879535,-389.336897083459,-43.1484692039243,7.49999999999318,11.6000000000014,8.84999999999536,-338.073937152092,-45.3320466080119,13.9903523340009,-499.774878656109,81.13335,81.1256,122674,"2026_06_04_0085","2026_06_04_0085_ev01415_rec3","no",505434
1416,3,81.17005,-348.464095972644,-373.06459241556,-24.6004964429156,1.64999999999793,11.8999999999971,13.2499999999993,117429.580680202,-117802.925517332,98941.0145372192,-253.390717507102,81.16975,81.16785,123401,"2026_06_04_0085","2026_06_04_0085_ev01416_rec3","no",505435
1417,3,81.3016,-351.476679093478,-362.030995480224,-10.5543163867469,0.049999999987449,0.0999999999891088,0.800000000012346,-341.039323957888,-15.5326542616861,10.0974333255039,163.833343241857,81.3016,81.30145,126032,"2026_06_04_0085","2026_06_04_0085_ev01417_rec3","no",505436
1418,3,81.34795,-340.143049577258,-381.333818826301,-41.1907692490428,2.79999999999347,18.3999999999997,20.3500000000076,-353.748732421704,-41.5249337836016,6.28511538140669,-1007.59325012121,81.33755,81.3341,126959,"2026_06_04_0085","2026_06_04_0085_ev01418_rec3","no",505437
1419,3,81.37305,-342.892026517834,-357.066936455707,-14.1749099378723,0.849999999999795,14.9499999999989,15.2500000000089,-335.784020429126,-33.4721414084761,15.3175913046682,-266.326921312958,81.372,81.37115,127461,"2026_06_04_0085","2026_06_04_0085_ev01419_rec3","no",505438
1420,3,81.42095,-352.644018893213,-387.091376371385,-34.4473574781713,3.79999999999825,30.5000000000035,18.3499999999981,-285388.753163075,285032.502718767,572281.527738399,-408.964133067924,81.41985,81.41525,128419,"2026_06_04_0085","2026_06_04_0085_ev01420_rec3","no",505439
1421,3,81.44895,-369.438703564378,-384.7304568716,-15.2917533072219,0.199999999992428,30.1000000000045,28.5999999999973,-176626.088924465,176265.500188109,347765.761332667,28.8351005129116,81.448,81.44735,128979,"2026_06_04_0085","2026_06_04_0085_ev01421_rec3","no",505440
1422,3,81.4826,-371.185582726815,-393.053746311047,-21.8681635842323,1.80000000000291,6.15000000000521,2.69999999999015,-360.822311853873,-30.9067222030494,5.27360997920627,83.7909821959808,81.48,81.47685,129652,"2026_06_04_0085","2026_06_04_0085_ev01422_rec3","no",505441
1423,3,81.61305,-344.317925496716,-372.047553233042,-27.7296277363253,2.09999999999866,8.29999999999131,9.00000000000034,-346.306263072086,-32.0409934730626,6.63871703256335,-315.590050399791,81.61295,81.61085,132261,"2026_06_04_0085","2026_06_04_0085_ev01423_rec3","no",505442
1424,3,81.65115,-347.31463480336,-391.422314126102,-44.1076793227429,7.74999999998727,13.850000000005,10.3500000000025,-323.485539684437,-63.422114752384,22.6211557696959,-554.696016091822,81.65005,81.6421,133023,"2026_06_04_0085","2026_06_04_0085_ev01424_rec3","no",505443
1425,3,81.71515,-340.025103379994,-374.500864976144,-34.4757615961495,2.049999999997,16.5500000000094,30.0000000000011,-355.708765652505,-26.4540147489116,4.80299677444876,-683.573056346646,81.7136,81.7114,134303,"2026_06_04_0085","2026_06_04_0085_ev01425_rec3","no",505444
1426,3,81.80025,-354.390661425193,-358.907230170408,-4.51656874521456,0.399999999999068,0.899999999987244,0.649999999993156,-346.583593243914,-11.4949127952905,3.29842720912081,195.201779294622,81.80025,81.7995,136005,"2026_06_04_0085","2026_06_04_0085_ev01426_rec3","no",505445
1427,3,81.85565,-351.316822224453,-374.020983093165,-22.7041608687128,2.15000000000032,5.44999999999618,6.00000000000023,-338.634838327895,-33.7843199810253,12.7388090754616,-32.7071349425224,81.8556,81.8534,137113,"2026_06_04_0085","2026_06_04_0085_ev01427_rec3","no",505446
1428,3,81.8961,-353.753713376653,-355.795440479706,-2.04172710305266,0.300000000009959,30.3499999999985,30.0000000000011,-95486.1905198415,95141.6056235167,848191.29663515,223.806578725211,81.8961,81.8952,137922,"2026_06_04_0085","2026_06_04_0085_ev01428_rec3","no",505447
1429,3,81.9297,-346.840935705328,-385.438093383929,-38.5971576786005,4.99999999999545,10.2500000000134,9.00000000000034,-348.953584825421,-47.0012924987028,6.67459951221253,-524.385096056211,81.92805,81.9228,138594,"2026_06_04_0085","2026_06_04_0085_ev01429_rec3","no",505448
1430,3,81.95515,-343.989959327462,-354.309944509621,-10.3199851821591,2.65000000000271,7.19999999999743,5.2999999999912,-344.434895325119,-14.8408635951607,3.57998412170416,-110.252377372722,81.9543,81.9514,139103,"2026_06_04_0085","2026_06_04_0085_ev01430_rec3","no",505449
1431,3,81.97535,-340.606112568403,-342.806232656949,-2.20012008854604,0.849999999999795,9.44999999998686,9.59999999999184,-337.435776275069,-13.1582789916539,8.01750240964857,-35.4003591431522,81.97235,81.97105,139507,"2026_06_04_0085","2026_06_04_0085_ev01431_rec3","no",505450
1432,3,82.0382,-351.704709894804,-365.388150595316,-13.6834407005118,1.14999999999554,3.29999999999586,3.19999999999254,-338.670623759816,-26.6797310705976,8.22716498480764,163.530154036649,82.038,82.03675,140764,"2026_06_04_0085","2026_06_04_0085_ev01432_rec3","no",505451
1433,3,82.12835,-366.792888166871,-392.793721221389,-26.0008330545176,4.84999999999047,8.25000000000387,5.44999999999618,-354.273463366208,-42.8832491840726,8.24156371627987,-60.9303900478041,82.12705,82.1222,142567,"2026_06_04_0085","2026_06_04_0085_ev01433_rec3","no",505452
1434,3,82.1596,-362.758027997679,-369.004999990984,-6.24697199330507,0.0999999999891088,0.799999999998136,0.849999999999795,-344.938601969423,-24.565194559421,4.14646826731842,429.682401679116,82.1591,82.15875,143192,"2026_06_04_0085","2026_06_04_0085_ev01434_rec3","no",505453
1435,3,82.19945,-355.781506659229,-363.06312067422,-7.28161401499045,1.29999999998631,0.249999999994088,0,-338.584861295034,-18.2366481849935,9.46780162905302,348.224054857986,82.19925,82.19775,143989,"2026_06_04_0085","2026_06_04_0085_ev01435_rec3","no",505454
1436,3,82.2406,-342.391786929947,-373.195970305146,-30.8041833751996,2.54999999999939,31.1499999999967,30.0000000000011,-358.486316209946,-8.20382835769084,1.79396953197213,-546.445137667189,82.24055,82.23755,144812,"2026_06_04_0085","2026_06_04_0085_ev01436_rec3","no",505455
1437,3,82.27615,-366.072854534239,-371.340988177827,-5.2681336435881,0.199999999992428,19.5000000000078,18.8500000000005,-407166.855721426,406822.238740093,327940.883443565,81.4167468366572,82.27595,82.2752,145523,"2026_06_04_0085","2026_06_04_0085_ev01437_rec3","no",505456
1438,3,82.30775,-346.56478616367,-441.653924619081,-95.0891384554113,6.79999999999836,20.4499999999967,18.6999999999955,-305.853584386353,-146.836506764916,28.3397567697792,-2013.62486897239,82.30635,82.2995,146155,"2026_06_04_0085","2026_06_04_0085_ev01438_rec3","no",505457
1439,3,82.392,-338.865133950544,-377.055003431336,-38.1898694807919,3.09999999998922,8.39999999999463,9.10000000000366,-340.806870104375,-37.7254245919642,8.04262159779402,-463.247592272833,82.39065,82.38745,147840,"2026_06_04_0085","2026_06_04_0085_ev01439_rec3","no",505458
1440,3,82.42535,-340.020995682129,-369.143552529831,-29.1225568477021,2.049999999997,9.19999999999277,11.7000000000047,-348.374364566508,-17.2976439288029,5.94439480307563,-436.392340018175,82.42345,82.4214,148507,"2026_06_04_0085","2026_06_04_0085_ev01440_rec3","no",505459
1441,3,82.4544,-348.914697302451,-367.807086826946,-18.8923895244955,0.900000000001455,1.99999999999534,2.94999999999845,-343.52559173029,-20.8645851707447,5.66226630837797,33.0344621330244,82.45415,82.45315,149088,"2026_06_04_0085","2026_06_04_0085_ev01441_rec3","no",505460
1442,3,82.4985,-342.654043289212,-367.542449799858,-24.8884065106457,1.69999999999959,10.1000000000084,7.20000000001164,-339.687055471763,-27.5098159235725,8.80955032922129,-235.549531890961,82.49535,82.49295,149970,"2026_06_04_0085","2026_06_04_0085_ev01442_rec3","no",505461
1443,3,82.5446,-341.488095633572,-373.216965909281,-31.7288702757083,4.24999999999898,8.60000000000127,7.64999999999816,-344.192557502492,-26.0272122157196,7.22652934503376,-434.896176198968,82.54035,82.53535,150892,"2026_06_04_0085","2026_06_04_0085_ev01443_rec3","no",505462
1444,3,82.58195,-350.764326510462,-361.359297136759,-10.5949706262975,0.0500000000016598,12.5000000000028,10.1500000000101,-1009240.94559575,1008894.66498819,1220376.51614568,-240.527614951824,82.58145,82.5811,151639,"2026_06_04_0085","2026_06_04_0085_ev01444_rec3","no",505463
1445,3,82.6132,-347.32848199985,-396.584444238523,-49.2559622386731,7.5999999999965,14.2999999999915,11.950000000013,-348.571375939068,-53.0954198754528,10.501897738283,-871.160378784518,82.6115,82.60265,152264,"2026_06_04_0085","2026_06_04_0085_ev01445_rec3","no",505464
1446,3,82.6744,-349.680730482929,-393.541075776903,-43.8603452939734,2.54999999999939,8.04999999999723,5.74999999999193,-358.126780763529,-36.6085000687802,3.72400260938403,-547.533950163527,82.67215,82.6696,153488,"2026_06_04_0085","2026_06_04_0085_ev01446_rec3","no",505465
1447,3,82.70705,-366.643241379697,-378.788482840658,-12.1452414609607,0.900000000001455,4.75000000000136,3.39999999999918,-333.948449209321,-44.8222582275799,18.3001873814911,302.931684744418,82.70605,82.70445,154141,"2026_06_04_0085","2026_06_04_0085_ev01447_rec3","no",505466
1448,3,82.76345,-343.266865502789,-387.834257943034,-44.5673924402443,4.04999999999234,10.1000000000084,9.19999999999277,-356.466638153985,-40.8996602661656,3.65784348326908,-712.115883949786,82.76235,82.75795,155269,"2026_06_04_0085","2026_06_04_0085_ev01448_rec3","no",505467
1449,3,82.80625,-343.721884344383,-410.74576453392,-67.023880189537,17.7499999999924,19.1999999999979,8.19999999998799,-339.210682123945,-66.9954741983517,9.93111469887463,-1314.58259774896,82.8051,82.7857,156125,"2026_06_04_0085","2026_06_04_0085_ev01449_rec3","no",505468
1450,3,82.8516,-353.204708660937,-406.01342889562,-52.8087202346834,2.50000000001194,8.50000000001216,8.54999999999961,-344.461583601141,-58.6168411505548,11.7206487466816,-505.549016348119,82.85075,82.8481,157032,"2026_06_04_0085","2026_06_04_0085_ev01450_rec3","no",505469
1451,3,82.9184,-361.580063910961,-380.720169368167,-19.1401054572061,0.700000000009027,8.39999999999463,6.64999999999338,-343.08403562158,-45.4119546605618,11.5876065523223,8.08246437465479,82.91615,82.91535,158368,"2026_06_04_0085","2026_06_04_0085_ev01451_rec3","no",505470
1452,3,82.98755,-339.426609568348,-363.959332429502,-24.5327228611545,2.15000000000032,34.2500000000001,30.0000000000011,-355.133444029455,-11.7594388264825,3.13877870439959,-587.549065818577,82.98565,82.983,159751,"2026_06_04_0085","2026_06_04_0085_ev01452_rec3","no",505471
1453,3,83.0322,-349.879367651058,-372.419146717054,-22.5397790659954,1.59999999999627,6.64999999999338,6.79999999999836,-347.549833703185,-24.9759981705764,7.96682424288204,-154.820393097451,83.0321,83.02995,160644,"2026_06_04_0085","2026_06_04_0085_ev01453_rec3","no",505472
1454,3,83.08455,-351.285647584754,-374.726620231365,-23.4409726466105,2.69999999999015,9.34999999999775,8.25000000000387,-332.216212187999,-42.7629656507432,19.0412961720746,-131.962211973176,83.0842,83.08125,161691,"2026_06_04_0085","2026_06_04_0085_ev01454_rec3","no",505473
1455,3,83.116,-350.161730910912,-353.092892910353,-2.93116199944114,0.849999999999795,1.00000000000477,0,-339.180672957681,-10.0929834605801,9.36948930992509,239.541503374914,83.116,83.11495,162320,"2026_06_04_0085","2026_06_04_0085_ev01455_rec3","no",505474
1456,3,83.1639,-347.834217920261,-364.85580205135,-17.0215841310889,0.400000000013279,9.20000000000698,9.79999999999848,-347.752012966024,-20.8836587581616,8.28071449809493,-193.889311347673,83.16285,83.16195,163278,"2026_06_04_0085","2026_06_04_0085_ev01456_rec3","no",505475
1457,3,83.22085,-350.835548660656,-358.130573072584,-7.29502441192761,0.899999999987244,2.50000000001194,2.65000000000271,-348.309261237232,-17.8578122060001,2.14480047914675,27.795291609252,83.2202,83.2193,164417,"2026_06_04_0085","2026_06_04_0085_ev01457_rec3","no",505476
1458,3,83.24595,-338.124710351459,-356.385877816514,-18.2611674650552,0.849999999999795,10.9999999999957,9.70000000000937,-339.45572455478,-23.4661781325297,6.62212050378373,-282.974048641507,83.24265,83.2416,164919,"2026_06_04_0085","2026_06_04_0085_ev01458_rec3","no",505477
1459,3,83.3004,-341.384083782514,-349.720321841782,-8.33623805926788,0.649999999993156,7.75000000000148,9.65000000000771,-342.06204863881,-9.49970002467255,7.01707059394243,-121.934262220996,83.29745,83.2967,166008,"2026_06_04_0085","2026_06_04_0085_ev01459_rec3","no",505478
1460,3,83.3317,-337.910987194503,-360.671427682763,-22.7604404882592,1.59999999999627,14.8499999999956,18.6000000000064,-341.870089830262,-21.2079801892838,11.9343770220093,-402.964441291241,83.3308,83.329,166634,"2026_06_04_0085","2026_06_04_0085_ev01460_rec3","no",505479
1461,3,83.42585,-353.153594877891,-368.651232574121,-15.4976376962301,3.39999999999918,7.24999999999909,5.94999999999857,-355.241303826293,-23.9872950575617,3.15125888397359,-192.269915051638,83.42505,83.4211,168517,"2026_06_04_0085","2026_06_04_0085_ev01461_rec3","no",505480
1462,3,83.44565,-342.097036954406,-370.426196309508,-28.3291593551024,0.999999999990564,11.9499999999988,14.6000000000015,-280.550739944674,-86.5193044232638,79.6363579265313,-351.35495067754,83.44495,83.44385,168913,"2026_06_04_0085","2026_06_04_0085_ev01462_rec3","no",505481
1463,3,83.5047,-336.77977485775,-387.679071400766,-50.8992965430155,1.54999999999461,10.9000000000066,11.650000000003,-338.890313196478,-51.5437635859846,10.3297556386135,-702.400937387691,83.50295,83.5007,170094,"2026_06_04_0085","2026_06_04_0085_ev01463_rec3","no",505482
1464,3,83.54815,-344.857356064292,-366.157803228397,-21.300447164105,1.94999999999368,2.15000000000032,0,-154000.455130499,153643.59276047,457735.875335212,-564.213602039896,83.54745,83.5455,170963,"2026_06_04_0085","2026_06_04_0085_ev01464_rec3","no",505483
1465,3,83.57185,-353.206221055644,-368.97965869106,-15.7734376354154,1.40000000000384,9.9000000000018,5.20000000000209,-349.675664549173,-29.0386500410291,4.57682707227103,-122.68148234978,83.5667,83.565,171437,"2026_06_04_0085","2026_06_04_0085_ev01465_rec3","no",505484
1466,3,83.5938,-356.033643200483,-359.959690563054,-3.92604736257124,0.0500000000016598,0.900000000001455,0.699999999994816,-338.810518679771,-20.026417108933,10.2297232612693,322.456250637539,83.59375,83.59335,171876,"2026_06_04_0085","2026_06_04_0085_ev01466_rec3","no",505485
1467,3,83.65645,-349.021997761763,-373.268476577753,-24.2464788159901,1.24999999999886,3.95000000000323,4.30000000000064,-348.778248864439,-22.417815535483,4.84522023819464,-119.697598065964,83.65635,83.65485,173129,"2026_06_04_0085","2026_06_04_0085_ev01467_rec3","no",505486
1468,3,83.71875,-348.266349497355,-359.933447003942,-11.6670975065873,0.450000000000728,24.1500000000059,19.999999999996,-152711.43213275,152366.544369424,395647.260956943,-74.7640823645533,83.7187,83.71795,174375,"2026_06_04_0085","2026_06_04_0085_ev01468_rec3","no",505487
1469,3,83.74175,-351.909962808456,-363.804745110339,-11.8947823018829,0.10000000000332,4.80000000000302,4.90000000000634,-328.685360108259,-33.2662141286603,26.4940639814818,75.587093659153,83.73935,83.73895,174835,"2026_06_04_0085","2026_06_04_0085_ev01469_rec3","no",505488
1470,3,83.8059,-334.242192204091,-373.277073144238,-39.0348809401463,3.34999999999752,10.4999999999933,13.6500000000126,-347.1427815654,-29.2684477917407,4.64182951590643,-629.119838093484,83.8048,83.8011,176118,"2026_06_04_0085","2026_06_04_0085_ev01470_rec3","no",505489
1471,3,83.83385,-349.722998827862,-355.234493815814,-5.51149498795149,0.0500000000016598,8.35000000000719,8.09999999999889,-1842265.17115426,1841944.81202573,476148.049033338,-860.799346470964,83.83385,83.83345,176677,"2026_06_04_0085","2026_06_04_0085_ev01471_rec3","no",505490
1472,3,83.85745,-348.024278896933,-447.343017985213,-99.3187390882797,3.39999999999918,12.3999999999853,10.549999999995,-328.491620931295,-127.51091721822,12.916714911043,-1326.096799168,83.85515,83.8514,177149,"2026_06_04_0085","2026_06_04_0085_ev01472_rec3","no",505491
1473,3,83.92325,-345.04693629305,-395.284068200436,-50.2371319073852,4.3500000000023,33.6499999999944,30.0000000000011,-372.537583822683,-25.9662461728388,2.15494969229356,-1065.27716684123,83.923,83.91735,178465,"2026_06_04_0085","2026_06_04_0085_ev01473_rec3","no",505492
1474,3,83.93985,-362.992175051865,-389.472848587799,-26.4806735359342,1.00000000000477,8.80000000000791,10.2500000000134,-64.6762197805385,-321.793056569365,236.176841400209,-160.724824338344,83.93855,83.9375,178797,"2026_06_04_0085","2026_06_04_0085_ev01474_rec3","no",505493
1475,3,84.03205,-341.534911279375,-363.096488484696,-21.5615772053209,1.1999999999972,5.85000000000946,4.6999999999997,-342.183132497063,-19.1573559465478,4.89030477918609,-156.840451372632,84.03145,84.02845,180641,"2026_06_04_0085","2026_06_04_0085_ev01475_rec3","no",505494
1476,3,84.06495,-345.784808484265,-352.632925486684,-6.84811700241943,0.0500000000016598,30.0500000000028,30.0000000000011,-374217.891449929,373877.85417709,1732812.12133473,75.0780049900863,84.06495,84.0648,181299,"2026_06_04_0085","2026_06_04_0085_ev01476_rec3","no",505495
1477,3,84.1061,-346.010691388134,-388.856496526781,-42.8458051386469,2.79999999999347,11.099999999999,12.9500000000036,-354.328116827645,-34.3119793344881,8.55279072105669,-650.924351999453,84.10515,84.10205,182122,"2026_06_04_0085","2026_06_04_0085_ev01477_rec3","no",505496
1478,3,84.1626,-352.579565764649,-363.525460915712,-10.9458951510626,1.30000000000052,11.3499999999931,11.7500000000064,2543.96988577513,-2911.8052511765,3041.22570373963,-53.7625646615943,84.16185,84.1604,183252,"2026_06_04_0085","2026_06_04_0085_ev01478_rec3","no",505497
1479,3,84.201,-345.999914695017,-375.36824515668,-29.3683304616628,5.60000000000116,8.94999999999868,9.25000000000864,-350.108947444464,-25.6251596552541,6.95399668299575,-416.065902599473,84.2008,84.1952,184020,"2026_06_04_0085","2026_06_04_0085_ev01479_rec3","no",505498
1480,3,84.25645,-358.466520940075,-363.561901497182,-5.09538055710686,0.949999999988904,7.24999999999909,5.04999999999711,44862.4016798249,-45225.0112999272,101263.048488538,53.6293680886812,84.2553,84.2521,185129,"2026_06_04_0085","2026_06_04_0085_ev01480_rec3","no",505499
1481,3,84.2913,-344.792499689764,-368.68996739067,-23.8974677009058,1.94999999999368,14.7000000000048,15.500000000003,312409.30029715,-312776.526337279,356333.529550958,-352.512197178849,84.28975,84.28765,185826,"2026_06_04_0085","2026_06_04_0085_ev01481_rec3","no",505500
1482,3,84.34005,-353.676625605411,-369.627591832128,-15.9509662267163,0.399999999999068,4.04999999999234,3.99999999999068,-347.861796194311,-26.0950754813234,4.98778257688567,34.8321431033123,84.3393,84.3389,186801,"2026_06_04_0085","2026_06_04_0085_ev01482_rec3","no",505501
1483,3,84.4015,-359.598573971487,-371.382486842312,-11.7839128708248,0.0500000000016598,2.74999999999181,2.049999999997,-353.883056755961,-20.24287958736,2.91347759211026,93.9428983083924,84.4005,84.39955,188030,"2026_06_04_0085","2026_06_04_0085_ev01483_rec3","no",505502
1484,3,84.41975,-346.240151185574,-367.698860111872,-21.458708926298,0.900000000001455,4.89999999999213,5.75000000000614,-352.348787275914,-19.6710375002565,2.42711767527192,-259.093072039879,84.4191,84.418,188395,"2026_06_04_0085","2026_06_04_0085_ev01484_rec3","no",505503
1485,3,84.45425,-340.791625350592,-388.242589642184,-47.4509642915914,9.45000000000107,23.6500000000035,19.7000000000003,749137.91019357,-749520.172029285,616882.006782821,-1017.59052830922,84.45315,84.44315,189085,"2026_06_04_0085","2026_06_04_0085_ev01485_rec3","no",505504
1486,3,84.51715,-354.621116682831,-361.014380939133,-6.39326425630179,1.7000000000138,3.35000000001173,3.05000000000177,95272.5386002103,-95630.7734719041,234341.558693689,45.2698713025831,84.51685,84.5131,190343,"2026_06_04_0085","2026_06_04_0085_ev01486_rec3","no",505505
1487,3,84.55875,-355.941099796553,-362.95991002933,-7.01881023277645,1.24999999999886,1.95000000000789,1.59999999999627,-329.628095717917,-31.1778619232548,21.2822271192459,281.127055917025,84.55865,84.5572,191175,"2026_06_04_0085","2026_06_04_0085_ev01487_rec3","no",505506
1488,3,84.638,-346.861172042143,-363.431399832396,-16.5702277902525,2.15000000000032,4.90000000000634,3.49999999998829,-344.987149408183,-19.2727285189829,4.00420599488574,-49.4163135795411,84.63775,84.63535,192760,"2026_06_04_0085","2026_06_04_0085_ev01488_rec3","no",505507
1489,3,84.68025,-345.104510324975,-385.559312607848,-40.4548022828728,3.29999999999586,9.79999999999848,9.34999999999775,-342.167794979743,-41.0077544041455,11.2866889941682,-444.376438554409,84.67985,84.6761,193605,"2026_06_04_0085","2026_06_04_0085_ev01489_rec3","no",505508
1490,3,84.75755,-350.013064791909,-380.808372297796,-30.7953075058869,1.24999999999886,7.94999999999391,11.800000000008,-355.861489583096,-20.9654051342004,8.88652214922709,-398.468091755677,84.7568,84.75545,195151,"2026_06_04_0085","2026_06_04_0085_ev01490_rec3","no",505509
1491,3,84.7817,-343.345333639548,-359.346652499271,-16.0013188597226,0.349999999997408,17.7000000000049,17.6000000000016,-211.432604875347,-154.830181695077,151.515988753145,-300.272966399156,84.7799,84.7791,195634,"2026_06_04_0085","2026_06_04_0085_ev01491_rec3","no",505510
1492,3,84.8405,-351.313847883962,-392.345657308824,-41.0318094248619,4.6999999999997,3.60000000000582,7.14999999999577,-354.015495906038,-23.7277457075962,11.0989336712848,-449.83834024283,84.8394,84.8323,196810,"2026_06_04_0085","2026_06_04_0085_ev01492_rec3","no",505511
1493,3,84.86355,-359.68298754664,-362.903712953216,-3.22072540657643,0.10000000000332,1.35000000000218,1.14999999999554,-338.308063653721,-24.8862258998034,11.784774541126,370.550951874927,84.86355,84.8631,197271,"2026_06_04_0085","2026_06_04_0085_ev01493_rec3","no",505512
1494,3,84.9337,-348.304021210516,-378.671914643715,-30.3678934331993,0.650000000007367,6.50000000000261,8.94999999999868,-307.143402166213,-65.0641264236589,41.3079355111138,-180.896025189144,84.9329,84.9321,198674,"2026_06_04_0085","2026_06_04_0085_ev01494_rec3","no",505513
1495,3,84.9995,-345.297342151214,-352.105671175239,-6.80832902402511,0.249999999994088,1.84999999999036,2.09999999999866,-342.294637321512,-10.4887554482542,3.2390739298398,54.5154206288498,84.99945,84.99915,199990,"2026_06_04_0085","2026_06_04_0085_ev01495_rec3","no",505514
1496,3,85.0431,-343.104740687779,-363.769500732422,-20.6647600446428,0.350000000011619,7.60000000001071,9.050000000002,-346.340113681064,-20.8942286718898,5.82964680393102,-240.820748465401,85.0421,85.04165,200862,"2026_06_04_0085","2026_06_04_0085_ev01496_rec3","no",505515
1497,3,85.0699,-340.663334437779,-358.886688232422,-18.2233537946428,1.99999999999534,11.7999999999938,30.0000000000011,-349.430025003183,-14.5893150603482,2.57876856094196,-339.665004185267,85.0697,85.06755,201398,"2026_06_04_0085","2026_06_04_0085_ev01497_rec3","no",505516
1498,3,85.08705,-343.104740687779,-364.379852294922,-21.2751116071428,0.649999999993156,5.44999999999618,6.149999999991,-336.274352732921,-28.4487452590695,9.33285542308814,-66.1664690290171,85.0867,85.08575,201741,"2026_06_04_0085","2026_06_04_0085_ev01498_rec3","no",505517
1499,3,85.15175,-347.260944184803,-370.483367919922,-23.222423735119,2.34999999999275,8.30000000000553,7.29999999998654,-351.703218620082,-24.8719667757563,4.07369563630773,-303.142729259672,85.1506,85.14825,203035,"2026_06_04_0085","2026_06_04_0085_ev01499_rec3","no",505518
1500,3,85.1913,-346.243691580636,-360.107391357422,-13.8636997767857,0.650000000007367,11.7499999999922,11.1500000000007,-329.11390288287,-40.0150181029979,18.9770803079941,-124.479021344866,85.18965,85.1888,203826,"2026_06_04_0085","2026_06_04_0085_ev01500_rec3","no",505519
1501,3,85.2994,-345.371760777065,-356.445281982422,-11.0735212053572,3.34999999999752,5.69999999999027,3.64999999999327,-337.291675316115,-24.6822770985932,5.16497184577848,105.015345982142,85.299,85.29565,205988,"2026_06_04_0085","2026_06_04_0085_ev01501_rec3","no",505520
1502,3,85.35515,-351.126504080636,-368.041961669922,-16.9154575892857,0.900000000001455,2.049999999997,2.00000000000955,-357.165772796474,-4.40070441374693,0.665019992233521,-195.872709437779,85.3546,85.35325,207103,"2026_06_04_0085","2026_06_04_0085_ev01502_rec3","no",505521
1503,3,85.39825,-365.804005940755,-382.690399169922,-16.8863932291667,2.25000000000364,2.15000000000032,0,-357.822340035253,-13.0412219437296,2.58053921162701,197.69795735677,85.39825,85.39595,207965,"2026_06_04_0085","2026_06_04_0085_ev01503_rec3","no",505522
1504,3,85.42305,-367.286288306827,-369.873016357422,-2.58672805059524,0.349999999997408,0.749999999996476,0.249999999994088,-359.648968116956,-10.284499437963,1.28165062778232,216.862269810268,85.42285,85.4225,208461,"2026_06_04_0085","2026_06_04_0085_ev01504_rec3","no",505523
1505,3,85.4551,-361.618738083612,-387.573211669922,-25.9544735863095,1.89999999999202,4.75000000000136,3.64999999999327,-340.208303424707,-46.5131809351443,8.97655526827499,201.46978469122,85.4548,85.45255,209102,"2026_06_04_0085","2026_06_04_0085_ev01505_rec3","no",505524
1506,3,85.4938,-343.831349690755,-349.731414794922,-5.90006510416669,0.450000000000728,7.99999999999557,7.10000000000832,-343.181722629104,-12.6817708959403,4.72461982954957,-58.0139160156256,85.49205,85.4916,209876,"2026_06_04_0085","2026_06_04_0085_ev01506_rec3","no",505525
1507,3,85.5229,-339.70421055385,-355.834930419922,-16.1307198660714,1.69999999999959,6.00000000000023,6.79999999999836,-340.62054038544,-14.2340050780733,6.56537572178852,-146.366664341518,85.5227,85.5206,210458,"2026_06_04_0085","2026_06_04_0085_ev01507_rec3","no",505526
1508,3,85.56395,-339.965789794922,-346.679656982422,-6.7138671875,0.250000000008299,30.3499999999985,30.0000000000011,-343.803159190078,-4.10137443141951,2.6708403899258,-130.020141601562,85.56385,85.5634,211279,"2026_06_04_0085","2026_06_04_0085_ev01508_rec3","no",505527
1509,3,85.6056,-361.647802443731,-366.821258544922,-5.17345610119048,0.0500000000016598,0.249999999994088,0.200000000006639,-355.605406271215,-9.40232442484685,1.19200490800271,169.65084984189,85.6056,85.6054,212112,"2026_06_04_0085","2026_06_04_0085_ev01509_rec3","no",505528
1510,3,85.6281,-359.090138753255,-369.262664794922,-10.1725260416667,0.599999999991496,2.15000000000032,1.1999999999972,-349.21763640882,-22.6504940528444,2.36535952685574,231.648763020833,85.62745,85.62685,212562,"2026_06_04_0085","2026_06_04_0085_ev01510_rec3","no",505529
1511,3,85.65025,-342.959418887184,-366.210906982422,-23.2514880952381,1.15000000000975,12.2499999999945,30.0000000000011,-354.511837546543,-12.8948618427704,2.03087279256501,-404.779343377975,85.64955,85.6483,213005,"2026_06_04_0085","2026_06_04_0085_ev01511_rec3","no",505530
1512,3,85.66925,-344.877666655041,-368.041961669922,-23.164295014881,1.04999999999222,7.24999999999909,10.7499999999874,-350.037058227392,-18.8636206912857,6.27712684233225,-321.230933779762,85.6673,85.66625,213385,"2026_06_04_0085","2026_06_04_0085_ev01512_rec3","no",505531
1513,3,85.70205,-345.139245896112,-388.183563232422,-43.0443173363095,2.85000000000935,8.65000000000293,9.050000000002,-329.247950963185,-56.3164249771979,15.8393710887482,-374.502999441964,85.70165,85.6985,214041,"2026_06_04_0085","2026_06_04_0085_ev01513_rec3","no",505532
1514,3,85.73645,-344.90673101516,-357.055633544922,-12.1489025297619,1.1999999999972,5.40000000000873,5.94999999999857,-344.600228646203,-9.16852073245,9.19913321755923,-87.332589285715,85.7358,85.73425,214729,"2026_06_04_0085","2026_06_04_0085_ev01514_rec3","no",505533
1515,3,85.8136,-347.02842930385,-368.041961669922,-21.0135323660714,1.05000000000643,4.05000000000655,4.6999999999997,-350.916444281703,-21.011662429836,2.77397079867292,-192.692347935268,85.8134,85.81235,216272,"2026_06_04_0085","2026_06_04_0085_ev01515_rec3","no",505534
1516,3,85.88195,-340.576141357422,-349.121063232422,-8.544921875,0.349999999997408,7.89999999999225,6.94999999998913,-904784.621975502,904454.482349289,462948.543149942,-570.068359375,85.88195,85.8816,217639,"2026_06_04_0085","2026_06_04_0085_ev01516_rec3","no",505535
1517,3,85.90795,-348.56884039016,-407.104461669922,-58.5356212797619,2.39999999999441,13.1000000000085,13.7500000000017,-337.130023573242,-64.4835850700653,20.6381910778728,-877.022152855283,85.90575,85.90315,218159,"2026_06_04_0085","2026_06_04_0085_ev01517_rec3","no",505536
1518,3,85.9508,-350.39989507766,-382.080047607422,-31.6801525297619,1.95000000000789,7.20000000001164,9.00000000000034,-359.715510997622,-25.4745996328866,3.80370155033954,-433.803740001861,85.9501,85.9479,219016,"2026_06_04_0085","2026_06_04_0085_ev01518_rec3","no",505537
1519,3,86.0171,-356.358088902065,-418.701141357422,-62.3430524553572,2.44999999999607,11.2000000000023,9.74999999999682,-352.85767098662,-66.9844995948985,10.5481892444207,-780.554635184153,86.01495,86.012,220342,"2026_06_04_0085","2026_06_04_0085_ev01519_rec3","no",505538
1520,3,86.05235,-356.125574021112,-379.028289794922,-22.9027157738095,1.00000000000477,2.25000000000364,1.94999999999368,-359.785460678066,-14.2967807855343,1.77795795420194,-165.060134161086,86.0511,86.0499,221047,"2026_06_04_0085","2026_06_04_0085_ev01520_rec3","no",505539
1521,3,86.06925,-348.132874988374,-372.314422607422,-24.1815476190476,1.54999999999461,10.0000000000051,9.85000000000014,-338.758306886645,-34.178557463263,15.8195514394316,-249.277024042038,86.06745,86.0656,221385,"2026_06_04_0085","2026_06_04_0085_ev01521_rec3","no",505540
1522,3,86.1506,-340.92491367885,-376.586883544922,-35.6619698660714,3.39999999999918,4.40000000000396,0,-397938.150386978,397580.817714696,275141.42936078,-1267.26205008371,86.1486,86.1448,223012,"2026_06_04_0085","2026_06_04_0085_ev01522_rec3","no",505541
1523,3,86.17235,-353.567910330636,-421.142547607422,-67.5746372767857,2.89999999999679,8.85000000000957,9.79999999999848,-355.665801214097,-75.3008489867852,8.22232180404837,-802.161080496652,86.1719,86.1685,223447,"2026_06_04_0085","2026_06_04_0085_ev01523_rec3","no",505542
1524,3,86.2298,-355.544286818731,-360.717742919922,-5.17345610119048,0.600000000005707,3.94999999998902,3.20000000000675,-346.198467611373,-21.1132814580442,5.11606188220554,164.264497302827,86.22915,86.22855,224596,"2026_06_04_0085","2026_06_04_0085_ev01524_rec3","no",505543
1525,3,86.25855,-342.407196044922,-349.731414794922,-7.32421875,0.399999999999068,0.799999999998136,0,-362.5302036293,6.54293357755896,13.3494994781401,-560.958862304688,86.25755,86.25715,225171,"2026_06_04_0085","2026_06_04_0085_ev01525_rec3","no",505544
1526,3,86.28125,-351.329954601469,-403.442352294922,-52.1123976934524,3.19999999999254,8.30000000000553,8.44999999999629,-333.337754197867,-65.338005464255,15.0503924707921,-435.432797386534,86.28075,86.277,225625,"2026_06_04_0085","2026_06_04_0085_ev01526_rec3","no",505545
1527,3,86.36735,-342.930354527065,-369.873016357422,-26.9426618303572,0.549999999989836,6.34999999999764,9.45000000000107,-351.374517271134,-21.3443602648371,3.57469166695626,-356.700352260045,86.3666,86.3657,227347,"2026_06_04_0085","2026_06_04_0085_ev01527_rec3","no",505546
1528,3,86.39115,-343.598834809803,-364.990203857422,-21.391369047619,0.850000000014006,4.49999999999307,6.3999999999993,-349.917314699301,-18.7536944714832,2.5900130036916,-291.810535249256,86.38885,86.388,227823,"2026_06_04_0085","2026_06_04_0085_ev01528_rec3","no",505547
1529,3,86.43275,-353.829489571708,-379.638641357422,-25.8091517857143,2.049999999997,5.75000000000614,4.3500000000023,-361.837974049879,-18.3959840543554,1.75152920663584,-330.699375697544,86.4313,86.42915,228655,"2026_06_04_0085","2026_06_04_0085_ev01529_rec3","no",505548
1530,3,86.4698,-367.257223946708,-383.300750732422,-16.0435267857143,2.79999999999347,5.34999999999286,2.39999999999441,-344.11494684339,-39.7677762478916,7.68219190482877,359.769548688616,86.469,86.46555,229396,"2026_06_04_0085","2026_06_04_0085_ev01530_rec3","no",505549
1531,3,86.5249,-340.111111595517,-358.886688232422,-18.7755766369048,2.09999999998445,10.4999999999933,9.14999999999111,-333.697839765146,-22.5814663570842,17.447246288489,-198.12738327753,86.52285,86.51975,230498,"2026_06_04_0085","2026_06_04_0085_ev01531_rec3","no",505550
1532,3,86.58995,-350.893989199684,-371.093719482422,-20.1997302827381,2.049999999997,12.0000000000005,6.79999999999836,-344.69996896901,-31.2347505736788,8.2085073295425,-142.102922712053,86.58515,86.58295,231799,"2026_06_04_0085","2026_06_04_0085_ev01532_rec3","no",505551
1533,3,86.6173,-346.795914422898,-354.003875732422,-7.2079613095238,0.0500000000016598,0.200000000006639,1.1999999999972,-338.268064142005,-12.2949394656952,12.7915565766607,112.568446568081,86.6171,86.61705,232346,"2026_06_04_0085","2026_06_04_0085_ev01533_rec3","no",505552
1534,3,86.7121,-342.349067324684,-355.834930419922,-13.4858630952381,0.600000000005707,4.15000000000987,4.94999999999379,-345.365226998088,-15.0170696908533,2.4425985911377,-142.000470842633,86.7114,86.7108,234242,"2026_06_04_0085","2026_06_04_0085_ev01534_rec3","no",505553
1535,3,86.8018,-339.936725434803,-384.521453857422,-44.584728422619,9.9999999999909,13.0999999999943,30.0000000000011,-360.102714188172,-22.7223117317917,2.98526097077186,-961.569649832589,86.8008,86.7906,236036,"2026_06_04_0085","2026_06_04_0085_ev01535_rec3","no",505554
1536,3,86.82955,-362.054703485398,-388.183563232422,-26.1288597470238,3.5000000000025,6.30000000001019,3.45000000000084,-349.450869073284,-45.7942242526355,4.75191328145262,113.353184291295,86.82935,86.8257,236591,"2026_06_04_0085","2026_06_04_0085_ev01536_rec3","no",505555
1537,3,86.85985,-346.301820300874,-380.248992919922,-33.9471726190476,1.54999999999461,12.1000000000038,13.9000000000067,197138.018030821,-197509.861750303,211853.360106464,-437.462942940847,86.85775,86.856,237197,"2026_06_04_0085","2026_06_04_0085_ev01537_rec3","no",505556
1538,3,86.94805,-353.626039050874,-379.028289794922,-25.4022507440476,1.50000000000716,5.94999999999857,7.15000000000998,-360.004361189485,-22.0896176333661,3.58161323364137,-301.666986374627,86.9479,86.9462,238961,"2026_06_04_0085","2026_06_04_0085_ev01538_rec3","no",505557
1539,3,86.96945,-347.115622384208,-369.262664794922,-22.1470424107143,0.450000000000728,9.70000000000937,8.05000000001144,-337.930061293187,-41.7621741844579,9.1773203851084,-167.473929268973,86.9669,86.9663,239389,"2026_06_04_0085","2026_06_04_0085_ev01539_rec3","no",505558
1540,3,87.0158,-339.617017473493,-345.458953857422,-5.84193638392856,0.650000000007367,10.5000000000075,10.6499999999983,-340.667751416656,-11.9380020406941,4.49198157283191,-103.674752371651,87.01425,87.0136,240316,"2026_06_04_0085","2026_06_04_0085_ev01540_rec3","no",505559
1541,3,87.1416,-345.982112339565,-358.276336669922,-12.2942243303572,1.64999999999793,13.9499999999941,12.1000000000038,-333.036934136142,-27.4101925135667,26.9717550850004,-162.758963448662,87.13825,87.1363,242832,"2026_06_04_0085","2026_06_04_0085_ev01541_rec3","no",505560
1542,3,87.1807,-341.651522681827,-364.990203857422,-23.3386811755952,1.00000000000477,5.15000000000043,6.54999999999006,-335.00681564285,-23.335246334834,15.488536060429,-135.216849190848,87.1798,87.1788,243614,"2026_06_04_0085","2026_06_04_0085_ev01542_rec3","no",505561
1543,3,87.2263,-341.622458321708,-360.107391357422,-18.4849330357143,1.1999999999972,12.1499999999912,12.2000000000071,-337.410245152409,-26.9344246639745,13.6682074911221,-256.552559988839,87.22415,87.2229,244526,"2026_06_04_0085","2026_06_04_0085_ev01543_rec3","no",505562
1544,3,87.2922,-351.475276402065,-361.938446044922,-10.4631696428572,0.750000000010687,2.65000000000271,2.25000000000364,-334.717785178858,-23.6656474301485,16.3361157769505,169.520786830356,87.2912,87.29045,245844,"2026_06_04_0085","2026_06_04_0085_ev01544_rec3","no",505563
1545,3,87.36295,-342.14561680385,-353.393524169922,-11.2479073660714,0.0500000000016598,9.10000000000366,7.05000000000666,-338.165323995749,-18.5353967048561,8.55509321598663,-129.649571010045,87.35455,87.3545,247259,"2026_06_04_0085","2026_06_04_0085_ev01545_rec3","no",505564
1546,3,87.396,-344.180122012184,-356.445281982422,-12.2651599702381,0.950000000003115,2.84999999999513,2.25000000000364,-341.765930499678,-14.4628555459273,3.06513582291696,19.1141764322923,87.39585,87.39465,247920,"2026_06_04_0085","2026_06_04_0085_ev01546_rec3","no",505565
1547,3,87.42985,-335.082977294922,-349.121063232422,-14.0380859375,2.75000000000603,1.15000000000975,0.0500000000016598,-348.189246598314,-0.939752553686581,1e-07,-462.921142578125,87.42825,87.4255,248597,"2026_06_04_0085","2026_06_04_0085_ev01547_rec3","no",505566
1548,3,87.4513,-342.058423723493,-360.717742919922,-18.6593191964286,0.400000000013279,31.400000000005,30.0000000000011,-358.163836561072,-6.24858898995275,1.07267443818001,-516.520908900669,87.4501,87.4497,249026,"2026_06_04_0085","2026_06_04_0085_ev01548_rec3","no",505567
1549,3,87.47315,-346.563399541946,-370.483367919922,-23.9199683779762,1.24999999999886,17.8499999999957,17.2999999999917,415.805942107748,-792.223459007126,643.574299145496,-429.83136858259,87.47115,87.4696,249463,"2026_06_04_0085","2026_06_04_0085_ev01549_rec3","no",505568
1550,3,87.51915,-339.617017473493,-393.066375732422,-53.4493582589286,4.45000000000562,9.3000000000103,8.65000000000293,-339.245027256516,-49.1978646634946,9.69283854348007,-647.779192243303,87.5168,87.51225,250383,"2026_06_04_0085","2026_06_04_0085_ev01550_rec3","no",505569
1551,3,87.5813,-345.575211297898,-357.665985107422,-12.0907738095238,1.15000000000975,4.55000000000894,3.34999999999752,-339.604596112436,-16.2845842781344,7.49641577078138,43.469383603051,87.5805,87.57875,251626,"2026_06_04_0085","2026_06_04_0085_ev01551_rec3","no",505570
1552,3,87.63395,-345.720533098493,-358.886688232422,-13.1661551339286,0.849999999999795,7.69999999999982,4.3500000000023,-334.845382859281,-24.8768823369623,9.48341101078078,56.1523437500005,87.631,87.62945,252679,"2026_06_04_0085","2026_06_04_0085_ev01552_rec3","no",505571
1553,3,87.67225,-340.547076997303,-359.497039794922,-18.949962797619,0.250000000008299,35.5000000000132,30.0000000000011,-350.115426542459,-9.62899183192555,1.20088902802064,-394.990466889881,87.6666,87.66595,253445,"2026_06_04_0085","2026_06_04_0085_ev01553_rec3","no",505572
1554,3,87.70415,-355.718672979446,-366.821258544922,-11.1025855654762,0.199999999992428,0.10000000000332,0,-335.203124023444,-23.1278238784045,10.4834240262928,386.882237025669,87.70415,87.7039,254083,"2026_06_04_0085","2026_06_04_0085_ev01554_rec3","no",505573
1555,3,87.75805,-340.518012637184,-349.731414794922,-9.21340215773807,0.900000000001455,5.04999999999711,5.44999999999618,-341.323084905819,-6.75891963270414,5.70490017745677,-80.7996477399547,87.7571,87.7554,255161,"2026_06_04_0085","2026_06_04_0085_ev01555_rec3","no",505574
1556,3,87.838,-338.716022309803,-359.497039794922,-20.781017485119,0.600000000005707,3.39999999999918,30.0000000000011,-346.922839491049,-10.312803443351,1.54780515864511,-281.568254743303,87.8374,87.83655,256760,"2026_06_04_0085","2026_06_04_0085_ev01556_rec3","no",505575
1557,3,87.87415,-356.648732503255,-360.107391357422,-3.45865885416669,0.299999999995748,1.1999999999972,1.09999999999388,-347.452114336925,-14.285716056169,3.47764771408749,224.461873372395,87.87415,87.8738,257483,"2026_06_04_0085","2026_06_04_0085_ev01557_rec3","no",505576
1558,3,87.88805,-349.382642473493,-361.938446044922,-12.5558035714286,0.349999999997408,0.549999999989836,0.450000000000728,-337.502887964966,-16.9943460879165,16.6864760846409,117.128644670759,87.88805,87.88745,257761,"2026_06_04_0085","2026_06_04_0085_ev01558_rec3","no",505577
1559,3,87.93865,-343.337255568731,-352.783172607422,-9.44591703869048,0.0500000000016598,0.199999999992428,0,-336.330089261648,-8.4378105339319,7.51295459010644,147.72469656808,87.93865,87.9384,258773,"2026_06_04_0085","2026_06_04_0085_ev01559_rec3","no",505578
1560,3,87.99425,-343.220998128255,-354.614227294922,-11.3932291666667,1.09999999999388,1.24999999999886,0.900000000001455,-337.261021498336,-11.2930090559356,8.52059191846893,78.598020935058,87.99375,87.99235,259885,"2026_06_04_0085","2026_06_04_0085_ev01560_rec3","no",505579
1561,3,88.0522,-338.48350742885,-367.431610107422,-28.9481026785714,4.15000000000987,20.6499999999892,16.1499999999961,-324.445138366331,-37.165908356943,39.7496858316054,-585.379464285715,88.045,88.04015,261044,"2026_06_04_0085","2026_06_04_0085_ev01561_rec3","no",505580
1562,3,88.09815,-337.437190464565,-370.483367919922,-33.0461774553572,1.54999999999461,10.5999999999966,14.4499999999965,-344.888490478463,-23.4733519804215,9.08191378754564,-481.24258858817,88.0974,88.0958,261963,"2026_06_04_0085","2026_06_04_0085_ev01562_rec3","no",505581
1563,3,88.13825,-355.28270757766,-391.235321044922,-35.9526134672619,4.15000000000987,10.9999999999957,8.89999999999702,-334.244110266711,-59.0480940514172,16.4451805531386,-322.310674758185,88.1366,88.1312,262765,"2026_06_04_0085","2026_06_04_0085_ev01563_rec3","no",505582
1564,3,88.1874,-339.181052071708,-361.328094482422,-22.1470424107143,2.20000000000198,11.0500000000116,10.1499999999959,-337.656498739601,-20.6956731488547,13.4302417988834,-291.796003069196,88.18365,88.1814,263748,"2026_06_04_0085","2026_06_04_0085_ev01564_rec3","no",505583
1565,3,88.2248,-349.615157354446,-352.783172607422,-3.1680152529762,0.200000000006639,1.30000000000052,1.30000000000052,-336.714054709374,-16.2849750044224,8.98843585614837,244.588216145833,88.2247,88.2245,264496,"2026_06_04_0085","2026_06_04_0085_ev01565_rec3","no",505584
1566,3,88.2691,-349.17919195266,-368.041961669922,-18.8627697172619,1.04999999999222,5.70000000000448,6.45000000000095,-340.558285824297,-30.3784731716628,9.69001005582706,-59.9234444754472,88.26745,88.2663,265382,"2026_06_04_0085","2026_06_04_0085_ev01566_rec3","no",505585
1567,3,88.33215,-339.878596714565,-344.848602294922,-4.97000558035717,0.700000000009027,30.8500000000009,30.0000000000011,-345.957879091331,-7.5956979804669,1.91433365007599,-206.246512276787,88.33185,88.33105,266643,"2026_06_04_0085","2026_06_04_0085_ev01567_rec3","no",505586
1568,3,88.3902,-340.576141357422,-361.328094482422,-20.751953125,1.39999999998963,8.60000000000127,8.35000000000719,-342.404298019954,-20.3646626732109,6.68048526616667,-239.8681640625,88.38855,88.387,267804,"2026_06_04_0085","2026_06_04_0085_ev01568_rec3","no",505587
1569,3,88.4557,-339.994854155041,-347.900360107422,-7.90550595238096,0.799999999998136,18.9499999999896,30.0000000000011,-343.496657009132,-10.1024685784054,3.44408456910139,-223.11764671689,88.44775,88.44695,269114,"2026_06_04_0085","2026_06_04_0085_ev01569_rec3","no",505588
1570,3,88.56245,-344.441701253255,-350.952117919922,-6.51041666666669,0.200000000006639,29.750000000007,26.7999999999944,-66627.469633722,66288.6596334291,220751.490609628,33.4574381510411,88.56245,88.56215,271249,"2026_06_04_0085","2026_06_04_0085_ev01570_rec3","no",505589
1571,3,88.609,-349.266385033017,-386.352508544922,-37.0861235119048,1.15000000000975,6.65000000000759,8.15000000000055,-346.365414493198,-35.3507091469131,10.8079896613422,-312.454223632812,88.60835,88.60695,272180,"2026_06_04_0085","2026_06_04_0085_ev01571_rec3","no",505590
1572,3,88.6336,-354.846742175874,-363.159149169922,-8.31240699404759,0.0500000000016598,0.399999999999068,0.599999999991496,-339.162612168852,-20.3928249098896,7.03984265825413,327.596028645834,88.6336,88.6333,272672,"2026_06_04_0085","2026_06_04_0085_ev01572_rec3","no",505591
1573,3,88.67745,-335.082977294922,-341.796844482422,-6.7138671875,0.299999999995748,16.7999999999893,22.3000000000013,-335.876138971841,-8.8473176095687,13.4857606206391,-133.132934570312,88.67745,88.67715,273549,"2026_06_04_0085","2026_06_04_0085_ev01573_rec3","no",505592
1574,3,88.73235,-341.738715762184,-360.717742919922,-18.9790271577381,1.14999999999554,6.70000000000925,8.44999999999629,-344.027131587833,-22.5635074775213,5.426629553669,-212.168375651041,88.73195,88.73065,274647,"2026_06_04_0085","2026_06_04_0085_ev01574_rec3","no",505593
1575,3,88.75805,-338.686957949684,-359.497039794922,-20.8100818452381,1.1999999999972,6.34999999999764,20.4999999999984,-346.11194304587,-6.66187883950575,6.43516009004268,-289.212908063615,88.7575,88.7563,275161,"2026_06_04_0085","2026_06_04_0085_ev01575_rec3","no",505594
1576,3,88.8181,-349.498899913969,-355.834930419922,-6.33603050595241,0.0999999999891088,0.10000000000332,0,-343.861432730819,-6.79482856348219,2.23447589300423,152.842930385044,88.81705,88.81695,276362,"2026_06_04_0085","2026_06_04_0085_ev01576_rec3","no",505595
1577,3,88.84685,-344.964859735398,-347.900360107422,-2.9355003720238,0,5.89999999999691,5.69999999999027,-381.716389633745,47.8587445195921,19.3641892565544,-372.910999116443,88.84685,88.84665,276937,"2026_06_04_0085","2026_06_04_0085_ev01577_rec3","no",505596
1578,3,88.8649,-346.824978783017,-383.300750732422,-36.4757719494048,4.05000000000655,9.89999999998758,30.0000000000011,-361.420710897708,-28.41167122013,3.12962863952829,-624.00890531994,88.8647,88.86065,277298,"2026_06_04_0085","2026_06_04_0085_ev01578_rec3","no",505597
1579,3,88.88695,-360.107391357422,-373.535125732422,-13.427734375,0.299999999995748,2.75000000000603,2.94999999999845,-323.54934331803,-45.9590962869185,29.0558712960125,218.917846679688,88.8855,88.88485,277739,"2026_06_04_0085","2026_06_04_0085_ev01579_rec3","no",505598
1580,3,88.93285,-347.667845226469,-352.783172607422,-5.11532738095241,0.249999999994088,0.299999999995748,0,-339.424352387339,-9.24206472221896,6.91727530264055,183.848063151041,88.9328,88.93255,278657,"2026_06_04_0085","2026_06_04_0085_ev01580_rec3","no",505599
1581,3,88.97425,-337.727834065755,-351.562469482422,-13.8346354166667,1.30000000000052,6.85000000000002,8.09999999999889,-340.503088213333,-7.92730293609768,6.64966688062856,-158.599853515626,88.9726,88.9713,279485,"2026_06_04_0085","2026_06_04_0085_ev01581_rec3","no",505600
1582,3,89.01175,-343.627899169922,-359.497039794922,-15.869140625,0.799999999998136,9.45000000001528,8.4500000000105,-334.921900032541,-29.5002911394865,12.0052839166515,-112.533569335938,89.0095,89.0086,280235,"2026_06_04_0085","2026_06_04_0085_ev01582_rec3","no",505601
1583,3,89.06755,-348.656033470517,-364.379852294922,-15.7238188244048,2.09999999999866,7.04999999999245,6.34999999999764,-346.345457444834,-20.004868372893,7.05263368671003,-114.561535063244,89.066,89.0636,281351,"2026_06_04_0085","2026_06_04_0085_ev01583_rec3","no",505602
1584,3,89.0915,-342.930354527065,-347.900360107422,-4.97000558035717,0.500000000002387,5.84999999999525,6.70000000000925,-343.603816683644,-7.9221237787962,3.49922332671001,-55.3349086216526,89.0904,89.0899,281830,"2026_06_04_0085","2026_06_04_0085_ev01584_rec3","no",505603
1585,3,89.16215,-343.97667149135,-375.976531982422,-31.9998604910714,3.39999999999918,7.40000000000407,6.50000000000261,-336.842375298447,-34.2909408567116,10.9997978371767,-219.142368861608,89.1619,89.15825,283243,"2026_06_04_0085","2026_06_04_0085_ev01585_rec3","no",505604
1586,3,89.23635,-357.230019705636,-360.717742919922,-3.48772321428572,0.10000000000332,0.699999999994816,0.900000000001455,-345.11352479999,-14.9254186250049,8.43009189761223,240.737915039062,89.23635,89.23605,284727,"2026_06_04_0085","2026_06_04_0085_ev01586_rec3","no",505605
1587,3,89.2833,-344.528894333612,-361.328094482422,-16.7992001488095,0.749999999996476,4.84999999999047,5.75000000000614,-346.793657584921,-14.1097355430143,4.53109449367292,-149.833315894717,89.28255,89.2818,285666,"2026_06_04_0085","2026_06_04_0085_ev01587_rec3","no",505606
1588,3,89.31905,-344.993924095517,-370.483367919922,-25.4894438244048,0.699999999994816,32.4499999999972,29.9999999999869,-358.031015418443,-12.9872338497563,2.62686080501612,-473.897298177083,89.3172,89.3163,286381,"2026_06_04_0085","2026_06_04_0085_ev01588_rec3","no",505607
1589,3,89.4373,-346.650592622303,-419.921844482422,-73.271251860119,5.34999999999286,17.1500000000009,15.7500000000113,-328.154533364394,-87.5022945719289,24.1992352191022,-1377.48572939918,89.43405,89.42795,288746,"2026_06_04_0085","2026_06_04_0085_ev01589_rec3","no",505608
1590,3,89.47945,-360.16552007766,-378.417938232422,-18.2524181547619,0.249999999994088,4.6000000000106,4.44999999999141,-347.392258367668,-34.9848490735376,7.60073002872527,109.045119512648,89.4794,89.47835,289589,"2026_06_04_0085","2026_06_04_0085_ev01590_rec3","no",505609
1591,3,89.50935,-355.660544259208,-358.886688232422,-3.22614397321428,0.150000000004979,0.150000000004979,0,-334.108091286462,-22.2216540258283,17.2087371851897,331.202915736607,89.50935,89.5092,290187,"2026_06_04_0085","2026_06_04_0085_ev01591_rec3","no",505610
1592,3,89.6079,-343.540706089565,-372.924774169922,-29.3840680803572,1.40000000000384,15.8500000000004,9.95000000000346,-338.847356739932,-41.8123248593709,10.0797806954685,-435.387747628349,89.6009,89.59945,292158,"2026_06_04_0085","2026_06_04_0085_ev01592_rec3","no",505611
1593,3,89.73675,-347.522523425874,-360.717742919922,-13.1952194940476,0.250000000008299,1.95000000000789,0.950000000003115,-339.663846214062,-13.722126660987,12.8683777521253,62.5370570591527,89.7351,89.73395,294735,"2026_06_04_0085","2026_06_04_0085_ev01593_rec3","no",505612
1594,3,89.7922,-337.611576625279,-357.055633544922,-19.4440569196428,0.150000000004979,21.0999999999899,22.900000000007,-340.615416476528,-21.1967983723212,14.1181639221642,-453.384399414062,89.7876,89.787,295844,"2026_06_04_0085","2026_06_04_0085_ev01594_rec3","no",505613
1595,3,89.84515,-346.389013381231,-364.379852294922,-17.9908389136905,0.550000000004047,8.84999999999536,7.14999999999577,-338.883556143671,-30.0445383753694,9.51957260521072,-102.32180640811,89.84235,89.8418,296903,"2026_06_04_0085","2026_06_04_0085_ev01595_rec3","no",505614
1596,3,89.8922,-339.006665910993,-346.679656982422,-7.67299107142856,1.75000000000125,16.4499999999919,17.6000000000016,-337.490115787479,-12.9810968162986,16.1026130689785,-152.803693498883,89.89155,89.88975,297844,"2026_06_04_0085","2026_06_04_0085_ev01596_rec3","no",505615
1597,3,89.95835,-346.476206461589,-373.535125732422,-27.0589192708333,2.29999999999109,16.0000000000053,6.10000000000355,-341.905072731528,-31.6602839993777,7.86535254986635,-310.226440429687,89.9481,89.94565,299167,"2026_06_04_0085","2026_06_04_0085_ev01597_rec3","no",505616
1598,3,90.01875,-351.05265656235,-363.163217782163,-12.1105612198133,0.499999999988177,5.5499999999995,5.25000000000375,-334.898357482229,-30.0813877571079,13.9311025794714,97.0717632465577,90.0182,90.0164,300375,"2026_06_04_0085","2026_06_04_0085_ev01598_rec3","no",505617
1599,3,90.05175,-339.078958345121,-371.685967009866,-32.6070086647446,2.25000000000364,8.4500000000105,23.3999999999952,-350.830054827726,-13.0616552613107,6.27649018327728,-486.822243959067,90.05105,90.0487,301035,"2026_06_04_0085","2026_06_04_0085_ev01599_rec3","no",505618
1600,3,90.07875,-343.820266933018,-359.555950440109,-15.7356835070915,1.1999999999972,15.4500000000013,15.900000000002,-340.00367861645,-23.5560488857425,17.8065455930479,-272.969624742377,90.07685,90.07545,301575,"2026_06_04_0085","2026_06_04_0085_ev01600_rec3","no",505619
1601,3,90.1164,-353.216018111647,-356.740687319885,-3.52466920823838,0,2.39999999999441,2.79999999999347,-339.814574719647,-18.4357253667179,12.3879570852854,192.763615461014,90.1164,90.1161,302328,"2026_06_04_0085","2026_06_04_0085_ev01601_rec3","no",505620
1602,3,90.1928,-351.59944161466,-365.045368867805,-13.445927253145,2.74999999999181,18.0999999999898,12.2000000000071,-255886.838571648,255537.002629484,463126.446959507,-225.450196985075,90.19205,90.18905,303856,"2026_06_04_0085","2026_06_04_0085_ev01602_rec3","no",505621
1603,3,90.2264,-367.101786101308,-392.1404569608,-25.0386708594917,2.19999999998777,3.34999999999752,2.3000000000053,-347.015231656816,-41.2105538861509,6.83582384177067,288.418723666939,90.2258,90.22245,304528,"2026_06_04_0085","2026_06_04_0085_ev01603_rec3","no",505622
1604,3,90.2528,-345.779018665727,-349.127080063636,-3.34806139790834,1.30000000001473,8.04999999999723,4.950000000008,-344.534941334729,-5.8755933239223,5.7378136087698,-24.226242270999,90.2506,90.2475,305056,"2026_06_04_0085","2026_06_04_0085_ev01604_rec3","no",505623
1605,3,90.4293,-348.204868494552,-393.563106397773,-45.3582379032208,1.30000000000052,7.99999999999557,8.75000000000625,-339.759828587878,-53.9088584284884,11.5191325914673,-408.592943042652,90.42775,90.42555,308586,"2026_06_04_0085","2026_06_04_0085_ev01605_rec3","no",505624
1606,3,90.5224,-342.392557855717,-359.219464645935,-16.8269067902177,1.09999999999388,14.3500000000074,13.7999999999892,-340.789765552667,-22.6747093959808,12.9596076698183,-283.465314689925,90.51965,90.51765,310448,"2026_06_04_0085","2026_06_04_0085_ev01606_rec3","no",505625
1607,3,90.59915,-339.701875411488,-363.983853132558,-24.2819777210699,1.54999999999461,9.29999999999609,8.90000000001123,-338.22094766756,-21.3955275022758,12.4546326833131,-271.534923024603,90.59625,90.59455,311983,"2026_06_04_0085","2026_06_04_0085_ev01607_rec3","no",505626
1608,3,90.72255,-353.413361677156,-356.210201634439,-2.79683995728328,0.399999999999068,1.24999999999886,1.35000000000218,-339.814142969903,-17.132060721435,8.67660323956793,263.022566824971,90.72255,90.7221,314451,"2026_06_04_0085","2026_06_04_0085_ev01608_rec3","no",505627
1609,3,90.78065,-356.829005662166,-363.163964328782,-6.33495866661553,3.14999999999088,3.79999999999825,1.65000000001214,-350.872457409856,-13.7109546339257,3.29824589581018,120.427445675159,90.7806,90.7772,315613,"2026_06_04_0085","2026_06_04_0085_ev01609_rec3","no",505628
1610,3,90.84305,-343.372612023659,-387.266394667755,-43.8937826440961,11.8999999999971,16.3500000000028,10.6000000000108,-356.389414877284,-39.8184796728013,4.21631683843778,-883.472078283387,90.84135,90.82855,316861,"2026_06_04_0085","2026_06_04_0085_ev01610_rec3","no",505629
1611,3,90.88225,-344.826293393846,-437.937203770565,-93.1109103767185,11.2999999999914,33.6499999999944,30.0000000000011,-381.917628634284,-62.1866857659457,11.9973808710695,-2546.50306048031,90.8813,90.8694,317645,"2026_06_04_0085","2026_06_04_0085_ev01611_rec3","no",505630
1612,3,91.03325,-343.012811248061,-371.567101698249,-28.5542904501878,2.35000000000696,10.8499999999907,11.3500000000073,-340.648047370402,-35.9558874157963,11.0867592307437,-384.554855777717,91.0317,91.0293,320665,"2026_06_04_0085","2026_06_04_0085_ev01612_rec3","no",505631
1613,3,91.06545,-336.496752533213,-344.455202276158,-7.95844974294471,0.10000000000332,4.950000000008,2.70000000000437,-101869.123928887,101530.976582272,212283.191030779,-265.704784322758,91.06545,91.06535,321309,"2026_06_04_0085","2026_06_04_0085_ev01613_rec3","no",505632
1614,3,91.0972,-349.980600253309,-374.948048604795,-24.967448351486,0.249999999994088,2.54999999999939,3.45000000000084,-346.076473708927,-21.9357355843502,6.7437219965815,-40.5607453553813,91.09675,91.0963,321944,"2026_06_04_0085","2026_06_04_0085_ev01614_rec3","no",505633
1615,3,91.17305,-345.503882945507,-381.420045364241,-35.9161624187341,1.1999999999972,2.95000000001266,4.24999999999898,-350.567002581945,-21.187306672761,4.48316905666918,-274.892663319009,91.17285,91.1715,323461,"2026_06_04_0085","2026_06_04_0085_ev01615_rec3","no",505634
1616,3,91.2512,-355.116463152173,-361.007252478141,-5.89078932596783,0.0500000000016598,0.200000000006639,0.349999999997408,-343.054574826436,-14.9312956155329,7.91571685520194,245.776702267458,91.25095,91.2506,325024,"2026_06_04_0085","2026_06_04_0085_ev01616_rec3","no",505635
1617,3,91.2877,-342.809494671744,-359.121883715138,-16.312389043394,2.84999999999513,11.3500000000073,30.0000000000011,-350.657063419133,-8.67557496533338,2.31371755741238,-304.735618482517,91.2861,91.2832,325754,"2026_06_04_0085","2026_06_04_0085_ev01617_rec3","no",505636
1618,3,91.3312,-350.028107682216,-367.794514357703,-17.766406675487,0.600000000005707,5.5499999999995,9.15000000000532,-355.273093058917,-11.399513127833,4.25250108492082,-224.489127896542,91.33065,91.3296,326624,"2026_06_04_0085","2026_06_04_0085_ev01618_rec3","no",505637
1619,3,91.4084,-355.044689326203,-366.233817192386,-11.1891278661823,2.39999999999441,3.94999999998902,2.65000000000271,-341.667731337034,-23.9384003992087,8.4094410182818,183.912210638912,91.4083,91.40535,328168,"2026_06_04_0085","2026_06_04_0085_ev01619_rec3","no",505638
1620,3,91.4696,-344.730762211416,-376.72752738598,-31.9967651745642,2.84999999999513,6.79999999999836,6.20000000000687,-351.153001819026,-22.3036351036858,4.37821894704737,-352.313438972123,91.4695,91.4664,329392,"2026_06_04_0085","2026_06_04_0085_ev01620_rec3","no",505639
1621,3,91.5006,-353.173092414492,-372.458533116225,-19.2854407017333,1.04999999999222,7.04999999999245,5.49999999999784,-349.502262477356,-26.2555608778121,6.22293124377739,-113.334037277462,91.4985,91.4961,330012,"2026_06_04_0085","2026_06_04_0085_ev01621_rec3","no",505640
1622,3,91.55775,-352.462335016275,-372.195731847919,-19.7333968316446,1.15000000000975,3.95000000000323,5.04999999999711,-349.515326161753,-25.6161167297784,5.51661082011298,-81.1840894419991,91.5566,91.55505,331155,"2026_06_04_0085","2026_06_04_0085_ev01622_rec3","no",505641
1623,3,91.59085,-343.885942152187,-368.370583702523,-24.4846415503364,3.45000000001505,7.40000000000407,30.0000000000011,-354.360629506386,-17.7013895698426,2.98749245366138,-504.904887288806,91.58665,91.58265,331817,"2026_06_04_0085","2026_06_04_0085_ev01623_rec3","no",505642
1624,3,91.62365,-355.764921182116,-370.640955553174,-14.8760343710583,1.64999999999793,6.90000000000168,5.84999999999525,-339.222401792829,-35.0449681512817,12.5905495436758,67.2822806841613,91.62315,91.6215,332473,"2026_06_04_0085","2026_06_04_0085_ev01624_rec3","no",505643
1625,3,91.7157,-350.289229620324,-355.802345192713,-5.51311557238893,0.349999999997408,4.14999999999566,4.19999999999732,-346.937562525886,-15.2516579740274,4.0501779849164,25.1444388041013,91.7148,91.71405,334314,"2026_06_04_0085","2026_06_04_0085_ev01625_rec3","no",505644
1626,3,91.7933,-354.303688004517,-395.247037288384,-40.943349283867,7.10000000000832,12.6499999999936,9.6499999999935,-345.379526709148,-49.2014974290321,13.5286537932526,-554.875942507484,91.79105,91.78055,335866,"2026_06_04_0085","2026_06_04_0085_ev01626_rec3","no",505645
1627,3,91.83175,-363.983584101199,-367.593167217463,-3.60958311626405,0.150000000004979,0.200000000006639,0.249999999994088,-346.145515044374,-19.8054913452719,7.68447156402484,385.926770261179,91.83175,91.8315,336635,"2026_06_04_0085","2026_06_04_0085_ev01627_rec3","no",505646
1628,3,91.8611,-350.279640500399,-354.735012409747,-4.45537190934789,0.0999999999891088,27.0500000000027,25.5000000000081,-318042.772047113,317700.258694127,859688.235588307,66.7305882137396,91.8611,91.861,337222,"2026_06_04_0085","2026_06_04_0085_ev01628_rec3","no",505647
1629,3,91.9064,-349.874601982607,-380.151900569454,-30.2772985868461,2.049999999997,6.30000000001019,6.64999999999338,-346.482710945127,-33.9170190131681,7.89406573513948,-219.151795641102,91.9058,91.90325,338128,"2026_06_04_0085","2026_06_04_0085_ev01629_rec3","no",505648
1630,3,91.93795,-354.776238139097,-361.774615274936,-6.99837713583827,0.0500000000016598,0.10000000000332,0.349999999997408,-344.058319571018,-13.7167192313022,11.586226514495,174.529593469155,91.9379,91.93785,338759,"2026_06_04_0085","2026_06_04_0085_ev01630_rec3","no",505649
1631,3,92.07775,-352.43560211876,-392.14301765423,-39.7074155354695,6.79999999999836,13.4000000000043,10.4000000000042,-362.366646199992,-42.6225608122599,4.75544927899283,-756.1158242798,92.07545,92.0678,341555,"2026_06_04_0085","2026_06_04_0085_ev01631_rec3","no",505650
1632,3,92.1021,-370.295118108475,-372.890546300952,-2.59542819247656,0.149999999990769,0,0,-342.549163027683,-27.694910897,21.9270986221053,379.322010976156,92.1021,92.1018,342042,"2026_06_04_0085","2026_06_04_0085_ev01632_rec3","no",505651
1633,3,92.2044,-366.601279065251,-385.373302280929,-18.7720232156777,0.249999999994088,6.3999999999993,5.79999999999359,-356.034643648282,-41.6942739328946,6.70243645825414,6.23890285345405,92.20315,92.2027,344088,"2026_06_04_0085","2026_06_04_0085_ev01633_rec3","no",505652
1634,3,92.3595,-366.348912771158,-383.915090453699,-17.566177682541,3.59999999999161,14.9499999999989,4.10000000000821,-353.047003185652,-38.2185895470235,6.26893907118051,-103.717739471151,92.35075,92.347,347190,"2026_06_04_0085","2026_06_04_0085_ev01634_rec3","no",505653
1635,3,92.38835,-351.415258206941,-354.545282664101,-3.1300244571604,2.049999999997,11.9000000000113,13.5499999999951,8038.34848222736,-8393.67850618668,41237.9531322651,-47.3031538706561,92.387,92.38485,347767,"2026_06_04_0085","2026_06_04_0085_ev01635_rec3","no",505654
1636,3,92.4405,-354.58718826822,-369.077532577486,-14.490344309266,0.900000000001455,2.84999999999513,0,-319.9986456635,-38.1185558198411,74.7451916694076,83.2132446806618,92.43965,92.43735,348810,"2026_06_04_0085","2026_06_04_0085_ev01636_rec3","no",505655
1637,3,92.5034,-350.914597494665,-377.314995867702,-26.4003983730368,1.15000000000975,8.60000000000127,8.89999999999702,-345.256793608682,-31.6772006714853,12.3387132258896,-238.235892929787,92.5018,92.50065,350068,"2026_06_04_0085","2026_06_04_0085_ev01637_rec3","no",505656
1638,3,92.5999,-361.845240953499,-366.753320825142,-4.90807987164334,2.25000000000364,1.99999999999534,0.450000000000728,-355.154465563445,-10.4899228131987,2.03933109866437,173.83556791681,92.5997,92.59555,351998,"2026_06_04_0085","2026_06_04_0085_ev01638_rec3","no",505657
1639,3,92.66935,-348.948398340699,-363.531840019726,-14.5834416790262,0.349999999997408,3.09999999998922,3.70000000000914,-343.929701465681,-15.0705461078782,10.0477887275499,-14.705847080268,92.6686,92.66705,353387,"2026_06_04_0085","2026_06_04_0085_ev01639_rec3","no",505658
1640,3,92.71585,-348.304775644733,-372.165269456061,-23.860493811328,1.64999999999793,6.05000000000189,7.09999999999411,-352.553894476475,-19.3838249113162,4.92967160875086,-254.626257344204,92.71575,92.71335,354317,"2026_06_04_0085","2026_06_04_0085_ev01640_rec3","no",505659
1641,3,92.74485,-350.49077333083,-358.331263273733,-7.84048994290322,2.20000000000198,31.0500000000076,30.0000000000011,-355.444173156727,-7.0011479517711,5.41165387031488,-211.787935332094,92.74425,92.74205,354897,"2026_06_04_0085","2026_06_04_0085_ev01641_rec3","no",505660
1642,3,92.8456,-374.021644156485,-416.288789152821,-42.2671449963365,1.54999999999461,6.29999999999598,6.00000000000023,-340.063867722148,-78.1564736272705,13.1541189234047,24.1433084664237,92.84475,92.84205,356912,"2026_06_04_0085","2026_06_04_0085_ev01642_rec3","no",505661
1643,3,92.8962,-354.193489656211,-377.738626263868,-23.5451366076568,2.65000000000271,6.95000000000334,5.85000000000946,-345.565559189035,-35.602795699563,8.16033001237092,-86.2902539501446,92.8955,92.89165,357924,"2026_06_04_0085","2026_06_04_0085_ev01643_rec3","no",505662
1644,3,92.9292,-347.154030607697,-356.409941220845,-9.25591061314776,0.450000000000728,9.60000000000605,10.6499999999983,-345.786895919392,-17.8375975691254,8.09302265174622,-111.471495826344,92.9287,92.92825,358584,"2026_06_04_0085","2026_06_04_0085_ev01644_rec3","no",505663
1645,3,93.0186,-357.852932876329,-364.861239907536,-7.00830703120636,0.150000000004979,3.69999999999493,3.34999999998331,-348.118791742599,-18.7584660749589,7.938055365703,138.852002646819,93.0176,93.01635,360372,"2026_06_04_0085","2026_06_04_0085_ev01645_rec3","no",505664
1646,3,93.06955,-363.859018646558,-379.301010153949,-15.4419915073902,0.900000000001455,6.24999999999432,3.99999999999068,-349.977760103433,-34.8295284515747,6.99266387509764,127.323377061229,93.0676,93.0637,361391,"2026_06_04_0085","2026_06_04_0085_ev01646_rec3","no",505665
1647,3,93.1,-351.09974624999,-353.656221745406,-2.55647549541652,0.0999999999891088,15.8999999999878,12.5000000000028,-18137.139022323,17786.3458119549,177450.165474539,-37.3716600252577,93.1,93.09965,362000,"2026_06_04_0085","2026_06_04_0085_ev01647_rec3","no",505666
1648,3,93.14575,-359.540940878026,-382.726559829311,-23.1856189512844,1.30000000000052,6.84999999998581,6.64999999999338,-361.11948669694,-19.0228418088765,6.63048757157236,-220.592857468035,93.14455,93.14285,362915,"2026_06_04_0085","2026_06_04_0085_ev01648_rec3","no",505667
1649,3,93.3072,-352.723772885107,-367.647683631129,-14.9239107460229,5.65000000000282,10.4999999999933,3.60000000000582,-352.846277622465,-16.2939023612743,3.2721629282781,-126.225984808165,93.3062,93.29895,366144,"2026_06_04_0085","2026_06_04_0085_ev01649_rec3","no",505668
1650,3,93.33355,-347.381599216083,-364.783893268094,-17.4022940520109,1.84999999999036,6.85000000000002,5.89999999999691,-351.210439595914,-13.7904107794005,3.55628609148324,-211.124216612866,93.332,93.3301,366671,"2026_06_04_0085","2026_06_04_0085_ev01650_rec3","no",505669
1651,3,93.46385,-358.517555147042,-376.820965375326,-18.3034102282841,0.649999999993156,8.74999999999204,8.04999999999723,-342.461789217722,-44.7166646968177,11.9537115393195,-47.8076644927859,93.4623,93.4616,369277,"2026_06_04_0085","2026_06_04_0085_ev01651_rec3","no",505670
1652,3,93.506,-345.701233366352,-358.744888900493,-13.0436555341417,0.399999999999068,11.9499999999988,8.54999999999961,-343.132692061575,-16.5720309732027,10.6136657471966,-159.407707274224,93.5009,93.5003,370120,"2026_06_04_0085","2026_06_04_0085_ev01652_rec3","no",505671
1653,3,93.55285,-348.966945279496,-373.975568945395,-25.0086236658989,1.55000000000882,14.1500000000008,16.1000000000087,-207.392055302374,-165.951672231612,168.304773566762,-349.630538760182,93.5527,93.55085,371057,"2026_06_04_0085","2026_06_04_0085_ev01653_rec3","no",505672
1654,3,93.7316,-354.010663906396,-370.44318201868,-16.4325181122838,1.14999999999554,8.1000000000131,6.50000000000261,-347.437995935109,-29.0540417995614,7.82035999245275,-85.1028915669835,93.72855,93.72715,374632,"2026_06_04_0085","2026_06_04_0085_ev01654_rec3","no",505673
1655,3,93.90505,-360.383111041663,-375.616327699153,-15.2332166574902,0.150000000004979,3.55000000000416,3.45000000000084,-360.826618567568,-15.6179855412886,3.11419206054863,-78.5979905530328,93.9038,93.90345,378101,"2026_06_04_0085","2026_06_04_0085_ev01655_rec3","no",505674
1656,3,93.92295,-365.959008018864,-373.904037919965,-7.9450299011009,0.10000000000332,0.10000000000332,0,-350.138335943797,-17.7817776097742,13.3201094693431,262.282165195174,93.92295,93.92285,378459,"2026_06_04_0085","2026_06_04_0085_ev01656_rec3","no",505675
1657,3,93.96305,-348.277508185771,-353.134266047255,-4.85675786148346,0.10000000000332,7.75000000000148,6.50000000000261,-169757.911503374,169411.387415599,310247.806940031,-193.269192560985,93.96305,93.96295,379261,"2026_06_04_0085","2026_06_04_0085_ev01657_rec3","no",505676
1658,3,93.99205,-358.917472758977,-367.499515027676,-8.58204226869827,0.900000000001455,7.24999999999909,5.8000000000078,-352.658468238875,-18.6232616863221,8.5004227121462,-2.52215472088851,93.9901,93.989,379841,"2026_06_04_0085","2026_06_04_0085_ev01658_rec3","no",505677
1659,3,94.21315,-346.367700189492,-368.313693311388,-21.9459931218963,0.900000000001455,1.4500000000055,0,-142415.442630309,142054.351589661,571676.809047347,-582.133442714653,94.2125,94.21135,384263,"2026_06_04_0085","2026_06_04_0085_ev01659_rec3","no",505678
1660,3,94.28875,-351.06163728109,-378.77070431033,-27.7090670292392,1.69999999999959,10.2499999999992,12.4500000000012,-358.965490583538,-26.5082439515271,5.14338754404459,-439.667636106595,94.2875,94.28495,385775,"2026_06_04_0085","2026_06_04_0085_ev01660_rec3","no",505679
1661,3,94.3454,-387.598240740031,-400.041855177687,-12.4436144376555,0.249999999994088,2.65000000000271,2.35000000000696,-352.02022782197,-52.7500439079354,8.64647190433937,615.38672885425,94.3452,94.34445,386908,"2026_06_04_0085","2026_06_04_0085_ev01661_rec3","no",505680
1662,3,94.4999,-351.12379671676,-381.106686973386,-29.9828902566256,3.39999999999918,14.8000000000081,15.3999999999996,-315.355418016087,-65.2500291210695,46.5316493668782,-496.159080724746,94.49815,94.49465,389998,"2026_06_04_0085","2026_06_04_0085_ev01662_rec3","no",505681
1663,3,94.5753,-353.647055841727,-405.014340616926,-51.3672847751989,14.4999999999982,22.4000000000046,15.6999999999954,-58.9959484856417,-337.888601062314,210.781358387955,-1014.37809923847,94.5744,94.5592,391506,"2026_06_04_0085","2026_06_04_0085_ev01663_rec3","no",505682
1664,3,94.64875,-354.728013053993,-365.047721683202,-10.3197086292085,0.950000000003115,0.299999999995748,0.550000000004047,-352.125132178907,-8.15412512732633,2.29149848765786,53.9263251737917,94.6482,94.64695,392975,"2026_06_04_0085","2026_06_04_0085_ev01664_rec3","no",505683
1665,3,94.6706,-356.696902284047,-362.34603444575,-5.64913216170345,0.149999999990769,0.10000000000332,0,-350.597148042352,-5.10125248756173,4.95585745449135,157.883306967009,94.6706,94.67045,393412,"2026_06_04_0085","2026_06_04_0085_ev01665_rec3","no",505684
1666,3,94.7333,-351.891273422738,-388.859587101664,-36.9683136789254,1.69999999999959,7.84999999999059,9.10000000000366,-350.21924845926,-41.8860570904821,9.05235341873185,-381.862435148274,94.7323,94.73025,394666,"2026_06_04_0085","2026_06_04_0085_ev01666_rec3","no",505685
1667,3,94.8914,-349.131241028427,-354.53316740198,-5.40192637355278,0.299999999995748,6.50000000000261,7.75000000001569,-347.47362522506,-9.8286159147222,7.85179591275417,-28.4246535365942,94.8914,94.8911,397828,"2026_06_04_0085","2026_06_04_0085_ev01667_rec3","no",505686
1668,3,95.1278,-358.200092171516,-389.107925015197,-30.9078328436816,1.50000000000716,9.19999999999277,0,-9175.47355912823,8803.10528841845,43328.8252591428,-577.81076472505,95.1264,95.1246,402556,"2026_06_04_0085","2026_06_04_0085_ev01668_rec3","no",505687
1669,3,95.14645,-361.228390319429,-378.375659349547,-17.1472690301188,0.199999999992428,13.2499999999993,13.6499999999984,-334.385034169043,-52.8196728988606,29.3426428590872,-235.134346666559,95.14455,95.14435,402929,"2026_06_04_0085","2026_06_04_0085_ev01669_rec3","no",505688
1670,3,95.232,-382.18479673602,-400.382670542272,-18.1978738062517,0.699999999994816,8.24999999998965,6.79999999999836,-300.37343964649,-105.507954480288,38.8808483949529,156.044646335881,95.22635,95.2251,404640,"2026_06_04_0085","2026_06_04_0085_ev01670_rec3","no",505689
1671,3,95.28755,-348.871365283771,-363.766795060527,-14.8954297767553,1.95000000000789,18.3499999999981,30.0000000000011,-356.071348233119,-10.9885642499935,4.01828585889193,-307.170530623909,95.28645,95.2843,405751,"2026_06_04_0085","2026_06_04_0085_ev01671_rec3","no",505690
1672,3,95.3449,-346.727722897065,-356.67971148925,-9.95198859218527,0.950000000003115,1.35000000000218,0,-36560.4253803264,36207.2125068705,279806.351018913,-281.353536336752,95.3438,95.34285,406898,"2026_06_04_0085","2026_06_04_0085_ev01672_rec3","no",505691
1673,3,95.39165,-351.12197886794,-393.373775716963,-42.2517968490233,2.74999999999181,27.150000000006,23.0499999999978,-347.062600420525,-56.2094341599793,21.9793659902807,-1206.75412251232,95.38465,95.38175,407833,"2026_06_04_0085","2026_06_04_0085_ev01673_rec3","no",505692
1674,3,95.4354,-356.326245057131,-377.854217066854,-21.5279720097223,2.20000000001619,5.39999999999452,6.45000000000095,-363.834680597905,-10.7563440857242,2.04665202778864,-295.215721045276,95.4347,95.432,408708,"2026_06_04_0085","2026_06_04_0085_ev01674_rec3","no",505693
1675,3,95.48015,-372.466976438678,-403.078924202918,-30.6119477642406,5.09999999999877,9.34999999999775,6.69999999999504,-347.068362585091,-60.6235752834331,13.3432722050269,-76.3765591668238,95.47945,95.47405,409603,"2026_06_04_0085","2026_06_04_0085_ev01675_rec3","no",505694
1676,3,95.55565,-363.220283572526,-378.535839944152,-15.3155563716256,0.10000000000332,5.35000000000707,4.80000000000302,-349.184481822137,-34.2152276820391,8.7104728710981,112.191096105771,95.5548,95.554,411113,"2026_06_04_0085","2026_06_04_0085_ev01676_rec3","no",505695
1677,3,95.59915,-350.203870882331,-375.082430455121,-24.8785595727903,1.39999999998963,6.7499999999967,6.75000000001091,-353.332434635956,-20.5242099703072,5.56146238518215,-252.835685586806,95.59815,95.5964,411983,"2026_06_04_0085","2026_06_04_0085_ev01677_rec3","no",505696
1678,3,95.6536,-349.048960158178,-408.905423136005,-59.8564629778274,15.1000000000039,17.0999999999992,11.9499999999988,-340.76535869673,-66.6769183040622,15.225452372934,-1143.97318029026,95.6533,95.63795,413072,"2026_06_04_0085","2026_06_04_0085_ev01678_rec3","no",505697
1679,3,95.78745,-356.879265963603,-360.714989577204,-3.83572361360115,0.249999999994088,30.3499999999985,30.0000000000011,-25159.0469868348,24808.2288210164,283858.720875998,142.717358058774,95.78745,95.78675,415749,"2026_06_04_0085","2026_06_04_0085_ev01679_rec3","no",505698
1680,3,95.8091,-349.882047795186,-362.996748490782,-13.114700695596,0.349999999997408,30.3499999999985,14.8999999999972,-25513.2168848037,25159.1114323367,595475.033352848,-148.960389254065,95.809,95.80865,416182,"2026_06_04_0085","2026_06_04_0085_ev01680_rec3","no",505699
1681,3,95.8692,-362.278334440652,-367.889122181092,-5.61078774043983,0.549999999989836,3.15000000000509,3.25000000000841,-358.986354240946,-12.7104594408035,3.78641684943345,45.3992090989199,95.8692,95.86865,417384,"2026_06_04_0085","2026_06_04_0085_ev01681_rec3","no",505700
1682,3,95.9804,-359.073542568367,-376.018546722685,-16.945004154318,2.049999999997,4.00000000000489,2.39999999999441,-361.205895604456,-14.8621931008624,1.8770756179726,-130.803954841617,95.9791,95.97685,419608,"2026_06_04_0085","2026_06_04_0085_ev01682_rec3","no",505701
1683,3,96.04305,-350.721516051926,-377.882283089427,-27.1607670375013,3.14999999999088,6.15000000000521,8.05000000001144,-356.183560843333,-19.8270870489933,5.49444364536766,-343.596847190269,96.0427,96.0395,420861,"2026_06_04_0085","2026_06_04_0085_ev01683_rec3","no",505702
1684,3,96.06475,-358.947751929918,-363.246298718234,-4.29854678831606,0.0500000000016598,30.2499999999952,30.0000000000011,-136400.950570396,136050.803238701,458452.929908331,130.625864823984,96.0647,96.0645,421295,"2026_06_04_0085","2026_06_04_0085_ev01684_rec3","no",505703
1685,3,96.10795,-356.838508735955,-378.576676953912,-21.7381682179565,1.90000000000623,6.50000000000261,6.90000000000168,-357.091186850372,-29.7704536004224,5.1606066483406,-199.445418677794,96.10775,96.1057,422159,"2026_06_04_0085","2026_06_04_0085_ev01685_rec3","no",505704
1686,3,96.1374,-362.825249949556,-373.888412490873,-11.0631625413164,0.549999999989836,2.15000000000032,2.65000000000271,-358.945922959243,-14.768079265245,4.32253659413038,42.3551310627599,96.13675,96.1361,422748,"2026_06_04_0085","2026_06_04_0085_ev01686_rec3","no",505705
1687,3,96.1533,-357.909579753949,-374.433523519835,-16.5239437658864,0.049999999987449,2.29999999999109,3.34999999999752,-350.746873942415,-20.8987540550349,7.37948114098405,59.5653476330535,96.15295,96.1529,423066,"2026_06_04_0085","2026_06_04_0085_ev01687_rec3","no",505706
1688,3,96.2089,-348.738384818325,-357.21100604279,-8.47262122446483,0.200000000006639,0.450000000000728,0,-75067.4555633194,74714.5598677795,311356.879908922,-239.455270612426,96.2085,96.2083,424178,"2026_06_04_0085","2026_06_04_0085_ev01688_rec3","no",505707
1689,3,96.2389,-355.700792536173,-386.212534094429,-30.5117415582552,1.4500000000055,8.60000000000127,8.44999999999629,-350.008941472964,-41.0823954192129,9.56557668254955,-276.825842941225,96.2375,96.236,424778,"2026_06_04_0085","2026_06_04_0085_ev01689_rec3","no",505708
1690,3,96.3026,-356.799013509525,-367.186458655377,-10.3874451458517,1.29999999998631,2.54999999999939,2.35000000000696,-351.856369638924,-13.4251107286818,5.55776845619438,53.2203093564581,96.30105,96.29925,426052,"2026_06_04_0085","2026_06_04_0085_ev01690_rec3","no",505709
1691,3,96.3347,-350.169642565722,-375.413664539205,-25.244021973483,2.05000000001121,8.7999999999937,9.10000000000366,-350.749659392069,-21.7758895144454,10.0168306607312,-290.402350910516,96.33325,96.33095,426694,"2026_06_04_0085","2026_06_04_0085_ev01691_rec3","no",505710
1692,3,96.4122,-353.712958359959,-364.376309323709,-10.6633509637506,8.60000000000127,34.7500000000025,30.0000000000011,-361.937560040927,-15.1225302348399,1.89534870866719,-423.101936218935,96.4098,96.40035,428244,"2026_06_04_0085","2026_06_04_0085_ev01692_rec3","no",505711
1693,3,96.51895,-364.567638945783,-366.574166098252,-2.00652715246815,3.19999999999254,4.40000000000396,1.54999999999461,-354.944725757541,-13.7736818491837,5.458280684372,206.139402465692,96.51865,96.51425,430379,"2026_06_04_0085","2026_06_04_0085_ev01693_rec3","no",505712
1694,3,96.5742,-361.168529507317,-401.803647280485,-40.635117773168,4.30000000000064,16.6499999999985,18.6999999999955,-192.404544816324,-205.955167689339,164.515226461075,-676.017739818838,96.57345,96.56905,431484,"2026_06_04_0085","2026_06_04_0085_ev01694_rec3","no",505713
1695,3,96.6878,-361.665864642218,-389.976142503235,-28.310277861017,1.30000000000052,4.64999999999804,5.04999999999711,-357.351995746648,-32.1541330515066,6.52776281749668,-106.096350667485,96.68735,96.68405,433756,"2026_06_04_0085","2026_06_04_0085_ev01695_rec3","no",505714
1696,3,96.7193,-358.383254165663,-361.412325088279,-3.02907092261592,0,30.0000000000011,30.0000000000011,-69998.0023897913,69645.8719332161,541842.252591113,130.432111875923,96.7193,96.7192,434386,"2026_06_04_0085","2026_06_04_0085_ev01696_rec3","no",505715
1697,3,96.7534,-352.033482327332,-413.548298222338,-61.514815895006,5.24999999998954,14.7000000000048,17.4499999999966,-370.092566556152,-45.8372458503423,7.65258501805476,-1148.30522792799,96.75225,96.74625,435068,"2026_06_04_0085","2026_06_04_0085_ev01697_rec3","no",505716
1698,3,96.7937,-363.739830142497,-367.648930041328,-3.90909989883176,0.399999999999068,9.9000000000018,8.04999999999723,-343.193217046793,-33.1137822752015,19.6431259935588,85.9890710002175,96.792,96.7914,435874,"2026_06_04_0085","2026_06_04_0085_ev01698_rec3","no",505717
1699,3,96.8292,-359.748734404814,-380.953292140819,-21.2045577360051,1.09999999999388,13.8999999999925,9.45000000000107,-348012.626937243,347653.209602872,401097.406145193,-402.527865881596,96.82835,96.82695,436584,"2026_06_04_0085","2026_06_04_0085_ev01699_rec3","no",505718
1700,3,96.8524,-365.371837234958,-395.939989385527,-30.5681521505693,1.44999999999129,8.20000000000221,8.19999999998799,-348.876704394781,-55.8184266657655,11.7723092894047,-164.861270029085,96.8518,96.85035,437048,"2026_06_04_0085","2026_06_04_0085_ev01700_rec3","no",505719
1701,3,96.94315,-353.959729261585,-366.912761107116,-12.9530318455301,3.05000000000177,5.5499999999995,3.49999999998829,-350.203537813933,-15.7241238138952,5.72642476720324,-19.5734661154339,96.94175,96.9381,438863,"2026_06_04_0085","2026_06_04_0085_ev01701_rec3","no",505720
1702,3,97.00335,-343.699759932587,-352.001365482742,-8.30160555015442,0.150000000004979,30.7499999999976,30.0000000000011,-348.252933646669,-7.06278336065077,5.83656968857748,-186.668860106885,97.00265,97.0025,440067,"2026_06_04_0085","2026_06_04_0085_ev01702_rec3","no",505721
1703,3,97.065,-351.236663504005,-367.489605836416,-16.2529423324109,12.1000000000038,26.8000000000086,12.0500000000021,-346.404188553144,-25.2550260429625,14.2835708963575,-522.386198815547,97.0595,97.04665,441300,"2026_06_04_0085","2026_06_04_0085_ev01703_rec3","no",505722
1704,3,97.1064,-351.420174250309,-373.492612054062,-22.0724378037537,4.40000000000396,33.5499999999911,30.0000000000011,37152.4938026703,-37522.0932547797,195700.689136311,-546.321598863159,97.10605,97.1012,442128,"2026_06_04_0085","2026_06_04_0085_ev01704_rec3","no",505723
1705,3,97.12635,-368.689664439576,-371.688209657041,-2.99854521746505,0.649999999993156,2.79999999999347,1.54999999999461,-353.68254238291,-18.8447429971635,10.0268342411291,260.66219126588,97.12565,97.12435,442527,"2026_06_04_0085","2026_06_04_0085_ev01705_rec3","no",505724
1706,3,97.222,-353.444713714926,-392.446292060743,-39.0015783458164,1.19999999998299,7.19999999999743,7.40000000000407,-348.736141076097,-41.4887739177898,9.57577037089182,-298.514231663429,97.221,97.2197,444440,"2026_06_04_0085","2026_06_04_0085_ev01706_rec3","no",505725
1707,3,97.25495,-357.910272020011,-361.152956027983,-3.24268400797132,0.200000000006639,1.35000000000218,1.65000000001214,-353.233994472262,-7.70853138931149,6.14093757500845,92.4632446380579,97.2548,97.2546,445099,"2026_06_04_0085","2026_06_04_0085_ev01707_rec3","no",505726
1708,3,97.29455,-361.60458398784,-378.876963382084,-17.2723793942443,1.04999999999222,4.90000000000634,5.84999999999525,-360.107991504363,-20.1183357038793,6.25620291854834,-92.7196290808826,97.29425,97.29305,445891,"2026_06_04_0085","2026_06_04_0085_ev01708_rec3","no",505727
1709,3,97.3675,-363.370305782688,-378.273667198934,-14.9033614162458,1.80000000000291,12.3500000000121,10.0500000000068,-4110091.61712038,4109762.38056121,1043058.24643485,-762.574463268506,97.3668,97.3644,447350,"2026_06_04_0085","2026_06_04_0085_ev01709_rec3","no",505728
1710,3,97.3945,-356.793913973065,-480.573585007873,-123.779671034808,3.10000000000343,13.2000000000119,12.9500000000036,-356.378967766313,-133.714692622022,12.2073115542966,-1972.81631159088,97.39215,97.38885,447890,"2026_06_04_0085","2026_06_04_0085_ev01710_rec3","no",505729
1711,3,97.46255,-353.154957135251,-361.319589136023,-8.16463200077163,1.14999999999554,11.5499999999997,7.60000000001071,-89187.6105899403,88833.9062137152,272682.023731896,-176.779392123136,97.4617,97.46055,449251,"2026_06_04_0085","2026_06_04_0085_ev01711_rec3","no",505730
1712,3,97.5448,-355.159206511232,-414.749848928741,-59.5906424175099,8.09999999999889,12.9000000000019,8.65000000000293,-350.788717242434,-64.1056686532814,9.78427620092471,-1214.72564039087,97.53195,97.52375,450896,"2026_06_04_0085","2026_06_04_0085_ev01712_rec3","no",505731
1713,3,97.65115,-364.962396514752,-397.716604758012,-32.7542082432597,2.15000000000032,10.949999999994,8.84999999999536,-343.989825544889,-61.7456380555715,14.2247259324329,-274.649696242793,97.6484,97.6459,453023,"2026_06_04_0085","2026_06_04_0085_ev01713_rec3","no",505732
1714,3,97.7958,-358.846813795856,-375.913479493859,-17.0666656980037,1.49999999999295,19.7999999999894,24.3499999999983,-349.083641049139,-26.8378477241323,47.5247266153839,-332.874588531616,97.79535,97.7938,455916,"2026_06_04_0085","2026_06_04_0085_ev01714_rec3","no",505733
1715,3,97.8754,-356.783013456403,-383.065679179561,-26.2826657231588,2.09999999999866,8.09999999999889,8.54999999999961,-362.602532554202,-22.3602355085102,4.89497861145108,-339.661421648221,97.8745,97.87235,457508,"2026_06_04_0085","2026_06_04_0085_ev01715_rec3","no",505734
1716,3,97.90685,-354.078505270064,-384.635678356018,-30.5571730859546,5.09999999999877,7.000000000005,11.0499999999973,-365.271793296133,-16.3827530718128,2.21864839233378,-525.731686488122,97.9044,97.89915,458137,"2026_06_04_0085","2026_06_04_0085_ev01716_rec3","no",505735
1717,3,97.97545,-357.310938676498,-435.852794523734,-78.5418558472363,18.7999999999988,24.1000000000042,11.3999999999947,-359.058457689434,-74.9715421702558,11.2759996521868,-1825.67226060059,97.97425,97.95495,459509,"2026_06_04_0085","2026_06_04_0085_ev01717_rec3","no",505736
1718,3,98.0481,-359.791570232193,-367.976717811466,-8.18514757927284,0.499999999988177,18.6999999999955,13.5000000000076,-75949.364502423,75589.5319721729,341331.202911676,-104.922686357437,98.0481,98.0476,460962,"2026_06_04_0085","2026_06_04_0085_ev01718_rec3","no",505737
1719,3,98.07275,-368.594506556588,-372.643055989089,-4.04854943250109,0.399999999999068,0.249999999994088,0,-352.78773780148,-16.9844063582142,7.8674234350355,343.879942038685,98.07275,98.07235,461455,"2026_06_04_0085","2026_06_04_0085_ev01719_rec3","no",505738
1720,3,98.13035,-348.121208778469,-354.462335032598,-6.34112625412865,1.24999999999886,1.99999999999534,0,-137158.883695029,136808.280625947,264664.82521556,-320.391599126972,98.13035,98.1291,462607,"2026_06_04_0085","2026_06_04_0085_ev01720_rec3","no",505739
1721,3,98.1532,-354.239943295049,-370.739131492916,-16.499188197867,2.49999999999773,33.3499999999987,30.0000000000011,-363.787132335478,-5.17193188487121,2.59606133031269,-357.58455944367,98.15135,98.14865,463064,"2026_06_04_0085","2026_06_04_0085_ev01721_rec3","no",505740
1722,3,98.17,-360.601936134242,-381.036905028608,-20.4349688943653,1.30000000000052,4.54999999999472,4.75000000000136,-356.712333957888,-29.4405241187336,5.02321982175767,-64.4516877989238,98.16895,98.16725,463400,"2026_06_04_0085","2026_06_04_0085_ev01722_rec3","no",505741
1723,3,98.2114,-351.105867830536,-360.917357842624,-9.81149001208735,1.05000000000643,5.44999999999618,5.35000000000707,-351.869753502987,-17.6361774667219,2.95644095988074,-102.9587199048,98.2095,98.20815,464228,"2026_06_04_0085","2026_06_04_0085_ev01723_rec3","no",505742
1724,3,98.23165,-351.543208265374,-370.354235478382,-18.8110272130082,0.150000000004979,22.9999999999961,14.2999999999915,-395.029056950658,42.5447081999198,93.6886533842565,-246.513118289461,98.2302,98.2285,464633,"2026_06_04_0085","2026_06_04_0085_ev01724_rec3","no",505743
1725,3,98.2505,-350.157301917559,-388.730317774674,-38.5730158571153,2.49999999999773,13.4499999999917,0,-68094.8194745035,67728.5421405142,230794.069613858,-690.164080599444,98.24985,98.24675,465010,"2026_06_04_0085","2026_06_04_0085_ev01725_rec3","no",505744
1726,3,98.27075,-360.309387879838,-389.430581656659,-29.1211937768205,2.70000000000437,7.35000000000241,5.14999999998622,-358.856682188241,-46.7483676851401,3.85641761686236,-240.137638688326,98.26885,98.2651,465415,"2026_06_04_0085","2026_06_04_0085_ev01726_rec3","no",505745
1727,3,98.2919,-350.564990943085,-378.509238014622,-27.9442470715368,3.39999999999918,6.00000000000023,3.39999999999918,-351.601087499729,-35.4471085107877,2.54707054941145,-211.175400122586,98.29045,98.2868,465838,"2026_06_04_0085","2026_06_04_0085_ev01727_rec3","no",505746
1728,3,98.3111,-360.461223773569,-376.605838508203,-16.1446147346336,0.149999999990769,2.15000000000032,1.30000000000052,-354.834960645194,-19.1904582831164,2.63027375866971,96.0115342743458,98.30975,98.3094,466222,"2026_06_04_0085","2026_06_04_0085_ev01728_rec3","no",505747
1729,3,98.33295,-345.094598216849,-387.209612259284,-42.1150140424356,3.84999999999991,3.84999999999991,3.10000000000343,120915.176187967,-121276.869775145,367386.261625271,-496.87876740444,98.3318,98.32765,466659,"2026_06_04_0085","2026_06_04_0085_ev01729_rec3","no",505748
1730,3,98.3511,-349.581088019073,-391.299928428369,-41.7188404092963,3.20000000000675,3.49999999998829,3.2499999999942,-359.890549823423,-14.7336292385852,3.09445773299807,-451.255099425871,98.351,98.3469,467022,"2026_06_04_0085","2026_06_04_0085_ev01730_rec3","no",505749
1731,3,98.37185,-352.835261052875,-390.315997637723,-37.4807365848474,2.09999999999866,3.59999999999161,1.40000000000384,-355.932623408168,-16.0877437899373,3.53438979753028,-292.41466029394,98.3701,98.36755,467437,"2026_06_04_0085","2026_06_04_0085_ev01731_rec3","no",505750
1732,3,98.39205,-350.622058586254,-397.533612100243,-46.9115535139889,3.39999999999918,3.15000000000509,0.799999999998136,-352.664269716295,-19.6912668110751,3.15744755008366,-259.446226185749,98.39165,98.3879,467841,"2026_06_04_0085","2026_06_04_0085_ev01732_rec3","no",505751
1733,3,98.4119,-340.648883508469,-382.545352288712,-41.8964687802438,2.05000000001121,7.09999999999411,4.89999999999213,-349.831705545686,-40.0001498304095,2.66801929853642,-527.034932530949,98.40975,98.40725,468238,"2026_06_04_0085","2026_06_04_0085_ev01733_rec3","no",505752
1734,3,98.4313,-336.045299625272,-399.054893981878,-63.0095943566061,3.09999999998922,6.00000000000023,30.0000000000011,-363.2279262877,-37.1321142337346,1.90029276474015,-1008.69284622049,98.43125,98.4276,468626,"2026_06_04_0085","2026_06_04_0085_ev01734_rec3","no",505753
1735,3,98.4563,-338.341421691142,-417.439251699498,-79.0978300083563,8.24999999998965,12.0000000000005,12.3499999999979,769356.19199281,-769741.393190858,540079.574526687,-1217.11808819672,98.4556,98.44705,469126,"2026_06_04_0085","2026_06_04_0085_ev01735_rec3","no",505754
1736,3,98.4711,-352.087253908105,-420.604665786667,-68.5174118785623,3.34999999999752,1.54999999999461,0.10000000000332,-366.279513677516,-11.5123468172055,3.79458164180499,-675.712272072992,98.47065,98.46705,469422,"2026_06_04_0085","2026_06_04_0085_ev01736_rec3","no",505755
1737,3,98.49155,-337.93714107778,-421.997527721055,-84.0603866432754,3.99999999999068,5.70000000000448,5.5499999999995,-358.510647233635,-54.9110005135711,3.35164606016441,-1043.72922032087,98.49125,98.48715,469831,"2026_06_04_0085","2026_06_04_0085_ev01737_rec3","no",505756
1738,3,98.5116,-340.469724933996,-413.460067013854,-72.9903420798579,3.89999999998736,13.4999999999934,9.6499999999935,-4222114.9122288,4221838.72354725,446262.538508175,-2507.61167329557,98.5113,98.507,470232,"2026_06_04_0085","2026_06_04_0085_ev01738_rec3","no",505757
1740,3,98.61115,-498.87404485642,-564.316819909879,-65.4427750534589,3.29999999999586,5.35000000000707,3.29999999999586,-452.414550225332,-145.85442107573,4.5298736074975,520.300637071664,98.60985,98.60375,472223,"2026_06_04_0085","2026_06_04_0085_ev01740_rec3","no",505759
1741,3,98.6512,-436.845107288541,-472.44240804541,-35.5973007568695,1.49999999999295,4.40000000000396,2.60000000000105,-394.428048309201,-107.198939286177,3.92638638429375,759.442010258156,98.64965,98.64805,473024,"2026_06_04_0085","2026_06_04_0085_ev01741_rec3","no",505760
1742,3,98.6717,-379.855553342802,-439.395812604029,-59.5402592612276,3.34999999999752,2.60000000000105,2.49999999999773,-393.859747031372,-19.1317667595584,2.89548854477512,-652.875937730138,98.67115,98.6673,473434,"2026_06_04_0085","2026_06_04_0085_ev01742_rec3","no",505761
1743,3,98.69085,-363.835403634189,-458.559545552448,-94.724141918259,3.74999999999659,7.10000000000832,4.950000000008,-369.246263489604,-115.398768250138,3.65156573040583,-857.922180131113,98.69,98.68585,473817,"2026_06_04_0085","2026_06_04_0085_ev01743_rec3","no",505762
1744,3,98.71145,-361.929726098924,-410.443619539168,-48.5138934402441,1.7999999999887,3.60000000000582,2.89999999999679,-372.679606930507,-23.4907573384722,2.45180996169328,-524.618868177694,98.71005,98.70775,474229,"2026_06_04_0085","2026_06_04_0085_ev01744_rec3","no",505763
1745,3,98.73345,-354.416919842243,-414.982436911812,-60.5655170695692,5.19999999998788,4.099999999994,0,-391.338635326469,3.92118161155793,96.6826374831411,-1270.23835861994,98.73255,98.7272,474669,"2026_06_04_0085","2026_06_04_0085_ev01745_rec3","no",505764
1746,3,98.75555,-369.496561882012,-422.511214251054,-53.0146523690418,8.20000000000221,18.7000000000097,5.94999999999857,-418.050931527098,36.3376138126894,26.0952321122851,-1108.95029152878,98.7555,98.74715,475111,"2026_06_04_0085","2026_06_04_0085_ev01746_rec3","no",505765
1747,3,98.776,-368.760805653984,-436.992844328154,-68.2320386741702,4.99999999999545,15.0000000000006,14.8000000000081,693674.089943138,-694091.220198742,444340.926527132,-1170.64741919473,98.7725,98.7673,475520,"2026_06_04_0085","2026_06_04_0085_ev01747_rec3","no",505766
1748,3,98.79095,-391.492445636788,-424.191220119883,-32.6987744830944,2.15000000000032,5.15000000000043,3.15000000000509,-372.142772854357,-73.5973052880572,3.71389136136292,229.094066413676,98.7906,98.7873,475819,"2026_06_04_0085","2026_06_04_0085_ev01748_rec3","no",505767
1749,3,98.81215,-374.023343557581,-394.846397082363,-20.8230535247821,0.300000000009959,1.40000000000384,0,-369.527466582854,-3.52169398689395,3.14931932451164,54.2226390536188,98.8097,98.8087,476243,"2026_06_04_0085","2026_06_04_0085_ev01749_rec3","no",505768
1750,3,98.87165,-364.832123062512,-414.415824093172,-49.5837010306598,5.69999999999027,6.85000000001423,3.54999999998995,-365.913302305704,-55.7851647045761,3.0207688159554,-431.117133646742,98.8705,98.8645,477433,"2026_06_04_0085","2026_06_04_0085_ev01750_rec3","no",505769
1751,3,98.89145,-371.703526134267,-384.050520462065,-12.3469943277973,2.15000000000032,2.80000000000769,1.7999999999887,-354.751236976061,-38.0430512168875,3.14460002814305,359.790241867474,98.891,98.88835,477829,"2026_06_04_0085","2026_06_04_0085_ev01751_rec3","no",505770
1752,3,98.9112,-356.956739383793,-371.330054839304,-14.3733154555113,2.10000000001287,25.0000000000057,19.6500000000128,-142200.644408502,141848.792764036,267620.680679014,-105.256310972279,98.91115,98.90905,478224,"2026_06_04_0085","2026_06_04_0085_ev01752_rec3","no",505771
1753,3,98.95045,-365.889988285744,-389.890518858268,-24.0005305725239,3.05000000000177,7.24999999999909,3.34999999999752,-355.950023198977,-42.7299182402481,4.07933470294152,15.6495954718372,98.9483,98.94385,479009,"2026_06_04_0085","2026_06_04_0085_ev01753_rec3","no",505772
1754,3,98.97265,-353.400817583685,-360.741705306464,-7.34088772277852,1.24999999999886,10.0499999999926,6.4999999999884,-176766.182411091,176414.427869505,261990.663342446,-298.760826560148,98.9691,98.9675,479453,"2026_06_04_0085","2026_06_04_0085_ev01754_rec3","no",505773
1755,3,99.00295,-360.464775846843,-389.761116843341,-29.296340996498,2.54999999999939,9.15000000000532,10.3000000000009,-350.365556511294,-36.3776153766341,18.6594505042997,-292.576072116944,99.0021,98.99935,480059,"2026_06_04_0085","2026_06_04_0085_ev01755_rec3","no",505774
1756,3,99.0709,-362.788708868478,-366.673473550485,-3.88476468200719,0.349999999997408,13.450000000006,12.5500000000045,-213331.277513945,212977.904907869,246104.299572911,-107.167228703046,99.0709,99.07055,481418,"2026_06_04_0085","2026_06_04_0085_ev01756_rec3","no",505775
1757,3,99.0939,-370.640397100709,-388.40408070265,-17.7636836019408,1.7999999999887,3.29999999999586,3.94999999998902,-374.045391230485,-17.5628243106419,2.29735858621656,-169.493823600727,99.09305,99.0901,481878,"2026_06_04_0085","2026_06_04_0085_ev01757_rec3","no",505776
1758,3,99.1268,-375.876162559558,-379.058862889345,-3.18270032978648,0,0.500000000002387,0.649999999993156,-352.407931284232,-26.3227898432091,10.1794062405857,449.393081071531,99.1268,99.1267,482536,"2026_06_04_0085","2026_06_04_0085_ev01758_rec3","no",505777
1759,3,99.1798,-352.976734030283,-452.475361158254,-99.4986271279704,3.79999999999825,15.7999999999987,16.8499999999909,-350.696228277815,-105.07596652601,17.049951802632,-1757.98564150209,99.1788,99.17495,483596,"2026_06_04_0085","2026_06_04_0085_ev01759_rec3","no",505778
1760,3,99.2212,-355.137058155549,-386.580039678712,-31.4429815231625,3.45000000000084,7.79999999998893,0.650000000007367,-687697.290993382,687331.276572834,584289.519956834,-952.11482154649,99.2207,99.21715,484424,"2026_06_04_0085","2026_06_04_0085_ev01760_rec3","no",505779
1761,3,99.2496,-360.685911001533,-415.533643697401,-54.8477326958674,5.79999999999359,13.8000000000034,8.20000000000221,-356.979900455517,-61.4103986378776,8.73319887998741,-792.903128958294,99.24655,99.2404,484992,"2026_06_04_0085","2026_06_04_0085_ev01761_rec3","no",505780
1762,3,99.33975,-371.667682513585,-377.1728509069,-5.5051683933159,0.200000000006639,2.94999999999845,0,-353.947763161647,-16.2839597341812,13.4893680829945,332.512540650482,99.3369,99.33615,486795,"2026_06_04_0085","2026_06_04_0085_ev01762_rec3","no",505781
1763,3,99.38805,-355.924833559788,-366.989294049407,-11.0644604896196,0.699999999994816,2.20000000000198,0,-5904.11880307459,5542.3261847343,447527.270916049,-212.754782045457,99.3864,99.3857,487761,"2026_06_04_0085","2026_06_04_0085_ev01763_rec3","no",505782
1764,3,99.4087,-360.216947251518,-373.180298562584,-12.9633513110664,0.849999999985585,2.75000000000603,4.80000000000302,165402.364236126,-165770.531078064,251253.261597513,48.4141713254276,99.4085,99.40765,488174,"2026_06_04_0085","2026_06_04_0085_ev01764_rec3","no",505783
1765,3,99.4595,-341.491546538713,-348.333047008003,-6.84150046929057,0.049999999987449,0.850000000014006,0,-17022.5222194466,16671.4646881918,244955.824102212,-328.529832025613,99.45865,99.4586,489190,"2026_06_04_0085","2026_06_04_0085_ev01765_rec3","no",505784
1766,3,99.49455,-350.751901688566,-367.01696506985,-16.2650633812843,1.1999999999972,6.10000000000355,8.50000000001216,-353.099579828882,-11.6444536791572,7.37915790261379,-169.85008011175,99.4944,99.49305,489891,"2026_06_04_0085","2026_06_04_0085_ev01766_rec3","no",505785
1767,3,99.51745,-352.65111941248,-355.577615089321,-2.92649567684015,0.150000000004979,30.1999999999936,30.0000000000011,-32408.1907898631,32057.5117377628,503614.302891059,29.263620441369,99.51745,99.51715,490349,"2026_06_04_0085","2026_06_04_0085_ev01767_rec3","no",505786
1768,3,99.55325,-355.207620823229,-393.617300714637,-38.4096798914075,0.699999999994816,9.89999999998758,11.5499999999997,-301.365260194754,-86.7710141358591,47.5329636537545,-358.015939152008,99.55215,99.5512,491065,"2026_06_04_0085","2026_06_04_0085_ev01768_rec3","no",505787
1769,3,99.6324,-362.610038680052,-365.964294927831,-3.35425624777866,0.0500000000016598,0.0500000000016598,0,-344.506927383084,-19.2331033071933,22.6296826099411,222.726773044599,99.6324,99.6321,492648,"2026_06_04_0085","2026_06_04_0085_ev01769_rec3","no",505788
1770,3,99.67095,-354.25180385752,-387.541350485114,-33.2895466275941,4.6999999999997,7.64999999999816,7.80000000000314,-351.500664407793,-31.9474198009646,10.3886686729389,-317.356904848366,99.6706,99.66545,493419,"2026_06_04_0085","2026_06_04_0085_ev01770_rec3","no",505789
1771,3,99.7735,-359.319423297912,-385.300622334682,-25.9811990367697,1.75000000000125,6.64999999999338,8.29999999999131,-347.697574994541,-38.2575453364264,14.1357766644582,-175.766178010043,99.7726,99.77075,495470,"2026_06_04_0085","2026_06_04_0085_ev01771_rec3","no",505790
1772,3,99.86885,-346.524399037585,-354.601308450032,-8.07690941244681,1.44999999999129,31.0000000000059,30.0000000000011,-350.60393725217,-8.24045328376612,7.67990394784088,-213.577918397425,99.86765,99.8662,497377,"2026_06_04_0085","2026_06_04_0085_ev01772_rec3","no",505791
1773,3,99.9212,-349.767987190758,-380.375175933724,-30.6071887429659,4.59999999999638,13.5000000000076,14.0999999999991,269111.230631661,-269482.795765264,362578.82927581,-429.878649472852,99.91975,99.9151,498424,"2026_06_04_0085","2026_06_04_0085_ev01773_rec3","no",505792
