"Event.Number","Record","Event.Time..s.","Baseline..pA.","Peak..pA.","Amplitude..pA.","Rise.Time..ms.","Half.Width..ms.","Decay.Time..ms.","Decay.Fit.b0","Decay.Fit.b1","Decay.Fit.Tau..ms.","AUC..pA.ms.","rise_max_time","baseline_time","event_index","file_prefix","event_id","noise","event_entry_number"
1,0,0.967199999198914,-81.7190548908136,-104.397661248507,-22.6786063576938,5.30000000000008,8.05,0,-57244.590317573,57149.4841780875,428158.512390372,-619.89857229968,0.963099999198914,0.957249999198914,19344,"2026_01_14_0012","2026_01_14_0012_ev00001_rec0","no",267807
2,0,0.992499999198914,-89.4308971752058,-108.994945905006,-19.5640487297999,5.44999999999995,8.00000000000001,8.65000000000016,-92.1845592943922,-15.2243048100515,7.05791454319825,-249.837356954346,0.992349999198913,0.986599999198914,19850,"2026_01_14_0012","2026_01_14_0012_ev00002_rec0","no",267808
3,0,1.22724999919891,-81.9532617924516,-90.7087050794786,-8.75544328702701,0.350000000000072,15.05,17.9499999999999,-82.4906787910292,-10.9472941392029,12.834576944217,-156.079633657894,1.22604999919891,1.22544999919891,24545,"2026_01_14_0012","2026_01_14_0012_ev00003_rec0","no",267809
4,0,1.33124999919891,-85.0980938870281,-103.685381825702,-18.5872879386735,4.69999999999993,14,14.0500000000001,-89.4737281853811,-13.2276369130446,8.44273853812568,-320.781097339484,1.32964999919891,1.32439999919891,26625,"2026_01_14_0012","2026_01_14_0012_ev00004_rec0","no",267810
5,0,1.36324999919891,-90.1075831131038,-105.214446895383,-15.1068637822791,4.14999999999988,7.2000000000001,8.85000000000002,-50.1902950691074,-50.7548926503835,80.9956476644916,-108.224550419095,1.36314999919891,1.35894999919891,27265,"2026_01_14_0012","2026_01_14_0012_ev00005_rec0","no",267811
6,0,1.61154999919891,-87.8045647752534,-92.4821193151978,-4.67755453994438,0.150000000000095,0.199999999999978,0.850000000000017,-80.6410146280434,-9.31385745959076,18.6858104558884,74.8613345552076,1.61139999919891,1.61124999919891,32231,"2026_01_14_0012","2026_01_14_0012_ev00006_rec0","no",267812
7,0,1.70519999919891,-85.3872311582928,-88.9689273952341,-3.5816962369413,0.299999999999967,0.149999999999872,0,5169.03722696562,-5253.62986758269,116511.265137676,43.6078829179701,1.70519999919891,1.70489999919891,34104,"2026_01_14_0012","2026_01_14_0012_ev00007_rec0","no",267813
8,0,1.72334999919891,-83.0278664382759,-86.1139980883991,-3.08613165012312,0,3.34999999999996,4.19999999999998,-82.2451548793835,-4.85991257828841,4.55959743652435,-0.335143958719513,1.72334999919891,1.72309999919891,34467,"2026_01_14_0012","2026_01_14_0012_ev00008_rec0","no",267814
9,0,1.81269999919891,-80.764607382454,-92.7331496155872,-11.9685422331331,5.50000000000006,13.3999999999999,13.7500000000002,-80.1691644508935,-9.19306202808884,22.7308501302137,-195.465979130903,1.80864999919891,1.80304999919891,36254,"2026_01_14_0012","2026_01_14_0012_ev00009_rec0","no",267815
10,0,1.89274999919891,-84.0165836515171,-91.8421742018058,-7.82559055028865,2.8999999999999,11.5499999999999,9.84999999999991,-84.2176536898252,-7.78048933253652,9.29654328764635,-108.839292727506,1.89014999919891,1.88724999919891,37855,"2026_01_14_0012","2026_01_14_0012_ev00010_rec0","no",267816
11,0,1.94004999919891,-86.186290598524,-89.0118564924766,-2.82556589395259,0,0.099999999999989,0.750000000000028,-82.1252429139913,-5.42694194153827,12.4004853990879,59.8204171987976,1.93994999919891,1.93984999919891,38801,"2026_01_14_0012","2026_01_14_0012_ev00011_rec0","no",267817
12,0,2.24124999919891,-89.0400183874444,-94.1978284036328,-5.15781001618836,0.0500000000003276,0.0500000000003276,0,-80.635462837791,-8.08435646014135,28.8351019395865,100.834429221624,2.24124999919891,2.24104999919891,44825,"2026_01_14_0012","2026_01_14_0012_ev00012_rec0","no",267818
13,0,2.33984999919891,-81.5489730389691,-85.5874975430604,-4.03852450409128,5.99999999999978,23.4000000000001,19.0999999999999,-80.6175062588992,-6.75019180264431,18.6589307157074,-117.673066468822,2.33759999919891,2.33099999919891,46797,"2026_01_14_0012","2026_01_14_0012_ev00013_rec0","no",267819
14,0,2.82484999919891,-81.9408986737555,-89.2595514255673,-7.31865275181175,1.19999999999987,22.5499999999998,21.7499999999999,86341.7437348886,-86432.7020622394,297794.481487438,-170.514865052917,2.82139999919891,2.81994999919891,56497,"2026_01_14_0012","2026_01_14_0012_ev00014_rec0","no",267820
15,0,3.17114999919891,-86.7064635469043,-95.8754464899852,-9.16898294308089,5.2500000000002,15.5000000000003,12.8999999999997,-67.3897566527007,-29.1850407730604,51.4718460681106,-137.166643103609,3.16889999919891,3.16349999919891,63423,"2026_01_14_0012","2026_01_14_0012_ev00015_rec0","no",267821
16,0,3.55749999919891,-91.3298041779262,-99.4082580145285,-8.07845383660234,0.150000000000095,1.85000000000013,2.25000000000009,-84.3436510587661,-11.8062861105191,13.2230841747299,51.8117508318194,3.55724999919891,3.55294999919891,71150,"2026_01_14_0012","2026_01_14_0012_ev00016_rec0","no",267822
17,0,3.79779999919891,-84.9029494658563,-93.518207196731,-8.61525773087463,2.8999999999999,12.4,11.25,-77.5013257579752,-14.9525761765536,32.6633835944565,-100.245008228256,3.79584999919891,3.79234999919891,75956,"2026_01_14_0012","2026_01_14_0012_ev00017_rec0","no",267823
18,0,3.99269999919891,-81.4483539196082,-87.3636275810599,-5.91527366145168,0.14999999999965,19.7000000000003,27.7000000000003,-81.4608735653916,-5.85724218629937,27.9792564214019,-111.995074256562,3.99229999919891,3.99214999919891,79854,"2026_01_14_0012","2026_01_14_0012_ev00018_rec0","no",267824
19,0,4.04839999919891,-84.2555524390281,-100.65515231937,-16.3995998803421,3.15000000000065,21.5999999999994,29.9999999999994,-91.7468557645458,-12.4420608819811,5.66913247509012,-383.1032096137,4.04574999919891,4.04169999919891,80968,"2026_01_14_0012","2026_01_14_0012_ev00019_rec0","no",267825
20,0,4.11759999919891,-91.736045657537,-106.871375201697,-15.1353295441599,2.04999999999966,4.74999999999959,6.59999999999972,-73.6391974624783,-28.5377894692324,35.3854795842602,-55.6351390110962,4.11759999919891,4.11454999919891,82352,"2026_01_14_0012","2026_01_14_0012_ev00020_rec0","no",267826
21,0,4.28054999919891,-88.1714724114838,-98.4604403244103,-10.2889679129265,3.15000000000065,4.1500000000001,5.89999999999957,-79.7029534227763,-16.7566051668826,18.9859387763335,-17.7567558496346,4.27899999919891,4.27454999919891,85611,"2026_01_14_0012","2026_01_14_0012_ev00021_rec0","no",267827
22,0,4.57924999919891,-83.5059896903329,-88.0987842303792,-4.59279454004626,0.499999999999723,7.89999999999935,10.3999999999997,-75.2064455882508,-12.36361981442,49.0913090499027,-31.1114942696246,4.57904999919891,4.57849999919891,91585,"2026_01_14_0012","2026_01_14_0012_ev00022_rec0","no",267828
23,0,5.12494999919891,-86.339344426401,-91.5135407931991,-5.17419636679803,0.14999999999965,0.199999999999534,0,-79.6089844665683,-8.21976826758331,15.6977794539282,90.9642841273109,5.12489999919891,5.12474999919891,102499,"2026_01_14_0012","2026_01_14_0012_ev00023_rec0","no",267829
24,0,5.69894999919891,-89.0020555464123,-91.5633062389702,-2.56125069255791,0.0499999999998835,3.55000000000061,4.10000000000021,-76.3485339636438,-15.0708133662877,39.7369374000958,61.0526730739657,5.69844999919891,5.69814999919891,113979,"2026_01_14_0012","2026_01_14_0012_ev00024_rec0","no",267830
25,0,6.01374999919891,-81.8649204712266,-85.958037385543,-4.09311691431631,0.0499999999998835,10.5000000000004,12.4000000000004,-80.2117726058687,-7.0025665976412,15.6448063738868,-46.5230971152528,6.01334999919891,6.01319999919891,120275,"2026_01_14_0012","2026_01_14_0012_ev00025_rec0","no",267831
26,0,6.36339999919891,-82.1572570034387,-99.3962514467096,-17.2389944432709,4.95000000000001,9.10000000000011,11.2499999999995,-78.8853010355733,-16.2203268684134,21.6355238534673,-208.87040576277,6.36324999919891,6.35824999919891,127268,"2026_01_14_0012","2026_01_14_0012_ev00026_rec0","no",267832
27,0,6.58614999919891,-83.7524528069878,-97.8085232015496,-14.0560703945618,5.64999999999927,13.0000000000008,16.4,-78.7622110326207,-18.4575230720394,27.6212182686841,-240.243221274961,6.58579999919891,6.58014999919891,131723,"2026_01_14_0012","2026_01_14_0012_ev00027_rec0","no",267833
28,0,6.64984999919891,-82.0545335910639,-89.1899798475499,-7.13544625648595,2.89999999999946,11.4000000000001,12.6999999999997,-83.8055870694784,-6.10352407425893,6.60084047265681,-126.078137619359,6.64819999919891,6.64524999919891,132997,"2026_01_14_0012","2026_01_14_0012_ev00028_rec0","no",267834
29,0,6.70579999919891,-85.8225912269061,-90.9364052108919,-5.11381398398579,0.199999999999534,1.24999999999975,0,-67.2384034143064,-20.4612422592055,83.61497027716,40.023920922869,6.70579999919891,6.70449999919891,134116,"2026_01_14_0012","2026_01_14_0012_ev00029_rec0","no",267835
30,0,6.83409999919891,-84.7304925302971,-91.3055529275301,-6.57506039723305,0.0499999999998835,0.200000000000422,0,-81.1685643396558,-4.19182398012322,13.1753976001748,56.0712123121206,6.83409999919891,6.83379999919891,136682,"2026_01_14_0012","2026_01_14_0012_ev00030_rec0","no",267836
31,0,6.94184999919891,-80.4063642984697,-87.6457031416836,-7.23933884321387,0.59999999999949,13.35,17.9499999999999,-81.1721176696042,-7.52662302851339,13.1151937148414,-141.851262277476,6.93869999919891,6.93809999919891,138837,"2026_01_14_0012","2026_01_14_0012_ev00031_rec0","no",267837
32,0,7.59064999919891,-81.5433379489031,-93.4491777848757,-11.9058398359726,4.19999999999998,14.2499999999997,14.8999999999999,-83.0679463966685,-11.3748875135024,10.8453756601043,-212.0183136603,7.59004999919891,7.58549999919891,151813,"2026_01_14_0012","2026_01_14_0012_ev00032_rec0","no",267838
33,0,8.07049999919891,-83.9261267680501,-92.0836622666428,-8.15753549859271,5.34999999999997,10.65,8.25000000000031,-81.0358214526584,-8.89960640586126,20.1309718143848,-88.6088039490247,8.06899999919891,8.06239999919891,161410,"2026_01_14_0012","2026_01_14_0012_ev00033_rec0","no",267839
34,0,8.11729999919891,-82.9086263961444,-94.0085463693718,-11.0999199732273,2.44999999999962,18.6999999999991,17.850000000001,-64.1863640297591,-29.2558157354261,72.0386910385592,-205.604072335345,8.11379999919891,8.11044999919891,162346,"2026_01_14_0012","2026_01_14_0012_ev00034_rec0","no",267840
35,0,8.48704999919891,-81.2959322865544,-91.015645870785,-9.71971358423062,0.999999999999446,18.3,13.2999999999992,-80.9229168841645,-9.230293812231,15.7637072476254,-168.236194030352,8.48059999919891,8.47704999919891,169741,"2026_01_14_0012","2026_01_14_0012_ev00035_rec0","no",267841
36,0,8.96079999919891,-84.8462784638001,-89.1793182897546,-4.33303982595442,0.14999999999965,0.299999999999301,0,-60.579050469344,-25.2840806365949,187.665881065203,25.4589585912455,8.96059999919891,8.96044999919891,179216,"2026_01_14_0012","2026_01_14_0012_ev00036_rec0","no",267842
37,0,9.44619999919891,-86.7799202282593,-92.2670452796369,-5.48712505137755,0.14999999999965,0.14999999999965,0,-81.4933481517679,-6.45545517272158,21.1070423511296,54.5469741642578,9.44614999919891,9.44599999919891,188924,"2026_01_14_0012","2026_01_14_0012_ev00037_rec0","no",267843
38,0,10.0929999991989,-85.7591385483753,-92.7683999227126,-7.00926137433729,2.7999999999988,13.3499999999991,14.4499999999983,-47.7332151187394,-45.0240410007842,140.149336889629,-92.9894797818316,10.0928499991989,10.0887999991989,201860,"2026_01_14_0012","2026_01_14_0012_ev00038_rec0","no",267844
39,0,10.2280999991989,-86.7442917136917,-88.7507918523382,-2.00650013864649,0.700000000000145,1.40000000000029,2.15000000000032,-57.0111554957295,-31.0065437295531,124.406535836399,64.7104163550299,10.2280999991989,10.2272499991989,204562,"2026_01_14_0012","2026_01_14_0012_ev00039_rec0","no",267845
40,0,10.3924499991989,-82.3210884645427,-88.9402038889162,-6.61911542437352,0.0999999999997669,30.1000000000009,30.0000000000011,-31318.5384169087,31236.4144503633,465629.436392237,-24.8904914675105,10.3924499991989,10.3922499991989,207849,"2026_01_14_0012","2026_01_14_0012_ev00040_rec0","no",267846
41,0,10.9059999991989,-81.3947350638253,-85.4492111206055,-4.05447605678013,0.249999999999417,30.149999999999,29.9999999999994,-19204.1429344578,19125.0096502293,156865.662038262,12.5110826219832,10.9058999991989,10.9055999991989,218120,"2026_01_14_0012","2026_01_14_0012_ev00041_rec0","no",267847
42,0,10.9619499991989,-82.1358751569475,-84.5336837768555,-2.39780861990792,0.0499999999998835,0.500000000000611,0.799999999999912,-79.5269446584345,-4.04222850726353,5.36288949517196,56.0508951459613,10.9617499991989,10.9616999991989,219239,"2026_01_14_0012","2026_01_14_0012_ev00042_rec0","no",267848
43,0,11.1410499991989,-86.074094863165,-90.0268478393555,-3.95275297619048,0.299999999999301,11.8999999999989,6.34999999999941,-82.0384294983646,-9.38928550216027,11.8287680258369,5.22685060955209,11.1347499991989,11.1336999991989,222821,"2026_01_14_0012","2026_01_14_0012_ev00043_rec0","no",267849
44,0,11.1862499991989,-81.8016364687965,-87.8906173706055,-6.08898090180897,0.20000000000131,0.14999999999965,0.0999999999997669,-80.4020390994956,-4.02674824831696,1.18624134762641,36.0997259775797,11.1861999991989,11.1859499991989,223725,"2026_01_14_0012","2026_01_14_0012_ev00044_rec0","no",267850
45,0,11.2803999991989,-85.5654689243862,-87.8906173706055,-2.3251484462193,0.499999999998835,1.95000000000078,2.50000000000128,-81.2743381815736,-6.55966961868685,10.3833041251561,63.9452036448889,11.2802999991989,11.2796999991989,225608,"2026_01_14_0012","2026_01_14_0012_ev00045_rec0","no",267851
46,0,11.4664499991989,-78.6481563023159,-97.3510665893555,-18.7029102870396,3.70000000000026,12.2999999999998,11.6000000000014,-79.5553007016912,-13.2675933329848,14.6744734271713,-277.164826529366,11.4629499991989,11.4590999991989,229329,"2026_01_14_0012","2026_01_14_0012_ev00046_rec0","no",267852
47,0,11.5865999991989,-82.0196184430804,-84.8388595581055,-2.81924111502511,0.500000000000611,1.69999999999959,1.30000000000052,-80.5060162178563,-3.96046335211419,3.010753742058,30.9825729915075,11.5862499991989,11.5856999991989,231732,"2026_01_14_0012","2026_01_14_0012_ev00047_rec0","no",267853
48,0,11.8065499991989,-84.8969890049526,-102.233879089355,-17.3368900844029,2.85000000000046,35.6500000000004,29.8999999999996,-98.3702649371202,-4.13208789155924,0.878875096897609,-490.93116569519,11.8021999991989,11.7988999991989,236131,"2026_01_14_0012","2026_01_14_0012_ev00048_rec0","no",267854
49,0,11.8273999991989,-96.8279081072126,-108.642570495605,-11.8146623883929,4.50000000000017,4.99999999999901,3.60000000000049,-63.7999083438775,-40.4732391671415,45.5907605379852,66.9392165592737,11.8266999991989,11.8219499991989,236548,"2026_01_14_0012","2026_01_14_0012_ev00049_rec0","no",267855
50,0,12.0455999991989,-90.9133108229864,-153.50341796875,-62.5901071457636,1.64999999999971,9.80000000000025,11.45,-91.1872667253858,-65.1909557148005,10.9278790679904,-779.456058447702,12.0446999991989,12.0427999991989,240912,"2026_01_14_0012","2026_01_14_0012_ev00050_rec0","no",267856
51,0,12.1184499991989,-90.012315659296,-98.2665939331055,-8.25427827380952,0.400000000000844,0.300000000001077,0,-81.6533488908269,-10.5604993220148,21.3842167216683,79.4902956463043,12.1183999991989,12.1179499991989,242369,"2026_01_14_0012","2026_01_14_0012_ev00051_rec0","no",267857
52,0,12.1467999991989,-85.5654685610817,-89.1113204956055,-3.54585193452381,0.299999999999301,0.199999999999534,0,-82.0524972129123,-4.37804517463748,3.48662872229088,89.2340760276431,12.1467499991989,12.1464499991989,242936,"2026_01_14_0012","2026_01_14_0012_ev00052_rec0","no",267858
53,0,12.1931999991989,-81.4383308773949,-83.9233322143555,-2.48500133696056,0.450000000000728,0.500000000000611,0.0499999999998835,-81.4910846697525,-2.43160088443598,1e-07,-2.33680169241767,12.1929499991989,12.1924999991989,243864,"2026_01_14_0012","2026_01_14_0012_ev00053_rec0","no",267859
54,0,12.3626499991989,-83.022337777274,-88.8061447143555,-5.78380693708148,0.249999999999417,0.199999999999534,0.949999999999562,-81.2248598669377,-4.52927637194793,6.61956106676271,23.3807879039218,12.3626499991989,12.3623999991989,247253,"2026_01_14_0012","2026_01_14_0012_ev00054_rec0","no",267860
55,0,12.7070999991989,-81.8597648257301,-85.7543869018555,-3.89462207612537,0.0999999999997669,2.34999999999985,2.65000000000093,-81.6758782604962,-4.62336684481385,2.53285772610292,-7.94764276232041,12.7067999991989,12.7066999991989,254142,"2026_01_14_0012","2026_01_14_0012_ev00055_rec0","no",267861
56,0,12.9694999991989,-82.0777478899275,-89.1113204956055,-7.03357260567802,0.0999999999997669,0.0499999999998835,0,-79.2825760616457,-3.23361871735862,2.71807082629322,74.8421095711843,12.9694999991989,12.9693999991989,259390,"2026_01_14_0012","2026_01_14_0012_ev00056_rec0","no",267862
57,0,13.0880999991989,-85.8851765223912,-89.7216720581055,-3.83649553571429,3.00000000000011,3.45000000000084,0.899999999999679,-82.1558100321459,-7.11689842349103,2.81128560633319,86.6938509532382,13.0880499991989,13.0850499991989,261762,"2026_01_14_0012","2026_01_14_0012_ev00057_rec0","no",267863
58,0,13.3231999991989,-81.7580395653134,-89.7216720581055,-7.96363249279204,0.14999999999965,0.300000000001077,0.20000000000131,-82.2109177678989,-7.0541932332464,0.180113013735008,-16.0700358072918,13.3231499991989,13.3228999991989,266464,"2026_01_14_0012","2026_01_14_0012_ev00058_rec0","no",267864
59,0,13.5097499991989,-85.8270481654576,-92.7734298706055,-6.94638170514789,0.199999999999534,30.149999999999,29.9999999999994,-81626.7907410498,81544.2914874557,459823.510552173,19.7477778570991,13.5097499991989,13.5095499991989,270195,"2026_01_14_0012","2026_01_14_0012_ev00059_rec0","no",267865
60,0,13.5432499991989,-82.9932737804594,-101.928703308105,-18.935429527646,7.50000000000028,16.0999999999998,29.9999999999994,-92.1210424713234,-7.06627006349048,3.10665286047676,-383.092929249718,13.5420999991989,13.5344999991989,270865,"2026_01_14_0012","2026_01_14_0012_ev00060_rec0","no",267866
61,0,13.5685999991989,-88.3847114926293,-101.318351745605,-12.9336402529762,3.09999999999988,11.0499999999991,10.6999999999999,3.36401505194723,-102.12226627815,190.451885418194,-114.468167522975,13.5675499991989,13.5641499991989,271372,"2026_01_14_0012","2026_01_14_0012_ev00061_rec0","no",267867
62,0,13.6812999991989,-87.1494761875698,-92.1630783081055,-5.01360212053571,0.14999999999965,0.0499999999998835,0,-84.4466586717066,-4.55007744092561,10.012875516564,37.6630461011616,13.6812999991989,13.6811499991989,273626,"2026_01_14_0012","2026_01_14_0012_ev00062_rec0","no",267868
63,0,13.8149999991989,-84.9841820853097,-102.539054870605,-17.5548727852958,5.90000000000046,21.8499999999988,19.6999999999985,-57.4923141431433,-45.0085579455281,70.1773952801883,-376.193427113124,13.8121999991989,13.8061999991989,276300,"2026_01_14_0012","2026_01_14_0012_ev00063_rec0","no",267869
64,0,13.8699999991989,-85.1440353393555,-88.5009689331055,-3.35693359375,0.350000000000961,0.400000000000844,0.0499999999998835,-87.5325456917097,-0.967719898085701,1e-07,-74.1119403839111,13.8699999991989,13.8695499991989,277400,"2026_01_14_0012","2026_01_14_0012_ev00064_rec0","no",267870
65,0,13.9221499991989,-76.904296875,-83.6181564331055,-6.71385955810547,0.300000000001077,31.4000000000014,30.0000000000011,-84.2098523986752,-3.1784230065917,5.63778933834303,-257.278210258484,13.9202999991989,13.9199999991989,278443,"2026_01_14_0012","2026_01_14_0012_ev00065_rec0","no",267871
66,0,14.1416999991989,-85.5364045642671,-87.8906173706055,-2.35421280633835,1.20000000000076,10.9999999999992,11.1500000000007,-83.4317521314836,-6.74481558882409,13.626002986925,-21.681643013727,14.1407499991989,14.1395499991989,282834,"2026_01_14_0012","2026_01_14_0012_ev00066_rec0","no",267872
67,0,14.1636499991989,-85.129503159296,-90.9423751831055,-5.81287202380952,0.300000000001077,0.450000000000728,0,-83.0161074408276,-3.48673783761526,4.43863446086649,46.982147171384,14.1634999991989,14.1631999991989,283273,"2026_01_14_0012","2026_01_14_0012_ev00067_rec0","no",267873
68,0,14.4325999991989,-83.1967232113793,-87.2802658081055,-4.08354259672619,0.0999999999997669,0,0,-81.1889649742708,-3.0682353065871,0.785109621994348,57.3478962762015,14.4325999991989,14.4324999991989,288652,"2026_01_14_0012","2026_01_14_0012_ev00068_rec0","no",267874
69,0,14.5236499991989,-84.0541218348912,-99.7924728393555,-15.7383510044643,7.7000000000016,16.0499999999999,6.94999999999979,-88.242302184792,-8.39103893752582,4.2417606001126,-275.101798302787,14.5184999991989,14.5096499991989,290473,"2026_01_14_0012","2026_01_14_0012_ev00069_rec0","no",267875
70,0,14.5478999991989,-90.0268478393555,-97.3510665893555,-7.32421875,0.0999999999997669,0.449999999998951,1.25000000000064,-81.8950544537995,-12.0590534947311,11.9183124953426,110.29814491272,14.5477499991989,14.5475499991989,290958,"2026_01_14_0012","2026_01_14_0012_ev00070_rec0","no",267876
71,0,14.5901999991989,-83.8797360374814,-87.8906173706055,-4.01088133312408,0.199999999999534,0.249999999999417,0.249999999999417,-81.7079803430355,-6.12981966789518,0.529271581430733,61.3250237782795,14.5900999991989,14.5898999991989,291804,"2026_01_14_0012","2026_01_14_0012_ev00071_rec0","no",267877
72,0,15.0082499991989,-83.327513558524,-93.9941329956055,-10.6666194370815,2.34999999999985,14.8499999999991,29.9999999999994,-88.5340070915344,-3.53296184953573,1.18386197586369,-238.984578977313,15.0025499991989,14.9968499991989,300165,"2026_01_14_0012","2026_01_14_0012_ev00072_rec0","no",267878
73,0,15.0282499991989,-89.6635433378674,-94.9096603393555,-5.2461170014881,0.199999999999534,0.600000000000378,1.95000000000078,-91.0734197426736,-1.44591812180427,1.96921658898352,-46.7427571614585,15.0281999991989,15.0279499991989,300565,"2026_01_14_0012","2026_01_14_0012_ev00073_rec0","no",267879
74,0,15.0515999991989,-89.2275779360817,-97.3510665893555,-8.12348865327381,1.69999999999959,12.2999999999998,29.9999999999994,-92.9433133063136,-5.14454849842412,3.97566663642768,-145.517985026042,15.0510499991989,15.0488499991989,301032,"2026_01_14_0012","2026_01_14_0012_ev00074_rec0","no",267880
75,0,15.0840499991989,-96.0286382039388,-99.7924728393555,-3.76383463541667,0.0499999999998835,3.00000000000011,0,-83.9277860906376,-12.9804112323334,10.9209297159127,229.393003845215,15.0806999991989,15.0806499991989,301681,"2026_01_14_0012","2026_01_14_0012_ev00075_rec0","no",267881
76,0,15.1240499991989,-83.1531270345052,-96.4355392456055,-13.2824122111003,2.59999999999927,24.0000000000009,21.4999999999996,-86.0821766040559,-13.3032921789152,11.3153474327598,-361.023661104838,15.1163999991989,15.1134999991989,302481,"2026_01_14_0012","2026_01_14_0012_ev00076_rec0","no",267882
77,0,15.1944999991989,-84.1558470953078,-99.4872970581055,-15.3314499627976,4.14999999999921,16.9000000000015,19.8499999999999,93862.3281143259,-93959.7383645474,246129.35488168,-259.974888392857,15.1943999991989,15.1901999991989,303890,"2026_01_14_0012","2026_01_14_0012_ev00077_rec0","no",267883
78,0,15.2399499991989,-89.4455606369745,-93.6889572143555,-4.24339657738095,0.199999999999534,1.35000000000041,2.29999999999997,-83.4362348897394,-8.78937282613813,15.4678473497976,63.4227915264312,15.2399499991989,15.2397499991989,304799,"2026_01_14_0012","2026_01_14_0012_ev00078_rec0","no",267884
79,0,15.3240499991989,-89.9977834792364,-95.8251876831055,-5.82740420386905,2.15000000000032,3.00000000000011,0.650000000000261,-83.7230645668591,-9.10483725241163,8.15488262720911,112.10667796362,15.3237999991989,15.3206999991989,306481,"2026_01_14_0012","2026_01_14_0012_ev00079_rec0","no",267885
80,0,15.3881499991989,-84.3592976161412,-89.7216720581055,-5.36237444196429,0.299999999999301,0.14999999999965,0.300000000001077,-81.7510822680152,-5.21176409852716,2.46627307162899,64.8497922897337,15.3881499991989,15.3878499991989,307763,"2026_01_14_0012","2026_01_14_0012_ev00080_rec0","no",267886
81,0,15.6882999991989,-82.8479519798642,-93.3837814331055,-10.5358294532413,2.70000000000081,3.94999999999968,2.95000000000023,-82.923435814548,-7.47999848220241,4.36564898894024,-51.956888380505,15.6879499991989,15.6850999991989,313766,"2026_01_14_0012","2026_01_14_0012_ev00081_rec0","no",267887
82,0,15.7842499991989,-84.3011688959031,-87.5854415893555,-3.28427269345238,0.0999999999997669,0.0999999999997669,0,-80.8378890035237,-3.68915591384252,6.99596170842684,78.1892345155989,15.7842499991989,15.7841499991989,315685,"2026_01_14_0012","2026_01_14_0012_ev00082_rec0","no",267888
83,0,15.9083499991989,-83.051401410784,-88.1957931518555,-5.14439174107143,0.14999999999965,0.450000000000728,0.450000000000728,-81.5224677739236,-4.22172718727218,2.05373642900621,35.746925326756,15.9081999991989,15.9077999991989,318167,"2026_01_14_0012","2026_01_14_0012_ev00083_rec0","no",267889
84,0,16.0506499991989,-80.7117236909412,-93.9941329956055,-13.2824093046642,2.95000000000201,20.8000000000013,22.8500000000018,-72.6390578622859,-18.7117403400741,62.5526367481809,-287.747213508969,16.0453499991989,16.0405999991989,321013,"2026_01_14_0012","2026_01_14_0012_ev00084_rec0","no",267890
85,0,16.0905499991989,-88.2539218720936,-90.3320236206055,-2.0781017485119,0.0500000000016598,0.650000000000261,0.649999999996709,-86.3580790161635,-3.5618138029291,2.22021354938193,48.3983338673912,16.0902999991989,16.0902499991989,321811,"2026_01_14_0012","2026_01_14_0012_ev00085_rec0","no",267891
86,0,16.1238499991989,-83.9233322143555,-87.5854415893555,-3.662109375,0.0499999999981071,7.60000000000005,8.70000000000104,-83.3091074283526,-6.79415005650199,7.02762111587385,-30.9372093200684,16.1234499991989,16.1233999991989,322477,"2026_01_14_0012","2026_01_14_0012_ev00086_rec0","no",267892
87,0,16.3281499991989,-84.8969886416481,-93.3837814331055,-8.4867927914574,0.799999999998136,6.6999999999986,3.55000000000061,-83.4208875139456,-7.21445454312881,7.95217663789991,-31.9373710723151,16.3251499991989,16.3226999991989,326563,"2026_01_14_0012","2026_01_14_0012_ev00087_rec0","no",267893
88,0,16.3433999991989,-78.125,-83.6181564331055,-5.49315643310547,1.7499999999977,32.3000000000029,30.0000000000011,-82.2057402414941,-4.60044988801754,7.19200224691194,-171.714566230774,16.3425999991989,16.3408499991989,326868,"2026_01_14_0012","2026_01_14_0012_ev00088_rec0","no",267894
89,0,16.4706999991989,-81.8597640991211,-93.9941329956055,-12.1343688964844,1.10000000000099,14.8500000000027,30.0000000000011,-86.4914575151725,-8.09449711260682,5.60274437427486,-240.322241973877,16.4672999991989,16.4633499991989,329414,"2026_01_14_0012","2026_01_14_0012_ev00089_rec0","no",267895
90,0,16.4907499991989,-81.4819259643555,-84.5336837768555,-3.0517578125,0.650000000000261,28.5999999999973,30.0000000000011,12985.603855259,-13072.7733028669,87681.9720850893,-130.47791595459,16.4871499991989,16.4864999991989,329815,"2026_01_14_0012","2026_01_14_0012_ev00090_rec0","no",267896
91,0,16.6240999991989,-86.0014339628674,-90.3320236206055,-4.3305896577381,0.399999999999068,0.199999999999534,0.650000000000261,-83.3072659945783,-4.87595973640807,5.25685162544977,54.286395045689,16.6240999991989,16.6235499991989,332482,"2026_01_14_0012","2026_01_14_0012_ev00091_rec0","no",267897
92,0,16.7042499991989,-86.6408498854864,-91.2475509643555,-4.60670107886905,1.00000000000122,4.6999999999997,4.4000000000004,-83.1410770813396,-7.31046864010437,12.9867430131862,14.8155505134945,16.7030999991989,16.7016499991989,334085,"2026_01_14_0012","2026_01_14_0012_ev00092_rec0","no",267898
93,0,16.7283499991989,-83.7198816935221,-86.0595626831055,-2.33968098958333,0.450000000000728,2.049999999997,1.89999999999912,-82.6020048383846,-4.49699213163057,2.3031556936349,21.7183062871299,16.7281999991989,16.7277499991989,334567,"2026_01_14_0012","2026_01_14_0012_ev00093_rec0","no",267899
94,0,16.8254999991989,-87.5563772292364,-94.6044845581055,-7.04810732886905,0.199999999999534,0.0999999999997669,0.299999999999301,-84.9791904934495,-5.46377322858277,5.65436093931872,45.7981604984827,16.8254999991989,16.8252499991989,336510,"2026_01_14_0012","2026_01_14_0012_ev00094_rec0","no",267900
95,0,16.8484499991989,-86.3066097441174,-93.3837814331055,-7.0771716889881,0.199999999999534,0.0500000000016598,0,-82.497624017299,-5.64714000600545,4.05405867646723,90.8486168725148,16.8484499991989,16.8481999991989,336969,"2026_01_14_0012","2026_01_14_0012_ev00095_rec0","no",267901
96,0,16.8684999991989,-81.1767501831055,-83.6181564331055,-2.44140625,0.349999999997408,2.89999999999679,3.45000000000084,-81.7419313084556,-4.25908408502414,1.3540229823669,-25.1770608901978,16.8684999991989,16.8681499991989,337370,"2026_01_14_0012","2026_01_14_0012_ev00096_rec0","no",267902
97,0,16.9189499991989,-84.1413152785528,-90.6371994018555,-6.49588412330264,0.800000000001688,19.2499999999995,18.6999999999991,-77.4427745351395,-16.9463484880586,30.0976704918319,-143.496912247794,16.9165999991989,16.9155499991989,338379,"2026_01_14_0012","2026_01_14_0012_ev00097_rec0","no",267903
98,0,17.0482499991989,-87.2657339913504,-117.492668151855,-30.226934160505,3.54999999999706,30.0000000000011,29.9999999999976,43449.0575810518,-43565.5211121692,76638.0406768937,-758.178334290641,17.0455999991989,17.0414999991989,340965,"2026_01_14_0012","2026_01_14_0012_ev00098_rec0","no",267904
99,0,17.1278499991989,-85.8997087024507,-88.1957931518555,-2.29608444940476,0.199999999999534,0.599999999998602,0.650000000000261,-83.3140728383673,-4.33087728692071,2.71191671783269,65.3362957364038,17.1278499991989,17.1276499991989,342557,"2026_01_14_0012","2026_01_14_0012_ev00099_rec0","no",267905
100,0,17.1641999991989,-83.7634785970052,-92.1630783081055,-8.39959971110027,0.199999999999534,0.0999999999997669,0,-82.3720095139181,-3.29432647712996,4.48712619621366,26.1204798380532,17.1641999991989,17.1638999991989,343284,"2026_01_14_0012","2026_01_14_0012_ev00100_rec0","no",267906
101,0,17.2283999991989,-85.434678940546,-95.2148361206055,-9.78015718005952,4.99999999999901,3.00000000000011,0,7010.48584686508,-7097.64643983799,53663.7608286353,-3.06484402247819,17.2283999991989,17.2233499991989,344568,"2026_01_14_0012","2026_01_14_0012_ev00101_rec0","no",267907
102,0,17.3084999991989,-83.8797364007859,-93.0786056518555,-9.19886925106957,7.19999999999743,8.15000000000055,3.00000000000011,-85.4894767893025,-6.22845724387076,2.42649660233551,-93.772865041097,17.3083499991989,17.3008499991989,346170,"2026_01_14_0012","2026_01_14_0012_ev00102_rec0","no",267908
103,0,17.3439999991989,-88.181260971796,-93.0786056518555,-4.89734468005952,0.550000000000495,2.94999999999845,2.44999999999962,-88.2828488486654,-3.03074565318086,4.25385003412738,-18.9652215866814,17.3431499991989,17.3420499991989,346880,"2026_01_14_0012","2026_01_14_0012_ev00103_rec0","no",267909
104,0,17.4284499991989,-85.6817260015578,-88.1957931518555,-2.51406715029762,0.250000000001194,1.85000000000102,1.75000000000125,-84.4683911919083,-4.65499177326992,2.27794516823336,22.837673205421,17.4279499991989,17.4276999991989,348569,"2026_01_14_0012","2026_01_14_0012_ev00104_rec0","no",267910
105,0,17.6041499991989,-83.9378647577195,-91.5527267456055,-7.61486198788597,0.750000000000028,7.60000000000005,30.0000000000011,-87.043922602031,-2.56869076685643,3.60730392786814,-113.295048859006,17.6018499991989,17.6009499991989,352083,"2026_01_14_0012","2026_01_14_0012_ev00105_rec0","no",267911
106,0,17.6305499991989,-89.2857066563198,-91.5527267456055,-2.26702008928571,0.0500000000016598,30.0999999999974,29.9999999999976,-103625.798870458,103541.111872407,642282.282784287,65.8830835069931,17.6305499991989,17.6304499991989,352611,"2026_01_14_0012","2026_01_14_0012_ev00106_rec0","no",267912
107,0,17.6640499991989,-83.7780111403692,-110.473625183105,-26.6956140427362,3.69999999999848,17.3500000000004,16.9999999999995,-84.296793135922,-25.654855187132,16.8475031432533,-509.992300088065,17.6602499991989,17.6564499991989,353281,"2026_01_14_0012","2026_01_14_0012_ev00107_rec0","no",267913
108,0,17.7082999991989,-85.463743300665,-87.5854415893555,-2.12169828869048,0.299999999999301,1.4499999999984,1.45000000000195,-83.598852317177,-4.48757323854635,2.74962305849607,42.5098765781946,17.7081999991989,17.7078999991989,354166,"2026_01_14_0012","2026_01_14_0012_ev00108_rec0","no",267914
109,0,17.7600499991989,-88.849741254534,-91.5527267456055,-2.70298549107143,0.199999999999534,2.34999999999985,2.90000000000035,-83.4371466220521,-8.015085719349,12.9428508645433,68.3168616976056,17.7600499991989,17.7598499991989,355201,"2026_01_14_0012","2026_01_14_0012_ev00109_rec0","no",267915
110,0,17.8705499991989,-87.7743599301293,-93.9941329956055,-6.21977306547619,0.150000000001427,0.149999999997874,0,41187.1673401004,-41274.5476003517,276974.486441304,77.8212646575201,17.8704999991989,17.8703499991989,357411,"2026_01_14_0012","2026_01_14_0012_ev00110_rec0","no",267916
111,0,17.8905999991989,-85.2602927798317,-93.0786056518555,-7.81831287202381,0.250000000001194,0.0999999999997669,0.249999999997641,-83.2336942203206,-6.04178010349198,1.16977079161986,52.7844862256731,17.8905999991989,17.8903499991989,357812,"2026_01_14_0012","2026_01_14_0012_ev00111_rec0","no",267917
112,0,17.9530999991989,-87.323862348284,-92.1630783081055,-4.83921595982143,0.449999999997175,19.3000000000012,17.0499999999976,35939.3015221129,-36033.4378624117,122479.458211285,-95.6279209681921,17.9492999991989,17.9477499991989,359062,"2026_01_14_0012","2026_01_14_0012_ev00112_rec0","no",267918
113,0,18.1681499991989,-81.3075423467727,-103.454582214355,-22.1470398675828,5.60000000000116,36.1499999999992,30.0000000000011,-93.8947906805144,-7.5042012518324,8.40012898437585,-541.946316591899,18.1662499991989,18.1604999991989,363363,"2026_01_14_0012","2026_01_14_0012_ev00113_rec0","no",267919
114,0,18.1881999991989,-96.1012991042364,-104.370109558105,-8.26881045386905,0.450000000000728,0.250000000001194,0,-86.039080034228,-11.750251946222,13.368324830113,160.645257477533,18.1881999991989,18.1877499991989,363764,"2026_01_14_0012","2026_01_14_0012_ev00114_rec0","no",267920
115,0,18.3617499991989,-82.688097635905,-126.647941589355,-43.9598439534505,4.1000000000011,19.9500000000015,19.8500000000017,-78.5850145894048,-52.7713384105182,20.834270763876,-950.544434102376,18.3582999991989,18.3540499991989,367235,"2026_01_14_0012","2026_01_14_0012_ev00115_rec0","no",267921
116,0,18.4486999991989,-88.4719049362909,-112.915031433105,-24.4431264968145,5.39999999999807,15.0000000000006,12.5500000000009,-77.7614524920841,-30.4634598184976,28.9195183958894,-383.081694875445,18.4462999991989,18.4407999991989,368974,"2026_01_14_0012","2026_01_14_0012_ev00116_rec0","no",267922
117,0,18.5039999991989,-90.5064097813198,-92.7734298706055,-2.26702008928571,0.199999999999534,0.199999999999534,0,-85.4063021759091,-5.47848305211467,9.41999429116085,103.345596204485,18.5039999991989,18.5037999991989,370080,"2026_01_14_0012","2026_01_14_0012_ev00117_rec0","no",267923
118,0,18.5289499991989,-77.81982421875,-83.3129806518555,-5.49315643310547,2.049999999997,39.6500000000017,30.0000000000011,-83.8067998608335,-3.94756726659624,2.51639091066978,-279.357618141174,18.5203499991989,18.5182999991989,370579,"2026_01_14_0012","2026_01_14_0012_ev00118_rec0","no",267924
119,0,18.5679999991989,-86.1322235834031,-92.1630783081055,-6.03085472470238,0.0499999999981071,20.2000000000027,20.2999999999989,52913.4160095966,-53007.740675814,180390.745399148,-125.986372675214,18.5659499991989,18.5653499991989,371360,"2026_01_14_0012","2026_01_14_0012_ev00119_rec0","no",267925
120,0,18.6080499991989,-85.129503159296,-89.4164962768555,-4.28699311755952,0.0500000000016598,0.650000000000261,0.799999999998136,-83.3769710165048,-5.08189752869853,1.87546569657175,42.0328503290814,18.6080499991989,18.6077499991989,372161,"2026_01_14_0012","2026_01_14_0012_ev00120_rec0","no",267926
121,0,18.6503499991989,-84.3738301595052,-96.1303634643555,-11.7565333048503,4.00000000000134,11.9000000000007,13.3999999999972,22800.2470468675,-22892.6004962911,84586.3416048205,-155.026017379761,18.6487499991989,18.6445499991989,373007,"2026_01_14_0012","2026_01_14_0012_ev00121_rec0","no",267927
122,0,18.6837499991989,-85.9433052426293,-89.1113204956055,-3.16801525297619,0.150000000001427,0.200000000003087,0,-85.0393918031399,-1.04199147016576,1.748239948718,24.9266714186896,18.6836999991989,18.6835499991989,373675,"2026_01_14_0012","2026_01_14_0012_ev00122_rec0","no",267928
123,0,18.7703499991989,-85.6235972813198,-122.985832214355,-37.3622349330357,5.94999999999857,19.7500000000019,17.3000000000023,-49.9272513568038,-66.9365743285845,57.4191928467886,-731.094360351562,18.7668499991989,18.7605999991989,375407,"2026_01_14_0012","2026_01_14_0012_ev00123_rec0","no",267929
124,0,18.8079999991989,-95.5200119018555,-97.9614181518555,-2.44140625,0.0500000000016598,0.750000000000028,0.849999999999795,-90.7147500422786,-6.77867447435991,4.89334257483575,110.3515625,18.8078499991989,18.8077999991989,376160,"2026_01_14_0012","2026_01_14_0012_ev00124_rec0","no",267930
125,0,18.8301999991989,-91.3928727649507,-94.6044845581055,-3.21161179315476,0.199999999999534,0.0999999999997669,0,29819.9832949401,-29911.7321582986,149594.470391917,78.7716812497094,18.8301999991989,18.8299999991989,376604,"2026_01_14_0012","2026_01_14_0012_ev00125_rec0","no",267931
126,0,18.8490499991989,-89.5618180774507,-93.6889572143555,-4.12713913690476,0.0500000000016598,30.1500000000026,30.0000000000011,-9664.55279620803,9578.36137221139,144993.598517981,71.2490974789575,18.8490499991989,18.8488499991989,376981,"2026_01_14_0012","2026_01_14_0012_ev00126_rec0","no",267932
127,0,18.8996999991989,-89.2421101161412,-93.6889572143555,-4.44684709821429,0.299999999999301,0.150000000001427,0.0999999999997669,-81.5397125015694,-9.39333894669097,21.0217467664254,80.2503271375382,18.8996999991989,18.8992499991989,377994,"2026_01_14_0012","2026_01_14_0012_ev00127_rec0","no",267933
128,0,19.0037999991989,-85.1295035226004,-89.1113204956055,-3.98181697300502,0.350000000000961,0.900000000001455,2.09999999999866,-83.5729406577119,-3.87855185268437,8.51035116826445,13.8560652051653,19.0037999991989,19.0033999991989,380076,"2026_01_14_0012","2026_01_14_0012_ev00128_rec0","no",267934
129,0,19.0810999991989,-98.7025593348912,-126.647941589355,-27.9453822544643,5.00000000000256,16.2499999999994,10.9999999999992,-85.6153758665016,-44.1906594925,17.3175737634464,-430.286958530971,19.0764999991989,19.0707999991989,381622,"2026_01_14_0012","2026_01_14_0012_ev00129_rec0","no",267935
130,0,19.2416999991989,-90.3901523408436,-97.6562423706055,-7.2660900297619,2.34999999999985,2.39999999999796,1.10000000000099,-85.181549719055,-8.61474785044161,12.3921580777898,57.4976595560712,19.2416999991989,19.2389499991989,384834,"2026_01_14_0012","2026_01_14_0012_ev00130_rec0","no",267936
131,0,19.2900999991989,-85.6817260015578,-89.7216720581055,-4.03994605654762,0.149999999997874,16.2499999999994,14.800000000001,-92806.4576336662,92725.0126442968,239513.542241808,-48.0295908610026,19.2899499991989,19.2897999991989,385802,"2026_01_14_0012","2026_01_14_0012_ev00131_rec0","no",267937
132,0,19.3220499991989,-83.8506716773624,-92.4682540893555,-8.61758241199311,2.74999999999892,14.6000000000015,0.0500000000016598,-90.0716075027987,-2.39634066871286,1e-07,-305.102741541181,19.3083999991989,19.3051499991989,386441,"2026_01_14_0012","2026_01_14_0012_ev00132_rec0","no",267938
133,0,19.4217999991989,-85.0423100789388,-129.69970703125,-44.6573969523112,8.15000000000055,22.5500000000025,18.7500000000007,-76.9044080773077,-54.4243885463592,23.7178220223557,-1005.86701164246,19.4191499991989,19.4105999991989,388436,"2026_01_14_0012","2026_01_14_0012_ev00133_rec0","no",267939
134,0,19.5046999991989,-89.7798007783436,-94.2993087768555,-4.5195079985119,0.350000000000961,0.250000000001194,0.249999999997641,-84.1641320968091,-7.48964649665569,9.24993796816671,100.960135414487,19.5046999991989,19.5043499991989,390094,"2026_01_14_0012","2026_01_14_0012_ev00134_rec0","no",267940
135,0,19.5699999991989,-83.9088003976004,-92.1630783081055,-8.25427791050502,0.199999999999534,0.0499999999981071,0.0500000000016598,-82.5838591121204,-4.81195103387875,0.535573315736946,36.3504064287458,19.5699999991989,19.5697999991989,391400,"2026_01_14_0012","2026_01_14_0012_ev00135_rec0","no",267941
136,0,19.6100499991989,-85.3474858601888,-94.6044845581055,-9.25699869791667,1.35000000000218,4.89999999999924,1.65000000000148,17063.4956992858,-17152.5555503419,97493.903569019,-58.4411676406862,19.6064499991989,19.6048499991989,392201,"2026_01_14_0012","2026_01_14_0012_ev00136_rec0","no",267942
137,0,19.6300499991989,-77.81982421875,-84.2285079956055,-6.40868377685547,1.24999999999886,34.2500000000001,30.0000000000011,27488.5449607746,-27574.0939992168,241940.293040191,-294.456183624268,19.6189499991989,19.6176999991989,392601,"2026_01_14_0012","2026_01_14_0012_ev00137_rec0","no",267943
138,0,19.6474999991989,-79.04052734375,-85.1440353393555,-6.10350799560547,0.650000000000261,30.5999999999997,30.0000000000011,-82.535767292831,-4.04499084222901,2.41789342652251,-118.469045066834,19.6474999991989,19.6468499991989,392950,"2026_01_14_0012","2026_01_14_0012_ev00138_rec0","no",267944
139,0,19.7835999991989,-83.1676603044782,-87.2802658081055,-4.11260550362724,0.200000000003087,0.250000000001194,0.949999999999562,-82.3065711422302,-2.91522123921603,4.62461379048089,11.5843282972062,19.7835999991989,19.7832499991989,395672,"2026_01_14_0012","2026_01_14_0012_ev00139_rec0","no",267945
140,0,19.8099499991989,-82.4410509381975,-84.5336837768555,-2.09263283865792,0.0500000000016598,0.249999999997641,0.0500000000016598,-81.3624459275634,-2.06407407172049,0.501701849961763,30.3115423202516,19.8096999991989,19.8096499991989,396199,"2026_01_14_0012","2026_01_14_0012_ev00140_rec0","no",267946
141,0,19.8898499991989,-82.702630905878,-114.440910339355,-31.7382794334775,4.59999999999994,18.6499999999974,17.8499999999993,-88.3669087514581,-22.3785720119301,13.6872327643097,-670.120167187282,19.8847999991989,19.8801499991989,397797,"2026_01_14_0012","2026_01_14_0012_ev00141_rec0","no",267947
142,0,19.9698499991989,-82.5137118384952,-94.6044845581055,-12.0907727196103,2.74999999999892,20.8499999999994,18.3999999999997,93462.3947854908,-93554.0665860978,366980.302648007,-242.870836039952,19.9624999991989,19.9596999991989,399397,"2026_01_14_0012","2026_01_14_0012_ev00142_rec0","no",267948
143,0,20.0097999991989,-84.5046205066499,-109.558097839355,-25.0534773327055,2.85000000000224,24.4499999999981,26.3999999999989,155094.353423056,-155201.999636409,295343.703201712,-546.446988414583,20.0080999991989,20.0040999991989,400196,"2026_01_14_0012","2026_01_14_0012_ev00143_rec0","no",267949
144,0,20.0675999991989,-95.0695143200102,-98.2665939331055,-3.19707961309524,0.0500000000016598,3.29999999999941,0,32839.381801014,-32935.283485923,112927.81589974,101.634434291295,20.0640999991989,20.0640499991989,401352,"2026_01_14_0012","2026_01_14_0012_ev00144_rec0","no",267950
145,0,20.1472499991989,-90.6371994018555,-96.1303634643555,-5.4931640625,0.350000000000961,4.49999999999662,5.49999999999784,-85.2947403584358,-11.6830886010128,11.9045281380362,28.9382932662964,20.1471499991989,20.1467999991989,402945,"2026_01_14_0012","2026_01_14_0012_ev00145_rec0","no",267951
146,0,20.1874499991989,-84.4028941563198,-91.2475509643555,-6.84465680803571,0.0999999999997669,0.200000000003087,0.250000000001194,-84.2604700560402,-6.94999765031312,0.253131886717973,2.05555455344083,20.1874499991989,20.1873499991989,403749,"2026_01_14_0012","2026_01_14_0012_ev00146_rec0","no",267952
147,0,20.2232499991989,-85.6671941848028,-90.3320236206055,-4.66482943580264,0.149999999997874,0.199999999999534,0,-84.3361533970316,-2.3897370307841,3.32417359612506,31.2085797718592,20.2231499991989,20.2229999991989,404465,"2026_01_14_0012","2026_01_14_0012_ev00147_rec0","no",267953
148,0,20.3032999991989,-85.4492111206055,-89.1113204956055,-3.662109375,0.0500000000016598,0.199999999999534,0,-82.4573030653329,-3.03780578450332,4.30876953483935,76.2328733444214,20.3031499991989,20.3030999991989,406066,"2026_01_14_0012","2026_01_14_0012_ev00148_rec0","no",267954
149,0,20.4613999991989,-92.2357392084031,-99.1821212768555,-6.94638206845238,1.79999999999936,4.6999999999997,3.55000000000061,-85.2788253722239,-12.8325570400347,11.993746907192,57.6139173780169,20.4612999991989,20.4584499991989,409228,"2026_01_14_0012","2026_01_14_0012_ev00149_rec0","no",267955
150,0,20.5274499991989,-87.3093301682245,-90.3320236206055,-3.02269345238095,0.650000000000261,0.849999999999795,0.499999999998835,-83.8145338341029,-5.78122985770742,2.28241679547758,90.9699773606801,20.5274499991989,20.5265499991989,410549,"2026_01_14_0012","2026_01_14_0012_ev00150_rec0","no",267956
151,0,20.5671499991989,-83.5164318992978,-89.7216720581055,-6.20524015880767,0.199999999999534,0.250000000001194,0.250000000001194,-84.1818053326919,-5.48832507019449,0.187903441480549,-22.491464669364,20.5669999991989,20.5667499991989,411343,"2026_01_14_0012","2026_01_14_0012_ev00151_rec0","no",267957
152,0,20.5989999991989,-84.9987139020647,-94.9096603393555,-9.91094643729073,0.349999999997408,0.249999999997641,0,-82.9396747963144,-5.26840646531222,10.0517735978721,10.1957755770003,20.5989999991989,20.5986499991989,411980,"2026_01_14_0012","2026_01_14_0012_ev00152_rec0","no",267958
153,0,20.7094999991989,-86.2630132039388,-124.206535339355,-37.9435221354167,6.19999999999976,23.1999999999992,21.7500000000008,103.240348184666,-230.796591952394,173.030737939366,-858.599347941081,20.7084499991989,20.7019499991989,414190,"2026_01_14_0012","2026_01_14_0012_ev00153_rec0","no",267959
154,0,20.7828499991989,-89.2275779360817,-93.0786056518555,-3.85102771577381,0.0999999999997669,0.299999999999301,0.750000000000028,-85.989587353079,-5.42647495440599,5.00326028989466,68.9417483011881,20.7826499991989,20.7825499991989,415657,"2026_01_14_0012","2026_01_14_0012_ev00154_rec0","no",267960
155,0,20.9469999991989,-87.1349440075102,-91.2475509643555,-4.11260695684524,0.450000000000728,0.450000000000728,0.750000000000028,-84.4145113854991,-5.38094824784249,3.1843414954326,64.2017068408784,20.9466499991989,20.9459499991989,418940,"2026_01_14_0012","2026_01_14_0012_ev00155_rec0","no",267961
156,0,21.0544999991989,-87.5854415893555,-115.661613464355,-28.076171875,4.20000000000087,21.6500000000011,19.7500000000019,-67.3904396037615,-53.5328996225521,35.2553496087945,-634.140014648438,21.0509999991989,21.0464499991989,421090,"2026_01_14_0012","2026_01_14_0012_ev00156_rec0","no",267962
157,0,21.1068499991989,-89.765268598284,-92.4682540893555,-2.70298549107143,0.0999999999997669,0.150000000001427,0.150000000001427,-88.9561328295545,-5.58050484631859,0.15096091829978,22.9633857182093,21.1068499991989,21.1067499991989,422137,"2026_01_14_0012","2026_01_14_0012_ev00157_rec0","no",267963
158,0,21.1238499991989,-86.2630132039388,-97.0458908081055,-10.7828776041667,2.25000000000009,7.10000000000122,7.89999999999935,-84.1737664136616,-9.46488592910381,17.8448393333357,-97.9207356770835,21.1221999991989,21.1194999991989,422477,"2026_01_14_0012","2026_01_14_0012_ev00158_rec0","no",267964
159,0,21.1669999991989,-86.045030503046,-92.7734298706055,-6.72839936755952,0.199999999999534,0.150000000001427,0.199999999999534,-84.2690760343523,-4.80192063536778,1.56722250910321,44.9091444651287,21.1669999991989,21.1666999991989,423340,"2026_01_14_0012","2026_01_14_0012_ev00159_rec0","no",267965
160,0,21.3238499991989,-84.1413149152483,-87.8906173706055,-3.74930245535714,0.299999999999301,1.24999999999886,1.95000000000078,-83.3193752716864,-3.54873886372994,4.09037038319791,8.96778523581381,21.3238499991989,21.3234999991989,426477,"2026_01_14_0012","2026_01_14_0012_ev00160_rec0","no",267966
161,0,21.4277999991989,-75.98876953125,-81.4819259643555,-5.49315643310547,0.299999999999301,40.1000000000025,29.9000000000014,-84.048288513146,-0.660385559185621,1.01504385408775,-331.481648826599,21.4169999991989,21.4165999991989,428556,"2026_01_14_0012","2026_01_14_0012_ev00161_rec0","no",267967
162,0,21.4465999991989,-85.3620180402483,-94.9096603393555,-9.54764229910714,0.549999999996942,0.249999999997641,0.250000000001194,-85.1297614625062,-4.24160283078597,2.02941938015371,-2.96130567278169,21.4465999991989,21.4458499991989,428932,"2026_01_14_0012","2026_01_14_0012_ev00162_rec0","no",267968
163,0,21.4666499991989,-85.2748256865002,-92.7734298706055,-7.49860418410529,0.299999999999301,0.900000000001455,1.20000000000076,-84.5766846737802,-4.87406065617512,3.57380717078275,1.69482913244318,21.4664999991989,21.4660499991989,429333,"2026_01_14_0012","2026_01_14_0012_ev00163_rec0","no",267969
164,0,21.5265499991989,-85.8851765223912,-88.8061447143555,-2.92096819196429,0.299999999999301,21.5999999999994,19.8,-234557.521971038,234475.221469827,995469.482221254,1.24358100891094,21.5265499991989,21.5262499991989,430531,"2026_01_14_0012","2026_01_14_0012_ev00164_rec0","no",267970
165,0,21.5621999991989,-83.298449198405,-92.4682540893555,-9.16980489095052,2.25000000000009,42.0000000000016,30.0000000000011,-90.2664787618754,-2.10041131615922,1.82492124448234,-313.302145004272,21.5512999991989,21.5490499991989,431244,"2026_01_14_0012","2026_01_14_0012_ev00165_rec0","no",267971
166,0,21.5876999991989,-92.9623482113793,-96.1303634643555,-3.16801525297619,1.04999999999933,1.24999999999886,0,-86.1042533530841,-7.00551736287247,10.6827716717841,133.14928212847,21.5874499991989,21.5862499991989,431754,"2026_01_14_0012","2026_01_14_0012_ev00166_rec0","no",267972
167,0,21.6065499991989,-88.515501113165,-93.3837814331055,-4.86828031994048,0.150000000001427,0.150000000001427,0.499999999998835,-84.7772639760378,-6.35943601380831,3.77283419038225,87.710421389625,21.6065499991989,21.6063999991989,432131,"2026_01_14_0012","2026_01_14_0012_ev00167_rec0","no",267973
168,0,21.6266499991989,-86.7861716860817,-91.5527267456055,-4.76655505952381,0.0499999999981071,0.0999999999997669,0,-83.4144072531219,-4.6645968136127,2.31465506389676,89.5905071167719,21.6264999991989,21.6264499991989,432533,"2026_01_14_0012","2026_01_14_0012_ev00168_rec0","no",267974
169,0,21.6887499991989,-87.3383945283436,-91.8579025268555,-4.5195079985119,0.250000000001194,0.150000000001427,0,-84.4701632947775,-4.02582075345284,1.47994146497147,79.8208943503246,21.6887499991989,21.6884999991989,433775,"2026_01_14_0012","2026_01_14_0012_ev00169_rec0","no",267975
170,0,21.7065499991989,-85.6962581816174,-88.1957931518555,-2.4995349702381,0.0999999999997669,0.350000000000961,0.600000000002154,-84.1396966247427,-3.40979169973843,1.86656011247878,39.8319625309533,21.7065499991989,21.7064499991989,434131,"2026_01_14_0012","2026_01_14_0012_ev00170_rec0","no",267976
171,0,21.7265499991989,-86.0595626831055,-90.9423751831055,-4.8828125,0.200000000003087,0.0500000000016598,0.249999999997641,-83.616142480555,-4.70637669909125,2.54261528141553,60.5621150970459,21.7265499991989,21.7263499991989,434531,"2026_01_14_0012","2026_01_14_0012_ev00171_rec0","no",267977
172,0,21.8063999991989,-87.6435703095936,-95.2148361206055,-7.5712658110119,0.249999999997641,0.149999999997874,0,-84.9517485414245,-5.45013424615312,2.18018632873068,68.0411131995067,21.8063999991989,21.8061499991989,436128,"2026_01_14_0012","2026_01_14_0012_ev00172_rec0","no",267978
173,0,21.8792999991989,-93.2965883527483,-96.1303634643555,-2.83377511160714,0.699999999998369,2.49999999999773,2.70000000000081,-90.2522310055338,-6.45597978256945,5.8750993591006,54.4161111559188,21.8792999991989,21.8785999991989,437586,"2026_01_14_0012","2026_01_14_0012_ev00173_rec0","no",267979
174,0,21.9113999991989,-89.9832512991769,-95.2148361206055,-5.23158482142857,0.0999999999997669,4.44999999999851,0,-96.9365979404597,1.55332855289599,0.0326904182162927,-247.537885393415,21.9057999991989,21.9054499991989,438228,"2026_01_14_0012","2026_01_14_0012_ev00174_rec0","no",267980
175,0,21.9286499991989,-92.9187516712007,-105.895988464355,-12.9772367931548,2.44999999999962,9.39999999999941,8.90000000000057,-91.494046269807,-11.4006947944798,14.6894367018967,-145.184108189174,21.9263999991989,21.9238999991989,438573,"2026_01_14_0012","2026_01_14_0012_ev00175_rec0","no",267981
176,0,21.9486999991989,-90.3320236206055,-96.1303634643555,-5.79833984375,0.500000000002387,10.1999999999975,13.4499999999989,32716.6413919065,-32811.9205744019,157295.992238039,-58.3572387695312,21.9486999991989,21.9481999991989,438974,"2026_01_14_0012","2026_01_14_0012_ev00176_rec0","no",267982
177,0,22.0063499991989,-87.2802658081055,-136.71875,-49.4384841918945,8.60000000000127,20.5500000000001,13.300000000001,-85.66722632995,-48.6389378221857,14.8984801509566,-1077.76647987366,22.0010499991989,21.9920499991989,440127,"2026_01_14_0012","2026_01_14_0012_ev00177_rec0","no",267983
178,0,22.0639999991989,-86.9750900268555,-89.7216720581055,-2.74658203125,0.149999999997874,1.00000000000122,1.40000000000029,-84.8461120678743,-4.30445133145761,4.48463698418486,44.3572929382324,22.0639999991989,22.0638499991989,441280,"2026_01_14_0012","2026_01_14_0012_ev00178_rec0","no",267984
179,0,22.1285499991989,-88.4137758527483,-94.6044845581055,-6.19070870535714,0.0500000000016598,0.0999999999997669,0.0999999999997669,-87.5665662828397,-6.60920167953125,0.107370161129271,24.1797295706614,22.1284999991989,22.1284499991989,442571,"2026_01_14_0012","2026_01_14_0012_ev00179_rec0","no",267985
180,0,22.1462499991989,-89.5327537173317,-97.3510665893555,-7.81831287202381,0.199999999999534,0.350000000000961,0,35610.5398993941,-35700.5413790596,209735.003053955,60.9904675074986,22.1462499991989,22.1456999991989,442925,"2026_01_14_0012","2026_01_14_0012_ev00180_rec0","no",267986
181,0,22.1592499991989,-86.2484810238793,-92.1630783081055,-5.91459728422619,0.199999999999534,1.89999999999912,3.25000000000131,-83.5488195279833,-6.56948203066061,10.9475194935974,12.7287292662121,22.1592499991989,22.1587999991989,443185,"2026_01_14_0012","2026_01_14_0012_ev00181_rec0","no",267987
182,0,22.1821999991989,-83.9523965744745,-86.9750900268555,-3.02269345238095,0.199999999999534,0.900000000001455,1.59999999999982,-82.3045556730173,-3.60571796971242,6.10432291897994,27.167879722232,22.1821999991989,22.1819999991989,443644,"2026_01_14_0012","2026_01_14_0012_ev00182_rec0","no",267988
183,0,22.3005499991989,-87.5854415893555,-95.2148361206055,-7.62939453125,2.09999999999866,6.70000000000215,5.8499999999988,-84.7927230197851,-9.6501711889375,10.8133365973692,-23.1552158355713,22.3002999991989,22.2975999991989,446011,"2026_01_14_0012","2026_01_14_0012_ev00183_rec0","no",267989
184,0,22.3684999991989,-93.093137831915,-95.8251876831055,-2.73204985119048,0.699999999998369,3.19999999999965,0.299999999999301,-38.7532274271515,-55.470330587009,142.477314807877,123.55077738989,22.3666499991989,22.3648499991989,447370,"2026_01_14_0012","2026_01_14_0012_ev00184_rec0","no",267990
185,0,22.4497499991989,-86.2194166637602,-94.9096603393555,-8.69024367559524,1.45000000000195,12.9000000000019,12.5500000000009,-25.9526600907348,-66.7066483151825,252.798077408389,-104.013352167039,22.4469999991989,22.4447999991989,448995,"2026_01_14_0012","2026_01_14_0012_ev00185_rec0","no",267991
186,0,22.4860499991989,-89.1694492158436,-93.9941329956055,-4.8246837797619,0.299999999999301,1.34999999999863,1.69999999999959,-87.5660420874881,-6.4275993722901,2.62711467326602,29.2554575238911,22.4860499991989,22.4854999991989,449721,"2026_01_14_0012","2026_01_14_0012_ev00186_rec0","no",267992
187,0,22.5681499991989,-84.6935377575102,-93.6889572143555,-8.99541945684524,0.0999999999997669,30.0499999999992,29.9999999999976,-83.8536723087467,0.604860985120777,8.04066955257853,29.6107470103672,22.5681499991989,22.5680499991989,451363,"2026_01_14_0012","2026_01_14_0012_ev00187_rec0","no",267993
188,0,22.6281499991989,-87.876085190546,-90.3320236206055,-2.45593843005952,0.350000000000961,17.4500000000002,16.2499999999994,-101331.618891715,101248.977926826,267672.165074368,-13.6853206997824,22.6281499991989,22.6277999991989,452563,"2026_01_14_0012","2026_01_14_0012_ev00188_rec0","no",267994
189,0,22.6682499991989,-91.596323285784,-101.623527526855,-10.0272042410714,2.50000000000128,7.45000000000218,6.15000000000165,-63.8600932657531,-34.6744157358977,62.8718036627735,-29.1551862444197,22.6663499991989,22.6632999991989,453365,"2026_01_14_0012","2026_01_14_0012_ev00189_rec0","no",267995
190,0,22.7393499991989,-85.8706443423317,-90.3320236206055,-4.46137927827381,0.599999999998602,0.199999999999534,0,-82.9764608600858,-4.30733639593692,7.87804145095278,52.5109255654471,22.7393499991989,22.7384999991989,454787,"2026_01_14_0012","2026_01_14_0012_ev00190_rec0","no",267996
191,0,22.7930999991989,-85.8125156220936,-125.122062683105,-39.3095470610119,6.94999999999979,21.4999999999996,18.5499999999976,-69.5220811634037,-54.5264155826383,32.521370812067,-851.90691266741,22.7898499991989,22.7827999991989,455862,"2026_01_14_0012","2026_01_14_0012_ev00191_rec0","no",267997
192,0,22.9551499991989,-87.3819910685221,-110.168449401855,-22.7864583333333,2.44999999999962,19.1499999999998,16.3499999999992,-82.4826780498715,-32.2015391792925,18.5472812725939,-477.109273274739,22.9503499991989,22.9475999991989,459103,"2026_01_14_0012","2026_01_14_0012_ev00192_rec0","no",267998
193,0,23.0056499991989,-87.4982485089983,-91.5527267456055,-4.05447823660714,0.0999999999997669,0.0999999999997669,0,-84.1734770454244,-4.38809871266236,1.87485993766079,90.6993198939733,23.0055499991989,23.0054499991989,460113,"2026_01_14_0012","2026_01_14_0012_ev00193_rec0","no",267999
194,0,23.0824499991989,-81.481928507487,-94.6044845581055,-13.1225560506185,2.34999999999985,22.549999999999,30.0000000000011,-87.445929788793,-8.66500573781438,6.4381265106582,-295.509245745341,23.0783999991989,23.0756999991989,461649,"2026_01_14_0012","2026_01_14_0012_ev00194_rec0","no",268000
195,0,23.1411999991989,-88.0214069911412,-97.3510665893555,-9.32965959821429,1.59999999999982,4.4000000000004,4.6999999999997,-85.6749687699855,-8.47745246671871,12.4261051347197,-37.9039227076941,23.1404999991989,23.1380499991989,462824,"2026_01_14_0012","2026_01_14_0012_ev00195_rec0","no",268001
196,0,23.2476999991989,-88.2539218720936,-93.6889572143555,-5.4350353422619,0.0500000000016598,4.1000000000011,0,38148.6688370627,-38237.9349283367,212801.771033012,37.4846637816659,23.2431999991989,23.2429999991989,464954,"2026_01_14_0012","2026_01_14_0012_ev00196_rec0","no",268002
197,0,23.2676999991989,-86.5245928083147,-92.7734298706055,-6.24883706229073,0.0999999999997669,0.150000000001427,0,-83.4639845882907,-4.404301922129,3.37624580516287,76.158423287528,23.2675999991989,23.2674999991989,465354,"2026_01_14_0012","2026_01_14_0012_ev00197_rec0","no",268003
198,0,23.4661499991989,-86.0886270432245,-88.5009689331055,-2.41234188988095,0.0500000000016598,2.50000000000128,1.59999999999982,-84.0300637981439,-6.48420698670633,2.02410442792574,45.0646387917656,23.4647499991989,23.4646999991989,469323,"2026_01_14_0012","2026_01_14_0012_ev00198_rec0","no",268004
199,0,23.5411499991989,-83.9959931146531,-117.492668151855,-33.4966750372024,4.14999999999921,30.0500000000028,29.7999999999981,159818.718859161,-159937.170357537,215998.319201852,-882.574535551525,23.5380999991989,23.5331999991989,470823,"2026_01_14_0012","2026_01_14_0012_ev00199_rec0","no",268005
200,0,23.6052999991989,-85.7834512619745,-87.8906173706055,-2.10716610863095,0,0,0,-83.3303885760613,-3.10212050188698,2.58526257730178,64.3946083704632,23.6052999991989,23.6049999991989,472106,"2026_01_14_0012","2026_01_14_0012_ev00200_rec0","no",268006
201,0,23.8848999991989,-84.6354090372721,-90.0268478393555,-5.39143880208333,0.150000000001427,0.149999999997874,0.0999999999997669,-86.0028786224515,-3.98564707500092,0.045691489664527,-41.715010579427,23.8848999991989,23.8846999991989,477698,"2026_01_14_0012","2026_01_14_0012_ev00201_rec0","no",268007
202,0,23.9048999991989,-86.8878973098028,-91.8579025268555,-4.97000521705264,0.149999999997874,10.349999999999,10.2499999999992,-50.399580965286,-40.9983739115774,152.193450734303,-30.7704282306491,23.9022999991989,23.9020499991989,478098,"2026_01_14_0012","2026_01_14_0012_ev00202_rec0","no",268008
203,0,24.0588499991989,-83.4001744588216,-92.7734298706055,-9.37325541178386,2.15000000000032,24.6999999999993,29.9999999999976,-87.007361663931,-11.2393730961106,7.11390177954818,-281.770950698853,24.0519999991989,24.0492999991989,481177,"2026_01_14_0012","2026_01_14_0012_ev00203_rec0","no",268009
204,0,24.1003999991989,-86.7716395060221,-90.3320236206055,-3.56038411458333,0.0499999999981071,0.149999999997874,0,-84.9910565434223,-2.69105166423219,4.45533406763937,41.2165243784588,24.1003999991989,24.1000499991989,482008,"2026_01_14_0012","2026_01_14_0012_ev00204_rec0","no",268010
205,0,24.1364999991989,-87.265733628046,-90.6371994018555,-3.37146577380952,0.150000000001427,0.599999999998602,1.75000000000125,-83.5522668225103,-5.5854305519943,14.6217874135877,40.1505931672597,24.1364999991989,24.1363499991989,482730,"2026_01_14_0012","2026_01_14_0012_ev00205_rec0","no",268011
206,0,24.2003499991989,-87.1349440075102,-93.6889572143555,-6.55401320684524,1.69999999999959,0.199999999999534,0.849999999999795,-84.4400242697542,-5.92307758660466,5.78139837837087,43.2277800060453,24.2001999991989,24.1983499991989,484007,"2026_01_14_0012","2026_01_14_0012_ev00206_rec0","no",268012
207,0,24.2669499991989,-90.1867018200102,-96.1303634643555,-5.94366164434524,0.699999999998369,2.84999999999869,0,70951.514273937,-71043.8205554793,257462.013785925,49.488246227446,24.2641499991989,24.2632999991989,485339,"2026_01_14_0012","2026_01_14_0012_ev00207_rec0","no",268013
208,0,24.3045999991989,-80.5663986206055,-85.1440353393555,-4.57763671875,0.250000000001194,30.6500000000014,30.0000000000011,-83.674182013749,-4.13606367649919,1.91792790570902,-105.567949104309,24.3040999991989,24.3038499991989,486092,"2026_01_14_0012","2026_01_14_0012_ev00208_rec0","no",268014
209,0,24.3453999991989,-80.8715744018555,-84.2285079956055,-3.35693359375,0.650000000000261,31.0000000000024,30.0000000000011,-84.2565688983561,-3.66385826288594,3.51451349493936,-121.246348381042,24.3450499991989,24.3443999991989,486908,"2026_01_14_0012","2026_01_14_0012_ev00209_rec0","no",268015
210,0,24.4067499991989,-88.6462910970052,-93.6889572143555,-5.04266611735027,0.149999999997874,0.150000000001427,0.0999999999997669,-85.2963916757348,-5.74819574893559,1.21969067479309,92.7785278956094,24.4066999991989,24.4064499991989,488135,"2026_01_14_0012","2026_01_14_0012_ev00210_rec0","no",268016
211,0,24.4601499991989,-85.8706443423317,-88.8061447143555,-2.93550037202381,0.350000000000961,6.29999999999953,7.34999999999886,-84.3520454848529,-4.75736299608006,12.2357032641983,-10.2030462900798,24.4598499991989,24.4594999991989,489203,"2026_01_14_0012","2026_01_14_0012_ev00211_rec0","no",268017
212,0,24.6865499991989,-86.6699142456055,-90.3320236206055,-3.662109375,0.149999999997874,9.85000000000014,9.49999999999918,-759447.610958111,759379.316073047,365153.103393958,-384.910638237,24.6863499991989,24.6861999991989,493731,"2026_01_14_0012","2026_01_14_0012_ev00212_rec0","no",268018
213,0,24.7198499991989,-84.1558474586124,-147.705078125,-63.5492306663876,9.9499999999999,27.4000000000001,20.0999999999993,-59.5592538722127,-90.68223327887,31.7421677676023,-1671.64987612225,24.7148999991989,24.7040999991989,494397,"2026_01_14_0012","2026_01_14_0012_ev00213_rec0","no",268019
214,0,24.8399499991989,-86.074094863165,-92.1630783081055,-6.08898344494048,0.650000000000261,0.650000000000261,0.550000000000495,-83.7643761025504,-4.88532447445039,8.28579650960553,27.9471871421449,24.8398999991989,24.8388999991989,496799,"2026_01_14_0012","2026_01_14_0012_ev00214_rec0","no",268020
215,0,24.9972999991989,-84.6006285017759,-97.170412778065,-12.5697842762891,1.1999999999972,18.7999999999988,21.6499999999975,-68.1712829657724,-29.5230722473848,64.2624341722723,-242.158924611868,24.9952999991989,24.9938499991989,499946,"2026_01_14_0012","2026_01_14_0012_ev00215_rec0","no",268021
216,0,25.0439999991989,-88.0716849485501,-121.906767626199,-33.8350826776492,6.55000000000072,18.3499999999981,11.1000000000026,-84.5098205561708,-31.7025820179824,16.3466058393549,-636.839332214462,25.0376499991989,25.0309999991989,500880,"2026_01_14_0012","2026_01_14_0012_ev00216_rec0","no",268022
217,0,25.0796499991989,-87.3083394800918,-90.6385053101014,-3.33016583000959,0.0499999999981071,0.250000000001194,0.499999999998835,-86.9438720797166,-1.82167617494067,3.73097507306613,3.17777850628532,25.0793999991989,25.0793499991989,501593,"2026_01_14_0012","2026_01_14_0012_ev00217_rec0","no",268023
218,0,25.1062999991989,-89.1175156153037,-96.0732831586672,-6.95576754336352,0.200000000003087,0.0499999999981071,0,-84.7715330097174,-6.40005215781962,8.21843129349856,77.5924963924905,25.1061499991989,25.1059499991989,502126,"2026_01_14_0012","2026_01_14_0012_ev00218_rec0","no",268024
219,0,25.5457999991989,-86.5025662630186,-100.95695377444,-14.4543875114217,5.75000000000259,7.79999999999959,6.15000000000165,-87.2577140512364,-9.42826990830454,8.57853611895172,-164.032737705147,25.5445999991989,25.5387999991989,510916,"2026_01_14_0012","2026_01_14_0012_ev00219_rec0","no",268025
220,0,25.6233999991989,-88.8831301168288,-120.0774897744,-31.1943596575708,4.4000000000004,20.2999999999989,18.0500000000023,-59.499757826003,-60.6072051705923,45.9313847110806,-650.935294926175,25.6191999991989,25.6146499991989,512468,"2026_01_14_0012","2026_01_14_0012_ev00220_rec0","no",268026
221,0,25.7550499991989,-87.9829579581697,-91.1988925714809,-3.21593461331119,0.0999999999997669,0.0999999999997669,0.299999999999301,-86.0968603450965,-3.3265168036901,3.72117692883378,43.8503155123243,25.7548499991989,25.7547499991989,515101,"2026_01_14_0012","2026_01_14_0012_ev00221_rec0","no",268027
222,0,25.7855999991989,-86.3067436140845,-94.3666762773813,-8.05993266329682,0.199999999999534,0.0999999999997669,0,-84.3484293757834,-3.73828240667487,6.02048802803036,35.5521259292589,25.7855999991989,25.7853499991989,515712,"2026_01_14_0012","2026_01_14_0012_ev00222_rec0","no",268028
223,0,25.8749499991989,-90.7421590868495,-98.4746651784435,-7.73250609159402,1.65000000000148,3.00000000000011,0,-84.2203647961686,-9.29920908791985,13.1506857865435,76.9073724785035,25.8749499991989,25.8704499991989,517499,"2026_01_14_0012","2026_01_14_0012_ev00223_rec0","no",268029
224,0,25.8990499991989,-85.1788612110362,-87.6270118665922,-2.44815065555599,0.200000000003087,1.40000000000029,1.50000000000006,-83.8413392467494,-3.68300985817288,3.04302246148919,27.8510118877784,25.8989499991989,25.8986999991989,517981,"2026_01_14_0012","2026_01_14_0012_ev00224_rec0","no",268030
225,0,25.9873499991989,-82.0029530396458,-108.686295782797,-26.683342743151,4.90000000000279,22.0999999999982,21.5499999999977,-80.3831020678517,-32.1139782094736,20.9574455835287,-616.418247664749,25.9849999991989,25.9795999991989,519747,"2026_01_14_0012","2026_01_14_0012_ev00225_rec0","no",268031
226,0,26.0230499991989,-90.1815340475494,-96.2107182669059,-6.02918421935648,0.149999999997874,0.0999999999997669,0,-84.5308381520562,-6.101386928232,10.0224627397464,110.747992421414,26.0229999991989,26.0228499991989,520461,"2026_01_14_0012","2026_01_14_0012_ev00226_rec0","no",268032
227,0,26.0960499991989,-88.1743752117693,-90.8687765379466,-2.69440132617723,0.150000000001427,0.299999999999301,0.350000000000961,-83.8322878057594,-5.50004910253351,11.8937810681413,70.1710028018493,26.0960499991989,26.0955999991989,521921,"2026_01_14_0012","2026_01_14_0012_ev00227_rec0","no",268033
228,0,26.1726499991989,-83.8038621281358,-93.1570750288084,-9.35321290067263,1.04999999999933,21.5499999999977,22.4000000000011,33687.5332315737,-33781.9261334856,106177.042841067,-216.522016826238,26.1683499991989,26.1662999991989,523453,"2026_01_14_0012","2026_01_14_0012_ev00228_rec0","no",268034
229,0,26.2452499991989,-90.4364852937217,-102.554488882638,-12.1180035889164,7.65000000000171,20.4500000000003,15.9500000000001,-78.2966200762256,-25.0722590193644,38.8697654966172,-246.835373203799,26.2437499991989,26.2353999991989,524905,"2026_01_14_0012","2026_01_14_0012_ev00229_rec0","no",268035
230,0,26.2984499991989,-92.7535006243164,-102.24056427121,-9.48706364689355,0.650000000000261,4.54999999999828,5.09999999999877,-81.472847850002,-17.848680378624,27.2183060131072,-0.0432862353753762,26.2976499991989,26.2954999991989,525969,"2026_01_14_0012","2026_01_14_0012_ev00230_rec0","no",268036
231,0,26.3480499991989,-81.9212589761936,-86.3858564758358,-4.46459749964212,0.299999999999301,23.0500000000013,30.0000000000011,4982.17654296382,-5068.03847484936,67169.8169540647,-87.9178728915751,26.3476999991989,26.3473999991989,526961,"2026_01_14_0012","2026_01_14_0012_ev00231_rec0","no",268037
232,0,26.4321999991989,-84.7720456388721,-93.9086209637959,-9.13657532492381,0.299999999999301,11.5000000000016,13.7999999999998,-80.6666763786575,-15.2626776432132,19.3704238731245,-126.560115749059,26.4307499991989,26.4298999991989,528644,"2026_01_14_0012","2026_01_14_0012_ev00232_rec0","no",268038
233,0,26.7625999991989,-81.9941341889651,-101.117180647019,-19.123046458054,7.99999999999912,33.3499999999987,29.9999999999976,338433.683212205,-338533.011340071,1051920.97799607,-541.92273573106,26.7596499991989,26.7505499991989,535252,"2026_01_14_0012","2026_01_14_0012_ev00233_rec0","no",268039
234,0,26.8061999991989,-92.2649328123269,-95.5149835142938,-3.25005070196684,0.0999999999997669,0.299999999999301,0.550000000000495,-86.0159358130895,-8.28774610146411,5.33174703539232,143.289905074615,26.8061999991989,26.8060999991989,536124,"2026_01_14_0012","2026_01_14_0012_ev00234_rec0","no",268040
235,0,26.9832499991989,-80.8502810544812,-91.3888583102329,-10.5385772557516,7.10000000000122,15.0499999999987,14.050000000001,-83.2530195812069,-6.00872413539755,10.0937624272309,-208.044281729,26.9809999991989,26.9725999991989,539665,"2026_01_14_0012","2026_01_14_0012_ev00235_rec0","no",268041
236,0,27.0730999991989,-82.459964960388,-91.0775495986217,-8.61758463823368,3.09999999999988,21.0000000000008,21.1000000000006,-81.3408154918886,-11.5625768723243,21.3903478781073,-182.244433636603,27.0729999991989,27.0676499991989,541462,"2026_01_14_0012","2026_01_14_0012_ev00236_rec0","no",268042
237,0,27.1468999991989,-84.7195748565088,-91.5771493508827,-6.85757449437395,1.54999999999816,8.70000000000104,7.79999999999959,-83.9437892695738,-7.56352189383009,9.44150122817723,-69.5364468530922,27.1442499991989,27.1425499991989,542938,"2026_01_14_0012","2026_01_14_0012_ev00237_rec0","no",268043
238,0,27.3734999991989,-89.2653144870899,-91.8714904677851,-2.6061759806952,0.149999999997874,0.199999999999534,0.300000000002854,-83.1936085940232,-7.12365623058746,24.4896266378574,58.4036297512147,27.3733999991989,27.3731999991989,547470,"2026_01_14_0012","2026_01_14_0012_ev00238_rec0","no",268044
239,0,27.3987999991989,-85.4861015195006,-89.3679277654172,-3.88182624591664,0.199999999999534,0.250000000001194,0.299999999999301,-82.6703219460525,-4.38753688560964,8.92363914061026,46.0593075238593,27.3987999991989,27.3985499991989,547976,"2026_01_14_0012","2026_01_14_0012_ev00239_rec0","no",268045
240,0,27.7057999991989,-86.5255074245658,-99.7226376815343,-13.1971302569684,0.550000000000495,7.75000000000148,11.1500000000007,103252.28852655,-103348.483089584,240512.162564868,-103.354312687633,27.7055499991989,27.7042999991989,554116,"2026_01_14_0012","2026_01_14_0012_ev00240_rec0","no",268046
241,0,27.7521499991989,-88.1722955390848,-90.2898925145826,-2.1175969754978,0.0500000000016598,0.350000000000961,0,-65.2299893756465,-23.0258281895256,86.7108874769418,104.171908498157,27.7519999991989,27.7516999991989,555043,"2026_01_14_0012","2026_01_14_0012_ev00241_rec0","no",268047
242,0,28.0506499991989,-87.6460021852694,-90.6522910518376,-3.00628886656826,0.900000000001455,0.150000000001427,0,-78.2468600962103,-10.2667252174231,29.4205290948045,87.6819064380852,28.0505999991989,28.0495999991989,561013,"2026_01_14_0012","2026_01_14_0012_ev00242_rec0","no",268048
243,0,28.1434499991989,-83.6281238094048,-88.6314710206327,-5.00334721122792,0.0999999999997669,0.0999999999997669,0,-72.3173462118609,-12.76364312286,68.1013611943716,29.1777218406822,28.1433999991989,28.1432999991989,562869,"2026_01_14_0012","2026_01_14_0012_ev00243_rec0","no",268049
244,0,28.2118999991989,-86.315985341325,-89.1284239964395,-2.81243865511456,2.15000000000032,3.90000000000157,1.95000000000078,-80.1610457330207,-8.11290594993041,16.3536407417669,62.9607847831517,28.2116499991989,28.2058499991989,564238,"2026_01_14_0012","2026_01_14_0012_ev00244_rec0","no",268050
245,0,28.5083499991989,-80.4370159887141,-92.7622331825799,-12.3252171938658,11.5000000000016,17.949999999999,14.400000000002,-81.8164800929028,-9.98685075914098,12.5690422851579,-274.789293603288,28.5068999991989,28.4945499991989,570167,"2026_01_14_0012","2026_01_14_0012_ev00245_rec0","no",268051
246,0,28.8923499991989,-81.2428257375815,-87.4991348810233,-6.2563091434418,1.10000000000099,15.4500000000013,15.4999999999994,-76.6538320139698,-11.5817563441123,29.943328155802,-98.8928895522259,28.8900499991989,28.8885499991989,577847,"2026_01_14_0012","2026_01_14_0012_ev00246_rec0","no",268052
247,0,29.3895499991989,-83.7680553119086,-90.8861797178648,-7.11812440595619,0.149999999997874,0.0999999999997669,0,-79.0619713776633,-5.73472316015597,15.9828084422803,63.2172057094193,29.3895499991989,29.3893999991989,587791,"2026_01_14_0012","2026_01_14_0012_ev00247_rec0","no",268053
248,0,29.4400999991989,-83.8749457647975,-89.5266450266666,-5.65169926186914,0.0999999999997669,0.0500000000016598,0,-76.9780942842607,-7.49143311655167,25.2700225441885,74.7803878207762,29.4399999991989,29.4398999991989,588802,"2026_01_14_0012","2026_01_14_0012_ev00248_rec0","no",268054
249,0,29.9419999991989,-78.6406933864521,-83.1503522306013,-4.50965884414926,0.250000000001194,21.6500000000011,30.0000000000011,-80.396827099385,-3.58799159519451,10.7923437438635,-91.499691140165,29.9417999991989,29.9415499991989,598840,"2026_01_14_0012","2026_01_14_0012_ev00249_rec0","no",268055
250,0,30.1154499991989,-80.5040979416478,-89.1447772277632,-8.64067928611543,5.20000000000209,11.5499999999997,6.95000000000334,-80.1205944113216,-6.11030636152857,12.9622143820007,-118.96500528015,30.1118999991989,30.1049999991989,602309,"2026_01_14_0012","2026_01_14_0012_ev00250_rec0","no",268056
251,0,30.4992999991989,-79.6913056529957,-95.1152488254449,-15.4239431724492,2.60000000000105,12.95,17.7999999999976,96.2793000508616,-187.993874265856,521.037342557222,-219.812910347482,30.4991999991989,30.4960499991989,609986,"2026_01_14_0012","2026_01_14_0012_ev00251_rec0","no",268057
252,0,30.5884999991989,-79.5912197309974,-96.4709930737085,-16.8797733427111,3.75000000000014,13.0000000000017,15.4999999999994,-73.3532324737869,-20.7501325836401,30.5193635727204,-241.994424753809,30.5883999991989,30.5846499991989,611770,"2026_01_14_0012","2026_01_14_0012_ev00252_rec0","no",268058
253,0,30.7767999991989,-79.2033161177684,-92.656904277897,-13.4535881601286,1.4499999999984,10.8499999999978,12.3499999999979,-79.7707677389509,-10.7503901873124,13.8779203771767,-183.851280449446,30.7748499991989,30.7729999991989,615536,"2026_01_14_0012","2026_01_14_0012_ev00253_rec0","no",268059
254,0,30.8870999991989,-80.3271294109087,-120.655125664181,-40.327996253272,5.40000000000163,20.8499999999994,20.8499999999994,-23.3012966367352,-95.5515801211675,73.4668028689594,-832.250266914074,30.8862999991989,30.8806499991989,617742,"2026_01_14_0012","2026_01_14_0012_ev00254_rec0","no",268060
255,0,30.9946499991989,-87.0728717048149,-90.9445982492192,-3.87172654440424,0.299999999999301,2.70000000000081,2.85000000000224,-79.6667470948162,-9.98958007761729,23.3839521131889,47.4013791142681,30.9926999991989,30.9912999991989,619893,"2026_01_14_0012","2026_01_14_0012_ev00255_rec0","no",268061
256,0,31.1050499991989,-81.4537996111411,-92.1618019925562,-10.7080023814151,2.00000000000244,15.7500000000006,16.0499999999999,-81.364585685255,-12.5144183333677,14.2335729034733,-192.01790544033,31.1027999991989,31.1007999991989,622101,"2026_01_14_0012","2026_01_14_0012_ev00256_rec0","no",268062
257,0,31.1905999991989,-80.8029760652039,-85.5512817245578,-4.74830565935396,0.149999999997874,0.249999999997641,0,-80.0496249724928,-2.49409324575266,5.78928145065052,7.09426814098576,31.1904999991989,31.1902999991989,623812,"2026_01_14_0012","2026_01_14_0012_ev00257_rec0","no",268063
258,0,31.2881499991989,-82.7094277898643,-84.8974894200072,-2.18806163014284,0.500000000002387,2.09999999999866,2.59999999999749,-80.913747766867,-3.63000247110632,7.86312576525949,24.8000741423301,31.2880499991989,31.2875499991989,625763,"2026_01_14_0012","2026_01_14_0012_ev00258_rec0","no",268064
259,0,31.5408499991989,-82.6091534426888,-92.8551365690816,-10.2459831263928,0.199999999999534,6.29999999999953,8.29999999999842,-78.1533631179695,-10.6510827483333,32.3679294165956,-88.8521399986711,31.5384999991989,31.5373999991989,630817,"2026_01_14_0012","2026_01_14_0012_ev00259_rec0","no",268065
260,0,32.3829999991989,-81.1591169403256,-90.4488805269597,-9.28976358663408,3.59999999999872,18.2999999999964,15.2000000000001,-81.0771771482183,-7.89341500939659,18.8380047825474,-195.557652558341,32.3757499991989,32.3711499991989,647660,"2026_01_14_0012","2026_01_14_0012_ev00260_rec0","no",268066
261,0,32.6400499991989,-84.2225258863716,-93.0398971765907,-8.81737129021916,3.4999999999954,13.300000000001,10.4000000000042,-80.5759388676319,-11.5776300292963,20.1277217553514,-108.140014962045,32.6376499991989,32.6339999991989,652801,"2026_01_14_0012","2026_01_14_0012_ev00261_rec0","no",268067
262,0,32.7584499991989,-82.5287314585543,-106.340913207247,-23.8121817486929,3.55000000000416,19.1999999999979,19.3500000000029,-70.9442706312626,-37.9965695155547,31.0820224094552,-490.954933365287,32.7559499991989,32.7520999991989,655169,"2026_01_14_0012","2026_01_14_0012_ev00262_rec0","no",268068
263,0,32.9398499991989,-84.9188903170515,-96.3974747115223,-11.4785843944708,1.7999999999958,7.94999999999391,10.9999999999957,-17.3049706743097,-75.5078381367616,222.469415148298,-99.7517256729359,32.9396999991989,32.9371499991989,658797,"2026_01_14_0012","2026_01_14_0012_ev00263_rec0","no",268069
264,0,32.9839499991989,-86.8640590800952,-92.5170337652722,-5.65297468517701,1.00000000000477,0.150000000004979,0.650000000000261,-72.8212821362428,-16.3085001761808,62.238260618823,31.2589112763202,32.9839499991989,32.9826999991989,659679,"2026_01_14_0012","2026_01_14_0012_ev00264_rec0","no",268070
265,0,33.0691999991989,-84.3646046779825,-90.7361658133494,-6.37156113536696,2.95000000000556,7.74999999999437,8.90000000000413,-72.3589985637165,-17.2797419577084,48.1433553084571,-41.77431996456,33.0684999991989,33.0652999991989,661384,"2026_01_14_0012","2026_01_14_0012_ev00265_rec0","no",268071
266,0,33.1796499991989,-82.4891668170515,-101.42897767253,-18.9398108554789,5.39999999999452,11.650000000003,16.5500000000023,-83.2034145644995,-17.5056569517192,16.1772049234725,-347.314742832347,33.1778999991989,33.1723999991989,663593,"2026_01_14_0012","2026_01_14_0012_ev00266_rec0","no",268072
267,0,33.3024499991989,-84.7651588299566,-174.783002606303,-90.0178437763467,7.54999999999484,31.099999999995,22.9999999999961,78.333387422375,-256.330643876571,86.3086348259566,-2682.65578261053,33.2943499991989,33.2863999991989,666049,"2026_01_14_0012","2026_01_14_0012_ev00267_rec0","no",268073
268,0,33.3488999991989,-101.094613482923,-108.347077060421,-7.25246357749839,0.199999999999534,0.500000000002387,0.94999999999601,4.80372193685013,-109.205809879751,167.577116766356,173.135688292848,33.3487999991989,33.3472999991989,666978,"2026_01_14_0012","2026_01_14_0012_ev00268_rec0","no",268074
269,0,33.4287999991989,-89.7220309278893,-93.4201283574528,-3.69809742956352,0.549999999996942,0.299999999995748,0,18866.7692951771,-18954.4227744062,157008.930030164,114.748036901768,33.4287999991989,33.4273999991989,668576,"2026_01_14_0012","2026_01_14_0012_ev00269_rec0","no",268075
270,0,34.1670999991989,-81.8242082381959,-87.8271762918209,-6.002968053625,0.149999999997874,20.8999999999975,25.349999999996,-73.8412082154904,-15.0857906104415,64.8028549034248,-126.864840648166,34.1666499991989,34.1664999991989,683342,"2026_01_14_0012","2026_01_14_0012_ev00270_rec0","no",268076
271,0,34.4765499991989,-87.7884114461044,-93.0020116871982,-5.2136002410938,2.40000000000151,1.7999999999958,1.80000000000291,-74.2669687530615,-16.3240302196006,32.6382233388571,80.6637715968391,34.4763999991989,34.4737499991989,689531,"2026_01_14_0012","2026_01_14_0012_ev00271_rec0","no",268077
272,0,34.5812499991989,-81.6821477838581,-93.0753289247736,-11.3931811409155,5.85000000000235,13.8499999999979,14.8500000000027,-82.6631130874831,-12.4892975153915,10.9961770710382,-216.86367610862,34.5799999991989,34.5738999991989,691625,"2026_01_14_0012","2026_01_14_0012_ev00272_rec0","no",268078
273,0,34.6656999991989,-84.8138793457985,-88.6516310721111,-3.83775172631263,0.0999999999962142,0.0499999999945544,0,-82.2680113189517,-3.24923702047501,6.32719575502615,55.6921544835653,34.6656999991989,34.6654999991989,693314,"2026_01_14_0012","2026_01_14_0012_ev00273_rec0","no",268079
274,0,34.7161499991989,-80.6092301220924,-103.076415956023,-22.4671858339308,11.2499999999969,23.4999999999985,22.5499999999954,-72.5323980231827,-29.092213914326,39.2775662333697,-541.230879341875,34.7144999991989,34.7021999991989,694323,"2026_01_14_0012","2026_01_14_0012_ev00274_rec0","no",268080
275,0,34.7668999991989,-82.4357302010909,-86.036706910876,-3.60097670978504,0.199999999999534,0.199999999999534,0,-80.8155307431896,-2.86664934771328,2.76242442755678,39.5963805980737,34.7668999991989,34.7665999991989,695338,"2026_01_14_0012","2026_01_14_0012_ev00275_rec0","no",268081
276,0,34.9982999991989,-86.1579294114916,-91.5394034346962,-5.3814740232047,0.250000000001194,0.10000000000332,0,-81.5854432694627,-5.33470982039782,13.6828950442978,71.6232789921714,34.9982999991989,34.9979999991989,699966,"2026_01_14_0012","2026_01_14_0012_ev00276_rec0","no",268082
277,0,35.4517499991989,-86.5604312669252,-92.2592069305622,-5.69877566363701,1.89999999999912,6.9999999999979,7.19999999999743,-60.9825542423925,-30.0258382409534,88.7833788756133,-1.59425284506393,35.4511499991989,35.4487999991989,709035,"2026_01_14_0012","2026_01_14_0012_ev00277_rec0","no",268083
278,0,35.7027999991989,-89.005444026982,-92.6630137459921,-3.65756971901006,1.34999999999508,4.15000000000276,2.54999999999939,-81.4019949728055,-10.207710830837,19.6663522425619,65.0940327009699,35.7027499991989,35.6996499991989,714056,"2026_01_14_0012","2026_01_14_0012_ev00278_rec0","no",268084
279,0,35.8577999991989,-85.3483733468011,-87.9504682744112,-2.60209492761008,0.149999999997874,0.450000000000728,0.900000000001455,-82.3269034586636,-4.42418837358119,8.37891688575192,54.086140894852,35.8577999991989,35.8574499991989,717156,"2026_01_14_0012","2026_01_14_0012_ev00279_rec0","no",268085
280,0,36.1311499991989,-86.1387932726267,-90.9430735665706,-4.80428029394389,0.199999999999534,3.70000000000203,3.99999999999778,-79.140630552237,-10.6139947133015,21.0071906724194,39.1901305127415,36.1311499991989,36.1298999991989,722623,"2026_01_14_0012","2026_01_14_0012_ev00280_rec0","no",268086
281,0,36.1831499991989,-87.5870184459143,-92.7116753547396,-5.12465690882534,0.199999999999534,0.900000000001455,1.15000000000265,-82.0914894488378,-8.0034895073058,14.2648716294561,60.8436350186272,36.1830999991989,36.1811499991989,723663,"2026_01_14_0012","2026_01_14_0012_ev00281_rec0","no",268087
282,0,36.2376499991989,-81.4111970299301,-87.4283037243073,-6.01710669437725,0.300000000002854,3.5000000000025,6.3999999999993,-77.1094096235972,-8.15021292932878,28.9315977357552,-25.3138295167807,36.2375499991989,36.2372499991989,724753,"2026_01_14_0012","2026_01_14_0012_ev00282_rec0","no",268088
283,0,36.9253999991989,-86.7000275054976,-88.8876945742502,-2.18766706875255,0.0999999999962142,0.0999999999962142,0.250000000001194,-76.8838642768907,-10.7071986508013,34.076689213469,80.6596355573014,36.9253999991989,36.9252999991989,738508,"2026_01_14_0012","2026_01_14_0012_ev00283_rec0","no",268089
284,0,37.9757999991989,-87.3013589155842,-95.6806413072173,-8.3792823916331,1.7999999999958,12.6500000000007,14.1999999999953,-86.5986524690621,-11.102106259709,13.2448029715432,-132.415309404307,37.9747499991989,37.9724499991989,759516,"2026_01_14_0012","2026_01_14_0012_ev00284_rec0","no",268090
285,0,38.0060499991989,-89.5106940672767,-94.3391391268114,-4.82844505953463,0.0999999999962142,0.0500000000016598,0,-76.1360970942965,-13.8262967470836,37.8967823070264,114.496252942427,38.0060499991989,38.0059499991989,760121,"2026_01_14_0012","2026_01_14_0012_ev00285_rec0","no",268091
286,0,38.2587999991989,-81.4632795070141,-88.4267136533198,-6.96343414630566,6.24999999999432,20.8000000000013,21.3500000000053,-75.9884406284134,-13.3912163446953,41.9427129136123,-171.296907716976,38.2579499991989,38.2513999991989,765176,"2026_01_14_0012","2026_01_14_0012_ev00286_rec0","no",268092
287,0,38.4059499991989,-80.8333595774585,-93.6578651190368,-12.8245055415783,5.65000000000282,7.95000000000101,12.5999999999991,-82.4517133613737,-6.26768437177303,18.0831296338623,-206.61241779516,38.4025499991989,38.3961499991989,768119,"2026_01_14_0012","2026_01_14_0012_ev00287_rec0","no",268093
288,0,38.8695499991989,-82.9974422641766,-90.7622314616533,-7.76478919747669,0.300000000002854,0.149999999997874,0,-81.2930145970003,-4.29153500195545,8.19168852040127,15.7012688436324,38.8695499991989,38.8691999991989,777391,"2026_01_14_0012","2026_01_14_0012_ev00288_rec0","no",268094
289,0,39.1559499991989,-85.7962932125838,-90.009274462589,-4.2129812500052,0.199999999999534,0.300000000002854,0,-81.3436239520726,-5.94104592474481,13.9499801965877,58.9376741017055,39.1558499991989,39.1556499991989,783119,"2026_01_14_0012","2026_01_14_0012_ev00289_rec0","no",268095
290,0,39.4080999991989,-84.8927832872012,-87.9679845143473,-3.07520122714605,0.0500000000016598,0.0500000000016598,0,-82.5357583885209,-2.12576907917967,3.90492002685138,62.2234205276176,39.4078999991989,39.4077499991989,788162,"2026_01_14_0012","2026_01_14_0012_ev00290_rec0","no",268096
291,0,39.6758999991989,-79.5325799357201,-96.932433577754,-17.3998536420339,6.1499999999981,11.2999999999985,20.3500000000005,-70.7640945196482,-20.3009781030752,70.4244964079852,-296.882505791764,39.6757499991989,39.6680999991989,793518,"2026_01_14_0012","2026_01_14_0012_ev00291_rec0","no",268097
292,0,39.9450999991989,-81.7769988488826,-101.963864296291,-20.186865447408,5.60000000000116,10.3000000000009,13.1999999999977,-77.8273347837478,-20.2290823028598,23.1086977999327,-287.305175821243,39.9448999991989,39.9391999991989,798902,"2026_01_14_0012","2026_01_14_0012_ev00292_rec0","no",268098
293,0,40.3664999991989,-81.7814679825966,-93.8059728112805,-12.0245048286839,3.84999999999991,9.59999999999894,13.8999999999996,-82.1116579341758,-9.9765420980769,15.7147623475631,-190.516839102047,40.3621999991989,40.3579999991989,807330,"2026_01_14_0012","2026_01_14_0012_ev00293_rec0","no",268099
294,0,40.7483999991989,-83.7298600222179,-94.0009368200332,-10.2710767978153,2.70000000000437,7.15000000000288,12.3999999999995,-77.6942678935591,-12.8616854751938,46.2235430182871,-127.178386585163,40.7475999991989,40.7425499991989,814968,"2026_01_14_0012","2026_01_14_0012_ev00294_rec0","no",268100
295,0,41.0177999991989,-82.2097034905088,-90.5755601149273,-8.36585662441851,3.25000000000131,14.0499999999975,14.0999999999991,-82.5935161062352,-6.90131729551253,15.1096877767199,-132.396536311658,41.0162499991989,41.0119999991989,820356,"2026_01_14_0012","2026_01_14_0012_ev00295_rec0","no",268101
296,0,41.1484499991989,-85.4519208509555,-91.4357715992,-5.98385074824455,0.149999999997874,31.5000000000012,30.0000000000011,-89.1620803989294,-4.31324405244145,4.13102904246404,-144.174644231844,41.1464499991989,41.1447999991989,822969,"2026_01_14_0012","2026_01_14_0012_ev00296_rec0","no",268102
297,0,41.1842499991989,-87.9618075260253,-92.0104752326308,-4.0486677066055,0.900000000001455,30.4500000000019,30.0000000000011,-90.5752301548948,-3.40950113771434,1.50960165470184,-87.9291208619376,41.1842499991989,41.1833499991989,823685,"2026_01_14_0012","2026_01_14_0012_ev00297_rec0","no",268103
298,0,41.2031499991989,-91.3327888822724,-95.5848241833206,-4.25203530104828,0.400000000006173,0.849999999999795,2.10000000000576,-56.2526637385019,-37.4354478298533,98.3227827773847,83.228836801247,41.2030999991989,41.2026999991989,824063,"2026_01_14_0012","2026_01_14_0012_ev00298_rec0","no",268104
299,0,41.3282999991989,-87.0703163425622,-92.6417800495565,-5.57146370699429,1.55000000000172,2.85000000000224,0,-82.3674831556032,-6.50559789425457,17.8479530945533,43.195583506189,41.3273499991989,41.3249499991989,826566,"2026_01_14_0012","2026_01_14_0012_ev00299_rec0","no",268105
300,0,41.4398499991989,-89.3669186725036,-92.8015529747554,-3.43463430225174,0.10000000000332,0.750000000003581,0.599999999998602,-87.9616311501885,-3.38191088244857,2.6597857816638,32.5885779814385,41.4398499991989,41.4392999991989,828797,"2026_01_14_0012","2026_01_14_0012_ev00300_rec0","no",268106
301,0,41.4806999991989,-91.0752704043571,-94.3970787958862,-3.32180839152905,0.650000000000261,0.750000000003581,0,10078.5420418048,-10169.9786747815,56544.7688973438,66.0343402187031,41.4789499991989,41.4782999991989,829614,"2026_01_14_0012","2026_01_14_0012_ev00301_rec0","no",268107
302,0,41.4975999991989,-82.4332297007124,-86.4631646018894,-4.02993490117701,1.75000000000125,2.15000000000032,0,-17576.0647460778,17489.3264918028,355750.401318117,-174.006676847841,41.4960999991989,41.4943499991989,829952,"2026_01_14_0012","2026_01_14_0012_ev00302_rec0","no",268108
303,0,41.5241499991989,-88.8701301260619,-94.0396321075836,-5.16950198152178,0.0500000000016598,0.0500000000016598,0,-82.9959888077638,-7.5251335171514,26.6669111855171,39.4182030911264,41.5238999991989,41.5237999991989,830483,"2026_01_14_0012","2026_01_14_0012_ev00303_rec0","no",268109
304,0,41.8746499991989,-82.7061864071633,-87.2231896942986,-4.51700328713527,0.450000000000728,13.2499999999993,16.3500000000028,-79.8902429756936,-8.03073727713264,28.1324903324163,-66.6074750784021,41.8746499991989,41.8741999991989,837493,"2026_01_14_0012","2026_01_14_0012_ev00304_rec0","no",268110
305,0,41.9796999991989,-83.8210965392984,-95.6566698028671,-11.8355732635687,3.70000000000203,14.9499999999989,15.3000000000034,-80.8119063818909,-14.0446836332498,23.8541393439878,-200.149000310339,41.9778999991989,41.9741999991989,839594,"2026_01_14_0012","2026_01_14_0012_ev00305_rec0","no",268111
306,0,42.0278499991989,-86.6763120890906,-92.6408656566203,-5.96455356752968,0.499999999995282,0.0499999999945544,0,-81.4083524150578,-6.46478315023395,26.9599229539316,38.8700440354982,42.0278499991989,42.0261499991989,840557,"2026_01_14_0012","2026_01_14_0012_ev00306_rec0","no",268112
307,0,42.2448499991989,-80.9544276995517,-91.147279994995,-10.1928522954433,5.39999999999452,25.9499999999946,19.8499999999981,-82.4530570297154,-8.78413123522274,14.6706979995255,-268.477927662914,42.2384499991989,42.2319499991989,844897,"2026_01_14_0012","2026_01_14_0012_ev00307_rec0","no",268113
308,0,42.5447999991989,-81.1095361882013,-90.561978043257,-9.45244185505575,0.10000000000332,32.6000000000022,30.0000000000011,-89.0774423849068,-4.12047934516922,7.10759994946134,-297.333348451795,42.5421499991989,42.5406999991989,850896,"2026_01_14_0012","2026_01_14_0012_ev00308_rec0","no",268114
309,0,42.6583999991989,-91.1435360351509,-95.1415106567184,-3.99797462156747,0.249999999994088,1.24999999999886,1.75000000000125,-86.6975417296185,-6.84344850045424,12.0838037659902,56.9827484844562,42.6583999991989,42.6573999991989,853168,"2026_01_14_0012","2026_01_14_0012_ev00309_rec0","no",268115
310,0,42.7584999991989,-83.1676322540711,-93.5807943533034,-10.4131620992323,0.200000000006639,24.550000000005,24.9999999999986,-21.0262972930483,-74.9636416803461,196.167860610908,-266.4437639095,42.7540499991989,42.7538499991989,855170,"2026_01_14_0012","2026_01_14_0012_ev00310_rec0","no",268116
311,0,42.8436499991989,-86.5539740461496,-92.295825081548,-5.74185103539844,1.24999999999886,1.15000000000265,0,-81.9672443250204,-5.9830255876746,19.5599902735862,43.3331170975937,42.8436499991989,42.8423999991989,856873,"2026_01_14_0012","2026_01_14_0012_ev00311_rec0","no",268117
312,0,43.3580999991989,-88.1477907031804,-95.3828340739254,-7.23504337074492,0.89999999999435,4.50000000000017,6.10000000000355,-76.1198024193283,-17.5065292980074,34.877476570433,-3.33845636189103,43.3561999991989,43.3552999991989,867162,"2026_01_14_0012","2026_01_14_0012_ev00312_rec0","no",268118
313,0,43.4274499991989,-85.8125491555165,-92.190695648559,-6.37814649304252,0.199999999999534,0.0499999999945544,0,-83.1571841078885,-4.63806091497564,9.38133864324025,37.3322767796842,43.4274499991989,43.4272499991989,868549,"2026_01_14_0012","2026_01_14_0012_ev00313_rec0","no",268119
314,0,43.5137999991989,-89.4194405102766,-94.6007410879098,-5.18130057763315,0.550000000004047,6.94999999999624,4.15000000000276,-81.5156211794982,-11.5914615868669,25.0877852320469,22.2800735705883,43.5097499991989,43.5090999991989,870276,"2026_01_14_0012","2026_01_14_0012_ev00314_rec0","no",268120
315,0,43.6514999991989,-87.5774080321003,-97.1133909606771,-9.53598292857677,0.950000000003115,1.89999999999912,0.699999999994816,-83.3196029878746,-8.08507020539698,18.0671569217093,-4.45918400438739,43.6514999991989,43.6459499991989,873030,"2026_01_14_0012","2026_01_14_0012_ev00315_rec0","no",268121
316,0,43.6873499991989,-84.5448484931714,-104.095467058785,-19.5506185656136,5.95000000000567,10.150000000003,13.8499999999979,-79.647877111268,-20.3011007720778,26.8572769454176,-293.674367833709,43.6872499991989,43.6802999991989,873747,"2026_01_14_0012","2026_01_14_0012_ev00316_rec0","no",268122
317,0,43.7271999991989,-89.2334939650233,-94.3350700416378,-5.10157607661449,0.0500000000016598,0.149999999997874,0,-83.961113388329,-5.88982708200539,16.9986717366146,74.9152105715929,43.7271999991989,43.7270499991989,874544,"2026_01_14_0012","2026_01_14_0012_ev00317_rec0","no",268123
318,0,43.9008499991989,-85.9762167093439,-89.3692526072112,-3.39303589786732,1.64999999999793,7.10000000000122,6.1499999999981,-77.0509897656975,-12.2100526157213,33.8486722517908,16.0259886641348,43.9007499991989,43.8960499991989,878017,"2026_01_14_0012","2026_01_14_0012_ev00318_rec0","no",268124
319,0,44.2335999991989,-84.1425460784706,-90.0460584477088,-5.90351236923819,0.0500000000016598,0.0500000000016598,0.650000000000261,-84.3832094739065,-2.56622255489205,2.39101190117841,-15.1513290058119,44.2333499991989,44.2331999991989,884672,"2026_01_14_0012","2026_01_14_0012_ev00319_rec0","no",268125
320,0,44.4408499991989,-87.8283476150587,-145.531099283225,-57.702751668166,1.59999999999627,13.300000000001,15.6999999999954,-83.3025308933509,-65.6170306334719,16.8929082728442,-895.783625859451,44.4396999991989,44.4379999991989,888817,"2026_01_14_0012","2026_01_14_0012_ev00320_rec0","no",268126
321,0,44.5428499991989,-84.8527876947506,-96.8658242904058,-12.0130365956553,6.7499999999967,8.05000000000433,11.0500000000044,-58.4362880639729,-34.8070256570392,91.7960546653178,-157.299152327964,44.5419499991989,44.5351999991989,890857,"2026_01_14_0012","2026_01_14_0012_ev00321_rec0","no",268127
322,0,44.9960499991989,-88.5407714260218,-91.5460480596371,-3.00527663361524,0.199999999999534,2.65000000000271,2.15000000000032,-79.0138946101631,-11.4401860612805,29.7074377957581,68.1936578654564,44.9955499991989,44.9942499991989,899921,"2026_01_14_0012","2026_01_14_0012_ev00322_rec0","no",268128
323,0,45.0627499991989,-86.0049709639837,-88.5339791849362,-2.52900822095249,0.0999999999962142,0.450000000000728,0,-80.4496803879439,-4.66674471120502,16.8707815757683,100.836567834022,45.0627499991989,45.0622499991989,901255,"2026_01_14_0012","2026_01_14_0012_ev00323_rec0","no",268129
324,0,45.3636499991989,-94.6549133018681,-105.212014721304,-10.5571014194355,0.94999999999601,2.20000000000198,3.20000000000675,-59.7374062558862,-41.2506114127908,52.8186038839278,93.3567843841607,45.3626499991989,45.3608499991989,907273,"2026_01_14_0012","2026_01_14_0012_ev00324_rec0","no",268130
325,0,45.7276999991989,-84.3300811090333,-95.7372580124018,-11.4071769033685,3.45000000000084,15.5500000000046,14.8999999999972,-74.6214496221652,-21.1164939265877,35.8489080066518,-170.763081929241,45.7266499991989,45.7231499991989,914554,"2026_01_14_0012","2026_01_14_0012_ev00325_rec0","no",268131
326,0,45.7781999991989,-87.8950867712938,-90.9528159308326,-3.05772915953875,0.0500000000016598,0.199999999999534,0,-76.6257787019988,-11.0322554361667,40.1602620440237,105.038294073542,45.7781999991989,45.7769499991989,915564,"2026_01_14_0012","2026_01_14_0012_ev00326_rec0","no",268132
327,0,45.9424999991989,-83.4689986181723,-108.338335945286,-24.8693373271135,4.55000000000183,14.1500000000008,14.400000000002,-86.1497375744529,-22.0668062205263,11.8225188150602,-427.465266718472,45.9412999991989,45.9364999991989,918850,"2026_01_14_0012","2026_01_14_0012_ev00327_rec0","no",268133
328,0,45.9863999991989,-90.8622453310657,-96.2376036209923,-5.37535828992664,0.149999999997874,7.35000000000241,8.09999999999889,-80.6242525085751,-16.7302862462574,25.8798462610395,-9.72084467351792,45.9822999991989,45.9814999991989,919728,"2026_01_14_0012","2026_01_14_0012_ev00328_rec0","no",268134
329,0,46.1130499991989,-85.7220924703687,-89.0225809527475,-3.30048848237884,1.10000000000099,24.0500000000026,21.250000000002,-80.1905134074513,-11.9165404236059,37.4160513030197,-115.226572758027,46.1095499991989,46.1060499991989,922261,"2026_01_14_0012","2026_01_14_0012_ev00329_rec0","no",268135
330,0,46.4727999991989,-88.1021787346969,-93.0422285877733,-4.94004985307637,0.350000000004513,0.150000000004979,0,11195.7065823747,-11285.2849423119,48627.2915581265,59.2397687092318,46.4727999991989,46.4724499991989,929456,"2026_01_14_0012","2026_01_14_0012_ev00330_rec0","no",268136
331,0,46.7797999991989,-80.4178569256272,-90.0454933363932,-9.62763641076599,2.70000000000437,18.6999999999955,20.0000000000031,91.836375967682,-181.078217559826,678.005746096486,-208.895533153086,46.7740999991989,46.7709999991989,935596,"2026_01_14_0012","2026_01_14_0012_ev00331_rec0","no",268137
332,0,46.8421999991989,-83.9654418697181,-92.2452211401669,-8.27977927044876,3.19999999999965,6.54999999999717,7.50000000000028,-81.735355985921,-7.62170375262541,20.5946090949325,-68.9690167138089,46.8413499991989,46.8375499991989,936844,"2026_01_14_0012","2026_01_14_0012_ev00332_rec0","no",268138
333,0,47.7125499991989,-87.636736687058,-91.3282640007802,-3.69152731372222,0.299999999995748,0.299999999995748,0,-77.0599463692015,-11.8392332984901,41.2269858520144,63.6883196393049,47.7125499991989,47.7122499991989,954251,"2026_01_14_0012","2026_01_14_0012_ev00333_rec0","no",268139
334,0,47.8749999991989,-82.3721196762297,-92.8713753308812,-10.4992556546515,1.65000000000504,15.3999999999996,9.39999999999941,-83.403470053422,-6.58783298572062,11.233499313279,-181.320478044905,47.8661999991989,47.8638499991989,957500,"2026_01_14_0012","2026_01_14_0012_ev00334_rec0","no",268140
335,0,47.9260999991989,-83.0149562500748,-87.6627145798739,-4.64775832979906,4.6999999999997,13.2000000000048,16.1999999999978,-76.0706787957213,-11.5557529498579,56.3256186713145,-105.492660448525,47.9202499991989,47.9147499991989,958522,"2026_01_14_0012","2026_01_14_0012_ev00335_rec0","no",268141
336,0,48.2218999991989,-82.080871915841,-85.7662613763639,-3.68538946052293,0.900000000001455,3.54999999999706,4.14999999999566,-82.5377939286876,-3.50770385722104,3.05237511266356,-29.6473141329937,48.2211499991989,48.2202499991989,964438,"2026_01_14_0012","2026_01_14_0012_ev00336_rec0","no",268142
337,0,48.2459499991989,-83.3452974914605,-87.8699442052464,-4.52464671378596,0.199999999999534,30.0499999999957,30.0000000000011,-83.1551368404281,0.527439055954999,22.5032705783631,13.8296020201619,48.2459499991989,48.2457499991989,964919,"2026_01_14_0012","2026_01_14_0012_ev00337_rec0","no",268143
338,0,48.2619499991989,-84.0383186801432,-88.1181218348379,-4.07980315469463,0.350000000004513,0.199999999999534,0,-82.9648040290077,-2.4419827311272,4.20244384670349,20.8865549141978,48.2618999991989,48.2615499991989,965239,"2026_01_14_0012","2026_01_14_0012_ev00338_rec0","no",268144
339,0,48.2816499991989,-83.2342595332707,-89.7022628198292,-6.46800328655853,0.800000000005241,0.400000000006173,0.0499999999945544,-83.0194034131398,-2.67976107404068,2.23313876266913,-1.18448330149659,48.2816499991989,48.2808499991989,965633,"2026_01_14_0012","2026_01_14_0012_ev00339_rec0","no",268145
340,0,48.3057499991989,-84.2862164581609,-87.7259564039436,-3.43973994578279,0.300000000002854,30.149999999999,30.0000000000011,-83.1510754077455,0.0905460439047296,51.1957751844466,35.288830747421,48.3057499991989,48.3054499991989,966115,"2026_01_14_0012","2026_01_14_0012_ev00340_rec0","no",268146
341,0,48.3793499991989,-83.1569446931059,-539.256318344321,-456.099373651215,10.0499999999997,39.4000000000005,30.0000000000011,6627.06362522066,-7167.16673250347,1383.90413104546,-16462.8517843818,48.3716499991989,48.3610499991989,967587,"2026_01_14_0012","2026_01_14_0012_ev00341_rec0","no",268147
342,0,48.5017999991989,-90.3675344615203,-96.7514589136709,-6.38392445215065,0.149999999997874,0.10000000000332,0.300000000002854,-88.1312887294194,-4.8534807588725,5.16953896626348,40.8501567887646,48.5015999991989,48.5014499991989,970036,"2026_01_14_0012","2026_01_14_0012_ev00342_rec0","no",268148
343,0,48.5220499991989,-88.2289605782887,-92.6610882537041,-4.43212767541542,0.299999999995748,0.249999999994088,0.500000000002387,-86.8004895663242,-3.39181500343542,5.10864181576017,23.9769771010785,48.5220499991989,48.5217499991989,970441,"2026_01_14_0012","2026_01_14_0012_ev00343_rec0","no",268149
344,0,48.5617999991989,-86.5422971580913,-89.6902621960817,-3.14796503799033,0.199999999999534,0.350000000004513,0.599999999998602,-85.0557980845,-3.0036890429331,4.7342088715239,28.8806270719975,48.5616999991989,48.5612999991989,971236,"2026_01_14_0012","2026_01_14_0012_ev00344_rec0","no",268150
345,0,48.6016999991989,-88.3997279335608,-97.3998177531454,-9.00008981958464,1.34999999999508,5.29999999999831,7.50000000000028,-86.7791673461854,-9.14623407596289,12.2370140204493,-62.8727801421724,48.6014999991989,48.5988999991989,972034,"2026_01_14_0012","2026_01_14_0012_ev00345_rec0","no",268151
346,0,48.6218499991989,-89.2301680452401,-91.4974420814556,-2.2672740362155,0.250000000001194,0.0999999999962142,0,-85.0356277453191,-4.16953248482511,14.4191856743362,72.3922364610491,48.6214499991989,48.6211999991989,972437,"2026_01_14_0012","2026_01_14_0012_ev00346_rec0","no",268152
347,0,48.6617999991989,-87.1374483047047,-92.8391491222735,-5.70170081756883,0.0499999999945544,0.299999999995748,0,-84.0553440437361,-4.31523060956857,7.14914680462315,61.2925613969331,48.6615999991989,48.6614499991989,973236,"2026_01_14_0012","2026_01_14_0012_ev00347_rec0","no",268153
348,0,48.9015499991989,-89.001327513049,-91.408073136044,-2.40674562299506,0.0999999999962142,0.249999999994088,0,-81.4182027359016,-7.11536510811873,30.4496726930057,91.0425343002304,48.9015499991989,48.9011499991989,978031,"2026_01_14_0012","2026_01_14_0012_ev00348_rec0","no",268154
349,0,48.9898499991989,-85.0185555918916,-92.8097194101754,-7.79116381828388,2.34999999999985,17.799999999994,15.2999999999963,-61.474899286779,-31.2700662545829,90.8562237908198,-133.88167223761,48.9869499991989,48.9830999991989,979797,"2026_01_14_0012","2026_01_14_0012_ev00349_rec0","no",268155
350,0,49.4097999991989,-89.4501888090737,-92.5923319272078,-3.14214311813407,4.6999999999997,2.49999999999773,3.19999999999965,-83.8377745490863,-7.72944115080628,24.3646368582539,24.0380527595777,49.4079999991989,49.4030999991989,988196,"2026_01_14_0012","2026_01_14_0012_ev00350_rec0","no",268156
351,0,49.8614999991989,-86.7408551540221,-94.6695442456493,-7.92868909162723,0.550000000004047,1.7999999999958,4.6999999999997,-71.8654421743824,-19.0154573285569,71.892143044035,-28.1644994824684,49.8609999991989,49.8588499991989,997230,"2026_01_14_0012","2026_01_14_0012_ev00351_rec0","no",268157
352,0,50.0656999991989,-90.8010006890421,-93.4068949025587,-2.60589421351663,0.599999999998602,1.14999999999554,0,-82.9714282564587,-8.33804174473802,24.1028453544707,91.7319582863785,50.0654999991989,50.0631999991989,1001314,"2026_01_14_0012","2026_01_14_0012_ev00352_rec0","no",268158
353,0,50.3744499991989,-90.2397110778819,-92.9952619189892,-2.75555084110729,0.250000000001194,2.54999999999939,3.34999999999752,72.0048714482031,-164.239981856388,558.574932423063,67.3090304442292,50.3738999991989,50.3732499991989,1007489,"2026_01_14_0012","2026_01_14_0012_ev00353_rec0","no",268159
354,0,50.5465999991989,-79.9939622762372,-93.160162905457,-13.1662006292197,4.64999999999804,27.9500000000041,28.7499999999952,-84.3502934665121,-7.82415958387461,10.5701723558398,-369.085087202575,50.5377999991989,50.5317499991989,1010932,"2026_01_14_0012","2026_01_14_0012_ev00354_rec0","no",268160
355,0,50.6192499991989,-89.7701064953237,-92.1280664860905,-2.35795999076677,1.10000000000099,5.20000000000209,4.1000000000011,-80.0493144262282,-12.826117112411,21.5199052159045,82.6544836921928,50.6185999991989,50.6170999991989,1012385,"2026_01_14_0012","2026_01_14_0012_ev00355_rec0","no",268161
356,0,50.7949999991989,-82.9083610028022,-86.1618488572906,-3.25348785448835,0.0999999999962142,11.7499999999993,13.8499999999979,-81.526458714639,-5.48512783236968,18.4488166715054,-43.8793627103888,50.7942999991989,50.7941999991989,1015900,"2026_01_14_0012","2026_01_14_0012_ev00356_rec0","no",268162
357,0,50.9097999991989,-83.1457200600062,-95.9381950707793,-12.7924750107731,5.45000000000329,14.3500000000003,15.9999999999982,-82.2943237473292,-11.4280848517897,22.3347423492192,-206.367327241317,50.9093499991989,50.9038499991989,1018196,"2026_01_14_0012","2026_01_14_0012_ev00357_rec0","no",268163
358,0,51.0424499991989,-86.8012126589393,-93.0141871961044,-6.21297453716507,0.0999999999962142,0.199999999999534,0,-83.9923564070942,-2.97364595240726,7.2094946698632,62.6166517615516,51.0421999991989,51.0419999991989,1020849,"2026_01_14_0012","2026_01_14_0012_ev00358_rec0","no",268164
359,0,51.4961499991989,-83.0629250099309,-103.52988914308,-20.4669641331494,3.39999999999918,22.7000000000004,22.8999999999999,-59.6879782840034,-46.2454789300635,57.0635738901602,-458.694786530879,51.4939499991989,51.4903499991989,1029923,"2026_01_14_0012","2026_01_14_0012_ev00359_rec0","no",268165
360,0,51.5758499991989,-87.110003374986,-109.647606119434,-22.5376027444481,2.049999999997,22.8999999999999,25.1000000000019,137436.317774373,-137547.012633231,226642.249345246,-493.004040588318,51.5740499991989,51.5715499991989,1031517,"2026_01_14_0012","2026_01_14_0012_ev00360_rec0","no",268166
361,0,51.9558499991989,-81.8625632818281,-90.2741009080513,-8.41153762622326,4.9500000000009,27.7999999999992,29.999999999994,-84.3741648228897,-9.07665485619038,12.0934373509336,-248.457159012768,51.9519499991989,51.9469999991989,1039117,"2026_01_14_0012","2026_01_14_0012_ev00361_rec0","no",268167
362,0,52.0272499991989,-85.3557369529823,-95.0765111240888,-9.72077417110651,2.00000000000244,16.5000000000006,16.1000000000016,-76.3351531921802,-20.0178589539918,34.9284722094353,-168.660748746613,52.0251499991989,52.0219999991989,1040545,"2026_01_14_0012","2026_01_14_0012_ev00362_rec0","no",268168
363,0,52.2631999991989,-93.3579002847586,-96.6595985920133,-3.30169830725464,0.199999999999534,1.65000000000504,2.19999999999487,-37.5867523571273,-57.8192015036707,151.558917902494,97.6496858628365,52.2626999991989,52.2624999991989,1045264,"2026_01_14_0012","2026_01_14_0012_ev00363_rec0","no",268169
364,0,52.3295499991989,-88.5043002086831,-92.0201216683925,-3.51582145970941,2.0500000000041,1.69999999999959,0.0999999999962142,-86.1483288647584,-3.74074975717441,4.82515582996198,52.1201733290227,52.3295499991989,52.3271999991989,1046591,"2026_01_14_0012","2026_01_14_0012_ev00364_rec0","no",268170
365,0,53.2716999991989,-83.6496820009176,-96.434703583212,-12.7850215822944,1.24999999999886,4.50000000000017,9.14999999999822,-73.372215907853,-17.933359574175,51.3143241474334,-114.52535900445,53.2715999991989,53.2686999991989,1065434,"2026_01_14_0012","2026_01_14_0012_ev00365_rec0","no",268171
366,0,53.4213499991989,-87.5600814138748,-99.2534145770501,-11.6933331631753,3.4999999999954,6.44999999999385,5.69999999999737,-82.9600022922501,-12.9265907379715,15.425692912444,-55.0280987562789,53.4207999991989,53.4169499991989,1068427,"2026_01_14_0012","2026_01_14_0012_ev00366_rec0","no",268172
367,0,53.6466499991989,-87.9352182931065,-90.6463152728797,-2.71109697977317,0.0500000000016598,2.80000000000058,3.19999999999965,-79.4877143827237,-10.4200789366634,32.8051518181559,45.3282564037156,53.6460999991989,53.6447499991989,1072933,"2026_01_14_0012","2026_01_14_0012_ev00367_rec0","no",268173
368,0,53.8611999991989,-83.5018924161775,-115.137645397947,-31.6357529817694,5.40000000000163,17.0999999999992,18.9999999999984,-92.280752475074,-24.9382183494598,8.86667094133385,-647.396013029341,53.8594499991989,53.8536499991989,1077224,"2026_01_14_0012","2026_01_14_0012_ev00368_rec0","no",268174
369,0,55.0414499991989,-88.4441667794719,-91.117341223174,-2.67317444370201,1.55000000000172,1.40000000000384,0,-77.9556854442987,-11.0362892472732,25.7450196562741,117.740123059839,55.0389999991989,55.0369499991989,1100829,"2026_01_14_0012","2026_01_14_0012_ev00369_rec0","no",268175
370,0,55.0919999991989,-80.7145358669604,-95.0409658983849,-14.3264300314245,4.60000000000349,15.6999999999954,15.2500000000018,-79.1504832798656,-11.343898781328,30.3685370285291,-228.444625142964,55.0903999991989,55.0822499991989,1101840,"2026_01_14_0012","2026_01_14_0012_ev00370_rec0","no",268176
371,0,55.6224999991989,-83.9540757672593,-86.5952560595849,-2.64118029232561,0.10000000000332,1.00000000000477,1.60000000000338,-81.8844624372623,-3.9187555647755,6.2766646526193,37.4401965175871,55.6224999991989,55.6223999991989,1112450,"2026_01_14_0012","2026_01_14_0012_ev00371_rec0","no",268177
372,0,56.1827499991989,-82.0343297206577,-90.6900731363426,-8.65574341568491,2.49999999999773,15.3999999999996,17.2000000000025,-81.667934090423,-9.05619692934069,18.4493972948224,-190.185838472969,56.1757499991989,56.1732499991989,1123655,"2026_01_14_0012","2026_01_14_0012_ev00372_rec0","no",268178
373,0,56.3815999991989,-83.3667566881299,-150.863943625006,-67.4971869368761,1.84999999999746,12.750000000004,15.3500000000051,-93.7270346017785,-57.0068736315088,11.2828331757097,-1077.99334953028,56.3801499991989,56.3781499991989,1127632,"2026_01_14_0012","2026_01_14_0012_ev00373_rec0","no",268179
374,0,56.5331499991989,-88.1559353433878,-93.1689097140378,-5.01297437064997,0.300000000002854,4.30000000000064,4.60000000000349,-84.8040878601221,-7.15237579175757,14.4386670137905,3.63195336503174,56.5322499991989,56.5303499991989,1130663,"2026_01_14_0012","2026_01_14_0012_ev00374_rec0","no",268180
375,0,56.7818499991989,-88.8581892323063,-93.6464288159945,-4.7882395836882,0.199999999999534,0.199999999999534,0,-83.5723155591325,-6.94151712353544,11.9653116566149,81.1063634689712,56.7818499991989,56.7816499991989,1135637,"2026_01_14_0012","2026_01_14_0012_ev00375_rec0","no",268181
376,0,56.9562999991989,-88.6533051954443,-135.774412487551,-47.1211072921062,2.54999999999939,15.3999999999996,19.8999999999998,-60.4010754147758,-65.5386824507567,55.1451350447706,-779.661044239558,56.9554999991989,56.9527499991989,1139126,"2026_01_14_0012","2026_01_14_0012_ev00376_rec0","no",268182
377,0,57.0279999991989,-82.3840338970465,-85.7471103898735,-3.36307649282701,1.4499999999984,31.099999999995,30.0000000000011,-84.0842510756835,-2.89201288442344,2.89322825249498,-65.6693166224958,57.0278999991989,57.0264499991989,1140560,"2026_01_14_0012","2026_01_14_0012_ev00377_rec0","no",268183
378,0,57.0818499991989,-85.1301182163426,-93.0703663742758,-7.9402481579332,1.64999999999793,14.9499999999989,14.2000000000024,-84.0519537128016,-10.0712369999895,15.4422313177778,-149.699476780244,57.0770999991989,57.0730999991989,1141637,"2026_01_14_0012","2026_01_14_0012_ev00378_rec0","no",268184
379,0,57.1501999991989,-85.7670068850589,-91.1355258951759,-5.36851901011701,0.0500000000016598,0.200000000006639,0,-82.7957083853346,-4.02712639420933,3.48068693205605,74.378806753092,57.1501999991989,57.1498999991989,1143004,"2026_01_14_0012","2026_01_14_0012_ev00379_rec0","no",268185
380,0,57.3859999991989,-84.3498536687093,-90.2357105567285,-5.88585688801918,0.250000000001194,0.149999999997874,0,-81.9231070526504,-3.24436883085598,4.46135266138312,57.6514255018924,57.3859999991989,57.3857499991989,1147720,"2026_01_14_0012","2026_01_14_0012_ev00380_rec0","no",268186
381,0,58.1147999991989,-84.801879088707,-99.5796487259802,-14.7777696372732,2.44999999999607,11.250000000004,10.7500000000016,-83.2485085402876,-14.349957343493,15.0053974233239,-194.476201117065,58.1121499991989,58.1095499991989,1162296,"2026_01_14_0012","2026_01_14_0012_ev00381_rec0","no",268187
382,0,58.2325499991989,-84.5326601383029,-118.525505117279,-33.9928449789757,3.45000000000084,17.2999999999988,17.3500000000004,-80.6209534478144,-36.7300214445376,21.6394729416234,-640.766219655735,58.2301499991989,58.2255999991989,1164651,"2026_01_14_0012","2026_01_14_0012_ev00382_rec0","no",268188
383,0,58.6727499991989,-89.1854925066499,-95.8700562303411,-6.68456372369126,0.549999999996942,0.250000000001194,0,-84.1894501142576,-6.01071870251804,10.7021089598462,89.1473467821708,58.6727499991989,58.6715499991989,1173455,"2026_01_14_0012","2026_01_14_0012_ev00383_rec0","no",268189
384,0,59.0329499991989,-84.2937293496201,-90.390680068469,-6.09695071884887,0.150000000004979,0.0999999999962142,0,-83.3360782539614,-2.33303570164776,2.64382380491446,21.6806448628304,59.0328999991989,59.0327499991989,1180659,"2026_01_14_0012","2026_01_14_0012_ev00384_rec0","no",268190
385,0,59.2022999991989,-85.640808465206,-103.247029004791,-17.6062205395854,3.80000000000535,20.6499999999963,23.0000000000032,-47.3761452025729,-57.5886206921292,91.3286506139585,-380.708440450976,59.2015499991989,59.1975999991989,1184046,"2026_01_14_0012","2026_01_14_0012_ev00385_rec0","no",268191
386,0,59.2822999991989,-86.4179924039483,-101.408143925031,-14.990151521083,4.85000000000468,9.15000000000532,11.9500000000059,-78.9191049288067,-17.7900639145637,38.4912528369152,-204.373102918561,59.2809499991989,59.2754499991989,1185646,"2026_01_14_0012","2026_01_14_0012_ev00386_rec0","no",268192
