"Event.Number","Record","Event.Time..s.","Baseline..pA.","Peak..pA.","Amplitude..pA.","Rise.Time..ms.","Half.Width..ms.","Decay.Time..ms.","Decay.Fit.b0","Decay.Fit.b1","Decay.Fit.Tau..ms.","AUC..pA.ms.","rise_max_time","baseline_time","event_index","file_prefix","event_id","noise","event_entry_number"
1,0,0.0243999991989136,-93.7049955402255,-96.6393647337115,-2.93436919348605,0.699999999999999,0.5,0.799999999999995,-87.1313462380817,-8.31005678861894,10.0642871331358,116.443481279923,0.0240499991989136,0.0233499991989136,488,"2026_01_14_0021","2026_01_14_0021_ev00001_rec0","no",271316
2,0,0.0895499991989136,-88.2699009988054,-92.3047089082003,-4.03480790939494,0.350000000000003,30.85,30,-45851.165737861,45765.5633622537,416781.312051622,29.1284331705247,0.0895499991989136,0.0880499991989136,1791,"2026_01_14_0021","2026_01_14_0021_ev00002_rec0","no",271317
3,0,0.140549999198914,-93.3795835850052,-96.5673461471841,-3.18776256217899,0.200000000000006,0.099999999999989,0,40074.1171773492,-40166.7575562413,231228.79943144,99.6433634683077,0.140549999198914,0.140199999198914,2811,"2026_01_14_0021","2026_01_14_0021_ev00003_rec0","no",271318
4,0,0.288549999198914,-85.9799934400437,-115.16274639315,-29.1827529531059,5.59999999999999,19.05,21.9,-84.7070871016075,-29.2223527438872,24.7747861538201,-589.258397669476,0.286949999198914,0.281149999198914,5771,"2026_01_14_0021","2026_01_14_0021_ev00004_rec0","no",271319
5,0,0.592699999198913,-89.1953475793674,-101.191611331356,-11.9962637519889,3.19999999999998,20.95,23.8,-82.6294145612976,-20.9142074869682,37.1002835752656,-277.763902101035,0.591399999198914,0.587849999198914,11854,"2026_01_14_0021","2026_01_14_0021_ev00005_rec0","no",271320
6,0,0.824599999198913,-91.1723068727217,-95.2928765115742,-4.12056963885256,0.099999999999989,0.099999999999989,0,-86.6278599033161,-5.20751085829531,8.50179005747052,93.1095233850284,0.824599999198913,0.824499999198913,16492,"2026_01_14_0021","2026_01_14_0021_ev00006_rec0","no",271321
7,0,1.12899999919891,-88.214909877492,-90.4524245762888,-2.2375146987968,0.0500000000001055,0,0,-85.2725902982581,-2.12257488831548,8.86430237764034,69.2672126131725,1.12899999919891,1.12869999919891,22580,"2026_01_14_0021","2026_01_14_0021_ev00007_rec0","no",271322
8,0,1.16779999919891,-83.7917514438024,-88.1048059960191,-4.3130545522167,0.399999999999956,30.7500000000001,30,-86.6707761258968,-3.67718374829626,5.50682108205564,-112.031458116149,1.16719999919891,1.16679999919891,23356,"2026_01_14_0021","2026_01_14_0021_ev00008_rec0","no",271323
9,0,1.20859999919891,-86.7737627691872,-100.394024646523,-13.6202618773359,8.65000000000005,13.8,12.7999999999999,-88.8203247940138,-9.10200968452932,11.4875842784316,-260.937229861165,1.20694999919891,1.19564999919891,24172,"2026_01_14_0021","2026_01_14_0021_ev00009_rec0","no",271324
10,0,1.50059999919891,-91.5111170335787,-96.849694545634,-5.33857751205531,0.099999999999989,0.0500000000001055,0,-88.3632512858363,-3.54014684755526,7.80054397750842,67.1554634350629,1.50059999919891,1.50049999919891,30012,"2026_01_14_0021","2026_01_14_0021_ev00010_rec0","no",271325
11,0,1.57519999919891,-88.4978717409378,-97.5882011250271,-9.09032938408927,3.40000000000007,19.6499999999999,30,-90.5038594205385,-5.77704031238933,22.2351152089424,-181.599678834372,1.57499999919891,1.57079999919891,31504,"2026_01_14_0021","2026_01_14_0021_ev00011_rec0","no",271326
12,0,1.59529999919891,-87.5897460076536,-92.0802332346803,-4.4904872270267,0.0500000000001055,0.55000000000005,0,-15269.972879413,15178.8772125352,142816.626928172,-157.101035115005,1.59474999919891,1.59469999919891,31906,"2026_01_14_0021","2026_01_14_0021_ev00012_rec0","no",271327
13,0,1.90839999919891,-93.2388377215328,-95.6837574704318,-2.444919748899,0.099999999999989,0.099999999999989,0,-90.56499434457,-3.35792574546501,1.88630290930806,73.778473769384,1.90824999919891,1.90799999919891,38168,"2026_01_14_0021","2026_01_14_0021_ev00013_rec0","no",271328
14,0,1.94059999919891,-93.1078327689549,-97.5314553130468,-4.42362254409183,0.299999999999967,0.250000000000083,0.899999999999901,-85.529678627525,-9.519850465893,28.1196220863689,50.9169052798469,1.94054999919891,1.94024999919891,38812,"2026_01_14_0021","2026_01_14_0021_ev00014_rec0","no",271329
15,0,1.97234999919891,-86.375523436898,-89.3905826691737,-3.01505923227573,0.850000000000017,30.4500000000001,30,-88.0465842864241,-3.44665224001891,5.2725250721202,-71.716851425603,1.97234999919891,1.97149999919891,39447,"2026_01_14_0021","2026_01_14_0021_ev00015_rec0","no",271330
16,0,2.04884999919891,-93.6415341278828,-96.9824855600783,-3.34095143219547,0.249999999999861,0.150000000000095,0,-88.4931549759042,-5.26564608084891,16.9507896643192,80.1427256532416,2.04884999919891,2.04849999919891,40977,"2026_01_14_0021","2026_01_14_0021_ev00016_rec0","no",271331
17,0,2.34254999919891,-93.098689284194,-99.2349908849362,-6.13630160074214,0.850000000000239,12.5500000000001,11.0999999999999,-88.4656078673404,-13.3836605050122,16.7418951171559,-65.1108626475469,2.33999999919891,2.33909999919891,46851,"2026_01_14_0021","2026_01_14_0021_ev00017_rec0","no",271332
18,0,2.40994999919891,-87.550975732119,-91.6619338071818,-4.1109580750628,0.399999999999956,15.05,18.5,-85.6522050385495,-6.6401173764196,27.8479214338865,-69.0201204879795,2.40964999919891,2.40924999919891,48199,"2026_01_14_0021","2026_01_14_0021_ev00018_rec0","no",271333
19,0,2.48474999919891,-90.803706177931,-154.006518101403,-63.2028119234719,8.00000000000001,32.6,25.9,372615.806700647,-372772.914193378,225079.955631864,-1907.94601082272,2.47914999919891,2.47079999919891,49695,"2026_01_14_0021","2026_01_14_0021_ev00019_rec0","no",271334
20,0,2.57529999919891,-89.9353252381916,-95.3416335274397,-5.40630828924813,0.100000000000211,0.0500000000003276,0.299999999999745,-88.7213741580556,-3.78872964709961,1.89950496998696,28.9917434994215,2.57529999919891,2.57519999919891,51506,"2026_01_14_0021","2026_01_14_0021_ev00020_rec0","no",271335
21,0,2.78219999919891,-91.9679254138748,-96.2180954802151,-4.2501700663403,0.450000000000284,13.0500000000002,14.3,-84.3083053483933,-13.3012512641722,39.1741489840791,-57.5192207451639,2.78034999919891,2.77969999919891,55644,"2026_01_14_0021","2026_01_14_0021_ev00021_rec0","no",271336
22,0,2.89134999919891,-93.515759760966,-99.046012097219,-5.53025233625303,0.350000000000072,3.05,5.34999999999997,-92.9267243521,-4.34652064542464,10.6647102335771,-27.5563309945533,2.89129999919891,2.89094999919891,57827,"2026_01_14_0021","2026_01_14_0021_ev00022_rec0","no",271337
23,0,2.91134999919891,-93.7125600892262,-97.800050925513,-4.08749083628679,0.199999999999978,0.249999999999861,0,-82.8532617394447,-11.9359371365073,39.0416369056255,74.9974893883682,2.91119999919891,2.91099999919891,58227,"2026_01_14_0021","2026_01_14_0021_ev00023_rec0","no",271338
24,0,3.27964999919891,-91.8925270091248,-97.7772863209769,-5.88475931185212,0.150000000000095,0.150000000000095,0,-88.0321921613908,-5.25592059622531,12.4275498511998,55.8052077846762,3.27959999919891,3.27944999919891,65593,"2026_01_14_0021","2026_01_14_0021_ev00024_rec0","no",271339
25,0,3.58914999919891,-90.2010833086775,-96.8687914585844,-6.66770814990683,0.150000000000095,0.0999999999997669,0,-87.057387313148,-3.26086029655099,13.1304057790428,55.4198316697679,3.58914999919891,3.58899999919891,71783,"2026_01_14_0021","2026_01_14_0021_ev00025_rec0","no",271340
26,0,4.00909999919891,-129.992448632022,-136.98476655142,-6.99231791939826,1.09999999999921,1.14999999999998,0,21326.8505086383,-21458.0513510814,91765.2383041704,67.9442102533278,4.00909999919891,4.00774999919891,80182,"2026_01_14_0021","2026_01_14_0021_ev00026_rec0","no",271341
27,0,4.19849999919891,-104.073870955751,-107.998860362138,-3.92498940638711,2.29999999999997,23.8999999999994,28.7000000000006,-104.347147782806,-6.24602980412193,17.2242308139304,-120.628314819134,4.19734999919891,4.19494999919891,83970,"2026_01_14_0021","2026_01_14_0021_ev00027_rec0","no",271342
28,0,4.28709999919891,-102.142256126718,-113.471216955021,-11.3289608283032,8.20000000000043,29.35,30.0000000000002,-105.764317518117,-7.21098276305575,16.8733530428892,-289.91715843513,4.28559999919891,4.27709999919891,85742,"2026_01_14_0021","2026_01_14_0021_ev00028_rec0","no",271343
29,0,4.37434999919891,-104.611301700483,-106.978245440009,-2.36694373952614,0.499999999999723,0.449999999999839,0,-92.6411678273568,-11.6929463033399,55.5314314351177,87.556857568041,4.37434999919891,4.37384999919891,87487,"2026_01_14_0021","2026_01_14_0021_ev00029_rec0","no",271344
30,0,4.62484999919891,-101.325328417964,-105.271070175797,-3.94574175783355,0.150000000000539,0.0999999999997669,0.0999999999997669,-99.804563276139,-3.07211759264536,2.93616895746791,36.0547559322861,4.62469999919891,4.62449999919891,92497,"2026_01_14_0021","2026_01_14_0021_ev00030_rec0","no",271345
31,0,4.65714999919891,-103.00092848672,-106.005645825832,-3.0047173391122,0.399999999999956,0.350000000000072,0,-98.4745491642577,-4.32444524564325,6.84228504774108,106.313048874609,4.65704999919891,4.65664999919891,93143,"2026_01_14_0021","2026_01_14_0021_ev00031_rec0","no",271346
32,0,4.70094999919891,-97.7043684250062,-102.297001649964,-4.59263322495738,0.300000000000189,0.150000000000539,0,-96.1664841485558,-1.86072249289362,2.40789171981168,41.0478968619249,4.70094999919891,4.70059999919891,94019,"2026_01_14_0021","2026_01_14_0021_ev00032_rec0","no",271347
33,0,4.87564999919891,-94.7991423784046,-102.176712982024,-7.37757060361977,0.799999999999912,1.59999999999982,1.80000000000025,-94.8171542605994,-3.9113204075009,4.96433930516704,-31.5883491626326,4.87549999919891,4.87209999919891,97513,"2026_01_14_0021","2026_01_14_0021_ev00033_rec0","no",271348
34,0,5.09434999919891,-96.4701301580075,-103.95954006629,-7.48940990828211,1.14999999999998,16.0999999999998,16.8999999999997,-58.5143539870195,-47.1233317396523,115.703211742898,-118.849417348856,5.09409999919891,5.09209999919891,101887,"2026_01_14_0021","2026_01_14_0021_ev00034_rec0","no",271349
35,0,5.34924999919891,-95.4867438514741,-97.8474183866208,-2.36067453514666,0.14999999999965,30.1499999999999,30.0000000000002,-3480.79220496418,3386.07605000557,113448.865298286,8.99871356150813,5.34924999919891,5.34894999919891,106985,"2026_01_14_0021","2026_01_14_0021_ev00035_rec0","no",271350
36,0,5.36749999919891,-95.4158052947262,-106.162747127036,-10.7469418323103,0.0999999999997669,0.0499999999998835,0,-94.0106306652386,-3.88181375250427,6.5380544859932,16.7073425408671,5.36749999919891,5.36739999919891,107350,"2026_01_14_0021","2026_01_14_0021_ev00036_rec0","no",271351
37,0,5.63569999919891,-89.3800720356034,-99.1931005572324,-9.81302852162891,5.20000000000032,18.1499999999994,15.6999999999998,-81.1605081706994,-17.0575647883351,43.0419321370018,-178.027494791645,5.63304999919891,5.62759999919891,112714,"2026_01_14_0021","2026_01_14_0021_ev00037_rec0","no",271352
38,0,5.69859999919891,-93.9129531000849,-101.485238439464,-7.57228533937919,3.64999999999949,11.8,9.54999999999995,-92.0600999380884,-10.0164906546266,12.4669623281989,-88.5534547117831,5.69734999919891,5.69329999919891,113972,"2026_01_14_0021","2026_01_14_0021_ev00038_rec0","no",271353
39,0,5.87844999919891,-91.3781527546265,-98.3164515388193,-6.93829878419285,2.10000000000043,11.6999999999994,0,-26203.4290796049,26108.9689674255,617585.766105439,-127.768561045282,5.87699999919891,5.87439999919891,117569,"2026_01_14_0021","2026_01_14_0021_ev00039_rec0","no",271354
40,0,5.97174999919891,-89.9511714948988,-93.3056502210106,-3.35447872611179,2.25000000000009,1.99999999999978,0.350000000000072,12918.5958087548,-13009.8442767404,86722.2869482834,11.0481891570188,5.96934999919891,5.96444999919891,119435,"2026_01_14_0021","2026_01_14_0021_ev00040_rec0","no",271355
41,0,5.98939999919891,-88.7322244321336,-93.5450595340759,-4.81283510194226,0.0500000000007716,0.200000000000422,0.59999999999949,-87.0715036965228,-4.13041665722513,3.21225926907588,36.2638685532889,5.98939999919891,5.98919999919891,119788,"2026_01_14_0021","2026_01_14_0021_ev00041_rec0","no",271356
42,0,6.30944999919891,-92.1463500427716,-100.657230508019,-8.51088046524733,0.600000000000378,12.5999999999999,10.8500000000005,-82.1183362518901,-18.4921871508035,31.9527981899854,-95.1135948597229,6.30454999919891,6.30374999919891,126189,"2026_01_14_0021","2026_01_14_0021_ev00042_rec0","no",271357
43,0,6.53204999919891,-92.0862854838046,-99.1356518766928,-7.04936639288822,0.0499999999998835,0.0499999999998835,0,-87.7306795318206,-6.80930299088752,9.35283640538865,68.0764946995513,6.53204999919891,6.53174999919891,130641,"2026_01_14_0021","2026_01_14_0021_ev00043_rec0","no",271358
44,0,6.57189999919891,-93.6121593780458,-99.9252137945804,-6.31305441653453,0.300000000000189,0.250000000000306,0.95000000000045,88890.0938605959,-88986.2723708263,374794.303454976,28.7750860874366,6.57189999919891,6.57159999919891,131438,"2026_01_14_0021","2026_01_14_0021_ev00044_rec0","no",271359
45,0,6.67879999919891,-93.2389084013172,-95.3237221970304,-2.08481379571319,0.900000000000567,0.8000000000008,0,-86.9353187490788,-6.43392492214987,16.4475122152875,98.2228036871186,6.67879999919891,6.67564999919891,133576,"2026_01_14_0021","2026_01_14_0021_ev00045_rec0","no",271360
46,0,6.80339999919891,-92.414505864438,-94.7699304570722,-2.35542459263421,0.199999999999534,0.14999999999965,0,-89.4326378133185,-3.86640729399995,3.09024048794741,77.4075770581203,6.80339999919891,6.80319999919891,136068,"2026_01_14_0021","2026_01_14_0021_ev00046_rec0","no",271361
47,0,7.47834999919891,-89.4486960831586,-95.7166289302415,-6.26793284708286,0.14999999999965,0.0499999999998835,0,-86.2752401402936,-4.26323874087973,8.63228604671036,59.3719260188931,7.47834999919891,7.47819999919891,149567,"2026_01_14_0021","2026_01_14_0021_ev00047_rec0","no",271362
48,0,8.16184999919891,-88.8940731646936,-93.3332950721894,-4.43922190749576,0.600000000000378,5.85000000000058,7.7499999999997,-89.2964362542048,-4.61362945192227,5.88232375702608,-44.0512268351778,8.16154999919891,8.16094999919891,163237,"2026_01_14_0021","2026_01_14_0021_ev00048_rec0","no",271363
49,0,8.23784999919891,-87.5188170315787,-104.077193604709,-16.55837657313,6.64999999999871,28.8500000000003,29.9999999999994,-86.2934379883719,-20.6613074728742,30.3822667342053,-468.824140582612,8.23684999919891,8.22659999919891,164757,"2026_01_14_0021","2026_01_14_0021_ev00049_rec0","no",271364
50,0,8.35534999919891,-102.059532288299,-113.54590562178,-11.4863733334815,2.4999999999995,6.75000000000026,5.49999999999962,-92.9027125985762,-16.8111751478616,24.2468288353087,-57.4884403445998,8.35044999919891,8.34754999919891,167107,"2026_01_14_0021","2026_01_14_0021_ev00050_rec0","no",271365
51,0,8.42179999919891,-95.4506829346463,-104.481405264603,-9.03072232995649,2.25000000000009,7.60000000000005,6.99999999999967,-97.633637419329,-6.52836517436737,4.0488912036064,-121.839895778607,8.41924999919891,8.41579999919891,168436,"2026_01_14_0021","2026_01_14_0021_ev00051_rec0","no",271366
52,0,8.57244999919891,-97.7796723446625,-104.272511253411,-6.49283890874884,0.250000000001194,0.0999999999997669,0,-95.2850786524734,-3.20941838452551,4.84461710009769,58.9952646574962,8.57244999919891,8.57219999919891,171449,"2026_01_14_0021","2026_01_14_0021_ev00052_rec0","no",271367
53,0,8.61129999919891,-95.4118021415262,-98.0115818502729,-2.59977970874662,0.20000000000131,30.1000000000009,28.3499999999997,-44669.8880859816,44577.1689008055,345820.471822891,22.4414914964305,8.61129999919891,8.61109999919891,172226,"2026_01_14_0021","2026_01_14_0021_ev00053_rec0","no",271368
54,0,9.10709999919891,-89.3431808206736,-97.598330804368,-8.25514998369435,2.09999999999866,1.64999999999971,2.90000000000035,-85.122965642164,-8.43002263958962,19.6453748687538,-16.1304296028227,9.10584999919891,9.10289999919891,182142,"2026_01_14_0021","2026_01_14_0021_ev00054_rec0","no",271369
55,0,9.23779999919891,-89.3045421826641,-93.7468340284428,-4.44229184577861,2.34999999999985,8.39999999999996,9.69999999999871,-90.3033490245213,-6.73368751589893,4.14214067888704,-80.3876749915111,9.23469999919891,9.23219999919891,184756,"2026_01_14_0021","2026_01_14_0021_ev00055_rec0","no",271370
56,0,9.76209999919891,-92.1603676619898,-95.625669173253,-3.46530151126325,0.249999999999417,30.2000000000007,29.7999999999998,-59792.3172667392,59704.1522234745,337161.16535906,40.0888876964796,9.76209999919891,9.76179999919891,195242,"2026_01_14_0021","2026_01_14_0021_ev00056_rec0","no",271371
57,0,9.87039999919891,-93.2367562062339,-99.2291418989499,-5.99238569271606,0.0999999999997669,0.499999999998835,0,-88.1812942076911,-5.64561564029152,12.4476774049875,86.7957985030001,9.86964999919891,9.86919999919891,197408,"2026_01_14_0021","2026_01_14_0021_ev00057_rec0","no",271372
58,0,9.92224999919891,-93.2608684745106,-96.4150409638263,-3.15417248931576,0.300000000001077,0.350000000000961,0.0499999999998835,-92.9351024894688,-3.47931245194472,1e-07,8.89356454746036,9.92224999919891,9.92184999919891,198445,"2026_01_14_0021","2026_01_14_0021_ev00058_rec0","no",271373
59,0,9.95054999919891,-89.2555427515277,-103.870683934375,-14.6151411828475,2.05000000000055,12.6500000000007,13.0499999999998,-69.6574697985915,-30.581667689214,64.8251574901452,-190.579703665584,9.94769999919891,9.94474999919891,199011,"2026_01_14_0021","2026_01_14_0021_ev00059_rec0","no",271374
60,0,10.1191999991989,-86.8748680789188,-94.9466843760964,-8.07181629717762,1.80000000000113,14.6999999999995,14.4500000000001,-82.3801895694493,-10.9852554891082,37.6089949219147,-126.786946393122,10.1174999991989,10.1125999991989,202384,"2026_01_14_0021","2026_01_14_0021_ev00060_rec0","no",271375
61,0,10.1864999991989,-96.1988823774664,-102.65914860609,-6.46026622862311,0.199999999999534,0.0999999999997669,0,-87.797607190596,-9.00023619446036,17.8715505864364,120.027550355157,10.1864999991989,10.1859499991989,203730,"2026_01_14_0021","2026_01_14_0021_ev00061_rec0","no",271376
62,0,10.2768999991989,-83.7032641543095,-89.0344528734524,-5.33118871914287,0.499999999998835,30.3500000000003,29.9999999999994,-87.7171760155711,-3.11928131942242,8.15377197901841,-155.715130422571,10.2758999991989,10.2753999991989,205538,"2026_01_14_0021","2026_01_14_0021_ev00062_rec0","no",271377
63,0,10.6623999991989,-88.9444069446585,-94.5663284610112,-5.62192151635274,1.79999999999936,7.04999999999956,8.29999999999842,-85.8687817123334,-7.29684379806619,23.9352493983542,-39.1410622540729,10.6622499991989,10.6597999991989,213248,"2026_01_14_0021","2026_01_14_0021_ev00063_rec0","no",271378
64,0,10.9716999991989,-83.0804664975121,-94.9096603393555,-11.8291938418434,5.30000000000008,17.9000000000009,21.8000000000007,55576.2989733484,-55667.7258355636,305584.710542822,-224.877104713803,10.9694999991989,10.9641999991989,219434,"2026_01_14_0021","2026_01_14_0021_ev00064_rec0","no",271379
65,0,10.9909999991989,-88.7334838140578,-91.2475509643555,-2.51406715029762,0.0499999999998835,0.750000000000028,0.849999999999795,-85.9585946694468,-5.07014391168047,2.78232157055634,68.6238576253255,10.9909999991989,10.9906999991989,219820,"2026_01_14_0021","2026_01_14_0021_ev00065_rec0","no",271380
66,0,11.1109999991989,-90.8406499226888,-95.2148361206055,-4.37418619791667,0.0999999999997669,0.500000000000611,0.299999999999301,-90.4112674319842,-2.82230811789947,0.942235264639216,8.72548421223944,11.1107999991989,11.1104999991989,222220,"2026_01_14_0021","2026_01_14_0021_ev00066_rec0","no",271381
67,0,11.1467499991989,-92.8315585908436,-97.0458908081055,-4.2143322172619,0.299999999999301,1.09999999999921,0,-86.9686481936812,-6.9451018181933,8.82322091495333,114.861624200004,11.1461499991989,11.1455999991989,222935,"2026_01_14_0021","2026_01_14_0021_ev00067_rec0","no",271382
68,0,11.1866499991989,-87.0768152872721,-101.928703308105,-14.8518880208333,6.14999999999988,13.0999999999997,12.95,-87.0135106288195,-13.2097723453008,14.9833887225259,-226.392110188802,11.1865999991989,11.1798499991989,223733,"2026_01_14_0021","2026_01_14_0021_ev00068_rec0","no",271383
69,0,11.2907499991989,-84.9115204584031,-94.9096603393555,-9.99813988095238,2.44999999999962,38.8000000000002,29.9999999999994,-90.7664449969511,-6.96485850905122,2.30917192231531,-268.44242640904,11.2838499991989,11.2807499991989,225815,"2026_01_14_0021","2026_01_14_0021_ev00069_rec0","no",271384
70,0,11.3108999991989,-93.703489394415,-99.4872970581055,-5.78380766369048,0.14999999999965,0.0999999999997669,0,-89.248484342976,-6.26534967024664,2.77297961618417,115.878150576637,11.3108999991989,11.3107499991989,226218,"2026_01_14_0021","2026_01_14_0021_ev00070_rec0","no",271385
71,0,11.3331499991989,-90.7389246622721,-97.6562423706055,-6.91731770833333,0.100000000001543,0.100000000001543,0.14999999999965,-87.5490788833658,-6.62021853313285,1.12635723903368,87.7456661224367,11.3331499991989,11.3330499991989,226663,"2026_01_14_0021","2026_01_14_0021_ev00071_rec0","no",271386
72,0,11.4932499991989,-90.4918776012602,-97.0458908081055,-6.55401320684524,0.350000000000961,0.20000000000131,0.0999999999997669,-91.2726930579527,-6.07355573135679,0.0791236469823602,-25.0367664155507,11.4932499991989,11.4928999991989,229865,"2026_01_14_0021","2026_01_14_0021_ev00072_rec0","no",271387
73,0,11.5266999991989,-88.9514665149507,-99.1821212768555,-10.2306547619048,2.4999999999995,15.3999999999996,18.7000000000008,-92.6317354395934,-7.89742490597608,4.32883968190315,-246.148608979725,11.5164999991989,11.5139499991989,230534,"2026_01_14_0021","2026_01_14_0021_ev00073_rec0","no",271388
74,0,11.5531999991989,-95.4473510015578,-100.402824401855,-4.95547340029762,0.0999999999997669,0.199999999999534,0.199999999999534,-95.5594407292726,-5.48654464494936,0.152604286793661,-4.89298502604171,11.5530999991989,11.5528999991989,231064,"2026_01_14_0021","2026_01_14_0021_ev00074_rec0","no",271389
75,0,11.5773999991989,-98.586301894415,-104.980461120605,-6.39415922619048,0.600000000000378,0.14999999999965,0,45633.870039359,-45731.7552730272,288221.700460943,92.126755487351,11.5773999991989,11.5767999991989,231548,"2026_01_14_0021","2026_01_14_0021_ev00075_rec0","no",271390
76,0,11.5933499991989,-96.784311567034,-100.402824401855,-3.61851283482143,0.249999999999417,0.249999999999417,0,84762.7607667358,-84858.9757185598,324171.867638207,134.221758161272,11.5933499991989,11.5930999991989,231867,"2026_01_14_0021","2026_01_14_0021_ev00076_rec0","no",271391
77,0,11.6310499991989,-88.3120505923317,-93.6889572143555,-5.37690662202381,0.199999999999534,0.14999999999965,0,-85.9280924658541,-4.19482602599571,10.9151924179416,27.8000589279901,11.6310499991989,11.6308499991989,232621,"2026_01_14_0021","2026_01_14_0021_ev00077_rec0","no",271392
78,0,11.6499999991989,-87.4401197887602,-89.7216720581055,-2.28155226934524,0.199999999999534,0.499999999998835,0.450000000000728,-86.2763902518546,-2.5682237991875,1.92786392188286,28.358094260806,11.6492999991989,11.6490499991989,233000,"2026_01_14_0021","2026_01_14_0021_ev00078_rec0","no",271393
79,0,11.6710999991989,-87.4546519688198,-93.9941329956055,-6.53948102678571,0.0499999999998835,0.0999999999997669,0.0499999999998835,-85.3691378192075,-4.61922180397992,2.07149798413468,52.5806929997037,11.6710999991989,11.6708499991989,233422,"2026_01_14_0021","2026_01_14_0021_ev00079_rec0","no",271394
80,0,11.7309999991989,-86.8878969464983,-105.285636901855,-18.3977399553571,3.29999999999941,15.2999999999999,21.3500000000018,41881.3683382169,-41980.6989688475,158930.039670869,-290.860857282366,11.7307499991989,11.7266999991989,234620,"2026_01_14_0021","2026_01_14_0021_ev00080_rec0","no",271395
81,0,11.7867999991989,-80.5663986206055,-85.7543869018555,-5.18798828125,0.0499999999998835,31.0000000000006,29.9999999999994,-86.0006856862427,-4.1692930880336,4.52619935909531,-189.544680023193,11.7857999991989,11.7857499991989,235736,"2026_01_14_0021","2026_01_14_0021_ev00081_rec0","no",271396
82,0,11.9311499991989,-85.0713744390578,-92.7734298706055,-7.70205543154762,0.300000000001077,0.349999999999184,0.500000000000611,-83.8425851017672,-5.00005615440761,2.4957182336184,22.5513863972255,11.9308999991989,11.9304499991989,238623,"2026_01_14_0021","2026_01_14_0021_ev00082_rec0","no",271397
83,0,12.1040999991989,-83.9233322143555,-89.7216720581055,-5.79833984375,0.249999999999417,30.3499999999985,29.9999999999994,-87.4722043050092,-5.35916699454482,12.6798133310035,-172.4853515625,12.1036999991989,12.1034499991989,242082,"2026_01_14_0021","2026_01_14_0021_ev00083_rec0","no",271398
84,0,12.2269499991989,-86.0595626831055,-91.5527267456055,-5.4931640625,1.94999999999901,16.7999999999999,15.9500000000001,-87.4057227104886,-7.28069886134591,6.74982603199572,-129.898071289062,12.2231999991989,12.2212499991989,244539,"2026_01_14_0021","2026_01_14_0021_ev00084_rec0","no",271399
85,0,12.2512999991989,-88.2539218720936,-93.9941329956055,-5.7402111235119,0.14999999999965,0.0499999999998835,0,-85.4717251903168,-4.69622162750404,3.12573284538498,68.1573754083545,12.2512999991989,12.2511499991989,245026,"2026_01_14_0021","2026_01_14_0021_ev00085_rec0","no",271400
86,0,12.3113999991989,-87.7307633899507,-95.2148361206055,-7.48407273065476,2.74999999999892,11.1499999999989,5.59999999999938,-85.6442429508698,-7.5217638727608,12.8245304631793,-71.5005076272146,12.3040999991989,12.3012499991989,246228,"2026_01_14_0021","2026_01_14_0021_ev00086_rec0","no",271401
87,0,12.3311499991989,-86.9024291265578,-89.7216720581055,-2.81924293154762,0.400000000000844,1.85000000000102,1.79999999999936,-85.9957340371534,-4.93797620745963,1.92690627103939,16.3599623362223,12.3309499991989,12.3304999991989,246623,"2026_01_14_0021","2026_01_14_0021_ev00087_rec0","no",271402
88,0,12.4511999991989,-87.5854415893555,-93.6889572143555,-6.103515625,1.59999999999982,1.29999999999875,0.400000000000844,-85.6927533197181,-4.41533596099761,6.612974303667,25.5660972595215,12.4511999991989,12.4494499991989,249024,"2026_01_14_0021","2026_01_14_0021_ev00088_rec0","no",271403
89,0,12.4669999991989,-83.6181564331055,-86.9750900268555,-3.35693359375,0.349999999999184,19.8,29.9999999999994,-85.2473138844466,-3.30953554456397,4.54796966610943,-66.6503971099853,12.4665499991989,12.4661999991989,249340,"2026_01_14_0021","2026_01_14_0021_ev00089_rec0","no",271404
90,0,12.6922499991989,-86.3792710077195,-113.220207214355,-26.840936206636,3.29999999999941,32.5500000000005,29.9999999999994,-99.6054168414403,-14.7934933015874,15.1505700687431,-673.845187387012,12.6904999991989,12.6866499991989,253845,"2026_01_14_0021","2026_01_14_0021_ev00090_rec0","no",271405
91,0,12.7174999991989,-103.410985674177,-105.590812683105,-2.17982700892857,0.400000000000844,2.29999999999997,2.4999999999995,-78.7576070529842,-26.9361801188149,44.6345367958647,150.580269949777,12.7174999991989,12.7169999991989,254350,"2026_01_14_0021","2026_01_14_0021_ev00091_rec0","no",271406
92,0,13.1137499991989,-89.4164962768555,-93.9941329956055,-4.57763671875,0.14999999999965,17.4000000000003,18.3999999999997,24492.3493127072,-24587.57687185,109938.447764983,-85.8459476470947,13.1119999991989,13.1118499991989,262275,"2026_01_14_0021","2026_01_14_0021_ev00092_rec0","no",271407
93,0,13.2272999991989,-94.2993087768555,-98.2665939331055,-3.96728515625,1.54999999999994,0.0500000000016598,0,-89.0029326726536,-6.42700265403026,8.69356003314969,104.469299316406,13.2272999991989,13.2253999991989,264546,"2026_01_14_0021","2026_01_14_0021_ev00093_rec0","no",271408
94,0,13.2514499991989,-90.041380019415,-92.7734298706055,-2.73204985119048,0.0999999999997669,0.400000000000844,0.600000000000378,-87.0501669989886,-4.90750327826548,3.03506979108057,74.3055793943858,13.2513999991989,13.2512999991989,265029,"2026_01_14_0021","2026_01_14_0021_ev00094_rec0","no",271409
95,0,13.5114999991989,-95.9705094837007,-98.8769454956055,-2.90643601190476,0.0999999999997669,0.14999999999965,0,-89.3733168097249,-6.91541080087211,11.7167875248343,122.594197591146,13.5112999991989,13.5111999991989,270230,"2026_01_14_0021","2026_01_14_0021_ev00095_rec0","no",271410
96,0,13.5672499991989,-87.5854415893555,-91.2475509643555,-3.662109375,0.399999999999068,30.5,29.9999999999994,-90.6164886486685,-1.89918572548868,2.96681118472213,-100.082397842407,13.5668499991989,13.5664499991989,271345,"2026_01_14_0021","2026_01_14_0021_ev00096_rec0","no",271411
97,0,13.5871999991989,-91.0441004435221,-96.4355392456055,-5.39143880208333,0.150000000001427,0.350000000000961,1.35000000000041,-86.651362073349,-6.82810578230164,20.5438372521243,22.9492187500001,13.5870999991989,13.5867999991989,271744,"2026_01_14_0021","2026_01_14_0021_ev00097_rec0","no",271412
98,0,13.6516499991989,-95.1421752203078,-98.2665939331055,-3.12441871279762,0.199999999999534,0.599999999998602,0,-83.929306819096,-9.82453077206762,30.1667294969162,148.516337076823,13.6515999991989,13.6509999991989,273033,"2026_01_14_0021","2026_01_14_0021_ev00098_rec0","no",271413
99,0,13.6716999991989,-90.5354741414388,-93.3837814331055,-2.84830729166667,0.300000000001077,0.100000000001543,0,12294.2127746652,-12383.329999652,128540.85054818,85.4212439219156,13.6716999991989,13.6713999991989,273434,"2026_01_14_0021","2026_01_14_0021_ev00099_rec0","no",271414
100,0,13.6872999991989,-88.239389692034,-93.0786056518555,-4.83921595982143,0.199999999999534,0.14999999999965,0,-86.2522522730678,-3.24477963965517,4.60262918910756,44.1687424795968,13.6872999991989,13.6869499991989,273746,"2026_01_14_0021","2026_01_14_0021_ev00100_rec0","no",271415
101,0,13.7315499991989,-89.8669938587007,-97.0458908081055,-7.17889694940476,4.79999999999947,7.35000000000063,1.20000000000076,-90.6564908317769,-4.63925713797496,1.33325200892959,-51.1038643973213,13.7313499991989,13.7239499991989,274631,"2026_01_14_0021","2026_01_14_0021_ev00101_rec0","no",271416
102,0,13.7514999991989,-92.3810610089983,-96.4355392456055,-4.05447823660714,0.249999999999417,0.14999999999965,0,7607.42788283875,-7700.29816918629,39237.6666604002,72.3386492047992,13.7511499991989,13.7508999991989,275030,"2026_01_14_0021","2026_01_14_0021_ev00102_rec0","no",271417
103,0,13.7717999991989,-89.8815260387602,-94.6044845581055,-4.72295851934524,0.14999999999965,0.14999999999965,0.199999999999534,-89.0872944411576,-3.45629244947408,0.717788715164341,21.0738393874395,13.7717999991989,13.7716499991989,275436,"2026_01_14_0021","2026_01_14_0021_ev00103_rec0","no",271418
104,0,13.8138999991989,-88.486436753046,-91.2475509643555,-2.76111421130952,0.14999999999965,0.549999999998718,0.249999999999417,-88.2761983989166,-5.8229904699006,0.174478564472839,4.05375010172542,13.8137999991989,13.8135999991989,276278,"2026_01_14_0021","2026_01_14_0021_ev00104_rec0","no",271419
105,0,13.8475499991989,-90.4482810610817,-92.4682540893555,-2.01997302827381,0.14999999999965,0.14999999999965,0,-87.2749434396849,-2.82084428768688,7.84587813622393,73.2447306315104,13.8475499991989,13.8472499991989,276951,"2026_01_14_0021","2026_01_14_0021_ev00105_rec0","no",271420
106,0,14.1208999991989,-92.7443655104864,-103.454582214355,-10.7102167038691,2.2000000000002,16.6500000000003,14.5999999999997,87228.1812467212,-87329.361434189,284952.651243243,-172.808329264323,14.1156999991989,14.1132499991989,282418,"2026_01_14_0021","2026_01_14_0021_ev00106_rec0","no",271421
107,0,14.1940499991989,-89.8524616786412,-92.4682540893555,-2.61579241071429,0.199999999999534,0.249999999999417,0,-86.8585340417853,-2.89807557631507,2.99460792818834,80.2546886989047,14.1940499991989,14.1937999991989,283881,"2026_01_14_0021","2026_01_14_0021_ev00107_rec0","no",271422
108,0,14.2233499991989,-83.6181564331055,-87.2802658081055,-3.662109375,0.349999999999184,30.1000000000009,30.0000000000011,-86.6676318546914,-4.00999435797891,10.4203266597688,-133.041382598877,14.2233499991989,14.2229999991989,284467,"2026_01_14_0021","2026_01_14_0021_ev00108_rec0","no",271423
109,0,14.2517499991989,-88.0795357113793,-92.4682540893555,-4.38871837797619,0.20000000000131,0.0499999999998835,0,-85.6020587544593,-3.6573526942625,2.04003408361613,66.4018869127546,14.2517499991989,14.2514999991989,285035,"2026_01_14_0021","2026_01_14_0021_ev00109_rec0","no",271424
110,0,14.3116999991989,-91.5091302054269,-99.7924728393555,-8.28334263392857,1.74999999999947,18.6500000000009,20.2500000000008,28849.6186355745,-28947.7162932841,166411.7678559,-151.114327566964,14.3083999991989,14.3063499991989,286234,"2026_01_14_0021","2026_01_14_0021_ev00110_rec0","no",271425
111,0,14.3340999991989,-94.5318236578078,-97.0458908081055,-2.51406715029762,0.250000000001194,0.250000000001194,0,103395.711305481,-103489.723542303,408879.226662731,128.258840615409,14.3340999991989,14.3338499991989,286682,"2026_01_14_0021","2026_01_14_0021_ev00111_rec0","no",271426
112,0,14.4117999991989,-89.6199467976888,-98.2665939331055,-8.64664713541667,2.80000000000058,6.40000000000107,0.249999999999417,-87.1775790115747,-5.89748850956496,5.31114728108808,23.5468538920083,14.4076499991989,14.4042999991989,288236,"2026_01_14_0021","2026_01_14_0021_ev00112_rec0","no",271427
113,0,14.4275999991989,-87.5854415893555,-94.6044845581055,-7.01904296875,0.14999999999965,0.0999999999997669,0,-85.7784022904373,-3.60737520669701,8.00392933811001,25.3524757385254,14.4275499991989,14.4273999991989,288552,"2026_01_14_0021","2026_01_14_0021_ev00113_rec0","no",271428
114,0,14.6076999991989,-89.9251225789388,-96.7407150268555,-6.81559244791667,0.150000000001427,0.100000000001543,0.0499999999998835,-88.7477530664909,-7.98749692695914,0.0182959987113529,34.632364908854,14.6076999991989,14.6075499991989,292154,"2026_01_14_0021","2026_01_14_0021_ev00114_rec0","no",271429
115,0,14.7277499991989,-84.2285079956055,-89.1113204956055,-4.8828125,0.450000000000728,30.4500000000001,29.9999999999994,-88.7825874826171,-3.44078670372864,4.54089938846922,-155.845642471313,14.7277499991989,14.7272999991989,294555,"2026_01_14_0021","2026_01_14_0021_ev00115_rec0","no",271430
116,0,14.7519999991989,-90.0268478393555,-93.0786056518555,-3.0517578125,0.20000000000131,11.5499999999997,10.8499999999996,-470905.723553942,470825.803583751,455553.370619302,-162.376404190063,14.7518499991989,14.7515499991989,295040,"2026_01_14_0021","2026_01_14_0021_ev00116_rec0","no",271431
117,0,14.7811499991989,-88.5881620134626,-119.934074401855,-31.3459123883929,2.74999999999892,21.7999999999989,19.5000000000007,-59.7185262662823,-64.0757775946977,42.4358596976136,-696.548461914063,14.7766499991989,14.7734999991989,295623,"2026_01_14_0021","2026_01_14_0021_ev00117_rec0","no",271432
118,0,14.8720499991989,-89.6199467976888,-129.39453125,-39.7745844523112,6.79999999999836,23.1499999999993,15.9000000000002,-86.7420142888666,-43.7357909325316,17.4632797716425,-985.387225468954,14.8644999991989,14.8576499991989,297441,"2026_01_14_0021","2026_01_14_0021_ev00118_rec0","no",271433
119,0,14.9143499991989,-95.868784223284,-101.928703308105,-6.05991908482143,0.250000000001194,0.849999999999795,3.24999999999953,39818.0061349317,-39917.1240480675,128697.947817077,40.663582938058,14.9142499991989,14.9138999991989,298287,"2026_01_14_0021","2026_01_14_0021_ev00119_rec0","no",271434
120,0,14.9476499991989,-98.615366254534,-101.623527526855,-3.00816127232143,0.249999999999417,1.69999999999959,1.59999999999982,-87.3180842271835,-13.7307663118841,15.647831217686,155.904497419085,14.9471499991989,14.9466999991989,298953,"2026_01_14_0021","2026_01_14_0021_ev00120_rec0","no",271435
121,0,15.1343499991989,-89.6344789777483,-93.6889572143555,-4.05447823660714,0.500000000000611,0.450000000000728,0,-86.6918582245024,-3.8058755915249,3.1937800761387,74.9402708326068,15.1343499991989,15.1337499991989,302687,"2026_01_14_0021","2026_01_14_0021_ev00121_rec0","no",271436
122,0,15.2132499991989,-84.0831865583147,-102.539054870605,-18.4558683122907,3.19999999999965,21.2000000000003,22.85,142430.782164877,-142526.809001252,636262.756704566,-390.949052728925,15.2056999991989,15.2022499991989,304265,"2026_01_14_0021","2026_01_14_0021_ev00122_rec0","no",271437
123,0,15.2743999991989,-97.8306285313198,-114.746086120605,-16.9154575892857,8.79999999999903,18.4999999999995,14.1000000000009,141280.586126753,-141392.976494617,240481.60619783,-221.906389508928,15.2742999991989,15.2645499991989,305488,"2026_01_14_0021","2026_01_14_0021_ev00123_rec0","no",271438
124,0,15.3332999991989,-90.985971723284,-96.1303634643555,-5.14439174107143,0.0499999999998835,0.150000000001427,0,-88.1488903491412,-3.28566597676977,2.18697841863672,77.5179166521344,15.3331999991989,15.3330999991989,306666,"2026_01_14_0021","2026_01_14_0021_ev00124_rec0","no",271439
125,0,15.3679499991989,-93.9214720953078,-99.1821212768555,-5.26064918154762,1.54999999999994,4.84999999999935,5.44999999999973,-88.0106877923706,-11.1456013548285,15.6387247748442,25.298345656622,15.3679499991989,15.3660999991989,307359,"2026_01_14_0021","2026_01_14_0021_ev00125_rec0","no",271440
126,0,15.4721999991989,-90.375620160784,-101.013175964355,-10.6375558035714,1.74999999999947,6.19999999999976,7.55000000000017,-87.2694221823938,-11.110449048521,16.51803507363,-74.082510811942,15.4717499991989,15.4699999991989,309444,"2026_01_14_0021","2026_01_14_0021_ev00126_rec0","no",271441
127,0,15.8521999991989,-89.6780755179269,-95.8251876831055,-6.14711216517857,1.85000000000102,1.69999999999959,3.00000000000011,-86.001380096678,-6.77704910471397,23.0067560946717,-13.5988511766706,15.8508499991989,15.8481499991989,317044,"2026_01_14_0021","2026_01_14_0021_ev00127_rec0","no",271442
128,0,15.8681999991989,-83.0078048706055,-87.8906173706055,-4.8828125,2.89999999999857,32.2500000000012,30.0000000000011,-87.0937962063314,-3.5225603346521,7.82483640339412,-173.83575553894,15.8674999991989,15.8645999991989,317364,"2026_01_14_0021","2026_01_14_0021_ev00128_rec0","no",271443
129,0,16.0480999991989,-89.5327537173317,-111.083976745605,-21.5512230282738,4.99999999999901,19.6499999999986,25.3499999999995,-96.4935816420731,-14.100851275433,9.62360195315036,-452.472505115327,16.0452499991989,16.0396499991989,320962,"2026_01_14_0021","2026_01_14_0021_ev00129_rec0","no",271444
130,0,16.0817999991989,-103.396453494117,-106.201164245605,-2.8047107514881,0.950000000003115,0.349999999997408,0.0500000000016598,-82.2873430142904,-22.1718840913337,32.8425836712508,196.170625232515,16.0815499991989,16.0805999991989,321636,"2026_01_14_0021","2026_01_14_0021_ev00130_rec0","no",271445
131,0,16.1724499991989,-91.9450956072126,-96.7407150268555,-4.79561941964286,0.350000000000961,1.1499999999991,0.0500000000016598,-88.7182918204608,-5.07333824939306,4.33127908717341,74.0694318498883,16.1724499991989,16.1711499991989,323449,"2026_01_14_0021","2026_01_14_0021_ev00131_rec0","no",271446
132,0,16.2526499991989,-91.9160312470936,-96.4355392456055,-4.5195079985119,0.299999999999301,0.250000000001194,0,-89.5546703751762,-3.56209904551516,2.32607908113363,61.6535001300632,16.2526499991989,16.2522999991989,325053,"2026_01_14_0021","2026_01_14_0021_ev00132_rec0","no",271447
133,0,16.4083999991989,-89.2857066563198,-92.4682540893555,-3.18254743303571,0.0500000000016598,0.200000000003087,0.0499999999981071,-88.7258584853407,-1.77739398664919,2.44848733429472,11.823381314959,16.4082499991989,16.4081999991989,328168,"2026_01_14_0021","2026_01_14_0021_ev00133_rec0","no",271448
134,0,16.4748999991989,-90.4482810610817,-96.1303634643555,-5.68208240327381,0.0999999999997669,0.149999999997874,0.0999999999997669,-88.240749900876,-7.32270091538316,0.231370440426828,64.2569405691964,16.4748999991989,16.4747999991989,329498,"2026_01_14_0021","2026_01_14_0021_ev00134_rec0","no",271449
135,0,16.6260499991989,-82.7026290893555,-88.5009689331055,-5.79833984375,0.599999999998602,30.8499999999974,29.9999999999976,-87.1025940906585,-3.01812881216194,7.18804170910755,-159.645080566406,16.6256999991989,16.6250999991989,332521,"2026_01_14_0021","2026_01_14_0021_ev00135_rec0","no",271450
136,0,16.7150499991989,-87.7452955700102,-102.539054870605,-14.7937593005952,3.60000000000227,11.849999999999,9.19999999999988,-78.056846583632,-17.9966815730343,53.7526119604836,-221.966334751674,16.7083499991989,16.7041499991989,334301,"2026_01_14_0021","2026_01_14_0021_ev00136_rec0","no",271451
137,0,16.7750999991989,-93.703489394415,-100.402824401855,-6.69933500744048,0.299999999999301,0.250000000001194,0.0999999999997669,-90.5954159996954,-5.89339852308549,2.01328592141836,80.3891136532736,16.7750999991989,16.7747499991989,335502,"2026_01_14_0021","2026_01_14_0021_ev00137_rec0","no",271452
138,0,16.8056999991989,-89.7798007783436,-95.2148361206055,-5.4350353422619,0.250000000001194,0.250000000001194,1.55000000000172,-88.7870585546165,-3.80344906214643,6.50491889400674,4.64375775655131,16.8056999991989,16.8053999991989,336114,"2026_01_14_0021","2026_01_14_0021_ev00138_rec0","no",271453
139,0,17.0259499991989,-88.5009689331055,-92.4682540893555,-3.96728515625,0.499999999998835,16.7999999999999,22.2499999999997,-89.4412498985481,-7.27596052290225,8.47028201607985,-91.4230346679688,17.0259499991989,17.0254499991989,340519,"2026_01_14_0021","2026_01_14_0021_ev00139_rec0","no",271454
140,0,17.0512499991989,-88.7189516339983,-93.0786056518555,-4.35965401785714,0.250000000001194,12.1000000000002,11.1999999999988,-586954.358431092,586872.786181887,751260.457753222,-137.40975516183,17.0511499991989,17.0508999991989,341025,"2026_01_14_0021","2026_01_14_0021_ev00140_rec0","no",271455
141,0,17.0814999991989,-88.6898872738793,-131.53076171875,-42.8408744448707,4.30000000000064,20.1999999999991,20.6499999999998,15.1538996597902,-145.667758270371,105.124032453403,-839.59126138233,17.0803499991989,17.0756499991989,341630,"2026_01_14_0021","2026_01_14_0021_ev00141_rec0","no",271456
142,0,17.1328499991989,-99.2111856369745,-103.454582214355,-4.24339657738095,0.149999999997874,0.0499999999981071,0,-90.8347285344076,-9.78347936983528,7.80576144546267,175.977434430804,17.1328499991989,17.1324499991989,342657,"2026_01_14_0021","2026_01_14_0021_ev00142_rec0","no",271457
143,0,17.2131999991989,-84.5336837768555,-87.5854415893555,-3.0517578125,0.350000000000961,23.8499999999995,23.1500000000011,-90.0360387657113,-0.91556610731784,0.711228112886697,-170.646667480469,17.2128499991989,17.2124999991989,344264,"2026_01_14_0021","2026_01_14_0021_ev00143_rec0","no",271458
144,0,17.2448499991989,-90.8842464628674,-95.8251876831055,-4.9409412202381,0.150000000001427,0.150000000001427,0.499999999998835,-87.9172912115879,-5.01912190643688,10.4739835656954,38.9095488048733,17.2447499991989,17.2444999991989,344897,"2026_01_14_0021","2026_01_14_0021_ev00144_rec0","no",271459
145,0,17.4297499991989,-88.3411149524507,-97.0458908081055,-8.70477585565476,1.65000000000148,36.3000000000007,30.0000000000011,-94.8814032003602,-2.79356609124403,1.3195690011222,-239.916120256696,17.4248499991989,17.4231999991989,348595,"2026_01_14_0021","2026_01_14_0021_ev00145_rec0","no",271460
146,0,17.4531999991989,-98.3537870134626,-106.811515808105,-8.45772879464286,0.599999999998602,0.900000000001455,0,-77.8648927416391,-23.1022104804942,43.2777223933719,111.825125558036,17.4530499991989,17.4517499991989,349064,"2026_01_14_0021","2026_01_14_0021_ev00146_rec0","no",271461
147,0,17.5687999991989,-90.9714395432245,-94.9096603393555,-3.93822079613095,0.299999999999301,1.40000000000029,1.1999999999972,-88.6521342394508,-4.83460308886169,4.81745125467787,44.8655628022695,17.5683499991989,17.5678999991989,351376,"2026_01_14_0021","2026_01_14_0021_ev00147_rec0","no",271462
148,0,17.6061499991989,-93.3401848929269,-96.7407150268555,-3.40053013392857,0.299999999999301,2.95000000000201,3.34999999999752,-88.7641490952295,-7.66615139977817,12.1798226518858,50.6155827658518,17.6061499991989,17.6055499991989,352123,"2026_01_14_0021","2026_01_14_0021_ev00148_rec0","no",271463
149,0,17.9333499991989,-92.511850629534,-94.6044845581055,-2.09263392857143,0.650000000000261,3.2000000000032,3.45000000000084,-85.3156896073494,-9.18000317324688,24.3751897118272,56.4041137695312,17.9333499991989,17.9326999991989,358667,"2026_01_14_0021","2026_01_14_0021_ev00149_rec0","no",271464
150,0,18.0357499991989,-85.768919081915,-88.5009689331055,-2.73204985119048,0.300000000002854,0.500000000002387,2.44999999999962,-87.0527073579781,-1.36971258010987,0.074073486055661,-39.9119085947674,18.0357499991989,18.0354499991989,360715,"2026_01_14_0021","2026_01_14_0021_ev00150_rec0","no",271465
151,0,18.0558499991989,-90.1285730997721,-92.1630783081055,-2.03450520833333,0.300000000002854,0.600000000002154,0,-87.2522036094079,-3.4109885879878,1.69832757760149,79.8873901367189,18.0558499991989,18.0551499991989,361117,"2026_01_14_0021","2026_01_14_0021_ev00151_rec0","no",271466
152,0,18.0715499991989,-81.1767501831055,-86.3647384643555,-5.18798828125,0.849999999999795,4.54999999999828,0,-86.8509914203963,0.489965887950781,1e-07,-205.337524795532,18.0674999991989,18.0666499991989,361431,"2026_01_14_0021","2026_01_14_0021_ev00152_rec0","no",271467
153,0,18.1134499991989,-86.989622206915,-97.6562423706055,-10.6666201636905,2.19999999999843,2.85000000000224,2.05000000000055,-86.9579778409864,-6.60852707812932,4.00792607211037,-37.0330821990969,18.1126999991989,18.1103499991989,362269,"2026_01_14_0021","2026_01_14_0021_ev00153_rec0","no",271468
154,0,18.4758499991989,-86.989622206915,-94.9096603393555,-7.92003813244048,0.0999999999997669,0.0999999999997669,0.0999999999997669,-85.4293893926815,-7.85958084295659,0.16797475787769,45.1071549551826,18.4758499991989,18.4757499991989,369517,"2026_01_14_0021","2026_01_14_0021_ev00154_rec0","no",271469
155,0,18.5760499991989,-89.401964096796,-93.3837814331055,-3.98181733630952,0.0999999999997669,0.250000000001194,0,-86.9789257236342,-3.76443129454089,1.89396313958051,64.3190623964584,18.5758999991989,18.5757999991989,371521,"2026_01_14_0021","2026_01_14_0021_ev00155_rec0","no",271470
156,0,18.5958499991989,-88.7480159941174,-97.0458908081055,-8.2978748139881,0.250000000001194,0.150000000001427,0,11508.2838800523,-11595.201515901,147386.169596611,90.0857054574147,18.5958499991989,18.5955999991989,371917,"2026_01_14_0021","2026_01_14_0021_ev00156_rec0","no",271471
157,0,18.6495499991989,-87.6145059494745,-91.5527267456055,-3.93822079613095,0.550000000000495,4.70000000000326,3.75000000000014,-86.0626841108149,-6.18303561411713,5.23569415547175,5.8466574350994,18.6467499991989,18.6460999991989,372991,"2026_01_14_0021","2026_01_14_0021_ev00157_rec0","no",271472
158,0,18.7738499991989,-90.7825212024507,-98.8769454956055,-8.09442429315476,0.700000000001921,1.59999999999982,0.0999999999997669,-88.0859845628522,-5.94928784996574,2.13512046981965,66.6914436521985,18.7738499991989,18.7721999991989,375477,"2026_01_14_0021","2026_01_14_0021_ev00158_rec0","no",271473
159,0,18.7960999991989,-89.707139878046,-95.5200119018555,-5.81287202380952,0.250000000001194,0.199999999999534,0,-86.1010458024449,-4.44015059913396,2.46747418975372,96.385406466893,18.7960999991989,18.7958499991989,375922,"2026_01_14_0021","2026_01_14_0021_ev00159_rec0","no",271474
160,0,18.8938999991989,-88.4428402128674,-91.8579025268555,-3.4150623139881,0.450000000000728,0.849999999999795,0.550000000000495,-85.7216467049968,-4.99838575575947,2.36056826744555,68.1097811835151,18.8936499991989,18.8931999991989,377878,"2026_01_14_0021","2026_01_14_0021_ev00160_rec0","no",271475
161,0,18.9762499991989,-87.8906173706055,-91.5527267456055,-3.662109375,0.299999999999301,0.449999999997175,0.150000000001427,-84.9598726198304,-4.6365146536491,1.88921000292217,78.0029214859009,18.9761499991989,18.9756999991989,379525,"2026_01_14_0021","2026_01_14_0021_ev00161_rec0","no",271476
162,0,19.0138999991989,-86.3792710077195,-89.1113204956055,-2.73204948788597,1.30000000000052,8.50000000000151,6.19999999999976,-86.5464149000857,-5.92984597403337,3.17939479137963,-36.0735828490484,19.0116999991989,19.0103999991989,380278,"2026_01_14_0021","2026_01_14_0021_ev00162_rec0","no",271477
163,0,19.0697999991989,-84.3157014392671,-94.2993087768555,-9.98360733758835,2.84999999999869,26.7499999999998,30.0000000000011,-80.8860817011648,-13.9732237715298,48.1700897967512,-235.715581140064,19.0683999991989,19.0654499991989,381396,"2026_01_14_0021","2026_01_14_0021_ev00163_rec0","no",271478
164,0,19.2696999991989,-91.1603578839983,-96.1303634643555,-4.97000558035714,0.299999999999301,0.0499999999981071,0.900000000001455,-89.8776520373331,-3.7679159532997,4.72423713383075,20.2484130859376,19.2696999991989,19.2693999991989,385394,"2026_01_14_0021","2026_01_14_0021_ev00164_rec0","no",271479
165,0,19.5164499991989,-90.0268478393555,-93.6889572143555,-3.662109375,0.250000000001194,0.599999999998602,0.399999999999068,-88.927701880961,-5.46694596037287,0.492634745416171,29.075622177124,19.5164499991989,19.5161499991989,390329,"2026_01_14_0021","2026_01_14_0021_ev00165_rec0","no",271480
166,0,19.5341999991989,-89.9105903988793,-92.7734298706055,-2.86283947172619,0.0999999999997669,0.599999999998602,0.849999999999795,-87.5723816343518,-4.82251156563869,2.47682561251946,57.8591479165214,19.5341999991989,19.5340999991989,390684,"2026_01_14_0021","2026_01_14_0021_ev00166_rec0","no",271481
167,0,19.7565999991989,-93.3547170729864,-99.1821212768555,-5.82740420386905,0.949999999999562,6.55000000000072,0,-86.1755745204537,-8.79750118801273,21.1400265415028,59.947785877046,19.7511999991989,19.7499499991989,395132,"2026_01_14_0021","2026_01_14_0021_ev00167_rec0","no",271482
168,0,19.7700999991989,-90.5790706816174,-95.8251876831055,-5.2461170014881,0.250000000001194,30.1999999999971,29.9999999999976,-30466.1868897258,30377.1669423569,478591.543844797,17.8887503487721,19.7700999991989,19.7698499991989,395402,"2026_01_14_0021","2026_01_14_0021_ev00168_rec0","no",271483
169,0,19.8021499991989,-91.843370346796,-100.402824401855,-8.55945405505952,0.650000000000261,14.050000000001,14.3000000000022,-62.5860988832358,-38.1459582282828,88.0736033931364,-120.266868954613,19.7978499991989,19.7971499991989,396043,"2026_01_14_0021","2026_01_14_0021_ev00169_rec0","no",271484
170,0,19.8366999991989,-90.1576374598912,-96.1303634643555,-5.97272600446429,0.0500000000016598,0.0999999999997669,0.0500000000016598,-90.6234656933703,-5.50742132424518,0.00060758434829965,-14.8903982979913,19.8365499991989,19.8364999991989,396734,"2026_01_14_0021","2026_01_14_0021_ev00170_rec0","no",271485
171,0,20.0746499991989,-97.6853067307245,-101.318351745605,-3.63304501488095,0.0999999999997669,3.5000000000025,2.50000000000128,-86.1891401873596,-14.3004157097643,23.1360551584832,100.836254301525,20.0732499991989,20.0726499991989,401493,"2026_01_14_0021","2026_01_14_0021_ev00171_rec0","no",271486
172,0,20.2945999991989,-91.538194565546,-99.4872970581055,-7.94910249255952,0.499999999998835,1.04999999999933,0.0499999999981071,-88.6755960609488,-5.85816281850326,2.66847441645753,68.6700003487725,20.2943499991989,20.2923999991989,405892,"2026_01_14_0021","2026_01_14_0021_ev00172_rec0","no",271487
173,0,20.3168499991989,-88.3411149524507,-90.9423751831055,-2.60126023065476,0.0999999999997669,0.499999999998835,0.650000000000261,-87.3429310894111,-3.4416529086724,1.19667080485398,25.3742751530239,20.3168499991989,20.3167499991989,406337,"2026_01_14_0021","2026_01_14_0021_ev00173_rec0","no",271488
174,0,20.3746499991989,-85.6817260015578,-97.6562423706055,-11.9745163690476,3.19999999999965,9.80000000000203,12.1000000000002,-88.7181642528415,-6.33814889010525,7.99122359362463,-185.394650413877,20.3711499991989,20.3674499991989,407493,"2026_01_14_0021","2026_01_14_0021_ev00174_rec0","no",271489
175,0,20.4304499991989,-89.736204238165,-93.6889572143555,-3.95275297619048,0.0500000000016598,0.399999999999068,1.00000000000122,-87.889790856995,-3.88904914646932,6.2679246454665,30.2334736233664,20.4302999991989,20.4300999991989,408609,"2026_01_14_0021","2026_01_14_0021_ev00175_rec0","no",271490
176,0,20.5087999991989,-88.6462907337007,-92.7734298706055,-4.12713913690476,0.199999999999534,1.20000000000076,2.15000000000032,-87.8852330130626,-3.60586647800921,4.70289979341574,5.20905879792722,20.5087999991989,20.5085999991989,410176,"2026_01_14_0021","2026_01_14_0021_ev00176_rec0","no",271491
177,0,20.7358999991989,-91.538194565546,-95.2148361206055,-3.67664155505952,0.199999999999534,0.199999999999534,0,-80.1318194314624,-10.1169874737068,72.3935861095428,93.3038616907031,20.7358999991989,20.7356999991989,414718,"2026_01_14_0021","2026_01_14_0021_ev00177_rec0","no",271492
178,0,20.8413499991989,-94.7207419985817,-159.3017578125,-64.5810158139183,3.05000000000177,16.7500000000018,18.7999999999988,-21.3947991223328,-136.588841003753,55.343580074145,-1107.96259874616,20.8411499991989,20.8376499991989,416827,"2026_01_14_0021","2026_01_14_0021_ev00178_rec0","no",271493
179,0,20.9171999991989,-89.6199467976888,-107.421867370605,-17.8019205729167,2.34999999999985,4.75000000000136,8.70000000000104,-82.6423434839359,-17.9418403223968,31.0923869606712,-154.719034830729,20.9171499991989,20.9145999991989,418344,"2026_01_14_0021","2026_01_14_0021_ev00179_rec0","no",271494
180,0,20.9507999991989,-90.5500063214983,-93.3837814331055,-2.83377511160714,0.0499999999981071,0.199999999999534,0.550000000000495,-87.2226260663429,-4.90553911120896,4.69055564704273,76.5282767159599,20.9507999991989,20.9506499991989,419016,"2026_01_14_0021","2026_01_14_0021_ev00180_rec0","no",271495
181,0,20.9749999991989,-87.8615530104864,-90.0268478393555,-2.16529482886905,0.0999999999997669,0.599999999998602,0.800000000001688,-85.6558052500597,-4.10933997005381,2.53385866582458,55.5071105684552,20.9749999991989,20.9748999991989,419500,"2026_01_14_0021","2026_01_14_0021_ev00181_rec0","no",271496
182,0,21.0774499991989,-82.7898236229306,-92.1630783081055,-9.37325468517486,3.75000000000014,13.8500000000015,12.8999999999984,1823.31997422853,-1911.95190792288,10387.7446389561,-153.158956200736,21.0713499991989,21.0675999991989,421549,"2026_01_14_0021","2026_01_14_0021_ev00182_rec0","no",271497
183,0,21.0972999991989,-85.8997087024507,-92.7734298706055,-6.87372116815476,0.199999999999534,0.149999999997874,0.150000000001427,-84.480856694725,-8.69527760278624,0.173918685653711,40.0136180241904,21.0972999991989,21.0969999991989,421946,"2026_01_14_0021","2026_01_14_0021_ev00183_rec0","no",271498
184,0,21.1869499991989,-85.2748256865002,-475.463836669922,-390.189010983422,4.54999999999828,31.9499999999984,29.9999999999976,1165395.80828162,-1165883.30547943,295151.356178129,-11328.0490364892,21.1860499991989,21.1809999991989,423739,"2026_01_14_0021","2026_01_14_0021_ev00184_rec0","no",271499
185,0,21.4510499991989,-79.04052734375,-86.0595626831055,-7.01903533935547,1.34999999999863,33.2500000000024,30.0000000000011,-84.4661552911107,-5.44956302155996,6.71276708770549,-232.909906196594,21.4488999991989,21.4475499991989,429021,"2026_01_14_0021","2026_01_14_0021_ev00185_rec0","no",271500
186,0,21.5762999991989,-83.8652038574219,-87.5854415893555,-3.72023773193359,0.0500000000016598,0.200000000003087,0,-81.4809231348004,-3.07528230239846,1.62703383758987,66.1769441604614,21.5762999991989,21.5759499991989,431526,"2026_01_14_0021","2026_01_14_0021_ev00186_rec0","no",271501
187,0,21.5953999991989,-82.4555834815616,-88.5009689331055,-6.04538545154389,0.499999999998835,0.949999999999562,0.750000000000028,-81.0485476616595,-6.75479912185875,1.20930551808262,31.1573226111277,21.5952499991989,21.5945499991989,431908,"2026_01_14_0021","2026_01_14_0021_ev00187_rec0","no",271502
188,0,21.6576499991989,-82.8479516165597,-85.1440353393555,-2.29608372279576,0.149999999997874,0.399999999999068,0.250000000001194,-81.0145069429833,-6.48438109945559,0.309701166929451,52.0752755028862,21.6576499991989,21.6572999991989,433153,"2026_01_14_0021","2026_01_14_0021_ev00188_rec0","no",271503
189,0,21.8955499991989,-76.59912109375,-80.8715744018555,-4.27245330810547,0.649999999996709,30.3499999999985,30.0000000000011,-80.7412107251679,-3.70726551599337,2.72332249707426,-143.775793838501,21.8947999991989,21.8941499991989,437911,"2026_01_14_0021","2026_01_14_0021_ev00189_rec0","no",271504
190,0,21.9777999991989,-83.7634789603097,-87.5854415893555,-3.82196262904576,1.34999999999863,9.79999999999848,8.05000000000078,20994.5703646882,-21081.4013509734,102801.732397557,-15.7768647875104,21.9760499991989,21.9726999991989,439556,"2026_01_14_0021","2026_01_14_0021_ev00190_rec0","no",271505
191,0,22.1912499991989,-80.7553205944243,-87.5854415893555,-6.83012099493118,0.199999999999534,0.0499999999981071,1.00000000000122,-80.5364572025783,-3.23019133921484,6.06844464717781,-13.5941072827295,22.1912499991989,22.1910499991989,443825,"2026_01_14_0021","2026_01_14_0021_ev00191_rec0","no",271506
192,0,22.4578499991989,-82.8479519798642,-88.1957931518555,-5.34784117199126,0.0999999999997669,0.299999999999301,0.250000000001194,-81.467919300305,-6.8623946949751,0.344812514601767,38.1752706800187,22.4576999991989,22.4575999991989,449157,"2026_01_14_0021","2026_01_14_0021_ev00192_rec0","no",271507
193,0,22.6601499991989,-84.3592983427502,-467.834442138672,-383.475143795922,10.2000000000011,40.6499999999994,30.0000000000011,800.346228116517,-1268.94972748523,265.011622350858,-13727.8356475194,22.6540999991989,22.6430499991989,453203,"2026_01_14_0021","2026_01_14_0021_ev00193_rec0","no",271508
194,0,22.8757499991989,-84.243040175665,-86.9750900268555,-2.73204985119048,0.0999999999997669,19.05,17.2500000000007,-90268.6403115014,90186.9191029674,440945.865043897,-16.697131801787,22.8757499991989,22.8755499991989,457515,"2026_01_14_0021","2026_01_14_0021_ev00194_rec0","no",271509
195,0,22.8958999991989,-86.074094863165,-93.6889572143555,-7.61486235119048,0.449999999997175,0.250000000001194,0,-72.2144115549056,-16.3357683177237,92.3798709671588,-5.02014389038103,22.8955499991989,22.8948999991989,457918,"2026_01_14_0021","2026_01_14_0021_ev00195_rec0","no",271510
196,0,23.0917499991989,-85.2021640595936,-90.3320236206055,-5.1298595610119,0.550000000000495,0.650000000000261,0,-83.1898366907269,-3.62543658080828,3.86747364976392,45.6931496665593,23.0915999991989,23.0909999991989,461835,"2026_01_14_0021","2026_01_14_0021_ev00196_rec0","no",271511
197,0,23.3038999991989,-91.872434706915,-467.834442138672,-375.962007431757,12.9999999999981,40.5499999999996,29.9999999999976,817871.78958257,-818347.17090287,172894.876382155,-13414.1142699196,23.2996499991989,23.2860499991989,466078,"2026_01_14_0021","2026_01_14_0021_ev00197_rec0","no",271512
198,0,23.4359499991989,-82.3974533081055,-86.0595626831055,-3.662109375,1.59999999999982,32.2500000000012,30.0000000000011,-85.5959022765548,-4.4255200246516,1.21301623658331,-118.881229019165,23.4343999991989,23.4327999991989,468719,"2026_01_14_0021","2026_01_14_0021_ev00198_rec0","no",271513
199,0,23.4584499991989,-87.4546519688198,-91.5527267456055,-4.09807477678571,0.250000000001194,0.199999999999534,0,-85.033329025467,-2.52387210466279,2.03663597713409,66.0781791687014,23.4583999991989,23.4581499991989,469169,"2026_01_14_0021","2026_01_14_0021_ev00199_rec0","no",271514
200,0,23.4929499991989,-85.739854721796,-87.8906173706055,-2.15076264880952,0.149999999997874,0.0499999999981071,0.350000000000961,-82.9029948566924,-3.91428116133647,4.75267225862984,66.4033149537588,23.4929499991989,23.4927999991989,469859,"2026_01_14_0021","2026_01_14_0021_ev00200_rec0","no",271515
201,0,23.7184499991989,-82.3247934977214,-89.7216720581055,-7.39687856038411,0.0499999999981071,30.149999999999,30.0000000000011,-82.6799334463431,1.26290295766687,23.4106437663917,9.93090432484959,23.7184499991989,23.7181499991989,474369,"2026_01_14_0021","2026_01_14_0021_ev00201_rec0","no",271516
202,0,23.8184499991989,-84.257573445638,-89.4164962768555,-5.15892283121745,0.0999999999997669,11.45,9.79999999999848,17002.2073099787,-17090.0589123574,99601.2501071502,-53.9470570882163,23.8131499991989,23.8124499991989,476369,"2026_01_14_0021","2026_01_14_0021_ev00202_rec0","no",271517
203,0,23.8369499991989,-79.65087890625,-84.8388595581055,-5.18798065185547,0.150000000001427,32.1500000000015,30.0000000000011,-83.0636412584386,-3.8654277657972,2.6001930303654,-132.163777351379,23.8339499991989,23.8337999991989,476739,"2026_01_14_0021","2026_01_14_0021_ev00203_rec0","no",271518
204,0,23.8560499991989,-84.8679239182245,-89.1113204956055,-4.24339657738095,0.0999999999997669,0,0,-82.3141252532522,-3.47212685078499,1.80794960487365,70.0955644880023,23.8560499991989,23.8559499991989,477121,"2026_01_14_0021","2026_01_14_0021_ev00204_rec0","no",271519
205,0,24.0185999991989,-81.2494139898391,-86.3647384643555,-5.11532447451637,2.15000000000032,33.0499999999994,26.7999999999979,17791.2799851809,-17877.9375658456,136394.987929314,-166.951033419655,24.0100999991989,24.0057999991989,480372,"2026_01_14_0021","2026_01_14_0021_ev00205_rec0","no",271520
206,0,24.0563499991989,-83.0949979509626,-91.5527267456055,-8.45772879464286,0.149999999997874,0.0999999999997669,0,-81.5738979614937,-4.5601498564349,2.29001788679182,33.9660032272338,24.0561999991989,24.0560499991989,481127,"2026_01_14_0021","2026_01_14_0021_ev00206_rec0","no",271521
207,0,24.4458499991989,-80.88611021496,-464.477508544922,-383.591398329962,11.6999999999976,40.8499999999989,30.0000000000011,2254.02697699177,-2727.67444876425,530.160905008283,-13832.2684820538,24.4405999991989,24.4276499991989,488917,"2026_01_14_0021","2026_01_14_0021_ev00207_rec0","no",271522
208,0,24.8187999991989,-82.8479519798642,-88.1957931518555,-5.34784117199126,0.150000000001427,30.2499999999988,29.9999999999976,-82.2376179199136,1.65598847517504,25.6576168597782,47.3381645475113,24.8187999991989,24.8185499991989,496376,"2026_01_14_0021","2026_01_14_0021_ev00208_rec0","no",271523
209,0,25.1188499991989,-85.3253001395702,-94.8355557342519,-9.51025559468174,0.350000000000961,0.0999999999997669,0,-80.927243598708,-5.90858347934375,7.69768740155517,85.7593529899589,25.1188499991989,25.1184999991989,502377,"2026_01_14_0021","2026_01_14_0021_ev00209_rec0","no",271524
210,0,25.2534999991989,-83.445181870528,-462.979702591809,-379.534520721281,12.7000000000024,42.4499999999988,29.9999999999976,603.175870801945,-1070.09710106867,221.53368980434,-14236.8059267168,25.2473999991989,25.2337999991989,505070,"2026_01_14_0021","2026_01_14_0021_ev00210_rec0","no",271525
211,0,25.3566999991989,-89.6114911682378,-92.6224599040609,-3.01096873582307,0.0999999999997669,0.199999999999534,0,67242.798240525,-67332.5922082197,350610.594459766,80.1035211123861,25.3565999991989,25.3564499991989,507134,"2026_01_14_0021","2026_01_14_0021_ev00211_rec0","no",271526
212,0,25.5390499991989,-83.1854798554446,-87.4528445176065,-4.26736466216195,0.0500000000016598,0.0499999999981071,0.150000000001427,-81.6858336090057,-3.39364401853969,1.33175026677553,39.6595450077416,25.5388999991989,25.5388499991989,510781,"2026_01_14_0021","2026_01_14_0021_ev00212_rec0","no",271527
213,0,25.8038499991989,-85.6606741610064,-460.140950071969,-374.480275910963,16.449999999999,41.599999999999,30.0000000000011,1912662.17624944,-1913133.06084852,405367.801627197,-14010.2801574191,25.7997499991989,25.7824999991989,516077,"2026_01_14_0021","2026_01_14_0021_ev00213_rec0","no",271528
214,0,26.0776499991989,-86.0318634522474,-92.4149848956773,-6.38312144342989,0.0999999999997669,0.0500000000016598,0,-83.5022653817834,-4.6380681075115,7.41393787679825,41.2922203628783,26.0775499991989,26.0774499991989,521553,"2026_01_14_0021","2026_01_14_0021_ev00214_rec0","no",271529
215,0,26.3791499991989,-86.7553503070659,-89.8365403076378,-3.08119000057187,0.599999999998602,1.15000000000265,0,-80.4034737583409,-5.64845534138102,14.5342573447264,118.924260319918,26.3790999991989,26.3778499991989,527583,"2026_01_14_0021","2026_01_14_0021_ev00215_rec0","no",271530
216,0,26.6874999991989,-84.1506353974935,-90.0164379347985,-5.86580253730503,0.199999999999534,0.149999999997874,0,-81.618188842476,-4.14098709642697,8.320280543193,41.3828239612539,26.6872999991989,26.6870999991989,533750,"2026_01_14_0021","2026_01_14_0021_ev00216_rec0","no",271531
217,0,26.7792499991989,-86.3705671238074,-93.8372014539091,-7.46663433010168,5.70000000000093,8.94999999999868,12.3999999999995,-84.0083199204255,-8.63139757011333,23.7518363317651,-113.265548080026,26.7779499991989,26.7721499991989,535585,"2026_01_14_0021","2026_01_14_0021_ev00217_rec0","no",271532
218,0,27.3687499991989,-86.1663293231529,-89.936301536172,-3.76997221301913,0.199999999999534,0.450000000000728,0,-81.0209133541355,-6.49415658880473,14.0335716614597,72.8032958934782,27.3687499991989,27.3681999991989,547375,"2026_01_14_0021","2026_01_14_0021_ev00218_rec0","no",271533
219,0,27.7369999991989,-80.4897332428427,-85.9782483521934,-5.48851510935069,14.9499999999989,12.2999999999998,13.8999999999996,-82.0644191375748,-3.67875474239776,6.65529986209985,-144.869574288788,27.7339999991989,27.7189999991989,554740,"2026_01_14_0021","2026_01_14_0021_ev00219_rec0","no",271534
220,0,28.2328999991989,-83.8633929011161,-96.6619104659578,-12.7985175648417,1.7499999999977,17.949999999999,20.0999999999993,-82.0546607742834,-15.3562530049697,23.5618158657287,-243.829092403331,28.2311499991989,28.2292499991989,564658,"2026_01_14_0021","2026_01_14_0021_ev00220_rec0","no",271535
221,0,28.5077999991989,-82.0552933140744,-93.68420103883,-11.6289077247556,7.14999999999932,18.1000000000004,10.0000000000016,-82.423347191158,-8.65510704680683,12.6734031950506,-213.303192461443,28.5006999991989,28.4926499991989,570156,"2026_01_14_0021","2026_01_14_0021_ev00221_rec0","no",271536
222,0,28.5690499991989,-90.8264985231058,-94.9074459247621,-4.08094740165623,0.250000000001194,0.0499999999981071,0,-81.2556679099223,-9.12362978680834,18.7688147703516,150.138681546007,28.5690499991989,28.5687999991989,571381,"2026_01_14_0021","2026_01_14_0021_ev00222_rec0","no",271537
223,0,28.8928999991989,-85.8489302300329,-92.7017715230501,-6.85284129301716,1.99999999999889,17.8000000000011,17.5000000000018,-67.5159965392531,-26.6810615119744,71.2379735407008,-135.139492425875,28.8913999991989,28.8875499991989,577858,"2026_01_14_0021","2026_01_14_0021_ev00223_rec0","no",271538
224,0,29.1171999991989,-87.777636207802,-93.9369834772072,-6.15934726940526,0.149999999997874,15.6999999999989,14.7000000000013,-267899.780911663,267822.117323371,317256.22961776,-75.4886662010385,29.1171999991989,29.1170499991989,582344,"2026_01_14_0021","2026_01_14_0021_ev00224_rec0","no",271539
225,0,29.1465499991989,-88.5160249034408,-149.159967109755,-60.6439422063139,2.09999999999866,15.7500000000006,18.5999999999993,-62.2989723492988,-88.4435823578515,31.1430577822983,-1013.11513643481,29.1461999991989,29.1436499991989,582931,"2026_01_14_0021","2026_01_14_0021_ev00225_rec0","no",271540
226,0,29.3595499991989,-83.5340530786692,-133.14496433532,-49.6109112566508,3.5000000000025,13.8500000000015,15.6999999999989,-87.7132771487943,-40.345274305301,15.0072951141197,-842.7252683898,29.3578499991989,29.3527499991989,587191,"2026_01_14_0021","2026_01_14_0021_ev00226_rec0","no",271541
227,0,29.4372499991989,-92.3023093044807,-96.4746788975507,-4.17236959306993,0.250000000001194,0.150000000001427,0,-87.7205999099164,-5.7100770945803,8.86320923901363,88.2006467835409,29.4372499991989,29.4369499991989,588745,"2026_01_14_0021","2026_01_14_0021_ev00227_rec0","no",271542
228,0,30.1290499991989,-84.7182691227052,-87.2077101470418,-2.48944102433666,0.249999999997641,2.70000000000081,3.2000000000032,-81.4324212939595,-5.83900686833197,9.70580003422545,43.7602902776016,30.1290499991989,30.1287999991989,602581,"2026_01_14_0021","2026_01_14_0021_ev00228_rec0","no",271543
229,0,30.3945499991989,-80.6108124447973,-85.9327850926698,-5.32197264787256,14.7499999999994,42.1000000000014,29.9999999999976,-66.4866550705766,-22.9121581194537,84.8576720442535,-301.822581101918,30.3918499991989,30.3766999991989,607891,"2026_01_14_0021","2026_01_14_0021_ev00229_rec0","no",271544
230,0,30.5022499991989,-80.7669572481896,-89.5406459087972,-8.77368866060756,0.199999999999534,22.9999999999997,21.2000000000003,-78.914740596879,-11.9029596917824,25.021764224596,-236.557355140822,30.4940999991989,30.4924999991989,610045,"2026_01_14_0021","2026_01_14_0021_ev00230_rec0","no",271545
231,0,30.9489999991989,-87.6826825628927,-92.5671338766153,-4.88445131372255,0.299999999999301,1.00000000000122,0,-74.7771434860017,-14.5314956985383,42.8239907789076,71.2599002872765,30.9483999991989,30.9478499991989,618980,"2026_01_14_0021","2026_01_14_0021_ev00231_rec0","no",271546
232,0,31.0552499991989,-85.8523374148439,-89.288297560735,-3.43596014589103,1.85000000000102,4.00000000000134,4.44999999999851,-75.8725152153623,-12.4196202334166,44.8006512225867,16.696131764145,31.0551499991989,31.0496999991989,621105,"2026_01_14_0021","2026_01_14_0021_ev00232_rec0","no",271547
233,0,31.4195499991989,-85.9714774915653,-99.6783901599523,-13.706912668387,1.39999999999674,4.44999999999851,6.35000000000119,-83.0194619204014,-11.4564598219937,17.7792126461458,-111.515709773887,31.4172499991989,31.4154499991989,628391,"2026_01_14_0021","2026_01_14_0021_ev00233_rec0","no",271548
234,0,31.5490999991989,-84.2617748136517,-86.6566297498877,-2.39485493623593,0.499999999998835,1.79999999999936,2.40000000000151,-81.8564941418688,-4.15475077607247,10.1984371051044,30.5791122813146,31.5490999991989,31.5485999991989,630982,"2026_01_14_0021","2026_01_14_0021_ev00234_rec0","no",271549
235,0,32.3327499991989,-84.7515126896285,-88.0767075646526,-3.32519487502414,0.199999999999534,0.149999999997874,0,-78.7423887358524,-7.23889748119607,27.2682708045067,47.7939072456111,32.3327499991989,32.3324499991989,646655,"2026_01_14_0021","2026_01_14_0021_ev00235_rec0","no",271550
236,0,32.4222999991989,-87.4969809613711,-96.17094755316,-8.67396659178893,0.150000000004979,0.10000000000332,0,-80.7691852848748,-6.22200932863406,20.4405703035535,104.134115231712,32.4222999991989,32.4219499991989,648446,"2026_01_14_0021","2026_01_14_0021_ev00236_rec0","no",271551
237,0,32.6530999991989,-86.0767839688759,-102.998874785019,-16.9220908161432,2.69999999999726,12.8500000000003,14.9499999999989,-77.4755409589684,-24.6151075063977,29.5834586919942,-263.563631818736,32.6505499991989,32.6474999991989,653062,"2026_01_14_0021","2026_01_14_0021_ev00237_rec0","no",271552
238,0,33.0572999991989,-86.3759024833651,-94.5068575765848,-8.13095509321975,0.650000000000261,0.599999999998602,0,-77.080388440538,-11.3048084824977,40.8569536141724,32.9016395633656,33.0571999991989,33.0550999991989,661146,"2026_01_14_0021","2026_01_14_0021_ev00238_rec0","no",271553
239,0,33.0731999991989,-80.2590427084421,-84.7628993164685,-4.50385660802638,0.349999999997408,19.4000000000045,19.05,-84.4296606297995,-2.21008454345517,0.570044100058022,-131.420912426415,33.0725999991989,33.0722499991989,661464,"2026_01_14_0021","2026_01_14_0021_ev00239_rec0","no",271554
240,0,33.0931999991989,-85.4536880372041,-88.45677043416,-3.00308239695597,0.0500000000016598,0.399999999999068,0.849999999999795,-83.0250475342006,-4.000049528216,7.06454971420106,43.2015774825625,33.0928999991989,33.0928499991989,661864,"2026_01_14_0021","2026_01_14_0021_ev00240_rec0","no",271555
241,0,33.1415499991989,-82.4137621168857,-108.064856281954,-25.6510941650682,3.10000000000343,18.0500000000023,23.5500000000002,-82.100276070341,-24.3119802211913,25.9447464435117,-474.017150416131,33.1414999991989,33.1383499991989,662831,"2026_01_14_0021","2026_01_14_0021_ev00241_rec0","no",271556
242,0,33.1794999991989,-96.989814218761,-101.622990185583,-4.63317596682194,0.199999999999534,0.10000000000332,0.300000000002854,56437.5197761246,-56536.3349561534,152446.568827993,111.749866256565,33.1794999991989,33.1792999991989,663590,"2026_01_14_0021","2026_01_14_0021_ev00242_rec0","no",271557
243,0,33.2622499991989,-92.1684182065034,-104.642242508988,-12.4738243024848,1.84999999999746,12.5000000000028,13.0000000000052,23097.2454195073,-23201.0236595467,43124.4274291693,-126.842979058636,33.2617999991989,33.2593499991989,665245,"2026_01_14_0021","2026_01_14_0021_ev00243_rec0","no",271558
244,0,33.3090499991989,-89.7583478257275,-95.2878388954086,-5.5294910696811,0.399999999999068,0.350000000004513,0,-88.7587248275397,-2.95246991800159,4.11843903615654,16.0340712390711,33.3090499991989,33.3083999991989,666181,"2026_01_14_0021","2026_01_14_0021_ev00244_rec0","no",271559
245,0,33.3606499991989,-95.8638207566358,-119.098986022892,-23.2351652662566,2.34999999999985,17.1999999999954,16.9499999999942,-5.99188445955416,-118.628462912537,90.945428585477,-417.930622957097,33.3585999991989,33.3478999991989,667213,"2026_01_14_0021","2026_01_14_0021_ev00245_rec0","no",271560
246,0,33.4994999991989,-89.52876699392,-100.220121310378,-10.6913543164579,5.39999999999452,3.25000000000131,3.19999999999965,-85.7226080316751,-9.4175796965487,16.5949117992683,-79.7981748365748,33.4953499991989,33.4889499991989,669990,"2026_01_14_0021","2026_01_14_0021_ev00246_rec0","no",271561
247,0,33.6942499991989,-90.8530393880549,-100.036922524081,-9.183883136026,1.60000000000338,8.49999999999795,8.35000000000008,-64.3382545370554,-32.4188000066233,103.664319457507,-68.2998387233644,33.6941499991989,33.6894999991989,673885,"2026_01_14_0021","2026_01_14_0021_ev00247_rec0","no",271562
248,0,33.7994999991989,-93.2585591609742,-99.7223864214952,-6.46382726052109,0.149999999997874,0.749999999996476,0,-89.9563499570543,-5.46717384330203,8.52625265635116,51.6433690822216,33.7971999991989,33.7962999991989,675990,"2026_01_14_0021","2026_01_14_0021_ev00248_rec0","no",271563
249,0,33.8290499991989,-85.3613783029784,-89.1253175841843,-3.76393928120586,0.849999999999795,18.6500000000009,19.3000000000012,-82.0177009459935,-10.4838645025653,24.2793822340557,-91.5072974369194,33.8280999991989,33.8272499991989,676581,"2026_01_14_0021","2026_01_14_0021_ev00249_rec0","no",271564
250,0,34.5099999991989,-95.2431858883929,-98.0237009778104,-2.78051508941753,0.250000000001194,2.54999999999939,2.94999999999845,-94.0252172211208,-4.43276892875234,4.31898630556598,16.3303491986375,34.5099999991989,34.5097499991989,690200,"2026_01_14_0021","2026_01_14_0021_ev00250_rec0","no",271565
251,0,34.5329499991989,-94.0842017076971,-98.241887075054,-4.15768536735692,0.0500000000016598,0.150000000004979,0.0499999999945544,-91.4077590976871,-4.2786527517308,3.0862514302243,66.2994401992167,34.5326999991989,34.5325499991989,690659,"2026_01_14_0021","2026_01_14_0021_ev00251_rec0","no",271566
252,0,34.6393499991989,-79.8081149903579,-89.2901191430068,-9.48200415264893,0.199999999999534,30.3499999999985,29.999999999994,-86.7123562861716,-3.93356861787695,9.4818982375663,-248.134849910851,34.6389499991989,34.6387499991989,692787,"2026_01_14_0021","2026_01_14_0021_ev00252_rec0","no",271567
253,0,34.7417499991989,-91.8830162042497,-116.290493368612,-24.4074771643622,4.6999999999997,18.6999999999955,11.8000000000009,-82.899104741019,-30.175926572462,22.8999428082976,-463.978364172307,34.7327499991989,34.7270499991989,694835,"2026_01_14_0021","2026_01_14_0021_ev00253_rec0","no",271568
254,0,34.9688499991989,-87.1296690643082,-95.8584744563391,-8.72880539203086,0.749999999996476,2.70000000000437,0.0500000000016598,-90.4070825737015,-5.45469180614519,1e-07,-113.561821445959,34.9671499991989,34.9660499991989,699377,"2026_01_14_0021","2026_01_14_0021_ev00254_rec0","no",271569
255,0,35.3327999991989,-89.6828497191772,-98.788663916888,-9.10581419771077,5.20000000000209,12.4500000000012,12.7499999999969,-86.4563063753002,-11.5923795978714,22.6169959492932,-134.336461176519,35.3323499991989,35.3271499991989,706656,"2026_01_14_0021","2026_01_14_0021_ev00255_rec0","no",271570
256,0,35.3817499991989,-89.397752014502,-98.8057237702314,-9.40797175572941,5.74999999999903,15.9499999999966,18.8500000000005,-87.1267424422831,-12.246715731977,24.9502310009291,-199.272131018113,35.3805999991989,35.3745999991989,707635,"2026_01_14_0021","2026_01_14_0021_ev00256_rec0","no",271571
257,0,35.4190999991989,-90.5373028790096,-94.405499039296,-3.86819616028636,0.200000000006639,0.250000000001194,0.0999999999962142,-89.4026924919583,-5.38639966737095,0.115096955075836,32.2933988280722,35.4190999991989,35.4188999991989,708382,"2026_01_14_0021","2026_01_14_0021_ev00257_rec0","no",271572
258,0,35.6590999991989,-88.1610202861368,-97.1880935677317,-9.02707328159494,4.44999999999851,12.7499999999969,5.65000000000282,-86.0784954815264,-7.98342614668687,14.6126187857276,-131.68718829488,35.6498999991989,35.6451499991989,713182,"2026_01_14_0021","2026_01_14_0021_ev00258_rec0","no",271573
259,0,35.8747499991989,-86.2906465419095,-102.218704337879,-15.9280577959692,3.30000000000297,23.6499999999964,23.299999999999,-81.8605937915715,-20.8703356503131,33.1019300129858,-362.412289491272,35.8710999991989,35.8676499991989,717495,"2026_01_14_0021","2026_01_14_0021_ev00259_rec0","no",271574
260,0,36.0774999991989,-90.2232520615162,-92.80978905532,-2.58653699380389,0.0999999999962142,0.0499999999945544,0,-85.78796060205,-3.78338009412,10.5687851591851,95.3531995977422,36.0774999991989,36.0773999991989,721550,"2026_01_14_0021","2026_01_14_0021_ev00260_rec0","no",271575
261,0,36.1544999991989,-88.1566636688229,-119.897667210072,-31.7410035412493,5.64999999999571,17.0499999999976,16.3999999999973,-76.7650803167807,-40.8455649721656,28.8642489859357,-574.753222050939,36.1534999991989,36.1473999991989,723090,"2026_01_14_0021","2026_01_14_0021_ev00261_rec0","no",271576
262,0,36.2069999991989,-89.6412287457316,-91.7118826336407,-2.07065388790912,0.349999999997408,0.0499999999945544,0,-84.8320067663067,-4.49739064108668,18.9584025901658,76.3591204240512,36.2069999991989,36.2064999991989,724140,"2026_01_14_0021","2026_01_14_0021_ev00262_rec0","no",271577
263,0,36.5657999991989,-91.6629559621538,-93.7164066040199,-2.05345064186612,0.350000000004513,1.39999999999674,0.900000000001455,-89.8962779438571,-2.97042338158579,5.6575760569147,34.9114712555802,36.5650499991989,36.5640999991989,731316,"2026_01_14_0021","2026_01_14_0021_ev00263_rec0","no",271578
264,0,36.8888499991989,-83.632135417795,-89.1926687706558,-5.56053335286082,0.350000000004513,30.0000000000011,30.0000000000011,-86.6386561064883,-3.65799308477736,4.76587647638818,-110.118350480909,36.8888499991989,36.8884999991989,737777,"2026_01_14_0021","2026_01_14_0021_ev00264_rec0","no",271579
265,0,37.4873499991989,-86.133510860009,-99.6974567083446,-13.5639458483355,6.60000000000593,14.1499999999937,13.2499999999993,-63.4063250315169,-32.1900834915319,89.2277506861147,-212.227621396862,37.4856499991989,37.4788999991989,749747,"2026_01_14_0021","2026_01_14_0021_ev00265_rec0","no",271580
266,0,37.5526499991989,-89.4450357509378,-146.274223978871,-56.8291882279327,2.34999999999985,13.4499999999989,15.5999999999992,-80.6037602513641,-64.3739441329173,20.2927913201741,-866.493109547888,37.5518999991989,37.5491499991989,751053,"2026_01_14_0021","2026_01_14_0021_ev00266_rec0","no",271581
267,0,37.6074499991989,-90.0956450656838,-92.9769422035616,-2.88129713787781,0.0499999999945544,0.10000000000332,0,16809.69693342,-16899.1018469547,185468.86511671,61.3251830475647,37.6072499991989,37.6071999991989,752149,"2026_01_14_0021","2026_01_14_0021_ev00267_rec0","no",271582
268,0,37.8021999991989,-86.2689599904075,-88.5565891872545,-2.28762919684705,0.199999999999534,2.59999999999394,3.19999999999965,-86.0503314347873,-2.87765049449174,3.21407144969596,-4.3651648028723,37.8021999991989,37.8017499991989,756044,"2026_01_14_0021","2026_01_14_0021_ev00268_rec0","no",271583
269,0,38.1645999991989,-86.2765894122062,-90.4857751624977,-4.20918575029148,3.45000000000084,30.699999999996,25.5999999999972,-86.4766623412438,-6.43124419745336,16.4456338170131,-159.189443801595,38.1571499991989,38.1530999991989,763292,"2026_01_14_0021","2026_01_14_0021_ev00269_rec0","no",271584
270,0,38.2176499991989,-87.9372282302659,-97.0725034248063,-9.13527519454037,0.149999999997874,0.10000000000332,0.89999999999435,-78.0979722098784,-13.4553827503239,49.8657847693886,-9.26488655808547,38.2175999991989,38.2174499991989,764353,"2026_01_14_0021","2026_01_14_0021_ev00270_rec0","no",271585
271,0,38.3644499991989,-89.7211600276768,-92.4180764864589,-2.6969164587821,1.69999999999959,0.799999999998136,0,-82.1703310936309,-8.03306909617895,34.9761425086742,62.6228609789598,38.3640999991989,38.3623499991989,767289,"2026_01_14_0021","2026_01_14_0021_ev00271_rec0","no",271586
272,0,38.6385999991989,-82.8688247247093,-93.367387793056,-10.4985630683468,1.84999999999746,23.3000000000061,21.3999999999999,-84.0874641358012,-8.51009354474638,18.433479960018,-276.687010631949,38.6275999991989,38.6252999991989,772772,"2026_01_14_0021","2026_01_14_0021_ev00272_rec0","no",271587
273,0,39.1063499991989,-82.1638009235578,-90.1173830280919,-7.95358210453414,0.900000000001455,22.5500000000025,29.999999999994,-83.9313973651169,-7.1911805901388,17.7200133014773,-172.716973101736,39.1054499991989,39.1045499991989,782127,"2026_01_14_0021","2026_01_14_0021_ev00273_rec0","no",271588
274,0,39.1968999991989,-84.5101070686359,-94.7489528397765,-10.2388457711406,6.59999999999883,0.700000000001921,0,-23423.1186872631,23332.6606057061,336031.462899371,-286.524320678759,39.1951499991989,39.1885499991989,783938,"2026_01_14_0021","2026_01_14_0021_ev00274_rec0","no",271589
275,0,39.2208499991989,-87.2493042933376,-90.8676919513568,-3.6183876580192,1.30000000000052,16.7000000000002,18.3499999999981,-83.3232538634884,-10.7074425918831,25.8787494853159,-83.2883201985496,39.2203999991989,39.2190999991989,784417,"2026_01_14_0021","2026_01_14_0021_ev00275_rec0","no",271590
276,0,39.3460999991989,-88.9531411231814,-91.7411595812636,-2.78801845808225,0.300000000002854,0.400000000006173,0,-85.8994874450861,-3.71795045768916,5.15433228231472,71.9399451901213,39.3460999991989,39.3456999991989,786922,"2026_01_14_0021","2026_01_14_0021_ev00276_rec0","no",271591
277,0,40.0160999991989,-91.2231678220304,-111.088893763358,-19.8657259413279,4.75000000000136,15.9999999999982,14.7499999999994,-81.4680515326303,-31.0537620317742,24.761182308045,-342.404476222287,40.0140499991989,40.0089999991989,800322,"2026_01_14_0021","2026_01_14_0021_ev00277_rec0","no",271592
278,0,40.1199999991989,-88.8097616298827,-91.215291706335,-2.40553007645234,5.15000000000043,15.3999999999996,15.3999999999996,-87.2001612624793,-6.79525181263096,15.3891139456458,-66.9759111338443,40.1196499991989,40.1134499991989,802400,"2026_01_14_0021","2026_01_14_0021_ev00278_rec0","no",271593
279,0,40.2823499991989,-94.4405889081203,-97.7959859320974,-3.35539702397709,0.399999999999068,2.20000000000198,1.75000000000125,-90.9452584519448,-6.27475974210402,6.14405452883773,61.5015849313888,40.2805499991989,40.2799499991989,805647,"2026_01_14_0021","2026_01_14_0021_ev00279_rec0","no",271594
280,0,40.3051999991989,-90.5695601814425,-94.9934719650009,-4.42391178355842,0.250000000001194,0.250000000001194,1.39999999999674,41567.4728222461,-41660.0218967802,171284.417640393,49.2071705002577,40.3050499991989,40.3047999991989,806104,"2026_01_14_0021","2026_01_14_0021_ev00280_rec0","no",271595
281,0,40.4084999991989,-84.6902194599654,-88.206078700653,-3.51585924068755,0.250000000001194,30.5999999999997,30.0000000000011,-85.8542833620911,-6.83377878774343,14.2488774802279,-128.237808770129,40.4076499991989,40.4073999991989,808170,"2026_01_14_0021","2026_01_14_0021_ev00281_rec0","no",271596
282,0,40.4597499991989,-89.1887940364007,-94.387418013132,-5.19862397673138,0.150000000004979,0.250000000001194,0,-82.2418120827953,-8.39187775932704,29.5625876500068,49.1278024062439,40.4596999991989,40.4592499991989,809195,"2026_01_14_0021","2026_01_14_0021_ev00282_rec0","no",271597
283,0,40.5690499991989,-92.5589812181683,-96.9850393586247,-4.42605814045635,0.0500000000016598,0.399999999999068,0.799999999998136,-84.2561186097686,-10.3212260605482,21.2769866676279,82.4489375322597,40.5688999991989,40.5685999991989,811381,"2026_01_14_0021","2026_01_14_0021_ev00283_rec0","no",271598
284,0,40.7730999991989,-91.3549141410606,-94.6662805774155,-3.3113664363549,0.150000000004979,0.150000000004979,0,-87.3042476881258,-4.93505628435858,8.51767881576283,80.3885403471511,40.7730999991989,40.7729499991989,815462,"2026_01_14_0021","2026_01_14_0021_ev00284_rec0","no",271599
285,0,40.8247499991989,-91.2877874820466,-95.5442085456552,-4.25642106360857,0.249999999994088,0.250000000001194,0,-85.0874067168111,-5.42038099167326,19.2586136238446,103.155433909848,40.8246999991989,40.8243499991989,816495,"2026_01_14_0021","2026_01_14_0021_ev00285_rec0","no",271600
286,0,41.1528499991989,-87.2805640307921,-89.7308366603243,-2.45027262953219,0.600000000005707,20.5500000000001,17.7499999999995,-78.6188037815638,-13.1618515071176,55.605902546102,-61.8444732357153,41.1480999991989,41.1473499991989,823057,"2026_01_14_0021","2026_01_14_0021_ev00286_rec0","no",271601
287,0,41.2171999991989,-87.6254523766075,-90.6183611473285,-2.99290877072104,0.450000000000728,0.749999999996476,0.799999999998136,-86.6564648856741,-3.62815239094979,1.45111976292138,22.2766745299735,41.2171999991989,41.2166999991989,824344,"2026_01_14_0021","2026_01_14_0021_ev00287_rec0","no",271602
288,0,41.2972999991989,-88.1400099329067,-90.3106685017996,-2.17065856889297,0.10000000000332,1.29999999999342,1.59999999999627,-83.5843465462039,-5.83487553809782,18.7268221116911,47.7137232000179,41.2972999991989,41.2964499991989,825946,"2026_01_14_0021","2026_01_14_0021_ev00288_rec0","no",271603
289,0,41.4252999991989,-91.282753316091,-94.8610057641711,-3.57825244808016,0.10000000000332,0.149999999997874,0.650000000000261,-84.4959289761638,-8.40934253373,18.6263326737274,77.8380911418241,41.4251999991989,41.4250999991989,828506,"2026_01_14_0021","2026_01_14_0021_ev00289_rec0","no",271604
290,0,41.5241499991989,-89.0285161843143,-97.6327822809374,-8.60426609662314,2.45000000000317,9.25000000000154,8.24999999999676,-86.0294990688442,-10.1363749238426,16.6385013963906,-87.0525504232841,41.5212999991989,41.5174999991989,830483,"2026_01_14_0021","2026_01_14_0021_ev00290_rec0","no",271605
291,0,42.1054499991989,-91.0297604936091,-94.8015962006023,-3.77183570699324,0.250000000001194,0.0500000000016598,0,-74.5268610504206,-17.2539433484098,69.1398159061378,74.1931048219056,42.1053499991989,42.1050499991989,842109,"2026_01_14_0021","2026_01_14_0021_ev00291_rec0","no",271606
292,0,42.3712999991989,-85.7046862308322,-105.332678042591,-19.6279918117592,2.94999999999845,23.3500000000006,19.8499999999981,-90.7964821135103,-14.9598027083149,10.2871870293985,-552.171927515296,42.3613999991989,42.3580499991989,847426,"2026_01_14_0021","2026_01_14_0021_ev00292_rec0","no",271607
293,0,42.4735999991989,-82.6133017622265,-88.0301753094888,-5.4168735472623,0.349999999997408,8.35000000000008,7.69999999999982,-1257714.33170706,1257647.27633409,550832.122115388,-563.165013388199,42.4733499991989,42.4729999991989,849472,"2026_01_14_0021","2026_01_14_0021_ev00293_rec0","no",271608
294,0,42.5112499991989,-85.2275324791852,-157.486062266758,-72.2585297875723,12.0000000000005,40.1000000000025,30.0000000000011,802560.927356609,-802720.701790331,520490.232212918,-2549.6224818105,42.5057499991989,42.4929499991989,850225,"2026_01_14_0021","2026_01_14_0021_ev00294_rec0","no",271609
295,0,42.7877999991989,-89.632271720693,-98.1980324593234,-8.56576073863037,2.70000000000437,1.20000000000431,2.34999999999985,-86.8285293747488,-7.36608863415495,11.2815002696505,-10.9785776428246,42.7873999991989,42.7821999991989,855756,"2026_01_14_0021","2026_01_14_0021_ev00295_rec0","no",271610
296,0,42.8130999991989,-87.4081434855344,-92.8996723171411,-5.49152883160676,0.10000000000332,0,0,-85.4070792332588,-2.24869638526095,7.84366299615359,42.3673706760737,42.8130999991989,42.8129999991989,856262,"2026_01_14_0021","2026_01_14_0021_ev00296_rec0","no",271611
297,0,43.3525499991989,-91.4903052630867,-98.20806549008,-6.71776022699325,4.34999999999519,12.6500000000007,7.45000000000573,-85.2550298457171,-11.5759227523974,26.2675632992935,-66.5633578386834,43.3480499991989,43.3436499991989,867051,"2026_01_14_0021","2026_01_14_0021_ev00297_rec0","no",271612
298,0,43.4019999991989,-88.1566233706209,-104.415931385155,-16.2593080145343,5.5499999999995,33.450000000002,30.0000000000011,-97.1854079517905,-5.0478780457203,3.71680162656928,-348.393496149283,43.4014999991989,43.3958499991989,868040,"2026_01_14_0021","2026_01_14_0021_ev00298_rec0","no",271613
299,0,43.4302999991989,-101.257177030589,-105.355027862853,-4.09785083226342,0.149999999997874,0.599999999998602,0,-87.9109815220395,-12.849508581124,20.2067321500075,199.239940072118,43.4302999991989,43.4296499991989,868606,"2026_01_14_0021","2026_01_14_0021_ev00299_rec0","no",271614
300,0,43.7193499991989,-85.8747009219308,-109.17987683363,-23.3051759116993,11.0499999999973,36.8499999999941,29.999999999994,-96.7528895914811,-15.3431727460989,10.2950035066049,-662.85877562246,43.7188499991989,43.7069999991989,874387,"2026_01_14_0021","2026_01_14_0021_ev00300_rec0","no",271615
301,0,44.1727999991989,-92.9073011818519,-98.1255154130733,-5.21821423122138,0.349999999997408,0.299999999995748,0,-81.967730087557,-12.6814938100604,31.8793364520639,80.9967642431242,44.1727499991989,44.1723999991989,883456,"2026_01_14_0021","2026_01_14_0021_ev00301_rec0","no",271616
302,0,44.3008499991989,-92.2096611739106,-95.9696648003677,-3.76000362645713,0.699999999994816,1.55000000000172,0,-86.0516838390609,-7.44597963430836,12.5899754736318,97.4070442881174,44.3002999991989,44.2991499991989,886017,"2026_01_14_0021","2026_01_14_0021_ev00302_rec0","no",271617
303,0,44.6136499991989,-87.0791399737317,-98.3258088001493,-11.2466688264176,6.85000000000002,7.39999999999696,0,-10215.5203006912,10123.0301416403,327266.347304774,-231.266805163599,44.6124999991989,44.6055499991989,892273,"2026_01_14_0021","2026_01_14_0021_ev00303_rec0","no",271618
304,0,44.7733999991989,-87.1030335836813,-98.6763925277748,-11.5733589440935,3.25000000000131,18.2499999999948,19.3000000000012,21262.8016464271,-21360.0254393969,70516.5976395729,-286.448011806414,44.7635499991989,44.7594499991989,895468,"2026_01_14_0021","2026_01_14_0021_ev00304_rec0","no",271619
305,0,45.0944999991989,-84.8471749103551,-97.701817957972,-12.8546430476169,2.70000000000437,17.6499999999962,18.2000000000002,-85.0466735574556,-12.4336716635144,18.1350778521753,-280.145577106886,45.0870999991989,45.0843499991989,901890,"2026_01_14_0021","2026_01_14_0021_ev00305_rec0","no",271620
306,0,45.3170999991989,-87.2984407695925,-93.7521908914701,-6.45375012187759,1.35000000000218,3.45000000000084,4.1000000000011,-86.1253486618101,-6.00447876070477,7.89361641438741,-18.486032841134,45.3166999991989,45.3151499991989,906342,"2026_01_14_0021","2026_01_14_0021_ev00306_rec0","no",271621
307,0,45.4070999991989,-87.3722839669182,-101.176069872182,-13.8037859052635,3.4999999999954,19.8999999999998,30.0000000000011,-92.546658545379,-8.37812268053207,9.8383000601359,-280.028650051208,45.4060499991989,45.4020499991989,908142,"2026_01_14_0021","2026_01_14_0021_ev00307_rec0","no",271622
308,0,45.4278999991989,-93.485458655782,-97.1197284976482,-3.63426984186623,0.299999999995748,0.250000000001194,0.650000000000261,-82.1577897392929,-12.92603647941,31.8303483294351,87.4395828769856,45.4278999991989,45.4275999991989,908558,"2026_01_14_0021","2026_01_14_0021_ev00308_rec0","no",271623
309,0,45.7252999991989,-82.6986860652401,-94.5893345377308,-11.8906484724907,5.25000000000375,34.3000000000018,30.0000000000011,-77.8119180664511,-21.2102453144708,39.1674634130358,-417.432061633972,45.7194999991989,45.7131999991989,914506,"2026_01_14_0021","2026_01_14_0021_ev00309_rec0","no",271624
310,0,45.7674999991989,-92.0841186073565,-96.332998743093,-4.24888013573651,0.650000000000261,4.85000000000468,6.19999999999976,-5.73634922340127,-89.9566442057874,271.065101420699,33.4223579836041,45.7674999991989,45.7667499991989,915350,"2026_01_14_0021","2026_01_14_0021_ev00310_rec0","no",271625
311,0,45.9694499991989,-88.3918824750483,-93.6768815152834,-5.28499904023515,0.0499999999945544,0.199999999999534,0,-83.8819256614453,-5.1073472677128,13.5811783227934,72.991976871033,45.9691999991989,45.9690499991989,919389,"2026_01_14_0021","2026_01_14_0021_ev00311_rec0","no",271626
312,0,46.2489999991989,-93.0288715727143,-97.3992633619764,-4.37039178926214,6.9999999999979,3.94999999999612,0.250000000001194,-72.1968781530992,-22.5474492558096,60.6785530413928,78.3207305953716,46.2487499991989,46.2403499991989,924980,"2026_01_14_0021","2026_01_14_0021_ev00312_rec0","no",271627
313,0,46.5686499991989,-88.3121653022137,-92.1290192444345,-3.81685394222085,0.250000000001194,0.300000000002854,0,-84.8456874211015,-3.6116131222704,13.3829973868996,59.5398638259607,46.5685999991989,46.5683499991989,931373,"2026_01_14_0021","2026_01_14_0021_ev00313_rec0","no",271628
314,0,46.6061499991989,-90.3483576983131,-94.2169247566196,-3.86856705830644,0.199999999999534,0.399999999999068,1.25000000000597,-83.8611466343505,-8.62017079019738,14.6574546333687,84.1514272562143,46.6061499991989,46.6059499991989,932123,"2026_01_14_0021","2026_01_14_0021_ev00314_rec0","no",271629
315,0,46.8459999991989,-88.4006074867822,-91.0466387713014,-2.64603128451918,0.199999999999534,0.250000000001194,0,-84.0026652369825,-4.28718377574864,9.80978740150055,91.1315828938407,46.8459499991989,46.8456999991989,936920,"2026_01_14_0021","2026_01_14_0021_ev00315_rec0","no",271630
316,0,46.8816499991989,-79.2437526795833,-82.7418073522943,-3.49805467271101,0.10000000000332,30.699999999996,30.0000000000011,-82.1830678529887,-3.05985506159548,7.25196573309046,-133.34047334133,46.8781499991989,46.8780499991989,937633,"2026_01_14_0021","2026_01_14_0021_ev00316_rec0","no",271631
317,0,47.3570499991989,-84.9883829019526,-93.2895394098016,-8.30115650784894,6.45000000000095,12.0500000000021,6.05000000000189,-92.3499595371255,-4.40550408372426,0.176710810316706,-285.798869717681,47.3564999991989,47.3479999991989,947141,"2026_01_14_0021","2026_01_14_0021_ev00317_rec0","no",271632
318,0,47.3851499991989,-94.9378179474357,-102.256714794795,-7.31889684735913,0.849999999999795,0.250000000001194,0,-83.094239156627,-11.2289535208781,17.409381526082,194.125258509856,47.3851499991989,47.3829999991989,947703,"2026_01_14_0021","2026_01_14_0021_ev00318_rec0","no",271633
319,0,47.6754999991989,-84.2446475304788,-89.3263999987862,-5.08175246830746,0.349999999997408,13.7,14.0000000000029,-80.123600614887,-10.0391154525935,27.224045274513,-74.9828303113036,47.6751499991989,47.6726999991989,953510,"2026_01_14_0021","2026_01_14_0021_ev00319_rec0","no",271634
320,0,48.0043499991989,-86.2288319610905,-125.006738984301,-38.7779070232108,5.09999999999877,23.5500000000002,23.0499999999978,224229.944712643,-224352.598721264,234174.384112249,-846.667693729098,48.0019499991989,47.9966999991989,960087,"2026_01_14_0021","2026_01_14_0021_ev00320_rec0","no",271635
321,0,48.5435499991989,-90.609538454707,-96.7450087075556,-6.13547025284866,2.45000000000317,7.75000000000148,5.49999999999784,-52.7171451307302,-41.8986390792121,130.535303543496,-6.24968786924041,48.5422499991989,48.5374999991989,970871,"2026_01_14_0021","2026_01_14_0021_ev00321_rec0","no",271636
322,0,48.6921999991989,-82.6088964671441,-89.9531613445514,-7.34426487740737,3.00000000000011,22.0500000000001,30.0000000000011,-85.9050843956361,-3.92555100950696,8.56995505105827,-155.414116499343,48.6919499991989,48.6877499991989,973844,"2026_01_14_0021","2026_01_14_0021_ev00322_rec0","no",271637
323,0,48.8148999991989,-89.8810114633826,-99.7855488436686,-9.90453738028602,3.55000000000416,5.29999999999831,5.90000000000401,-87.1968945108302,-10.3480825744732,12.0734223108459,-62.3852133879034,48.8139499991989,48.8094999991989,976298,"2026_01_14_0021","2026_01_14_0021_ev00323_rec0","no",271638
324,0,48.8630499991989,-89.0183934393642,-147.580876019741,-58.5624825803764,3.4999999999954,19.8000000000036,20.6500000000034,-46.267422679345,-102.355457614177,44.617887769517,-1165.50094846446,48.8612999991989,48.8572499991989,977261,"2026_01_14_0021","2026_01_14_0021_ev00324_rec0","no",271639
325,0,48.9547499991989,-92.8070122473144,-96.1613704245708,-3.3543581772564,0.250000000001194,0.199999999999534,0,-86.3853766386489,-6.78731060857092,21.1018718737698,83.288835415889,48.9545999991989,48.9540499991989,979095,"2026_01_14_0021","2026_01_14_0021_ev00325_rec0","no",271640
326,0,49.0050499991989,-88.3184919885873,-125.033661951784,-36.7151699631966,3.04999999999467,12.4500000000012,15.2500000000018,-83.5405691668845,-36.4272970173095,22.244654095263,-535.444191929633,49.0049499991989,49.0016999991989,980101,"2026_01_14_0021","2026_01_14_0021_ev00326_rec0","no",271641
327,0,49.0954499991989,-90.5207859573791,-92.5784952054835,-2.05770924810443,0.249999999994088,0.350000000004513,0.350000000004513,-88.6997759057167,-3.17821805769755,1.66409237064503,48.6392903430516,49.0954499991989,49.0951499991989,981909,"2026_01_14_0021","2026_01_14_0021_ev00327_rec0","no",271642
328,0,49.1184499991989,-90.9314845355721,-95.1019822109176,-4.1704976753455,0.399999999999068,0.650000000000261,0,-86.6199357628447,-4.9595568132994,13.0776689244714,69.8315460397641,49.1179499991989,49.1175499991989,982369,"2026_01_14_0021","2026_01_14_0021_ev00328_rec0","no",271643
329,0,49.4939499991989,-88.1957817443739,-114.337441042119,-26.1416592977452,7.64999999999816,14.2500000000041,11.8000000000009,-81.9977155374332,-27.0750564531646,22.061561224493,-405.425225005957,49.4927999991989,49.4849999991989,989879,"2026_01_14_0021","2026_01_14_0021_ev00329_rec0","no",271644
330,0,49.5989999991989,-88.1969355730628,-97.7093581814878,-9.51242260842497,0.950000000003115,2.34999999999985,5.74999999999903,-78.7486952121631,-14.8398521959742,42.8156753119626,-42.1805920119138,49.5989999991989,49.5972999991989,991980,"2026_01_14_0021","2026_01_14_0021_ev00330_rec0","no",271645
331,0,50.4206999991989,-81.1538880606816,-88.9248485173635,-7.77096045668198,3.19999999999965,13.5000000000005,17.2499999999971,-82.931053337019,-5.92216728861502,10.2490025431388,-138.71781893297,50.4200999991989,50.4168999991989,1008414,"2026_01_14_0021","2026_01_14_0021_ev00331_rec0","no",271646
332,0,50.4604499991989,-83.1998480958853,-90.1659196771908,-6.9660715813055,2.59999999999394,9.45000000000107,9.6500000000006,-83.1847832777767,-6.68549201556633,10.2086610153354,-107.242848896492,50.4543999991989,50.4515999991989,1009209,"2026_01_14_0021","2026_01_14_0021_ev00332_rec0","no",271647
333,0,50.5143999991989,-85.3470678406513,-100.407068370367,-15.0600005297158,1.64999999999793,13.850000000005,14.8999999999972,-80.3185561674494,-18.413036427951,26.9962865456712,-226.195907157508,50.5120999991989,50.5094499991989,1010288,"2026_01_14_0021","2026_01_14_0021_ev00333_rec0","no",271648
334,0,50.5722499991989,-91.4185075654815,-100.735143276447,-9.31663571096532,3.45000000000084,2.94999999999845,0,31.1545352656224,-124.96061421103,391.311056734123,59.5394205977315,50.5722499991989,50.5686499991989,1011445,"2026_01_14_0021","2026_01_14_0021_ev00334_rec0","no",271649
335,0,50.7916499991989,-87.4402773398054,-97.5737165983875,-10.1334392585821,1.95000000000078,18.3000000000035,21.3999999999999,-85.7914223086152,-11.4695015036158,28.3928048650883,-184.493637973141,50.7902499991989,50.7869499991989,1015833,"2026_01_14_0021","2026_01_14_0021_ev00335_rec0","no",271650
336,0,51.1016999991989,-87.5915680397952,-92.0549980597296,-4.46343001993442,0.149999999997874,0.0999999999962142,0,-84.8547531723482,-2.8186665961057,9.21557385461559,56.1265817498602,51.1016499991989,51.1013999991989,1022034,"2026_01_14_0021","2026_01_14_0021_ev00336_rec0","no",271651
337,0,51.2896499991989,-93.3848220399174,-99.8611854828368,-6.47636344291935,0.0500000000016598,0.0999999999962142,0,-85.6417584173125,-9.77038810067336,15.4661412060162,102.254068840475,51.2894999991989,51.2894499991989,1025793,"2026_01_14_0021","2026_01_14_0021_ev00337_rec0","no",271652
338,0,51.3565999991989,-88.5436584433618,-96.3585498884367,-7.81489144507486,2.0500000000041,10.3499999999954,12.0000000000005,-87.6823897863996,-9.7421628402008,12.6009166080161,-113.001990603922,51.3536999991989,51.3516499991989,1027132,"2026_01_14_0021","2026_01_14_0021_ev00338_rec0","no",271653
339,0,51.4011499991989,-90.9640078880784,-101.989004049154,-11.0249961610756,1.4499999999984,5.90000000000401,11.0500000000044,-65.831624412459,-32.0092397247285,121.032675542972,-106.803777278657,51.4008999991989,51.3985499991989,1028023,"2026_01_14_0021","2026_01_14_0021_ev00339_rec0","no",271654
340,0,51.4915499991989,-87.8934508495393,-90.0349993290173,-2.14154847947806,0.10000000000332,0.300000000002854,0.250000000001194,-82.7589562606648,-6.02379776602712,15.3617377798157,73.3303046351437,51.4912999991989,51.4907999991989,1029831,"2026_01_14_0021","2026_01_14_0021_ev00340_rec0","no",271655
341,0,51.5821999991989,-86.4886864848577,-94.7969589795879,-8.30827249473028,4.30000000000064,36.2000000000009,30.0000000000011,-93.7427157537586,-2.78984637175551,2.80984811368455,-285.52275597712,51.5798999991989,51.5746499991989,1031644,"2026_01_14_0021","2026_01_14_0021_ev00341_rec0","no",271656
342,0,51.6104499991989,-93.2682545307594,-99.661836910283,-6.39358237952362,0.150000000004979,0.199999999999534,0.250000000001194,-10.2443482931795,-85.4698255293679,271.604847454437,61.7400312667734,51.6103999991989,51.6101499991989,1032209,"2026_01_14_0021","2026_01_14_0021_ev00342_rec0","no",271657
343,0,51.7006499991989,-94.2749162055411,-96.809224517893,-2.53430831235185,0.300000000002854,0.650000000000261,1.10000000000099,-79.0287814134313,-16.6770489859114,36.4084134025041,115.503785793474,51.7006499991989,51.7002499991989,1034013,"2026_01_14_0021","2026_01_14_0021_ev00343_rec0","no",271658
344,0,51.9119499991989,-87.4178453803749,-91.636909772945,-4.21906439257003,1.75000000000125,3.39999999999918,3.19999999999965,-87.6039587566553,-3.47750703540706,3.4533643786474,-26.2978681855357,51.9106999991989,51.9071999991989,1038239,"2026_01_14_0021","2026_01_14_0021_ev00344_rec0","no",271659
345,0,52.0798999991989,-94.0240243986795,-96.748484525101,-2.72446012642153,0.0500000000016598,1.60000000000338,2.15000000000032,-89.5087047169588,-6.50795921841433,12.959610216382,58.3667285646018,52.0796499991989,52.0795999991989,1041598,"2026_01_14_0021","2026_01_14_0021_ev00345_rec0","no",271660
346,0,52.0949999991989,-90.8022376871413,-94.7090093259325,-3.90677163879117,0.10000000000332,0,1.1999999999972,36396.061376467,-36488.5712858923,166613.000649003,47.0086876091932,52.0949999991989,52.0948999991989,1041900,"2026_01_14_0021","2026_01_14_0021_ev00346_rec0","no",271661
347,0,52.1864999991989,-89.0836757333118,-98.7867492920786,-9.70307355876682,1.69999999999959,17.4499999999966,16.849999999998,-73.7495021015088,-29.1961397933471,38.8673073290226,-202.00821819229,52.1830999991989,52.1805999991989,1043730,"2026_01_14_0021","2026_01_14_0021_ev00347_rec0","no",271662
348,0,52.4563499991989,-83.4744429855225,-97.3086375039936,-13.834194518471,2.94999999999845,33.9499999999973,30.0000000000011,-90.3800649619229,-6.32760708151362,7.81499748183736,-314.686105310695,52.4538999991989,52.4492999991989,1049127,"2026_01_14_0021","2026_01_14_0021_ev00348_rec0","no",271663
349,0,52.5232999991989,-84.0105581799446,-101.263946367354,-17.253388187409,4.3500000000023,15.5999999999992,16.3500000000028,-69.0942025043128,-29.5892955403549,49.7539044553108,-261.610211851398,52.5231999991989,52.5188499991989,1050466,"2026_01_14_0021","2026_01_14_0021_ev00349_rec0","no",271664
350,0,52.7577499991989,-89.5013381170522,-94.223328586434,-4.72199046938181,3.59999999999872,1.24999999999886,0.900000000001455,-80.7862869195898,-10.7526311371559,33.5022099469071,40.1819772662093,52.7562499991989,52.7525999991989,1055155,"2026_01_14_0021","2026_01_14_0021_ev00350_rec0","no",271665
351,0,52.8438999991989,-85.6262303280465,-88.3772452645042,-2.75101493645764,0.250000000001194,6.00000000000023,8.84999999999536,-86.2841542407937,-2.42957214283912,4.64176421177114,-33.0470294505835,52.8437999991989,52.8434499991989,1056878,"2026_01_14_0021","2026_01_14_0021_ev00351_rec0","no",271666
352,0,53.0673999991989,-90.3747588092124,-124.018424849576,-33.6436660403635,1.4499999999984,8.74999999999915,11.1000000000061,-92.4642210681847,-26.8457924913117,11.6701502743472,-412.382713097123,53.0663999991989,53.0646999991989,1061348,"2026_01_14_0021","2026_01_14_0021_ev00352_rec0","no",271667
353,0,53.5652499991989,-89.5382477839849,-97.6757555613981,-8.13750777741321,0.399999999999068,0.0499999999945544,0,-83.8239450475112,-7.62075993100074,20.3189411090094,50.5342445159645,53.5652499991989,53.5648499991989,1071305,"2026_01_14_0021","2026_01_14_0021_ev00353_rec0","no",271668
354,0,53.6146499991989,-88.8693860225554,-101.391224533339,-12.5218385107836,2.10000000000576,7.40000000000407,12.049999999995,-66.2919117206489,-31.1310986762275,89.6280259049419,-161.133560162921,53.6118999991989,53.6089499991989,1072293,"2026_01_14_0021","2026_01_14_0021_ev00354_rec0","no",271669
355,0,53.8563999991989,-92.8981210368487,-95.6208168717719,-2.72269583492326,0.0999999999962142,0,0,-92.1004868639329,-1.52544392449116,2.69575488218052,19.5156271837945,53.8563999991989,53.8562999991989,1077128,"2026_01_14_0021","2026_01_14_0021_ev00355_rec0","no",271670
356,0,53.8873999991989,-93.7708934461369,-100.760195049117,-6.98930160297989,0.250000000001194,2.59999999999394,1.80000000000291,-92.5654090124436,-5.32750895452068,5.28127887406562,-2.34767838716962,53.8866499991989,53.8841999991989,1077748,"2026_01_14_0021","2026_01_14_0021_ev00356_rec0","no",271671
357,0,53.9139499991989,-93.0052254499321,-99.4039824708055,-6.39875702087339,0.199999999999534,0.0499999999945544,0,-88.181354895315,-5.63092844273469,11.6053950997773,83.6531533005368,53.9139499991989,53.9137499991989,1078279,"2026_01_14_0021","2026_01_14_0021_ev00357_rec0","no",271672
358,0,53.9668499991989,-88.3058838517368,-99.81948587205,-11.5136020203132,15.1000000000039,33.0000000000013,30.0000000000011,-95.6739884649136,-3.36764773034844,3.17990707304814,-376.911336813492,53.9663499991989,53.9504999991989,1079337,"2026_01_14_0021","2026_01_14_0021_ev00358_rec0","no",271673
359,0,54.0336499991989,-93.826535796771,-98.1961314695326,-4.36959567276159,0.149999999997874,30.2500000000023,30.0000000000011,-11340.0817327435,11246.8214259127,528845.762016378,7.38911078466043,54.0336499991989,54.0332999991989,1080673,"2026_01_14_0021","2026_01_14_0021_ev00359_rec0","no",271674
360,0,54.0685999991989,-96.832908397088,-107.192710554589,-10.3598021575014,2.9000000000039,8.95000000000579,8.29999999999842,-82.2171214017467,-23.9409879659627,31.7953770997756,-59.7745346429209,54.0666999991989,54.0635999991989,1081372,"2026_01_14_0021","2026_01_14_0021_ev00360_rec0","no",271675
361,0,54.2554999991989,-90.8977123952279,-97.800400465777,-6.9026880705491,0.300000000002854,0.799999999998136,1.84999999999746,-90.9176642429103,-3.90512817791887,4.30753684445768,-19.2949695587188,54.2554999991989,54.2551999991989,1085110,"2026_01_14_0021","2026_01_14_0021_ev00361_rec0","no",271676
362,0,54.2849999991989,-93.9738593490669,-97.7158967641383,-3.74203741507139,0.10000000000332,0.199999999999534,0,-55.0662610395737,-38.102848735832,176.518829649718,115.731508797367,54.2847499991989,54.2845999991989,1085700,"2026_01_14_0021","2026_01_14_0021_ev00362_rec0","no",271677
363,0,54.4245999991989,-91.6367906210114,-97.2838556461244,-5.64706502511298,0.149999999997874,0.299999999995748,1.69999999999959,-90.0260822907055,-4.58271923593022,7.9411710844361,10.1873307501217,54.4239999991989,54.4237499991989,1088492,"2026_01_14_0021","2026_01_14_0021_ev00363_rec0","no",271678
364,0,54.4973499991989,-85.8890507207022,-89.1778922682719,-3.28884154756967,6.1499999999981,26.050000000005,28.5000000000011,12633.4461697999,-12724.1076243355,101971.465076876,-125.987798552569,54.4965999991989,54.4904499991989,1089947,"2026_01_14_0021","2026_01_14_0021_ev00364_rec0","no",271679
365,0,54.6208499991989,-89.0872242093353,-99.154503345642,-10.0672791363067,2.29999999999819,32.0500000000052,30.0000000000011,-93.6409241678886,-5.72840774115425,23.5680819019945,-268.443065225421,54.6199499991989,54.6161999991989,1092417,"2026_01_14_0021","2026_01_14_0021_ev00365_rec0","no",271680
366,0,54.6417499991989,-96.9389227547172,-101.592642408459,-4.653719653742,0.199999999999534,0.199999999999534,0,-71.4268268424428,-26.0069864910499,60.7238386460329,148.85313816056,54.6417499991989,54.6414499991989,1092835,"2026_01_14_0021","2026_01_14_0021_ev00366_rec0","no",271681
367,0,54.7144999991989,-91.1024252209024,-95.0946994438986,-3.99227422299614,0.299999999995748,30.2000000000007,30.0000000000011,-3704.37173132493,3614.54229329247,215199.44664014,29.5853276402394,54.7144999991989,54.7141499991989,1094290,"2026_01_14_0021","2026_01_14_0021_ev00367_rec0","no",271682
368,0,54.7639499991989,-91.6063331592332,-95.2677212103302,-3.66138805109692,0.0500000000016598,0.0999999999962142,1.50000000000006,-86.1600143729068,-7.25642066466822,23.2579221334553,40.8482432340651,54.7639499991989,54.7637499991989,1095279,"2026_01_14_0021","2026_01_14_0021_ev00368_rec0","no",271683
369,0,55.0273999991989,-93.9205808803904,-96.4191653554339,-2.49858447504344,0.250000000001194,0.450000000000728,0.150000000004979,-91.9819471308089,-3.10664495424297,2.06509007595138,49.822352369623,55.0273499991989,55.0263499991989,1100548,"2026_01_14_0021","2026_01_14_0021_ev00369_rec0","no",271684
370,0,55.0737999991989,-95.5349221233646,-99.8600132373873,-4.32509111402271,0.10000000000332,1.04999999999933,1.29999999999342,-94.1078989723839,-5.21334997308032,2.41231200773283,29.119421837636,55.0735499991989,55.0734499991989,1101476,"2026_01_14_0021","2026_01_14_0021_ev00370_rec0","no",271685
371,0,55.1031499991989,-97.6283574254198,-104.940685997114,-7.31232857169398,0.699999999994816,0.249999999994088,0,-89.7674693174297,-9.43712807901933,11.2395168182264,136.384392864371,55.1031499991989,55.1022499991989,1102063,"2026_01_14_0021","2026_01_14_0021_ev00371_rec0","no",271686
372,0,55.3004499991989,-91.41829246075,-96.478476778267,-5.0601843175171,1.64999999999793,10.8500000000049,7.79999999999603,527.625152178693,-622.875180061621,2472.78499643215,-25.682996775135,55.2983499991989,55.2945499991989,1106009,"2026_01_14_0021","2026_01_14_0021_ev00372_rec0","no",271687
373,0,55.8456999991989,-99.1808201634276,-104.125012068859,-4.9441919054312,0.849999999999795,10.5500000000021,6.90000000000168,-78.798455042294,-26.7423303425867,37.0846958877709,39.6532418952864,55.8445499991989,55.8400499991989,1116914,"2026_01_14_0021","2026_01_14_0021_ev00373_rec0","no",271688
374,0,55.8894999991989,-90.6390311026453,-100.85243321241,-10.2134021097646,2.00000000000244,25.1999999999981,29.999999999994,23356.2903076143,-23454.4538321242,188089.055374495,-232.495211034601,55.8853499991989,55.8801999991989,1117790,"2026_01_14_0021","2026_01_14_0021_ev00374_rec0","no",271689
375,0,55.9517499991989,-92.5668313567649,-100.726092882794,-8.15926152602923,0.199999999999534,0.150000000004979,0,-86.7801762310681,-8.21088665925003,13.5170098058841,73.8253147266467,55.9516999991989,55.9513999991989,1119035,"2026_01_14_0021","2026_01_14_0021_ev00375_rec0","no",271690
376,0,56.0181499991989,-85.3043969452884,-96.7891065054981,-11.4847095602097,6.50000000000261,10.3499999999954,14.249999999997,-82.0123857179792,-13.2499983729268,25.2748767896065,-224.433882548307,56.0130999991989,56.0061499991989,1120363,"2026_01_14_0021","2026_01_14_0021_ev00376_rec0","no",271691
377,0,56.3971999991989,-87.8630607151387,-108.99944538679,-21.1363846716509,2.15000000000032,31.0500000000005,21.2499999999949,-86.086927933808,-24.5931847689718,22.5755852047971,-652.333158065902,56.3832499991989,56.3801999991989,1127944,"2026_01_14_0021","2026_01_14_0021_ev00377_rec0","no",271692
378,0,56.6715999991989,-84.0800216583184,-87.877021635826,-3.79699997750761,0.350000000004513,0.550000000004047,0,-33437.7098366733,33350.0300287508,569145.820842812,-137.756816360682,56.6713499991989,56.6709999991989,1133432,"2026_01_14_0021","2026_01_14_0021_ev00378_rec0","no",271693
379,0,56.7478499991989,-92.1337539645446,-95.6249278358827,-3.49117387133808,0.349999999997408,0.0999999999962142,0,-87.5104345635265,-4.23521406539476,13.6861157575023,86.7666019267181,56.7478499991989,56.7474499991989,1134957,"2026_01_14_0021","2026_01_14_0021_ev00379_rec0","no",271694
380,0,57.1293999991989,-95.9417664234098,-102.343324314969,-6.40155789155892,0.300000000002854,0.10000000000332,0,-92.4793124957128,-5.18449413474917,15.1224516649555,35.7252479862009,57.1293999991989,57.1284999991989,1142588,"2026_01_14_0021","2026_01_14_0021_ev00380_rec0","no",271695
381,0,57.1755999991989,-85.97465072993,-92.646977639882,-6.67232690995195,2.00000000000244,14.9499999999989,17.4999999999983,-77.7329829977878,-16.3895587394842,41.1751700221033,-125.329774618582,57.1746999991989,57.1726999991989,1143512,"2026_01_14_0021","2026_01_14_0021_ev00381_rec0","no",271696
382,0,57.3559999991989,-93.9153643473994,-98.3352988163426,-4.4199344689432,0.999999999997669,11.250000000004,10.9500000000011,-87.5344758125197,-13.3608170848965,21.3958834642045,-31.4296662066403,57.3549499991989,57.3537499991989,1147120,"2026_01_14_0021","2026_01_14_0021_ev00382_rec0","no",271697
383,0,57.4967999991989,-86.9764546452479,-91.9031661952892,-4.9267115500413,0.250000000001194,1.55000000000172,2.80000000000058,-85.4199888294904,-4.91692692600409,7.46225176710743,9.50094634488909,57.4966999991989,57.4964499991989,1149936,"2026_01_14_0021","2026_01_14_0021_ev00383_rec0","no",271698
384,0,57.5525499991989,-90.5629921444413,-93.4887314667896,-2.92573932234831,0.199999999999534,0.350000000004513,0,-83.9382342089548,-7.54601693081746,20.648663679032,78.8240210022854,57.5523999991989,57.5521999991989,1151051,"2026_01_14_0021","2026_01_14_0021_ev00384_rec0","no",271699
385,0,57.6576499991989,-92.368678607666,-96.0073003208961,-3.63862171323005,0.950000000003115,1.55000000000172,2.49999999999773,-85.0070810175872,-9.56117093831983,26.7869891849425,45.2716433061766,57.6565999991989,57.6544999991989,1153153,"2026_01_14_0021","2026_01_14_0021_ev00385_rec0","no",271700
386,0,57.6880999991989,-88.0403689336302,-90.1100248545058,-2.06965592087552,0.0999999999962142,0.650000000000261,1.30000000000052,-85.3355860660729,-4.04760530446066,8.46587796397028,47.477089070459,57.6880999991989,57.6879999991989,1153762,"2026_01_14_0021","2026_01_14_0021_ev00386_rec0","no",271701
387,0,57.7280999991989,-88.6830438123155,-94.1235204584191,-5.44047664610359,0.300000000002854,0.199999999999534,0,-85.5243805384124,-4.44225723704481,12.2708744501815,43.7691966251847,57.7280999991989,57.7277999991989,1154562,"2026_01_14_0021","2026_01_14_0021_ev00387_rec0","no",271702
388,0,57.8813499991989,-89.4427671405041,-93.208178730281,-3.76541158977685,1.55000000000172,0.300000000002854,0,-84.8194478450591,-5.32965482171102,17.0561986501619,59.1609056980756,57.8812499991989,57.8783499991989,1157627,"2026_01_14_0021","2026_01_14_0021_ev00388_rec0","no",271703
389,0,57.9211499991989,-90.7254512194199,-97.1559325623456,-6.43048134292575,0.350000000004513,0.849999999999795,0,-27.1055087675511,-65.5383629600755,234.387189584227,61.4580067034286,57.9208999991989,57.9201999991989,1158423,"2026_01_14_0021","2026_01_14_0021_ev00389_rec0","no",271704
390,0,58.3864999991989,-90.3030885841417,-95.4452741387444,-5.14218555460272,0.200000000006639,0.0500000000016598,0,-87.8319916296079,-4.24307451249027,6.60960876193037,45.9012144400686,58.3864999991989,58.3862999991989,1167730,"2026_01_14_0021","2026_01_14_0021_ev00390_rec0","no",271705
391,0,58.9654999991989,-91.416414032766,-97.4742911889459,-6.05787715617994,0.0999999999962142,0.149999999997874,0,-89.8827022722299,-1.99015496660289,2.6241688613978,40.5221562677774,58.9654999991989,58.9652999991989,1179310,"2026_01_14_0021","2026_01_14_0021_ev00391_rec0","no",271706
392,0,59.0363499991989,-96.7693287435833,-99.7882854465723,-3.01895670298904,0.199999999999534,0.0499999999945544,0,-92.9716285762158,-3.48651592150294,5.44736418721336,94.6406142001512,59.0363499991989,59.0360499991989,1180727,"2026_01_14_0021","2026_01_14_0021_ev00392_rec0","no",271707
393,0,59.0546999991989,-93.7178467441826,-98.4763645334361,-4.7585177892535,0.300000000002854,0.199999999999534,0,-86.7849460390713,-8.30680744301524,17.5767439711057,87.3685759633947,59.0546999991989,59.0543999991989,1181094,"2026_01_14_0021","2026_01_14_0021_ev00393_rec0","no",271708
394,0,59.2161499991989,-89.074162457045,-93.9583069481596,-4.88414449111454,0.199999999999534,0.650000000000261,0,-84.9281812042985,-4.68736275768562,14.7855206574393,63.3679245983697,59.2153999991989,59.2149999991989,1184323,"2026_01_14_0021","2026_01_14_0021_ev00394_rec0","no",271709
395,0,59.2468999991989,-82.2071551925676,-85.3635497071638,-3.1563945145962,0.399999999999068,0.250000000001194,0,-961.844166831089,877.024027697745,106805.615769689,-84.1554883259844,59.2468999991989,59.2464999991989,1184938,"2026_01_14_0021","2026_01_14_0021_ev00395_rec0","no",271710
396,0,59.2825499991989,-87.6860109092866,-90.5255627947656,-2.83955188547903,0.149999999997874,30.2000000000007,30.0000000000011,-21229.7187742512,21143.2303033407,428515.580308054,12.7504599618105,59.2824999991989,59.2822499991989,1185651,"2026_01_14_0021","2026_01_14_0021_ev00396_rec0","no",271711
397,0,59.3046999991989,-89.338519035365,-93.9216317381359,-4.5831127027709,0.450000000000728,0.950000000003115,1.1999999999972,-86.5723536000035,-6.5318632732925,3.16469371108061,61.0654674651489,59.3046999991989,59.3041999991989,1186094,"2026_01_14_0021","2026_01_14_0021_ev00397_rec0","no",271712
398,0,59.3223499991989,-88.9104494480196,-93.3152994072084,-4.40484995918878,0.149999999997874,0.450000000000728,0.500000000002387,-88.1257608373413,-3.39091414250605,1.51157677594056,17.9210971001451,59.3222999991989,59.3216999991989,1186447,"2026_01_14_0021","2026_01_14_0021_ev00398_rec0","no",271713
399,0,59.3445999991989,-92.816966363346,-96.1747912664424,-3.35782490309633,1.35000000000218,0.999999999997669,0,9907.73328946906,-9998.53365431287,176761.476475744,85.9533808380345,59.3445499991989,59.3428499991989,1186892,"2026_01_14_0021","2026_01_14_0021_ev00399_rec0","no",271714
400,0,59.3644999991989,-91.1656688670446,-98.2089142748386,-7.04324540779395,0.10000000000332,0.0499999999945544,0,-89.2545963916112,-1.77569768057233,2.9960452042695,51.8651847631322,59.3643999991989,59.3641499991989,1187290,"2026_01_14_0021","2026_01_14_0021_ev00400_rec0","no",271715
401,0,59.4023499991989,-90.3354319557076,-95.6249777645291,-5.28954580882149,0.10000000000332,0.199999999999534,0.400000000006173,-85.4954487570368,-7.58579287211286,3.63139253980488,116.928981406798,59.4022499991989,59.4020499991989,1188047,"2026_01_14_0021","2026_01_14_0021_ev00401_rec0","no",271716
402,0,59.4218999991989,-87.3273417501628,-90.6996598712525,-3.37231812108963,0.349999999997408,30.0500000000028,30.0000000000011,-16502.4817016511,16416.7422377764,245736.955911662,17.0146009174311,59.4218999991989,59.4215499991989,1188438,"2026_01_14_0021","2026_01_14_0021_ev00402_rec0","no",271717
403,0,59.4620499991989,-86.7294234587042,-94.1494103861394,-7.4199869274352,0.199999999999534,0.549999999996942,0.89999999999435,-84.9954908336674,-6.15291900733776,2.89601462103891,32.3296137939602,59.4618999991989,59.4615499991989,1189241,"2026_01_14_0021","2026_01_14_0021_ev00403_rec0","no",271718
404,0,59.4842999991989,-88.175532977698,-92.7577944696839,-4.58226149198589,0.750000000003581,0.849999999999795,0,-85.2877218097045,-2.17320694748769,2.64991677543995,80.1132917128632,59.4842999991989,59.4833999991989,1189686,"2026_01_14_0021","2026_01_14_0021_ev00404_rec0","no",271719
405,0,59.5019999991989,-82.8486012229123,-96.1746689858341,-13.3260677629218,2.049999999997,2.50000000000483,3.5000000000025,-85.6557894941655,-7.18583540530318,2.88978964748321,-118.267061947335,59.5019999991989,59.4992499991989,1190040,"2026_01_14_0021","2026_01_14_0021_ev00405_rec0","no",271720
406,0,59.5272999991989,-82.8446303744749,-88.5008958596003,-5.65626548512542,1.50000000000006,9.09999999999656,8.15000000000055,-7719605.31455661,7719636.06857704,542885.179490731,-3007.795776565,59.5254499991989,59.5239499991989,1190546,"2026_01_14_0021","2026_01_14_0021_ev00406_rec0","no",271721
407,0,59.5522499991989,-92.7304892781294,-458.34134961434,-365.610860336211,4.1000000000011,32.0499999999981,30.0000000000011,2075175.53540467,-2075651.30989492,579239.693870074,-10878.1413563404,59.5510999991989,59.5464999991989,1191045,"2026_01_14_0021","2026_01_14_0021_ev00407_rec0","no",271722
408,0,59.6617499991989,-105.002836271045,-111.304208978967,-6.30137270792201,0.400000000006173,1.30000000000052,1.1999999999972,-95.8329345377951,-14.0203447737234,6.06363695666566,189.508783061149,59.6617499991989,59.6611999991989,1193235,"2026_01_14_0021","2026_01_14_0021_ev00408_rec0","no",271723
409,0,59.7038999991989,-96.1233088505931,-100.191806907007,-4.06849805641355,0.399999999999068,1.10000000000099,1.10000000000099,-91.614464619582,-8.20714103715295,3.58267695106142,104.236900770031,59.7038999991989,59.7034999991989,1194078,"2026_01_14_0021","2026_01_14_0021_ev00409_rec0","no",271724
410,0,59.7237499991989,-94.1108753306922,-101.719914450856,-7.60903912016346,0.199999999999534,0.10000000000332,0.0999999999962142,-88.5925384446865,-8.52764742251538,3.87429663500191,131.762849877628,59.7237499991989,59.7235499991989,1194475,"2026_01_14_0021","2026_01_14_0021_ev00410_rec0","no",271725
411,0,59.7853499991989,-88.68283749587,-93.5751766061891,-4.89233911031916,0.149999999997874,30.0999999999974,28.9500000000018,-70996.149534213,70910.518952028,422224.295167235,15.4831367076803,59.7852999991989,59.7851499991989,1195707,"2026_01_14_0021","2026_01_14_0021_ev00411_rec0","no",271726
412,0,59.8413999991989,-91.6999595817391,-94.2677753800238,-2.5678157982847,0.250000000001194,0.250000000001194,0.450000000000728,-88.3371854393763,-4.5861294357041,7.4068853163472,66.7561331284278,59.8413999991989,59.8410999991989,1196828,"2026_01_14_0021","2026_01_14_0021_ev00412_rec0","no",271727
413,0,59.9262499991989,-88.7358298375956,-98.1594727002823,-9.42364286268669,4.44999999999851,21.9000000000023,30.0000000000011,-92.7771580444554,-4.08681087561433,10.6548681035172,-190.556511340298,59.9259499991989,59.9213999991989,1198525,"2026_01_14_0021","2026_01_14_0021_ev00413_rec0","no",271728
414,0,59.9433999991989,-93.4481959618144,-96.0651880721092,-2.6169921102948,0.350000000004513,0.599999999998602,1.75000000000125,-12.1624726655183,-82.6619082616998,355.927406510794,59.2199275252888,59.9433999991989,59.9430499991989,1198868,"2026_01_14_0021","2026_01_14_0021_ev00414_rec0","no",271729
