"Event.Number","Record","Event.Time..s.","Baseline..pA.","Peak..pA.","Amplitude..pA.","Rise.Time..ms.","Half.Width..ms.","Decay.Time..ms.","Decay.Fit.b0","Decay.Fit.b1","Decay.Fit.Tau..ms.","AUC..pA.ms.","rise_max_time","baseline_time","event_index","file_prefix","event_id","noise","event_entry_number"
1,0,0.10315,-90.5396556194268,-103.307022383101,-12.7673667636742,0.799999999999995,2.60000000000002,2.90000000000001,-89.4011201092754,-14.4595370733693,3.22246740328116,-22.3846758251862,0.1029,0.10205,2063,"2026_01_13_0001","2026_01_13_0001_ev00001_rec0","no",229863
2,0,0.1677,-91.2223831373702,-119.38520866508,-28.1628255277102,2,4.75,4.5,-91.534921912586,-26.6331718532021,4.65623678183786,-185.041978498711,0.1672,0.1652,3354,"2026_01_13_0001","2026_01_13_0001_ev00002_rec0","no",229864
3,0,0.196,-89.8152958369894,-98.2070960812334,-8.39180024424395,0.350000000000017,0.0499999999999945,0,-86.5511064698277,-6.09794888406469,12.7796418978641,25.0425363340141,0.19565,0.1953,3920,"2026_01_13_0001","2026_01_13_0001_ev00003_rec0","no",229865
4,0,0.2797,-90.9407818507951,-106.699940205895,-15.7591583551,0.799999999999967,3.80000000000003,3.45000000000001,-88.6775723680382,-19.4461946469189,3.9357261685146,-27.8076150592037,0.27905,0.27815,5594,"2026_01_13_0001","2026_01_13_0001_ev00004_rec0","no",229866
5,0,0.3418,-99.2068641281857,-116.732075714074,-17.525211585888,0.850000000000017,3.30000000000003,3.34999999999996,-86.518242554689,-29.8733451263146,7.60629033101871,145.093727854797,0.3415,0.3403,6836,"2026_01_13_0001","2026_01_13_0001_ev00005_rec0","no",229867
6,0,0.37955,-91.9635017382753,-102.379357708084,-10.4158559698091,0.450000000000006,2.64999999999999,2.65000000000004,-90.6803032820469,-14.3207605720815,2.58624767203976,-4.97627725497772,0.37935,0.37865,7591,"2026_01_13_0001","2026_01_13_0001_ev00006_rec0","no",229868
7,0,0.40625,-88.6240802206685,-95.3513552319932,-6.72727501132475,0.099999999999989,22.75,11.05,-96.457867846513,6.33973374153902,64.8506844168474,-84.2242241004683,0.40615,0.40605,8125,"2026_01_13_0001","2026_01_13_0001_ev00007_rec0","no",229869
8,0,0.4238,-86.6782170652177,-101.70761325085,-15.0293961856318,0.700000000000034,4.09999999999999,6.69999999999998,-86.68632666788,-10.1543388884334,11.0819304639644,-114.362947754846,0.42355,0.42265,8476,"2026_01_13_0001","2026_01_13_0001_ev00008_rec0","no",229870
9,0,0.526,-94.2838048731715,-113.137941027389,-18.8541361542179,1.45000000000006,5.60000000000005,5.55000000000005,-88.2862487271597,-20.5606733543288,12.0029741401098,-72.470335014184,0.5255,0.5232,10520,"2026_01_13_0001","2026_01_13_0001_ev00009_rec0","no",229871
10,0,0.6699,-90.7389015903721,-105.888992219654,-15.1500906292816,0.299999999999967,2.40000000000007,2.39999999999996,-87.7512640565313,-18.1213910255031,3.2278493767836,21.4099674310838,0.66935,0.6688,13398,"2026_01_13_0001","2026_01_13_0001_ev00010_rec0","no",229872
11,0,0.76975,-86.306510492755,-89.150520569374,-2.84401007661894,0.44999999999995,10.5500000000001,14.05,-86.7635620818165,-3.20946622492224,8.3462173656331,-42.2899259442113,0.76975,0.7692,15395,"2026_01_13_0001","2026_01_13_0001_ev00011_rec0","no",229873
12,0,0.8407,-85.3491555584071,-89.4806438369626,-4.13148827855545,0.750000000000028,30.5,30,-87.686334171581,-4.67996031579526,6.6141229340294,-109.47200969993,0.84025,0.8395,16814,"2026_01_13_0001","2026_01_13_0001_ev00012_rec0","no",229874
13,0,0.93585,-89.5734317218147,-108.716837190782,-19.1434054689671,2.05,8.79999999999992,8.9499999999999,-86.5186036391006,-26.0533222296537,9.49272702294906,-187.332666677558,0.9354,0.93325,18717,"2026_01_13_0001","2026_01_13_0001_ev00013_rec0","no",229875
14,0,0.99695,-91.3234710638584,-121.060784444933,-29.7373133810742,1.24999999999997,3.35000000000019,3.1500000000001,-91.9578208812294,-35.3297790648403,2.57343398154117,-140.127580942435,0.9966,0.9953,19939,"2026_01_13_0001","2026_01_13_0001_ev00014_rec0","no",229876
15,0,1.0227,-93.0861993470624,-96.6298783086062,-3.54367896154376,0.399999999999956,1.55000000000016,1.74999999999992,-87.3072334547189,-8.89253111896728,7.82155282139386,101.00814053385,1.0213,1.02015,20454,"2026_01_13_0001","2026_01_13_0001_ev00015_rec0","no",229877
16,0,1.0672,-89.0220808610021,-100.284954543253,-11.2628736822513,1.05,3.1000000000001,2.8999999999999,-88.286955869316,-12.4239573276939,3.11214710087664,-28.4331920156553,1.0669,1.0658,21344,"2026_01_13_0001","2026_01_13_0001_ev00016_rec0","no",229878
17,0,1.20615,-85.0992523978308,-104.785427274737,-19.6861748769066,0.650000000000039,5.09999999999988,6.05000000000011,-89.1051099317771,-15.1654492651895,3.95945444631652,-206.247753789059,1.20505,1.2044,24123,"2026_01_13_0001","2026_01_13_0001_ev00017_rec0","no",229879
18,0,1.403,-88.1470245913732,-103.104377252401,-14.957352661028,1.1000000000001,5.95000000000012,7.60000000000005,-87.7648893260452,-11.8516590038183,10.9541054100821,-129.966057862335,1.4021,1.4004,28060,"2026_01_13_0001","2026_01_13_0001_ev00018_rec0","no",229880
19,0,1.43425,-90.7814330823629,-100.120084724367,-9.33865164200378,0.100000000000211,2.29999999999997,2.85000000000002,-89.4282785115442,-10.7642155604632,3.56486368079855,-2.97824099628929,1.4337,1.4335,28685,"2026_01_13_0001","2026_01_13_0001_ev00019_rec0","no",229881
20,0,1.5031,-90.5992612985349,-132.162372250969,-41.563110952434,1.9499999999999,10.2500000000001,10.5999999999999,-85.3241213356448,-53.496712934618,11.1194689297546,-478.894263388392,1.5021,1.49995,30062,"2026_01_13_0001","2026_01_13_0001_ev00020_rec0","no",229882
21,0,1.63285,-91.6116505006032,-135.964038367258,-44.3523878666552,0.700000000000145,3.95000000000012,4.49999999999995,-91.3951812405652,-49.9806165882745,4.07433388775495,-227.805884776953,1.63255,1.63175,32657,"2026_01_13_0001","2026_01_13_0001_ev00021_rec0","no",229883
22,0,1.6988,-89.7286552171831,-102.000528834557,-12.2718736173739,1.00000000000011,3.20000000000009,3.05,-89.405522678156,-10.8435297531587,3.81215902812391,-41.781242863781,1.6984,1.6974,33976,"2026_01_13_0001","2026_01_13_0001_ev00022_rec0","no",229884
23,0,1.73755,-87.0207309948037,-104.497760243271,-17.4770292484672,4.45000000000007,10.1,14.2,-87.082798347433,-13.6151450726375,18.8417193119869,-256.555783232015,1.7372,1.73265,34751,"2026_01_13_0001","2026_01_13_0001_ev00023_rec0","no",229885
24,0,1.85365,-90.6289792248075,-99.9516006183024,-9.32262139349491,0.299999999999967,0.699999999999923,0.700000000000145,-88.868205969494,-8.00091962284594,1.62379018347883,36.2752760652657,1.85365,1.85325,37073,"2026_01_13_0001","2026_01_13_0001_ev00024_rec0","no",229886
25,0,1.8841,-89.0218062689987,-102.959287928261,-13.937481659262,1.15000000000021,18.8000000000001,11.2999999999999,-253871.741735251,253780.79176821,889930.637365951,-204.482429547147,1.8836,1.88245,37682,"2026_01_13_0001","2026_01_13_0001_ev00025_rec0","no",229887
26,0,1.90575,-88.2706105817004,-106.127076295347,-17.8564657136465,2,10.3,11.35,-86.1979300415348,-19.3826083706035,14.1411733008737,-221.518177312771,1.9047,1.9025,38115,"2026_01_13_0001","2026_01_13_0001_ev00026_rec0","no",229888
27,0,1.9773,-89.5089311308533,-97.5909225191708,-8.08199138831753,0.850000000000017,3.20000000000009,2.55000000000005,-87.6828288881953,-8.58514333026651,4.4409699135376,1.29213625411381,1.9759,1.9749,39546,"2026_01_13_0001","2026_01_13_0001_ev00027_rec0","no",229889
28,0,2.029,-93.487568216159,-113.868757728592,-20.3811895124326,2.45000000000006,7.50000000000028,5.70000000000004,-86.5325125632591,-27.0984962480685,9.07543908388674,-124.548821772707,2.02215,2.01925,40580,"2026_01_13_0001","2026_01_13_0001_ev00028_rec0","no",229890
29,0,2.1488,-90.648908207232,-102.348287393311,-11.6993791860786,0.799999999999912,1.70000000000003,2.09999999999999,-87.2016332493508,-11.8617294986825,4.95029485732868,33.5376571865113,2.1481,2.14705,42976,"2026_01_13_0001","2026_01_13_0001_ev00029_rec0","no",229891
30,0,2.29665,-90.6956395559696,-100.16262595654,-9.4669864005707,0.399999999999956,0.14999999999965,0.150000000000095,-88.3767170264753,-5.99371767793629,5.4082132749377,35.2019776419328,2.29665,2.2962,45933,"2026_01_13_0001","2026_01_13_0001_ev00030_rec0","no",229892
31,0,2.46995,-88.1223234464032,-98.7966305949212,-10.674307148518,0.750000000000028,4.14999999999965,4.59999999999994,-90.411412342892,-6.59780418581104,3.34488234813616,-116.628631250367,2.4683,2.46645,49399,"2026_01_13_0001","2026_01_13_0001_ev00031_rec0","no",229893
32,0,2.57645,-87.2144713486549,-98.1873361119769,-10.972864763322,1.45000000000017,3.75000000000014,3.69999999999981,-87.625784684126,-8.12335495016208,4.59884745692125,-65.820017206083,2.57605,2.57455,51529,"2026_01_13_0001","2026_01_13_0001_ev00032_rec0","no",229894
33,0,2.6331,-90.1057737816342,-99.2551350260785,-9.14936124444426,0.55000000000005,1.05000000000022,0.950000000000006,-87.986653550033,-8.62346368256606,2.12584629081877,40.0508060399604,2.63295,2.632,52662,"2026_01_13_0001","2026_01_13_0001_ev00033_rec0","no",229895
34,0,2.75135,-89.2725217045711,-95.1689696052261,-5.89644790065503,0.850000000000239,3.15000000000021,2.84999999999958,-89.8913537786662,-6.97091294845597,1.91878210963895,-40.165339851565,2.751,2.75015,55027,"2026_01_13_0001","2026_01_13_0001_ev00034_rec0","no",229896
35,0,2.79575,-89.6603060043297,-112.241914878803,-22.5816088744736,2.40000000000018,8.70000000000015,6.94999999999979,-88.7130959754187,-22.6201520538001,7.81719775376368,-227.309413269013,2.79365,2.7912,55915,"2026_01_13_0001","2026_01_13_0001_ev00035_rec0","no",229897
36,0,2.85165,-90.4710789414972,-105.653526205086,-15.1824472635887,0.55000000000005,4,4.1500000000001,-90.8336978909582,-19.5966983249533,3.16896375251508,-90.3659425267408,2.85105,2.85005,57033,"2026_01_13_0001","2026_01_13_0001_ev00036_rec0","no",229898
37,0,2.95585,-91.9358542182284,-98.5218728499678,-6.58601863173941,0.750000000000028,0.300000000000189,0.0499999999998835,-89.0447598458918,-5.37261290075412,8.76238075225116,37.7940772695465,2.9557,2.9547,59117,"2026_01_13_0001","2026_01_13_0001_ev00037_rec0","no",229899
38,0,3.0649,-94.3608559152244,-108.551369689733,-14.1905137745083,0.55000000000005,3.15000000000021,3.29999999999986,-89.8929157160135,-21.4597525458622,4.17715172743875,33.6840103703931,3.06445,3.0639,61298,"2026_01_13_0001","2026_01_13_0001_ev00038_rec0","no",229900
39,0,3.12445,-89.4656474682676,-98.4163660696195,-8.95071860135188,0.750000000000028,8.75000000000004,5.90000000000002,-88.002494123898,-10.9584694595347,7.12374637961017,-110.018529195186,3.1155,3.1143,62489,"2026_01_13_0001","2026_01_13_0001_ev00039_rec0","no",229901
40,0,3.21235,-90.9517545447836,-122.118954034179,-31.1671994893954,1.64999999999971,3.14999999999976,3.24999999999998,-89.4515065623187,-28.6397333637436,4.12501076068804,-102.832783838574,3.2121,3.2104,64247,"2026_01_13_0001","2026_01_13_0001_ev00040_rec0","no",229902
41,0,3.2696,-86.8284253470457,-99.3577177096903,-12.5292923626446,1.19999999999987,5.00000000000034,5.70000000000004,-88.3430158097934,-11.6629209947842,4.33339557218149,-110.462497233471,3.26915,3.2678,65392,"2026_01_13_0001","2026_01_13_0001_ev00041_rec0","no",229903
42,0,3.30595,-86.6358514543706,-90.5999059689204,-3.96405451454973,0.99999999999989,30.3499999999999,29.9999999999998,-89.2801767025263,-3.04194514766417,2.25178418389748,-95.7497041794712,3.3056,3.3046,66119,"2026_01_13_0001","2026_01_13_0001_ev00042_rec0","no",229904
43,0,3.34175,-91.973780105804,-104.756694908035,-12.7829148022312,1.84999999999969,2.15000000000032,1.30000000000008,-90.3250048984045,-10.4468134740025,2.58762631689936,3.63363324037816,3.3405,3.3386,66835,"2026_01_13_0001","2026_01_13_0001_ev00043_rec0","no",229905
44,0,3.48665,-90.0470852489806,-101.612696037968,-11.5656107889878,1.70000000000003,4.39999999999996,5.40000000000029,-87.2571862511093,-13.1930675137965,8.64502588694875,-38.8418007933834,3.4866,3.4848,69733,"2026_01_13_0001","2026_01_13_0001_ev00044_rec0","no",229906
45,0,3.54955,-89.3856113115244,-107.417461621592,-18.0318503100674,2.14999999999987,3.14999999999976,3.80000000000003,-92.6154207212528,-12.7927323862942,2.8975558488132,-163.690002757128,3.5493,3.5464,70991,"2026_01_13_0001","2026_01_13_0001_ev00045_rec0","no",229907
46,0,3.57865,-94.8237919674784,-99.1941445788741,-4.37035261139565,0.0500000000003276,0.249999999999861,0.150000000000095,-85.6136957991017,-10.9091157322425,16.6343511105039,122.89263925902,3.5784,3.57835,71573,"2026_01_13_0001","2026_01_13_0001_ev00046_rec0","no",229908
47,0,3.62215,-87.656273030602,-111.670219202925,-24.0139461723235,0.299999999999745,6.09999999999999,6.95000000000023,-89.078467279243,-22.0934389048505,6.39851238975309,-211.037070531896,3.6212,3.62055,72443,"2026_01_13_0001","2026_01_13_0001_ev00047_rec0","no",229909
48,0,3.6521,-89.0730752956507,-91.9355485430638,-2.86247324741313,0,30.3,29.9999999999998,-15170.5406879869,15081.5702829035,416392.2998508,-14.4533176352516,3.6518,3.65175,73042,"2026_01_13_0001","2026_01_13_0001_ev00048_rec0","no",229910
49,0,3.67575,-92.0384648604395,-95.3580334944274,-3.31956863398788,0.150000000000095,15.0000000000001,13.9,-145655.088358819,145568.91229112,285569.805564513,-53.9405066132843,3.67575,3.67545,73515,"2026_01_13_0001","2026_01_13_0001_ev00049_rec0","no",229911
50,0,3.6987,-90.7749954215877,-111.819579166175,-21.0445837445877,3.05,6.34999999999986,6.49999999999995,-85.3666826689889,-20.8972426760822,14.1761453262419,-136.611665880751,3.6985,3.69545,73974,"2026_01_13_0001","2026_01_13_0001_ev00050_rec0","no",229912
51,0,3.7418,-90.6927295884194,-121.709288591025,-31.0165590026053,0.850000000000239,7.35000000000019,9.74999999999992,-95.6805954770003,-28.4441402791418,6.59934641869391,-365.625108511535,3.7415,3.7398,74836,"2026_01_13_0001","2026_01_13_0001_ev00051_rec0","no",229913
52,0,3.7923,-90.225698901306,-93.7452556027214,-3.51955670141547,0.299999999999745,0.249999999999861,0.300000000000189,-89.9708718393093,-1.89270853578394,1.47125966932612,3.72912643813437,3.7923,3.792,75846,"2026_01_13_0001","2026_01_13_0001_ev00052_rec0","no",229914
53,0,3.8174,-85.6660187133211,-91.9404897031966,-6.27447098987547,1.05000000000022,5.84999999999969,1.19999999999987,-71417.5522131655,71329.8605126051,284826.09109364,-184.203420418845,3.81695,3.8159,76348,"2026_01_13_0001","2026_01_13_0001_ev00053_rec0","no",229915
54,0,3.83845,-90.1651276907557,-99.1592927166543,-8.99416502589861,0.900000000000123,5.44999999999973,6.40000000000018,-87.5503087351234,-12.142023524921,8.925205390236,-35.0709026775322,3.83795,3.83705,76769,"2026_01_13_0001","2026_01_13_0001_ev00054_rec0","no",229916
55,0,3.9037,-87.9976862720661,-104.611924947972,-16.6142386759054,0.500000000000167,2.00000000000022,3.34999999999974,-88.4749716107279,-10.1683549269798,5.70902554188026,-79.0840379529942,3.90355,3.90295,78074,"2026_01_13_0001","2026_01_13_0001_ev00055_rec0","no",229917
56,0,3.96465,-89.3145478055579,-116.536500427904,-27.2219526223462,1.74999999999992,10.0500000000001,10.9999999999997,-88.8404011493424,-33.894007741605,9.41832319901182,-345.114372239896,3.9638,3.962,79293,"2026_01_13_0001","2026_01_13_0001_ev00056_rec0","no",229918
57,0,3.99905,-91.6150991243156,-99.607013529539,-7.99191440522341,0.199999999999534,5.24999999999931,4.05000000000033,-89.560714042491,-11.8596772581274,4.70894536264659,-13.4891790579749,3.9978,3.9963,79981,"2026_01_13_0001","2026_01_13_0001_ev00057_rec0","no",229919
58,0,4.15955,-91.2662306284147,-109.080263796619,-17.814033168204,1.49999999999917,11.1500000000007,17.0500000000002,-97.0408042000706,-13.8989663179074,6.02313546327634,-298.451916747146,4.1581,4.1564,83191,"2026_01_13_0001","2026_01_13_0001_ev00058_rec0","no",229920
59,0,4.1777,-101.147171447763,-104.25065157809,-3.10348013032723,0.0499999999998835,0.199999999999534,0.449999999999839,-88.5022082432006,-14.3205326320625,11.6259629448936,224.193060430185,4.1774,4.17735,83554,"2026_01_13_0001","2026_01_13_0001_ev00059_rec0","no",229921
60,0,4.2534,-88.5668911495105,-108.403333926233,-19.836442776723,1.74999999999947,9.90000000000002,12.3499999999996,-81.5906871162314,-24.099372463473,23.7283979943846,-225.25952291275,4.2533,4.25155,85068,"2026_01_13_0001","2026_01_13_0001_ev00060_rec0","no",229922
61,0,4.28975,-92.8769397322808,-100.669369729352,-7.79242999707087,1.54999999999994,4.10000000000021,3.64999999999949,-89.8814819051551,-9.05291787748899,8.46489804146771,4.78918406592136,4.2893,4.28775,85795,"2026_01_13_0001","2026_01_13_0001_ev00061_rec0","no",229923
62,0,4.65235,-91.1030559699305,-119.656785362163,-28.5537293922324,4.04999999999944,8.89999999999969,6.25000000000053,-90.2802637348744,-32.576534372811,5.92467864045313,-265.884559120892,4.6516,4.64735,93047,"2026_01_13_0001","2026_01_13_0001_ev00062_rec0","no",229924
63,0,4.7594,-92.464561858109,-113.358861018365,-20.8942991602559,4.99999999999989,8.00000000000001,5.2500000000002,-89.6885420792079,-22.693723434698,6.83745452925099,-144.063900141845,4.7587,4.752,95188,"2026_01_13_0001","2026_01_13_0001_ev00063_rec0","no",229925
64,0,4.79815,-93.6597383560283,-103.806652749095,-10.146914393067,1.54999999999994,5.30000000000008,4.55000000000005,-87.4820442871555,-16.974188379853,8.45505805103362,28.1051669736439,4.7976,4.79555,95963,"2026_01_13_0001","2026_01_13_0001_ev00064_rec0","no",229926
65,0,4.8672,-92.2688911940902,-109.536855435588,-17.2679642414976,2.60000000000016,5.39999999999985,6.3500000000003,-96.3536579581336,-12.3941866199587,3.77278153076784,-196.835526528741,4.867,4.86405,97344,"2026_01_13_0001","2026_01_13_0001_ev00065_rec0","no",229927
66,0,4.88525,-92.9133328284571,-108.540797881638,-15.627465053181,1.25000000000064,3.24999999999953,3.15000000000065,-93.3482616967374,-15.6087030840005,2.95836901521196,-75.5415351876639,4.885,4.88365,97705,"2026_01_13_0001","2026_01_13_0001_ev00066_rec0","no",229928
67,0,4.90575,-91.6635762397283,-96.3812890093964,-4.71771276966808,0.250000000000306,4.95000000000001,4.35000000000052,-91.6996530526616,-9.00760551538937,2.63100603064551,-33.7309871862962,4.90475,4.90425,98115,"2026_01_13_0001","2026_01_13_0001_ev00067_rec0","no",229929
68,0,5.03915,-90.1479428244694,-106.914673707873,-16.7667308834031,3.5999999999996,6.30000000000042,6.25000000000053,-85.3108925136137,-19.7418905751761,10.7363080560177,-101.563059394127,5.03885,5.0346,100783,"2026_01_13_0001","2026_01_13_0001_ev00068_rec0","no",229930
69,0,5.08825,-88.5710279288713,-105.304320407216,-16.733292478345,2.34999999999985,5.85000000000058,4.75000000000048,-89.5973513492553,-10.8882063162882,6.38537216031066,-168.133468619509,5.08475,5.08215,101765,"2026_01_13_0001","2026_01_13_0001_ev00069_rec0","no",229931
70,0,5.1325,-90.9738059988618,-97.0334862819144,-6.05968028305256,0.14999999999965,1.64999999999971,2.2000000000002,-88.5895794135442,-7.36313276117983,4.78532815150794,35.0620758640399,5.1324,5.13225,102650,"2026_01_13_0001","2026_01_13_0001_ev00070_rec0","no",229932
71,0,5.19665,-90.7615910852027,-123.158356659771,-32.3967655745685,1.85000000000013,8.75000000000004,9.55000000000084,-86.2991083593771,-39.8749781330544,10.7670299136481,-321.097014611574,5.1961,5.1942,103933,"2026_01_13_0001","2026_01_13_0001_ev00071_rec0","no",229933
72,0,5.2393,-91.5256237456226,-100.392659524137,-8.86703577851453,0.199999999999534,2.04999999999966,2.2000000000002,-91.2827189659908,-8.33634770397911,2.54906547934286,-22.8087158703657,5.23815,5.2378,104786,"2026_01_13_0001","2026_01_13_0001_ev00072_rec0","no",229934
73,0,5.2627,-93.8343655022653,-97.7695118426882,-3.9351463404229,0.200000000000422,0.150000000000539,0,-89.9845892586269,-3.01728107512129,5.85862463689036,97.2424251423754,5.2627,5.2625,105254,"2026_01_13_0001","2026_01_13_0001_ev00073_rec0","no",229935
74,0,5.3056,-89.2880250276123,-115.795149833977,-26.5071248063644,1.24999999999975,8.60000000000039,9.35000000000041,-90.3067159289975,-27.2204893719638,8.25488241778843,-299.265870397572,5.30445,5.3031,106112,"2026_01_13_0001","2026_01_13_0001_ev00074_rec0","no",229936
75,0,5.3644,-89.7927155276971,-106.168501002967,-16.37578547527,0.750000000000028,3.45000000000084,26.8999999999995,-97.7576459384592,-10.9476240583006,0.768305126212392,-265.255539710318,5.3636,5.36285,107288,"2026_01_13_0001","2026_01_13_0001_ev00075_rec0","no",229937
76,0,5.3827,-93.1659000131873,-107.680446209721,-14.5145461965337,0.799999999999912,9.00000000000034,9.44999999999929,-79.7766985956134,-27.2078709755579,25.4082994554693,-100.981129225972,5.38095,5.37975,107654,"2026_01_13_0001","2026_01_13_0001_ev00076_rec0","no",229938
77,0,5.4302,-89.6483266486248,-95.5153306575372,-5.86700400891242,0.0499999999998835,0.0999999999997669,0,-88.0673305166011,-3.30449064042084,4.53063535446807,31.4047342968708,5.43005,5.4299,108604,"2026_01_13_0001","2026_01_13_0001_ev00077_rec0","no",229939
78,0,5.5266,-90.0454260390367,-131.994798237706,-41.9493721986692,2.10000000000043,7.10000000000033,7.60000000000005,-90.5826228971794,-46.0457036008661,6.7719481550887,-391.607968795325,5.52605,5.52385,110532,"2026_01_13_0001","2026_01_13_0001_ev00078_rec0","no",229940
79,0,5.55185,-89.2752739460689,-103.442332362096,-14.1670584160269,0.500000000000611,1.54999999999994,2.2499999999992,-91.6442607273534,-8.65211608618694,2.05428745664101,-93.3439609168849,5.55185,5.55125,111037,"2026_01_13_0001","2026_01_13_0001_ev00079_rec0","no",229941
80,0,5.5895,-94.1534225874008,-100.862489642381,-6.7090670549801,0.14999999999965,5.2500000000002,4.99999999999989,-89.4041654411452,-13.6657093125858,7.85899826498897,28.3431207797222,5.5883,5.588,111790,"2026_01_13_0001","2026_01_13_0001_ev00080_rec0","no",229942
81,0,5.66445,-89.8269667555534,-130.177544636261,-40.3505778807073,2.34999999999985,8.24999999999942,8.39999999999996,-96.0107129746876,-33.8106918387496,6.22273604514502,-507.026412496145,5.6629,5.65965,113289,"2026_01_13_0001","2026_01_13_0001_ev00081_rec0","no",229943
82,0,5.69545,-96.0042638502456,-112.002466116077,-15.9982022658318,2.25000000000009,8.79999999999992,7.70000000000071,-90.1856785230781,-24.3487207630157,10.5703264603791,-108.266827594597,5.69455,5.6923,113909,"2026_01_13_0001","2026_01_13_0001_ev00082_rec0","no",229944
83,0,5.7474,-96.4026858247249,-99.3080788039709,-2.90539297924599,0.449999999999839,0.300000000000189,0,-90.1092354913326,-5.83096925978044,6.50800185354852,149.434029331269,5.7465,5.746,114948,"2026_01_13_0001","2026_01_13_0001_ev00083_rec0","no",229945
84,0,5.80935,-91.2302587908095,-104.848098082133,-13.6178392913238,2.34999999999985,12.2499999999999,9.50000000000006,-425757.928528239,425676.100553939,280315.948309,-428.660123230882,5.80885,5.8056,116187,"2026_01_13_0001","2026_01_13_0001_ev00084_rec0","no",229946
85,0,5.8352,-87.031139230776,-151.472762178853,-64.4416229480766,3.00000000000011,9.44999999999929,9.00000000000034,-87.0934367205792,-64.5127065813644,8.99359976627965,-743.64660223757,5.83395,5.83085,116704,"2026_01_13_0001","2026_01_13_0001_ev00085_rec0","no",229947
86,0,5.9379,-87.8231156129054,-102.327266930475,-14.5041513175694,2.95000000000023,12.1000000000002,8.05000000000078,-258068.82506884,257980.204743669,453303.901169171,-322.514264665735,5.93585,5.93285,118758,"2026_01_13_0001","2026_01_13_0001_ev00086_rec0","no",229948
87,0,5.9619,-88.9352745587126,-114.861904956317,-25.9266303976041,1.69999999999959,8.09999999999977,7.24999999999998,-91.6438558743324,-24.0709579664983,5.78651794363696,-290.820810478422,5.96,5.9581,119238,"2026_01_13_0001","2026_01_13_0001_ev00087_rec0","no",229949
88,0,6.05105,-92.2678636824734,-107.187391827476,-14.9195281450021,2.74999999999981,6.99999999999967,5.55000000000039,-88.6014218998592,-18.5206268858768,7.91106554431271,-74.8779681548442,6.0506,6.0477,121021,"2026_01_13_0001","2026_01_13_0001_ev00088_rec0","no",229950
89,0,6.16805,-99.8101647355578,-107.006366241877,-7.19620150631904,0.0499999999998835,1.45000000000017,2.10000000000043,-89.7609642469464,-15.4563313195998,10.6273987649282,144.000090672275,6.1678,6.16725,123361,"2026_01_13_0001","2026_01_13_0001_ev00089_rec0","no",229951
90,0,6.21085,-90.6656795378279,-95.558803513807,-4.89312397597912,0.200000000000422,15.1500000000002,13.9999999999993,-689009.692979232,688925.773874658,1125826.00107077,-73.2408572926199,6.21085,6.21065,124217,"2026_01_13_0001","2026_01_13_0001_ev00090_rec0","no",229952
91,0,6.2375,-93.5015137945301,-117.356143684835,-23.8546298903046,1.19999999999987,3.05,3.19999999999965,-89.5653760344427,-26.3149845605483,4.39564273546196,-14.9423095671937,6.23745,6.23615,124750,"2026_01_13_0001","2026_01_13_0001_ev00091_rec0","no",229953
92,0,6.284,-87.4997203915326,-100.348623689426,-12.8489032978933,2.84999999999958,7.29999999999986,5.99999999999934,-89.6822645752391,-10.5685741705494,4.2547324971536,-161.589003451058,6.2827,6.2795,125680,"2026_01_13_0001","2026_01_13_0001_ev00092_rec0","no",229954
93,0,6.3915,-88.5429258760753,-97.2914386664474,-8.74851279037217,1.64999999999971,4.10000000000021,4.99999999999989,-88.9443438893404,-8.87044271210549,4.40103857632839,-62.7855552561926,6.3913,6.38945,127830,"2026_01_13_0001","2026_01_13_0001_ev00093_rec0","no",229955
94,0,6.49845,-86.5843416251914,-99.982920324847,-13.3985786996556,0.999999999999446,16.8499999999998,18.6000000000002,-89.6099013224851,-14.4175556166474,9.26293323473707,-284.269554375772,6.495,6.494,129969,"2026_01_13_0001","2026_01_13_0001_ev00094_rec0","no",229956
95,0,6.5526,-91.2877457616081,-95.6289104477246,-4.34116468611653,0.299999999999301,0.549999999999606,0.550000000000495,-88.4301154145232,-7.20017680419561,1.09961578979499,76.9378007645873,6.5526,6.5523,131052,"2026_01_13_0001","2026_01_13_0001_ev00095_rec0","no",229957
96,0,6.65815,-87.107002924893,-106.486676656823,-19.3796737319298,0.550000000000495,6.85000000000002,14.1499999999999,-94.1843287262995,-19.6462457441448,2.64236756896508,-299.843723913823,6.6567,6.6559,133163,"2026_01_13_0001","2026_01_13_0001_ev00096_rec0","no",229958
97,0,6.67425,-95.3157995019402,-107.524175629285,-12.2083761273446,0.750000000000028,0.700000000000145,0,-86.0322711843442,-11.9096841547939,17.9987135492292,97.8861491728536,6.6741,6.67295,133485,"2026_01_13_0001","2026_01_13_0001_ev00097_rec0","no",229959
98,0,6.7525,-87.6475993825,-102.864468002693,-15.2168686201929,0.59999999999949,9.4000000000003,7.64999999999993,-90.630044684865,-8.83342285596779,6.36127020937425,-203.521078052785,6.7473,6.7467,135050,"2026_01_13_0001","2026_01_13_0001_ev00098_rec0","no",229960
99,0,6.8294,-91.7116464999587,-122.611955209588,-30.9003087096291,2.69999999999992,5.30000000000008,4.29999999999975,-93.5143029827092,-25.4791839655291,4.43383252099248,-225.731128885481,6.82925,6.82585,136588,"2026_01_13_0001","2026_01_13_0001_ev00099_rec0","no",229961
100,0,6.8555,-91.2353994019831,-105.644300613637,-14.4089012116539,0.849999999999795,2.00000000000067,1.64999999999971,-90.7381129852877,-11.0901063030603,2.55245082311012,-25.0635753508112,6.855,6.8541,137110,"2026_01_13_0001","2026_01_13_0001_ev00100_rec0","no",229962
101,0,6.89835,-90.952464833518,-110.530315641831,-19.577850808313,7.10000000000033,11.8999999999998,29.9999999999994,-99.4488984389718,-9.65427518285869,2.52419485048126,-403.329950347429,6.893,6.88585,137967,"2026_01_13_0001","2026_01_13_0001_ev00101_rec0","no",229963
102,0,6.9228,-95.4172721785699,-107.979533767904,-12.5622615893341,1.45000000000017,4.50000000000017,4.24999999999986,-91.6374923755391,-18.1746924484219,5.53261832269514,-2.91993286465505,6.9226,6.92115,138456,"2026_01_13_0001","2026_01_13_0001_ev00102_rec0","no",229964
103,0,7.06415,-95.2084560704356,-108.505168889209,-13.2967128187735,4.05000000000033,3.05,3.19999999999965,-89.6447549922256,-16.4559246719454,7.1194474290302,28.6847283477199,7.06395,7.0579,141283,"2026_01_13_0001","2026_01_13_0001_ev00103_rec0","no",229965
104,0,7.16275,-91.2183130212102,-113.018832111576,-21.8005190903653,0.600000000000378,8.60000000000039,12.1500000000001,122978.24477389,-123085.381773738,190304.435631018,-206.748412781952,7.1621,7.1612,143255,"2026_01_13_0001","2026_01_13_0001_ev00104_rec0","no",229966
105,0,7.21255,-90.8295935233118,-111.289343968253,-20.4597504449417,2.15000000000032,4.45000000000029,4.1500000000001,-91.8556226411484,-16.3892265628935,4.54186108362645,-139.23669617871,7.21205,7.20955,144251,"2026_01_13_0001","2026_01_13_0001_ev00105_rec0","no",229967
106,0,7.5035,-95.8549793595496,-120.455252190753,-24.6002728312031,3.45000000000084,5.65000000000015,4.1500000000001,-88.3749484730838,-28.0285975616394,7.93998730665685,-50.6731943526826,7.502,7.49755,150070,"2026_01_13_0001","2026_01_13_0001_ev00106_rec0","no",229968
107,0,7.569,-88.1719592484915,-100.383065537188,-12.2111062886964,2.69999999999992,7.80000000000047,7.50000000000028,-88.2291355140779,-10.0232682812169,9.24808795644986,-113.394883394622,7.56885,7.56565,151380,"2026_01_13_0001","2026_01_13_0001_ev00107_rec0","no",229969
108,0,7.6019,-88.4813586512843,-102.57374279642,-14.0923841451362,1.74999999999947,5.09999999999966,7.4999999999994,-85.3939844018688,-11.8663023604881,20.9412861071778,-122.289310469218,7.60065,7.59865,152038,"2026_01_13_0001","2026_01_13_0001_ev00108_rec0","no",229970
109,0,7.6676,-89.9912533690095,-106.260238714225,-16.2689853452152,1.90000000000001,5.35000000000085,5.49999999999962,-90.556226536586,-18.04596274359,4.57790567109585,-130.284921659684,7.66685,7.6649,153352,"2026_01_13_0001","2026_01_13_0001_ev00109_rec0","no",229971
110,0,7.75485,-90.9453311777244,-100.07886794288,-9.13353676515592,3.44999999999995,6.80000000000014,5.14999999999954,-88.2699909653731,-8.59553472504409,14.6489349344058,-59.1730514877541,7.7547,7.75025,155097,"2026_01_13_0001","2026_01_13_0001_ev00110_rec0","no",229972
111,0,7.7988,-89.0225671010877,-111.080307137166,-22.0577400360783,2.65000000000004,9.84999999999925,8.39999999999996,-89.3876610075712,-20.8597997705472,8.5373460071929,-268.502364028394,7.7967,7.794,155976,"2026_01_13_0001","2026_01_13_0001_ev00111_rec0","no",229973
112,0,7.91905,-92.01192817805,-99.9886910360598,-7.97676285800978,0.449999999999839,0.0499999999998835,0.650000000000261,-87.9989339804622,-7.30871084596093,13.865590372132,28.5857337932316,7.91905,7.9186,158381,"2026_01_13_0001","2026_01_13_0001_ev00112_rec0","no",229974
113,0,7.9816,-90.634291633211,-130.444704381012,-39.8104127478011,2.84999999999958,9.05000000000022,8.54999999999961,-86.2702103194332,-45.4440293743586,9.84836320854502,-390.41946688493,7.98095,7.978,159632,"2026_01_13_0001","2026_01_13_0001_ev00113_rec0","no",229975
114,0,8.05455,-100.01230368757,-122.108138507826,-22.095834820256,1.45000000000017,6.3999999999993,5.85000000000058,-88.5405359623428,-36.5951536310335,9.36592162328467,-21.7109919480922,8.05365,8.0491,161091,"2026_01_13_0001","2026_01_13_0001_ev00114_rec0","no",229976
115,0,8.09205,-100.344520283932,-109.638192184419,-9.29367190048724,2.74999999999892,1.84999999999924,0,-90.1176054966036,-13.0098501528598,8.89926426213969,188.55862979709,8.09205,8.08865,161841,"2026_01_13_0001","2026_01_13_0001_ev00115_rec0","no",229977
116,0,8.2105,-95.541192896191,-134.225822225953,-38.6846293297619,2.39999999999974,7.79999999999959,7.29999999999897,-91.6906729971035,-36.3824769016519,10.5413619253202,-356.159848079461,8.20865,8.20605,164210,"2026_01_13_0001","2026_01_13_0001_ev00116_rec0","no",229978
117,0,8.25165,-89.9815312634818,-93.3739983708456,-3.39246710736379,0.400000000000844,18.8000000000006,23.6499999999999,-90.4986859483009,-4.86223830085348,12.5425868713932,-77.1040584806678,8.2509,8.2505,165033,"2026_01_13_0001","2026_01_13_0001_ev00117_rec0","no",229979
118,0,8.36545,-98.6694300737906,-104.439036858467,-5.76960678467616,0.950000000001339,4.15000000000099,1.04999999999933,-90.4985671034999,-11.9722031458416,7.00976413100776,135.295146054408,8.3651,8.35735,167309,"2026_01_13_0001","2026_01_13_0001_ev00118_rec0","no",229980
119,0,8.4184,-89.6773972372387,-107.367542421317,-17.6901451840787,1.1499999999991,13.2500000000011,5.24999999999842,-227536.700913372,227442.629633575,553315.404819923,-355.288946692287,8.41675,8.41545,168368,"2026_01_13_0001","2026_01_13_0001_ev00119_rec0","no",229981
120,0,8.4435,-92.3959009671205,-121.989962330633,-29.5940613635124,1.45000000000017,8.95000000000046,9.75000000000037,-83.2804589336286,-36.9822631288607,15.9477366178272,-281.614886928115,8.4421,8.44055,168870,"2026_01_13_0001","2026_01_13_0001_ev00120_rec0","no",229982
121,0,8.48755,-93.4791594949074,-99.3338367280532,-5.85467723314574,0.299999999999301,30.2000000000007,28.2499999999999,-77592.1306471453,77500.6028112929,531461.039065754,-8.42344778959887,8.48755,8.48715,169751,"2026_01_13_0001","2026_01_13_0001_ev00121_rec0","no",229983
122,0,8.5088,-89.8547701135714,-105.578579860144,-15.7238097465723,1.30000000000052,5.34999999999997,7.60000000000005,-90.4547456556625,-11.5103281615465,9.62652831300769,-136.836282489005,8.5087,8.5074,170176,"2026_01_13_0001","2026_01_13_0001_ev00122_rec0","no",229984
123,0,8.5608,-87.6948896638445,-113.255926494935,-25.5610368310908,2.2000000000002,8.3000000000002,16.350000000001,-96.7299403536028,-16.2188998406795,4.47908169686897,-383.527223388376,8.56065,8.5582,171216,"2026_01_13_0001","2026_01_13_0001_ev00123_rec0","no",229985
124,0,8.5886,-93.8157810943784,-107.722858831144,-13.9070777367652,0.900000000001455,4.24999999999898,4.09999999999933,-88.5665030528431,-16.5297413105131,8.83329349531965,-0.633122848226414,8.5877,8.58675,171772,"2026_01_13_0001","2026_01_13_0001_ev00124_rec0","no",229986
125,0,8.70185,-88.1335592986182,-97.6553403114578,-9.52178101283968,1.45000000000017,9.90000000000002,12.3500000000014,-88.8800371983783,-10.013465109038,9.61607830425722,-125.683919227243,8.7015,8.70005,174037,"2026_01_13_0001","2026_01_13_0001_ev00125_rec0","no",229987
126,0,8.76705,-92.5405863457691,-94.6568454442102,-2.11625909844112,0.650000000000261,30.5999999999997,29.9999999999994,-6385.53057614369,6295.09134158541,259052.112353748,51.1173343677327,8.76705,8.7664,175341,"2026_01_13_0001","2026_01_13_0001_ev00126_rec0","no",229988
127,0,8.8404,-89.522743040178,-107.634313371699,-18.1115703315214,4.4000000000004,7.95000000000101,6.94999999999979,-91.3684770037305,-13.8153896463088,6.63237963465448,-204.699593835828,8.83965,8.8349,176808,"2026_01_13_0001","2026_01_13_0001_ev00127_rec0","no",229989
128,0,8.89355,-89.9836020584176,-101.257492102091,-11.273890043673,0.849999999999795,3.05,1.74999999999947,-89.626012641242,-8.89993186168095,2.59396539985826,-33.8831314777039,8.8913,8.8903,177871,"2026_01_13_0001","2026_01_13_0001_ev00128_rec0","no",229990
129,0,9.0213,-91.6500239130513,-98.6020067409405,-6.9519828278892,1.45000000000017,5.70000000000093,4.99999999999901,-87.957422057097,-12.8680108377663,6.94437517489523,6.6639472537113,9.0208,9.01935,180426,"2026_01_13_0001","2026_01_13_0001_ev00129_rec0","no",229991
130,0,9.08965,-87.0053992868318,-115.783293931149,-28.777894644317,0.549999999998718,4.4000000000004,5.39999999999985,-90.530295056774,-23.6857209482727,4.50852976059533,-236.589949838405,9.08895,9.08835,181793,"2026_01_13_0001","2026_01_13_0001_ev00130_rec0","no",229992
131,0,9.124,-92.5956560768846,-105.02787389118,-12.4322178142956,3.35000000000107,5.00000000000078,3.75000000000014,-87.8480617032142,-15.0167090963453,7.93661050772961,-10.2325140327887,9.1235,9.12005,182480,"2026_01_13_0001","2026_01_13_0001_ev00131_rec0","no",229993
132,0,9.1654,-90.1503478131267,-93.0199852705219,-2.86963745739523,0.0999999999997669,10.5000000000004,10.5999999999984,-84.8074553444531,-10.0385031264207,23.5804256238903,-16.8677010682261,9.16345,9.16335,183308,"2026_01_13_0001","2026_01_13_0001_ev00132_rec0","no",229994
133,0,9.2688,-88.3054499351922,-108.754549566103,-20.4490996309111,1.50000000000006,7.14999999999932,8.3000000000002,-89.9430116348118,-17.29659791059,7.73529081904878,-208.822305703744,9.2678,9.26625,185376,"2026_01_13_0001","2026_01_13_0001_ev00133_rec0","no",229995
134,0,9.41935,-86.9700823236181,-108.582523273638,-21.61244095002,2.54999999999939,11.5500000000015,12.5499999999992,-89.2483249123104,-23.8635209858896,8.77601986505309,-342.477729292046,9.41755,9.4145,188387,"2026_01_13_0001","2026_01_13_0001_ev00134_rec0","no",229996
135,0,9.55245,-87.8860015906033,-126.95379724813,-39.0677956575269,3.89999999999979,8.70000000000104,7.1500000000011,-88.7697184457722,-35.6048271214395,7.43716220242327,-423.484118064634,9.55165,9.5475,191049,"2026_01_13_0001","2026_01_13_0001_ev00135_rec0","no",229997
136,0,9.5838,-90.4611271758182,-105.635974040169,-15.1748468643513,0.899999999999679,2.95000000000023,2.7500000000007,-90.4453734972573,-17.1630310028938,2.48862812786928,-54.3866642650347,9.5835,9.5826,191676,"2026_01_13_0001","2026_01_13_0001_ev00136_rec0","no",229998
137,0,9.646,-96.007149629568,-103.440267957352,-7.43311832778433,0.600000000000378,2.04999999999878,3.24999999999953,-75.6380559803404,-25.1358196220767,38.6237559788883,83.7852577093489,9.646,9.6454,192920,"2026_01_13_0001","2026_01_13_0001_ev00137_rec0","no",229999
138,0,9.7944,-89.8187197264766,-106.634086044296,-16.815366317819,1.64999999999971,5.20000000000032,4.4000000000004,-86.2183579057363,-17.8944821557694,7.33432790392493,-51.1140069859866,9.7931,9.7914,195888,"2026_01_13_0001","2026_01_13_0001_ev00138_rec0","no",230000
139,0,9.9305,-89.072498324995,-94.7734819870932,-5.70098366209811,0.14999999999965,20.5500000000001,18.3,-160432.039775613,160347.1163693,468677.757491926,-32.7691401886767,9.9297,9.9294,198610,"2026_01_13_0001","2026_01_13_0001_ev00139_rec0","no",230001
140,0,9.95745,-87.7020902824359,-104.459178884303,-16.7570886018674,1.70000000000137,8.05000000000078,8.35000000000008,-84.9753865722541,-16.3242273510977,13.8535567332891,-151.672036112791,9.9559,9.95415,199149,"2026_01_13_0001","2026_01_13_0001_ev00140_rec0","no",230002
141,0,10.19795,-87.3383945283436,-100.402824401855,-13.0644298735119,4.4000000000004,7.69999999999982,5.65000000000104,-87.320877030856,-8.14413148885839,10.9127579831917,-129.417782738095,10.19565,10.19105,203959,"2026_01_13_0001","2026_01_13_0001_ev00141_rec0","no",230003
142,0,10.35025,-86.5536571684338,-102.539054870605,-15.9853977021717,2.70000000000081,13.300000000001,5.64999999999927,-90.4226786749545,-12.3409919873549,3.14591156094373,-281.44289994921,10.3418,10.3386,207005,"2026_01_13_0001","2026_01_13_0001_ev00142_rec0","no",230004
143,0,10.37935,-88.486436753046,-102.539054870605,-14.0526181175595,1.00000000000122,3.89999999999979,4.6999999999997,-86.7748709842254,-14.2863656525551,6.49108061020894,-54.7605249677384,10.37905,10.37805,207587,"2026_01_13_0001","2026_01_13_0001_ev00143_rec0","no",230005
144,0,10.4275,-86.1322235834031,-129.08935546875,-42.9571318853469,1.84999999999924,8.69999999999926,8.80000000000081,-89.6376032060732,-42.0670307546079,7.17853380378397,-504.991808428083,10.4259,10.4238,208550,"2026_01_13_0001","2026_01_13_0001_ev00144_rec0","no",230006
145,0,10.4668,-88.6898872738793,-104.370109558105,-15.6802222842262,0.14999999999965,0.249999999999417,0.14999999999965,-86.9632391337062,-17.7675997309938,0.200115025562736,46.9661863781157,10.4668,10.46665,209336,"2026_01_13_0001","2026_01_13_0001_ev00145_rec0","no",230007
146,0,10.5071,-89.0531917753674,-103.454582214355,-14.4013904389881,1.45000000000017,3.65000000000038,4.64999999999982,-82.6490008755232,-15.8205378795262,15.4869207665834,-29.8563677469892,10.50695,10.5054,210142,"2026_01_13_0001","2026_01_13_0001_ev00146_rec0","no",230008
147,0,10.58845,-91.4074049450102,-133.97216796875,-42.5647630237398,0.849999999999795,3.45000000000084,3.54999999999883,-96.5697749903271,-45.2209275281273,2.45557417620359,-305.974698911395,10.588,10.58715,211769,"2026_01_13_0001","2026_01_13_0001_ev00147_rec0","no",230009
148,0,10.6113,-91.1603578839983,-118.103019714355,-26.9426618303571,1.24999999999886,28.5499999999992,15.1499999999984,-169627.765867411,169531.051351963,580857.700986845,-334.927150181361,10.6105,10.6092,212226,"2026_01_13_0001","2026_01_13_0001_ev00148_rec0","no",230010
149,0,10.6337,-100.591742742629,-115.356437683105,-14.7646949404762,0.300000000001077,3.75000000000014,3.39999999999918,-101.021822048319,-18.2071967588253,2.62823668746205,-77.3678873425438,10.63275,10.6316,212674,"2026_01_13_0001","2026_01_13_0001_ev00149_rec0","no",230011
150,0,10.66265,-94.7062098185221,-137.939453125,-43.2332433064779,1.04999999999933,3.95000000000145,5.90000000000046,-109.396146034278,-31.7546349679926,1.8474520816521,-544.021622085571,10.66235,10.6612,213253,"2026_01_13_0001","2026_01_13_0001_ev00150_rec0","no",230012
151,0,10.691,-109.398243858701,-115.966789245605,-6.56854538690476,0.899999999999679,2.25000000000009,2.10000000000043,-101.862317292343,-17.4572385977593,3.7519383762961,156.454177129836,10.6909,10.68975,213820,"2026_01_13_0001","2026_01_13_0001_ev00151_rec0","no",230013
152,0,10.73115,-99.0658638363793,-114.440910339355,-15.3750465029762,1.40000000000029,2.64999999999915,2.59999999999927,-96.9797447015059,-18.2193732668783,3.05900903890633,-6.72512962704611,10.7308,10.7292,214623,"2026_01_13_0001","2026_01_13_0001_ev00152_rec0","no",230014
153,0,10.776,-96.8715046473912,-114.746086120605,-17.8745814732143,0.550000000000495,30.5499999999999,29.9999999999994,-23323.8339219576,23225.3602362593,259559.853866365,-96.8987601143975,10.77565,10.7751,215520,"2026_01_13_0001","2026_01_13_0001_ev00153_rec0","no",230015
154,0,10.8083,-97.5109205700102,-129.69970703125,-32.1887864612398,4.74999999999959,8.75000000000092,6.09999999999999,-96.527547419857,-35.5567971007285,6.03748303206817,-295.626694125221,10.8076,10.80245,216166,"2026_01_13_0001","2026_01_13_0001_ev00154_rec0","no",230016
155,0,10.888,-101.652591886975,-126.953117370605,-25.3005254836309,1.94999999999901,7.84999999999947,3.6499999999986,-99.7494181812304,-26.8864880699364,4.19424768653511,-161.589123716808,10.8839,10.8817,217760,"2026_01_13_0001","2026_01_13_0001_ev00155_rec0","no",230017
156,0,10.92525,-107.814236232213,-109.863273620605,-2.04903738839286,0.0999999999997669,0.750000000000028,0.500000000000611,-97.7842763281681,-12.2846989407997,3.88037015411391,252.842494419643,10.925,10.9249,218505,"2026_01_13_0001","2026_01_13_0001_ev00156_rec0","no",230018
157,0,10.98125,-94.1685191563198,-97.9614181518555,-3.79289899553571,0.14999999999965,1.19999999999898,1.40000000000029,-94.1810754927185,-3.5258768428915,1.4802060952751,-6.16564069475428,10.9812,10.981,219625,"2026_01_13_0001","2026_01_13_0001_ev00157_rec0","no",230019
158,0,11.03065,-94.1975835164388,-134.58251953125,-40.3849360148112,4.14999999999921,5.80000000000069,5.69999999999915,-98.0667608435547,-27.7645483007081,6.21358220064517,-378.334051513672,11.03045,11.0262,220613,"2026_01_13_0001","2026_01_13_0001_ev00158_rec0","no",230020
159,0,11.08925,-93.6308284941174,-105.285636901855,-11.6548084077381,2.39999999999974,4.50000000000017,3.99999999999956,-95.1316682176323,-12.2738142838162,2.6973027819948,-94.6306501116074,11.0892,11.08675,221785,"2026_01_13_0001","2026_01_13_0001_ev00159_rec0","no",230021
160,0,11.10635,-98.8188167753674,-104.370109558105,-5.5512927827381,0.14999999999965,0.0999999999997669,0,-91.2635002071199,-6.98266833235803,9.55082512578646,162.738618396577,11.10635,11.1062,222127,"2026_01_13_0001","2026_01_13_0001_ev00160_rec0","no",230022
161,0,11.14635,-90.7970533825102,-104.675285339355,-13.8782319568452,1.1499999999991,5.2500000000002,6.05000000000011,-91.913775619673,-7.92087009814744,8.92103344355561,-130.242120651972,11.1445,11.14335,222927,"2026_01_13_0001","2026_01_13_0001_ev00161_rec0","no",230023
162,0,11.18945,-93.732553754534,-119.018547058105,-25.2859933035714,3.00000000000011,6.09999999999999,5.44999999999973,-94.4275666451077,-24.3468380613831,5.28275352255241,-213.534763881138,11.18825,11.1845,223789,"2026_01_13_0001","2026_01_13_0001_ev00162_rec0","no",230024
163,0,11.22535,-97.7724998110817,-110.473625183105,-12.7011253720238,0.0499999999998835,2.09999999999866,2.4999999999995,-92.7913872551708,-15.6941099206627,5.21007930611065,63.2186163039434,11.2251,11.2246,224507,"2026_01_13_0001","2026_01_13_0001_ev00163_rec0","no",230025
164,0,11.2666,-97.7143710908436,-108.642570495605,-10.9281994047619,1.35000000000041,6.94999999999979,2.65000000000093,-99.9208999793153,-12.8856799484284,1.36279048802512,-123.97947765532,11.2619,11.26025,225332,"2026_01_13_0001","2026_01_13_0001_ev00164_rec0","no",230026
165,0,11.2903,-100.693468003046,-107.421867370605,-6.72839936755952,0.499999999998835,1.74999999999947,1.54999999999994,-96.752654751987,-15.2153607929583,1.82263085718244,86.3567533947174,11.2903,11.2898,225806,"2026_01_13_0001","2026_01_13_0001_ev00165_rec0","no",230027
166,0,11.3076,-91.9305634271531,-115.966789245605,-24.0362258184524,0.949999999999562,2.34999999999985,2.85000000000046,-97.4900747958128,-17.1282731666793,1.73275089237679,-211.93368094308,11.3075,11.30645,226152,"2026_01_13_0001","2026_01_13_0001_ev00166_rec0","no",230028
167,0,11.3281,-93.1367343720936,-114.135734558105,-20.9990001860119,1.25000000000064,3.29999999999941,3.60000000000049,-97.2412557953442,-20.1949921200357,2.12092417127058,-185.740879603794,11.3278,11.3265,226562,"2026_01_13_0001","2026_01_13_0001_ev00167_rec0","no",230029
168,0,11.36325,-95.4909475417364,-117.492668151855,-22.0017206101191,0.549999999998718,3.55000000000061,3.55000000000061,-96.2508822435086,-25.5232929282258,2.87970087660559,-113.023303803944,11.3628,11.3622,227265,"2026_01_13_0001","2026_01_13_0001_ev00168_rec0","no",230030
169,0,11.3931,-91.843370346796,-114.135734558105,-22.2923642113095,2.2000000000002,5.50000000000139,4.6999999999997,-93.2314802664565,-21.7995772539146,4.08136295178826,-181.274777367001,11.3917,11.38945,227862,"2026_01_13_0001","2026_01_13_0001_ev00169_rec0","no",230031
170,0,11.434,-96.3192818051293,-100.402824401855,-4.08354259672619,0.0499999999998835,0.199999999999534,0.199999999999534,-95.1832398188784,-3.32272480577557,0.862105885381665,30.4598127092634,11.434,11.43375,228680,"2026_01_13_0001","2026_01_13_0001_ev00170_rec0","no",230032
171,0,11.4596,-96.2320887247721,-104.064933776855,-7.83284505208333,0.349999999999184,3.80000000000003,5.34999999999997,-92.6903539695522,-9.2834789066721,14.6697982850235,-17.0211791992186,11.45925,11.4589,229192,"2026_01_13_0001","2026_01_13_0001_ev00171_rec0","no",230033
172,0,11.4898,-93.1803309122721,-98.5717697143555,-5.39143880208333,1.40000000000029,3.19999999999965,2.25000000000009,-92.9702326145686,-7.54144708734312,1.84732196033012,-16.5939331054686,11.4896,11.4882,229796,"2026_01_13_0001","2026_01_13_0001_ev00172_rec0","no",230034
173,0,11.5318,-93.703489394415,-104.675285339355,-10.9717959449405,0.849999999999795,2.29999999999997,2.90000000000035,-93.0284764777339,-6.9440129947026,7.52786708879936,-46.2493896484377,11.53075,11.52975,230636,"2026_01_13_0001","2026_01_13_0001_ev00173_rec0","no",230035
174,0,11.59755,-90.8115855625698,-100.708000183105,-9.89641462053571,0.14999999999965,12.3000000000015,9.14999999999999,-226483.247332051,226393.651176239,425251.907895141,-210.391454478672,11.5973,11.59635,231951,"2026_01_13_0001","2026_01_13_0001_ev00174_rec0","no",230036
175,0,11.62325,-92.9478160313198,-129.39453125,-36.4467152186802,0.950000000001339,4.09999999999933,5.44999999999973,-96.5274191642161,-24.6921587690202,5.97061234836721,-284.163339941842,11.6229,11.62185,232465,"2026_01_13_0001","2026_01_13_0001_ev00175_rec0","no",230037
176,0,11.68705,-92.7007689703078,-122.070304870605,-29.3695359002976,2.95000000000023,6.65000000000049,4.14999999999921,-94.6612620065105,-27.903040559153,3.64318277598246,-249.6094476609,11.6856,11.6825,233741,"2026_01_13_0001","2026_01_13_0001_ev00176_rec0","no",230038
177,0,11.7136,-95.1421752203078,-109.252922058105,-14.1107468377976,0.300000000001077,0.550000000000495,0.799999999999912,-93.7159546680627,-9.8497776792337,2.06754305929377,19.6438743954613,11.7136,11.7131,234272,"2026_01_13_0001","2026_01_13_0001_ev00177_rec0","no",230039
178,0,11.75165,-94.9823212396531,-103.454582214355,-8.47226097470238,0.199999999999534,1.50000000000006,1.24999999999886,-92.1014080010087,-8.67759990642671,3.39809383974801,52.4328322637649,11.75145,11.7506,235033,"2026_01_13_0001","2026_01_13_0001_ev00178_rec0","no",230040
179,0,11.85795,-93.2820561726888,-116.882316589355,-23.6002604166667,2.74999999999892,8.69999999999926,9.19999999999988,-89.5998112963943,-23.9259919104653,14.0084692515712,-234.614054361979,11.8575,11.85475,237159,"2026_01_13_0001","2026_01_13_0001_ev00179_rec0","no",230041
180,0,11.9067,-93.4564423334031,-104.370109558105,-10.9136672247024,0.700000000000145,2.95000000000023,2.25000000000009,-94.3372828334474,-11.1235268108973,1.80099018064608,-60.0607735770089,11.9058,11.9051,238134,"2026_01_13_0001","2026_01_13_0001_ev00180_rec0","no",230042
181,0,11.9557,-97.3220022292364,-99.4872970581055,-2.16529482886905,0.0999999999997669,0.0499999999998835,0.400000000000844,-89.8003562321214,-8.6194176807021,11.1377575451143,136.157444545201,11.9557,11.9556,239114,"2026_01_13_0001","2026_01_13_0001_ev00181_rec0","no",230043
182,0,11.99885,-90.1431052798317,-97.3510665893555,-7.20796130952381,0.500000000000611,2.10000000000043,3.55000000000061,-90.9342594480344,-3.58915474814996,5.50829416957226,-47.6132347470238,11.99855,11.9979,239977,"2026_01_13_0001","2026_01_13_0001_ev00182_rec0","no",230044
183,0,12.0267,-91.901499067034,-97.6562423706055,-5.75474330357143,0.0999999999997669,0.0499999999998835,0,-88.7971214405299,-4.33727383901536,2.61333654803865,81.5037318638392,12.0267,12.0266,240534,"2026_01_13_0001","2026_01_13_0001_ev00183_rec0","no",230045
184,0,12.07325,-89.5763502575102,-101.013175964355,-11.4368257068452,0.249999999999417,6.55000000000072,7.04999999999956,-89.4572959370942,-15.2827226893488,5.59497249870104,-96.8689691452754,12.0723,12.07205,241465,"2026_01_13_0001","2026_01_13_0001_ev00184_rec0","no",230046
185,0,12.13335,-85.8851768856957,-103.759757995605,-17.8745811099098,0.550000000000495,1.84999999999924,3.00000000000011,-90.0918320871378,-9.42526981578128,2.2090596668393,-154.498498580569,12.1332,12.13255,242667,"2026_01_13_0001","2026_01_13_0001_ev00185_rec0","no",230047
186,0,12.1902,-89.6199467976888,-110.168449401855,-20.5485026041667,7.7499999999997,11.8500000000008,7.94999999999924,-91.9417493527301,-18.2795277668326,6.41430031917608,-275.472005208333,12.18985,12.1818,243804,"2026_01_13_0001","2026_01_13_0001_ev00186_rec0","no",230048
187,0,12.2784,-90.2302983601888,-101.623527526855,-11.3932291666667,0.999999999999446,5.89999999999868,5.30000000000008,-92.7389802438862,-6.77284808916362,3.84670373797158,-123.059590657552,12.27625,12.27495,245568,"2026_01_13_0001","2026_01_13_0001_ev00187_rec0","no",230049
188,0,12.37765,-90.4482810610817,-123.291007995605,-32.8427269345238,1.64999999999971,9.60000000000072,9.80000000000025,-86.6542294264305,-43.0995041774143,9.8610333735606,-358.501617885771,12.3765,12.37465,247553,"2026_01_13_0001","2026_01_13_0001_ev00188_rec0","no",230050
189,0,12.4303,-89.5472858973912,-103.454582214355,-13.9072963169643,0.349999999999184,3.75000000000014,2.69999999999904,-88.8855710360985,-13.940562732977,3.07115976063998,-44.4946289062502,12.4288,12.42825,248606,"2026_01_13_0001","2026_01_13_0001_ev00189_rec0","no",230051
190,0,12.464,-91.1603578839983,-103.149406433105,-11.9890485491071,0.349999999999184,3.95000000000145,3.50000000000072,-89.3562583355012,-15.809949415198,3.74178234144841,-20.0097220284597,12.4631,12.4625,249280,"2026_01_13_0001","2026_01_13_0001_ev00190_rec0","no",230052
191,0,12.50855,-90.2884270804269,-110.473625183105,-20.1851981026786,3.70000000000026,7.20000000000098,5.5499999999995,-89.6422543356086,-19.322439828089,6.38553247468819,-164.864676720755,12.5078,12.50385,250171,"2026_01_13_0001","2026_01_13_0001_ev00191_rec0","no",230053
192,0,12.59275,-90.7679890223912,-101.928703308105,-11.1607142857143,0.650000000000261,2.2000000000002,2.25000000000009,-90.4836761159562,-11.7518557533221,2.30861133941529,-25.0974382672993,12.59255,12.5919,251855,"2026_01_13_0001","2026_01_13_0001_ev00192_rec0","no",230054
193,0,12.6339,-95.1857717604864,-117.797843933105,-22.6120721726191,1.50000000000006,6.94999999999979,7.4500000000004,-86.9207357335309,-30.4484830753166,12.3579573433812,-129.406883603051,12.6335,12.63195,252678,"2026_01_13_0001","2026_01_13_0001_ev00193_rec0","no",230055
194,0,12.71915,-90.4337488810221,-98.5717697143555,-8.13802083333333,1.00000000000122,12.2499999999999,12.3999999999995,-91.6604936802574,-9.47363233840531,7.41993239296782,-143.648783365885,12.7151,12.7139,254383,"2026_01_13_0001","2026_01_13_0001_ev00194_rec0","no",230056
195,0,12.7428,-94.7498063587007,-99.4872970581055,-4.73749069940476,0.14999999999965,0.299999999999301,0.199999999999534,-91.5544323362777,-6.61383434044942,0.605973904190403,91.1843436104912,12.7427,12.74255,254856,"2026_01_13_0001","2026_01_13_0001_ev00195_rec0","no",230057
196,0,12.78825,-92.4101253691174,-99.7924728393555,-7.3823474702381,0.0500000000016598,0.500000000000611,0.949999999999562,-93.3049404107442,-3.75625857445114,1.3488112670156,-32.7046712239585,12.78825,12.78795,255765,"2026_01_13_0001","2026_01_13_0001_ev00196_rec0","no",230058
197,0,12.813,-94.037729535784,-106.201164245605,-12.1634347098214,0.550000000000495,2.15000000000032,2.80000000000058,-90.8971161772765,-10.9096545760672,7.84556007499863,-0.131879534040252,12.81235,12.8117,256260,"2026_01_13_0001","2026_01_13_0001_ev00197_rec0","no",230059
198,0,12.9016,-91.6399198259626,-104.064933776855,-12.4250139508929,0.550000000000495,3.45000000000084,3.84999999999991,-91.7349527121487,-10.9213567150664,4.34416512688075,-59.4929286411832,12.9013,12.9005,258032,"2026_01_13_0001","2026_01_13_0001_ev00198_rec0","no",230060
199,0,12.97285,-117.449071611677,-135.498046875,-18.0489752633231,5.55000000000128,7.1500000000011,5.79999999999892,-119.567948626282,-15.5144927569168,4.7446730658906,-189.903311920166,12.972,12.96555,259457,"2026_01_13_0001","2026_01_13_0001_ev00199_rec0","no",230061
200,0,13.00785,-120.820537385486,-141.6015625,-20.7810251145136,1.15000000000087,4.94999999999912,5.44999999999973,-113.700160224746,-23.9729446716863,11.2714414087395,-60.7670894077847,13.00725,13.0061,260157,"2026_01_13_0001","2026_01_13_0001_ev00200_rec0","no",230062
201,0,13.12115,-116.068514506022,-125.427238464355,-9.35872395833333,0.0999999999997669,0.0499999999998835,0,-113.605104965387,-4.41176917956276,5.6183792201438,48.8433837890626,13.12115,13.12105,262423,"2026_01_13_0001","2026_01_13_0001_ev00201_rec0","no",230063
202,0,13.16875,-115.603484744117,-141.6015625,-25.9980777558826,2.4999999999995,7.1500000000011,8.20000000000043,-108.468483011566,-28.3409207611602,15.5763200686002,-219.184939193726,13.16725,13.1646,263375,"2026_01_13_0001","2026_01_13_0001_ev00202_rec0","no",230064
203,0,13.28095,-112.682516552153,-117.187492370605,-4.50497581845238,0.500000000000611,1.45000000000017,1.89999999999912,-111.293095537335,-4.51719745855958,4.80185681894566,17.9181780133929,13.2808,13.2801,265619,"2026_01_13_0001","2026_01_13_0001_ev00203_rec0","no",230065
204,0,13.35785,-110.357367742629,-132.75146484375,-22.3940971011207,3.75000000000014,9.85000000000014,9.39999999999941,-114.360525536098,-19.685541090929,6.16052702296814,-301.603796186901,13.35725,13.35345,267157,"2026_01_13_0001","2026_01_13_0001_ev00204_rec0","no",230066
205,0,13.4049,-111.926843189058,-128.47900390625,-16.5521607171922,1.54999999999994,3.19999999999965,2.74999999999892,-112.265850139936,-15.4138927946917,2.82053838672771,-73.1288387843541,13.4048,13.40315,268098,"2026_01_13_0001","2026_01_13_0001_ev00205_rec0","no",230067
206,0,13.58315,-109.761548360189,-133.97216796875,-24.2106196085612,2.04999999999878,7.64999999999993,7.55000000000017,-111.579212850133,-23.1259597393446,6.42856898038064,-251.983673477173,13.58225,13.5799,271663,"2026_01_13_0001","2026_01_13_0001_ev00206_rec0","no",230068
207,0,13.7227,-111.403684706915,-119.018547058105,-7.61486235119048,0.20000000000131,0.250000000001194,0,-107.996500488719,-5.21195376128812,3.47510145109658,83.0815633138019,13.7227,13.7224,274454,"2026_01_13_0001","2026_01_13_0001_ev00207_rec0","no",230069
208,0,13.74005,-107.334674290248,-112.609855651855,-5.27518136160714,0.349999999999184,1.20000000000076,2.05000000000055,-107.748897260705,-3.17961352571569,2.80618064655659,-22.4805559430802,13.74005,13.7397,274801,"2026_01_13_0001","2026_01_13_0001_ev00208_rec0","no",230070
209,0,13.8602,-109.398243858701,-114.135734558105,-4.73749069940476,0.350000000000961,0.0499999999998835,0,-106.618506287915,-2.281076499736,3.99633200249154,73.5139392671132,13.8602,13.85985,277204,"2026_01_13_0001","2026_01_13_0001_ev00209_rec0","no",230071
210,0,13.9242,-108.133944193522,-129.08935546875,-20.9554112752279,1.95000000000078,1.75000000000125,1.50000000000006,-114.530847075324,-8.57002970484626,0.802457032482073,-222.29513982137,13.9242,13.92175,278484,"2026_01_13_0001","2026_01_13_0001_ev00210_rec0","no",230072
211,0,13.94885,-105.895988464355,-125.122062683105,-19.22607421875,0.949999999999562,12.5000000000011,9.9499999999999,-105.890615260068,-22.1654853674058,8.75299261195943,-293.670668411255,13.9443,13.94335,278977,"2026_01_13_0001","2026_01_13_0001_ev00211_rec0","no",230073
212,0,13.9852,-108.846021016439,-114.746086120605,-5.90006510416667,0.0499999999998835,0.249999999999417,0.0999999999997669,-109.40255692286,-5.93924638768645,0.0864589512710126,-17.7510579427085,13.9852,13.98505,279704,"2026_01_13_0001","2026_01_13_0001_ev00212_rec0","no",230074
213,0,14.00545,-105.518151782808,-120.544425964355,-15.0262741815476,0.899999999999679,5.30000000000008,5.15000000000043,-106.719135993542,-14.3869146200393,4.32433578984992,-122.837611607143,14.0045,14.00355,280109,"2026_01_13_0001","2026_01_13_0001_ev00213_rec0","no",230075
214,0,14.04475,-107.232949029832,-126.342765808105,-19.1098167782738,3.19999999999965,6.00000000000023,6.44999999999918,-105.82371096825,-20.5712646760175,7.28384315486153,-159.173875772385,14.04395,14.04055,280895,"2026_01_13_0001","2026_01_13_0001_ev00214_rec0","no",230076
215,0,14.13285,-105.707070123582,-128.173828125,-22.4667580014183,0.949999999999562,11.0500000000009,11.4000000000001,-102.184198438539,-29.315498807137,12.5616286736154,-280.954655565534,14.1311,14.1299,282657,"2026_01_13_0001","2026_01_13_0001_ev00215_rec0","no",230077
216,0,14.20855,-109.151196797689,-119.018547058105,-9.86735026041667,3.75000000000014,6.05000000000011,6.19999999999976,-100.038112723223,-16.361536754889,24.899894297168,-30.4056803385418,14.2085,14.20475,284171,"2026_01_13_0001","2026_01_13_0001_ev00216_rec0","no",230078
217,0,14.2596,-106.012245904832,-119.323722839355,-13.3114769345238,0.249999999999417,2.7500000000007,3.80000000000003,-106.263217248146,-10.5316798691287,4.66040551564079,-61.9837443033854,14.2592,14.25895,285192,"2026_01_13_0001","2026_01_13_0001_ev00217_rec0","no",230079
218,0,14.3062,-116.271965026855,-125.427238464355,-9.1552734375,0.500000000000611,0.799999999999912,0.999999999999446,-110.105041061354,-14.4271392780994,2.47401013322281,145.820617675781,14.3062,14.30565,286124,"2026_01_13_0001","2026_01_13_0001_ev00218_rec0","no",230080
219,0,14.32625,-108.904149736677,-119.018547058105,-10.1143973214286,0.449999999998951,3.3499999999993,3.75000000000014,-107.610933584931,-13.0850532456334,3.91320579376853,-17.1051025390624,14.32615,14.3256,286525,"2026_01_13_0001","2026_01_13_0001_ev00219_rec0","no",230081
220,0,14.346,-108.773360116141,-110.778800964355,-2.00544084821429,0.349999999999184,0.650000000000261,0.450000000000728,-107.82544580528,-2.66637302599868,1.03788713085618,24.8238699776784,14.346,14.3456,286920,"2026_01_13_0001","2026_01_13_0001_ev00220_rec0","no",230082
221,0,14.3803,-107.203884669713,-128.7841796875,-21.5802950177874,1.40000000000029,9.19999999999988,9.19999999999988,-101.789110564633,-25.2545521230902,14.527648715005,-212.980007444109,14.3785,14.377,287606,"2026_01_13_0001","2026_01_13_0001_ev00221_rec0","no",230083
222,0,14.41945,-105.590812683105,-123.291007995605,-17.7001953125,0.299999999999301,2.90000000000035,2.7999999999988,-105.517810850458,-14.8585824505492,3.44527652544928,-62.3703002929688,14.41915,14.4178,288389,"2026_01_13_0001","2026_01_13_0001_ev00222_rec0","no",230084
223,0,14.46585,-106.128503345308,-124.511711120605,-18.3832077752976,1.40000000000029,12.9999999999999,12.0500000000003,-119.78119056085,-3.07604994279389,0.357487802749924,-435.315881238665,14.46535,14.4632,289317,"2026_01_13_0001","2026_01_13_0001_ev00223_rec0","no",230085
224,0,14.4858,-105.779731023879,-143.73779296875,-37.9580619448707,1.40000000000029,10.4500000000005,9.49999999999918,-103.197873717182,-44.3308367611733,9.70347295714045,-464.035102081299,14.48315,14.48165,289716,"2026_01_13_0001","2026_01_13_0001_ev00224_rec0","no",230086
225,0,14.5844,-104.253852117629,-118.408195495605,-14.1543433779762,1.35000000000041,2.10000000000043,2.4999999999995,-104.133384967227,-13.1514434697245,2.80503278257295,-45.4701014927455,14.5843,14.58295,291688,"2026_01_13_0001","2026_01_13_0001_ev00225_rec0","no",230087
226,0,14.64805,-105.75066666376,-115.966789245605,-10.2161225818452,0.249999999999417,1.95000000000078,2.09999999999866,-105.055348817623,-11.8690155279855,2.13280604562991,-14.7548857189361,14.64725,14.647,292961,"2026_01_13_0001","2026_01_13_0001_ev00226_rec0","no",230088
227,0,14.719,-107.756107511975,-112.915031433105,-5.15892392113095,0.14999999999965,0.500000000000611,0.199999999999534,-104.447912400198,-5.43649644984016,5.07379170230271,68.8055129278275,14.7187,14.7184,294380,"2026_01_13_0001","2026_01_13_0001_ev00227_rec0","no",230089
228,0,14.7494,-103.687097095308,-112.304679870605,-8.61758277529762,0.450000000000728,17.8499999999993,16.350000000001,-110.013717118782,-5.06650187698721,0.476682038054555,-203.729539453416,14.7483,14.74785,294988,"2026_01_13_0001","2026_01_13_0001_ev00228_rec0","no",230090
229,0,14.77595,-114.847811381022,-123.596183776855,-8.74837239583333,3.94999999999968,3.39999999999918,3.45000000000084,-102.621418480369,-22.8195349781721,8.82737666595485,176.261901092529,14.77585,14.7712,295519,"2026_01_13_0001","2026_01_13_0001_ev00229_rec0","no",230091
230,0,14.84145,-103.905079796201,-126.037590026855,-22.1325102306548,2.05000000000055,7.09999999999944,7.25000000000087,-105.293596146494,-22.0841496095446,6.17578069434096,-219.5194808415,14.8406,14.8385,296829,"2026_01_13_0001","2026_01_13_0001_ev00230_rec0","no",230092
231,0,14.8987,-103.149406433105,-116.271965026855,-13.12255859375,2.74999999999892,6.54999999999895,5.95000000000034,-103.621694570211,-10.3844455893849,6.8709010500196,-106.483459472656,14.8986,14.8956,297974,"2026_01_13_0001","2026_01_13_0001_ev00231_rec0","no",230093
232,0,14.9733,-105.242040361677,-125.732414245605,-20.4903738839286,1.85000000000102,9.54999999999906,11.1500000000007,-94.875476832713,-28.1466482500413,24.7724190362664,-214.652769114835,14.9723,14.9701,299466,"2026_01_13_0001","2026_01_13_0001_ev00232_rec0","no",230094
233,0,15.0278,-105.552632491884,-115.268206760209,-9.71557426832435,2.59999999999927,2.39999999999974,2.84999999999869,-100.828621477133,-12.0030849993051,7.71004940195639,34.4487595208881,15.0275,15.0249,300556,"2026_01_13_0001","2026_01_13_0001_ev00233_rec0","no",230095
234,0,15.06915,-101.054942230805,-104.474595814673,-3.41965358386813,0.0999999999997669,0.950000000001339,0.849999999999795,-102.204000615108,-5.71317808930692,0.215871894268124,-38.9904222975424,15.0687,15.0686,301383,"2026_01_13_0001","2026_01_13_0001_ev00234_rec0","no",230096
235,0,15.13585,-102.933086552445,-109.666733148635,-6.73364659618984,2.80000000000058,11.3500000000002,8.45000000000162,-103.107586467912,-11.4121119527253,5.2971632034811,-97.3614906150166,15.1348,15.1309,302717,"2026_01_13_0001","2026_01_13_0001_ev00235_rec0","no",230097
236,0,15.33415,-104.445731092863,-108.916721008176,-4.47098991531267,0.700000000000145,0.300000000001077,1.1499999999991,-101.226577665691,-5.50998870607842,9.46680711957744,44.6059866560673,15.3338,15.333,306683,"2026_01_13_0001","2026_01_13_0001_ev00236_rec0","no",230098
237,0,15.42205,-101.027988150042,-105.550195328941,-4.52220717889895,0.14999999999965,1.15000000000087,1.09999999999921,-100.493556445162,-4.31533907330313,1.61436834423597,7.95781811754653,15.42205,15.42155,308441,"2026_01_13_0001","2026_01_13_0001_ev00237_rec0","no",230099
238,0,15.45905,-102.094853922967,-109.336063272765,-7.24120934979744,0.100000000001543,0.150000000001427,0,-95.3168097140826,-9.02321260687071,23.6382710298215,49.5597346967038,15.45905,15.45885,309181,"2026_01_13_0001","2026_01_13_0001_ev00238_rec0","no",230100
239,0,15.54825,-101.49594021691,-135.113777462888,-33.6178372459776,2.7999999999988,6.85000000000002,5.39999999999985,-102.509365522987,-32.2915493811682,5.19444162895549,-297.93055198487,15.54645,15.54355,310965,"2026_01_13_0001","2026_01_13_0001_ev00239_rec0","no",230101
240,0,15.6978,-100.753214943526,-134.489174813275,-33.7359598697493,2.05000000000055,11.000000000001,12.2,-96.2642527015511,-43.5604979340381,12.94403484355,-430.591549959563,15.69715,15.69495,313956,"2026_01_13_0001","2026_01_13_0001_ev00240_rec0","no",230102
241,0,15.74775,-104.336345842012,-107.572848093329,-3.23650225131689,0.849999999999795,2.69999999999904,2.90000000000035,-102.27535105624,-6.85494362571868,3.87954737305536,32.3015214483469,15.7477,15.74655,314955,"2026_01_13_0001","2026_01_13_0001_ev00241_rec0","no",230103
242,0,15.93715,-99.5005469720355,-117.821466846931,-18.320919874896,1.25000000000064,4.50000000000017,4.45000000000029,-100.039181597202,-16.2641879632115,4.64986793455548,-115.154404256077,15.93665,15.93525,318743,"2026_01_13_0001","2026_01_13_0001_ev00242_rec0","no",230104
243,0,15.98575,-99.6390098981929,-104.008516375204,-4.36950647701065,2.94999999999845,31.1500000000002,29.9999999999976,-103.897666086808,-2.01189076909389,1.14187761767874,-153.978675601533,15.98495,15.982,319715,"2026_01_13_0001","2026_01_13_0001_ev00243_rec0","no",230105
244,0,16.0089,-99.6533516173129,-115.602505437475,-15.9491538201623,2.55000000000294,5.60000000000116,6.15000000000165,-99.470984360772,-14.7347183304494,6.94290031920255,-136.374756237638,16.0076,16.00445,320178,"2026_01_13_0001","2026_01_13_0001_ev00244_rec0","no",230106
245,0,16.1561,-108.373690725457,-125.399290825635,-17.0256001001784,2.29999999999819,5.64999999999927,5.44999999999973,-99.6176289879734,-27.9291806710316,8.79192824065439,-8.4063666987567,16.15565,16.15295,323122,"2026_01_13_0001","2026_01_13_0001_ev00245_rec0","no",230107
246,0,16.3064,-98.2259576139413,-120.241002996385,-22.0150453824439,0.349999999997408,4.4000000000004,5.19999999999854,-99.7021475159674,-27.2888943718776,3.67956974489284,-157.934263524905,16.306,16.3055,326128,"2026_01_13_0001","2026_01_13_0001_ev00246_rec0","no",230108
247,0,16.3367,-99.295711169251,-117.529884334875,-18.2341731656236,1.35000000000218,3.39999999999918,3.2000000000032,-97.9246628336358,-18.1954993828186,3.96508860542844,-50.4938893918984,16.33655,16.3352,326734,"2026_01_13_0001","2026_01_13_0001_ev00247_rec0","no",230109
248,0,16.37135,-99.1653317727641,-118.348907862633,-19.1835760898692,1.4499999999984,4.45000000000206,3.75000000000014,-98.3632011022051,-17.5013581233161,4.6980971987498,-92.2918971675488,16.37065,16.36915,327427,"2026_01_13_0001","2026_01_13_0001_ev00248_rec0","no",230110
249,0,16.40865,-97.9083761412943,-117.776396630776,-19.8680204894815,5.80000000000069,13.7999999999998,8.20000000000221,-98.4735939688301,-18.8432785441687,8.05189739566819,-292.230727020833,16.4054,16.39935,328173,"2026_01_13_0001","2026_01_13_0001_ev00249_rec0","no",230111
250,0,16.45185,-95.9045652105342,-103.524016405326,-7.61945119479182,1.20000000000076,9.24999999999798,9.49999999999918,-94.1834420957474,-13.1144482371048,8.97520834737836,-79.2583699649187,16.4515,16.45025,329037,"2026_01_13_0001","2026_01_13_0001_ev00250_rec0","no",230112
251,0,16.54045,-99.6097677745485,-105.712539321606,-6.10277154705719,0.300000000002854,0.200000000003087,0,-95.7068858459514,-5.10023515615238,5.91094290368097,86.2890566516154,16.54045,16.5401,330809,"2026_01_13_0001","2026_01_13_0001_ev00251_rec0","no",230113
252,0,16.5745,-95.3183667232526,-107.242355777802,-11.9239890545495,0.750000000000028,31.25,26.8000000000015,-84422.7327780273,84325.7088502396,834425.252901846,-111.411738256093,16.57335,16.5725,331490,"2026_01_13_0001","2026_01_13_0001_ev00252_rec0","no",230114
253,0,16.6035,-95.2534578663498,-104.942562482357,-9.68910461600707,4.20000000000087,6.1499999999981,7.65000000000171,-94.3456199254873,-9.8189455533525,9.80859779145301,-115.80853804978,16.6025,16.5983,332070,"2026_01_13_0001","2026_01_13_0001_ev00253_rec0","no",230115
254,0,16.77735,-96.9400353825168,-111.588220325299,-14.6481849427827,0.800000000001688,3.84999999999991,4.24999999999898,-95.7974743867737,-15.9914380201159,4.76168889857574,-53.6195653489183,16.77705,16.77625,335547,"2026_01_13_0001","2026_01_13_0001_ev00254_rec0","no",230116
255,0,16.8539,-97.1861397772031,-112.091718935743,-14.9055791585403,2.50000000000128,17.2500000000007,7.30000000000075,-86162.7273844183,86062.8720678745,220720.318095324,-327.211625925311,16.8505,16.8479,337078,"2026_01_13_0001","2026_01_13_0001_ev00255_rec0","no",230117
256,0,16.88275,-93.8937202307344,-142.450024519853,-48.5563042891185,3.09999999999988,9.75000000000037,9.75000000000037,-93.7584456041051,-50.1198799852868,9.58886930840717,-575.212000906014,16.8824,16.8792,337655,"2026_01_13_0001","2026_01_13_0001_ev00256_rec0","no",230118
257,0,16.9802,-95.047933910326,-121.22247545548,-26.1745415451544,1.50000000000006,18.9500000000002,19.0999999999981,79928.2837811072,-80049.7544420682,91431.2277044353,-508.508304257982,16.97695,16.97535,339604,"2026_01_13_0001","2026_01_13_0001_ev00257_rec0","no",230119
258,0,17.0999,-94.3276405230984,-116.126582626278,-21.7989421031794,3.69999999999848,8.30000000000197,7.40000000000052,-92.7680585959975,-20.8582538765161,9.57819781270064,-207.408281892809,17.09955,17.0953,341998,"2026_01_13_0001","2026_01_13_0001_ev00258_rec0","no",230120
259,0,17.402,-98.0532195773312,-102.435291966355,-4.38207238902348,0.199999999999534,2.74999999999892,3.29999999999941,-94.9888171211841,-7.58119970502172,6.89609502898501,37.4843056331213,17.40135,17.40115,348040,"2026_01_13_0001","2026_01_13_0001_ev00259_rec0","no",230121
260,0,17.5467,-97.2866747895454,-102.940032540676,-5.65335775113019,0.0499999999981071,0.0999999999997669,0,-86.9263304465103,-8.81905396082134,69.9741788891421,95.7095059345465,17.5467,17.5466,350934,"2026_01_13_0001","2026_01_13_0001_ev00260_rec0","no",230122
261,0,17.58795,-89.6603710840731,-94.3919852771064,-4.73161419303328,0.450000000000728,30.4000000000002,29.9999999999976,-93.8493630692706,-4.00128008940784,1.80163414520864,-135.950350243804,17.58795,17.5875,351759,"2026_01_13_0001","2026_01_13_0001_ev00261_rec0","no",230123
262,0,17.63745,-92.9356221783034,-112.091394059013,-19.1557718807092,2.90000000000035,6.9999999999979,8.74999999999915,-89.1353919373758,-16.0979515438457,22.4317784603887,-232.781655208146,17.63435,17.63145,352749,"2026_01_13_0001","2026_01_13_0001_ev00262_rec0","no",230124
263,0,17.79785,-100.828959236308,-104.735428237155,-3.90646900084732,0.900000000001455,2.80000000000058,0.800000000001688,-96.3637635302851,-7.97715835078076,2.70648894281102,111.153124930335,17.7963,17.7954,355957,"2026_01_13_0001","2026_01_13_0001_ev00263_rec0","no",230125
264,0,17.81495,-99.3558164505176,-104.895958897822,-5.54014244730465,0.150000000001427,0.0500000000016598,0,-92.9163182877895,-7.73413857285627,6.71468096160262,141.249845170425,17.81495,17.8148,356299,"2026_01_13_0001","2026_01_13_0001_ev00264_rec0","no",230126
265,0,17.9516,-107.891856589713,-114.938315645034,-7.04645905532091,1.20000000000076,0.399999999999068,0.650000000000261,-95.9167611087712,-16.305477257708,5.70109148550516,285.269535804281,17.95095,17.9445,359032,"2026_01_13_0001","2026_01_13_0001_ev00265_rec0","no",230127
266,0,17.99585,-96.1507398552096,-100.831857241915,-4.68111738670582,0.0499999999981071,0.149999999997874,0,-93.045424540631,-3.92652234386204,4.02765451929893,77.0545258479958,17.99585,17.99565,359917,"2026_01_13_0001","2026_01_13_0001_ev00266_rec0","no",230128
267,0,18.0392,-94.2496615309208,-108.290861413841,-14.0411998829198,0.600000000002154,3.65000000000038,6.00000000000023,-93.8162902958862,-10.9480919827651,8.98762069871132,-92.6956472766701,18.0386,18.03765,360784,"2026_01_13_0001","2026_01_13_0001_ev00267_rec0","no",230129
268,0,18.1251,-91.3960815181689,-112.633370732439,-21.2372892142702,0.899999999997902,5.65000000000282,6.29999999999953,-97.6430082284095,-19.187207294181,2.53480298287807,-276.752200659645,18.12355,18.12255,362502,"2026_01_13_0001","2026_01_13_0001_ev00268_rec0","no",230130
269,0,18.143,-92.6004792042976,-101.484541798786,-8.88406259448847,0.599999999998602,10.2500000000028,10.2000000000011,-89.3765806740797,-13.9557901712856,13.3687678553792,-93.1177049747244,18.1411,18.14045,362860,"2026_01_13_0001","2026_01_13_0001_ev00269_rec0","no",230131
270,0,18.2359,-98.0267196690709,-101.306652123324,-3.2799324542527,0.750000000000028,0.550000000000495,0,-92.6939218240198,-5.8319456784393,4.96472571744544,130.275768566281,18.2359,18.2351,364718,"2026_01_13_0001","2026_01_13_0001_ev00270_rec0","no",230132
271,0,18.2983,-92.6915401589032,-98.7312186340199,-6.03967847511674,0.199999999999534,2.049999999997,2.80000000000058,-91.4520250013299,-5.83999938021502,5.37191066829794,3.37432219859231,18.2982,18.29785,365966,"2026_01_13_0001","2026_01_13_0001_ev00271_rec0","no",230133
272,0,18.36775,-92.1834575892501,-104.525702660059,-12.3422450708089,1.69999999999959,9.85000000000014,11.5000000000016,-91.7261914283286,-12.2354486174577,12.944658662404,-155.993994653549,18.36705,18.36445,367355,"2026_01_13_0001","2026_01_13_0001_ev00272_rec0","no",230134
273,0,18.5245,-93.3590192599078,-129.766869901598,-36.4078506416904,1.70000000000314,8.94999999999868,9.04999999999845,-94.2338482732946,-35.6934711889972,8.67984733168727,-422.854215079794,18.5228,18.52085,370490,"2026_01_13_0001","2026_01_13_0001_ev00273_rec0","no",230135
274,0,18.6312,-91.0446404259625,-110.248607059958,-19.2039666339952,2.05000000000055,9.29999999999964,13.499999999997,-96.8155708346,-12.0121733633801,6.1443506079748,-278.53865897218,18.63065,18.6286,372624,"2026_01_13_0001","2026_01_13_0001_ev00274_rec0","no",230136
275,0,18.6493,-97.6299633877933,-100.081222852094,-2.45125946430069,0.899999999997902,1.95000000000078,2.05000000000055,-91.9157054589687,-7.73628691618337,13.3010024106792,76.1576435676355,18.6492,18.64805,372986,"2026_01_13_0001","2026_01_13_0001_ev00275_rec0","no",230137
276,0,18.69335,-92.4645891955824,-97.0267737959877,-4.5621846004053,0.0999999999997669,4.04999999999944,6.19999999999976,-93.0464021273325,-3.25509471201826,5.7544535033313,-37.9255685923909,18.693,18.6929,373867,"2026_01_13_0001","2026_01_13_0001_ev00276_rec0","no",230138
277,0,18.74795,-91.6089880098741,-121.751475013661,-30.1424870037874,2.09999999999866,10.2999999999973,14.3999999999984,-101.348094272118,-27.2478007718817,4.87156512342533,-498.487818922476,18.74695,18.7445,374959,"2026_01_13_0001","2026_01_13_0001_ev00277_rec0","no",230139
278,0,18.7735,-97.5251253976454,-106.790968311173,-9.26584291352735,2.39999999999796,8.90000000000057,8.54999999999961,-91.9558691268375,-18.428683842687,11.9177484648963,-56.5263544178002,18.77295,18.7703,375470,"2026_01_13_0001","2026_01_13_0001_ev00278_rec0","no",230140
279,0,18.88225,-93.7153628002966,-112.373454418783,-18.6580916184859,2.54999999999939,5.04999999999711,6.1499999999981,-89.554644119604,-16.5576645133615,15.3071415276836,-128.614902337146,18.88155,18.87895,377645,"2026_01_13_0001","2026_01_13_0001_ev00279_rec0","no",230141
280,0,18.94255,-97.8433376765492,-100.748011578441,-2.90467390189164,0.0999999999997669,0.149999999997874,0,-92.4861202305852,-3.72963671201348,17.1218442583095,107.762784247726,18.94255,18.9424,378851,"2026_01_13_0001","2026_01_13_0001_ev00280_rec0","no",230142
281,0,19.00655,-94.282354134964,-124.505227995049,-30.222873860085,3.35000000000107,7.24999999999909,6.29999999999953,-93.6473782339395,-27.8886649502185,7.3230662028854,-266.578149570724,19.00605,19.0025,380131,"2026_01_13_0001","2026_01_13_0001_ev00281_rec0","no",230143
282,0,19.1172,-94.5764091987886,-112.673094047,-18.0966848482116,0.949999999999562,2.65000000000271,2.60000000000105,-92.47979774193,-21.0560609408311,2.97352257953297,-11.9216192834564,19.1171,19.11615,382344,"2026_01_13_0001","2026_01_13_0001_ev00282_rec0","no",230144
283,0,19.17815,-93.8759066467789,-96.5175604944634,-2.64165384768442,0.0999999999997669,0.350000000000961,0.599999999998602,-92.4523800623139,-2.91827761243908,3.01677486833085,33.4801681634503,19.17815,19.1779,383563,"2026_01_13_0001","2026_01_13_0001_ev00283_rec0","no",230145
284,0,19.2636,-96.4753503686349,-112.789267736534,-16.3139173678996,1.24999999999886,2.44999999999962,2.10000000000221,-93.6068372485582,-17.382057856311,3.11147801074352,15.9894849451059,19.2634,19.2621,385272,"2026_01_13_0001","2026_01_13_0001_ev00284_rec0","no",230146
285,0,19.47645,-92.0333863966451,-118.499718744224,-26.4663323475791,1.99999999999889,10.7999999999997,10.6000000000002,-91.7286064844919,-30.5957354262802,9.54362886650952,-358.633992944344,19.4749,19.4722,389529,"2026_01_13_0001","2026_01_13_0001_ev00285_rec0","no",230147
286,0,19.54865,-93.6384355378696,-109.14807674062,-15.5096412027506,4.04999999999944,13.1499999999996,7.75000000000148,-142749.915457509,142655.930059772,204583.902193503,-359.409614461072,19.5484,19.54375,390973,"2026_01_13_0001","2026_01_13_0001_ev00286_rec0","no",230148
287,0,19.56995,-92.9637757233631,-122.027853856358,-29.0640781329953,0.949999999999562,10.9500000000011,11.6499999999995,-92.2654488959824,-33.4938288802407,10.8359569111906,-386.774161464259,19.56805,19.56705,391399,"2026_01_13_0001","2026_01_13_0001_ev00287_rec0","no",230149
288,0,19.61065,-96.8801477160129,-112.222596519266,-15.3424488032535,1.24999999999886,3.75000000000014,4.64999999999804,-88.9124174497931,-18.1036249332372,16.3620531799106,-23.1787183983134,19.6104,19.6091,392213,"2026_01_13_0001","2026_01_13_0001_ev00288_rec0","no",230150
289,0,19.66995,-95.5098308242629,-113.801395445232,-18.2915646209695,3.05000000000177,8.70000000000104,7.64999999999816,-91.5272338062733,-22.6517458506272,10.2714014288771,-158.082263787108,19.6695,19.66625,393399,"2026_01_13_0001","2026_01_13_0001_ev00289_rec0","no",230151
290,0,19.83855,-92.8872407970256,-112.198968524746,-19.3117277277208,2.60000000000105,4.1000000000011,5.20000000000209,-92.4859370515712,-14.8617789288511,7.68195120867197,-129.062329008557,19.83845,19.83565,396771,"2026_01_13_0001","2026_01_13_0001_ev00290_rec0","no",230152
291,0,20.0027,-95.6276076446894,-109.038153977236,-13.4105463325471,1.80000000000291,7.54999999999839,7.04999999999956,-91.0585431000662,-20.0396351494914,9.50778887264788,-74.1130061435112,20.0017,19.9999,400054,"2026_01_13_0001","2026_01_13_0001_ev00291_rec0","no",230153
292,0,20.14245,-98.6768419045444,-104.022948499187,-5.34610659464228,0.149999999997874,2.30000000000175,2.80000000000058,-91.8430781194815,-11.5461459211137,10.2812951776306,90.6457624253162,20.14225,20.14145,402849,"2026_01_13_0001","2026_01_13_0001_ev00292_rec0","no",230154
293,0,20.21575,-95.4003739556494,-110.276472296356,-14.8760983407069,1.1999999999972,4.09999999999755,2.74999999999892,-93.8247799611662,-16.4467691565728,3.26321846263733,-35.0400203728606,20.21395,20.21275,404315,"2026_01_13_0001","2026_01_13_0001_ev00293_rec0","no",230155
294,0,20.2409,-97.3916970505488,-104.382888908827,-6.99119185827847,0.650000000000261,0.500000000002387,0.0499999999981071,-91.469035030492,-8.71392320296049,1.75379528164733,161.903375619447,20.2409,20.24025,404818,"2026_01_13_0001","2026_01_13_0001_ev00294_rec0","no",230156
295,0,20.3262,-92.3910783346471,-188.877566654264,-96.4864883196168,6.00000000000023,12.2499999999981,11.5000000000016,-83.9353825206295,-119.70745697404,11.5288679985148,-1482.89871723642,20.32395,20.31765,406524,"2026_01_13_0001","2026_01_13_0001_ev00295_rec0","no",230157
296,0,20.3716,-91.6396837054336,-111.785541282088,-20.145857576654,3.84999999999991,10.1499999999994,8.35000000000008,-91.0385995516032,-17.9779175361396,10.3881417582448,-241.493549914499,20.37005,20.3657,407432,"2026_01_13_0001","2026_01_13_0001_ev00296_rec0","no",230158
297,0,20.49105,-91.7667304362604,-106.048819486307,-14.2820890500469,1.85000000000102,3.39999999999918,4.4000000000004,-90.77409636329,-10.9282639760574,7.92809524747223,-85.8882057524591,20.48895,20.4869,409821,"2026_01_13_0001","2026_01_13_0001_ev00297_rec0","no",230159
298,0,20.5553,-89.4216178365541,-99.0463524572022,-9.62473462064811,5.05000000000067,4.50000000000017,2.39999999999796,-91.716361205857,-3.56593319634066,2.32566913453395,-105.41519100345,20.5552,20.55005,411106,"2026_01_13_0001","2026_01_13_0001_ev00298_rec0","no",230160
299,0,20.63225,-93.447584701557,-107.551305012186,-14.1037203106289,0.849999999999795,3.59999999999872,6.49999999999906,-90.561447291948,-11.9054444681435,16.9520505828904,-90.490463746795,20.63225,20.6306,412645,"2026_01_13_0001","2026_01_13_0001_ev00299_rec0","no",230161
300,0,20.70805,-91.9875494418595,-94.9418067283497,-2.95425728649018,0.199999999999534,30.149999999999,30.0000000000011,-710.166651995523,619.74354750368,135229.239356233,44.0297445626818,20.70805,20.7078,414161,"2026_01_13_0001","2026_01_13_0001_ev00300_rec0","no",230162
301,0,20.7583,-91.859016228959,-106.476231116664,-14.6172148877053,0.949999999999562,3.69999999999848,4.64999999999804,-92.1013868014414,-13.6519453788135,4.80835255044592,-80.8767601911525,20.75815,20.7571,415166,"2026_01_13_0001","2026_01_13_0001_ev00301_rec0","no",230163
302,0,20.81325,-92.2636710165991,-102.731413961237,-10.4677429446383,1.40000000000029,4.75000000000136,4.75000000000136,-90.8488581919037,-13.49103751164,5.07603297656524,-43.2487220322308,20.81285,20.8111,416265,"2026_01_13_0001","2026_01_13_0001_ev00302_rec0","no",230164
303,0,20.95725,-92.9944403791628,-100.995200984069,-8.00076060490646,0.199999999999534,0.0500000000016598,0,-89.557506374068,-4.53552386910952,7.66678108139834,68.562298098572,20.95725,20.95705,419145,"2026_01_13_0001","2026_01_13_0001_ev00303_rec0","no",230165
304,0,21.06845,-88.1630787835971,-119.618609697082,-31.4555309134849,12.4500000000012,12.6500000000007,10.7999999999997,-97.3457942122957,-26.2163554909141,4.55601145329336,-619.699800353419,21.0677,21.05495,421369,"2026_01_13_0001","2026_01_13_0001_ev00304_rec0","no",230166
305,0,21.0883,-91.8879421624938,-108.669766018559,-16.7818238560648,2.09999999999866,5.40000000000163,4.20000000000087,-89.083022993221,-18.5329875747824,5.86018524962737,-64.5788760536388,21.0875,21.0851,421766,"2026_01_13_0001","2026_01_13_0001_ev00305_rec0","no",230167
306,0,21.1745,-99.4135586253515,-128.683420099507,-29.2698614741559,2.39999999999796,7.54999999999839,6.79999999999836,-86.0907712670545,-41.8749584664946,12.321502584057,-142.082117780644,21.1735,21.171,423490,"2026_01_13_0001","2026_01_13_0001_ev00306_rec0","no",230168
307,0,21.21045,-90.2416432866654,-103.700031577222,-13.4583882905569,0.299999999999301,4.44999999999851,3.75000000000014,-91.2421084917366,-12.4700483542507,3.30058971408942,-95.4834492456467,21.2085,21.2081,424209,"2026_01_13_0001","2026_01_13_0001_ev00307_rec0","no",230169
308,0,21.27965,-93.3052253289226,-99.4473327004867,-6.14210737156418,0.349999999997408,1.4499999999984,0,-90.6056658628105,-4.01381921929409,7.51007137051395,47.5057378302324,21.27955,21.278,425593,"2026_01_13_0001","2026_01_13_0001_ev00308_rec0","no",230170
309,0,21.32715,-90.727852324173,-107.283667750121,-16.555815425948,1.55000000000172,7.20000000000098,10.2499999999992,-88.3708741373388,-15.6584291813628,16.7384096767614,-163.218415189945,21.3269,21.3253,426543,"2026_01_13_0001","2026_01_13_0001_ev00309_rec0","no",230171
310,0,21.4834,-87.6385170324828,-92.0321557809604,-4.39363874847767,1.10000000000099,30.9999999999988,29.9999999999976,-91.2977719778832,-5.02776967468018,1.59034725968155,-126.075326701362,21.4834,21.4823,429668,"2026_01_13_0001","2026_01_13_0001_ev00310_rec0","no",230172
311,0,21.64975,-91.9256364486848,-101.591573186383,-9.66593673769837,1.20000000000076,6.15000000000165,6.85000000000002,-86.5065165443757,-14.1175819851003,15.2087816219112,-31.9185682150118,21.64945,21.6481,432995,"2026_01_13_0001","2026_01_13_0001_ev00311_rec0","no",230173
312,0,21.7033,-92.2579193480459,-108.98745344921,-16.7295341011638,1.50000000000006,4.14999999999921,4.50000000000017,-91.3575350003568,-15.098335836546,5.93201090403288,-87.5017918222574,21.70235,21.7006,434066,"2026_01_13_0001","2026_01_13_0001_ev00312_rec0","no",230174
313,0,21.776,-90.3205465559336,-104.372538173793,-14.0519916178592,2.25000000000009,10.9500000000011,10.349999999999,-84.7042025049628,-15.2711235148215,30.001036924946,-187.488416491361,21.7714,21.769,435520,"2026_01_13_0001","2026_01_13_0001_ev00313_rec0","no",230175
314,0,22.02395,-90.9849817108828,-111.351528271506,-20.3665465606231,2.10000000000221,10.6500000000018,10.8999999999995,-87.9334815582941,-29.56952274555,10.6116345023399,-250.939848263399,22.0235,22.02135,440479,"2026_01_13_0001","2026_01_13_0001_ev00314_rec0","no",230176
315,0,22.15315,-88.8207765775774,-115.568047215697,-26.7472706381193,1.00000000000122,21.9500000000004,25.15,177402.632490199,-177519.08413158,251860.401238254,-562.386692790936,22.15175,22.1507,443063,"2026_01_13_0001","2026_01_13_0001_ev00315_rec0","no",230177
316,0,22.23785,-90.2790423113091,-125.348231935793,-35.069189624484,1.65000000000148,8.74999999999915,9.25000000000154,-89.3834559091785,-35.0221979287639,9.98788134280562,-367.51520984782,22.2369,22.2352,444757,"2026_01_13_0001","2026_01_13_0001_ev00316_rec0","no",230178
317,0,22.28235,-91.7120572926872,-101.595603836521,-9.88354654383394,0.0500000000016598,0.0999999999997669,0,-87.8870034679396,-6.53592054234539,16.6675089431939,22.7543951779273,22.2821,22.28205,445647,"2026_01_13_0001","2026_01_13_0001_ev00317_rec0","no",230179
318,0,22.3464,-90.5936331902843,-115.29534619258,-24.7017130022953,2.25000000000009,6.80000000000192,7.84999999999769,-92.0433814231225,-20.6902732922738,7.91695170370324,-242.591337820645,22.34615,22.3438,446928,"2026_01_13_0001","2026_01_13_0001_ev00318_rec0","no",230180
319,0,22.56355,-88.4354859743002,-97.0608514102936,-8.62536543599332,5.64999999999927,9.04999999999845,12.5499999999974,-89.9382794217454,-8.45156267190186,7.79199266209001,-171.684349541866,22.5623,22.5544,451271,"2026_01_13_0001","2026_01_13_0001_ev00319_rec0","no",230181
320,0,22.78565,-99.7134502802921,-116.690781142054,-16.9773308617614,3.04999999999822,7.50000000000028,6.60000000000238,-101.925394578969,-15.5769997742598,4.90466652210493,-189.89316453579,22.78525,22.7821,455713,"2026_01_13_0001","2026_01_13_0001_ev00320_rec0","no",230182
321,0,22.897,-100.406427182533,-116.177853424744,-15.7714262422103,0.650000000000261,4.30000000000064,4.9500000000009,-101.891089828273,-15.7672013676428,3.85799599172327,-119.530024099778,22.89665,22.89595,457940,"2026_01_13_0001","2026_01_13_0001_ev00321_rec0","no",230183
322,0,23.07185,-102.125107654083,-106.522179847968,-4.39707219388511,0.0499999999981071,2.09999999999866,2.84999999999869,-100.43764741782,-5.13086144277205,6.53022494707992,15.6086475216491,23.0716,23.0715,461437,"2026_01_13_0001","2026_01_13_0001_ev00322_rec0","no",230184
323,0,23.105,-101.159692773834,-121.90675445496,-20.7470616811255,1.80000000000291,6.05000000000189,6.65000000000049,-99.2172740075392,-17.7936481599147,10.8336938425688,-153.589282617231,23.1038,23.10175,462100,"2026_01_13_0001","2026_01_13_0001_ev00323_rec0","no",230185
324,0,23.1571,-101.83014781788,-107.191715651154,-5.36156783327385,0.149999999997874,0.0499999999981071,0,-99.2675249283527,-2.56289430680877,2.30755920822732,70.5683176613039,23.1571,23.1569,463142,"2026_01_13_0001","2026_01_13_0001_ev00324_rec0","no",230186
325,0,23.21445,-100.683403473499,-102.729773704384,-2.04637023088584,0.300000000002854,13.8500000000015,13.0499999999998,-105893.869026557,105799.189146764,204236.429926538,-53.7371430587317,23.21445,23.21415,464289,"2026_01_13_0001","2026_01_13_0001_ev00325_rec0","no",230187
326,0,23.2434,-100.468266183564,-120.562627432522,-20.0943612489577,3.99999999999778,8.29999999999842,7.24999999999909,-99.9050531654708,-19.8305538959927,7.97119674789393,-205.174302279602,23.24315,23.2387,464868,"2026_01_13_0001","2026_01_13_0001_ev00326_rec0","no",230188
327,0,23.31795,-97.360929618836,-100.719154197804,-3.35822457896771,0.0999999999997669,1.90000000000268,20.4999999999984,-98.710991009325,-4.53297887416163,0.601310415089177,-45.2757084424901,23.31765,23.31755,466359,"2026_01_13_0001","2026_01_13_0001_ev00327_rec0","no",230189
328,0,23.36745,-100.359971023691,-107.006505071769,-6.64653404807765,0.250000000001194,7.24999999999909,7.69999999999982,-96.0023013117439,-11.9623991831821,13.699670603219,-21.5102808259613,23.3667,23.3661,467349,"2026_01_13_0001","2026_01_13_0001_ev00328_rec0","no",230190
329,0,23.398,-99.0598101689624,-101.775899016868,-2.71608884790571,0.0999999999997669,0.900000000001455,1.1499999999991,-97.9517449897286,-3.31533656676996,2.60238054793172,24.0600182987233,23.3979,23.39775,467960,"2026_01_13_0001","2026_01_13_0001_ev00329_rec0","no",230191
330,0,23.4657,-98.9125910827434,-132.168774665845,-33.2561835831016,1.50000000000006,9.55000000000084,10.2499999999992,-91.5879857961896,-44.6870851059261,12.4463822036102,-344.370727391318,23.4646,23.46305,469314,"2026_01_13_0001","2026_01_13_0001_ev00330_rec0","no",230192
331,0,23.5272,-106.444560865921,-121.376523191194,-14.9319623252726,1.10000000000099,0.349999999997408,0.550000000000495,-99.0829363289911,-14.6782865448814,4.15721989836255,152.44834113474,23.5271,23.5259,470544,"2026_01_13_0001","2026_01_13_0001_ev00331_rec0","no",230193
332,0,23.5712,-100.408196151236,-115.19581197704,-14.7876158258036,5.75000000000259,9.39999999999941,5.44999999999973,-97.0487369739198,-17.2483796557139,8.17540646839124,-113.026493817107,23.57105,23.5652,471424,"2026_01_13_0001","2026_01_13_0001_ev00332_rec0","no",230194
333,0,23.6472,-100.500784121549,-115.69360378094,-15.1928196593911,1.7499999999977,3.94999999999968,5.90000000000046,-96.5101804753092,-14.8515938040685,13.5099345990913,-73.4049347676866,23.64705,23.64525,472944,"2026_01_13_0001","2026_01_13_0001_ev00333_rec0","no",230195
334,0,23.7975,-99.7708701568433,-123.833720579739,-24.0628504228954,1.99999999999889,2.74999999999892,3.44999999999729,-97.0921269434748,-23.8036318792734,4.78796577099141,-60.7935523473499,23.79735,23.7953,475950,"2026_01_13_0001","2026_01_13_0001_ev00334_rec0","no",230196
335,0,23.86025,-99.4875756837925,-106.224311750511,-6.73673606671805,0.0999999999997669,0.350000000000961,0.600000000002154,-97.6864157537388,-5.47531462310008,2.44643634704616,39.2199721374291,23.86015,23.86005,477205,"2026_01_13_0001","2026_01_13_0001_ev00335_rec0","no",230197
336,0,24.1064,-96.2172930554494,-127.034526238622,-30.817233183173,9.19999999999988,15.3500000000015,7.75000000000148,-97.5625930492058,-28.9118474333139,7.32815776930196,-438.146204234943,24.10475,24.09505,482128,"2026_01_13_0001","2026_01_13_0001_ev00336_rec0","no",230198
337,0,24.19975,-95.9132252024583,-103.390796838499,-7.47757163604039,0.199999999999534,0.150000000001427,0,-95.144850938434,-3.45454726372663,4.03782108291956,8.08141400580814,24.19975,24.19945,483995,"2026_01_13_0001","2026_01_13_0001_ev00337_rec0","no",230199
338,0,24.2341,-95.3967224138574,-107.783668234121,-12.3869458202636,0.250000000001194,4.94999999999735,5.15000000000043,-95.6836555459589,-12.2744262753538,4.92610624265745,-86.5504154394862,24.23285,24.2326,484682,"2026_01_13_0001","2026_01_13_0001_ev00338_rec0","no",230200
339,0,24.31965,-97.9534225586953,-108.932952208215,-10.9795296495194,1.1499999999991,4.55000000000183,5.2500000000002,-95.247857145281,-12.3138711894313,8.78285171371949,-48.0204110486879,24.31795,24.31625,486393,"2026_01_13_0001","2026_01_13_0001_ev00339_rec0","no",230201
340,0,24.41015,-96.1770218530712,-125.915667440966,-29.7386455878947,2.05000000000055,9.44999999999752,9.3500000000013,-94.1625355974014,-33.8243402065708,9.80894199801137,-335.009536631009,24.4089,24.40665,488203,"2026_01_13_0001","2026_01_13_0001_ev00340_rec0","no",230202
341,0,24.4546,-96.5440256463494,-111.645732764081,-15.1017071177315,1.34999999999863,5.05000000000067,5.09999999999877,-94.9782610644645,-16.1959097237544,6.24314918231421,-71.9650134641865,24.45435,24.45225,489092,"2026_01_13_0001","2026_01_13_0001_ev00341_rec0","no",230203
342,0,24.5299,-96.831707526247,-113.7640751595,-16.9323676332527,2.15000000000032,8.95000000000223,6.94999999999979,-95.8214195540294,-18.1540547478036,7.58639656307377,-166.436413062622,24.52745,24.52485,490598,"2026_01_13_0001","2026_01_13_0001_ev00342_rec0","no",230204
343,0,24.61245,-95.6145741896875,-110.251570481483,-14.6369962917959,1.04999999999933,1.4499999999984,2.15000000000032,-94.830002244361,-9.95134438931862,4.4920715952766,-30.6370221402831,24.6122,24.6111,492249,"2026_01_13_0001","2026_01_13_0001_ev00343_rec0","no",230205
344,0,24.686,-96.9438275080188,-102.800560101388,-5.85673259336922,0.250000000001194,0.299999999999301,0.550000000000495,-95.6700398757854,-4.26747586327147,2.47299270475125,26.7390493719672,24.68595,24.6857,493720,"2026_01_13_0001","2026_01_13_0001_ev00344_rec0","no",230206
345,0,24.7382,-100.256373037893,-177.874696538185,-77.6183235002915,3.19999999999965,11.1500000000007,9.9499999999999,-90.0318910692995,-104.970540357644,10.0368432842891,-983.145228019275,24.7362,24.7302,494764,"2026_01_13_0001","2026_01_13_0001_ev00345_rec0","no",230207
346,0,24.8123,-96.000938806598,-105.781241189424,-9.78030238282574,1.05000000000288,3.39999999999918,2.80000000000058,-96.2097212271825,-9.50526059796212,2.73881794816523,-49.1699879380945,24.8114,24.8102,496246,"2026_01_13_0001","2026_01_13_0001_ev00346_rec0","no",230208
347,0,24.852,-97.4679239751879,-99.6626015199546,-2.19467754476678,0.0499999999981071,0.0499999999981071,0,-94.2755942835602,-3.46551249823533,2.21755735196949,87.8938826442687,24.852,24.8519,497040,"2026_01_13_0001","2026_01_13_0001_ev00347_rec0","no",230209
348,0,24.9453,-95.2674919260794,-129.729806528817,-34.4623146027377,4.14999999999921,9.85000000000014,7.94999999999746,-93.2372085408513,-35.9157557438121,8.92866463974912,-390.696504834358,24.94445,24.9402,498906,"2026_01_13_0001","2026_01_13_0001_ev00348_rec0","no",230210
349,1,25.03195,-92.9370012435966,-97.3652436853388,-4.42824244174219,0.0499999999981071,0.900000000001455,1.05000000000288,-92.5267852086839,-3.68775607810317,1.81860256053794,3.37475985343972,25.03165,25.0316,639,"2026_01_13_0001","2026_01_13_0001_ev00349_rec1","no",230211
350,1,25.1824,-95.1949999403557,-120.962932301746,-25.76793236139,5.15000000000043,8.44999999999985,7.19999999999743,-92.5316061930671,-27.0684147141389,9.02150715873904,-250.619126425156,25.18185,25.17645,3648,"2026_01_13_0001","2026_01_13_0001_ev00350_rec1","no",230212
351,1,25.24495,-95.9885060751746,-111.990329946588,-16.0018238714136,1.69999999999959,1.54999999999816,2.25000000000009,-91.4409701925298,-13.9531002326946,7.79591203184754,-6.04150884092209,25.2431,25.24105,4899,"2026_01_13_0001","2026_01_13_0001_ev00351_rec1","no",230213
352,1,25.27965,-95.333495869093,-105.980588443734,-10.6470925746409,0.499999999998835,5.90000000000046,5.80000000000069,-92.8426940296817,-10.9416897537451,10.8900513018081,-50.1750990361896,25.27805,25.2772,5593,"2026_01_13_0001","2026_01_13_0001_ev00352_rec1","no",230214
353,1,25.30945,-94.9030476621794,-101.272854380926,-6.36980671874704,0.0500000000016598,0.0500000000016598,0,-91.4285861146281,-4.48888969519976,4.10433363405921,84.8503440813009,25.3093,25.30915,6189,"2026_01_13_0001","2026_01_13_0001_ev00353_rec1","no",230215
354,1,25.3757,-92.9118579426628,-119.689641794336,-26.7777838516729,11.3999999999983,17.7000000000014,9.85000000000014,-92.120096997604,-27.2350493976381,10.5680888243293,-388.037176018562,25.3754,25.36305,7514,"2026_01_13_0001","2026_01_13_0001_ev00354_rec1","no",230216
355,1,25.45445,-94.3137960962919,-109.372577565643,-15.0587814693516,0.900000000001455,4.54999999999828,3.84999999999991,-92.8600569183213,-11.9029713678414,7.30668662090723,-68.8985069358427,25.45295,25.4518,9089,"2026_01_13_0001","2026_01_13_0001_ev00355_rec1","no",230217
356,1,25.48775,-96.9095059534379,-109.320349066052,-12.4108431126143,1.29999999999697,5.44999999999973,4.85000000000113,-93.112323342721,-15.2397929066447,8.16168799470314,-26.99868096981,25.487,25.48535,9755,"2026_01_13_0001","2026_01_13_0001_ev00356_rec1","no",230218
357,1,25.5753,-95.1534944109127,-111.344043542987,-16.1905491320747,1.20000000000076,8.09999999999889,8.10000000000244,-89.6207011380784,-19.0656451223407,16.0487172329613,-130.680531091222,25.5729,25.5717,11506,"2026_01_13_0001","2026_01_13_0001_ev00357_rec1","no",230219
358,1,25.61305,-92.4657321548776,-131.638592030256,-39.1728598753788,3.65000000000038,11.4999999999981,10.0999999999978,-89.1756960639383,-50.860387533876,9.59666091326447,-506.408233339573,25.6122,25.60845,12261,"2026_01_13_0001","2026_01_13_0001_ev00358_rec1","no",230220
359,1,25.69765,-97.9902079856142,-101.160176272247,-3.16996828663297,0.0999999999997669,2.94999999999845,2.80000000000058,-92.4814288612447,-10.3588469603431,6.43422215194463,87.4572012525004,25.6958,25.6945,13953,"2026_01_13_0001","2026_01_13_0001_ev00359_rec1","no",230221
360,1,25.7405,-90.2113905803572,-115.255059217541,-25.0436686371837,2.25000000000009,9.29999999999964,9.69999999999871,-90.9667717684129,-25.3091131731305,8.91778139615499,-289.667906418948,25.7397,25.73735,14810,"2026_01_13_0001","2026_01_13_0001_ev00360_rec1","no",230222
361,1,25.7779,-91.1911751211468,-104.416168060475,-13.2249929393277,1.90000000000268,9.9499999999999,14.1500000000008,-90.1032727406861,-13.2218369826789,17.8326857255567,-201.341844802692,25.7755,25.77295,15558,"2026_01_13_0001","2026_01_13_0001_ev00361_rec1","no",230223
362,1,25.8688,-93.5251034040616,-125.662105934246,-32.1370025301847,0.949999999999562,7.30000000000075,10.0000000000016,-100.464251333847,-30.896128749209,5.45878639332779,-402.865498960336,25.86845,25.86725,17376,"2026_01_13_0001","2026_01_13_0001_ev00362_rec1","no",230224
363,1,25.8953,-98.84171069948,-108.37525340907,-9.53354270959018,0.350000000000961,3.69999999999848,4.30000000000064,-98.2710348032854,-12.3323831805525,3.91425283278586,-38.4636679270919,25.8946,25.8942,17906,"2026_01_13_0001","2026_01_13_0001_ev00363_rec1","no",230225
364,1,25.9188,-103.281060961466,-105.908104039394,-2.62704307792755,0.0500000000016598,0.150000000001427,0,-95.504764425559,-8.42768922188211,2.65363338346777,210.743312891966,25.9188,25.91865,18376,"2026_01_13_0001","2026_01_13_0001_ev00364_rec1","no",230226
365,1,26.0242,-94.6767208421239,-106.590166040785,-11.9134451986614,1.90000000000268,10.0499999999997,7.24999999999909,-203420.040098719,203326.347176401,272796.374012999,-326.070653318956,26.0237,26.0218,20484,"2026_01_13_0001","2026_01_13_0001_ev00365_rec1","no",230227
366,1,26.048,-97.8907422704398,-126.603190726654,-28.7124484562142,2.80000000000058,8.59999999999772,7.80000000000314,-90.1552052711442,-38.9775420451938,10.3742506863918,-210.7340318175,26.04755,26.0447,20960,"2026_01_13_0001","2026_01_13_0001_ev00366_rec1","no",230228
367,1,26.10545,-101.271796884847,-117.653210048356,-16.3814131635082,4.99999999999901,7.44999999999862,5.49999999999784,-88.8395653847546,-28.4193902474513,12.7671717878743,-10.3677201848833,26.1049,26.09975,22109,"2026_01_13_0001","2026_01_13_0001_ev00367_rec1","no",230229
368,1,26.14095,-94.7229683342409,-147.657019720659,-52.9340513864177,2.30000000000175,8.89999999999702,9.59999999999894,-100.546725039575,-55.8975151320058,6.84769779450594,-655.342387763162,26.14065,26.13825,22819,"2026_01_13_0001","2026_01_13_0001_ev00368_rec1","no",230230
369,1,26.17065,-95.9131863138899,-130.807177587447,-34.8939912735568,2.25000000000009,8.80000000000081,9.6500000000006,-92.8355705285846,-40.9597632346432,10.2583169306897,-363.809461494456,26.1704,26.16805,23413,"2026_01_13_0001","2026_01_13_0001_ev00369_rec1","no",230231
370,1,26.42655,-93.0439163797064,-127.76365874684,-34.7197423671333,0.550000000000495,5.8499999999988,5.95000000000212,-94.9652794438625,-35.1264081641879,5.10657320001353,-289.245511392475,26.4252,26.4245,28531,"2026_01_13_0001","2026_01_13_0001_ev00370_rec1","no",230232
371,1,26.5472,-93.828923201156,-96.3514327896713,-2.52250958851528,0.250000000001194,0.250000000001194,0.250000000001194,-92.2895138613691,-4.12356320855041,0.461299752476698,43.6474820366389,26.5472,26.54695,30944,"2026_01_13_0001","2026_01_13_0001_ev00371_rec1","no",230233
372,1,26.59625,-92.8431110069535,-124.95051564962,-32.1074046426669,2.94999999999845,7.64999999999816,7.04999999999956,-93.1631198914812,-33.8894453143001,6.56476964964087,-308.417119477123,26.596,26.59285,31925,"2026_01_13_0001","2026_01_13_0001_ev00372_rec1","no",230234
373,1,26.6318,-93.9749923580234,-115.699561259715,-21.7245689016914,1.24999999999886,9.99999999999801,10.2999999999973,-91.4573052721299,-31.3769594555503,9.47299623984981,-250.923509609538,26.63075,26.6292,32636,"2026_01_13_0001","2026_01_13_0001_ev00373_rec1","no",230235
374,1,26.67555,-95.9880550776027,-114.421363135879,-18.4333080582762,2.54999999999939,9.75000000000037,9.19999999999988,-87.6684794464354,-27.4930571553927,15.4300837659623,-155.247155707348,26.6748,26.6722,33511,"2026_01_13_0001","2026_01_13_0001_ev00374_rec1","no",230236
375,1,26.73675,-95.8788233402256,-122.493600259119,-26.6147769188934,1.89999999999912,5.74999999999903,5.59999999999761,-101.925518559253,-19.8874445469663,3.38347142915215,-309.88894232161,26.73545,26.7334,34735,"2026_01_13_0001","2026_01_13_0001_ev00375_rec1","no",230237
376,1,26.76455,-95.8138121788732,-121.96395990766,-26.1501477287867,1.85000000000102,6.35000000000119,6.19999999999976,-98.6769454861065,-28.0220219475919,4.36759914465272,-260.493243525231,26.76375,26.7618,35291,"2026_01_13_0001","2026_01_13_0001_ev00376_rec1","no",230238
377,1,26.78765,-100.844180427842,-108.805020369305,-7.96083994146272,0.0500000000016598,0.800000000001688,0.900000000001455,-96.1865036613772,-9.0712167651283,5.05503378579152,89.7223167986696,26.7874,26.7864,35753,"2026_01_13_0001","2026_01_13_0001_ev00377_rec1","no",230239
378,1,26.8031,-98.8001856118126,-102.503776155022,-3.70359054320903,0.0999999999997669,0.0999999999997669,0,-93.4187898120767,-6.04771826708066,7.73768936448162,115.257816580706,26.8031,26.803,36062,"2026_01_13_0001","2026_01_13_0001_ev00378_rec1","no",230240
379,1,26.83915,-94.086376582449,-128.708002135545,-34.6216255530964,3.09999999999988,7.69999999999982,8.09999999999889,-101.251686055903,-25.8797698051291,5.31988430105946,-435.675969204641,26.8388,26.8356,36783,"2026_01_13_0001","2026_01_13_0001_ev00379_rec1","no",230241
380,1,26.8659,-100.566956674223,-111.576065281548,-11.0091086073248,0.449999999997175,4.55000000000183,3.90000000000157,-93.1838541322118,-22.6666241743079,5.71612298864371,75.1041311324316,26.865,26.8638,37318,"2026_01_13_0001","2026_01_13_0001_ev00380_rec1","no",230242
381,1,26.9002,-93.185617692891,-137.544400720628,-44.358783027737,4.85000000000113,8.55000000000317,8.29999999999842,-91.3927471437395,-39.6262618242722,10.6778971167521,-477.036765392837,26.90015,26.8951,38004,"2026_01_13_0001","2026_01_13_0001_ev00381_rec1","no",230243
382,1,26.9295,-95.2852463649339,-98.5135521025606,-3.22830573762674,0.399999999999068,10.349999999999,9.89999999999824,-312544.810099029,312461.033291583,243247.920057438,-233.55494282681,26.92925,26.92865,38590,"2026_01_13_0001","2026_01_13_0001_ev00382_rec1","no",230244
383,1,26.95635,-92.6144909628765,-130.808663221965,-38.1941722590886,4.050000000003,13.0499999999998,10.349999999999,-92.337205518642,-38.2064525666139,10.6304312139318,-567.298460165587,26.9536,26.9494,39127,"2026_01_13_0001","2026_01_13_0001_ev00383_rec1","no",230245
384,1,27.10525,-93.3064784587403,-121.874564306466,-28.5680858477255,2.50000000000128,7.30000000000075,7.94999999999746,-92.4110818456297,-28.4459680571704,8.7748164119292,-262.75575712082,27.10505,27.1025,42105,"2026_01_13_0001","2026_01_13_0001_ev00384_rec1","no",230246
385,1,27.1387,-93.1804363653661,-115.75559336009,-22.5751569947244,0.600000000002154,2.64999999999915,2.44999999999962,-91.8646085566889,-15.2879914170717,5.31273895607399,-70.1096944661786,27.13745,27.13675,42774,"2026_01_13_0001","2026_01_13_0001_ev00385_rec1","no",230247
386,1,27.2507,-92.8056548238764,-113.02145502244,-20.2158001985636,1.1499999999991,7.24999999999909,8.30000000000197,-89.6417102096526,-23.5248775156651,10.4777758364974,-165.808480841316,27.2499,27.2485,45014,"2026_01_13_0001","2026_01_13_0001_ev00386_rec1","no",230248
387,1,27.28535,-94.6296514916409,-98.3946546409154,-3.76500314927445,0.299999999999301,0.599999999998602,0.849999999999795,-91.8728144277365,-5.33253747657571,3.31988005970366,64.5966685234261,27.2853,27.285,45707,"2026_01_13_0001","2026_01_13_0001_ev00387_rec1","no",230249
388,1,27.37185,-94.3069567552826,-114.162044007035,-19.8550872517519,1.4499999999984,10.0000000000016,10.3000000000009,-90.2349807900473,-26.6439065592606,12.1634715405408,-218.827856749173,27.3705,27.36885,47437,"2026_01_13_0001","2026_01_13_0001_ev00388_rec1","no",230250
389,1,27.4888,-97.7401301762086,-104.35692218821,-6.61679201200178,3.00000000000011,19.8999999999998,16.3499999999992,-379117.792219501,379033.685096694,385894.789933139,-34.0006553317217,27.4888,27.4856,49776,"2026_01_13_0001","2026_01_13_0001_ev00389_rec1","no",230251
390,1,27.52195,-88.2497758007762,-149.448582577706,-61.1988067769294,8.35000000000008,14.800000000001,9.39999999999941,-91.9838654822286,-60.8892361207948,8.03384639689902,-968.679902072253,27.5213,27.51285,50439,"2026_01_13_0001","2026_01_13_0001_ev00390_rec1","no",230252
391,1,27.57975,-93.9327925071685,-105.791909390077,-11.8591168829085,1.15000000000265,31.0500000000005,30.0000000000011,-102.295707310424,-5.51465066873814,1.56438967358463,-305.500246885661,27.5772,27.5742,51595,"2026_01_13_0001","2026_01_13_0001_ev00391_rec1","no",230253
392,1,27.59925,-92.8305077107727,-115.360948751746,-22.5304410409733,2.39999999999796,8.10000000000244,7.60000000000005,-89.7234261461029,-24.7518543742675,9.83211553653808,-195.655174599158,27.59885,27.59615,51985,"2026_01_13_0001","2026_01_13_0001_ev00392_rec1","no",230254
393,1,27.6779,-94.8619745829594,-115.872598701546,-21.0106241185867,1.95000000000078,6.45000000000095,29.9999999999976,-105.120467602514,-1.8763662589197,2.55168973496771,-343.058102167222,27.67715,27.67495,53558,"2026_01_13_0001","2026_01_13_0001_ev00393_rec1","no",230255
394,1,27.6981,-103.93446298506,-112.523290055683,-8.58882707062332,1.1499999999991,4.50000000000017,3.75000000000014,-91.9122399904879,-22.6545828985687,9.44330423853668,144.296587170697,27.69775,27.69625,53962,"2026_01_13_0001","2026_01_13_0001_ev00394_rec1","no",230256
395,1,27.759,-90.8852592277432,-113.687383497077,-22.8021242693338,2.09999999999866,7.04999999999956,10.2499999999992,-98.3503518773688,-17.4498111426838,3.54091447353038,-326.783906005606,27.75845,27.7562,55180,"2026_01_13_0001","2026_01_13_0001_ev00395_rec1","no",230257
396,1,27.7875,-91.5136984863024,-130.013729555121,-38.5000310688187,0.900000000001455,8.05000000000078,10.0999999999978,-94.5323439805888,-40.002589118984,7.9311604917948,-435.189703032801,27.78715,27.78625,55750,"2026_01_13_0001","2026_01_13_0001_ev00396_rec1","no",230258
397,1,27.835,-92.6684210568851,-96.7238094544839,-4.05538839759886,0.150000000001427,0.0999999999997669,0,-90.231289288548,-3.65783909774826,3.62023181841279,59.6000688067366,27.835,27.83485,56700,"2026_01_13_0001","2026_01_13_0001_ev00397_rec1","no",230259
398,1,27.8684,-91.7029573627679,-99.5533491237032,-7.85039176093531,0.450000000000728,6.55000000000072,7.94999999999746,-92.9407772759464,-10.5815617351591,4.29258765945268,-87.6718536147087,27.8681,27.8676,57368,"2026_01_13_0001","2026_01_13_0001_ev00398_rec1","no",230260
399,1,27.90295,-94.5863972108272,-145.930188697537,-51.34379148671,3.49999999999895,9.84999999999658,9.34999999999775,-89.1852263531287,-61.7447398583583,10.0441020521647,-570.187319579726,27.9024,27.89885,58059,"2026_01_13_0001","2026_01_13_0001_ev00399_rec1","no",230261
400,1,27.97915,-93.313306156549,-97.2499502232391,-3.93664406669006,0.550000000000495,2.89999999999679,2.84999999999869,-89.967553981701,-8.00931118161001,5.6109952024167,52.7138623146257,27.97915,27.97815,59583,"2026_01_13_0001","2026_01_13_0001_ev00400_rec1","no",230262
401,1,28.05235,-91.8345135308403,-96.0190786941963,-4.18456516335603,0.299999999999301,0.250000000001194,0.350000000000961,-89.7951452367406,-3.92219624460129,3.76983933633513,45.3959292318193,28.05225,28.05185,61047,"2026_01_13_0001","2026_01_13_0001_ev00401_rec1","no",230263
402,1,28.09615,-93.0809092328106,-119.960718592427,-26.8798093596165,2.70000000000081,5.39999999999807,5.64999999999927,-92.8899601462801,-29.30955966874,5.33521938394701,-215.28524443126,28.0961,28.08715,61923,"2026_01_13_0001","2026_01_13_0001_ev00402_rec1","no",230264
403,1,28.1256,-90.7071072604109,-95.8412126025655,-5.13410534215454,0.750000000000028,8.30000000000197,12.4500000000012,-90.6017157364501,-4.46329245999513,15.5831952911934,-61.5272242163461,28.1256,28.12485,62512,"2026_01_13_0001","2026_01_13_0001_ev00403_rec1","no",230265
404,1,28.15935,-94.5158799916682,-97.4123690975279,-2.89648910585964,0.199999999999534,0.0500000000016598,0,-81.9329369189356,-10.9901790631966,78.2671965242966,102.765419395253,28.15925,28.159,63187,"2026_01_13_0001","2026_01_13_0001_ev00404_rec1","no",230266
405,1,28.23295,-90.4341064225293,-93.9236039546759,-3.48949753214657,0.0999999999997669,7.69999999999982,4.50000000000017,-48559.1992711916,48468.1745123574,310052.315260511,-89.0759210715047,28.2327,28.2326,64659,"2026_01_13_0001","2026_01_13_0001_ev00405_rec1","no",230267
406,1,28.26735,-91.345950750763,-137.751409423968,-46.4054586732046,5.95000000000212,11.099999999999,8.70000000000104,-89.0628584548738,-47.4253315539451,9.7411105780866,-564.092575886947,28.26695,28.2608,65347,"2026_01_13_0001","2026_01_13_0001_ev00406_rec1","no",230268
407,1,28.2919,-91.813485852418,-101.82643445879,-10.0129486063721,0.200000000003087,0.10000000000332,0,-90.4561907999952,-4.22675737361557,9.29039441781202,2.10754464297353,28.2919,28.2916,65838,"2026_01_13_0001","2026_01_13_0001_ev00407_rec1","no",230269
408,1,28.36335,-91.4075262782321,-116.175407736997,-24.767881458765,1.54999999999816,10.6000000000002,11.3500000000002,-87.664882550031,-32.9443289524733,12.104301839376,-303.061510495772,28.36215,28.36045,67267,"2026_01_13_0001","2026_01_13_0001_ev00408_rec1","no",230270
409,1,28.41465,-91.0480157163325,-113.049345608732,-22.0013298923995,2.49999999999773,5.10000000000232,6.10000000000355,-92.4074419033422,-19.1720017864132,5.86669780107266,-184.723649741733,28.41445,28.41135,68293,"2026_01_13_0001","2026_01_13_0001_ev00409_rec1","no",230271
410,1,28.4476,-97.0661838560358,-108.523100892659,-11.4569170366237,0.850000000003348,4.6999999999997,5.34999999999997,-89.8807758746209,-20.3362463214028,9.31643177992473,25.3706676068842,28.4473,28.44645,68952,"2026_01_13_0001","2026_01_13_0001_ev00410_rec1","no",230272
411,1,28.52495,-91.402894862641,-118.943834017215,-27.5409391545739,2.74999999999892,7.40000000000052,9.29999999999964,-96.8387640621711,-20.4751667867569,6.37006454667376,-328.589449521582,28.5248,28.5219,70499,"2026_01_13_0001","2026_01_13_0001_ev00411_rec1","no",230273
412,1,28.5527,-94.2094051551643,-103.487983360491,-9.27857820532638,0.299999999999301,9.10000000000011,8.69999999999749,-88.9041647129159,-18.6822107927545,11.4676094761964,-63.3795404991683,28.5506,28.5501,71054,"2026_01_13_0001","2026_01_13_0001_ev00412_rec1","no",230274
413,1,28.623,-94.3646780188734,-101.886632204494,-7.5219541856207,0.550000000000495,3.00000000000011,3.49999999999895,-92.1948620816689,-10.3827627422336,4.75232540911396,-0.296028901769517,28.6209,28.6202,72460,"2026_01_13_0001","2026_01_13_0001_ev00413_rec1","no",230275
414,1,28.65815,-93.5316366016487,-123.207353862853,-29.6757172612047,1.70000000000314,5.20000000000209,5.2500000000002,-91.1602821378107,-32.1024903839465,5.97040320346971,-159.16823538823,28.6578,28.65595,73163,"2026_01_13_0001","2026_01_13_0001_ev00414_rec1","no",230276
415,1,28.8091,-91.2154546562875,-118.29107181283,-27.0756171565427,1.1499999999991,10.2500000000028,9.14999999999822,-95.8310543265698,-27.6459428475475,5.60251091120127,-411.921514810869,28.8055,28.8041,76182,"2026_01_13_0001","2026_01_13_0001_ev00415_rec1","no",230277
416,1,28.83675,-91.3230523645869,-108.521650628135,-17.1985982635477,1.64999999999793,5.44999999999973,6.10000000000355,-92.3619297554891,-16.9835616957465,5.25577829759475,-141.447782939474,28.83655,28.83475,76735,"2026_01_13_0001","2026_01_13_0001_ev00416_rec1","no",230278
417,1,28.87495,-87.7548072902942,-91.6993159262589,-3.94450863596464,0.199999999999534,30.5,29.9999999999976,-89.631808498503,-4.45344327228081,10.4437893431227,-103.516889397824,28.8746,28.8744,77499,"2026_01_13_0001","2026_01_13_0001_ev00417_rec1","no",230279
418,1,28.96555,-92.4179501212077,-101.310944756874,-8.89299463566661,2.44999999999962,4.6500000000016,0,-234261.057624056,234164.855799026,803395.099871135,-262.927075043784,28.96535,28.9629,79311,"2026_01_13_0001","2026_01_13_0001_ev00418_rec1","no",230280
419,1,28.9908,-92.858563715796,-111.73149996197,-18.8729362461744,4.24999999999898,9.50000000000273,6.89999999999813,-89.8169550816349,-20.1791567403922,9.85550036248132,-187.345589111157,28.9897,28.9852,79816,"2026_01_13_0001","2026_01_13_0001_ev00419_rec1","no",230281
420,1,29.0584,-91.6033473604954,-115.912967839095,-24.3096204785993,2.15000000000032,4.6500000000016,4.20000000000087,-95.7801265880672,-17.115818321701,3.31579953862747,-224.959293361363,29.05745,29.0549,81168,"2026_01_13_0001","2026_01_13_0001_ev00420_rec1","no",230282
421,1,29.08155,-90.9913991591759,-104.639080693993,-13.6476815348172,1.45000000000195,6.49999999999906,7.79999999999959,-90.3832431613994,-14.5833279878934,8.26075348746664,-112.322095925254,29.0813,29.07985,81631,"2026_01_13_0001","2026_01_13_0001_ev00421_rec1","no",230283
422,1,29.12165,-92.9039241224737,-96.670184209672,-3.76626008719829,0.0999999999997669,11.1500000000007,10.150000000003,-352905.971195956,352824.803692364,272522.306663183,-232.307835553445,29.12095,29.12085,82433,"2026_01_13_0001","2026_01_13_0001_ev00422_rec1","no",230284
423,1,29.14955,-92.7239632146699,-137.392189496872,-44.6682262822018,2.49999999999773,11.7000000000012,10.6499999999983,-89.2167459847235,-54.6675760000129,10.5859225789254,-594.932018145862,29.14795,29.1453,82991,"2026_01_13_0001","2026_01_13_0001_ev00423_rec1","no",230285
424,1,29.19475,-93.1794965982346,-124.058530180566,-30.8790335823318,2.15000000000032,9.19999999999988,9.85000000000014,-96.6319548128393,-33.0498528385945,6.90992620403487,-398.672443039762,29.19385,29.1916,83895,"2026_01_13_0001","2026_01_13_0001_ev00424_rec1","no",230286
425,1,29.22395,-104.229397171819,-110.191590571135,-5.96219339931591,0.0499999999981071,0.0499999999981071,0.150000000001427,-92.1190205200681,-14.9594878352862,3.94768351883859,303.129062944895,29.22395,29.22365,84479,"2026_01_13_0001","2026_01_13_0001_ev00425_rec1","no",230287
426,1,29.2933,-90.6492838324796,-113.052275395199,-22.4029915627193,3.94999999999968,12.2999999999998,9.9000000000018,-91.8803131019217,-25.4658428616027,7.7304322971751,-341.69125215006,29.29175,29.2877,85866,"2026_01_13_0001","2026_01_13_0001_ev00426_rec1","no",230288
427,1,29.3801,-92.7243085367775,-109.753437207931,-17.029128671154,2.94999999999845,7.69999999999982,7.04999999999956,-91.6725009246237,-17.3921528377188,8.17640371934781,-151.98996887609,29.3798,29.3762,87602,"2026_01_13_0001","2026_01_13_0001_ev00427_rec1","no",230289
428,1,29.43975,-89.4007187447637,-111.067792814537,-21.6670740697732,1.64999999999793,8.10000000000244,9.75000000000037,-94.2235142240331,-17.0485136817137,5.82182001178334,-284.501839871959,29.43855,29.4369,88795,"2026_01_13_0001","2026_01_13_0001_ev00428_rec1","no",230290
429,1,29.5837,-105.722063404067,-171.930772034896,-66.2087086308296,4.30000000000064,5.40000000000163,5.60000000000116,-101.159540052834,-70.4014965961006,6.31490722108899,-461.209915737967,29.58335,29.57285,91674,"2026_01_13_0001","2026_01_13_0001_ev00429_rec1","no",230291
430,1,29.65315,-98.0750270732108,-127.761478436096,-29.6864513628854,5.20000000000209,33.0500000000029,30.0000000000011,-113.465345837534,-17.0993469090907,2.46130409297875,-590.604710891726,29.65265,29.6473,93063,"2026_01_13_0001","2026_01_13_0001_ev00430_rec1","no",230292
431,1,29.67165,-104.368406733021,-124.066519596681,-19.6981128636605,3.00000000000011,9.29999999999964,8.54999999999961,-98.3916006514006,-27.2312537686404,11.8579143489951,-170.733161239833,29.67135,29.66815,93433,"2026_01_13_0001","2026_01_13_0001_ev00431_rec1","no",230293
432,1,29.7417,-97.180131205476,-133.272667997576,-36.0925367920998,2.10000000000221,8.49999999999795,10.8000000000033,-98.9680930784362,-31.192806171398,10.8624081839228,-423.246125738712,29.74125,29.739,94834,"2026_01_13_0001","2026_01_13_0001_ev00432_rec1","no",230294
433,1,29.86905,-99.0776508005588,-116.674564244085,-17.5969134435262,3.79999999999825,10.749999999998,7.89999999999935,-98.4278866091077,-22.4363478735082,6.91423068865921,-214.17629666372,29.8678,29.86395,97381,"2026_01_13_0001","2026_01_13_0001_ev00433_rec1","no",230295
434,1,29.99915,-109.746870271393,-150.398294797528,-40.6514245261349,1.35000000000218,5.05000000000067,5.15000000000043,-98.7778725735774,-54.0296723521773,7.03634666320282,-93.3333642101474,29.99865,29.99685,99983,"2026_01_13_0001","2026_01_13_0001_ev00434_rec1","no",230296
435,1,30.04035,-101.981918597756,-107.726648107424,-5.74472950966781,0.250000000001194,30.0500000000028,30.0000000000011,-36996.440146376,36898.5473168602,535932.71112826,91.3827436342157,30.04035,30.04005,100807,"2026_01_13_0001","2026_01_13_0001_ev00435_rec1","no",230297
436,1,30.0721,-96.1311085355744,-119.659508156477,-23.528399620903,4.6500000000016,9.49999999999918,1.25000000000242,-218031.440222917,217927.416335573,331976.148551763,-605.740560358887,30.07205,30.06725,101442,"2026_01_13_0001","2026_01_13_0001_ev00436_rec1","no",230298
437,1,30.1001,-101.845685283275,-129.56817491595,-27.7224896326757,2.70000000000081,9.79999999999848,6.29999999999953,-101.997621349687,-32.2520878886453,5.42714403689465,-409.868118888738,30.0901,30.08695,102002,"2026_01_13_0001","2026_01_13_0001_ev00437_rec1","no",230299
438,1,30.16835,-95.7825817057577,-136.538410657528,-40.7558289517701,1.45000000000195,2.70000000000081,0,-104698.763218088,104577.554419729,231423.489759949,-1064.52054720951,30.16675,30.16525,103367,"2026_01_13_0001","2026_01_13_0001_ev00438_rec1","no",230300
439,1,30.18955,-108.297499720594,-162.387042208659,-54.089542488065,3.79999999999825,7.40000000000052,5.44999999999973,-96.7055059629756,-67.6957651656052,7.18120340918869,-286.491972270347,30.1892,30.1853,103791,"2026_01_13_0001","2026_01_13_0001_ev00439_rec1","no",230301
440,1,30.2426,-99.875825436838,-105.137342579746,-5.26151714290749,0.199999999999534,0.250000000001194,0,-95.1414802247718,-6.3084161540188,1.61371428981028,131.168215652469,30.2426,30.2423,104852,"2026_01_13_0001","2026_01_13_0001_ev00440_rec1","no",230302
441,1,30.31625,-94.1212449065014,-135.641037019118,-41.5197921126167,1.30000000000052,12.4999999999993,15.0000000000006,-85.5596871183512,-52.1618376153327,19.2164673799958,-587.914181336635,30.3156,30.31405,106325,"2026_01_13_0001","2026_01_13_0001_ev00441_rec1","no",230303
442,1,30.35565,-96.3011831818299,-107.882536490017,-11.5813533081873,1.25000000000242,10.0999999999978,10.9999999999992,-96.1241465898029,-15.7826752415376,8.72289749781964,-163.965489906134,30.3532,30.35195,107113,"2026_01_13_0001","2026_01_13_0001_ev00442_rec1","no",230304
443,1,30.41435,-93.9882158631306,-119.992785982054,-26.0045701189231,3.5000000000025,12.0000000000005,9.54999999999728,-95.5419716980409,-30.3473460144998,7.22497754316689,-390.401946553842,30.4124,30.40875,108287,"2026_01_13_0001","2026_01_13_0001_ev00443_rec1","no",230305
444,1,30.4387,-97.4345646482157,-105.246736724934,-7.8121720767182,0.0499999999981071,0.0999999999997669,0,-95.1142166173793,-4.26139552405066,5.86006027026572,44.421409751841,30.43865,30.4386,108774,"2026_01_13_0001","2026_01_13_0001_ev00444_rec1","no",230306
445,1,30.50575,-98.8690603595724,-114.289995124847,-15.4209347652744,1.24999999999886,7.45000000000218,7.55000000000194,-92.6200348656644,-23.6273849163649,11.1091783367475,-108.330642390522,30.5033,30.50205,110115,"2026_01_13_0001","2026_01_13_0001_ev00445_rec1","no",230307
446,1,30.60515,-93.604182434482,-131.549701333818,-37.945518899336,1.65000000000148,6.3999999999993,7.25000000000264,-96.3001549451814,-38.7334333801515,5.92325494717096,-369.162031216627,30.6044,30.60265,112103,"2026_01_13_0001","2026_01_13_0001_ev00446_rec1","no",230308
447,1,30.6518,-94.984376549883,-124.385841690424,-29.4014651405408,2.34999999999985,8.54999999999961,8.54999999999961,-93.9425642177154,-32.0614642910164,8.64648537608479,-305.42926306798,30.65105,30.6485,113036,"2026_01_13_0001","2026_01_13_0001_ev00447_rec1","no",230309
448,1,30.7183,-92.8565081347749,-106.964371603073,-14.1078634682977,1.99999999999889,6.70000000000215,6.80000000000192,-93.0457769518891,-12.2910602844729,7.60553820645462,-129.07693860129,30.7171,30.7149,114366,"2026_01_13_0001","2026_01_13_0001_ev00448_rec1","no",230310
449,1,30.7848,-97.1585946653162,-99.6280413653804,-2.46944670006424,0.399999999999068,0.650000000000261,0.599999999998602,-93.7519518710635,-5.64069641089736,2.24683290642388,88.5226483518533,30.7848,30.7844,115696,"2026_01_13_0001","2026_01_13_0001_ev00449_rec1","no",230311
450,1,31.0218,-102.586749172462,-110.677799550448,-8.09105037798579,2.40000000000151,2.20000000000198,1.29999999999697,-95.8278691190514,-12.7051395648979,4.84680284559987,129.378297110802,31.021,31.01855,120436,"2026_01_13_0001","2026_01_13_0001_ev00450_rec1","no",230312
451,1,31.25365,-94.9391704551025,-122.876876823911,-27.9377063688089,1.20000000000076,6.95000000000334,8.44999999999985,-90.131985131977,-33.6070485886869,10.5819955411956,-219.385278424137,31.25325,31.25195,125073,"2026_01_13_0001","2026_01_13_0001_ev00451_rec1","no",230313
452,1,31.36575,-93.7690231155287,-97.4849933056054,-3.71597019007665,0.499999999998835,14.6999999999977,13.6499999999984,-536925.568139927,536838.558294834,899431.925754417,-66.016180454008,31.36565,31.36515,127315,"2026_01_13_0001","2026_01_13_0001_ev00452_rec1","no",230314
453,1,31.3949,-94.4735609454822,-124.798112813882,-30.3245518684,2.49999999999773,8.25000000000031,7.79999999999959,-90.7740219042771,-35.2500320833266,9.08879104578258,-271.326394375756,31.39415,31.3916,127898,"2026_01_13_0001","2026_01_13_0001_ev00453_rec1","no",230315
454,1,31.4486,-93.8629346681339,-120.323624776009,-26.4606901078748,1.1999999999972,4.50000000000017,4.90000000000279,-93.5251378012044,-29.9031510734633,4.51701834368754,-150.79090750236,31.4483,31.44705,128972,"2026_01_13_0001","2026_01_13_0001_ev00454_rec1","no",230316
455,1,31.5479,-90.3656206876644,-115.725702663592,-25.3600819759276,2.54999999999939,8.49999999999795,0,-151194.874026846,151093.890837333,575220.989526053,-502.841228172528,31.5465,31.5438,130958,"2026_01_13_0001","2026_01_13_0001_ev00455_rec1","no",230317
456,1,31.57735,-99.3279722730954,-140.934223670014,-41.6062513969182,1.79999999999936,8.15000000000055,8.80000000000081,-87.7068691382085,-55.8944774479514,12.1094467670121,-331.440625935833,31.5771,31.57515,131547,"2026_01_13_0001","2026_01_13_0001_ev00456_rec1","no",230318
457,1,31.7276,-90.7452963187086,-100.313014977699,-9.56771865899087,0.450000000000728,18.3,4.6999999999997,-50460.7808043941,50366.9659784246,505629.818914068,-183.811322242512,31.7232,31.72245,134552,"2026_01_13_0001","2026_01_13_0001_ev00457_rec1","no",230319
458,1,31.757,-90.3202097443898,-117.373927128562,-27.0537173841718,1.89999999999912,8.50000000000151,9.00000000000034,-89.7051514451006,-29.9353770204186,8.66786983443363,-282.01517342844,31.7562,31.75405,135140,"2026_01_13_0001","2026_01_13_0001_ev00458_rec1","no",230320
459,1,31.82095,-94.517353689279,-99.5281578035446,-5.01080411426561,0.150000000001427,15.2499999999982,14.3500000000003,-572662.596773441,572578.495987296,668626.649089274,-73.173830862263,31.82085,31.8207,136419,"2026_01_13_0001","2026_01_13_0001_ev00459_rec1","no",230321
460,1,31.85275,-93.4954478746568,-131.925790639173,-38.4303427645166,7.54999999999839,10.0499999999997,4.00000000000134,-95.4534507792846,-33.1930224605329,4.03905280011002,-392.294858380788,31.8526,31.8445,137055,"2026_01_13_0001","2026_01_13_0001_ev00460_rec1","no",230322
461,1,31.8813,-92.7377516816506,-102.659376980064,-9.92162529841349,1.50000000000006,6.6999999999986,6.25000000000142,-91.0945565271195,-13.5378047539149,6.68286269431829,-70.0473692593489,31.8798,31.8775,137626,"2026_01_13_0001","2026_01_13_0001_ev00461_rec1","no",230323
462,1,31.92705,-91.2404062527096,-115.614587176128,-24.3741809234186,1.80000000000291,32.5500000000005,29.9999999999976,-107.355035291888,-1.91550888014191,3.42739759797587,-542.498841224501,31.9259,31.92385,138541,"2026_01_13_0001","2026_01_13_0001_ev00462_rec1","no",230324
463,1,31.95045,-93.4880207627058,-127.170005879908,-33.6819851172022,0.650000000000261,8.05000000000078,9.19999999999988,-90.8959533884388,-42.7587374343301,8.80954181900765,-321.931871258406,31.9498,31.94915,139009,"2026_01_13_0001","2026_01_13_0001_ev00463_rec1","no",230325
464,1,32.07475,-91.3686010458953,-117.252138845733,-25.8835377998382,0.399999999999068,15.2999999999963,18.9000000000021,90021.3313665731,-90137.0693936295,115135.757404936,-395.959750171646,32.07435,32.07385,141495,"2026_01_13_0001","2026_01_13_0001_ev00464_rec1","no",230326
465,1,32.1164,-93.367197641682,-98.6222998781048,-5.25510223642279,0.0500000000016598,12.0999999999967,11.4499999999964,-336874.451581329,336793.097954433,276820.067681181,-186.953384482602,32.11635,32.1163,142328,"2026_01_13_0001","2026_01_13_0001_ev00465_rec1","no",230327
466,1,32.14285,-93.1028288898282,-130.405300583634,-37.3024716938053,2.6499999999956,9.34999999999775,8.35000000000008,-91.2890143587076,-43.6071267447194,8.15398294185172,-407.196810146318,32.14135,32.13865,142857,"2026_01_13_0001","2026_01_13_0001_ev00466_rec1","no",230328
467,1,32.1871,-92.9688298042494,-116.109022354281,-23.140192550032,1.05000000000643,6.00000000000023,7.2500000000062,-89.3365221458082,-26.6923954306963,9.22393932813757,-148.978543032529,32.18665,32.1856,143742,"2026_01_13_0001","2026_01_13_0001_ev00467_rec1","no",230329
468,1,32.2629,-93.6238436529855,-106.342864698608,-12.7190210456223,2.09999999999866,3.19999999999965,2.60000000000105,-91.5708412074375,-10.7190783721351,5.6070519902622,-25.142542911984,32.2613,32.2592,145258,"2026_01_13_0001","2026_01_13_0001_ev00468_rec1","no",230330
469,1,32.28,-89.6642561054202,-93.4305996632803,-3.76634355786011,0.999999999997669,7.24999999999909,9.85000000000014,-90.7824868667718,-3.81083953954227,3.73979976436808,-53.9030342552534,32.2797,32.2787,145600,"2026_01_13_0001","2026_01_13_0001_ev00469_rec1","no",230331
470,1,32.3498,-90.085310219407,-113.576575249743,-23.4912650303356,1.80000000000291,7.24999999999909,10.8000000000033,-98.0383106728617,-17.1370503432137,3.43901885289638,-345.620204761961,32.3489,32.34655,146996,"2026_01_13_0001","2026_01_13_0001_ev00470_rec1","no",230332
471,1,32.36955,-90.1811495622125,-110.993110538249,-20.8119609760365,0.999999999997669,7.5999999999965,12.0000000000005,-88.0477262874768,-16.4795185236127,23.2073615570342,-238.269768111002,32.36915,32.3681,147391,"2026_01_13_0001","2026_01_13_0001_ev00471_rec1","no",230333
472,1,32.4734,-93.8292871128002,-99.119275955717,-5.28998884291677,0.500000000002387,2.95000000000556,3.19999999999965,-91.482790819377,-9.99053817238633,3.7892501275474,30.8918692739346,32.4734,32.47245,149468,"2026_01_13_0001","2026_01_13_0001_ev00472_rec1","no",230334
473,1,32.50785,-90.7777212733612,-119.578915588517,-28.8011943151557,1.75000000000125,9.99999999999801,11.2999999999985,-81.9832361347248,-38.2732361277156,16.6929425625505,-317.389732940094,32.507,32.50495,150157,"2026_01_13_0001","2026_01_13_0001_ev00473_rec1","no",230335
474,1,32.6041,-90.4030111620119,-107.861260977455,-17.4582498154426,1.24999999999886,7.54999999999484,8.69999999999749,-85.8502898777204,-20.9109472252934,13.5568740326061,-138.811715188661,32.60355,32.60215,152082,"2026_01_13_0001","2026_01_13_0001_ev00474_rec1","no",230336
475,1,32.64655,-90.3209385778036,-108.860310979751,-18.5393724019473,2.80000000000058,7.89999999999935,11.7499999999993,-85.8954891325091,-18.3909328838873,24.0451742533664,-222.556443620423,32.6463,32.6432,152931,"2026_01_13_0001","2026_01_13_0001_ev00475_rec1","no",230337
476,1,32.75575,-87.8473052115185,-103.790338174594,-15.9430329630758,3.90000000000157,33.3499999999987,29.999999999994,-96.043500365737,-5.75415936019614,1.62739521841164,-314.648694259987,32.7546,32.7498,155115,"2026_01_13_0001","2026_01_13_0001_ev00476_rec1","no",230338
477,1,32.7802,-91.7558160352305,-105.68454855944,-13.9287325242095,0.750000000003581,2.74999999999892,3.15000000000509,-92.6018903019431,-10.9547016712666,3.37082354314375,-72.3098412316775,32.77995,32.7791,155604,"2026_01_13_0001","2026_01_13_0001_ev00477_rec1","no",230339
478,1,32.8236,-95.5684052493274,-107.60593414495,-12.0375288956221,1.30000000000052,2.69999999999726,1.14999999999554,-91.5948184136774,-11.9675863508562,3.34406834036078,60.2843265010292,32.8223,32.82095,156472,"2026_01_13_0001","2026_01_13_0001_ev00478_rec1","no",230340
479,1,32.86345,-90.6557918877105,-102.669441314101,-12.013649426391,1.59999999999627,6.45000000000095,9.99999999999801,-84.8615165475969,-13.6047959726063,35.2363755038539,-113.557506069883,32.8633,32.8616,157269,"2026_01_13_0001","2026_01_13_0001_ev00479_rec1","no",230341
480,1,32.9084,-92.1474687989588,-120.912367518698,-28.7648987197392,5.49999999999784,10.2999999999938,7.44999999999862,-91.0330355804974,-31.5733421841864,7.51756613886859,-332.530707525779,32.90825,32.90245,158168,"2026_01_13_0001","2026_01_13_0001_ev00480_rec1","no",230342
481,1,32.97555,-92.36104673596,-112.993444688949,-20.6323979529891,2.09999999999866,4.6999999999997,3.74999999999659,-90.1217833904155,-21.8583360462665,4.72706445715663,-75.2069257968652,32.9747,32.97245,159511,"2026_01_13_0001","2026_01_13_0001_ev00481_rec1","no",230343
482,1,33.12065,-98.0505368752252,-112.976384194084,-14.9258473188592,1.25000000000597,3.45000000000084,4.19999999999732,-89.9509292132738,-22.5817169081743,8.30986207436998,42.2243512509883,33.1196,33.11825,162413,"2026_01_13_0001","2026_01_13_0001_ev00482_rec1","no",230344
483,1,33.15925,-90.9483130261123,-110.968150401473,-20.0198373753608,1.35000000000218,9.6500000000006,7.39999999999696,-90.5325600094831,-19.2084015425889,8.23455357938753,-228.015550657584,33.1551,33.1536,163185,"2026_01_13_0001","2026_01_13_0001_ev00483_rec1","no",230345
484,1,33.20765,-93.8194685599059,-99.6060153809016,-5.78654682099568,0.150000000004979,0.150000000004979,0,-91.196685642285,-4.59848595209791,2.86481187217673,64.6687413636549,33.20755,33.2074,164153,"2026_01_13_0001","2026_01_13_0001_ev00484_rec1","no",230346
485,1,33.293,-91.4842911287208,-118.804550345657,-27.3202592169364,0.849999999999795,4.30000000000064,4.99999999999545,-94.3480869281029,-25.3382232178347,3.983856122683,-208.926217707059,33.29275,33.2919,165860,"2026_01_13_0001","2026_01_13_0001_ev00485_rec1","no",230347
486,1,33.3255,-95.6562146215617,-98.0556066056764,-2.39939198411476,0.300000000002854,0.250000000001194,0,7566.3657216388,-7659.66652649701,138624.961728342,94.8907973560179,33.3255,33.3252,166510,"2026_01_13_0001","2026_01_13_0001_ev00486_rec1","no",230348
487,1,33.44315,-93.2293038021507,-114.889597032431,-21.6602932302798,2.65000000000271,7.99999999999557,6.95000000000334,-93.7573081382527,-22.9300211536799,6.20951328520386,-217.500862981177,33.4424,33.4396,168863,"2026_01_13_0001","2026_01_13_0001_ev00487_rec1","no",230349
488,1,33.4724,-95.046593096305,-99.3542983465666,-4.30770525026152,0.0999999999962142,10.2999999999938,9.70000000000226,-639007.09166964,638924.253672569,448305.075116892,-275.657014803686,33.4724,33.4722,169448,"2026_01_13_0001","2026_01_13_0001_ev00488_rec1","no",230350
489,1,33.4948,-92.8921649675885,-156.189458123459,-63.2972931558709,1.00000000000477,5.5499999999995,6.69999999999504,-94.3657932365986,-61.6342936296265,6.48973512667391,-499.682020142891,33.4944,33.49325,169896,"2026_01_13_0001","2026_01_13_0001_ev00489_rec1","no",230351
490,1,33.56585,-95.2130455210796,-109.651565916002,-14.4385203949221,0.699999999994816,1.75000000000125,1.80000000000291,-92.0204647828074,-16.8712086227523,2.6169286160657,43.1976950953725,33.5657,33.5649,171317,"2026_01_13_0001","2026_01_13_0001_ev00490_rec1","no",230352
491,1,33.6522,-93.399082532036,-125.449334788462,-32.0502522564256,2.34999999999985,10.5000000000004,11.0500000000044,-89.4621844611222,-30.2423454269656,17.0418107582618,-404.179193199958,33.65085,33.6482,173044,"2026_01_13_0001","2026_01_13_0001_ev00491_rec1","no",230353
492,1,33.741,-95.3120392863617,-100.874282904192,-5.56224361783077,0.650000000000261,2.84999999999513,0.149999999997874,-93.4748819825537,-4.88955480575147,0.764254726313792,46.3863300916714,33.7388,33.73815,174820,"2026_01_13_0001","2026_01_13_0001_ev00492_rec1","no",230354
493,1,33.80195,-92.4816393357628,-124.450434878956,-31.968795543193,1.84999999999746,7.24999999999909,7.89999999999935,-97.4769565578273,-27.1470355010196,5.74135142056534,-362.672549340498,33.80105,33.7991,176039,"2026_01_13_0001","2026_01_13_0001_ev00493_rec1","no",230355
494,1,33.9607,-98.3923927843676,-101.412971728971,-3.02057894460368,0.799999999998136,1.1999999999972,0.10000000000332,-93.410398860619,-6.23617944190391,3.99191869910825,123.357196182061,33.9604,33.9593,179214,"2026_01_13_0001","2026_01_13_0001_ev00494_rec1","no",230356
495,1,33.99245,-91.6068370617067,-118.123315356593,-26.5164782948864,2.0500000000041,7.55000000000194,8.35000000000008,-94.1591640424044,-20.9306228847165,7.90107315517073,-284.409199510791,33.99185,33.9897,179849,"2026_01_13_0001","2026_01_13_0001_ev00495_rec1","no",230357
496,1,34.2621,-91.2828069870012,-121.826210444927,-30.5434034579263,8.65000000000293,15.6500000000008,10.4499999999987,-89.9352326195465,-40.1199788509975,9.05143934918092,-466.473512107823,34.25985,34.25105,185242,"2026_01_13_0001","2026_01_13_0001_ev00496_rec1","no",230358
497,1,34.3171,-92.3370573034264,-111.797500234556,-19.46044293113,0.799999999998136,3.14999999999799,2.70000000000437,-93.8738810860618,-19.7638308972741,2.14638629621797,-112.377072911311,34.3163,34.31545,186342,"2026_01_13_0001","2026_01_13_0001_ev00497_rec1","no",230359
498,1,34.3482,-88.6089364509631,-94.7780113232743,-6.16907487231114,0.350000000004513,30.3499999999985,29.999999999994,-92.8007105391664,-4.99677947992361,7.5425766951131,-165.874721214631,34.3482,34.34785,186964,"2026_01_13_0001","2026_01_13_0001_ev00498_rec1","no",230360
499,1,34.4159,-93.6766629934374,-110.586933552458,-16.9102705590209,1.60000000000338,3.99999999999778,4.85000000000468,-93.2622893914293,-17.2405984166152,5.08924771170623,-94.2927006448029,34.4158,34.4141,188318,"2026_01_13_0001","2026_01_13_0001_ev00499_rec1","no",230361
500,1,34.57305,-101.487977397716,-112.414976554134,-10.9269991564174,2.49999999999773,5.29999999999831,3.75000000000369,-93.4317392920929,-18.703954872315,8.62356274067555,57.2121113726808,34.5724,34.56945,191461,"2026_01_13_0001","2026_01_13_0001_ev00500_rec1","no",230362
501,1,34.6065,-93.8264392043761,-98.3743752565582,-4.54793605218207,0.10000000000332,0.950000000003115,1.80000000000291,-92.9042260210918,-3.97862499664684,4.22896001128444,10.4530978765049,34.6065,34.6064,192130,"2026_01_13_0001","2026_01_13_0001_ev00501_rec1","no",230363
502,1,34.63975,-96.4737874413464,-98.7994518934235,-2.32566445207713,0.199999999999534,23.5500000000002,22.1000000000018,-136538.524963904,136446.015773332,625464.982765001,20.3303966143654,34.63965,34.6394,192795,"2026_01_13_0001","2026_01_13_0001_ev00502_rec1","no",230364
503,1,34.6686,-95.1658242138948,-112.809627899463,-17.6438036855678,2.09999999999866,5.5499999999995,6.34999999999764,-93.6275467176656,-16.5881622029525,8.82602856982918,-124.173308639422,34.66795,34.66585,193372,"2026_01_13_0001","2026_01_13_0001_ev00503_rec1","no",230365
504,1,34.7439,-93.4600510669294,-111.276898809384,-17.8168477424546,3.84999999999991,10.6499999999983,30.0000000000011,-100.40366315707,-11.24793381754,3.8826469678989,-325.160904794942,34.743,34.73915,194878,"2026_01_13_0001","2026_01_13_0001_ev00504_rec1","no",230366
505,1,34.7703,-102.805156556499,-105.29985521116,-2.49469865466065,0.149999999997874,0.499999999995282,0.650000000000261,-93.3796085752073,-11.4580409140744,6.59571859642764,206.577972101012,34.76995,34.76975,195406,"2026_01_13_0001","2026_01_13_0001_ev00505_rec1","no",230367
506,1,34.8392,-95.0658985068884,-111.395098219585,-16.3291997126965,3.5000000000025,28.4000000000049,18.8500000000005,-136264.914222681,136169.442574225,455445.748925234,-192.016410999952,34.8377,34.8333,196784,"2026_01_13_0001","2026_01_13_0001_ev00506_rec1","no",230368
507,1,34.87445,-105.656332485613,-143.248275814765,-37.591943329152,1.95000000000078,5.00000000000256,4.80000000000302,-97.4692772340263,-48.2740718981541,6.11599653763419,-97.6578561128042,34.87405,34.8716,197489,"2026_01_13_0001","2026_01_13_0001_ev00507_rec1","no",230369
508,1,34.9741,-95.1619855958525,-103.691958494306,-8.52997289845381,0.249999999994088,8.49999999999795,9.3000000000032,-85.6164341121702,-16.7099445602901,33.998153172148,-62.6343449318927,34.9724,34.972,199482,"2026_01_13_0001","2026_01_13_0001_ev00508_rec1","no",230370
509,1,35.0655,-95.8833164033436,-133.97216796875,-38.0888515654064,2.39999999999441,8.59999999999417,8.44999999999629,-93.831794492767,-44.039556373567,8.41280268200883,-380.148781912667,35.06485,35.06225,201310,"2026_01_13_0001","2026_01_13_0001_ev00509_rec1","no",230371
510,1,35.143,-95.7961233229864,-108.642570495605,-12.8464471726191,1.95000000000789,10.3000000000009,7.84999999999769,-92.3551707218654,-16.1154726164963,11.5761751946045,-131.678989955357,35.13915,35.1369,202860,"2026_01_13_0001","2026_01_13_0001_ev00510_rec1","no",230372
511,1,35.21505,-90.9714395432245,-111.083976745605,-20.1125372023809,2.89999999999679,7.69999999999982,6.94999999999624,-95.3211175397861,-11.6840964533988,5.23082803952196,-272.406805129278,35.21225,35.2093,204301,"2026_01_13_0001","2026_01_13_0001_ev00511_rec1","no",230373
512,1,35.2787,-98.3392548334031,-110.778800964355,-12.4395461309524,1.20000000000431,2.00000000000244,0,9203.36189819643,-9305.44065437372,39256.5709163161,-20.1168968563988,35.2774,35.2761,205574,"2026_01_13_0001","2026_01_13_0001_ev00512_rec1","no",230374
513,1,35.3149,-95.3020292009626,-117.492668151855,-22.1906389508929,0.399999999999068,4.19999999999732,4.90000000000634,-94.0611968501775,-23.3299244976023,5.43160524833226,-105.242047991072,35.3143,35.31375,206298,"2026_01_13_0001","2026_01_13_0001_ev00513_rec1","no",230375
514,1,35.36175,-93.4564423334031,-114.440910339355,-20.9844680059524,1.20000000000431,2.89999999999679,3.39999999999918,-93.3279792741,-16.3937478346844,4.64619304059832,-91.3794381277901,35.3615,35.36015,207235,"2026_01_13_0001","2026_01_13_0001_ev00514_rec1","no",230376
515,1,35.4098,-94.6626132783436,-123.596183776855,-28.9335704985119,1.04999999999933,3.75000000000369,4.89999999999924,-103.009136202489,-23.0795518066367,2.15020779167026,-326.905388314383,35.4094,35.4079,208196,"2026_01_13_0001","2026_01_13_0001_ev00515_rec1","no",230377
516,1,35.43715,-92.511850629534,-125.732414245605,-33.2205636160714,3.25000000000131,10.4499999999987,10.2000000000046,-92.4501938611777,-36.5304615373574,9.38900462878291,-434.829713439941,35.43525,35.4316,208743,"2026_01_13_0001","2026_01_13_0001_ev00516_rec1","no",230378
517,1,35.50905,-91.4510014851888,-118.103019714355,-26.6520182291667,2.10000000000576,8.35000000000008,8.74999999999915,-92.2556357154951,-27.2666845904069,7.96070904313452,-287.422180175781,35.5083,35.5061,210181,"2026_01_13_0001","2026_01_13_0001_ev00517_rec1","no",230379
518,1,35.569,-94.4446305774507,-104.064933776855,-9.62030319940476,0.500000000002387,2.69999999999726,30.0000000000011,-98.0606881454519,-1.48805525217404,2.89552670849715,-135.232107979911,35.5665,35.56575,211380,"2026_01_13_0001","2026_01_13_0001_ev00518_rec1","no",230380
519,1,35.61295,-94.7207419985817,-149.84130859375,-55.1205665951683,3.40000000000629,4.89999999999213,5.49999999999784,-104.687867257486,-52.3413286711509,3.39828944402083,-571.854756600516,35.61235,35.60835,212259,"2026_01_13_0001","2026_01_13_0001_ev00519_rec1","no",230381
520,1,35.6383,-99.196653456915,-120.544425964355,-21.3477725074405,0.849999999999795,3.05000000000177,3.34999999999752,-104.379548514791,-18.9382610893575,1.73649002610549,-209.136599586124,35.6377,35.63675,212766,"2026_01_13_0001","2026_01_13_0001_ev00520_rec1","no",230382
521,1,35.6893,-115.937724885486,-143.12744140625,-27.1897165207636,1.4500000000055,12.5500000000045,13.3500000000026,310137.373357872,-310278.245700206,278847.047105198,-299.830955287389,35.6879,35.68635,213786,"2026_01_13_0001","2026_01_13_0001_ev00521_rec1","no",230383
522,1,35.7832,-95.4182866414388,-135.498046875,-40.0797602335612,4.6999999999997,15.0000000000006,8.05000000000433,-99.8622719343991,-39.7409027586712,5.9941734869728,-677.035066477458,35.7769,35.77025,215664,"2026_01_13_0001","2026_01_13_0001_ev00522_rec1","no",230384
523,1,35.83545,-99.2402499970936,-125.732414245605,-26.4921642485119,2.34999999999985,10.9000000000066,14.0000000000029,-93.4307599659002,-27.7606727684767,24.3415260393589,-344.298227637154,35.83525,35.8322,216709,"2026_01_13_0001","2026_01_13_0001_ev00523_rec1","no",230385
524,1,35.958,-102.437329610189,-145.8740234375,-43.4366938273112,2.29999999999819,6.1499999999981,6.9999999999979,-108.486747836859,-35.5750383409599,5.54154082114894,-441.263883272807,35.9579,35.9554,219160,"2026_01_13_0001","2026_01_13_0001_ev00524_rec1","no",230386
525,1,35.9873,-107.945025852748,-143.12744140625,-35.1824155535017,1.00000000000477,2.39999999999441,2.60000000000105,-100.140931457035,-38.978083299079,4.17653586644637,50.168702207293,35.98715,35.9861,219746,"2026_01_13_0001","2026_01_13_0001_ev00525_rec1","no",230387
526,1,36.0153,-96.8279081072126,-109.863273620605,-13.0353655133929,0.449999999993622,10.8999999999995,9.25000000000154,-783568.769212276,783479.998134155,563576.444570847,-388.138922364371,36.0152,36.01475,220306,"2026_01_13_0001","2026_01_13_0001_ev00526_rec1","no",230388
527,1,36.0438,-104.588092258998,-166.625961303711,-62.0378690447126,2.9000000000039,5.89999999999691,5.74999999999903,-117.311410126843,-49.3974371725632,3.64313414096758,-700.119104385376,36.043,36.03965,220876,"2026_01_13_0001","2026_01_13_0001_ev00527_rec1","no",230389
528,1,36.06555,-104.791542779832,-133.36181640625,-28.5702736264183,1.04999999999933,6.89999999999458,6.85000000000002,-99.6906150913052,-37.6501689484685,7.79440230839079,-182.431203061058,36.0644,36.06295,221311,"2026_01_13_0001","2026_01_13_0001_ev00528_rec1","no",230390
529,1,36.12425,-96.7407150268555,-119.934074401855,-23.193359375,0.749999999996476,4.6999999999997,6.3999999999993,-103.802134823797,-13.806626695944,2.90213664871114,-281.959533691406,36.12315,36.12225,222485,"2026_01_13_0001","2026_01_13_0001_ev00529_rec1","no",230391
530,1,36.1536,-108.133944193522,-113.525382995605,-5.39143880208333,0.800000000005241,6.30000000000308,5.20000000000209,-96.4993674388384,-19.5721483566212,14.3753393414394,91.3696289062501,36.15255,36.1514,223072,"2026_01_13_0001","2026_01_13_0001_ev00530_rec1","no",230392
531,1,36.2026,-99.1239925566174,-110.473625183105,-11.3496326264881,0.500000000002387,4.1000000000011,30.0000000000011,-103.693192404341,-10.7379512670217,1.34341184173446,-164.868672688802,36.20175,36.20125,224052,"2026_01_13_0001","2026_01_13_0001_ev00531_rec1","no",230393
532,1,36.23655,-100.911450703939,-134.8876953125,-33.9762446085612,5.75000000000614,9.74999999999682,5.80000000000069,-98.0765193572518,-36.55407842062,6.70153532126041,-266.372700881958,36.2359,36.23,224731,"2026_01_13_0001","2026_01_13_0001_ev00532_rec1","no",230394
533,1,36.2933,-97.0022942679269,-108.947746276855,-11.9454520089286,1.15000000000265,2.89999999999679,4.44999999999851,-98.3748304678264,-6.44275968745712,5.97009302187384,-87.5549316406249,36.29315,36.29195,225866,"2026_01_13_0001","2026_01_13_0001_ev00533_rec1","no",230395
534,1,36.34815,-99.6762153988793,-127.868644714355,-28.1924293154762,7.69999999999982,6.1499999999981,4.20000000000442,-101.843338322311,-23.8380723465432,3.95846351200757,-255.764916211083,36.3475,36.3393,226963,"2026_01_13_0001","2026_01_13_0001_ev00534_rec1","no",230396
535,1,36.3946,-102.451861790248,-125.732414245605,-23.2805524553571,1.64999999999793,6.45000000000095,5.89999999999691,-97.5455908972366,-32.8830767658629,6.61539165754582,-108.654569843837,36.3939,36.39215,227892,"2026_01_13_0001","2026_01_13_0001_ev00535_rec1","no",230397
536,1,36.457,-101.49273790632,-104.675285339355,-3.18254743303571,0.150000000004979,11.9999999999933,11.1500000000007,-74259.591700719,74164.176299038,114191.122445955,-110.578264890398,36.45675,36.4566,229140,"2026_01_13_0001","2026_01_13_0001_ev00536_rec1","no",230398
537,1,36.47455,-99.6035544985817,-121.765129089355,-22.1615745907738,1.35000000000218,10.1999999999975,13.2499999999993,-61.9769836804775,-55.0368915536133,72.4486560329873,-253.032866359892,36.47405,36.4726,229491,"2026_01_13_0001","2026_01_13_0001_ev00537_rec1","no",230399
538,1,36.5293,-97.2057447887602,-117.797843933105,-20.5920991443452,2.79999999999347,33.1999999999937,29.999999999994,-107.953090119951,-16.3919349374794,2.03751118771549,-407.917205501738,36.5285,36.5257,230586,"2026_01_13_0001","2026_01_13_0001_ev00538_rec1","no",230400
539,1,36.5544,-99.0803960164388,-124.511711120605,-25.4313151041667,2.6499999999956,10.2499999999992,12.2499999999945,-106.687169257667,-22.0915043843417,4.89377905946684,-411.707561365764,36.55335,36.5506,231088,"2026_01_13_0001","2026_01_13_0001_ev00539_rec1","no",230401
540,1,36.579,-109.151196797689,-115.661613464355,-6.51041666666667,0.400000000006173,11.7500000000064,9.95000000000346,-135.913163911981,31.5846482650811,38.1780075578468,-147.524554125468,36.5788,36.5776,231580,"2026_01_13_0001","2026_01_13_0001_ev00540_rec1","no",230402
541,1,36.60915,-105.038589840844,-133.36181640625,-28.3232265654064,1.64999999999793,4.59999999999638,4.39999999999685,-102.503384603418,-36.0157715337573,4.31840967645114,-124.485945492699,36.6088,36.60705,232183,"2026_01_13_0001","2026_01_13_0001_ev00541_rec1","no",230403
542,1,36.63415,-100.925982883998,-113.220207214355,-12.2942243303571,1.15000000000265,24.249999999995,17.3500000000004,-72006.3477884361,71906.0504992993,241180.996127575,-130.231584821428,36.63355,36.6323,232683,"2026_01_13_0001","2026_01_13_0001_ev00542_rec1","no",230404
543,1,36.6784,-101.013175964355,-137.02392578125,-36.0107498168945,1.35000000000218,5.25000000000375,6.59999999999883,-100.719129978214,-31.8371774529773,7.77801774232829,-264.854446029663,36.6782,36.67685,233568,"2026_01_13_0001","2026_01_13_0001_ev00543_rec1","no",230405
544,1,36.7061,-98.9641385759626,-107.421867370605,-8.45772879464286,0.299999999995748,4.15000000000276,5.40000000000163,-98.8255606961357,-8.50099607705185,5.62963200169533,-52.2526332310269,36.7053,36.705,234122,"2026_01_13_0001","2026_01_13_0001_ev00544_rec1","no",230406
545,1,36.74615,-98.4555122738793,-112.304679870605,-13.8491675967262,2.24999999999653,7.24999999999909,8.09999999999889,-97.5577874781242,-11.8464191605556,11.9787218338411,-192.545572916667,36.7398,36.73745,234923,"2026_01_13_0001","2026_01_13_0001_ev00545_rec1","no",230407
546,1,36.78445,-95.6508015223912,-108.947746276855,-13.2969447544643,0.650000000000261,4.14999999999566,5.5499999999995,-99.4687280857434,-8.66681467678615,2.68552396415193,-154.692513602121,36.78355,36.7828,235689,"2026_01_13_0001","2026_01_13_0001_ev00546_rec1","no",230408
547,1,36.8435,-97.6126458304269,-114.440910339355,-16.8282645089286,1.55000000000172,13.0499999999998,11.2499999999969,-96.0529347265192,-18.6700181352657,12.8764140903259,-254.080636160714,36.8395,36.83745,236870,"2026_01_13_0001","2026_01_13_0001_ev00547_rec1","no",230409
548,1,36.90205,-98.005014692034,-110.168449401855,-12.1634347098214,0.800000000005241,0.749999999996476,1.24999999999886,-100.867707833855,-6.66245520104424,0.87592448841614,-97.7576119559153,36.902,36.9011,238041,"2026_01_13_0001","2026_01_13_0001_ev00548_rec1","no",230410
549,1,36.93645,-99.4872970581055,-124.511711120605,-25.0244140625,3.34999999999752,7.35000000000241,5.90000000000401,-98.669946238064,-23.1967326306331,7.07244800886245,-226.19628944397,36.935,36.93105,238729,"2026_01_13_0001","2026_01_13_0001_ev00549_rec1","no",230411
550,1,36.99115,-101.289287385486,-114.440910339355,-13.1516229538691,0.999999999997669,3.40000000000629,3.79999999999825,-100.346372350097,-12.1530851470883,5.14421913742921,-46.5080624534971,36.9911,36.98965,239823,"2026_01_13_0001","2026_01_13_0001_ev00550_rec1","no",230412
551,1,37.15495,-98.891477675665,-102.233879089355,-3.34240141369048,0.250000000001194,8.59999999999417,9.54999999999728,-68.0924371887629,-35.2120015461121,101.184794997771,7.86699567522304,37.15465,37.1544,243099,"2026_01_13_0001","2026_01_13_0001_ev00551_rec1","no",230413
552,1,37.2001,-97.4382596697126,-109.558097839355,-12.1198381696429,0.500000000002387,3.19999999999254,4.30000000000064,-99.7525137487511,-8.8729172213577,3.04079308135217,-102.644784109933,37.1999,37.19935,244002,"2026_01_13_0001","2026_01_13_0001_ev00552_rec1","no",230414
553,1,37.23165,-102.786101931617,-105.285636901855,-2.4995349702381,0.849999999999795,4.04999999999944,3.30000000000297,-96.6533215877411,-10.2900204299601,8.79567587526669,93.6856951032364,37.23105,37.2302,244633,"2026_01_13_0001","2026_01_13_0001_ev00553_rec1","no",230415
554,1,37.26935,-97.2929378691174,-114.440910339355,-17.1479724702381,1.54999999999461,1.99999999999534,2.15000000000032,-97.2940600741136,-11.4328269219224,3.6585876673699,-58.4418887183782,37.2691,37.26755,245387,"2026_01_13_0001","2026_01_13_0001_ev00554_rec1","no",230416
555,1,37.3239,-97.1040195283436,-119.934074401855,-22.8300548735119,2.49999999999773,12.9999999999981,13.0499999999998,-94.4458928891901,-25.8912155854133,15.3949234146328,-342.519488034929,37.32215,37.31945,246478,"2026_01_13_0001","2026_01_13_0001_ev00555_rec1","no",230417
556,1,37.37205,-99.777940659296,-130.92041015625,-31.142469496954,2.94999999999845,5.60000000000116,5.45000000000329,-98.2929907509498,-32.9958068959651,5.86699938950978,-207.797468730381,37.3714,37.3682,247441,"2026_01_13_0001","2026_01_13_0001_ev00556_rec1","no",230418
557,1,37.39315,-97.0458908081055,-100.097648620605,-3.0517578125,0.150000000004979,5.04999999999711,6.79999999999836,-97.7663740782491,-3.44302251312867,3.19761333863143,-34.088134765625,37.393,37.3927,247863,"2026_01_13_0001","2026_01_13_0001_ev00557_rec1","no",230419
558,1,37.56625,-97.7724998110817,-114.746086120605,-16.9735863095238,2.74999999999892,12.5999999999991,7.15000000000288,-96.5310515203262,-20.3812620120693,7.17639034496297,-198.623657226563,37.5613,37.5579,251325,"2026_01_13_0001","2026_01_13_0001_ev00558_rec1","no",230420
559,1,37.61265,-98.7897524152483,-109.252922058105,-10.4631696428571,1.14999999999554,3.15000000000509,2.54999999999939,-97.3290198917047,-11.952428693398,3.17366456951136,-5.14003208705346,37.6124,37.61115,252253,"2026_01_13_0001","2026_01_13_0001_ev00559_rec1","no",230421
560,1,37.6798,-97.7143710908436,-114.746086120605,-17.0317150297619,1.90000000000623,7.15000000000288,6.1499999999981,-98.5039658168385,-18.0082679871606,5.1784175572783,-157.689775739397,37.67855,37.6764,253596,"2026_01_13_0001","2026_01_13_0001_ev00560_rec1","no",230422
561,1,37.72055,-97.9614181518555,-114.746086120605,-16.78466796875,1.4500000000055,11.6499999999959,12.2500000000016,-88.1686551823677,-25.8990536694778,25.4317658797531,-193.672180175781,37.7196,37.7178,254411,"2026_01_13_0001","2026_01_13_0001_ev00561_rec1","no",230423
562,1,37.791,-97.5109205700102,-111.694328308105,-14.1834077380952,2.85000000000224,8.69999999999749,6.79999999999836,-95.9984480186167,-16.1699703185374,7.77948420047881,-116.202944800967,37.7907,37.7868,255820,"2026_01_13_0001","2026_01_13_0001_ev00562_rec1","no",230424
563,1,37.8873,-94.2557122366769,-119.628898620605,-25.3731863839286,1.84999999999746,2.34999999999985,3.19999999999965,-97.5884745917249,-12.5852581268556,4.40327965562406,-172.635759626116,37.8873,37.8853,257746,"2026_01_13_0001","2026_01_13_0001_ev00563_rec1","no",230425
564,1,37.92855,-97.8015641712007,-111.999504089355,-14.1979399181548,1.50000000000006,3.59999999999872,3.09999999999633,-102.32457514069,-8.92112225325175,1.2343561074652,-172.350565592448,37.9277,37.92615,258571,"2026_01_13_0001","2026_01_13_0001_ev00564_rec1","no",230426
565,1,37.9493,-98.8188167753674,-115.966789245605,-17.1479724702381,0.549999999996942,4.84999999999758,4.24999999999898,-98.8273088767794,-16.5970720489867,4.39611262724807,-100.342160179502,37.948,37.94685,258986,"2026_01_13_0001","2026_01_13_0001_ev00565_rec1","no",230427
566,1,37.9925,-93.9941329956055,-99.4872970581055,-5.4931640625,0.149999999997874,30.5499999999981,29.999999999994,16010.7900347269,-16111.4344081373,126277.020327187,-148.338317871094,37.99175,37.9916,259850,"2026_01_13_0001","2026_01_13_0001_ev00566_rec1","no",230428
567,1,38.00825,-98.6008340744745,-101.318351745605,-2.71751767113095,0.0499999999945544,0.650000000000261,0.350000000004513,-97.8835504260528,-7.07881794918467,0.250834058604581,18.3723086402531,38.0078,38.00775,260165,"2026_01_13_0001","2026_01_13_0001_ev00567_rec1","no",230429
568,1,38.19185,-97.2638735089983,-123.291007995605,-26.0271344866071,2.44999999999607,7.75000000000148,7.20000000000454,-96.8086368012027,-23.5730283794785,8.48880557835767,-246.747698102678,38.1904,38.1879,263837,"2026_01_13_0001","2026_01_13_0001_ev00568_rec1","no",230430
569,1,38.29885,-101.129433404832,-112.915031433105,-11.7855980282738,1.35000000000218,3.74999999999659,2.85000000000224,-97.242090650175,-16.0559556498554,4.31513720420702,28.9898826962425,38.2981,38.29675,265977,"2026_01_13_0001","2026_01_13_0001_ev00569_rec1","no",230431
570,1,38.35025,-97.089487348284,-119.323722839355,-22.2342354910714,2.44999999999607,12.3499999999979,12.6500000000007,-93.4411333108516,-26.6184003317742,15.6770499915924,-325.808933803013,38.34825,38.34565,267005,"2026_01_13_0001","2026_01_13_0001_ev00570_rec1","no",230432
571,1,38.4224,-97.4818562098912,-113.220207214355,-15.7383510044643,0.599999999998602,3.95000000000323,5.40000000000163,-93.0707651900925,-14.6085095777715,15.2354103115978,-76.8694196428573,38.4215,38.4209,268448,"2026_01_13_0001","2026_01_13_0001_ev00571_rec1","no",230433
572,1,38.46585,-94.1103904360817,-130.92041015625,-36.8100197201683,6.00000000000023,13.149999999996,30.0000000000011,-108.646743190426,-23.4943641781853,5.03260155595397,-663.793299375262,38.4656,38.45945,269317,"2026_01_13_0001","2026_01_13_0001_ev00572_rec1","no",230434
573,1,38.49445,-110.720672244117,-126.647941589355,-15.9272693452381,1.80000000000291,2.94999999999845,2.84999999999513,-94.6449896605476,-30.7235597358961,8.54497369341042,203.14934102013,38.4939,38.4919,269889,"2026_01_13_0001","2026_01_13_0001_ev00573_rec1","no",230435
574,1,38.58745,-95.6508015223912,-118.408195495605,-22.7573939732143,6.65000000000049,9.19999999999988,6.30000000000308,-99.4580861765376,-22.0767321219095,4.03762876702473,-310.08039202009,38.5864,38.5795,271749,"2026_01_13_0001","2026_01_13_0001_ev00574_rec1","no",230436
575,1,38.6075,-99.6471510387602,-104.370109558105,-4.72295851934524,0.10000000000332,1.25000000000597,1.65000000000504,-97.0218465194314,-6.08729837764991,4.93764868873358,47.6401192801338,38.60735,38.60725,272150,"2026_01_13_0001","2026_01_13_0001_ev00575_rec1","no",230437
576,1,38.67245,-95.0985786801293,-106.201164245605,-11.1025855654762,0.549999999996942,8.49999999999795,5.74999999999903,-253249.332976577,253153.752631856,400814.215611286,-312.569754464286,38.67145,38.67085,273449,"2026_01_13_0001","2026_01_13_0001_ev00576_rec1","no",230438
577,1,38.6938,-98.9060098557245,-119.628898620605,-20.7228887648809,3.20000000000675,9.79999999999848,8.80000000000081,-95.3339476930704,-26.8975806205502,10.1080583099919,-215.585254487537,38.6931,38.6897,273876,"2026_01_13_0001","2026_01_13_0001_ev00577_rec1","no",230439
578,1,38.8182,-101.260223025367,-113.220207214355,-11.9599841889881,0.94999999999601,3.34999999999752,3.09999999999633,-98.8630677318027,-16.7969832105584,3.45144668366545,-10.0381033761163,38.81685,38.8154,276364,"2026_01_13_0001","2026_01_13_0001_ev00578_rec1","no",230440
579,1,38.8909,-97.5399849301293,-115.051261901855,-17.5112769717262,2.50000000000483,5.49999999999784,5.74999999999903,-97.3798913379006,-14.6033130495011,7.31956892052811,-126.653035481771,38.89085,38.88815,277818,"2026_01_13_0001","2026_01_13_0001_ev00579_rec1","no",230441
580,1,38.9335,-96.3192818051293,-140.9912109375,-44.6719291323707,1.7999999999958,8.85000000000247,10.2499999999992,-100.023786602363,-41.0362746625287,8.80971025971062,-546.142621612549,38.93245,38.9304,278670,"2026_01_13_0001","2026_01_13_0001_ev00580_rec1","no",230442
581,1,38.99095,-96.2320887247721,-98.5717697143555,-2.33968098958333,0.550000000004047,2.15000000000032,2.049999999997,-95.109188527499,-3.88962149548918,3.04283236205109,19.9813842773439,38.99095,38.9904,279819,"2026_01_13_0001","2026_01_13_0001_ev00581_rec1","no",230443
582,1,39.0361,-97.365598769415,-103.759757995605,-6.39415922619048,0.750000000003581,7.000000000005,2.45000000000317,-131.829898772112,34.6378982992339,32.4378764313393,-399.960472470238,39.03055,39.02965,280722,"2026_01_13_0001","2026_01_13_0001_ev00582_rec1","no",230444
583,1,39.05195,-98.6734949747721,-123.596183776855,-24.9226888020833,1.55000000000172,13.300000000001,14.800000000001,-44.7551087194085,-80.1361260250286,62.0534414243197,-319.605509440104,39.0518,39.05015,281039,"2026_01_13_0001","2026_01_13_0001_ev00583_rec1","no",230445
584,1,39.141,-96.6099254063198,-108.032218933105,-11.4222935267857,0.749999999996476,3.5000000000025,3.39999999999918,-96.6934440311068,-11.1915575621757,3.40866634386247,-55.7501656668525,39.14035,39.1394,282820,"2026_01_13_0001","2026_01_13_0001_ev00584_rec1","no",230446
585,1,39.27975,-94.008665175665,-105.285636901855,-11.2769717261905,0.900000000001455,6.4000000000064,8.70000000000459,-95.4864753993614,-6.93949210915573,9.17813243809946,-132.414318266369,39.2775,39.27655,285595,"2026_01_13_0001","2026_01_13_0001_ev00585_rec1","no",230447
586,1,39.3226,-94.5608880179269,-112.304679870605,-17.7437918526786,0.800000000005241,8.00000000000267,14.400000000002,-94.9670224681914,-11.6406147055708,22.5980008438373,-217.310224260603,39.32235,39.32155,286452,"2026_01_13_0001","2026_01_13_0001_ev00586_rec1","no",230448
587,1,39.53815,-104.123062497094,-108.337394714355,-4.2143322172619,0.300000000002854,2.49999999999773,1.75000000000125,-101.285200436948,-6.87987371420787,3.90302437530651,57.151067824591,39.5377,39.5369,290763,"2026_01_13_0001","2026_01_13_0001_ev00587_rec1","no",230449
588,1,39.57265,-101.550866626558,-123.291007995605,-21.7401413690476,1.50000000000006,2.89999999999679,2.54999999999939,-99.5834533162045,-20.8637449035146,3.49093481769587,-41.2979125976563,39.5723,39.5706,291453,"2026_01_13_0001","2026_01_13_0001_ev00588_rec1","no",230450
589,1,39.6059,-100.664403642927,-103.759757995605,-3.09535435267857,0.0999999999962142,0.299999999995748,0.199999999999534,-98.7467905658435,-7.37938185792131,0.224938223760537,55.3174700055804,39.6058,39.6057,292118,"2026_01_13_0001","2026_01_13_0001_ev00589_rec1","no",230451
590,1,39.64995,-98.2229973929269,-124.816886901855,-26.5938895089286,7.35000000000241,34.950000000002,29.5500000000004,-114.034948236572,-10.1894504776764,0.845531123625425,-607.974502154759,39.6481,39.6403,292999,"2026_01_13_0001","2026_01_13_0001_ev00590_rec1","no",230452
591,1,39.6768,-103.091277712867,-153.50341796875,-50.4121402558826,2.94999999999845,6.25000000000142,5.49999999999784,-98.9877431171204,-57.201684498816,5.98923330867484,-319.455147915795,39.6767,39.67375,293536,"2026_01_13_0001","2026_01_13_0001_ev00591_rec1","no",230453
592,1,39.7281,-91.5527267456055,-97.0458908081055,-5.4931640625,0.399999999999068,30.3499999999985,30.0000000000011,-96.6969891271682,-2.83363427387749,6.7650769525148,-185.4248046875,39.7269,39.7265,294562,"2026_01_13_0001","2026_01_13_0001_ev00592_rec1","no",230454
593,1,39.8017,-96.8715046473912,-113.525382995605,-16.6538783482143,0.999999999997669,4.9500000000009,7.19999999999743,-99.1918864052342,-12.8960678576093,5.92573164262343,-156.121390206473,39.80165,39.80065,296034,"2026_01_13_0001","2026_01_13_0001_ev00593_rec1","no",230455
594,1,39.892,-96.4646036057245,-142.822265625,-46.3576620192755,13.5500000000022,24.3499999999983,15.749999999997,4.00930923717049,-139.116075977553,93.7550101447698,-862.890738859631,39.89125,39.8773,297840,"2026_01_13_0001","2026_01_13_0001_ev00594_rec1","no",230456
595,1,39.98755,-97.5981136503674,-131.8359375,-34.2378238496326,2.49999999999773,9.99999999999801,9.59999999999894,-104.403300128913,-30.427165628554,5.81993389112058,-503.718765813177,39.98575,39.98295,299751,"2026_01_13_0001","2026_01_13_0001_ev00595_rec1","no",230457
596,1,40.1252,-99.3827336485666,-122.82686142543,-23.4441277768635,2.54999999999939,8.90000000000413,9.29999999999609,-96.9901853289662,-23.7746461448814,12.1602337664813,-251.736602907827,40.1244,40.1217,302504,"2026_01_13_0001","2026_01_13_0001_ev00596_rec1","no",230458
597,1,40.1891,-96.7477657297083,-108.643128971248,-11.8953632415396,1.30000000000052,7.89999999999935,7.80000000000314,-96.8018788080788,-12.1255049997125,7.58354203271543,-122.040904240647,40.18685,40.18545,303782,"2026_01_13_0001","2026_01_13_0001_ev00597_rec1","no",230459
598,1,40.2437,-96.0308327567915,-112.433409896618,-16.4025771398264,1.50000000000716,5.15000000000043,7.55000000000194,-96.3536326246626,-13.872654463028,8.58474920983558,-145.912678862304,40.24315,40.24165,304874,"2026_01_13_0001","2026_01_13_0001_ev00598_rec1","no",230460
599,1,40.2916,-94.98167664447,-118.556034820829,-23.5743581763585,1.99999999999534,4.80000000000302,30.0000000000011,-104.945606333828,-3.50215259402363,3.48210128537325,-358.876333848986,40.29045,40.2884,305832,"2026_01_13_0001","2026_01_13_0001_ev00599_rec1","no",230461
600,1,40.3116,-99.6178603000536,-117.665755485561,-18.0478951855078,0.650000000000261,2.95000000000556,6.45000000000095,-88.52538075103,-20.8710059268081,40.1435871098787,-130.170348251279,40.31065,40.3099,306232,"2026_01_13_0001","2026_01_13_0001_ev00600_rec1","no",230462
601,1,40.3713,-97.4989734773244,-109.387920853171,-11.8889473758463,0.599999999998602,8.85000000000247,10.5000000000004,-96.1659003881016,-13.7239986233262,12.0342270387999,-122.901604696414,40.37065,40.37005,307426,"2026_01_13_0001","2026_01_13_0001_ev00601_rec1","no",230463
602,1,40.5225,-97.6072999526307,-112.774344068656,-15.1670441160257,0.549999999996942,3.10000000000343,3.95000000000323,-96.8835507926057,-13.303730333278,5.35362884247987,-58.8737299153009,40.52205,40.52135,310450,"2026_01_13_0001","2026_01_13_0001_ev00602_rec1","no",230464
603,1,40.58195,-98.951765805771,-156.43180195168,-57.4800361459094,1.7999999999958,9.3000000000032,9.0499999999949,-96.1343165540795,-67.7055399011347,8.743332608435,-626.354682491367,40.58075,40.57885,311639,"2026_01_13_0001","2026_01_13_0001_ev00603_rec1","no",230465
604,1,40.616,-101.530207952828,-104.771154330559,-3.24094637773099,0.0999999999962142,30.2500000000023,30.0000000000011,-64543.6788602378,64445.53494451,509598.848610042,44.3287224454891,40.6158,40.6157,312320,"2026_01_13_0001","2026_01_13_0001_ev00604_rec1","no",230466
605,1,40.64685,-99.9429191748312,-105.296487844032,-5.35356866920063,1.95000000000078,6.05000000000189,4.099999999994,-97.9530809800296,-7.26635971187595,6.78179129591166,-13.5099067533988,40.64315,40.6412,312937,"2026_01_13_0001","2026_01_13_0001_ev00605_rec1","no",230467
606,1,40.68245,-97.0644672430713,-110.974252650889,-13.909785407818,0.799999999998136,12.5500000000045,8.65000000000293,-223246.94868487,223149.602632555,397730.038025752,-274.214327260138,40.68205,40.68115,313649,"2026_01_13_0001","2026_01_13_0001_ev00606_rec1","no",230468
607,1,40.712,-98.708394342933,-164.877123676274,-66.1687293333405,1.94999999999368,7.84999999999769,8.40000000000174,-94.803620208677,-72.20552898755,9.01891978383962,-627.600896005005,40.7113,40.7093,314240,"2026_01_13_0001","2026_01_13_0001_ev00607_rec1","no",230469
608,1,40.76695,-106.271571180452,-108.705890344314,-2.43431916386112,0.549999999996942,3.05000000000177,2.25000000000364,-95.6143503285234,-14.5453814627001,9.79673605719165,181.640240107853,40.76685,40.76585,315339,"2026_01_13_0001","2026_01_13_0001_ev00608_rec1","no",230470
609,1,40.85055,-98.2145771863728,-106.931559157247,-8.71698197087403,0.94999999999601,19.1000000000017,12.5499999999974,-86926.9849489007,86828.3624594294,386281.339488817,-127.994127031932,40.84985,40.84875,317011,"2026_01_13_0001","2026_01_13_0001_ev00609_rec1","no",230471
610,1,40.8788,-100.135403058663,-118.676025840248,-18.5406227815852,1.50000000000006,7.000000000005,6.19999999999976,-99.8978221049594,-18.8382783945015,6.32938490259336,-149.34132085559,40.87725,40.87565,317576,"2026_01_13_0001","2026_01_13_0001_ev00610_rec1","no",230472
611,1,41.0218,-95.1351840622405,-122.620175449896,-27.4849913876555,0.94999999999601,10.3999999999971,11.650000000003,-95.2323521516787,-28.6599152008522,11.1245014273021,-360.75450072545,41.01985,41.01875,320436,"2026_01_13_0001","2026_01_13_0001_ev00611_rec1","no",230473
612,1,41.11755,-97.768490752006,-105.562413538748,-7.79392278674158,1.84999999999746,6.7499999999967,6.34999999999764,-95.2593552697004,-13.8708955803307,6.72849675054166,-31.8367112403049,41.117,41.11505,322351,"2026_01_13_0001","2026_01_13_0001_ev00612_rec1","no",230474
613,1,41.1505,-96.7527848702975,-99.0083104778665,-2.25552560756894,0.399999999999068,2.09999999999866,2.09999999999866,-95.5053937921838,-4.55101289113174,2.70058243095577,24.0972309550827,41.1505,41.1501,323010,"2026_01_13_0001","2026_01_13_0001_ev00613_rec1","no",230475
614,1,41.18835,-94.3384303055722,-100.391303852447,-6.05287354687495,0.799999999998136,9.79999999999848,10.1999999999975,-94.4128689116371,-8.00935884086654,7.79916699410947,-84.4902955190755,41.1853,41.1844,323767,"2026_01_13_0001","2026_01_13_0001_ev00614_rec1","no",230476
615,1,41.257,-96.4899861132814,-108.809597847124,-12.319611733843,1.00000000000477,10.0499999999926,12.049999999995,-92.3083369656683,-17.2821649611461,17.6886810388392,-137.493822786494,41.25645,41.2554,325140,"2026_01_13_0001","2026_01_13_0001_ev00615_rec1","no",230477
616,1,41.3423,-96.019828079944,-115.793208907116,-19.773380827172,1.7999999999958,6.75000000000381,5.85000000000235,-95.5971282116773,-20.5857380725882,5.99111945839069,-150.46768561511,41.3413,41.33935,326846,"2026_01_13_0001","2026_01_13_0001_ev00616_rec1","no",230478
617,1,41.37615,-95.8841822701419,-110.647989715591,-14.763807445449,1.94999999999368,5.34999999999997,8.80000000000081,-96.624372533582,-10.2772589346729,11.3429493444937,-153.685185575978,41.3757,41.37365,327523,"2026_01_13_0001","2026_01_13_0001_ev00617_rec1","no",230479
618,1,41.42745,-97.6168502452928,-110.026008302116,-12.409158056823,2.09999999999866,7.50000000000028,8.25000000000387,-96.0352030261758,-13.8669419923593,10.1949787039176,-107.073441578647,41.427,41.4242,328549,"2026_01_13_0001","2026_01_13_0001_ev00618_rec1","no",230480
619,1,41.68,-102.925884974173,-106.411041713362,-3.48515673918891,0.300000000002854,0.799999999998136,0.800000000005241,-97.5576009976399,-8.54299140682705,3.27892719429472,131.950929267944,41.6799,41.6796,333600,"2026_01_13_0001","2026_01_13_0001_ev00619_rec1","no",230481
620,1,41.73445,-95.6027549106128,-139.59070839155,-43.987953480937,3.14999999999799,9.25000000000154,9.25000000000154,-95.7883361200873,-44.3389723644368,9.13289543708873,-503.82003403763,41.7343,41.7308,334689,"2026_01_13_0001","2026_01_13_0001_ev00620_rec1","no",230482
621,1,41.7695,-97.8066316443721,-111.534063721986,-13.7274320776139,2.59999999999394,5.44999999999618,30.0000000000011,-103.809801717105,-6.97971755196182,2.07722604873037,-236.076102269063,41.76775,41.76515,335390,"2026_01_13_0001","2026_01_13_0001_ev00621_rec1","no",230483
622,1,41.7893,-100.526118448895,-112.964025130372,-12.4379066814769,5.84999999999525,2.85000000000224,2.3000000000053,-99.570240910201,-9.06333736388087,4.73981024661058,-59.835970668206,41.78915,41.7824,335786,"2026_01_13_0001","2026_01_13_0001_ev00622_rec1","no",230484
623,1,41.82255,-97.5663146006448,-125.455119487679,-27.8888048870338,1.7999999999958,9.14999999999111,8.85000000000957,-96.821871293351,-31.0290813208359,8.60164048389227,-304.276055942268,41.8213,41.81935,336451,"2026_01_13_0001","2026_01_13_0001_ev00623_rec1","no",230485
624,1,41.8624,-99.719747104464,-101.922113280956,-2.20236617649161,0.450000000000728,1.14999999999554,1.50000000000716,-95.8411756238571,-5.38468327864611,11.0531571786385,59.746107885929,41.8624,41.86195,337248,"2026_01_13_0001","2026_01_13_0001_ev00624_rec1","no",230486
625,1,41.9378,-100.006272504105,-109.43376595582,-9.42749345171552,1.10000000000099,4.90000000000634,4.59999999999638,-97.7056613254969,-13.7230368235062,5.34854692314942,-22.9189650401059,41.93675,41.935,338756,"2026_01_13_0001","2026_01_13_0001_ev00625_rec1","no",230487
626,1,42.07305,-96.4646987383032,-109.521706502733,-13.05700776443,1.80000000000291,7.30000000000075,6.50000000000261,-95.4406772221111,-14.6996170124453,7.05193610744603,-107.890065591717,42.07195,42.07015,341461,"2026_01_13_0001","2026_01_13_0001_ev00626_rec1","no",230488
627,1,42.1383,-96.1857487876278,-127.467735861018,-31.2819870733901,12.2999999999962,9.70000000000226,7.19999999999743,-96.5765270986814,-33.9661698130375,6.49361008905734,-487.34424938259,42.13645,42.12405,342766,"2026_01_13_0001","2026_01_13_0001_ev00627_rec1","no",230489
628,1,42.22915,-96.0898267404164,-133.924445863177,-37.8346191227607,0.750000000003581,4.24999999999898,4.89999999999924,-100.832986603218,-37.7216489125905,3.50266968209099,-305.974215754066,42.2287,42.2278,344583,"2026_01_13_0001","2026_01_13_0001_ev00628_rec1","no",230490
629,1,42.2928,-99.2730982085615,-132.508889518516,-33.2357913099544,2.0500000000041,11.5000000000052,5.04999999999711,-98.6757584909335,-34.9732876335416,5.08022827300899,-366.253271083821,42.2925,42.27865,345856,"2026_01_13_0001","2026_01_13_0001_ev00629_rec1","no",230491
630,1,42.3763,-96.9320391801617,-123.689763685457,-26.7577245052955,1.35000000000218,11.9499999999988,12.6999999999953,-87.7106760337568,-39.5775375952982,17.4785862278128,-341.761905023901,42.3753,42.37385,347526,"2026_01_13_0001","2026_01_13_0001_ev00630_rec1","no",230492
631,1,42.422,-100.890916972992,-105.049819411086,-4.15890243809422,0.199999999999534,0.150000000004979,0.0500000000016598,-95.739508941557,-6.72956120189399,5.85334949795134,114.9259540815,42.422,42.4218,348440,"2026_01_13_0001","2026_01_13_0001_ev00631_rec1","no",230493
632,1,42.478,-98.6767601697137,-104.638048400002,-5.96128823028846,0.450000000000728,0.849999999999795,0.450000000000728,-95.3838388277079,-6.37526908715232,2.95940844808221,76.9389139696283,42.47795,42.4769,349560,"2026_01_13_0001","2026_01_13_0001_ev00632_rec1","no",230494
633,1,42.54555,-96.0765377793508,-117.382259388085,-21.3057216087343,1.40000000000384,11.1500000000007,14.1999999999953,-74.0140836433361,-39.9350162947406,49.4051235638824,-258.886021276939,42.5453,42.5437,350911,"2026_01_13_0001","2026_01_13_0001_ev00633_rec1","no",230495
634,1,42.6301,-103.061389959777,-110.57241592962,-7.51102596984299,0.750000000003581,1.59999999999627,1.40000000000384,-93.501083334113,-14.6879318898866,7.96353263683199,169.127815904412,42.62975,42.62885,352602,"2026_01_13_0001","2026_01_13_0001_ev00634_rec1","no",230496
635,1,42.7138,-96.8203678761421,-121.812629055064,-24.9922611789218,2.49999999999773,7.65000000000526,7.70000000000692,-94.5915085453852,-26.8392944776835,9.08804984874342,-218.988569590027,42.7133,42.7108,354276,"2026_01_13_0001","2026_01_13_0001_ev00635_rec1","no",230497
636,1,42.73845,-97.2187465122852,-100.008369259824,-2.78962274753849,0.349999999997408,0.250000000008299,0,-92.9583887540013,-4.85747332592044,9.01672509622239,85.4782469597098,42.7384,42.73805,354769,"2026_01_13_0001","2026_01_13_0001_ev00636_rec1","no",230498
637,1,42.83735,-98.4156886739002,-106.463116882846,-8.04742820894583,2.09999999999866,8.54999999999961,7.64999999999816,-92.3894516336852,-16.1148071218634,13.1181564603661,-31.272911641235,42.8369,42.83475,356747,"2026_01_13_0001","2026_01_13_0001_ev00637_rec1","no",230499
638,1,43.00745,-95.2134239661986,-110.522343952711,-15.3089199865125,0.849999999999795,4.99999999999545,4.29999999999353,-96.2792521385418,-15.4953556091347,3.55837454559169,-113.952302192512,43.0058,43.00495,360149,"2026_01_13_0001","2026_01_13_0001_ev00638_rec1","no",230500
639,1,43.05565,-97.365806123987,-130.364815259035,-32.9990091350483,1.84999999999746,7.20000000000454,8.04999999999723,-94.935764749894,-34.1387212497306,9.49790881101786,-279.425700814949,43.0554,43.05335,361113,"2026_01_13_0001","2026_01_13_0001_ev00639_rec1","no",230501
640,1,43.23685,-97.2046867404839,-102.827956232144,-5.62326949165963,0.499999999995282,0.0499999999945544,0.549999999996942,-93.1944909384348,-6.31663703713793,14.5962490721525,38.9186857085026,43.23685,43.2363,364737,"2026_01_13_0001","2026_01_13_0001_ev00640_rec1","no",230502
641,1,43.3228,-92.5839488943278,-131.470795525551,-38.8868466312228,2.60000000000105,7.55000000000194,8.84999999999536,-96.9282194462949,-34.7082763250111,7.12416852510569,-441.585349196275,43.3227,43.31985,366456,"2026_01_13_0001","2026_01_13_0001_ev00641_rec1","no",230503
642,1,43.35185,-100.247354282455,-106.071567705738,-5.82421342328327,1.1999999999972,1.85000000000457,1.14999999999554,-94.7876922437989,-10.195507088227,4.00638767246432,116.599919823449,43.35175,43.35055,367037,"2026_01_13_0001","2026_01_13_0001_ev00642_rec1","no",230504
643,1,43.36725,-94.1116926448975,-98.1263879407009,-4.01469529580345,0.0499999999945544,2.15000000000032,2.80000000000058,-93.165111689454,-4.21117252326542,5.13045238308103,5.07303467056349,43.36695,43.3668,367345,"2026_01_13_0001","2026_01_13_0001_ev00643_rec1","no",230505
644,1,43.4815,-100.558445698642,-117.145715207458,-16.5872695088156,0.349999999997408,2.80000000000058,2.15000000000032,-95.1459356292751,-21.4716693762175,3.44650216353645,69.7901554268215,43.4804,43.48005,369630,"2026_01_13_0001","2026_01_13_0001_ev00644_rec1","no",230506
645,1,43.53645,-98.2682225624037,-102.104349049279,-3.83612648687487,0.199999999992428,0.549999999996942,0.649999999993156,-95.9359548989972,-4.30608380542815,4.81998433972114,47.9415511037427,43.53615,43.53595,370729,"2026_01_13_0001","2026_01_13_0001_ev00645_rec1","no",230507
646,1,43.66675,-96.113371415656,-110.996071195957,-14.882699780301,1.30000000000052,5.04999999999711,4.6999999999997,-94.6479400665273,-13.6729085623254,6.98772803594885,-85.5677791693212,43.66605,43.6623,373335,"2026_01_13_0001","2026_01_13_0001_ev00646_rec1","no",230508
647,1,43.712,-95.5540837572429,-121.917467782869,-26.3633840256266,2.09999999999866,8.59999999999417,9.35000000000485,-94.7822496477276,-30.0542007379021,8.9121854443589,-286.520286558943,43.71135,43.70895,374240,"2026_01_13_0001","2026_01_13_0001_ev00647_rec1","no",230509
648,1,43.7812,-97.8826888243431,-100.759388632712,-2.87669980836856,0.0499999999945544,0.0500000000016598,0,-94.378081273602,-4.42381111993962,5.88071339468968,78.9803893666816,43.78095,43.78085,375624,"2026_01_13_0001","2026_01_13_0001_ev00648_rec1","no",230510
649,1,43.8358,-95.1903484696975,-113.177302783331,-17.9869543136337,4.94999999999379,34.3499999999963,29.999999999994,-105.611191356353,-7.69214603424291,2.10218668349355,-401.562042979605,43.8355,43.83005,376716,"2026_01_13_0001","2026_01_13_0001_ev00649_rec1","no",230511
650,1,43.85195,-97.7668160572103,-116.898163584697,-19.1313475274868,1.00000000000477,8.04999999999723,9.00000000000034,-97.2577746606811,-20.4249047718314,9.10096417266458,-189.836363267631,43.85095,43.84995,377039,"2026_01_13_0001","2026_01_13_0001_ev00650_rec1","no",230512
651,1,43.9043,-96.5506982448444,-115.310990981278,-18.7602927364337,0.350000000004513,3.5000000000025,3.90000000000157,-95.2395522276292,-19.7083984146541,4.46695343280542,-64.0592755921369,43.9038,43.9031,378086,"2026_01_13_0001","2026_01_13_0001_ev00651_rec1","no",230513
652,1,43.95195,-95.8791641007726,-108.461513357497,-12.5823492567245,0.700000000009027,5.65000000000282,7.5999999999965,-94.8884463307315,-11.3445079698205,10.8639293322123,-100.231699644794,43.95125,43.95045,379039,"2026_01_13_0001","2026_01_13_0001_ev00652_rec1","no",230514
653,1,43.9852,-97.3279927692624,-104.645686875768,-7.31769410650526,1.69999999999959,2.09999999999866,2.19999999999487,-96.5521736312017,-7.56716467111073,2.81240436362136,-11.3582515594515,43.9842,43.98245,379704,"2026_01_13_0001","2026_01_13_0001_ev00653_rec1","no",230515
654,1,44.1323,-102.895260924074,-105.378103155043,-2.48284223096891,0.0999999999962142,0.200000000006639,0.0999999999962142,-93.5873731709319,-10.3454720442733,8.48882692805928,193.427518368339,44.1321,44.1319,382646,"2026_01_13_0001","2026_01_13_0001_ev00654_rec1","no",230516
655,1,44.18325,-96.0991290034973,-117.778134548385,-21.6790055448875,1.64999999999793,7.6000000000036,7.49999999999318,-92.9350358683769,-23.2786205381976,10.2259989363731,-177.094420887215,44.18185,44.1801,383665,"2026_01_13_0001","2026_01_13_0001_ev00655_rec1","no",230517
656,1,44.2393,-97.8482728230544,-104.096352856556,-6.24808003350131,0.300000000002854,0.10000000000332,0,-94.7296110527346,-5.2925222212043,8.56130989723204,48.3802071656623,44.2393,44.23885,384786,"2026_01_13_0001","2026_01_13_0001_ev00656_rec1","no",230518
657,1,44.3724,-94.017546019196,-137.058180069843,-43.0406340506467,2.94999999999845,9.79999999999848,9.95000000000346,-106.623293795114,-33.6182940379208,4.30617621789674,-684.716471599139,44.3703,44.3673,387448,"2026_01_13_0001","2026_01_13_0001_ev00657_rec1","no",230519
658,1,44.3937,-98.5932797784958,-111.055086539823,-12.4618067613275,2.40000000000151,10.4000000000042,10.3500000000025,-93.379958847039,-21.7042993309129,13.0531143777257,-125.778531228879,44.39335,44.39095,387874,"2026_01_13_0001","2026_01_13_0001_ev00658_rec1","no",230520
659,1,44.4524,-97.1595583113793,-115.848535669372,-18.688977357993,1.14999999999554,4.64999999999804,5.34999999999997,-94.8883673725669,-17.4659649594993,8.29387106270952,-91.9440846393101,44.45195,44.45075,389048,"2026_01_13_0001","2026_01_13_0001_ev00659_rec1","no",230521
660,1,44.581,-96.058394520599,-118.969621448343,-22.911226927744,4.05000000000655,6.50000000000261,5.45000000000329,-98.4164926611867,-22.5177380973797,4.18236809783192,-236.694380280323,44.5797,44.5756,391620,"2026_01_13_0001","2026_01_13_0001_ev00660_rec1","no",230522
661,1,44.61065,-96.618931364269,-113.060707585969,-16.4417762216997,0.900000000001455,3.65000000000748,3.35000000000463,-96.3947283857189,-17.2680122322069,3.33249270859588,-69.6788862750788,44.60995,44.60895,392213,"2026_01_13_0001","2026_01_13_0001_ev00661_rec1","no",230523
662,1,44.6425,-95.0995837141495,-118.714364229177,-23.6147805150272,2.15000000000032,9.15000000000532,10.6999999999999,-99.4738350529278,-20.101394883163,7.0108275197829,-320.005779674717,44.6417,44.63945,392850,"2026_01_13_0001","2026_01_13_0001_ev00662_rec1","no",230524
663,1,44.73425,-95.9885014144107,-100.519731272957,-4.53122985854617,0.300000000002854,1.14999999999554,1.95000000000078,-95.1889159238284,-3.92724796828283,4.23509931332078,5.92652154994235,44.73425,44.7339,394685,"2026_01_13_0001","2026_01_13_0001_ev00663_rec1","no",230525
664,1,44.77315,-94.6562523564997,-103.903427807746,-9.24717545124622,1.59999999999627,9.40000000000651,9.6499999999935,-95.9166341879382,-10.8748150387775,5.9613489704236,-124.842804866987,44.7718,44.76965,395463,"2026_01_13_0001","2026_01_13_0001_ev00664_rec1","no",230526
665,1,44.9048,-96.6158919382501,-113.584624792182,-16.9687328539315,4.79999999999592,8.49999999999795,5.75000000000614,-100.743638064413,-15.7603749167558,2.89153241805597,-237.600426229668,44.90395,44.89905,398096,"2026_01_13_0001","2026_01_13_0001_ev00665_rec1","no",230527
666,1,44.9382,-102.140040157148,-110.084278207176,-7.94423805002837,0.0500000000016598,4.84999999999758,4.05000000000655,-94.1140259287785,-15.1524487862307,12.568502169225,49.1350380706181,44.9354,44.93535,398764,"2026_01_13_0001","2026_01_13_0001_ev00666_rec1","no",230528
667,1,45.01825,-96.918877746071,-102.576652438555,-5.65777469248384,0.249999999994088,0.199999999992428,0,-96.4247297481107,-2.28827462679653,2.45869647111124,7.65354201995556,45.01825,45.018,400365,"2026_01_13_0001","2026_01_13_0001_ev00667_rec1","no",230529
668,1,45.1046,-94.082069918856,-118.8618666713,-24.7797967524442,3.55000000000416,10.4000000000042,12.049999999995,-99.0929050891457,-18.8486191140219,7.96161611626888,-361.486624982127,45.10445,45.10075,402092,"2026_01_13_0001","2026_01_13_0001_ev00668_rec1","no",230530
669,1,45.1779,-101.120161760136,-112.64634436495,-11.5261826048136,3.25000000000131,1.89999999999912,1.20000000000431,-98.6594012668586,-8.81012908629326,4.47080231566947,22.2947834618951,45.1778,45.1744,403558,"2026_01_13_0001","2026_01_13_0001_ev00669_rec1","no",230531
670,1,45.2091,-97.4655440287664,-124.790636635448,-27.3250926066815,1.05000000000643,9.45000000000107,9.70000000000937,-96.198115079484,-32.9198771348526,9.14847229527512,-312.143901828512,45.2077,45.20665,404182,"2026_01_13_0001","2026_01_13_0001_ev00670_rec1","no",230532
671,1,45.34425,-95.091365295695,-97.75313758693,-2.66177229123497,0.800000000005241,30.7000000000031,29.999999999994,-96.9459688132593,-2.36120595042805,4.11425446499261,-69.4159787438274,45.34425,45.34345,406885,"2026_01_13_0001","2026_01_13_0001_ev00671_rec1","no",230533
672,1,45.49875,-95.2111174042211,-114.61635078845,-19.4052333842286,1.80000000000291,0.300000000002854,2.6499999999956,-100.897986615551,-2.89387251512721,4.01668318988868,-230.986052924561,45.49675,45.49485,409975,"2026_01_13_0001","2026_01_13_0001_ev00672_rec1","no",230534
673,1,45.5256,-98.6103342983299,-113.94702873219,-15.3366944338597,1.89999999999912,4.75000000000136,3.79999999999825,-95.7101963913988,-18.8005599278759,4.83457107589452,-28.7820470602599,45.5254,45.5235,410512,"2026_01_13_0001","2026_01_13_0001_ev00673_rec1","no",230535
674,1,45.7477,-101.757336948271,-116.399276602572,-14.6419396543004,2.70000000000437,3.79999999999825,2.65000000000271,-95.5202491147208,-18.2856973193825,5.92381266693191,56.3629699281578,45.7475,45.74435,414954,"2026_01_13_0001","2026_01_13_0001_ev00674_rec1","no",230536
675,1,45.85055,-95.7898758214265,-130.652146956961,-34.8622711355341,2.10000000000576,9.00000000000034,9.45000000000107,-93.5595573755442,-41.9623708672774,9.28098179194088,-374.917350430499,45.8499,45.8472,417011,"2026_01_13_0001","2026_01_13_0001_ev00675_rec1","no",230537
676,1,46.0795,-96.5739461297007,-129.325800512123,-32.7518543824221,1.80000000000291,8.09999999999889,8.75000000000625,-92.6640078269985,-38.0430505083815,10.0982484762095,-300.192192083297,46.0791,46.07715,421590,"2026_01_13_0001","2026_01_13_0001_ev00676_rec1","no",230538
677,1,46.33755,-103.249001375697,-118.030018243413,-14.7810168677166,0.849999999999795,1.30000000000052,2.10000000000576,-94.4669761321155,-17.9911508581858,9.07226812705432,83.1409362616996,46.33655,46.33475,426751,"2026_01_13_0001","2026_01_13_0001_ev00677_rec1","no",230539
678,1,46.371,-103.004014009675,-108.260490621461,-5.25647661178631,0.450000000000728,0.849999999999795,1.10000000000099,-94.3896365517836,-11.4992979245495,12.6419920507666,123.967043045198,46.37085,46.37015,427420,"2026_01_13_0001","2026_01_13_0001_ev00678_rec1","no",230540
679,1,46.43225,-101.11501168816,-109.589307197805,-8.47429550964466,0.900000000001455,3.54999999999706,1.24999999999886,-100.083515667987,-8.67207546970924,1.71562687875219,13.4932596335646,46.4322,46.42715,428645,"2026_01_13_0001","2026_01_13_0001_ev00679_rec1","no",230541
680,1,46.4574,-100.931391854861,-111.964041101146,-11.0326492462859,0.800000000005241,4.59999999999638,4.90000000000634,-95.7153060865645,-19.4654579597942,6.63954429927385,17.0095130624296,46.4569,46.4561,429148,"2026_01_13_0001","2026_01_13_0001_ev00680_rec1","no",230542
681,1,46.5919,-99.2566375399956,-103.073477063766,-3.81683952377071,0.399999999999068,27.7499999999975,24.3499999999983,-53214.6644287438,53117.949358442,327144.377483357,2.29119488125237,46.5919,46.5915,431838,"2026_01_13_0001","2026_01_13_0001_ev00681_rec1","no",230543
682,1,46.62105,-96.3469080935744,-115.101816404696,-18.7549083111212,1.65000000000504,7.20000000000454,8.65000000000293,-87.7840607369155,-25.5270827010561,17.367006790076,-128.174979951225,46.6209,46.61925,432421,"2026_01_13_0001","2026_01_13_0001_ev00682_rec1","no",230544
683,1,46.90825,-94.086684108589,-109.946396108885,-15.8597120002957,4.19999999999732,3.90000000000157,1.85000000000457,-93.0774392277365,-8.92968942707729,7.00180682619712,-63.4981659689964,46.9082,46.904,438165,"2026_01_13_0001","2026_01_13_0001_ev00683_rec1","no",230545
684,1,47.0181,-93.675773168888,-115.136182177941,-21.4604090090526,1.55000000000172,11.1500000000007,12.0000000000005,-92.639073021054,-26.5473142265153,11.0796657904728,-294.933417919469,47.0168,47.0148,440362,"2026_01_13_0001","2026_01_13_0001_ev00684_rec1","no",230546
685,1,47.25485,-93.5052811853429,-107.265347305724,-13.7600661203812,1.75000000000125,10.6999999999999,10.2499999999992,-92.3628626691283,-18.4550480880554,9.45638998175021,-171.777311799559,47.2536,47.25145,445097,"2026_01_13_0001","2026_01_13_0001_ev00685_rec1","no",230547
686,1,47.6502,-94.7417889971934,-125.252006372686,-30.5102173754928,9.34999999999775,17.5000000000054,7.75000000000148,-94.7263389754668,-34.7203830250389,6.92151649897249,-508.137567209594,47.6464,47.6365,453004,"2026_01_13_0001","2026_01_13_0001_ev00686_rec1","no",230548
687,1,47.7028,-96.0460879025998,-121.90104931195,-25.85496140935,1.30000000000052,8.04999999999723,8.35000000000008,-101.307163049769,-21.1867300776239,5.24986212273332,-331.352443115725,47.70085,47.6993,454056,"2026_01_13_0001","2026_01_13_0001_ev00687_rec1","no",230549
688,1,47.7208,-98.5528863402441,-104.543806349825,-5.9909200095813,0.549999999996942,7.45000000000573,8.15000000000055,-89.7693175529422,-17.7798933377027,16.9771474409777,3.72618412358065,47.7202,47.71885,454416,"2026_01_13_0001","2026_01_13_0001_ev00688_rec1","no",230550
689,1,47.7608,-96.2731352823126,-108.256132209818,-11.9829969275054,0.900000000001455,17.000000000003,11.2000000000023,-246529.76514857,246432.525343859,794834.219495957,-181.173483542545,47.7601,47.7592,455216,"2026_01_13_0001","2026_01_13_0001_ev00689_rec1","no",230551
690,1,47.78575,-94.9743781605051,-114.709869696638,-19.7354915361324,1.39999999999674,10.0499999999926,10.4000000000042,-91.5322269847774,-25.2061824648628,12.1728021019809,-222.176023524892,47.7844,47.7829,455715,"2026_01_13_0001","2026_01_13_0001_ev00690_rec1","no",230552
691,1,47.8878,-94.5607924647527,-117.022057516235,-22.461265051482,2.29999999999819,10.150000000003,10.2499999999992,-92.8672709770394,-28.5886270307152,9.76447048192519,-271.32248107436,47.8869,47.8846,457756,"2026_01_13_0001","2026_01_13_0001_ev00691_rec1","no",230553
692,1,47.9598,-95.2806397417885,-114.933467875644,-19.6528281338559,1.64999999999793,3.75000000000369,3.00000000000011,-94.3818912160912,-20.709836788963,3.23857171478946,-74.5583934893916,47.95935,47.95745,459196,"2026_01_13_0001","2026_01_13_0001_ev00692_rec1","no",230554
693,1,48.04205,-93.0678660749299,-101.954237777575,-8.88637170264526,1.04999999999933,13.1000000000014,10.5000000000004,-291890.294823475,291799.353229482,565373.216405138,-180.544473309413,48.04105,48.0398,460841,"2026_01_13_0001","2026_01_13_0001_ev00693_rec1","no",230555
694,1,48.06905,-94.5297649271141,-115.821310425055,-21.2915454979408,1.99999999999534,15.8500000000004,17.949999999999,-76.1555672530347,-37.8877097551067,48.967018334195,-354.628393888499,48.06785,48.0657,461381,"2026_01_13_0001","2026_01_13_0001_ev00694_rec1","no",230556
695,1,48.11605,-94.7776990056119,-98.6320242446374,-3.85432523902546,0.0500000000016598,30.0500000000028,30.0000000000011,-8449.28097000409,8357.37388136258,121940.669759867,54.7095056491658,48.1159,48.11585,462321,"2026_01_13_0001","2026_01_13_0001_ev00695_rec1","no",230557
696,1,48.18415,-95.7542563602404,-103.605433013037,-7.85117665279645,0.199999999999534,0.94999999999601,2.09999999999866,-92.4316614881957,-7.71349879379811,9.81132414967602,25.1577150238262,48.18395,48.18375,463683,"2026_01_13_0001","2026_01_13_0001_ev00696_rec1","no",230558
697,1,48.262,-95.1301907221428,-127.906657902681,-32.7764671805382,1.44999999999129,9.6499999999935,10.0999999999942,-92.4862072929844,-40.0376159532262,10.1384891556935,-369.60839940589,48.26095,48.2594,465240,"2026_01_13_0001","2026_01_13_0001_ev00697_rec1","no",230559
698,1,48.41975,-96.591447990636,-111.151624665566,-14.5601766749299,1.1999999999972,4.50000000000728,5.10000000000588,-92.7661045979029,-17.6641857719023,7.83712510161191,-42.8187117170006,48.41935,48.4168,468395,"2026_01_13_0001","2026_01_13_0001_ev00698_rec1","no",230560
699,1,48.55025,-93.8444105781982,-139.972506793828,-46.1280962156303,2.60000000000105,8.80000000000081,8.80000000000081,-91.3048782392692,-49.4032628909962,9.50144699428869,-475.967646190387,48.5497,48.54655,471005,"2026_01_13_0001","2026_01_13_0001_ev00699_rec1","no",230561
700,1,48.61315,-102.951757231595,-109.837591711733,-6.88583448013824,2.09999999999866,3.84999999999991,2.54999999999939,-97.067233630505,-15.0827002933058,4.39107523291241,99.9504318190332,48.61245,48.6103,472263,"2026_01_13_0001","2026_01_13_0001_ev00700_rec1","no",230562
701,1,48.63945,-100.786418012759,-104.991467874494,-4.20504986173492,0.149999999997874,0.499999999995282,0.550000000004047,-93.2801838099937,-10.0849663061093,5.05339932406848,174.101339534753,48.63945,48.63915,472789,"2026_01_13_0001","2026_01_13_0001_ev00701_rec1","no",230563
702,1,48.7033,-93.1328928987875,-97.868518590139,-4.73562569135154,0.199999999999534,30.0500000000028,28.1999999999982,-116.993613125172,25.9004017368563,178.181318834285,-0.823247602920187,48.7033,48.7031,474066,"2026_01_13_0001","2026_01_13_0001_ev00702_rec1","no",230564
703,1,48.7234,-90.016749118396,-101.201182957377,-11.1844338389813,0.999999999997669,6.85000000000002,4.9500000000009,-90.8808299488562,-8.46645670977531,5.19170361357317,-100.415170951672,48.72105,48.7191,474468,"2026_01_13_0001","2026_01_13_0001_ev00703_rec1","no",230565
704,1,48.8063,-97.1275953112904,-104.167123573929,-7.03952826263841,0.550000000004047,0.499999999995282,0,-92.7458502541006,-5.87382524088269,6.69958913037897,91.4565934646359,48.80615,48.8056,476126,"2026_01_13_0001","2026_01_13_0001_ev00704_rec1","no",230566
705,1,48.84725,-90.8661078539496,-110.293379024215,-19.4272711702658,0.649999999993156,3.65000000000038,3.69999999999493,-91.8934118082548,-16.2957028616602,3.80804502498667,-110.950990483164,48.8466,48.84585,476945,"2026_01_13_0001","2026_01_13_0001_ev00705_rec1","no",230567
706,1,48.91675,-89.3987720064258,-117.83292266766,-28.4341506612342,2.29999999999819,7.94999999999391,8.65000000000293,-90.5370885025702,-24.3053357280669,9.09374845378033,-304.382894065987,48.91585,48.9134,478335,"2026_01_13_0001","2026_01_13_0001_ev00706_rec1","no",230568
707,1,49.02185,-91.1106107643177,-112.214262306842,-21.1036515425239,2.85000000000224,8.09999999999889,8.15000000000055,-92.4048460008756,-18.0757060841111,7.97302968879212,-231.454423187318,49.02135,49.0184,480437,"2026_01_13_0001","2026_01_13_0001_ev00707_rec1","no",230569
708,1,49.18945,-95.7667975046121,-106.536878470556,-10.7700809659439,0.300000000002854,4.1000000000011,5.30000000000541,-92.2970361689571,-15.4035669889661,7.28042330982466,-9.53415240552118,49.18925,49.18865,483789,"2026_01_13_0001","2026_01_13_0001_ev00708_rec1","no",230570
709,1,49.2215,-97.4031699509933,-110.369827375803,-12.9666574248094,1.15000000000265,7.84999999999769,8.24999999999676,-87.3280343586878,-24.9926792716297,15.9340738248346,-57.3727042531305,49.2206,49.2191,484430,"2026_01_13_0001","2026_01_13_0001_ev00709_rec1","no",230571
710,1,49.32495,-89.2172683289296,-102.383850187509,-13.1665818585796,4.60000000000349,12.6500000000007,21.7499999999973,-93.8747563928583,-9.27225567379794,5.7665224782988,-238.778331352326,49.32465,49.3198,486499,"2026_01_13_0001","2026_01_13_0001_ev00710_rec1","no",230572
711,1,49.38065,-90.1877983638933,-107.336324347675,-17.1485259837815,1.10000000000099,3.34999999999752,4.44999999999141,-90.668190045096,-13.2815435135359,5.46584383614229,-99.6399868142103,49.38055,49.3793,487613,"2026_01_13_0001","2026_01_13_0001_ev00711_rec1","no",230573
712,1,49.51815,-91.8374839774098,-114.402836535735,-22.5653525583255,2.65000000000271,9.49999999999562,8.80000000000081,-91.363861263789,-25.4351875617019,8.33472144539094,-264.699844108392,49.51655,49.51355,490363,"2026_01_13_0001","2026_01_13_0001_ev00712_rec1","no",230574
713,1,49.59165,-94.2845932369746,-99.9681540226858,-5.68356078571117,0.700000000009027,4.04999999999944,5.64999999999571,-30.1038537396432,-67.905988440899,233.537785238426,7.47891655760122,49.59125,49.59055,491833,"2026_01_13_0001","2026_01_13_0001_ev00713_rec1","no",230575
714,1,49.7965,-92.0343690292703,-110.136044459171,-18.101675429901,0.500000000002387,3.60000000000582,3.95000000000323,-94.5189065768594,-16.7493542562195,2.86403649435491,-136.24809912901,49.79625,49.7954,495930,"2026_01_13_0001","2026_01_13_0001_ev00714_rec1","no",230576
715,1,49.91515,-92.7424765277253,-94.989799089783,-2.24732256205762,0.299999999995748,12.7999999999986,12.0500000000021,-225889.013125041,225800.551961768,531808.733938041,-63.4806829242851,49.91515,49.91485,498303,"2026_01_13_0001","2026_01_13_0001_ev00715_rec1","no",230577
716,2,50.011,-92.7171478791302,-98.5222722704498,-5.80512439131961,0.799999999998136,30.5499999999981,27.949999999997,-16879.1891693689,16786.8735751619,183902.53725732,-31.9670468332917,50.01095,50.01015,220,"2026_01_13_0001","2026_01_13_0001_ev00716_rec2","no",230578
717,2,50.04265,-91.3994908864241,-127.964453721998,-36.5649628355741,2.40000000000151,9.24999999999443,9.39999999999941,-91.5238740332339,-38.5173038560167,8.88836937156506,-425.625468702926,50.0419,50.03935,853,"2026_01_13_0001","2026_01_13_0001_ev00717_rec2","no",230579
718,2,50.1835,-91.4980878649376,-117.259904242994,-25.7618163780566,1.60000000000338,10.5999999999966,12.1499999999983,-89.6838115968822,-30.0375378180421,12.4837182546693,-330.415023664246,50.1828,50.18105,3670,"2026_01_13_0001","2026_01_13_0001_ev00718_rec2","no",230580
719,2,50.2142,-95.6056373884192,-100.18310149544,-4.57746410702046,0.0999999999962142,23.9000000000047,21.9500000000039,-196087.383140138,195997.123992364,611708.032348803,16.4964777673967,50.2142,50.21405,4284,"2026_01_13_0001","2026_01_13_0001_ev00719_rec2","no",230581
720,2,50.24265,-92.6144352619756,-116.205332737083,-23.5908974751079,1.15000000000265,3.19999999999965,3.39999999999918,-97.4251663012426,-21.9784632689196,1.97856306815293,-216.601218246787,50.24185,50.2407,4853,"2026_01_13_0001","2026_01_13_0001_ev00720_rec2","no",230582
721,2,50.2652,-92.8188310541336,-102.928276856881,-10.109445802747,1.10000000000099,14.6000000000015,15.7000000000025,-91.1552059209491,-13.1371328153299,17.6941981572451,-163.16589835921,50.26365,50.2616,5304,"2026_01_13_0001","2026_01_13_0001_ev00721_rec2","no",230583
722,2,50.3621,-94.3873017673089,-96.9273466113751,-2.54004484406613,0.349999999997408,0.349999999997408,0,-91.9520825927825,-3.36135014657153,1.43542122111393,67.4637095198535,50.3621,50.36175,7242,"2026_01_13_0001","2026_01_13_0001_ev00722_rec2","no",230584
723,2,50.4112,-90.2447038586491,-101.18177271237,-10.9370688537211,0.149999999997874,4.40000000000396,5.09999999999877,-92.5641106830544,-10.9414786581344,2.77373057550851,-108.526067782175,50.41075,50.4101,8224,"2026_01_13_0001","2026_01_13_0001_ev00723_rec2","no",230585
724,2,50.54295,-92.9052952514146,-98.3853620399182,-5.48006678850359,0.399999999999068,14.3500000000003,13.300000000001,-742173.997712727,742088.951729665,999631.456040502,-99.4198900117678,50.54235,50.5419,10859,"2026_01_13_0001","2026_01_13_0001_ev00724_rec2","no",230586
725,2,50.57125,-90.6375146623552,-128.120434250247,-37.4829195878917,2.40000000000151,10.1999999999975,10.6000000000037,-89.0290285468829,-43.1835044380506,10.3300298566594,-457.141242250616,50.57065,50.5679,11425,"2026_01_13_0001","2026_01_13_0001_ev00725_rec2","no",230587
726,2,50.68715,-94.4043842299631,-99.5267913897041,-5.122407159741,0.0500000000016598,0.150000000004979,0,-70.9245762375327,-21.7708304355547,155.81956540339,109.645559812987,50.68715,50.6868,13743,"2026_01_13_0001","2026_01_13_0001_ev00726_rec2","no",230588
727,2,50.8096,-93.5185013786122,-114.148037382385,-20.6295360037732,3.10000000000343,8.04999999999723,8.14999999999344,-86.3393690331449,-23.468539979974,17.6722840136991,-164.201641060644,50.8095,50.8059,16192,"2026_01_13_0001","2026_01_13_0001_ev00727_rec2","no",230589
728,2,50.84775,-91.1929173793021,-105.361721722118,-14.1688043428161,0.300000000002854,2.99999999999301,5.15000000000043,-95.3729651703006,-5.80560193780348,3.02543589222029,-154.474190226089,50.84705,50.84665,16955,"2026_01_13_0001","2026_01_13_0001_ev00728_rec2","no",230590
729,2,50.87355,-98.207954544357,-101.00138961658,-2.79343507222255,0.599999999998602,3.79999999999825,3.54999999999706,-88.4809705439075,-14.2972138111962,12.5085040164882,124.46538834425,50.87255,50.87145,17471,"2026_01_13_0001","2026_01_13_0001_ev00729_rec2","no",230591
730,2,50.9426,-91.5984689819643,-103.141356548744,-11.5428875667795,0.699999999994816,8.80000000000081,8.65000000000293,-91.2399386706593,-13.7672820360574,7.92488749322979,-126.787298208932,50.9404,50.9395,18852,"2026_01_13_0001","2026_01_13_0001_ev00730_rec2","no",230592
731,2,51.1358,-90.7673568044781,-102.640623935997,-11.8732671315192,3.95000000000323,5.15000000000043,6.3999999999993,-90.8580991721132,-11.5276867825001,6.47853674633881,-136.989360694386,51.1334,51.12915,22716,"2026_01_13_0001","2026_01_13_0001_ev00731_rec2","no",230593
732,2,51.19565,-93.4445730977725,-102.55630545898,-9.11173236120737,0.650000000000261,0.550000000004047,0.450000000000728,-84.1640972937415,-12.8140448165525,36.7302540333709,12.9377370691052,51.19565,51.1949,23913,"2026_01_13_0001","2026_01_13_0001_ev00732_rec2","no",230594
733,2,51.2728,-95.4590619017434,-121.322747166192,-25.8636852644489,1.89999999999912,6.25000000000142,5.45000000000329,-91.5960681836615,-30.3437764699264,6.6986509119026,-180.242737571341,51.27165,51.2655,25456,"2026_01_13_0001","2026_01_13_0001_ev00733_rec2","no",230595
734,2,51.40985,-91.8756635107039,-105.467092871143,-13.5914293604386,2.09999999999866,5.49999999999784,4.40000000000396,-91.7560000477005,-13.786954654614,4.44568846055489,-92.3882920110773,51.4086,51.40625,28197,"2026_01_13_0001","2026_01_13_0001_ev00734_rec2","no",230596
735,2,51.58855,-90.775242375119,-105.000300470599,-14.2250580954798,1.50000000000006,9.45000000000107,11.0500000000044,-87.8018931625801,-17.0887437282992,15.1394298991058,-150.390083143799,51.58845,51.58685,31771,"2026_01_13_0001","2026_01_13_0001_ev00735_rec2","no",230597
736,2,51.68415,-91.5363562905004,-101.363230669881,-9.82687437938047,0.599999999998602,8.00000000000267,9.6500000000006,4255.1942782131,-4353.07532875789,15473.3537689877,-86.6745141946382,51.6814,51.6808,33683,"2026_01_13_0001","2026_01_13_0001_ev00736_rec2","no",230598
737,2,51.77475,-97.881025013276,-113.895878395787,-16.0148533825108,2.049999999997,3.55000000000416,4.3500000000023,-93.3804418230991,-20.162735174842,6.5616629097263,-14.8896065768156,51.7746,51.77205,35495,"2026_01_13_0001","2026_01_13_0001_ev00737_rec2","no",230599
738,2,51.8454,-91.8419861978932,-128.947155737537,-37.1051695396435,2.79999999999347,9.74999999999682,9.70000000000226,-96.5617040903861,-35.5915043063447,7.0453435724263,-499.301411092834,51.8445,51.84135,36908,"2026_01_13_0001","2026_01_13_0001_ev00738_rec2","no",230600
739,2,51.9398,-90.4320681181758,-106.717720285894,-16.2856521677182,1.15000000000265,4.50000000000017,6.75000000000381,-91.9165180681578,-9.95712488078712,8.57023321478436,-141.62353333673,51.93965,51.9384,38796,"2026_01_13_0001","2026_01_13_0001_ev00739_rec2","no",230601
740,2,52.10775,-92.2515318850055,-103.348639164533,-11.0971072795273,4.65000000000515,7.89999999999935,6.44999999999385,-90.6549677166623,-11.4570127617739,9.21077367813734,-95.7639099066054,52.10685,52.10205,42155,"2026_01_13_0001","2026_01_13_0001_ev00740_rec2","no",230602
741,2,52.2236,-91.4614844690158,-104.983393924959,-13.5219094559429,0.849999999999795,8.29999999999842,8.40000000000174,-91.7466774693944,-13.5075744226493,7.96950605540308,-149.539052176523,52.2212,52.22,44472,"2026_01_13_0001","2026_01_13_0001_ev00741_rec2","no",230603
742,2,52.32455,-91.7798485608472,-109.502044482651,-17.722195921804,1.30000000000052,9.35000000000485,10.549999999995,-93.8406032392164,-15.7323239940279,8.41100860343411,-224.783366504834,52.3232,52.32135,46491,"2026_01_13_0001","2026_01_13_0001_ev00742_rec2","no",230604
743,2,52.3513,-92.6986902028268,-95.0280673686944,-2.32937716586765,1.15000000000265,6.00000000000023,6.25000000000142,-91.4747805355109,-6.58301127274236,5.43561440981416,-4.65665133854872,52.35025,52.349,47026,"2026_01_13_0001","2026_01_13_0001_ev00743_rec2","no",230605
744,2,52.4432,-90.9556721189636,-109.10552208118,-18.1498499622163,1.50000000000006,3.14999999999799,2.74999999999892,-91.8410626265138,-12.9041858080406,3.43593223856421,-94.9293058435552,52.44285,52.44125,48864,"2026_01_13_0001","2026_01_13_0001_ev00744_rec2","no",230606
745,2,52.5577,-92.392440766079,-106.259712423319,-13.86727165724,1.10000000000099,2.25000000000364,2.15000000000032,-91.6454905333763,-12.5393150793023,2.8363423216429,-36.4403980094823,52.5567,52.55535,51154,"2026_01_13_0001","2026_01_13_0001_ev00745_rec2","no",230607
746,2,52.6017,-95.7083625270071,-102.995589093149,-7.28722656614232,0.350000000004513,2.20000000000198,1.64999999999793,-90.9704700192714,-9.03776581764466,8.43160505816179,61.7556525425084,52.6011,52.60005,52034,"2026_01_13_0001","2026_01_13_0001_ev00746_rec2","no",230608
747,2,52.7071,-94.2552406576676,-105.293973646202,-11.0387329885343,0.300000000002854,0.300000000002854,1.55000000000172,-90.4826160636542,-9.38136754929101,8.83410246807817,29.0449655004467,52.707,52.70625,54142,"2026_01_13_0001","2026_01_13_0001_ev00747_rec2","no",230609
748,2,52.8173,-90.8830275080022,-131.247882082564,-40.3648545745616,6.54999999999717,15.0000000000006,15.7999999999987,-88.8074971046151,-43.8270767618599,16.6913085576141,-721.079016858968,52.8169,52.81,56346,"2026_01_13_0001","2026_01_13_0001_ev00748_rec2","no",230610
749,2,52.91095,-94.919841642569,-99.1379920243918,-4.21815038182278,0.149999999997874,0.149999999997874,0,43995.1604154689,-44089.0344150959,381560.050665585,82.8337247420286,52.9109,52.91075,58219,"2026_01_13_0001","2026_01_13_0001_ev00749_rec2","no",230611
750,2,53.077,-91.2222514720295,-123.206083475412,-31.9838320033821,2.34999999999985,8.29999999999842,8.54999999999961,-88.8765343600378,-36.3074653387603,9.08089106788012,-314.680011695457,53.0761,53.07365,61540,"2026_01_13_0001","2026_01_13_0001_ev00750_rec2","no",230612
751,2,53.17665,-95.4898040002756,-111.667731335574,-16.1779273352987,1.84999999999746,4.84999999999758,4.84999999999758,-89.2823138884009,-19.7967877716239,10.0166906597234,-20.3876559193333,53.1766,53.17475,63533,"2026_01_13_0001","2026_01_13_0001_ev00751_rec2","no",230613
752,2,53.28995,-94.9973267832876,-112.864948179214,-17.8676213959264,1.64999999999793,7.14999999999577,8.25000000000387,-87.7873145121886,-25.5628768164626,13.4433044942819,-109.90536967334,53.28975,53.28805,65799,"2026_01_13_0001","2026_01_13_0001_ev00752_rec2","no",230614
753,2,53.39485,-91.0050323249909,-106.387342682342,-15.3823103573508,0.799999999998136,5.34999999999997,6.95000000000334,-88.0292442891752,-15.9471720943406,11.4060937895746,-88.9478858042977,53.3946,53.3933,67897,"2026_01_13_0001","2026_01_13_0001_ev00753_rec2","no",230615
754,2,53.4619,-95.9154962425467,-110.402060700922,-14.4865644583754,1.35000000000218,4.04999999999944,3.14999999999799,-91.462348390543,-19.3997618095761,4.59001830263779,22.8526291752109,53.46125,53.45955,69238,"2026_01_13_0001","2026_01_13_0001_ev00754_rec2","no",230616
755,2,53.4791,-91.9965241049381,-97.1079766578078,-5.11145255286968,0.0999999999962142,0.199999999999534,0,-90.6340096556319,-3.24942482962033,5.04834211634119,23.6321441149409,53.47895,53.4788,69582,"2026_01_13_0001","2026_01_13_0001_ev00755_rec2","no",230617
756,2,53.52575,-90.2009759940726,-123.650736460302,-33.4497604662295,3.10000000000343,7.44999999999862,7.39999999999696,-91.7147124459816,-29.8742071963314,7.33662966767681,-338.408150072158,53.52555,53.52235,70515,"2026_01_13_0001","2026_01_13_0001_ev00756_rec2","no",230618
757,2,53.5961,-91.4913544900557,-104.748995738682,-13.257641248626,5.29999999999831,25.5499999999955,29.8000000000016,19385.4194932868,-19487.6076904907,100189.878569119,-299.574102774407,53.5943,53.58865,71922,"2026_01_13_0001","2026_01_13_0001_ev00757_rec2","no",230619
758,2,53.63275,-97.3263838194982,-116.821338247689,-19.4949544281904,1.25000000000597,8.24999999999676,10.4499999999987,-33.6763140752776,-78.8439192084022,97.91458706508,-146.605682905626,53.63255,53.6312,72655,"2026_01_13_0001","2026_01_13_0001_ev00758_rec2","no",230620
759,2,53.6737,-91.7326407066877,-124.445478985226,-32.712838278538,0.699999999994816,6.50000000000261,7.40000000000407,-94.4820161991626,-34.2732070490859,5.68653924085534,-323.521136190793,53.67265,53.67185,73474,"2026_01_13_0001","2026_01_13_0001_ev00759_rec2","no",230621
760,2,53.7158,-98.3232632882236,-100.657286667214,-2.33402337899042,0.250000000001194,0.199999999999534,0.0999999999962142,-91.2851736954556,-7.97475222732494,9.02792732901598,141.573094968149,53.7158,53.71555,74316,"2026_01_13_0001","2026_01_13_0001_ev00760_rec2","no",230622
761,2,53.7706,-97.0969574544489,-114.651522606783,-17.5545651523344,0.650000000000261,2.95000000000556,2.69999999999726,-99.9654857050796,-10.7366881549148,2.47475892885994,-131.135398918029,53.76945,53.76865,75412,"2026_01_13_0001","2026_01_13_0001_ev00761_rec2","no",230623
762,2,53.7945,-95.8740004517921,-108.992964401214,-13.1189639494222,1.04999999999933,5.85000000000235,5.15000000000043,-90.9341902784792,-19.6348805135373,7.37719835002199,-18.9971443494585,53.7933,53.7922,75890,"2026_01_13_0001","2026_01_13_0001_ev00762_rec2","no",230624
763,2,53.84525,-94.664915511484,-99.3267914009115,-4.66187588942751,0.349999999997408,1.75000000000125,4.30000000000064,19433.3090634697,-19530.6120557831,92146.0883774702,14.3929320583565,53.84525,53.84475,76905,"2026_01_13_0001","2026_01_13_0001_ev00763_rec2","no",230625
764,2,53.8664,-95.4466913313847,-98.5313474918434,-3.08465616045862,0.199999999999534,0.149999999997874,0.10000000000332,-90.9391255831046,-5.99782588604585,1.93403008224279,123.324446930344,53.8664,53.86605,77328,"2026_01_13_0001","2026_01_13_0001_ev00764_rec2","no",230626
765,2,53.88505,-93.3181802141791,-95.8852052845612,-2.5670250703821,0.199999999999534,0.0500000000016598,0,-90.2668234359938,-3.72746177825907,1.88881125559307,84.1559276959861,53.88505,53.8848,77701,"2026_01_13_0001","2026_01_13_0001_ev00765_rec2","no",230627
766,2,53.95665,-92.1279857754358,-119.821241281019,-27.6932555055834,0.650000000000261,10.4499999999987,10.4500000000058,-92.2002624601222,-36.4640970613128,8.18324571757816,-373.077641718517,53.95445,53.95375,79133,"2026_01_13_0001","2026_01_13_0001_ev00766_rec2","no",230628
767,2,54.0493,-91.965004465159,-110.7144317021,-18.7494272369409,1.84999999999746,8.89999999999702,9.14999999999822,-90.7859180368933,-26.1542767416167,7.80072884165411,-208.619639778906,54.0481,54.04625,80986,"2026_01_13_0001","2026_01_13_0001_ev00767_rec2","no",230629
768,2,54.0849,-92.9407349879741,-96.1049446490314,-3.16420966105728,0.199999999999534,0.250000000001194,0.550000000004047,-90.8478668546764,-3.76219009790118,3.72069307327733,47.8647680950334,54.0849,54.0847,81698,"2026_01_13_0001","2026_01_13_0001_ev00768_rec2","no",230630
769,2,54.15355,-91.8487832409642,-101.112156822227,-9.26337358126312,1.30000000000052,1.84999999999746,3.19999999999965,-91.6707055722246,-6.24738393797302,5.8447170784549,-45.9725794778073,54.15235,54.15085,83071,"2026_01_13_0001","2026_01_13_0001_ev00769_rec2","no",230631
770,2,54.23815,-97.0029831184448,-106.842516591065,-9.8395334726205,0.900000000001455,3.25000000000131,3.39999999999918,-93.0668346742243,-11.1254226987194,8.86276075858258,8.23958251519351,54.2371,54.23585,84763,"2026_01_13_0001","2026_01_13_0001_ev00770_rec2","no",230632
771,2,54.3191,-99.9939568636204,-104.818447968203,-4.82449110458256,0.299999999995748,0.299999999995748,0.650000000000261,-89.3735604020231,-13.2432244648316,10.3201107137737,188.605658882647,54.31905,54.31875,86382,"2026_01_13_0001","2026_01_13_0001_ev00771_rec2","no",230633
772,2,54.46415,-88.6382675833866,-101.262724975001,-12.6244573916141,0.700000000001921,22.5499999999954,9.50000000000273,-46758.1204393201,46666.0498087985,358384.314955527,-182.093358569081,54.46215,54.4611,89283,"2026_01_13_0001","2026_01_13_0001_ev00772_rec2","no",230634
773,2,54.59525,-89.2727621292135,-105.796731905246,-16.5239697760323,2.25000000000364,7.95000000000101,9.59999999999894,-88.7722015595929,-15.8965851057315,10.9447169688485,-182.044393963035,54.59425,54.59195,91905,"2026_01_13_0001","2026_01_13_0001_ev00773_rec2","no",230635
774,2,54.69245,-92.8571775206928,-107.114331997035,-14.257154476342,4.39999999999685,4.60000000000349,3.59999999999872,-95.3618738666171,-10.1669203459564,2.76018426194056,-134.828046164415,54.6924,54.6875,93849,"2026_01_13_0001","2026_01_13_0001_ev00774_rec2","no",230636
775,2,54.82255,-90.5212285665839,-104.376158936098,-13.8549303695144,1.39999999999674,6.59999999999883,8.04999999999723,-92.0772738973391,-11.3478660057376,6.97161329764865,-145.153978062599,54.8217,54.8202,96451,"2026_01_13_0001","2026_01_13_0001_ev00775_rec2","no",230637
776,2,54.925,-90.7922958300891,-127.762564904465,-36.9702690743759,3.30000000000297,8.74999999999915,8.00000000000267,-90.7271071342013,-34.6648261329667,8.64810424312521,-388.040950734031,54.9244,54.9208,98500,"2026_01_13_0001","2026_01_13_0001_ev00776_rec2","no",230638
777,2,54.99695,-92.193466925158,-98.7658321882708,-6.57236526311283,0.150000000004979,0.299999999995748,0,10068.7913994231,-10161.57260654,149517.391951497,11.9088651680718,54.99685,54.9966,99939,"2026_01_13_0001","2026_01_13_0001_ev00777_rec2","no",230639
778,2,55.01335,-93.4232197980685,-98.3288354461424,-4.90561564807388,0.200000000006639,24.7000000000028,21.7999999999989,-146874.164247224,146784.26141453,599400.81198594,-5.10203030468574,55.01335,55.013,100267,"2026_01_13_0001","2026_01_13_0001_ev00778_rec2","no",230640
779,2,55.06345,-100.950100649244,-106.718151265305,-5.76805061606076,0.150000000004979,6.15000000000521,4.34999999999519,-90.4879410422126,-17.5983100931147,12.9537712485447,84.3937552618604,55.06295,55.05995,101269,"2026_01_13_0001","2026_01_13_0001_ev00779_rec2","no",230641
780,2,55.22315,-90.6434271076741,-115.837204989458,-25.1937778817838,3.39999999999918,7.44999999999862,6.19999999999976,-90.5837663304252,-24.6700881018237,6.43492147589011,-224.844462943876,55.22275,55.21905,104463,"2026_01_13_0001","2026_01_13_0001_ev00780_rec2","no",230642
781,2,55.3095,-88.8203907616274,-104.128239344657,-15.3078485830295,1.55000000000172,10.8499999999978,4.80000000000302,-211143.992620509,211051.244518816,581709.751461396,-330.377958846034,55.30575,55.304,106190,"2026_01_13_0001","2026_01_13_0001_ev00781_rec2","no",230643
782,2,55.3366,-92.9625951233779,-115.932145536595,-22.9695504132173,1.7999999999958,8.94999999999868,8.65000000000293,-87.7758034598515,-31.4741338295305,10.4139902855541,-209.562879724839,55.3351,55.333,106732,"2026_01_13_0001","2026_01_13_0001_ev00782_rec2","no",230644
783,2,55.4227,-89.8003564633839,-115.567197037634,-25.7668405742497,2.60000000000105,9.55000000000439,9.6500000000006,-89.5146970642744,-23.990011698136,10.8134729301585,-320.249766419678,55.42105,55.4181,108454,"2026_01_13_0001","2026_01_13_0001_ev00783_rec2","no",230645
784,2,55.4894,-91.6063894195119,-109.021315317244,-17.4149258977317,3.05000000000177,8.04999999999723,6.1499999999981,-91.2993105482393,-19.5607440588362,5.79995198419018,-159.930843035391,55.48895,55.48545,109788,"2026_01_13_0001","2026_01_13_0001_ev00784_rec2","no",230646
785,2,55.524,-91.4718876535316,-101.777534195965,-10.305646542433,1.24999999999886,7.04999999999956,8.20000000000221,-90.23054710159,-10.8836769247526,10.6644984089076,-87.1546911650652,55.5235,55.522,110480,"2026_01_13_0001","2026_01_13_0001_ev00785_rec2","no",230647
786,2,55.59175,-89.8246294895705,-127.317318838777,-37.4926893492062,3.29999999999586,11.5499999999997,12.3000000000033,-85.8994313570827,-37.2079239887543,16.7046733674223,-522.085190235226,55.59065,55.58705,111835,"2026_01_13_0001","2026_01_13_0001_ev00786_rec2","no",230648
787,2,55.62905,-91.6107169179511,-105.860216707557,-14.2494997896062,1.04999999999933,6.70000000000215,9.39999999999941,-95.4003162877627,-13.2098160403074,4.30758167353261,-189.087244351788,55.62835,55.6272,112581,"2026_01_13_0001","2026_01_13_0001_ev00787_rec2","no",230649
788,2,55.65855,-97.1292877629168,-105.630248559269,-8.50096079635209,0.349999999997408,0.199999999999534,0.300000000002854,-91.6793081406558,-9.43017917348126,3.23244229493999,131.993607427166,55.65855,55.6582,113171,"2026_01_13_0001","2026_01_13_0001_ev00788_rec2","no",230650
789,2,55.70385,-93.0912198730535,-115.852460347131,-22.7612404740779,2.85000000000224,7.74999999999437,7.04999999999956,-89.5015390033883,-23.6087215326086,10.432347359411,-180.593549248236,55.70275,55.69975,114077,"2026_01_13_0001","2026_01_13_0001_ev00789_rec2","no",230651
790,2,55.7489,-92.9041462892203,-110.857918509124,-17.9537722199033,1.1999999999972,9.14999999999822,9.85000000000014,-93.6925781514755,-17.5281688195248,8.96835108315542,-209.339556967853,55.74825,55.74575,114978,"2026_01_13_0001","2026_01_13_0001_ev00790_rec2","no",230652
791,2,55.77165,-93.474561292481,-96.6738587727332,-3.19929748025221,0.349999999997408,4.30000000000064,4.39999999999685,-91.2527661622842,-6.11491670676265,7.48662577381067,17.696049458466,55.77095,55.7705,115433,"2026_01_13_0001","2026_01_13_0001_ev00791_rec2","no",230653
792,2,55.82245,-92.2840638931181,-106.981128499713,-14.6970646065945,2.50000000000483,6.00000000000023,5.34999999999286,-92.4708386492145,-12.8352974156172,5.99041264939416,-112.836812011041,55.82175,55.81915,116449,"2026_01_13_0001","2026_01_13_0001_ev00792_rec2","no",230654
793,2,55.90625,-93.98501163712,-109.640302976914,-15.6552913397943,0.500000000002387,3.84999999999991,3.74999999999659,-94.2013145431502,-9.86328158208861,6.53904047279058,-96.2373280708045,55.9043,55.9037,118125,"2026_01_13_0001","2026_01_13_0001_ev00793_rec2","no",230655
794,2,56.03,-93.0593285575812,-103.212790919558,-10.1534623619766,0.650000000000261,7.6000000000036,4.44999999999851,-273723.388994119,273629.51031141,414007.891581276,-337.22007121518,56.0289,56.02825,120600,"2026_01_13_0001","2026_01_13_0001_ev00794_rec2","no",230656
795,2,56.058,-103.595696865346,-118.219155072489,-14.623458207143,0.599999999998602,3.69999999999493,3.30000000000297,-91.8701083132451,-30.0690666162209,5.86843779862973,159.840397980239,56.05755,56.05685,121160,"2026_01_13_0001","2026_01_13_0001_ev00795_rec2","no",230657
796,2,56.10595,-92.1279299529952,-94.7759357100271,-2.64800575703192,0.10000000000332,0.250000000001194,0,-89.4147269867922,-3.126334373064,4.54282407815845,66.3355284706061,56.10595,56.10565,122119,"2026_01_13_0001","2026_01_13_0001_ev00796_rec2","no",230658
797,2,56.19145,-92.8066363914858,-106.033502378319,-13.2268659868331,1.09999999999388,6.95000000000334,5.5499999999995,-90.5043034368461,-16.7693711877199,6.58754758168852,-68.7739580591916,56.18955,56.18845,123829,"2026_01_13_0001","2026_01_13_0001_ev00797_rec2","no",230659
798,2,56.21095,-94.3191644832028,-96.5829265203301,-2.26376203712725,0.150000000004979,0.149999999997874,0,-89.4313234530166,-5.57412302072289,3.11114955587762,128.909594156945,56.2109,56.21075,124219,"2026_01_13_0001","2026_01_13_0001_ev00798_rec2","no",230660
799,2,56.2816,-89.9874693948053,-107.662428721509,-17.6749593267037,1.29999999999342,4.30000000000064,3.39999999999918,-89.4570193893663,-17.0056466431545,3.8789128601126,-80.4721390492773,56.2807,56.2793,125632,"2026_01_13_0001","2026_01_13_0001_ev00799_rec2","no",230661
800,2,56.3179,-91.0228471621482,-113.784846761364,-22.7619995992163,0.349999999997408,6.54999999999717,8.44999999999629,-87.865203478132,-26.4953361892294,10.190089767232,-172.984679900013,56.3176,56.3172,126358,"2026_01_13_0001","2026_01_13_0001_ev00800_rec2","no",230662
801,2,56.36275,-90.5831046371347,-105.993461236597,-15.4103565994625,1.4499999999984,9.9000000000018,12.5999999999991,-86.8192743653563,-20.5301001918727,16.2482495484601,-193.446111286478,56.36195,56.36005,127255,"2026_01_13_0001","2026_01_13_0001_ev00801_rec2","no",230663
802,2,56.43745,-93.5641993859332,-120.390551695834,-26.8263523099012,1.24999999999886,6.7499999999967,9.00000000000034,-99.1387036730855,-24.6538405501901,5.18451372934307,-328.634778577208,56.4367,56.4354,128749,"2026_01_13_0001","2026_01_13_0001_ev00802_rec2","no",230664
803,2,56.49895,-96.8472812683174,-109.453698698302,-12.6064174299851,0.450000000000728,2.45000000000317,2.6499999999956,-91.6430861946355,-15.8232039932098,5.56365823138832,59.8690605212928,56.49845,56.498,129979,"2026_01_13_0001","2026_01_13_0001_ev00803_rec2","no",230665
804,2,56.532,-86.9133067817206,-91.2682947678847,-4.35498798616419,0.599999999998602,4.30000000000064,1.50000000000006,-224440.761458456,224352.606033915,913371.156524907,-152.120952146378,56.532,56.5314,130640,"2026_01_13_0001","2026_01_13_0001_ev00804_rec2","no",230666
805,2,56.57005,-93.6454018776427,-107.632153524043,-13.9867516464006,0.900000000001455,4.64999999999804,4.50000000000017,-92.0005907212255,-19.3769044651035,4.32919239649942,-49.1916843330403,56.5694,56.5684,131401,"2026_01_13_0001","2026_01_13_0001_ev00805_rec2","no",230667
806,2,56.62255,-94.5238758304754,-173.690692786736,-79.1668169562609,2.9000000000039,13.8999999999996,13.4499999999989,-73.350762184253,-113.234424056069,16.6371090818325,-1255.08368843859,56.6205,56.6143,132451,"2026_01_13_0001","2026_01_13_0001_ev00806_rec2","no",230668
807,2,56.70505,-91.3529210442157,-109.969693982361,-18.6167729381451,2.74999999999892,14.6000000000015,17.2999999999988,82404.8759970627,-82511.784448853,164822.529453579,-278.76060673635,56.7048,56.70165,134101,"2026_01_13_0001","2026_01_13_0001_ev00807_rec2","no",230669
808,2,56.7971,-89.8967435901065,-121.36333825897,-31.466594668863,1.65000000000504,9.85000000000014,9.99999999999801,-95.48867118275,-28.4999241700071,6.46107671685365,-450.119571099697,56.7948,56.79305,135942,"2026_01_13_0001","2026_01_13_0001_ev00808_rec2","no",230670
809,2,56.8304,-92.5316662469531,-125.329326899097,-32.7976606521444,6.00000000000023,10.9999999999957,9.39999999999941,-89.6807338754122,-37.4605879019836,10.2730218412292,-401.450513599084,56.83005,56.8239,136608,"2026_01_13_0001","2026_01_13_0001_ev00809_rec2","no",230671
810,2,56.8717,-96.2426288605111,-98.6586598072242,-2.41603094671308,0.150000000004979,0.199999999999534,0,-91.2164856849548,-5.1470540209941,3.64416817407167,130.694117384493,56.8714,56.87125,137434,"2026_01_13_0001","2026_01_13_0001_ev00810_rec2","no",230672
811,2,56.914,-95.6925105335624,-112.452821168035,-16.7603106344723,1.50000000000006,3.34999999999752,3.59999999999872,-92.6027354497073,-21.8404988836487,4.21328584293811,-11.9503922826914,56.9139,56.91205,138280,"2026_01_13_0001","2026_01_13_0001_ev00811_rec2","no",230673
812,2,57.0218,-89.7210635169928,-121.052791339464,-31.3317278224713,3.99999999999778,2.84999999999513,4.6999999999997,-90.9736213390343,-21.1291478544653,6.605475464762,-238.625826009976,57.02165,57.0176,140436,"2026_01_13_0001","2026_01_13_0001_ev00812_rec2","no",230674
813,2,57.0542,-93.5917923159415,-104.933309040023,-11.3415167240818,0.850000000006901,8.25000000000387,8.09999999999889,-90.7993365921054,-15.9426228270792,9.82581094277409,-90.4263804967382,57.05275,57.05175,141084,"2026_01_13_0001","2026_01_13_0001_ev00813_rec2","no",230675
814,2,57.12455,-93.5312490837194,-95.556682270182,-2.02543318646258,0.349999999997408,6.95000000000334,7.30000000000075,-88.585105295839,-8.3249807176641,19.2692334019818,20.4539148596024,57.12455,57.12405,142491,"2026_01_13_0001","2026_01_13_0001_ev00814_rec2","no",230676
815,2,57.18455,-93.9999886832252,-120.214245980655,-26.2142572974297,3.05000000000177,10.0499999999997,10.1999999999975,3385.19600473346,-3496.23746645443,4844.6754147111,-290.133677282431,57.18175,57.1774,143691,"2026_01_13_0001","2026_01_13_0001_ev00815_rec2","no",230677
816,2,57.2307,-93.2785982673439,-106.007153942909,-12.7285556755653,2.29999999999819,3.90000000000157,4.75000000000136,-90.0179707445136,-16.4882263200884,6.56580813435106,-31.1186513379136,57.2302,57.22785,144614,"2026_01_13_0001","2026_01_13_0001_ev00816_rec2","no",230678
817,2,57.2964,-98.443915649888,-105.975535810475,-7.53162016058668,0.450000000000728,0.300000000002854,0.450000000000728,-94.2377852961465,-7.96025184011537,3.36890795154535,93.9062043914187,57.29515,57.29465,145928,"2026_01_13_0001","2026_01_13_0001_ev00817_rec2","no",230679
818,2,57.3699,-87.7906426006991,-93.005212837071,-5.21457023637187,0.350000000004513,2.9000000000039,0,-18284.6921072825,18194.9019649193,77457.179090091,-168.631764422338,57.3699,57.36955,147398,"2026_01_13_0001","2026_01_13_0001_ev00818_rec2","no",230680
819,2,57.39295,-94.0313258782348,-104.495169780605,-10.4638439023703,1.95000000000078,0.900000000001455,0.950000000003115,-90.2699765471164,-8.2149990337381,12.9294143766924,4.78667431322624,57.3926,57.39055,147859,"2026_01_13_0001","2026_01_13_0001_ev00819_rec2","no",230681
820,2,57.4417,-90.6059572792328,-119.84521441042,-29.2392571311868,4.04999999999944,8.35000000000008,8.05000000000433,-90.1178108792876,-26.9761641792301,9.26537830659271,-299.795033365072,57.4416,57.4372,148834,"2026_01_13_0001","2026_01_13_0001_ev00820_rec2","no",230682
821,2,57.59515,-93.1058549065597,-122.517075778952,-29.4112208723924,2.89999999999679,9.59999999999894,5.10000000000588,-91.9669004539991,-28.7313814424314,5.85768863410807,-275.884374343979,57.59115,57.58795,151903,"2026_01_13_0001","2026_01_13_0001_ev00821_rec2","no",230683
822,2,57.6398,-89.3074002676254,-122.197371127337,-32.8899708597119,3.89999999999446,6.7499999999967,5.69999999999737,-94.1904599369951,-25.2190321692367,4.57646205004544,-361.771685565358,57.639,57.635,152796,"2026_01_13_0001","2026_01_13_0001_ev00822_rec2","no",230684
823,2,57.67045,-93.4550241185507,-125.107376889858,-31.6523527713075,2.6499999999956,7.44999999999862,8.09999999999889,-96.0206476661017,-28.048649537328,7.20595332587815,-329.838874942406,57.6703,57.6676,153409,"2026_01_13_0001","2026_01_13_0001_ev00823_rec2","no",230685
824,2,57.6944,-99.1095354986242,-105.661159390487,-6.55162389186287,0.149999999997874,0.199999999999534,0,-88.2137949183223,-13.1151389618219,14.6347645159797,158.360366257972,57.69425,57.69405,153888,"2026_01_13_0001","2026_01_13_0001_ev00824_rec2","no",230686
825,2,57.7284,-93.1129268727413,-97.6232154901618,-4.5102886174205,0.0999999999962142,0.500000000002387,0,-89.0422454213981,-5.68162950697196,11.7396901828613,56.6660997487943,57.7275,57.7272,154568,"2026_01_13_0001","2026_01_13_0001_ev00825_rec2","no",230687
826,2,57.8062,-87.3091566080181,-112.001362988644,-24.6922063806256,15.0000000000006,12.6999999999953,7.80000000000314,-90.8506014399458,-21.4301677649061,5.79735617075308,-449.855877170064,57.8058,57.79005,156124,"2026_01_13_0001","2026_01_13_0001_ev00826_rec2","no",230688
827,2,57.897,-89.3483901756151,-92.9090425364994,-3.56065236088428,0.549999999996942,4.60000000000349,6.10000000000355,-89.967247286792,-3.52352808895046,3.77166065308038,-33.9029496082922,57.897,57.89645,157940,"2026_01_13_0001","2026_01_13_0001_ev00827_rec2","no",230689
828,2,57.93015,-91.5051401462796,-105.336562221212,-13.8314220749325,0.349999999997408,6.10000000000355,7.8500000000048,-88.868557278149,-15.2604451879877,11.5966693914217,-93.4548677717304,57.9299,57.9292,158603,"2026_01_13_0001","2026_01_13_0001_ev00828_rec2","no",230690
829,2,57.99675,-95.675948373112,-100.680646876395,-5.00469850328284,0.250000000001194,0.149999999997874,0.199999999999534,-90.7880412326436,-7.06003515694179,4.75038977949286,112.12226996979,57.99665,57.9964,159935,"2026_01_13_0001","2026_01_13_0001_ev00829_rec2","no",230691
830,2,58.0324,-97.1882071163131,-103.061327549236,-5.87312043292263,0.249999999994088,0.199999999992428,0,-84.5433746953869,-11.4239958536985,31.9646567567404,156.886903517112,58.0324,58.03215,160648,"2026_01_13_0001","2026_01_13_0001_ev00830_rec2","no",230692
831,2,58.07945,-94.3536734958068,-106.376382173546,-12.0227086777391,1.34999999999508,2.24999999999653,1.84999999999746,-89.8395787536018,-12.1961202990106,5.95146293118086,52.4389244184105,58.07935,58.07745,161589,"2026_01_13_0001","2026_01_13_0001_ev00831_rec2","no",230693
832,2,58.14345,-92.4150156304469,-102.144080156501,-9.72906452605375,3.29999999999586,1.4499999999984,1.14999999999554,-89.6179141192217,-10.087897717455,2.51893394412005,39.1429592689869,58.14335,58.1399,162869,"2026_01_13_0001","2026_01_13_0001_ev00832_rec2","no",230694
833,2,58.1765,-92.4338641332557,-101.016819011641,-8.5829548783849,0.199999999999534,2.25000000000364,2.9000000000039,-89.5492275842508,-10.5771349996417,5.1986423380337,29.5907358625345,58.17635,58.17615,163530,"2026_01_13_0001","2026_01_13_0001_ev00833_rec2","no",230695
834,2,58.19475,-88.0639482147754,-90.2735713085671,-2.20962309379175,0.0500000000016598,7.55000000000194,9.55000000000439,-88.3702618705222,-3.38122125629627,5.06739028834563,-29.1349743779398,58.19445,58.19395,163895,"2026_01_13_0001","2026_01_13_0001_ev00834_rec2","no",230696
835,2,58.26795,-90.0826115898038,-137.350856444588,-47.2682448547846,1.24999999999886,2.94999999999845,2.94999999999845,-97.8839917669659,-40.7983129161389,2.05446065208372,-363.312309765213,58.2679,58.26655,165359,"2026_01_13_0001","2026_01_13_0001_ev00835_rec2","no",230697
836,2,58.2869,-91.6648877062988,-116.616239866102,-24.9513521598035,1.04999999999933,4.1000000000011,3.29999999999586,-90.6372376480331,-25.216811452402,3.6744579968798,-102.294070990737,58.2859,58.28465,165738,"2026_01_13_0001","2026_01_13_0001_ev00836_rec2","no",230698
837,2,58.38275,-90.8953648824347,-97.7251233335524,-6.82975845111774,0.499999999995282,7.64999999999816,8.54999999999961,-82.3390410624557,-15.4604642611597,25.6396639217806,-32.4871989184988,58.38115,58.37965,167655,"2026_01_13_0001","2026_01_13_0001_ev00837_rec2","no",230699
838,2,58.4275,-89.6386199098678,-103.217711678468,-13.5790917686001,1.14999999999554,7.80000000000314,7.35000000000241,-88.5663520767561,-17.4258828541052,7.00015697140627,-116.669265377275,58.4259,58.4247,168550,"2026_01_13_0001","2026_01_13_0001_ev00838_rec2","no",230700
839,2,58.51205,-97.0900233176349,-138.923975216004,-41.833951898369,1.50000000000006,8.25000000000387,7.79999999999603,-90.4440363708346,-57.5218792438283,8.18028618303345,-353.514960281186,58.5107,58.5089,170241,"2026_01_13_0001","2026_01_13_0001_ev00839_rec2","no",230701
840,2,58.55165,-88.2442399008654,-92.3236015213434,-4.0793616204781,0.0500000000016598,7.64999999999816,12.1000000000038,-89.4391771785752,-3.93121571696718,4.78368472905751,-57.4577138744456,58.5513,58.55115,171033,"2026_01_13_0001","2026_01_13_0001_ev00840_rec2","no",230702
841,2,58.641,-91.0395007090636,-109.639821998971,-18.6003212899077,1.04999999999933,31.5500000000029,30.0000000000011,-100.75199434337,-11.9395633327897,2.79405576637658,-350.812866047293,58.63995,58.63845,172820,"2026_01_13_0001","2026_01_13_0001_ev00841_rec2","no",230703
842,2,58.66295,-95.4322835936839,-109.273579115548,-13.8412955218641,1.7999999999958,4.50000000000017,4.60000000000349,-95.5859483345744,-14.8977495131131,4.1787435294612,-91.8290225694254,58.66215,58.6603,173259,"2026_01_13_0001","2026_01_13_0001_ev00842_rec2","no",230704
843,2,58.6872,-91.5232813318154,-99.5391565733485,-8.01587524153304,3.35000000000463,9.00000000000034,9.50000000000273,-91.4580255647615,-10.0033079188527,7.97721959571264,-102.701099563614,58.6867,58.68335,173744,"2026_01_13_0001","2026_01_13_0001_ev00843_rec2","no",230705
844,2,58.7626,-94.7366635035219,-138.468910758871,-43.7322472553492,0.849999999999795,3.84999999999991,3.99999999999778,-95.030845107613,-43.252253219738,3.98553130691496,-224.361541902221,58.76205,58.7611,175252,"2026_01_13_0001","2026_01_13_0001_ev00844_rec2","no",230706
845,2,58.8343,-91.3561861320927,-104.566688067221,-13.2105019351288,0.600000000005707,12.0000000000005,7.50000000000028,-124103.700219102,124011.526209155,229158.411714724,-281.752271104432,58.83355,58.83285,176686,"2026_01_13_0001","2026_01_13_0001_ev00845_rec2","no",230707
846,2,58.8583,-93.6240977776411,-116.695758694557,-23.0716609169163,3.00000000000011,8.30000000000553,11.2999999999985,146.420448597999,-257.150041381618,333.643048405146,-279.069103304347,58.8541,58.8509,177166,"2026_01_13_0001","2026_01_13_0001_ev00846_rec2","no",230708
847,2,58.89945,-91.7868865067787,-135.763782023124,-43.9768955163454,2.89999999999679,7.6000000000036,7.54999999999484,-88.9172008528631,-46.2115188784708,8.58551447459614,-401.079116436148,58.8989,58.89585,177989,"2026_01_13_0001","2026_01_13_0001_ev00847_rec2","no",230709
848,2,58.9688,-93.4882651733026,-98.3715098394688,-4.88324466616614,0.300000000002854,30.0500000000028,30.0000000000011,-18519.7699325692,18428.2577838783,212994.129727373,19.1953363489817,58.9688,58.9684,179376,"2026_01_13_0001","2026_01_13_0001_ev00848_rec2","no",230710
849,2,58.99295,-93.8530160756384,-99.8287775199365,-5.97576144429816,0.399999999999068,19.05,16.6499999999985,-73917.8171697442,73827.3643390501,218875.485211775,-52.7015976080568,58.99275,58.9921,179859,"2026_01_13_0001","2026_01_13_0001_ev00849_rec2","no",230711
850,2,59.0224,-92.0604178491965,-124.912360030178,-32.8519421809813,2.85000000000224,7.2500000000062,7.50000000000028,-91.2148320327367,-31.5461151836085,8.45956233457902,-296.247127770333,59.02205,59.01895,180448,"2026_01_13_0001","2026_01_13_0001_ev00850_rec2","no",230712
851,2,59.0472,-93.8491767514766,-98.6216223900066,-4.77244563853002,0.0499999999945544,0.149999999997874,0,-89.9319041314754,-3.88321571633022,14.0004914655265,69.2785059698781,59.0472,59.04705,180944,"2026_01_13_0001","2026_01_13_0001_ev00851_rec2","no",230713
852,2,59.1087,-83.932556747968,-91.5332807435236,-7.60072399555563,0.249999999994088,30.6500000000014,30.0000000000011,-90.4087336424783,-3.99376788635904,2.70101478504737,-211.566838355602,59.1082,59.10795,182174,"2026_01_13_0001","2026_01_13_0001_ev00852_rec2","no",230714
853,2,59.13805,-91.0784182722577,-97.3931338197984,-6.31471554754071,0.200000000006639,16.849999999998,14.7499999999994,-27199.2858982488,27112.3154426074,62025.7221920219,-74.4417744394964,59.1379,59.13765,182761,"2026_01_13_0001","2026_01_13_0001_ev00853_rec2","no",230715
854,2,59.1605,-90.5431733326747,-104.579048712896,-14.035875380221,4.85000000000468,8.90000000000413,7.80000000000314,-67.6747191806277,-32.3475661744206,54.8995439809037,-120.796228486014,59.1597,59.15445,183210,"2026_01_13_0001","2026_01_13_0001_ev00854_rec2","no",230716
855,2,59.23765,-93.1069038358873,-97.2553087201766,-4.14840488428931,0.0500000000016598,0.250000000001194,0.199999999999534,-90.7109632080383,-5.20192690374876,0.797916401849295,66.7136882055735,59.2375,59.23745,184753,"2026_01_13_0001","2026_01_13_0001_ev00855_rec2","no",230717
856,2,59.28715,-88.9365581256412,-130.708619428077,-41.7720613024358,3.35000000000463,8.15000000000055,7.6000000000036,-89.2818486567484,-39.0239966509096,8.00792176481402,-456.601018351321,59.286,59.28115,185743,"2026_01_13_0001","2026_01_13_0001_ev00856_rec2","no",230718
857,2,59.32665,-87.3399530871858,-118.866461128619,-31.526508041433,1.54999999999461,10.9500000000011,11.8999999999971,-87.5534923230216,-34.4279036498134,10.8288753598658,-414.956083753761,59.3257,59.324,186533,"2026_01_13_0001","2026_01_13_0001_ev00857_rec2","no",230719
858,2,59.3548,-92.8248676857291,-100.831795631396,-8.00692794566662,0.0999999999962142,0.0500000000016598,0,-89.0231786459568,-5.47943360260428,3.92774008243534,92.2561295034278,59.3548,59.3546,187096,"2026_01_13_0001","2026_01_13_0001_ev00858_rec2","no",230720
859,2,59.39335,-86.4585521109355,-94.9577746084155,-8.49922249747992,0.349999999997408,13.5500000000022,30.0000000000011,-90.2975612242708,-4.20916543372091,5.56393856698486,-143.869041223349,59.3933,59.3925,187867,"2026_01_13_0001","2026_01_13_0001_ev00859_rec2","no",230721
860,2,59.45465,-89.0613466125179,-129.223550546219,-40.1622039337011,1.10000000000809,5.45000000000329,6.24999999999432,-92.3078150729705,-38.4765789230881,5.21294691097331,-339.713369246451,59.4543,59.45295,189093,"2026_01_13_0001","2026_01_13_0001_ev00860_rec2","no",230722
861,2,59.52635,-103.976846916743,-166.750370210015,-62.7735232932727,2.60000000000105,8.4500000000034,6.19999999999976,-90.7421852040784,-83.4613485763906,7.4913309779784,-436.833724408743,59.52445,59.521,190527,"2026_01_13_0001","2026_01_13_0001_ev00861_rec2","no",230723
862,2,59.573,-92.2512642869269,-122.877165467322,-30.6259011803951,3.19999999999965,9.70000000000226,8.74999999999915,-91.2151228362985,-33.5161560127305,8.7721367121744,-354.14888448852,59.57175,59.5684,191460,"2026_01_13_0001","2026_01_13_0001_ev00862_rec2","no",230724
863,2,59.6373,-93.4938588278806,-102.881833516174,-9.38797468829372,0.650000000000261,0.450000000000728,0,-91.0577723274793,-5.2383272571865,2.46481778017755,58.0666400768417,59.63725,59.6366,192746,"2026_01_13_0001","2026_01_13_0001_ev00863_rec2","no",230725
864,2,59.68045,-93.1294562968696,-110.00898288824,-16.87952659137,4.50000000000728,4.50000000000017,4.75000000000136,-90.2859855257516,-13.9537835368859,11.1231522787952,-103.057787275143,59.6803,59.67535,193609,"2026_01_13_0001","2026_01_13_0001_ev00864_rec2","no",230726
865,2,59.77045,-87.9360442420985,-105.669605714692,-17.7335614725934,1.60000000000338,13.2499999999993,30.0000000000011,-95.0506132565624,-12.0407011045089,5.78709985059964,-351.973867074525,59.7665,59.76475,195409,"2026_01_13_0001","2026_01_13_0001_ev00865_rec2","no",230727
866,2,59.79215,-93.3412020262086,-95.715896431139,-2.37469440493048,0.250000000001194,30.0500000000028,30.0000000000011,-20138.9573283078,20046.0313190939,496445.939864913,-6.2368600782004,59.79215,59.7919,195843,"2026_01_13_0001","2026_01_13_0001_ev00866_rec2","no",230728
867,2,59.82375,-91.5854703929203,-128.960206930939,-37.3747365380185,3.74999999999659,7.55000000000194,8.4500000000034,-88.7596752843074,-41.8263415657724,9.1750626944288,-366.283602994026,59.8231,59.81925,196475,"2026_01_13_0001","2026_01_13_0001_ev00867_rec2","no",230729
868,2,59.9144,-92.252773734642,-100.90592684253,-8.65315310788846,0.599999999998602,4.6999999999997,5.49999999999784,-91.8897840387996,-9.15516208853765,5.84018102843091,-53.3270495689793,59.9141,59.9128,198288,"2026_01_13_0001","2026_01_13_0001_ev00868_rec2","no",230730
869,2,60.01685,-89.736204238165,-103.454582214355,-13.7183779761905,0.300000000002854,6.65000000000049,5.45000000000329,-90.6514892528012,-10.671281358636,5.78519418126395,-114.668709891183,60.01385,60.01315,200337,"2026_01_13_0001","2026_01_13_0001_ev00869_rec2","no",230731
870,2,60.05285,-89.8088651384626,-99.7924728393555,-9.98360770089286,3.00000000000011,10.7999999999961,10.9500000000011,-90.6074243668148,-11.8856901004975,7.74106569113408,-142.805916922433,60.05275,60.0493,201057,"2026_01_13_0001","2026_01_13_0001_ev00870_rec2","no",230732
871,2,60.1942,-90.1140409197126,-115.966789245605,-25.8527483258929,0.750000000003581,7.95000000000101,9.3000000000032,-90.0318105950762,-28.1944921340907,8.66113681817362,-268.191746303014,60.1933,60.19245,203884,"2026_01_13_0001","2026_01_13_0001_ev00871_rec2","no",230733
872,2,60.33635,-90.2302983601888,-103.759757995605,-13.5294596354167,1.50000000000006,4.89999999999924,3.70000000000203,-91.6199910676021,-10.1059872200762,3.59879563922716,-108.749389648438,60.3345,60.33295,206727,"2026_01_13_0001","2026_01_13_0001_ev00872_rec2","no",230734
873,2,60.37755,-94.619016738165,-110.778800964355,-16.1597842261905,0.950000000003115,4.44999999999851,5.74999999999903,-97.2607077301371,-12.4503169722162,4.36695578510432,-155.956449962798,60.3763,60.37525,207551,"2026_01_13_0001","2026_01_13_0001_ev00873_rec2","no",230735
874,2,60.39235,-94.7207419985817,-107.116691589355,-12.3959495907738,1.4499999999984,5.04999999999711,4.9500000000009,-89.0890288091332,-17.5227703117239,9.19715109741569,-3.8677397228423,60.3919,60.3901,207847,"2026_01_13_0001","2026_01_13_0001_ev00874_rec2","no",230736
875,2,60.5799,-96.7988437470936,-122.985832214355,-26.1869884672619,3.90000000000157,6.70000000000215,5.25000000000375,-91.0563924551301,-30.4926483727267,7.69205653849061,-123.15187000093,60.57985,60.57585,211598,"2026_01_13_0001","2026_01_13_0001_ev00875_rec2","no",230737
876,2,60.6443,-94.1685191563198,-101.928703308105,-7.76018415178571,1.10000000000099,2.89999999999679,2.29999999999819,-94.2856619769731,-8.67032943127203,2.00030566837321,-28.4870692661828,60.6441,60.6429,212886,"2026_01_13_0001","2026_01_13_0001_ev00876_rec2","no",230738
877,2,60.70715,-94.8515316191174,-142.2119140625,-47.3603824433826,4.30000000000064,9.59999999999894,14.8500000000027,-109.919940943649,-35.408713173051,5.57124374520051,-763.435764839536,60.70635,60.70155,214143,"2026_01_13_0001","2026_01_13_0001_ev00877_rec2","no",230739
878,2,60.7278,-104.994993300665,-119.934074401855,-14.9390811011905,0.799999999998136,4.15000000000276,4.84999999999758,-105.523105942677,-16.3814937815381,4.06786138241061,-95.6667945498514,60.7273,60.7264,214556,"2026_01_13_0001","2026_01_13_0001_ev00878_rec2","no",230740
879,2,60.75335,-103.469114394415,-118.408195495605,-14.9390811011905,0.799999999998136,2.45000000000317,3.10000000000343,-100.227697225439,-15.7769597343003,5.30396377913986,4.07954624720964,60.7533,60.7525,215067,"2026_01_13_0001","2026_01_13_0001_ev00879_rec2","no",230741
880,2,60.8174,-99.7924728393555,-130.31005859375,-30.5175857543945,1.64999999999793,31.6000000000045,30.0000000000011,-117.070951358258,-17.3869232977576,1.23552090388075,-585.876508331299,60.8167,60.81495,216348,"2026_01_13_0001","2026_01_13_0001_ev00880_rec2","no",230742
881,2,60.83965,-112.697048732213,-139.16015625,-26.4631075177874,1.4499999999984,4.1000000000011,3.39999999999918,-113.464390002057,-25.8097367319128,3.25176999345189,-156.600996017456,60.83845,60.8369,216793,"2026_01_13_0001","2026_01_13_0001_ev00881_rec2","no",230743
882,2,60.8716,-113.103949773879,-136.1083984375,-23.0044486636207,1.69999999999959,3.00000000000011,1.99999999999534,-104.568513507274,-29.1038735424477,3.77960817006196,111.271796399071,60.8711,60.869,217432,"2026_01_13_0001","2026_01_13_0001_ev00882_rec2","no",230744
883,2,60.89455,-98.7461558750698,-111.999504089355,-13.2533482142857,1.40000000000384,3.95000000000323,30.0000000000011,-104.51302659787,-9.53700528495038,0.976689309311166,-204.851422991071,60.89425,60.8926,217891,"2026_01_13_0001","2026_01_13_0001_ev00883_rec2","no",230745
884,2,60.9368,-104.268384297689,-143.73779296875,-39.4694086710612,1.39999999999674,3.39999999999918,3.05000000000177,-109.366026991729,-38.6452210770442,2.17941571077718,-290.715558751424,60.93635,60.93485,218736,"2026_01_13_0001","2026_01_13_0001_ev00884_rec2","no",230746
885,2,60.9702,-104.253852117629,-123.596183776855,-19.3423316592262,0.950000000003115,3.84999999999991,4.24999999999898,-102.655596309499,-18.7499657083083,5.56038463469154,-70.1831635974702,60.97005,60.969,219404,"2026_01_13_0001","2026_01_13_0001_ev00885_rec2","no",230747
886,2,60.9863,-103.803354535784,-110.473625183105,-6.67027064732143,0.650000000000261,1.65000000000504,1.10000000000099,-102.84073245442,-11.8673594932877,0.88238055636618,11.8647984095981,60.9862,60.98545,219726,"2026_01_13_0001","2026_01_13_0001_ev00886_rec2","no",230748
887,2,61.00775,-102.727973211379,-114.440910339355,-11.7129371279762,0.500000000002387,2.00000000000244,1.69999999999959,-100.457710057235,-16.2430360152881,1.90152627963476,30.2411033993676,61.00765,61.0068,220155,"2026_01_13_0001","2026_01_13_0001_ev00887_rec2","no",230749
888,2,61.0209,-97.5254527500698,-105.285636901855,-7.76018415178571,0.199999999999534,0.700000000001921,0.0500000000016598,-102.714539045226,-2.56624569910568,1e-07,-162.051609584263,61.02035,61.02005,220418,"2026_01_13_0001","2026_01_13_0001_ev00888_rec2","no",230750
889,2,61.07285,-99.3855717976888,-118.103019714355,-18.7174479166667,4.50000000000017,13.450000000006,13.149999999996,-103.620495220186,-12.6751392083381,8.47938459545738,-316.777547200521,61.0723,61.0667,221457,"2026_01_13_0001","2026_01_13_0001_ev00889_rec2","no",230751
890,2,61.11375,-103.905079796201,-114.440910339355,-10.5358305431548,0.10000000000332,2.50000000000483,1.95000000000078,-101.463338241564,-13.0905305797546,2.71242549546248,30.2265712193081,61.11305,61.1126,222275,"2026_01_13_0001","2026_01_13_0001_ev00890_rec2","no",230752
891,2,61.1515,-101.696188427153,-109.558097839355,-7.86190941220238,0.199999999999534,0.299999999995748,0.599999999998602,-96.0937139284621,-9.0534027631511,9.74466748228416,80.1823933919271,61.15105,61.15085,223030,"2026_01_13_0001","2026_01_13_0001_ev00891_rec2","no",230753
892,2,61.1914,-97.2929378691174,-130.615234375,-33.3222965058826,1.09999999999388,7.54999999999484,11.3999999999947,-106.198122328442,-21.2040866392348,6.24410803689458,-436.463134293329,61.1908,61.1896,223828,"2026_01_13_0001","2026_01_13_0001_ev00892_rec2","no",230754
893,2,61.22195,-109.180261157808,-111.694328308105,-2.51406715029762,0.399999999999068,0.399999999999068,0,-104.01901027381,-2.90004508871381,4.33064655555058,141.278948102679,61.22195,61.22155,224439,"2026_01_13_0001","2026_01_13_0001_ev00893_rec2","no",230755
894,2,61.2513,-96.4355392456055,-118.103019714355,-21.66748046875,2.34999999999985,6.85000000000002,4.44999999999851,-100.486273397571,-15.9214473468261,3.19502830375412,-247.74169921875,61.24855,61.24545,225026,"2026_01_13_0001","2026_01_13_0001_ev00894_rec2","no",230756
895,2,61.27795,-99.1239925566174,-103.759757995605,-4.6357654389881,0.500000000002387,3.39999999999918,2.74999999999892,-99.4203631258227,-7.37823254594196,1.67859644346614,-31.0178484235493,61.27695,61.27635,225559,"2026_01_13_0001","2026_01_13_0001_ev00895_rec2","no",230757
896,2,61.3152,-97.5690492902483,-106.506340026855,-8.93729073660714,0.399999999999068,1.20000000000431,1.35000000000218,-96.9256329458448,-8.93152841674621,1.67784696902832,2.23432268415191,61.3152,61.3148,226304,"2026_01_13_0001","2026_01_13_0001_ev00896_rec2","no",230758
897,2,61.3538,-107.320142110189,-119.934074401855,-12.6139322916667,1.24999999999886,3.65000000000038,2.74999999999892,-100.224398635918,-20.7534491221486,4.80401848017007,99.573771158854,61.3536,61.352,227076,"2026_01_13_0001","2026_01_13_0001_ev00897_rec2","no",230759
898,2,61.395,-97.089487348284,-119.323722839355,-22.2342354910714,1.4499999999984,5.80000000000069,3.90000000000157,-97.2578603439661,-20.8833202949625,4.10490603981525,-152.930123465402,61.39255,61.391,227900,"2026_01_13_0001","2026_01_13_0001_ev00898_rec2","no",230760
899,2,61.4153,-93.6889572143555,-98.8769454956055,-5.18798828125,0.10000000000332,7.79999999999603,5.94999999999857,-194976.27653403,194883.25770393,448497.773368544,-179.054260253906,61.41475,61.41465,228306,"2026_01_13_0001","2026_01_13_0001_ev00899_rec2","no",230761
900,2,61.44065,-99.7343441191174,-115.661613464355,-15.9272693452381,1.75000000000125,8.44999999999629,10.2499999999992,240848.298935266,-240959.616410046,434736.283331889,-116.222563244048,61.4403,61.4384,228813,"2026_01_13_0001","2026_01_13_0001_ev00900_rec2","no",230762
901,2,61.48185,-94.6916776384626,-110.168449401855,-15.4767717633929,0.450000000000728,1.99999999999534,1.99999999999534,-97.3945017961898,-13.6958689692175,1.31785934532371,-108.300345284598,61.4814,61.48095,229637,"2026_01_13_0001","2026_01_13_0001_ev00901_rec2","no",230763
902,2,61.5349,-94.9823212396531,-97.6562423706055,-2.67392113095238,0.10000000000332,12.8500000000003,12.3499999999979,-444342.805601177,444258.753762361,460792.315439433,-105.568680100214,61.5349,61.53475,230698,"2026_01_13_0001","2026_01_13_0001_ev00902_rec2","no",230764
903,2,61.564,-93.703489394415,-133.056640625,-39.353151230585,2.49999999999773,10.1499999999959,8.54999999999961,-91.2257251245547,-42.2198984326963,9.42012262013025,-451.358639835176,61.56165,61.55905,231280,"2026_01_13_0001","2026_01_13_0001_ev00903_rec2","no",230765
904,2,61.6931,-92.2938679286412,-111.389152526855,-19.0952845982143,2.34999999999985,8.34999999999297,10.3000000000009,-96.5722537210997,-14.0597972408132,6.35501748256733,-248.510088239397,61.69265,61.6901,233862,"2026_01_13_0001","2026_01_13_0001_ev00904_rec2","no",230766
905,2,61.7254,-97.6271780104864,-103.454582214355,-5.82740420386905,0.149999999997874,2.84999999999513,2.49999999999773,-89.7929705780879,-13.1408309145781,9.12534141022752,113.600231352306,61.7245,61.72435,234508,"2026_01_13_0001","2026_01_13_0001_ev00905_rec2","no",230767
906,2,61.76395,-90.622667221796,-123.291007995605,-32.6683407738095,3.70000000000203,9.10000000000366,7.3499999999953,-94.9225147361812,-28.67486963501,5.62430790017936,-423.584348060971,61.76195,61.7582,235279,"2026_01_13_0001","2026_01_13_0001_ev00906_rec2","no",230768
907,2,61.82125,-93.7616181146531,-113.220207214355,-19.4585890997024,1.94999999999368,5.09999999999877,5.24999999999665,-97.8362594594677,-16.4038994799036,3.17177069600975,-206.597464425223,61.8209,61.8189,236425,"2026_01_13_0001","2026_01_13_0001_ev00907_rec2","no",230769
908,2,61.8449,-97.8015641712007,-107.116691589355,-9.31512741815476,0.150000000004979,1.10000000000099,1.85000000000457,-94.3844761574666,-9.21994775512466,6.20765351018025,42.2857375372025,61.84465,61.8444,236898,"2026_01_13_0001","2026_01_13_0001_ev00908_rec2","no",230770
909,2,61.8716,-95.0985786801293,-100.402824401855,-5.30424572172619,0.10000000000332,0.500000000002387,1.39999999999674,-93.2984795170536,-4.84003499749006,5.56432036961809,27.0211356026786,61.8716,61.8715,237432,"2026_01_13_0001","2026_01_13_0001_ev00909_rec2","no",230771
910,2,61.9502,-93.732553754534,-113.525382995605,-19.7928292410714,1.74999999999415,4.59999999999638,2.80000000000769,-94.3379855727042,-12.61023000352,4.43273885146246,-117.919921875,61.94805,61.9457,239004,"2026_01_13_0001","2026_01_13_0001_ev00910_rec2","no",230772
911,2,61.9824,-96.4936679658436,-102.233879089355,-5.7402111235119,0.199999999999534,0.350000000004513,0.550000000004047,-91.532338629811,-8.59064035242629,2.82785931498823,123.831976027716,61.9824,61.9822,239648,"2026_01_13_0001","2026_01_13_0001_ev00911_rec2","no",230773
912,2,62.01035,-88.5009689331055,-101.318351745605,-12.8173828125,0.299999999995748,3.15000000000509,6.19999999999266,-91.2890921501002,-6.41244958548779,5.19799924567758,-120.864868164062,62.0102,62.0099,240207,"2026_01_13_0001","2026_01_13_0001_ev00912_rec2","no",230774
913,2,62.24735,-94.1830513363793,-127.868644714355,-33.6855933779762,2.54999999999939,9.70000000000226,10.5000000000004,-88.154705357529,-41.7641831368465,12.8731150435459,-368.488498378935,62.24705,62.24415,244947,"2026_01_13_0001","2026_01_13_0001_ev00913_rec2","no",230775
914,2,62.34195,-94.1539869762602,-123.901359558105,-29.7473725818452,0.950000000003115,3.39999999999918,3.5000000000025,-96.4755659315468,-27.635878520105,3.0130254965695,-191.278003510975,62.3412,62.3401,246839,"2026_01_13_0001","2026_01_13_0001_ev00914_rec2","no",230776
915,2,62.37785,-93.8197468348912,-111.389152526855,-17.5694056919643,2.25000000000364,7.50000000000028,8.60000000000127,-90.0035782477579,-17.5793892952895,16.1795293380779,-162.462506975447,62.37695,62.37465,247557,"2026_01_13_0001","2026_01_13_0001_ev00915_rec2","no",230777
916,2,62.4151,-94.2266478765578,-97.3510665893555,-3.12441871279762,0.650000000007367,5.64999999999571,5.50000000000495,-93.2001699229898,-7.72945144599824,4.3492032207253,-9.87134660993307,62.41445,62.4138,248302,"2026_01_13_0001","2026_01_13_0001_ev00916_rec2","no",230778
917,2,62.51375,-91.3056796845936,-98.5717697143555,-7.2660900297619,0.800000000005241,8.14999999999344,30.0000000000011,-94.1433863870207,-5.33659540754705,2.74002377424685,-118.51574125744,62.51205,62.5104,250275,"2026_01_13_0001","2026_01_13_0001_ev00917_rec2","no",230779
918,2,62.5375,-93.8052146548317,-102.539054870605,-8.73384021577381,0.250000000001194,3.25000000000131,3.44999999999374,-93.0387231728633,-13.6204343785673,2.79983764846136,-20.2756609235491,62.53705,62.5368,250750,"2026_01_13_0001","2026_01_13_0001_ev00918_rec2","no",230780
919,2,62.55475,-95.0840465000698,-99.1821212768555,-4.09807477678571,0.299999999995748,0.10000000000332,0,-91.5696826769889,-4.34703034981039,4.21726308945717,86.2361363002234,62.55475,62.5544,251095,"2026_01_13_0001","2026_01_13_0001_ev00919_rec2","no",230781
920,2,62.5917,-90.9714395432245,-127.563468933105,-36.5920293898809,1.4499999999984,8.44999999999629,6.94999999999624,-92.4667071579224,-37.6509586091582,6.11152083954141,-389.137274551391,62.5892,62.58755,251834,"2026_01_13_0001","2026_01_13_0001_ev00920_rec2","no",230782
921,2,62.6265,-93.0350091116769,-104.370109558105,-11.3351004464286,0.199999999992428,5.45000000000329,7.19999999999743,-97.0036948486642,-8.80657388110483,1.9624247469055,-160.360063825335,62.624,62.6238,252530,"2026_01_13_0001","2026_01_13_0001_ev00921_rec2","no",230783
922,2,62.65445,-97.1912126087007,-113.525382995605,-16.3341703869048,1.04999999999933,2.29999999999819,3.05000000000177,-93.6353345752384,-14.5952259343388,7.26163023819506,-8.92929803757431,62.6543,62.65305,253089,"2026_01_13_0001","2026_01_13_0001_ev00922_rec2","no",230784
923,2,62.6945,-94.9677890595936,-106.201164245605,-11.2333751860119,0.250000000001194,3.55000000000416,3.59999999999872,-94.0930085042984,-11.5788681423742,4.30042268033835,-33.150445847284,62.6935,62.69325,253890,"2026_01_13_0001","2026_01_13_0001_ev00923_rec2","no",230785
924,2,62.78015,-93.6162963140578,-125.122062683105,-31.5057663690476,2.54999999999939,7.6000000000036,6.25000000000142,-92.5819904119774,-28.2598575872705,7.83336286839487,-273.59626406715,62.77865,62.7756,255603,"2026_01_13_0001","2026_01_13_0001_ev00924_rec2","no",230786
925,2,62.8397,-94.953256879534,-98.5717697143555,-3.61851283482143,0.199999999999534,0.599999999998602,0.450000000000728,-91.5412059682674,-6.10317770007787,1.83921136234471,89.9603707449776,62.8397,62.83935,256794,"2026_01_13_0001","2026_01_13_0001_ev00925_rec2","no",230787
926,2,62.89055,-90.317491440546,-104.980461120605,-14.6629696800595,1.39999999999674,2.74999999999892,2.20000000000198,-92.135371296479,-9.41145215376706,2.31861043088342,-90.9096854073659,62.8903,62.88865,257811,"2026_01_13_0001","2026_01_13_0001_ev00926_rec2","no",230788
927,2,62.9568,-91.538194565546,-98.5717697143555,-7.03357514880952,0.350000000004513,0.849999999999795,1.14999999999554,-91.2114149887836,-5.25663279546119,1.96667141720512,-1.59345354352662,62.9568,62.9564,259136,"2026_01_13_0001","2026_01_13_0001_ev00927_rec2","no",230789
928,2,63.04065,-91.5091302054269,-104.675285339355,-13.1661551339286,0.399999999999068,30.5500000000052,30.0000000000011,-59213.4755330622,59120.8298418629,765116.72926938,-78.9195469447544,63.0404,63.0391,260813,"2026_01_13_0001","2026_01_13_0001_ev00928_rec2","no",230790
929,2,63.10445,-97.8015641712007,-102.233879089355,-4.43231491815476,0.849999999999795,0.550000000004047,0.0500000000016598,-92.0379904027739,-7.46808673867516,7.79963440137643,113.762628464472,63.10375,63.1025,262089,"2026_01_13_0001","2026_01_13_0001_ev00929_rec2","no",230791
930,2,63.14385,-93.8778755551293,-101.318351745605,-7.44047619047619,0.300000000002854,7.15000000000288,8.29999999999842,-86.5966969900615,-15.013656642363,20.5724660924341,-24.6487572079613,63.1432,63.1428,262877,"2026_01_13_0001","2026_01_13_0001_ev00930_rec2","no",230792
931,2,63.1835,-91.5236623854864,-93.6889572143555,-2.16529482886905,0.299999999995748,0.299999999995748,0,-86.1684674184331,-5.84852566135276,79.0468003741945,13.5839553106398,63.1835,63.18315,263670,"2026_01_13_0001","2026_01_13_0001_ev00931_rec2","no",230793
932,2,63.2322,-89.2130457560221,-114.440910339355,-25.2278645833333,1.80000000000291,9.49999999999562,11.6999999999976,-92.7774670779268,-22.4977313950963,8.58780132633907,-333.707173665364,63.2316,63.22975,264644,"2026_01_13_0001","2026_01_13_0001_ev00932_rec2","no",230794
933,2,63.28715,-93.0059447515578,-133.056640625,-40.0506958734422,1.15000000000265,6.65000000000759,6.79999999999836,-90.9159224233241,-43.8511224745331,7.14420506238689,-313.517634982155,63.28605,63.28485,265743,"2026_01_13_0001","2026_01_13_0001_ev00933_rec2","no",230795
934,2,63.32795,-120.297378903344,-184.936508178711,-64.6391292753674,2.85000000000224,8.00000000000267,6.00000000000023,-87.4235364093063,-112.158320186047,8.80802954489827,-167.420503289359,63.32675,63.3229,266559,"2026_01_13_0001","2026_01_13_0001_ev00934_rec2","no",230796
935,2,63.3924,-90.6081350417364,-126.953117370605,-36.3449823288691,3.14999999999799,4.64999999999804,4.25000000000608,-93.3146267795525,-34.047102031895,3.70310115018909,-271.702722912743,63.39205,63.38835,267848,"2026_01_13_0001","2026_01_13_0001_ev00935_rec2","no",230797
936,2,63.41275,-92.8315585908436,-95.2148361206055,-2.3832775297619,0.650000000007367,3.75000000000369,3.69999999999493,-91.1380360615946,-4.57735250127298,6.40315238081039,20.4656691778276,63.41275,63.41195,268255,"2026_01_13_0001","2026_01_13_0001_ev00936_rec2","no",230798
937,2,63.4474,-89.7507364182245,-106.506340026855,-16.7556036086309,1.24999999999886,10.549999999995,10.9999999999957,-90.1777904951167,-18.3931812505478,9.50373811308654,-221.759251185826,63.44555,63.44415,268948,"2026_01_13_0001","2026_01_13_0001_ev00937_rec2","no",230799
938,2,63.4898,-94.953256879534,-104.980461120605,-10.0272042410714,0.500000000002387,5.90000000000401,7.30000000000075,-95.6246106774851,-11.2492389154847,5.56567129766155,-93.9145769391742,63.4888,63.4882,269796,"2026_01_13_0001","2026_01_13_0001_ev00938_rec2","no",230800
939,2,63.5085,-93.9505364554269,-101.928703308105,-7.97816685267857,0.10000000000332,3.60000000000582,3.70000000000203,-92.1960765382312,-10.0305476874031,4.88378765160207,-3.06701660156243,63.5078,63.5075,270170,"2026_01_13_0001","2026_01_13_0001_ev00939_rec2","no",230801
940,2,63.55655,-93.5000388735817,-110.168449401855,-16.6684105282738,1.69999999999959,6.65000000000049,6.24999999999432,-91.5976525322555,-16.8048447705108,8.49101154140463,-113.744826543899,63.55595,63.5535,271131,"2026_01_13_0001","2026_01_13_0001_ev00940_rec2","no",230802
941,2,63.68945,-88.6026941935221,-115.661613464355,-27.0589192708333,5.60000000000116,35.499999999999,29.999999999994,-103.897217794555,-12.0589277326061,1.36963634757317,-595.642092514038,63.68815,63.68245,273789,"2026_01_13_0001","2026_01_13_0001_ev00941_rec2","no",230803
942,2,63.70485,-94.4010340372721,-124.816886901855,-30.4158528645833,0.950000000003115,5.60000000000116,6.34999999999764,-90.0945781355247,-36.7919978464457,7.35865410489724,-171.272280502319,63.70415,63.7031,274097,"2026_01_13_0001","2026_01_13_0001_ev00942_rec2","no",230804
943,2,63.7476,-92.7443655104864,-124.816886901855,-32.0725213913691,8.09999999999889,14.0499999999975,8.40000000000174,-92.5066717063923,-36.9922595703517,7.51096329578755,-463.017420941308,63.7467,63.7383,274952,"2026_01_13_0001","2026_01_13_0001_ev00943_rec2","no",230805
944,2,63.79415,-95.0404499598912,-113.830558776855,-18.7901088169643,0.599999999998602,3.14999999999799,3.89999999999446,-93.5951945301333,-20.0119351824753,4.47037185793018,-58.8193620954243,63.7939,63.7933,275883,"2026_01_13_0001","2026_01_13_0001_ev00944_rec2","no",230806
945,2,63.87895,-96.3919427054269,-106.811515808105,-10.4195731026786,0.199999999999534,2.89999999999679,3.00000000000011,-92.8009465967565,-17.0420167778862,3.60006015035593,40.7845633370537,63.8786,63.87825,277579,"2026_01_13_0001","2026_01_13_0001_ev00945_rec2","no",230807
946,2,63.9503,-96.2756852649507,-107.421867370605,-11.1461821056548,4.24999999999898,7.24999999999909,3.45000000000084,-91.8672370097562,-13.961459664294,6.95844528786594,5.02922421409978,63.949,63.94425,279006,"2026_01_13_0001","2026_01_13_0001_ev00946_rec2","no",230808
947,2,63.9896,-92.6281080700102,-129.39453125,-36.7664231799898,1.25000000001307,10.4000000000042,10.0500000000068,-91.4801591585648,-40.9727860582549,9.83728624123633,-459.788021723429,63.98735,63.9858,279792,"2026_01_13_0001","2026_01_13_0001_ev00947_rec2","no",230809
948,2,64.11965,-95.5200119018555,-119.018547058105,-23.49853515625,1.1999999999972,8.44999999999629,9.35000000001196,-85.7662398745313,-31.6083692961676,17.3319817661465,-195.388793945312,64.11895,64.1174,282393,"2026_01_13_0001","2026_01_13_0001_ev00948_rec2","no",230810
949,2,64.1914,-96.9151011875698,-99.7924728393555,-2.87737165178571,0.799999999998136,30.4500000000019,28.0499999999932,-85173.3241075153,85081.3432382631,397616.584488221,52.6864188058038,64.1914,64.1905,283828,"2026_01_13_0001","2026_01_13_0001_ev00949_rec2","no",230811
950,2,64.23015,-99.2111856369745,-117.492668151855,-18.2814825148809,5.44999999999618,9.10000000000366,8.4500000000105,424.029065017892,-535.489577608841,822.142812117661,-134.916396368117,64.2277,64.222,284603,"2026_01_13_0001","2026_01_13_0001_ev00950_rec2","no",230812
951,2,64.29175,-94.008665175665,-104.370109558105,-10.3614443824405,0.650000000007367,9.09999999998945,7.35000000000241,-371545.526042565,371455.913160104,330866.822401991,-377.661961074103,64.2916,64.2907,285835,"2026_01_13_0001","2026_01_13_0001_ev00951_rec2","no",230813
952,2,64.31165,-92.9042194911412,-128.173828125,-35.2696086338588,1.80000000000291,11.2000000000023,11.650000000003,-91.3030797021916,-47.7910130295839,9.84976634530761,-474.230114092146,64.3105,64.30845,286233,"2026_01_13_0001","2026_01_13_0001_ev00952_rec2","no",230814
953,2,64.3739,-96.2175565447126,-111.083976745605,-14.8664202008929,0.849999999999795,4.40000000000396,4.39999999998975,-94.7087800830695,-16.3726720075852,5.21092709809162,-56.7986624581475,64.37325,64.37235,287478,"2026_01_13_0001","2026_01_13_0001_ev00953_rec2","no",230815
954,2,64.45275,-96.115831284296,-119.628898620605,-23.5130673363095,0.500000000002387,7.69999999999982,8.15000000000055,-95.6866425249297,-27.8953533683653,7.27727077637683,-219.761803036644,64.4515,64.4509,289055,"2026_01_13_0001","2026_01_13_0001_ev00954_rec2","no",230816
955,2,64.5682,-97.365598769415,-115.356437683105,-17.9908389136905,2.00000000000955,6.69999999999504,3.94999999998902,-97.3364941739928,-17.6309329340892,4.05779245770126,-106.675284249442,64.56685,64.5636,291364,"2026_01_13_0001","2026_01_13_0001_ev00955_rec2","no",230817
956,2,64.6017,-97.8596928914388,-110.778800964355,-12.9191080729167,1.1999999999972,2.09999999999866,2.80000000000769,-93.8243509179285,-12.8062040065874,7.55876104046772,16.6295369466145,64.60145,64.60015,292034,"2026_01_13_0001","2026_01_13_0001_ev00956_rec2","no",230818
957,2,64.70815,-99.1239925566174,-102.539054870605,-3.4150623139881,0.200000000006639,0.150000000004979,0.049999999987449,-94.3314540842792,-6.09509793977572,9.36024669572169,88.8221377418153,64.70815,64.70795,294163,"2026_01_13_0001","2026_01_13_0001_ev00957_rec2","no",230819
958,2,64.7591,-94.7062098185221,-119.323722839355,-24.6175130208333,1.05000000000643,6.60000000000593,8.04999999999723,-93.8546031824365,-24.3906730018612,8.99287798609062,-215.268452962239,64.75865,64.75725,295182,"2026_01_13_0001","2026_01_13_0001_ev00958_rec2","no",230820
959,2,64.92845,-92.9042194911412,-114.135734558105,-21.2315150669643,1.64999999999793,10.0000000000051,10.0500000000068,-93.0197558992066,-25.7536424127265,8.34342346429664,-267.721993582589,64.9268,64.92505,298569,"2026_01_13_0001","2026_01_13_0001_ev00959_rec2","no",230821
960,2,64.97565,-92.9623482113793,-105.590812683105,-12.6284644717262,0.699999999994816,5.90000000001112,6.95000000000334,-95.1815886400318,-12.5995363985665,4.25888100986647,-135.591824780698,64.97515,64.97435,299513,"2026_01_13_0001","2026_01_13_0001_ev00960_rec2","no",230822
961,2,65.0239,-99.5250219916161,-112.482192326533,-12.9571703349164,1.10000000000809,5.00000000000966,4.05000000000655,-94.0324631738906,-14.6371229497968,11.470663531182,-20.033084940751,65.0218,65.02025,300478,"2026_01_13_0001","2026_01_13_0001_ev00961_rec2","no",230823
962,2,65.13435,-99.8657139362239,-118.150650908788,-18.2849369725642,1.55000000000882,7.05000000000666,4.54999999999472,-97.7343025900316,-24.7939658674713,4.44376603296642,-171.69824157463,65.1328,65.1247,302687,"2026_01_13_0001","2026_01_13_0001_ev00962_rec2","no",230824
963,2,65.1799,-96.1788167558616,-110.420996931594,-14.2421801757323,0.649999999993156,3.34999999999752,2.84999999999513,-94.0040742354987,-17.7143883480015,3.27779986048483,-10.0322278082752,65.1792,65.17825,303598,"2026_01_13_0001","2026_01_13_0001_ev00963_rec2","no",230825
964,2,65.28635,-95.6295712524478,-105.729681009627,-10.1001097571793,1.4500000000055,0.299999999995748,3.5000000000025,-88.1155438437846,-12.2085208150032,42.7075145299551,-46.2531663142431,65.2863,65.2844,305727,"2026_01_13_0001","2026_01_13_0001_ev00964_rec2","no",230826
965,2,65.3407,-97.7803299200326,-101.819367813804,-4.03903789377098,0.349999999997408,24.9999999999915,22.9499999999945,-137356.417893445,137263.534284785,492474.97138976,20.7217256088588,65.3407,65.34035,306814,"2026_01_13_0001","2026_01_13_0001_ev00965_rec2","no",230827
966,2,65.38885,-100.335138692371,-117.10629193312,-16.7711532407493,1.44999999999129,7.55000000000905,5.89999999999691,-94.538884940034,-27.8216564703919,7.01587388799137,-65.1695683555738,65.3872,65.3854,307777,"2026_01_13_0001","2026_01_13_0001_ev00966_rec2","no",230828
967,2,65.45015,-95.0053687879438,-102.479348056428,-7.47397926848446,0.299999999995748,4.59999999999638,6.55000000000427,-92.7728387507516,-7.75032083631858,14.8852548218567,-36.9645392133457,65.4498,65.4494,309003,"2026_01_13_0001","2026_01_13_0001_ev00967_rec2","no",230829
968,2,65.5062,-94.7978412957777,-107.724875131573,-12.9270338357957,0.550000000004047,12.6999999999953,7.90000000000646,-266251.047455652,266154.698384188,652390.777311931,-237.535456722572,65.50595,65.50525,310124,"2026_01_13_0001","2026_01_13_0001_ev00968_rec2","no",230830
969,2,65.54835,-100.018638855921,-147.571872835754,-47.5532339798325,0.999999999990564,3.05000000000177,3.15000000000509,-106.935657280598,-42.5581982056269,2.26890845210454,-345.89819704422,65.54815,65.5471,310967,"2026_01_13_0001","2026_01_13_0001_ev00969_rec2","no",230831
970,2,65.70035,-96.5458166684349,-111.108616306254,-14.5627996378188,1.60000000001048,2.15000000000032,2.70000000000437,-97.3356312079262,-10.7972188043298,3.16495477751428,-77.9601818800426,65.69965,65.69735,314007,"2026_01_13_0001","2026_01_13_0001_ev00970_rec2","no",230832
971,2,65.7578,-94.3837439757529,-123.567600658659,-29.1838566829065,0.499999999988177,5.70000000000448,6.50000000000261,-95.3799702062511,-30.9785701916043,5.65479004461536,-234.492214665122,65.757,65.75645,315156,"2026_01_13_0001","2026_01_13_0001_ev00971_rec2","no",230833
972,2,65.80935,-96.2507092546484,-146.68356462282,-50.4328553681713,2.60000000000105,8.44999999999629,8.00000000000978,-102.741089846022,-48.0507824317702,5.81166867713664,-596.969493765828,65.80835,65.80535,316187,"2026_01_13_0001","2026_01_13_0001_ev00972_rec2","no",230834
973,2,65.83225,-101.277433858122,-106.595127696024,-5.31769383790204,0.649999999993156,5.25000000000375,2.65000000000271,-26900.9040350755,26798.5754260974,76994.9540827759,-201.303997999889,65.83115,65.8301,316645,"2026_01_13_0001","2026_01_13_0001_ev00973_rec2","no",230835
974,2,65.86635,-103.507297735427,-125.802599688517,-22.2953019530891,1.64999999999793,9.65000000000771,30.0000000000011,-112.975199005999,-19.6131147512228,3.03311997858421,-385.152480548506,65.86595,65.86395,317327,"2026_01_13_0001","2026_01_13_0001_ev00974_rec2","no",230836
975,2,65.88295,-106.15607275613,-128.816381278722,-22.6603085225918,1.40000000000384,5.5499999999995,6.65000000000759,-113.016706996123,-21.0194398243814,2.52559058472366,-299.536462726339,65.8822,65.8806,317659,"2026_01_13_0001","2026_01_13_0001_ev00975_rec2","no",230837
976,2,65.90015,-105.233505974169,-127.852061298878,-22.6185553247086,2.60000000000105,7.24999999999909,6.50000000000261,-104.417617192311,-24.9867665213072,6.51957310358943,-188.691953124548,65.89985,65.8972,318003,"2026_01_13_0001","2026_01_13_0001_ev00976_rec2","no",230838
977,2,65.94945,-107.162272019913,-130.855902079662,-23.6936300597494,4.75000000000136,11.4500000000106,10.5999999999966,-100.825301643051,-25.798839196763,19.8440588346606,-291.37493355668,65.9489,65.9441,318989,"2026_01_13_0001","2026_01_13_0001_ev00977_rec2","no",230839
978,2,65.98,-111.408698529643,-120.454442257052,-9.04574372740956,0.0500000000016598,3.44999999998663,4.04999999999234,-107.693991875229,-13.6858498090351,6.12077166330768,25.210324479869,65.97975,65.9796,319600,"2026_01_13_0001","2026_01_13_0001_ev00978_rec2","no",230840
979,2,66.01595,-112.975413398135,-123.462367185885,-10.4869537877498,0.349999999997408,0.700000000009027,0.849999999999795,-108.512888414839,-12.1813090117406,2.25861205050329,103.773341250762,66.0159,66.0155,320319,"2026_01_13_0001","2026_01_13_0001_ev00979_rec2","no",230841
980,2,66.05175,-104.754934878699,-127.076576755136,-22.3216418764364,0.950000000003115,7.74999999998727,5.74999999999193,-110.472702984896,-21.6060181170308,2.68741902134491,-318.399823895263,66.04805,66.04665,321035,"2026_01_13_0001","2026_01_13_0001_ev00980_rec2","no",230842
981,2,66.08545,-110.255983493817,-113.580226781237,-3.32424328741914,0.199999999992428,0.249999999994088,0.150000000004979,-104.325741301612,-7.50039027132728,3.65012308596251,150.216407382484,66.08545,66.0851,321709,"2026_01_13_0001","2026_01_13_0001_ev00981_rec2","no",230843
982,2,66.12265,-104.532921702345,-121.909026592639,-17.3761048902938,7.89999999999225,9.14999999999111,11.5999999999872,-110.180127203934,-13.2424303403774,4.097337665917,-316.252993094303,66.1209,66.1127,322453,"2026_01_13_0001","2026_01_13_0001_ev00982_rec2","no",230844
983,2,66.14225,-103.145886383243,-119.605755085675,-16.4598687024322,2.00000000000955,7.44999999999152,7.09999999999411,-104.554243917295,-16.5679251619739,5.59853380077703,-170.722779135386,66.14145,66.1394,322845,"2026_01_13_0001","2026_01_13_0001_ev00983_rec2","no",230845
984,2,66.18085,-104.188877041637,-112.676873601762,-8.48799656012568,1.15000000000975,11.4499999999964,6.149999999991,-218570.89584109,218465.684285615,633472.232561396,-203.944807965111,66.1804,66.1781,323617,"2026_01_13_0001","2026_01_13_0001_ev00984_rec2","no",230846
985,2,66.2011,-103.501706137518,-127.230420366192,-23.7287142286734,1.7999999999887,6.4999999999884,5.84999999999525,-103.28169892984,-24.8974304475048,5.75874390653896,-177.359636183319,66.2005,66.1982,324022,"2026_01_13_0001","2026_01_13_0001_ev00985_rec2","no",230847
986,2,66.2386,-102.928418273832,-113.233885798026,-10.3054675241941,2.10000000001287,8.7999999999937,0,-24751.2824463312,24644.2885570665,155351.507163471,-216.872543322724,66.23815,66.23595,324772,"2026_01_13_0001","2026_01_13_0001_ev00986_rec2","no",230848
987,2,66.2757,-111.241355418032,-130.25561119854,-19.0142557805076,2.60000000000105,5.39999999999452,5.25000000000375,-105.368523852993,-23.6008776508766,8.6680167789446,-46.8780619429825,66.27555,66.2726,325514,"2026_01_13_0001","2026_01_13_0001_ev00987_rec2","no",230849
988,2,66.3154,-100.423432851211,-129.258139379403,-28.8347065281926,2.49999999999773,9.45000000000107,9.9000000000018,-103.282969156592,-27.0674826289046,7.96060127888013,-373.200095248726,66.3142,66.31145,326308,"2026_01_13_0001","2026_01_13_0001_ev00988_rec2","no",230850
989,2,66.35135,-105.540237023204,-122.940472845482,-17.4002358222784,2.20000000000198,4.55000000000894,4.00000000000489,-102.158258144808,-19.30714147119,5.90196361338623,-46.6957101574456,66.35065,66.34825,327027,"2026_01_13_0001","2026_01_13_0001_ev00989_rec2","no",230851
990,2,66.39295,-102.879481252548,-111.710378772259,-8.83089751971163,2.5500000000136,12.449999999987,6.45000000000095,-112.781191447016,9.66859232511919,17.1152007064188,-197.221877255316,66.38975,66.387,327859,"2026_01_13_0001","2026_01_13_0001_ev00990_rec2","no",230852
991,2,66.40885,-99.9241191317221,-122.005861393364,-22.0817422616416,1.55000000000882,9.39999999999941,11.099999999999,-87.1314190776607,-30.3204388721758,30.1275070723459,-240.608657536932,66.4072,66.40515,328177,"2026_01_13_0001","2026_01_13_0001_ev00991_rec2","no",230853
992,2,66.44485,-100.761281911564,-109.006360100482,-8.24507818891719,0.249999999994088,1.50000000000716,0,-73235.0480795351,73128.4543625612,297944.454179867,-300.236916478035,66.44345,66.443,328897,"2026_01_13_0001","2026_01_13_0001_ev00992_rec2","no",230854
993,2,66.4676,-102.197174629343,-120.763531392765,-18.5663567634216,2.24999999998943,8.04999999999723,6.95000000000334,-104.572997011538,-18.6505834625912,4.88512303469121,-231.706921820611,66.4648,66.4619,329352,"2026_01_13_0001","2026_01_13_0001_ev00993_rec2","no",230855
994,2,66.50345,-105.964472062502,-116.158634520222,-10.1941624577193,2.25000000000364,1.90000000000623,1.90000000000623,-108.96842543202,-1.57309512998571,2.6628106155978,-109.869724844905,66.50325,66.501,330069,"2026_01_13_0001","2026_01_13_0001_ev00994_rec2","no",230856
995,2,66.5206,-101.007481949744,-117.468904740353,-16.4614227906084,2.049999999997,9.20000000000698,10.0000000000051,-93.0088940184159,-23.1854932662512,20.099750835481,-161.72308386042,66.51925,66.51685,330412,"2026_01_13_0001","2026_01_13_0001_ev00995_rec2","no",230857
996,2,66.5736,-102.113441633124,-124.618077763177,-22.504636130053,0.550000000004047,3.90000000000157,4.59999999999638,-107.877059479846,-20.9791499317107,2.17633861309365,-244.208119780169,66.57275,66.5718,331472,"2026_01_13_0001","2026_01_13_0001_ev00996_rec2","no",230858
997,2,66.59155,-103.457689727486,-115.900350802237,-12.4426610747505,0.299999999995748,6.3999999999993,6.55000000000427,-106.693821661692,-14.1167739002372,2.80674608035622,-161.682791122992,66.58975,66.58945,331831,"2026_01_13_0001","2026_01_13_0001_ev00997_rec2","no",230859
998,2,66.60975,-103.679586959999,-110.168601437639,-6.48901447764042,1.75000000000125,6.3999999999993,7.29999999998654,-103.334100298894,-9.73348866797815,5.78325770472159,-66.6209852518769,66.609,66.60705,332195,"2026_01_13_0001","2026_01_13_0001_ev00998_rec2","no",230860
999,2,66.66655,-104.642843115804,-107.253269236104,-2.61042612029973,0.200000000006639,0.200000000006639,0.299999999995748,-96.2984289353237,-9.6247974235449,8.86461074896513,167.621711158367,66.66655,66.6663,333331,"2026_01_13_0001","2026_01_13_0001_ev00999_rec2","no",230861
1000,2,66.7062,-102.017095787501,-107.842679655214,-5.82558386771285,0.299999999995748,4.89999999999213,4.14999999999566,-102.463499343195,-6.35262532081897,3.15639748482746,-43.4403868027331,66.70455,66.70385,334124,"2026_01_13_0001","2026_01_13_0001_ev01000_rec2","no",230862
1001,2,66.75915,-100.326297049006,-120.360245309818,-20.0339482608124,1.50000000000716,12.0999999999896,16.7500000000018,-103.038133971157,-14.9450099669232,14.4913535977921,-306.422492233715,66.75805,66.7565,335183,"2026_01_13_0001","2026_01_13_0001_ev01001_rec2","no",230863
1002,2,66.8244,-97.9464414478663,-149.183286175192,-51.2368447273258,10.5000000000075,10.3500000000025,30.0000000000011,-118.722603511029,-38.781600017916,2.0734046525549,-1054.72694503144,66.824,66.81275,336488,"2026_01_13_0001","2026_01_13_0001_ev01002_rec2","no",230864
1003,2,66.90815,-107.589061160393,-117.747104743812,-10.1580435834187,1.10000000000809,29.2500000000047,17.6000000000016,-65250.8238274932,65142.4048672964,391804.337716153,-133.643588628965,66.90515,66.90375,338163,"2026_01_13_0001","2026_01_13_0001_ev01003_rec2","no",230865
1004,2,66.93235,-111.626692028112,-116.501708175346,-4.87501614723433,0.699999999994816,4.64999999999804,2.25000000000364,-104.088963008612,-15.9278881100523,4.20179258019179,148.479984334566,66.93225,66.92905,338647,"2026_01_13_0001","2026_01_13_0001_ev01004_rec2","no",230866
1005,2,67.0034,-101.946383626933,-125.904301923811,-23.9579182968776,5.49999999999784,8.60000000000127,6.55000000000427,-105.596224747682,-17.6584365377379,5.3662767873394,-310.556515062373,67.00235,66.99635,340068,"2026_01_13_0001","2026_01_13_0001_ev01005_rec2","no",230867
1006,2,67.04505,-105.661209657874,-109.402647384871,-3.74143772699639,0.450000000000728,25.6499999999988,21.1499999999916,-28355.9394420434,28251.3261506789,245871.719341809,-21.5131306901112,67.04505,67.0445,340901,"2026_01_13_0001","2026_01_13_0001_ev01006_rec2","no",230868
1007,2,67.07325,-100.58869710844,-121.814851911147,-21.2261548027066,1.59999999999627,7.99999999999557,10.7500000000016,-97.6841637841745,-19.9784044784761,17.336647525433,-222.114579556945,67.07315,67.0714,341465,"2026_01_13_0001","2026_01_13_0001_ev01007_rec2","no",230869
1008,2,67.132,-102.617493254585,-107.341158551586,-4.72366529700174,0.0500000000016598,30.4999999999893,30.0000000000011,-38484.2261677441,38382.680375392,1048778.6422758,12.8418218571941,67.13145,67.1314,342640,"2026_01_13_0001","2026_01_13_0001_ev01008_rec2","no",230870
1009,2,67.1797,-106.754006256505,-127.593214984843,-20.8392087283378,4.65000000001226,10.0500000000068,10.4500000000058,-111.157739417373,-16.1630678606298,6.58393520637982,-311.100099537986,67.1787,67.174,343594,"2026_01_13_0001","2026_01_13_0001_ev01009_rec2","no",230871
1010,2,67.20515,-99.6864812399814,-125.191452739513,-25.504971499532,1.85000000000457,8.54999999999961,8.69999999999038,-101.025355487955,-23.1906046707574,8.26640499751643,-282.724372710464,67.20385,67.20195,344103,"2026_01_13_0001","2026_01_13_0001_ev01010_rec2","no",230872
1011,2,67.2412,-99.0642555977683,-111.54635343449,-12.4820978367215,1.15000000000975,31.8999999999932,29.9999999999869,-107.508015141889,-5.80154231634792,1.80072682913574,-285.541609540617,67.24015,67.2389,344824,"2026_01_13_0001","2026_01_13_0001_ev01011_rec2","no",230873
1012,2,67.27825,-105.246029453126,-116.646096182212,-11.4000667290864,2.35000000000696,12.5000000000028,13.2499999999993,-100.839492645704,-17.9339836903767,18.0905137596788,-172.779182598654,67.2762,67.27335,345565,"2026_01_13_0001","2026_01_13_0001_ev01012_rec2","no",230874
1013,2,67.3144,-105.2723078477,-118.284136213781,-13.0118283660818,0.849999999999795,1.24999999999886,3.10000000000343,-108.70609330056,-3.45775741759609,3.40109019690211,-129.525744083361,67.3137,67.31285,346288,"2026_01_13_0001","2026_01_13_0001_ev01013_rec2","no",230875
1014,2,67.3328,-101.024563855788,-118.543527088346,-17.5189632325583,2.60000000000105,8.25000000000387,9.49999999998852,-94.7859721974465,-21.4670994258877,18.151207875531,-157.11793677056,67.33265,67.33005,346656,"2026_01_13_0001","2026_01_13_0001_ev01014_rec2","no",230876
1015,2,67.3703,-103.10810568147,-120.87948988936,-17.7713842078894,0.749999999996476,32.6000000000022,30.0000000000011,-81140.2523402423,81034.4177167773,690749.579085016,-164.709859417883,67.36875,67.36745,347406,"2026_01_13_0001","2026_01_13_0001_ev01015_rec2","no",230877
1016,2,67.3967,-101.48786935073,-114.099254489267,-12.6113851385364,6.30000000001019,10.8000000000033,6.69999999999504,-101.245889920875,-13.7599205389782,6.50695314799768,-159.037405897296,67.3952,67.3885,347934,"2026_01_13_0001","2026_01_13_0001_ev01016_rec2","no",230878
1017,2,67.4448,-104.162207465439,-113.599288047696,-9.43708058225674,1.35000000000218,6.19999999999266,6.24999999999432,-97.3268511344862,-18.5417779481132,10.6441730296382,6.83565561614071,67.4443,67.44275,348896,"2026_01_13_0001","2026_01_13_0001_ev01017_rec2","no",230879
1018,2,67.5209,-101.81594083164,-114.813952728265,-12.9980118966257,1.59999999999627,5.25000000000375,4.00000000000489,-102.33042061616,-12.340959055513,3.81004398143313,-79.7489511705058,67.5204,67.51835,350418,"2026_01_13_0001","2026_01_13_0001_ev01018_rec2","no",230880
1019,2,67.5686,-102.671623904841,-108.321095437056,-5.64947153221506,0.0500000000016598,0.10000000000332,0.799999999998136,-99.913977481577,-5.60522101176125,5.51819459663159,51.1497924954216,67.56845,67.5684,351372,"2026_01_13_0001","2026_01_13_0001_ev01019_rec2","no",230881
1020,2,67.61865,-104.876964008656,-125.237952751438,-20.3609887427827,1.05000000000643,2.60000000000105,2.24999999998943,-104.633710104679,-23.1973849102169,2.06872730023473,-56.1489608372387,67.6186,67.6175,352373,"2026_01_13_0001","2026_01_13_0001_ev01020_rec2","no",230882
1021,2,67.6416,-108.599621461187,-115.139588268945,-6.53996680775786,0.150000000004979,1.90000000000623,0.900000000001455,-107.285715319849,-7.98873890444715,1.21440074760217,24.4275645507658,67.6408,67.6401,352832,"2026_01_13_0001","2026_01_13_0001_ev01021_rec2","no",230883
1022,2,67.6858,-108.154390137802,-132.196333918146,-24.0419437803443,6.35000000001185,5.09999999999877,2.75000000000603,-114.780042520505,-4.82954561522267,3.65932866741483,-315.568746984479,67.68515,67.67865,353716,"2026_01_13_0001","2026_01_13_0001_ev01022_rec2","no",230884
1023,2,67.70715,-107.697704622633,-128.847759477675,-21.1500548550423,1.35000000000218,8.94999999999868,12.7999999999986,-65.2572114266779,-57.8277581495036,91.437774842632,-223.161277437107,67.7069,67.70545,354143,"2026_01_13_0001","2026_01_13_0001_ev01023_rec2","no",230885
1024,2,67.76,-105.772447840835,-126.253707706177,-20.4812598653426,1.64999999999793,4.85000000000468,5.24999999998954,-105.985867246398,-21.4373738757238,4.90772823550475,-133.149937261372,67.75995,67.7582,355200,"2026_01_13_0001","2026_01_13_0001_ev01024_rec2","no",230886
1025,2,67.80045,-109.01688814786,-113.59452082168,-4.57763267381976,0.0500000000158707,0.799999999998136,0.849999999999795,-106.346895475527,-6.50289466678358,2.1173879120433,65.31452528906,67.8003,67.80015,356009,"2026_01_13_0001","2026_01_13_0001_ev01025_rec2","no",230887
1026,2,67.82035,-109.402616042809,-113.722416339115,-4.31980029630567,0.250000000008299,0.950000000003115,0.999999999990564,-102.833564003511,-10.2790812423321,4.26796619879737,152.025142449814,67.82035,67.82005,356407,"2026_01_13_0001","2026_01_13_0001_ev01026_rec2","no",230888
1027,2,67.84035,-105.933668394918,-110.45028643612,-4.51661804120246,0.699999999994816,0.500000000002387,0,79116.4889531977,-79222.7327377297,223386.08907388,146.858493952436,67.8403,67.8391,356807,"2026_01_13_0001","2026_01_13_0001_ev01027_rec2","no",230889
1028,2,67.88285,-103.230722177403,-106.41118786493,-3.18046568752709,0.0500000000016598,1.29999999998631,0.900000000001455,-96.7695435549807,-8.35258808518232,10.2552399070458,110.370672146037,67.8822,67.8819,357657,"2026_01_13_0001","2026_01_13_0001_ev01028_rec2","no",230890
1029,2,67.96565,-105.789931933813,-110.24640788648,-4.45647595266679,0.399999999999068,26.6499999999894,24.6999999999957,-105305.281053188,105205.779313382,327235.08704025,43.9514748176659,67.96565,67.96525,359313,"2026_01_13_0001","2026_01_13_0001_ev01029_rec2","no",230891
1030,2,67.9933,-107.992431833678,-112.606977937575,-4.61454610389708,0.249999999994088,7.19999999999743,5.70000000000448,-113.300229035344,7.27083144524057,8.10235498369188,-104.079468745457,67.99225,67.992,359866,"2026_01_13_0001","2026_01_13_0001_ev01030_rec2","no",230892
1031,2,68.0108,-101.54281902447,-124.413425831635,-22.8706068071644,6.79999999999836,8.60000000000127,7.94999999999391,-105.23629630242,-19.8056146840032,5.57592630616703,-327.227377111733,68.0104,68.00325,360216,"2026_01_13_0001","2026_01_13_0001_ev01031_rec2","no",230893
1032,2,68.0933,-94.2457231327613,-109.889843470949,-15.6441203381876,2.60000000000105,3.60000000000582,0,-13367.6237632736,13261.7043300526,130271.41220844,-457.362480644327,68.09215,68.08895,361866,"2026_01_13_0001","2026_01_13_0001_ev01032_rec2","no",230894
1033,2,68.1132,-109.559977303619,-118.609462361259,-9.04948505764058,0.199999999992428,3.60000000000582,1.30000000001473,-105.524229895991,-11.4094204465945,2.97002621894557,77.8242902589794,68.11155,68.1098,362264,"2026_01_13_0001","2026_01_13_0001_ev01033_rec2","no",230895
1034,2,68.13355,-97.4195119609393,-112.690372060401,-15.2708600994621,2.3000000000053,10.8999999999924,24.2999999999967,-102.999897602161,-13.8488275671198,4.59484303953057,-260.264605409641,68.1335,68.13065,362671,"2026_01_13_0001","2026_01_13_0001_ev01034_rec2","no",230896
1035,2,68.20455,-95.7378213134609,-97.9329844295962,-2.19516311613536,1.89999999999202,3.99999999999068,3.95000000000323,-94.0871176550462,-9.13871042514368,3.02902441108274,-21.106012493439,68.2002,68.1976,364091,"2026_01_13_0001","2026_01_13_0001_ev01035_rec2","no",230897
1036,2,68.2624,-102.121650277658,-124.310684461164,-22.1890341835065,0.949999999988904,7.14999999999577,8.04999999999723,-103.093234239762,-21.5344143229246,7.36673232527817,-217.757125869554,68.2614,68.2602,365248,"2026_01_13_0001","2026_01_13_0001_ev01036_rec2","no",230898
1037,2,68.28645,-107.509404902553,-114.634770278499,-7.12536537594534,0.399999999999068,0.450000000000728,0.699999999994816,-99.164977855466,-13.372771286682,3.64167981899879,200.639783780554,68.28645,68.28575,365729,"2026_01_13_0001","2026_01_13_0001_ev01037_rec2","no",230899
1038,2,68.33275,-95.7725663037924,-112.878195929305,-17.1056296255124,2.65000000000271,10.6999999999999,10.0500000000068,-107.080229508811,-5.52108525546603,0.292568935072642,-410.85629247016,68.33,68.3269,366655,"2026_01_13_0001","2026_01_13_0001_ev01038_rec2","no",230900
1039,2,68.36745,-104.458434603925,-112.647755970315,-8.18932136639042,0.549999999989836,3.74999999999659,2.60000000000105,-98.8101519947682,-15.2285064101746,4.61346920232998,84.6771541881246,68.3666,68.3657,367349,"2026_01_13_0001","2026_01_13_0001_ev01039_rec2","no",230901
1040,2,68.39935,-102.751458113156,-108.202344518197,-5.45088640504068,0.950000000003115,2.00000000000955,1.54999999999461,-102.103262621792,-5.38507680904262,2.22710454783365,3.83432069738907,68.3993,68.39835,367987,"2026_01_13_0001","2026_01_13_0001_ev01040_rec2","no",230902
1041,2,68.4211,-97.4320103264166,-108.522967604342,-11.0909572779252,0.749999999996476,7.40000000000407,6.15000000000521,-98.4393907767184,-12.874516953611,4.31005703640468,-118.353958236026,68.41865,68.4176,368422,"2026_01_13_0001","2026_01_13_0001_ev01041_rec2","no",230903
1042,2,68.44095,-101.051027002463,-103.200504801554,-2.14947779909055,0.0500000000016598,1.44999999999129,1.24999999999886,-98.8851415313991,-5.65330631702881,1.96132139504964,53.1298261519683,68.44095,68.4405,368819,"2026_01_13_0001","2026_01_13_0001_ev01042_rec2","no",230904
1043,2,68.47955,-93.6028047489268,-112.213570370679,-18.6107656217518,0.799999999998136,30.6500000000085,30.0000000000011,-105.871797308233,-8.25464646073054,1.15440193229928,-389.809210563309,68.47945,68.47855,369591,"2026_01_13_0001","2026_01_13_0001_ev01043_rec2","no",230905
1044,2,68.5061,-101.996144166479,-126.422028127213,-24.4258839607343,2.09999999999866,5.44999999999618,4.74999999998715,-101.876606958918,-25.4181919183914,4.6447599279493,-153.245363705877,68.5059,68.50345,370122,"2026_01_13_0001","2026_01_13_0001_ev01044_rec2","no",230906
1045,2,68.5326,-99.1789650542679,-115.596118931361,-16.4171538770935,1.99999999999534,3.19999999999254,3.59999999999161,-102.158964280143,-9.39298595884542,3.24258122482117,-138.567306583108,68.5325,68.53025,370652,"2026_01_13_0001","2026_01_13_0001_ev01045_rec2","no",230907
1046,2,68.5498,-104.212622208032,-110.689135793687,-6.47651358565463,0.149999999990769,30.0499999999886,30.0000000000011,-66695.65635527,66594.9824922565,467420.784209457,41.0922306277976,68.5498,68.5493,370996,"2026_01_13_0001","2026_01_13_0001_ev01046_rec2","no",230908
1047,2,68.5725,-96.2054134326852,-115.352517631956,-19.1471041992707,1.69999999999959,11.6000000000014,3.79999999999825,-156703.216239585,156601.711752653,335381.743428484,-407.946500216962,68.5711,68.5694,371450,"2026_01_13_0001","2026_01_13_0001_ev01047_rec2","no",230909
1048,2,68.60195,-108.992446875144,-125.956740299893,-16.9642934247486,1.80000000000291,1.84999999999036,2.049999999997,-101.584398287255,-21.7242873175685,4.44508390837939,98.8501113135563,68.60065,68.5988,372039,"2026_01_13_0001","2026_01_13_0001_ev01048_rec2","no",230910
1049,2,68.63835,-108.676066567629,-112.558794352471,-3.88272778484254,0.199999999992428,30.399999999986,29.9999999999869,-34854.9636201584,34750.4680357905,407176.16493153,85.5503062648626,68.6381,68.6379,372767,"2026_01_13_0001","2026_01_13_0001_ev01049_rec2","no",230911
1050,2,68.66575,-98.0475370642456,-110.09561859181,-12.0480815275641,1.69999999999959,10.9000000000066,6.34999999999764,-93.431434728351,-20.2963749243036,7.88289417168196,-105.456093625595,68.66025,68.6585,373315,"2026_01_13_0001","2026_01_13_0001_ev01050_rec2","no",230912
1051,2,68.7168,-93.8661571490773,-134.069047843615,-40.2028906945375,7.24999999999909,10.4500000000058,7.8500000000048,-95.4042763354338,-39.1766063619142,7.28710722472805,-525.311756448895,68.7157,68.708,374336,"2026_01_13_0001","2026_01_13_0001_ev01051_rec2","no",230913
1052,2,68.7432,-95.7133290046043,-103.073277824222,-7.35994881961764,0.499999999988177,30.7999999999993,29.9499999999995,-92539.6780774837,92445.7497529996,613753.504325751,-18.2589883744034,68.74295,68.74235,374864,"2026_01_13_0001","2026_01_13_0001_ev01052_rec2","no",230914
1053,2,68.7716,-95.010557400782,-106.876472076241,-11.8659146754589,0.500000000002387,2.80000000000769,2.49999999999773,-95.6207466963599,-16.4138685215843,1.68699215715654,-56.7732466219106,68.7711,68.7706,375432,"2026_01_13_0001","2026_01_13_0001_ev01053_rec2","no",230915
1054,2,68.78765,-92.7777117932279,-101.214965937603,-8.43725414437498,1.14999999999554,6.34999999999764,7.09999999999411,-93.102794554077,-10.3840889058896,5.41470469148845,-74.7095462995589,68.78745,68.7862,375753,"2026_01_13_0001","2026_01_13_0001_ev01054_rec2","no",230916
1055,2,68.9255,-91.1348115206923,-101.838554679228,-10.7037431585357,2.70000000000437,5.44999999999618,5.04999999999711,-92.3318184834483,-5.88114378622375,6.69747194886576,-106.535784723129,68.923,68.9198,378510,"2026_01_13_0001","2026_01_13_0001_ev01055_rec2","no",230917
1056,2,68.9882,-90.9346654242804,-104.314873910535,-13.3802084862551,1.05000000000643,3.15000000000509,2.94999999999845,-90.7874175280725,-14.6621632726692,2.77810773804205,-47.932602058078,68.988,68.98695,379764,"2026_01_13_0001","2026_01_13_0001_ev01056_rec2","no",230918
1057,2,69.05455,-92.3358279445658,-125.685256170312,-33.3494282257458,1.84999999999036,1.59999999999627,0,-52899.6799553662,52788.1017492133,485224.887110571,-675.130860819105,69.0541,69.05215,381091,"2026_01_13_0001","2026_01_13_0001_ev01057_rec2","no",230919
1058,2,69.08395,-105.06385503126,-142.335272538204,-37.2714175069436,0.749999999996476,3.19999999999254,3.29999999999586,-103.768150120331,-40.1110918845767,3.37023222770933,-127.479425275105,69.08345,69.0827,381679,"2026_01_13_0001","2026_01_13_0001_ev01058_rec2","no",230920
1059,2,69.12255,-97.778644165245,-140.929053349527,-43.1504091842817,2.50000000001194,7.44999999999152,8.44999999999629,-111.042321725251,-36.095816936847,3.26718177254684,-611.651451191077,69.12175,69.1192,382451,"2026_01_13_0001","2026_01_13_0001_ev01059_rec2","no",230921
1060,2,69.1463,-100.902611946945,-130.493180924571,-29.5905689776258,5.34999999999286,4.80000000000302,4.05000000000655,-106.569636804039,-22.468842658955,2.78812548695711,-330.468780168339,69.14625,69.14085,382926,"2026_01_13_0001","2026_01_13_0001_ev01060_rec2","no",230922
1061,2,69.1758,-105.621381586318,-124.268733891951,-18.6473523056332,0.650000000007367,30.4999999999893,30.0000000000011,-109.401084845163,1.13379429726006,12.8997708100247,-108.651531988961,69.17555,69.17485,383516,"2026_01_13_0001","2026_01_13_0001_ev01061_rec2","no",230923
1062,2,69.1902,-98.5580012840066,-127.291232378616,-28.7332310946096,1.14999999999554,6.94999999998913,9.70000000000937,-107.416638753374,-25.1315656044871,3.6572848723205,-395.171496580109,69.18945,69.1883,383804,"2026_01_13_0001","2026_01_13_0001_ev01062_rec2","no",230924
1063,2,69.21435,-97.5113290946558,-115.78007979651,-18.268750701854,2.44999999999607,6.69999999999504,30.0000000000011,-105.566821781375,-11.5515776908726,2.33118201420324,-353.936940926279,69.21085,69.208,384287,"2026_01_13_0001","2026_01_13_0001_ev01063_rec2","no",230925
1064,2,69.23705,-109.875184236959,-116.96029888251,-7.08511464555136,0.900000000001455,1.49999999999295,0.150000000004979,-98.0741472039262,-14.649545553142,8.86556602152283,223.582041848672,69.23695,69.2354,384741,"2026_01_13_0001","2026_01_13_0001_ev01064_rec2","no",230926
1065,2,69.28235,-93.5144098192511,-116.039147615385,-22.5247377961336,2.5500000000136,32.6499999999896,30.0000000000011,-105.047971219832,-13.3171818518266,2.77061350675584,-438.967894067688,69.28185,69.27905,385647,"2026_01_13_0001","2026_01_13_0001_ev01065_rec2","no",230927
1066,2,69.30605,-96.142224013305,-115.253044561064,-19.110820547759,3.69999999999493,9.39999999999941,11.8999999999971,-102.663463619841,-17.3381701248688,3.45245244773925,-325.529035966492,69.3055,69.30175,386121,"2026_01_13_0001","2026_01_13_0001_ev01066_rec2","no",230928
1067,2,69.3345,-103.078785309176,-112.543538848397,-9.46475353922079,0.299999999995748,2.70000000000437,2.34999999999275,-102.166736855137,-13.608486107902,2.10629469465853,-8.52039666223886,69.33415,69.3334,386690,"2026_01_13_0001","2026_01_13_0001_ev01067_rec2","no",230929
1068,2,69.3541,-94.6335519897385,-108.268161505962,-13.6346095162236,1.49999999999295,9.45000000000107,9.79999999999848,-96.1604143365564,-17.6955779720692,6.05210817244004,-183.460813855736,69.35305,69.35145,387082,"2026_01_13_0001","2026_01_13_0001_ev01068_rec2","no",230930
1069,2,69.4047,-97.5727115373017,-107.323517131532,-9.75080559423046,0.599999999991496,2.94999999999845,3.49999999998829,-100.336969016577,-7.21097150204589,1.62445492073927,-102.587472738664,69.40405,69.40325,388094,"2026_01_13_0001","2026_01_13_0001_ev01069_rec2","no",230931
1070,2,69.4313,-96.7985138064846,-117.155701295515,-20.3571874890301,2.049999999997,4.94999999999379,6.50000000000261,-102.380480995413,-12.7549396958372,3.44894151350633,-251.570119496007,69.4303,69.42795,388626,"2026_01_13_0001","2026_01_13_0001_ev01070_rec2","no",230932
1071,2,69.45965,-93.2890732926245,-113.088675424522,-19.7996021318972,6.10000000000355,7.60000000001071,10.6999999999999,-99.9592359310676,-12.8954965602821,3.59193008362874,-344.82113704737,69.45885,69.45255,389193,"2026_01_13_0001","2026_01_13_0001_ev01071_rec2","no",230933
1072,2,69.50365,-100.798700078022,-104.061268260234,-3.26256818221283,0.499999999988177,31.5999999999974,30.0000000000011,-30668.3314803167,30571.5788816707,341520.638452404,78.5064297408544,69.5028,69.5014,390073,"2026_01_13_0001","2026_01_13_0001_ev01072_rec2","no",230934
1073,2,69.53325,-102.868847151552,-113.724684774915,-10.8558376233625,1.04999999999222,5.04999999999711,5.94999999999857,-103.988238151157,-9.83315266648877,4.87489239048817,-92.6680999913545,69.5328,69.5306,390665,"2026_01_13_0001","2026_01_13_0001_ev01073_rec2","no",230935
1074,2,69.5512,-99.222860297208,-113.625458596309,-14.4025982991008,2.05000000001121,4.64999999999804,4.6999999999997,-99.0293225292349,-13.5342449584774,5.22436500125335,-92.7970620634307,69.55015,69.548,391024,"2026_01_13_0001","2026_01_13_0001_ev01074_rec2","no",230936
1075,2,69.62455,-92.963567296852,-100.974643310764,-8.01107601391196,1.89999999999202,24.4500000000016,18.4500000000014,-82291.2130329002,82199.7134174859,342434.408325335,-80.306942205446,69.62445,69.62135,392491,"2026_01_13_0001","2026_01_13_0001_ev01075_rec2","no",230937
1076,2,69.65325,-95.137993402569,-105.796483782537,-10.6584903799682,0.450000000000728,19.7500000000019,11.7500000000064,-69748.3938798132,69654.0025987481,174569.736314753,-194.949370135917,69.6526,69.6483,393065,"2026_01_13_0001","2026_01_13_0001_ev01076_rec2","no",230938
1077,2,69.67395,-97.2830445586748,-113.00389922982,-15.7208546711452,2.00000000000955,7.15000000000998,7.29999999998654,-98.4332899431596,-15.4834685269037,6.10597998348199,-148.019149410485,69.67385,69.67185,393479,"2026_01_13_0001","2026_01_13_0001_ev01077_rec2","no",230939
1078,2,69.70165,-90.9558818403368,-99.8549559757188,-8.89907413538197,1.35000000000218,3.20000000000675,0,-41909.064498504,41812.1620341447,197377.853340373,-310.350921364315,69.6997,69.69835,394033,"2026_01_13_0001","2026_01_13_0001_ev01078_rec2","no",230940
1079,2,69.7246,-101.541891731523,-114.516529352874,-12.974637621351,1.84999999999036,29.8999999999978,24.249999999995,-87362.7351273777,87264.0994307905,274738.831004265,-68.4767931085532,69.7245,69.7223,394492,"2026_01_13_0001","2026_01_13_0001_ev01079_rec2","no",230941
1080,2,69.7456,-94.7656770738206,-123.709684888072,-28.9440078142509,1.40000000000384,5.20000000000209,6.45000000000095,-100.611537477077,-24.5061548154576,3.97633748497896,-301.570148766835,69.74535,69.7439,394912,"2026_01_13_0001","2026_01_13_0001_ev01080_rec2","no",230942
1081,2,69.7733,-94.6970879442951,-114.628038170698,-19.9309502264032,4.14999999999566,7.30000000000075,6.85000000001423,-99.3076684770411,-13.0494155871532,4.40312187868764,-256.626499784246,69.7732,69.7688,395466,"2026_01_13_0001","2026_01_13_0001_ev01081_rec2","no",230943
1082,2,69.8021,-101.261373020864,-106.40826930721,-5.14689628634596,0.0500000000016598,30.0999999999902,30.0000000000011,-101.527282724912,2.7592995424582,45.5800062435264,52.578231728434,69.8021,69.802,396042,"2026_01_13_0001","2026_01_13_0001_ev01082_rec2","no",230944
1083,2,69.8229,-103.30200278253,-108.715190069909,-5.41318728737868,0.149999999990769,0.499999999988177,0.0500000000158707,-93.8767522629839,-11.5343230743334,5.86612493870844,214.816044365105,69.8229,69.8223,396458,"2026_01_13_0001","2026_01_13_0001_ev01083_rec2","no",230945
1084,2,69.8684,-92.6626410814472,-95.7546145455977,-3.09197346415051,0.599999999991496,7.60000000001071,8.60000000000127,-92.5949738578827,-6.04981894686808,5.33311849026004,-32.7090448369065,69.8684,69.8678,397368,"2026_01_13_0001","2026_01_13_0001_ev01084_rec2","no",230946
1085,2,69.95605,-90.5669863047334,-108.944148769614,-18.3771624648806,0.950000000003115,6.94999999998913,9.3000000000103,-92.5297680652636,-18.1844963684269,7.00741088415443,-200.986742632097,69.9555,69.95455,399121,"2026_01_13_0001","2026_01_13_0001_ev01085_rec2","no",230947
1086,2,69.98815,-92.8927028984504,-110.077858482833,-17.1851555843822,1.60000000001048,6.99999999999079,7.04999999999245,-95.9429761806208,-16.743336541436,4.3385612744355,-204.56449157088,69.9863,69.9846,399763,"2026_01_13_0001","2026_01_13_0001_ev01086_rec2","no",230948
1087,2,70.0452,-91.4933251997711,-100.104575776026,-8.6112505762553,0.199999999992428,0.149999999990769,0,-91.1965618037202,-3.48007743562306,4.46277504184144,-7.59885506123334,70.04515,70.04495,400904,"2026_01_13_0001","2026_01_13_0001_ev01087_rec2","no",230949
1088,2,70.21935,-93.46341725023,-177.236860199034,-83.7734429488039,2.65000000000271,10.1999999999975,8.69999999999038,-99.3570869357171,-87.7879070763777,6.95450981680545,-1092.91330033089,70.21705,70.21335,404387,"2026_01_13_0001","2026_01_13_0001_ev01088_rec2","no",230950
1089,2,70.2676,-93.504853729113,-95.628686375803,-2.12383264668999,0.450000000000728,8.99999999998613,8.44999999999629,-371380.375947792,371296.903416628,290099.59820668,-276.352939103257,70.2676,70.2671,405352,"2026_01_13_0001","2026_01_13_0001_ev01089_rec2","no",230951
1090,2,70.2903,-91.013121793286,-130.466583864652,-39.4534620713663,1.84999999999036,10.4500000000058,30.0000000000011,-107.680046323709,-32.0961871456296,3.28422842530354,-710.449689421529,70.2887,70.2867,405806,"2026_01_13_0001","2026_01_13_0001_ev01090_rec2","no",230952
1091,2,70.3121,-97.0560589071044,-123.86411211572,-26.8080532086153,1.69999999999959,6.45000000000095,6.79999999999836,-100.37769209099,-26.963695197563,4.81294849213299,-273.664927223706,70.3114,70.3097,406242,"2026_01_13_0001","2026_01_13_0001_ev01091_rec2","no",230953
1092,2,70.34115,-93.8722009823592,-116.194036172591,-22.3218351902322,3.29999999999586,8.15000000000055,7.24999999999909,-94.112236988414,-18.7139635190378,8.53188662076903,-236.381130826745,70.3395,70.3362,406823,"2026_01_13_0001","2026_01_13_0001_ev01092_rec2","no",230954
1093,2,70.4032,-104.684356257288,-131.844238697192,-27.1598824399043,5.74999999999193,7.94999999999391,5.74999999999193,-109.914406134083,-31.2887891443655,3.07546503061547,-353.42032261303,70.40265,70.3961,408064,"2026_01_13_0001","2026_01_13_0001_ev01093_rec2","no",230955
1094,2,70.4286,-97.8377338789468,-124.494006754946,-26.6562728759988,5.14999999998622,10.39999999999,30.0000000000011,-108.934639127463,-20.8261170909991,2.7185793323238,-496.702327331087,70.4282,70.42225,408572,"2026_01_13_0001","2026_01_13_0001_ev01094_rec2","no",230956
1095,2,70.45265,-96.9155488537163,-120.667590548976,-23.75204169526,4.04999999999234,12.3499999999979,12.4000000000137,-99.8330458824231,-24.2442391104736,8.72932894686786,-390.758105783299,70.4519,70.44695,409053,"2026_01_13_0001","2026_01_13_0001_ev01095_rec2","no",230957
1096,2,70.4833,-94.7843013162881,-125.787374884236,-31.0030735679474,3.05000000000177,8.20000000000221,7.24999999999909,-92.2921087798966,-31.9203396407973,8.79464037239578,-278.365528979908,70.4828,70.4794,409666,"2026_01_13_0001","2026_01_13_0001_ev01096_rec2","no",230958
1097,2,70.51535,-93.3959858737522,-107.308386653372,-13.9124007796201,0.949999999988904,8.64999999998872,10.1499999999959,-97.941278001577,-12.114702182326,3.38021398654673,-220.896921226313,70.51255,70.51135,410307,"2026_01_13_0001","2026_01_13_0001_ev01097_rec2","no",230959
1098,2,70.54865,-95.3982211526422,-115.698282948708,-20.3000617960659,7.35000000000241,21.5500000000048,5.70000000000448,-217463.476474381,217361.877139633,949146.873438396,-395.6927431948,70.5476,70.54005,410973,"2026_01_13_0001","2026_01_13_0001_ev01098_rec2","no",230960
1099,2,70.5768,-104.0314308793,-124.469618147274,-20.4381872679741,1.75000000000125,8.74999999999204,12.1999999999929,-102.237507788812,-17.4840734255056,19.5332701031233,-238.484474702239,70.5765,70.57475,411536,"2026_01_13_0001","2026_01_13_0001_ev01099_rec2","no",230961
1100,2,70.62705,-94.9330769295798,-115.807000598198,-20.8739236686182,1.24999999999886,9.55000000000439,9.34999999999775,-92.7354782578961,-23.020704904563,11.1330526374031,-231.537567783033,70.62485,70.6235,412541,"2026_01_13_0001","2026_01_13_0001_ev01100_rec2","no",230962
1101,2,70.7802,-94.5977795173765,-103.7250037181,-9.1272242007236,0.500000000002387,3.2499999999942,3.55000000000416,-89.6720607512943,-13.3574342440852,7.46832524170258,42.9645704033412,70.77995,70.77945,415604,"2026_01_13_0001","2026_01_13_0001_ev01101_rec2","no",230963
1102,2,70.8348,-92.3635756952822,-103.442042686241,-11.0784669909591,0.749999999996476,4.04999999999234,3.14999999999088,-90.7462818445959,-16.5022206742125,2.9881564122114,-16.4385943725976,70.83415,70.83305,416696,"2026_01_13_0001","2026_01_13_0001_ev01102_rec2","no",230964
1103,2,70.87985,-89.9690206995046,-95.5083139858397,-5.53929328633512,0.199999999992428,14.9499999999989,13.3000000000152,-196055.910272009,195970.865931465,373888.570679759,-88.8800511411937,70.87985,70.8796,417597,"2026_01_13_0001","2026_01_13_0001_ev01103_rec2","no",230965
1104,2,70.9077,-95.3363511532945,-109.358692475229,-14.0223413219347,0.500000000002387,6.29999999999598,6.15000000000521,-91.8762264404995,-22.0044249713576,6.57342298549301,-58.0814572188018,70.90655,70.90535,418154,"2026_01_13_0001","2026_01_13_0001_ev01104_rec2","no",230966
1105,2,70.9587,-89.8038820101894,-128.172161402275,-38.3682793920861,3.10000000000343,9.29999999999609,8.50000000001216,-92.6369078842885,-39.270591773132,6.84986223042616,-460.256291994117,70.9577,70.95445,419174,"2026_01_13_0001","2026_01_13_0001_ev01105_rec2","no",230967
1106,2,70.98925,-100.149611454493,-108.482821847244,-8.33321039275093,0.299999999995748,1.35000000000218,1.95000000000789,-89.2966365736254,-16.5673706190095,11.2945527075288,150.299071606504,70.98925,70.9886,419785,"2026_01_13_0001","2026_01_13_0001_ev01106_rec2","no",230968
1107,2,71.0228,-90.423741157868,-114.281585137923,-23.8578439800552,1.50000000000716,9.45000000000107,14.9499999999989,-97.8090706613943,-19.4812731543796,5.74151958896829,-356.495993794479,71.02245,71.02095,420456,"2026_01_13_0001","2026_01_13_0001_ev01107_rec2","no",230969
1108,2,71.05445,-90.2069822442651,-116.773588514654,-26.566606270389,2.94999999999845,26.4999999999986,0,-48452.5048341298,48351.2353924641,453641.627134598,-508.627167615708,71.05095,71.04765,421089,"2026_01_13_0001","2026_01_13_0001_ev01108_rec2","no",230970
1109,2,71.08145,-90.879401716622,-119.523705406469,-28.6443036898471,1.60000000001048,32.9499999999996,30.0000000000011,-107.294648905887,-4.49892683914429,3.1176707783891,-584.537819421829,71.0794,71.0774,421629,"2026_01_13_0001","2026_01_13_0001_ev01109_rec2","no",230971
1110,2,71.1101,-102.239767336987,-119.916318138605,-17.676550801618,1.4500000000055,6.19999999999266,5.04999999999711,-90.6869609679552,-32.1359959762338,8.76074744377146,44.8970261547407,71.10915,71.1077,422202,"2026_01_13_0001","2026_01_13_0001_ev01110_rec2","no",230972
1111,2,71.14485,-92.1821952097798,-114.78783440385,-22.6056391940699,4.950000000008,12.6000000000062,12.5499999999903,-93.8859284068592,-18.6055612485556,12.2006158222727,-336.921638665664,71.1443,71.13925,422897,"2026_01_13_0001","2026_01_13_0001_ev01111_rec2","no",230973
1112,2,71.1919,-93.8539156494404,-113.838902085165,-19.9849864357245,5.69999999999027,5.8000000000078,6.95000000000334,-99.0938130313043,-21.2809224152663,3.03154753299138,-386.127252017031,71.18735,71.1809,423838,"2026_01_13_0001","2026_01_13_0001_ev01112_rec2","no",230974
1113,2,71.2183,-95.6516456402183,-113.879871166136,-18.2282255259179,1.24999999999886,6.29999999999598,6.05000000000189,-98.5107298622666,-17.5753491777286,3.99621460098512,-184.94843158971,71.21735,71.21585,424366,"2026_01_13_0001","2026_01_13_0001_ev01113_rec2","no",230975
1114,2,71.24795,-95.4273442492371,-120.54467101633,-25.1173267670928,1.54999999999461,6.24999999999432,7.24999999999909,-98.4233400117402,-22.0871628225621,5.77297007865482,-253.314208909183,71.2473,71.24575,424959,"2026_01_13_0001","2026_01_13_0001_ev01114_rec2","no",230976
1115,2,71.2758,-98.8883806453207,-108.539263595406,-9.65088295008536,0.600000000005707,3.84999999999991,5.00000000000966,-88.4506801938932,-17.8123308017368,20.8006637308838,26.276565482766,71.2757,71.2751,425516,"2026_01_13_0001","2026_01_13_0001_ev01115_rec2","no",230977
1116,2,71.30885,-95.8377499863494,-102.90462138345,-7.06687139710031,0.299999999995748,0.049999999987449,0,-90.6222707545809,-7.12671575452741,6.57002283702147,109.238627988856,71.30885,71.30855,426177,"2026_01_13_0001","2026_01_13_0001_ev01116_rec2","no",230978
1117,2,71.34665,-92.1782072878897,-108.495139258183,-16.3169319702936,3.95000000000323,13.3000000000152,11.099999999999,-91.8277714067054,-17.8905773836157,10.7757004642365,-250.112009918263,71.34495,71.34085,426933,"2026_01_13_0001","2026_01_13_0001_ev01117_rec2","no",230979
1118,2,71.3796,-98.7808401487995,-123.551806338098,-24.7709661892981,1.89999999999202,4.80000000000302,4.19999999999732,-93.2719008269954,-31.5790885227896,5.46220838479165,-36.3010127551108,71.3792,71.37685,427592,"2026_01_13_0001","2026_01_13_0001_ev01118_rec2","no",230980
1119,2,71.4222,-101.920373313841,-113.130321455425,-11.2099481415838,0.299999999995748,30.399999999986,30.0000000000011,-168764.701296454,168667.290860966,684673.93919141,16.7168599127176,71.42165,71.4201,428444,"2026_01_13_0001","2026_01_13_0001_ev01119_rec2","no",230981
1120,2,71.4485,-94.529811988685,-106.650150032777,-12.1203380440917,0.600000000005707,12.6499999999936,8.89999999999702,-91.6920481359247,-20.892989326826,8.49157513705359,-173.319555441551,71.4432,71.4425,428970,"2026_01_13_0001","2026_01_13_0001_ev01120_rec2","no",230982
1121,2,71.48205,-98.9750407066748,-109.709031334468,-10.7339906277937,0.0500000000158707,30.5000000000035,30.0000000000011,-218242.319737166,218147.938130532,812113.092649955,8.22823423931795,71.4818,71.4799,429641,"2026_01_13_0001","2026_01_13_0001_ev01121_rec2","no",230983
1122,2,71.5109,-90.522699053334,-119.938420866012,-29.4157218126782,1.84999999999036,12.5000000000028,13.3999999999901,-88.9108397012044,-30.5184867065732,14.9935627760594,-426.671962717517,71.5088,71.50685,430218,"2026_01_13_0001","2026_01_13_0001_ev01122_rec2","no",230984
1123,2,71.5778,-99.2624216362538,-125.435028383463,-26.1726067472093,6.70000000000925,10.8500000000049,7.50000000000739,-100.621652703209,-25.9644180381931,6.57248730854883,-305.580157934168,71.57755,71.5708,431556,"2026_01_13_0001","2026_01_13_0001_ev01123_rec2","no",230985
1124,2,71.60575,-94.3171504229153,-112.246504863715,-17.9293544408,0.900000000001455,10.7500000000016,12.9000000000019,-88.1458361548063,-23.7852292741718,20.7985515995858,-224.91276126782,71.60465,71.6033,432115,"2026_01_13_0001","2026_01_13_0001_ev01124_rec2","no",230986
1125,2,71.6591,-94.3728388661413,-113.469655752291,-19.0968168861498,2.09999999999866,14.6000000000015,13.9999999999958,-84.1427307807323,-31.5600848249281,23.3005383917316,-286.928990922389,71.6576,71.655,433182,"2026_01_13_0001","2026_01_13_0001_ev01125_rec2","no",230987
1126,2,71.69375,-92.6376924976982,-111.155896897098,-18.5182043993993,0.849999999999795,3.70000000000914,3.10000000000343,-95.3125558569208,-12.9413611560585,2.76225865921622,-146.765656527583,71.6922,71.6913,433875,"2026_01_13_0001","2026_01_13_0001_ev01126_rec2","no",230988
1127,2,71.74565,-100.64004562448,-164.862102626304,-64.2220570018238,3.25000000000841,6.54999999999006,4.59999999999638,-103.369936585676,-63.383753500808,4.180034332807,-543.749610128995,71.74495,71.7414,434913,"2026_01_13_0001","2026_01_13_0001_ev01127_rec2","no",230989
1128,2,71.7705,-98.4795940201177,-111.486004989536,-13.0064109694178,1.10000000000809,31.0000000000059,30.0000000000011,-107.970835183747,-3.50912456515094,1.80146938026802,-304.275689229872,71.77015,71.7689,435410,"2026_01_13_0001","2026_01_13_0001_ev01128_rec2","no",230990
1129,2,71.7961,-105.612091515726,-117.529723077365,-11.9176315616384,2.3000000000053,4.89999999999213,4.05000000000655,-92.0578271332575,-29.8276007111324,8.03590149808024,127.39458422216,71.79395,71.7916,435922,"2026_01_13_0001","2026_01_13_0001_ev01129_rec2","no",230991
1130,2,71.83705,-92.4407883307288,-110.174852346086,-17.7340640153568,3.64999999999327,8.20000000000221,8.35000000000719,-96.2778897773264,-15.5479140295481,4.79980041895274,-294.268973007097,71.8326,71.8289,436741,"2026_01_13_0001","2026_01_13_0001_ev01130_rec2","no",230992
1131,2,71.8748,-100.324659776016,-102.941668597139,-2.61700882112243,0.299999999995748,0.749999999996476,1.15000000000975,-92.9205381468352,-9.17041378553382,12.4953378738139,117.269681881012,71.8748,71.8745,437496,"2026_01_13_0001","2026_01_13_0001_ev01131_rec2","no",230993
1132,2,71.95885,-94.8782045803123,-120.836206463703,-25.9580018833902,14.8499999999956,15.1000000000039,7.80000000000314,-93.0520094777625,-31.8476669651046,7.63154044838292,-401.588549286315,71.9582,71.94235,439177,"2026_01_13_0001","2026_01_13_0001_ev01132_rec2","no",230994
1133,2,72.0428,-97.0764062424371,-118.539996877073,-21.4635906346361,0.600000000005707,2.89999999999679,2.89999999999679,-91.1373076652132,-24.7740026266352,5.01803874641334,36.9230631190263,72.04235,72.0417,440856,"2026_01_13_0001","2026_01_13_0001_ev01133_rec2","no",230995
1134,2,72.14895,-92.6282980134449,-115.916777618306,-23.2884796048612,2.49999999999773,12.3999999999853,14.7000000000048,-96.3258823002735,-22.2424252478396,9.7264598440338,-378.779074426531,72.1481,72.14555,442979,"2026_01_13_0001","2026_01_13_0001_ev01134_rec2","no",230996
1135,2,72.18755,-93.6175596473852,-112.493536479447,-18.8759768320618,2.3000000000053,8.24999999998965,8.15000000000055,-92.0131931992506,-19.6953949231988,9.81971888940032,-173.267039952064,72.18715,72.1847,443751,"2026_01_13_0001","2026_01_13_0001_ev01135_rec2","no",230997
1136,2,72.2304,-92.9911466367884,-133.202948247129,-40.2118016103405,2.25000000000364,8.24999999998965,9.79999999999848,-91.2039487083637,-41.8917164891712,10.6506545649582,-426.755969766249,72.2302,72.22775,444608,"2026_01_13_0001","2026_01_13_0001_ev01136_rec2","no",230998
1137,2,72.2676,-96.1671840364199,-108.352219380284,-12.1850353438645,3.54999999998995,11.6000000000014,10.0999999999942,-89.4589069396273,-21.9855326597391,14.9900544430935,-135.813479732496,72.26695,72.263,445352,"2026_01_13_0001","2026_01_13_0001_ev01137_rec2","no",230999
1138,2,72.3062,-94.3080324686767,-127.812039864901,-33.5040073962241,1.1999999999972,12.1999999999929,14.3999999999949,-68.4377328822174,-53.2846770083946,43.5381477847328,-553.528656447571,72.30045,72.29915,446124,"2026_01_13_0001","2026_01_13_0001_ev01138_rec2","no",231000
1139,2,72.35825,-103.505157186027,-126.904094123589,-23.3989369375615,0.999999999990564,2.94999999999845,2.94999999999845,-102.25827853851,-25.3242583028993,3.14811844562605,-62.4025521597136,72.3578,72.3568,447165,"2026_01_13_0001","2026_01_13_0001_ev01139_rec2","no",231001
1140,2,72.38465,-97.1755301776559,-114.404419500749,-17.2288893230931,1.24999999999886,9.60000000000605,10.5999999999966,-10.2840990297674,-100.104616505731,150.062986976573,-151.915117862593,72.38295,72.3816,447693,"2026_01_13_0001","2026_01_13_0001_ev01140_rec2","no",231002
1141,2,72.41945,-95.4173366040844,-128.321750723898,-32.9044141198133,2.09999999998445,7.19999999998322,7.69999999999982,-93.3911727598863,-29.3132353820408,10.6494638625385,-305.043443546699,72.41835,72.4162,448389,"2026_01_13_0001","2026_01_13_0001_ev01141_rec2","no",231003
1142,2,72.4685,-93.9157139502614,-105.495620859409,-11.5799069091478,0.549999999989836,11.7000000000047,11.2000000000023,-90.576467748706,-19.835803102793,11.7011364004945,-142.564697124297,72.4665,72.46585,449370,"2026_01_13_0001","2026_01_13_0001_ev01142_rec2","no",231004
1143,2,72.5095,-93.6804664468939,-115.310036761544,-21.6295703146502,2.85000000000935,8.25000000000387,7.69999999999982,-93.4614572133099,-22.8608305360244,7.51818918056613,-227.742405308118,72.50785,72.50485,450190,"2026_01_13_0001","2026_01_13_0001_ev01143_rec2","no",231005
1144,2,72.56045,-93.7032234628076,-108.311492004154,-14.6082685413465,1.54999999999461,8.35000000000719,9.54999999999018,-94.7490489804996,-12.8240180856594,8.83489665940969,-171.943032266069,72.559,72.55745,451209,"2026_01_13_0001","2026_01_13_0001_ev01144_rec2","no",231006
1145,2,72.59115,-93.1309321910897,-109.178878871907,-16.0479466808178,1.05000000000643,8.65000000000293,10.4000000000042,-94.0002193191254,-18.3759401437737,8.09274485076114,-202.440344110296,72.5898,72.58875,451823,"2026_01_13_0001","2026_01_13_0001_ev01145_rec2","no",231007
1146,2,72.6431,-100.003197351422,-118.933605777806,-18.9304084263844,1.4500000000055,5.95000000001278,5.75000000000614,-92.3899778417589,-27.6591506437291,9.04957481539253,-36.9624913157431,72.6427,72.641,452862,"2026_01_13_0001","2026_01_13_0001_ev01146_rec2","no",231008
1147,2,72.6922,-91.5126374206803,-113.76448377379,-22.2518463531093,1.94999999999368,9.050000000002,11.099999999999,-95.7409445245783,-18.6100984823991,7.2197032259549,-299.134693757891,72.69155,72.68955,453844,"2026_01_13_0001","2026_01_13_0001_ev01147_rec2","no",231009
1148,2,72.7404,-97.0928666246949,-110.358857925398,-13.2659913007033,2.15000000000032,3.64999999999327,3.55000000000416,-93.4523765169127,-13.5538779575452,7.66506932791977,-13.4082349074417,72.7399,72.7376,454808,"2026_01_13_0001","2026_01_13_0001_ev01148_rec2","no",231010
1149,2,72.7831,-94.2799551813283,-112.169437260264,-17.889482078936,1.30000000000052,9.50000000000273,11.2499999999898,-86.5810930503856,-26.9803527075162,17.7884180844122,-178.805999112714,72.78275,72.78095,455662,"2026_01_13_0001","2026_01_13_0001_ev01149_rec2","no",231011
1150,2,72.82405,-93.8374041723093,-119.401823149545,-25.5644189772359,1.75000000000125,11.3500000000073,12.9500000000036,-87.5862303375108,-34.2766170437309,16.5811045407864,-328.623639895399,72.82365,72.8217,456481,"2026_01_13_0001","2026_01_13_0001_ev01150_rec2","no",231012
1151,2,72.90425,-99.4904121658773,-137.944892718279,-38.4544805524016,0.550000000004047,2.89999999999679,2.84999999999513,-104.403564453453,-38.9338032592605,2.00062151906867,-256.492375100828,72.9037,72.9028,458085,"2026_01_13_0001","2026_01_13_0001_ev01151_rec2","no",231013
1152,2,72.92655,-102.454571303294,-112.641779685442,-10.187208382148,2.49999999999773,6.24999999999432,4.34999999998809,-90.3064176658521,-22.4186871022355,12.6979789382736,71.0843005562433,72.9254,72.9225,458531,"2026_01_13_0001","2026_01_13_0001_ev01152_rec2","no",231014
1153,2,72.98935,-95.2556055244491,-114.139381601562,-18.8837760771134,1.94999999999368,9.9999999999909,10.1499999999959,-91.3747401628,-27.3000619636488,11.0240367981155,-214.52140419422,72.98795,72.986,459787,"2026_01_13_0001","2026_01_13_0001_ev01153_rec2","no",231015
1154,2,73.02005,-94.3038746973389,-97.8993895505266,-3.59551485318771,2.20000000000198,3.70000000000914,1.24999999999886,-92.3381164859048,-6.97467495976464,1.66324853906782,38.9313343967164,73.01895,73.01675,460401,"2026_01_13_0001","2026_01_13_0001_ev01154_rec2","no",231016
1155,2,73.05325,-92.5079355170771,-126.638146392551,-34.1302108754741,3.95000000000323,9.00000000000034,9.39999999999941,-97.9685249617578,-25.7378745056357,7.34266066175516,-441.499690372606,73.0531,73.0488,461065,"2026_01_13_0001","2026_01_13_0001_ev01155_rec2","no",231017
1156,2,73.118,-91.9178526889524,-105.828137363344,-13.9102846743916,3.44999999998663,14.7500000000065,16.8500000000051,-87.8786933920889,-16.5993464859286,28.4723221733141,-222.87665563935,73.1174,73.11375,462360,"2026_01_13_0001","2026_01_13_0001_ev01156_rec2","no",231018
1157,2,73.17075,-95.7682335373602,-107.176983337659,-11.4087498002985,1.95000000000789,10.0500000000068,9.50000000000273,-88.1732773208506,-20.2182086527817,17.6677120145078,-96.8846202090597,73.1695,73.1675,463415,"2026_01_13_0001","2026_01_13_0001_ev01157_rec2","no",231019
1158,2,73.2063,-97.6119354411039,-123.404295002543,-25.7923595614392,2.49999999999773,5.79999999999359,6.00000000000023,-85.3934895490579,-31.5617453280834,16.2027324226264,-113.280591036096,73.20535,73.2028,464126,"2026_01_13_0001","2026_01_13_0001_ev01158_rec2","no",231020
1159,2,73.25115,-93.0233108240963,-113.799262481136,-20.7759516570398,2.25000000000364,11.9499999999988,12.5500000000045,-91.9133284913256,-25.6352283863721,11.7329720498152,-294.862777193418,73.25075,73.24815,465023,"2026_01_13_0001","2026_01_13_0001_ev01159_rec2","no",231021
1160,2,73.2837,-99.1299166387768,-106.164001904097,-7.0340852653202,0.199999999992428,24.2999999999967,21.2999999999965,-300187.541661331,300093.218016473,863730.185698769,-14.2177820710297,73.2836,73.28295,465674,"2026_01_13_0001","2026_01_13_0001_ev01160_rec2","no",231022
1161,2,73.314,-99.7623470915408,-115.55042763849,-15.7880805469488,0.849999999999795,8.09999999999889,7.15000000000998,-91.9267483666813,-27.1713152107986,10.4050326350157,-70.456952843698,73.31205,73.3108,466280,"2026_01_13_0001","2026_01_13_0001_ev01161_rec2","no",231023
1162,2,73.3528,-93.2024748720132,-117.942816256717,-24.7403413847042,1.54999999999461,9.60000000000605,11.4999999999981,-95.2554668932452,-21.8686451588203,10.2180265448075,-309.41675912646,73.35225,73.3505,467056,"2026_01_13_0001","2026_01_13_0001_ev01162_rec2","no",231024
1163,2,73.3923,-98.3367160736264,-143.83994379438,-45.5032277207538,5.5499999999995,11.7000000000047,9.85000000000014,-96.6826271192019,-44.8759171974856,11.1172011867612,-580.93435527374,73.39175,73.38545,467846,"2026_01_13_0001","2026_01_13_0001_ev01163_rec2","no",231025
1164,2,73.4355,-98.3137723121446,-112.621527781423,-14.3077554692784,0.499999999988177,5.79999999999359,5.89999999999691,-97.5336099752756,-17.6218181945794,5.53990616472704,-94.3437618602626,73.4343,73.43375,468710,"2026_01_13_0001","2026_01_13_0001_ev01164_rec2","no",231026
1165,2,73.51935,-101.955802994741,-105.069351148424,-3.113548153683,0.200000000006639,3.29999999999586,1.30000000000052,-93.5896339434613,-10.9966538896362,8.93725001066893,152.827190710501,73.51845,73.51625,470387,"2026_01_13_0001","2026_01_13_0001_ev01165_rec2","no",231027
1166,2,73.5512,-94.1038635127496,-111.450141619694,-17.3462781069442,1.84999999999036,6.55000000000427,10.1499999999959,-99.5196853675702,-11.5110533563394,4.15912326202896,-230.851544153188,73.55115,73.54925,471024,"2026_01_13_0001","2026_01_13_0001_ev01166_rec2","no",231028
1167,2,73.5791,-102.923591111131,-105.58290178661,-2.65931067547869,0.10000000000332,29.9499999999995,28.5000000000082,-105349.997466329,105254.179277375,370639.417919462,85.4028356023215,73.5791,73.57885,471582,"2026_01_13_0001","2026_01_13_0001_ev01167_rec2","no",231029
1168,2,73.60745,-96.7396748736559,-114.005505872809,-17.2658309991532,4.05000000000655,9.55000000000439,8.34999999999297,-89.4781090577218,-27.0648475212966,12.2103548426922,-141.923398429117,73.60665,73.60225,472149,"2026_01_13_0001","2026_01_13_0001_ev01168_rec2","no",231030
1169,2,73.67465,-90.8883280005408,-108.117309337247,-17.2289813367066,2.15000000000032,7.75000000000148,9.39999999999941,-93.2074483100653,-15.5187564700361,6.9992295964376,-211.53694814539,73.67385,73.6716,473493,"2026_01_13_0001","2026_01_13_0001_ev01169_rec2","no",231031
1170,2,73.74295,-93.1614608067529,-110.872226267019,-17.7107654602664,1.04999999999222,12.7000000000095,30.0000000000011,-101.425978577161,-16.6710624309523,3.17783534964944,-340.449513826763,73.74165,73.7402,474859,"2026_01_13_0001","2026_01_13_0001_ev01170_rec2","no",231032
1171,2,73.7875,-99.9313019264558,-145.925194546644,-45.9938926201878,3.45000000000084,8.65000000000293,7.95000000000812,-94.1364317310083,-53.5861944964927,9.33620619025645,-435.313689437673,73.7872,73.7837,475750,"2026_01_13_0001","2026_01_13_0001_ev01171_rec2","no",231033
1172,2,73.8836,-95.0054690478967,-115.790452244608,-20.7849831967117,1.35000000000218,7.30000000000075,4.59999999999638,-94.466235499904,-19.5557409784079,5.28594182846455,-166.818170406922,73.8802,73.87835,477672,"2026_01_13_0001","2026_01_13_0001_ev01172_rec2","no",231034
1173,2,73.94785,-98.3348676893333,-110.328413728408,-11.9935460390745,0.450000000000728,31.3500000000033,21.5000000000032,-118378.136534419,118279.534145732,610427.036733379,-111.240137228006,73.94645,73.94595,478957,"2026_01_13_0001","2026_01_13_0001_ev01173_rec2","no",231035
1174,2,73.9748,-95.6149110495956,-110.593035644531,-14.9781245949359,4.10000000000821,9.50000000000273,8.64999999998872,-99.5744971369403,-14.2230202442592,3.94216103128833,-240.153395942666,73.9744,73.97025,479496,"2026_01_13_0001","2026_01_13_0001_ev01174_rec2","no",231036
1175,2,73.99875,-94.0566575125669,-108.45991855988,-14.4032610473131,0.799999999998136,11.2499999999898,16.0999999999945,-92.6347420318258,-13.5972035860642,22.9722292402718,-196.677455894292,73.99865,73.99785,479975,"2026_01_13_0001","2026_01_13_0001_ev01175_rec2","no",231037
1176,2,74.0426,-92.6044553665966,-96.7293057127633,-4.12485034616668,0.0500000000016598,3.15000000000509,5.10000000001298,-93.3877292976052,-2.70402624001268,3.95368514474003,-35.1301518252175,74.04245,74.0424,480852,"2026_01_13_0001","2026_01_13_0001_ev01176_rec2","no",231038
1177,2,74.0785,-92.4156370848098,-112.468661629223,-20.0530245444131,2.89999999999679,12.7499999999969,12.0499999999879,-92.3110564005768,-22.8445340685341,10.8387219697353,-315.080269637811,74.0769,74.07395,481570,"2026_01_13_0001","2026_01_13_0001_ev01177_rec2","no",231039
1178,2,74.12005,-92.22545955906,-104.910172117265,-12.6847125582046,2.3000000000053,13.1000000000085,14.1999999999882,-92.5337797359694,-15.2938565578156,11.3624629103545,-200.216213999049,74.11945,74.1167,482401,"2026_01_13_0001","2026_01_13_0001_ev01178_rec2","no",231040
1179,2,74.1426,-95.1017240735514,-104.772122338326,-9.67039826477421,0.200000000006639,0.10000000000332,0,-93.317500806054,-3.37224488536836,4.31365995037329,37.9881395461697,74.1426,74.1424,482852,"2026_01_13_0001","2026_01_13_0001_ev01179_rec2","no",231041
1180,2,74.1929,-96.1883959756182,-112.181521119664,-15.9931251440458,3.34999999999752,9.39999999999941,8.20000000000221,-86.3722804445815,-24.0788026133336,19.3192679483011,-131.113956929173,74.19155,74.18765,483858,"2026_01_13_0001","2026_01_13_0001_ev01180_rec2","no",231042
1181,2,74.24085,-95.0893547439415,-116.423282348581,-21.3339276046396,1.35000000000218,9.69999999999516,10.4000000000042,-97.6212020741721,-20.8504414031787,7.65438416006415,-279.030732121689,74.2393,74.23795,484817,"2026_01_13_0001","2026_01_13_0001_ev01181_rec2","no",231043
1182,2,74.29525,-95.3543092753352,-154.144646906023,-58.7903376306879,0.999999999990564,3.60000000000582,4.3500000000023,-114.008394886647,-47.2419879180704,1.5948548515576,-704.0943476698,74.2947,74.2936,485905,"2026_01_13_0001","2026_01_13_0001_ev01182_rec2","no",231044
1183,2,74.316,-100.159096983897,-135.554530740868,-35.3954337569708,1.84999999999036,9.65000000000771,10.0499999999926,-91.479211844142,-49.6311167504899,12.1865202995971,-351.418331413943,74.31565,74.31355,486320,"2026_01_13_0001","2026_01_13_0001_ev01183_rec2","no",231045
1184,2,74.3739,-99.4159709514967,-112.211051756471,-12.7950808049743,0.149999999990769,4.59999999999638,5.14999999998622,-94.6934402127769,-14.2907807608205,12.444013703603,-35.4724030437089,74.3735,74.3721,487478,"2026_01_13_0001","2026_01_13_0001_ev01184_rec2","no",231046
1185,2,74.4046,-92.6611424287527,-95.0823586195765,-2.42121619082384,5.95000000001278,30.3499999999985,30.0000000000011,-96.6360920405912,-4.80083127938149,3.11380472398867,-167.650746929715,74.40335,74.39735,488092,"2026_01_13_0001","2026_01_13_0001_ev01185_rec2","no",231047
1186,2,74.4355,-94.0597399338718,-112.487379806144,-18.4276398722722,1.89999999999202,10.6499999999983,12.849999999986,-89.1026356444822,-22.7123727716072,19.5650954158057,-231.443898398211,74.43465,74.4327,488710,"2026_01_13_0001","2026_01_13_0001_ev01186_rec2","no",231048
1187,2,74.49,-99.312882105217,-126.411021996393,-27.0981398911762,1.64999999999793,5.15000000000043,6.15000000000521,-93.1857460088322,-30.7928881742003,9.52135628457546,-121.148924933548,74.48995,74.4882,489800,"2026_01_13_0001","2026_01_13_0001_ev01187_rec2","no",231049
1188,2,74.5444,-92.7042880912288,-119.668333889833,-26.9640457986043,2.89999999999679,5.79999999999359,30.0000000000011,-104.364945898668,-4.40470186567106,3.88640144281852,-417.862315008551,74.54415,74.5409,490888,"2026_01_13_0001","2026_01_13_0001_ev01188_rec2","no",231050
1189,2,74.56445,-97.1619890910558,-113.857117695844,-16.6951286047885,1.55000000000882,6.7499999999967,9.25000000000864,-96.2794025426989,-16.3249044417283,11.0444717915438,-157.356646420563,74.5643,74.5626,491289,"2026_01_13_0001","2026_01_13_0001_ev01189_rec2","no",231051
1190,2,74.6244,-104.094514954371,-109.013984328907,-4.91946937453541,0.10000000000332,30.1499999999919,30.0000000000011,-233473.703302433,233376.889770604,841032.369217414,92.9563496937931,74.6242,74.6241,492488,"2026_01_13_0001","2026_01_13_0001_ev01190_rec2","no",231052
1191,2,74.65125,-97.2035774040904,-117.749545885746,-20.5459684816556,2.35000000000696,5.79999999999359,5.8000000000078,-94.9147314432739,-21.4937775007969,7.46086067639087,-131.824622165004,74.65065,74.64805,493025,"2026_01_13_0001","2026_01_13_0001_ev01191_rec2","no",231053
1192,2,74.7017,-101.186053635556,-106.381030995354,-5.19497735979802,3.15000000000509,0.450000000000728,0,-94.9790204746231,-5.75017567189179,3.82406837659091,167.405236084759,74.70165,74.69825,494034,"2026_01_13_0001","2026_01_13_0001_ev01192_rec2","no",231054
1193,2,74.77775,-94.3487530237046,-117.687191564932,-23.3384385412277,0.900000000001455,9.39999999999941,8.49999999999795,-94.0341761588334,-26.8019073332902,7.73886977908123,-274.447021606676,74.77485,74.77365,495555,"2026_01_13_0001","2026_01_13_0001_ev01193_rec2","no",231055
1194,2,74.89735,-95.3637946313681,-101.563612661244,-6.19981802987593,0.350000000011619,0.250000000008299,0.149999999990769,-92.8630680773112,-7.30037034453603,0.311651183933407,71.4268868313827,74.8973,74.89695,497947,"2026_01_13_0001","2026_01_13_0001_ev01194_rec2","no",231056
1195,2,74.9176,-94.7327906703085,-98.2829809389648,-3.55019026865638,0.199999999992428,16.0499999999928,15.0000000000006,-370455.472450639,370367.773553426,665860.785857497,-39.5998406849802,74.9176,74.9173,498352,"2026_01_13_0001","2026_01_13_0001_ev01195_rec2","no",231057
1196,2,74.9453,-93.2279964576797,-120.923921377177,-27.6959249194976,0.749999999996476,31.1999999999841,29.9999999999869,-112.253792559463,-12.0210567864669,2.13580515676824,-630.987955426489,74.9443,74.94345,498906,"2026_01_13_0001","2026_01_13_0001_ev01196_rec2","no",231058
1197,2,74.9693,-116.772691564852,-133.71714924917,-16.9444576843181,0.749999999996476,1.35000000000218,1.00000000000477,-112.787052666644,-23.2116684168175,1.20673607564525,83.598028956805,74.9692,74.96745,499386,"2026_01_13_0001","2026_01_13_0001_ev01197_rec2","no",231059
1198,3,75.02375,-96.0305841507268,-101.392414280321,-5.36183012959384,0.300000000009959,0.749999999996476,1.69999999999959,-97.0549387661302,-2.42858593651095,1.83257152886332,-36.3084934623362,75.02375,75.02325,475,"2026_01_13_0001","2026_01_13_0001_ev01198_rec3","no",231060
1199,3,75.04405,-94.4312110325972,-109.300306055804,-14.8690950232067,1.24999999999886,2.60000000000105,2.44999999999607,-96.4437296710768,-12.3661124063632,1.9460149124094,-104.133167718131,75.0434,75.04215,881,"2026_01_13_0001","2026_01_13_0001_ev01199_rec3","no",231061
1200,3,75.0773,-94.8131973487716,-103.490438447994,-8.67724109922234,0.0500000000016598,22.4499999999921,19.5000000000078,-202996.198273639,202905.989982011,506879.592517776,-42.2676489432805,75.07725,75.0772,1546,"2026_01_13_0001","2026_01_13_0001_ev01200_rec3","no",231062
1201,3,75.10375,-94.2181076453886,-113.194140340578,-18.9760326951893,1.50000000000716,8.80000000000791,12.0499999999879,-91.2256162228328,-18.1717636958588,20.2187111906603,-214.791794140532,75.1037,75.10195,2075,"2026_01_13_0001","2026_01_13_0001_ev01201_rec3","no",231063
1202,3,75.14625,-101.932184813669,-105.809681541984,-3.87749672831428,0.799999999998136,4.099999999994,2.80000000000769,-88.654103748647,-17.116168834733,18.4892196772922,137.96232513113,75.1456,75.1442,2925,"2026_01_13_0001","2026_01_13_0001_ev01202_rec3","no",231064
1203,3,75.19155,-92.1474861516081,-100.160674385081,-8.01318823347276,1.69999999999959,8.94999999999868,9.24999999999443,-93.4255252918832,-9.28407045687571,5.43774963767229,-105.025942292912,75.19125,75.18905,3831,"2026_01_13_0001","2026_01_13_0001_ev01203_rec3","no",231065
1204,3,75.262,-91.290685488056,-128.341150087787,-37.0504645997311,15.7999999999987,11.0499999999973,11.6000000000014,-90.4183353490053,-42.504164355559,10.8463037979716,-768.312393063054,75.26105,75.2449,5240,"2026_01_13_0001","2026_01_13_0001_ev01204_rec3","no",231066
1205,3,75.2978,-97.2362965328328,-102.861931286926,-5.6256347540931,0.249999999994088,0.199999999992428,0,-91.5995622906446,-7.23127620700267,5.31450088066922,130.110718952358,75.2978,75.29745,5956,"2026_01_13_0001","2026_01_13_0001_ev01205_rec3","no",231067
1206,3,75.3418,-91.4904653666514,-122.057067385523,-30.5666020188714,1.50000000000716,9.34999999999775,9.9999999999909,-91.4157353360978,-30.8759514585457,10.0175742322139,-357.358328951584,75.3405,75.33875,6836,"2026_01_13_0001","2026_01_13_0001_ev01206_rec3","no",231068
1207,3,75.3899,-93.0843879047319,-132.5635335038,-39.4791455990682,1.95000000000789,8.49999999999795,9.34999999999775,-93.6103141178354,-40.9814849804373,8.7410155003444,-432.577532171839,75.3893,75.3869,7798,"2026_01_13_0001","2026_01_13_0001_ev01207_rec3","no",231069
1208,3,75.43405,-95.2729360235784,-101.310526809964,-6.03759078638605,0.0500000000016598,10.6999999999999,8.30000000000553,-158563.496153911,158469.734025651,350894.723119413,-161.561170304765,75.4338,75.43325,8681,"2026_01_13_0001","2026_01_13_0001_ev01208_rec3","no",231070
1209,3,75.45565,-94.2597723066264,-116.674236127801,-22.4144638211747,1.44999999999129,1.90000000000623,0,-20801.3460770837,20695.2874986296,470633.836397862,-420.067496769147,75.45495,75.452,9113,"2026_01_13_0001","2026_01_13_0001_ev01209_rec3","no",231071
1210,3,75.4779,-97.8240152936796,-117.980138292736,-20.1561229990568,2.44999999999607,7.39999999998986,6.59999999999172,-93.0537268319712,-24.7471753102899,9.37614195993729,-122.456257383447,75.47735,75.47475,9558,"2026_01_13_0001","2026_01_13_0001_ev01210_rec3","no",231072
1211,3,75.5205,-95.7410237790609,-104.083674290327,-8.34265051126599,0.900000000001455,0.900000000001455,2.25000000000364,-92.6196948586383,-7.76794720261072,10.0083190356387,16.3649252242159,75.52045,75.5195,10410,"2026_01_13_0001","2026_01_13_0001_ev01211_rec3","no",231073
1212,3,75.5544,-93.0115793896903,-113.439720202675,-20.4281408129848,2.34999999999275,32.4999999999989,30.0000000000011,-103.170576302112,-12.0284874525403,5.55172412353165,-422.010981525262,75.55385,75.55135,11088,"2026_01_13_0001","2026_01_13_0001_ev01212_rec3","no",231074
1213,3,75.5765,-105.63253853399,-109.68854593266,-4.05600739867035,0.249999999994088,0.349999999997408,0,55235.9012383115,-55340.7783103043,183929.1874434,157.170798736402,75.5765,75.57605,11530,"2026_01_13_0001","2026_01_13_0001_ev01213_rec3","no",231075
1214,3,75.58715,-99.7014312186876,-116.292802297056,-16.5913710783688,0.499999999988177,1.35000000000218,1.95000000000789,-95.9543238121186,-16.5210508511012,3.84134370303119,44.5854856686304,75.58715,75.58665,11743,"2026_01_13_0001","2026_01_13_0001_ev01214_rec3","no",231076
1215,3,75.64285,-95.5314047197832,-123.218503007324,-27.6870982875411,2.94999999999845,9.39999999999941,7.24999999999909,-95.4942071394382,-27.9996825781394,7.23987965613299,-317.300956098847,75.6408,75.6375,12857,"2026_01_13_0001","2026_01_13_0001_ev01215_rec3","no",231077
1216,3,75.70315,-92.873979504255,-116.862108186261,-23.9881286820056,1.80000000000291,6.19999999999266,5.70000000000448,-92.5235671286133,-22.8485366108155,6.28795326654003,-179.032134940913,75.702,75.7,14063,"2026_01_13_0001","2026_01_13_0001_ev01216_rec3","no",231078
1217,3,75.7896,-94.8769992076666,-111.632960188663,-16.7559609809961,2.69999999999015,6.65000000000759,10.0500000000068,-95.2310292919319,-13.6716649052418,11.8216805947922,-205.98493171327,75.7884,75.7855,15792,"2026_01_13_0001","2026_01_13_0001_ev01217_rec3","no",231079
1218,3,75.8119,-96.1200686514692,-101.718786859848,-5.5987182083783,0.0500000000016598,0.199999999992428,1.40000000000384,-92.2221796141319,-6.53461558887745,15.5680689705626,29.2359920986326,75.8118,75.8116,16238,"2026_01_13_0001","2026_01_13_0001_ev01218_rec3","no",231080
1219,3,75.85485,-93.1766562714488,-110.215088164536,-17.0384318930874,1.40000000000384,9.60000000000605,9.34999999999775,-92.8655358161769,-17.0120540342671,9.88577995194562,-190.910174884573,75.8529,75.85135,17097,"2026_01_13_0001","2026_01_13_0001_ev01219_rec3","no",231081
1220,3,75.95145,-94.6435831296129,-119.27553584593,-24.6319527163166,1.95000000000789,12.7999999999986,14.2500000000041,-92.0582300731564,-28.7134405942543,15.894515421335,-365.491807985443,75.95045,75.94845,19029,"2026_01_13_0001","2026_01_13_0001_ev01220_rec3","no",231082
1221,3,76.0102,-93.9078572705777,-116.269292850386,-22.3614355798083,1.89999999999202,13.7,11.650000000003,-92.7784151788464,-27.7819504036463,10.760691443292,-352.1591869967,76.0068,76.00485,20204,"2026_01_13_0001","2026_01_13_0001_ev01221_rec3","no",231083
1222,3,76.0664,-95.4335363089083,-106.93734636657,-11.503810057662,0.299999999995748,1.64999999999793,0.900000000001455,-98.0577423810828,-5.63737637413127,0.706649969113682,-107.997409020709,76.0663,76.06295,21328,"2026_01_13_0001","2026_01_13_0001_ev01222_rec3","no",231084
1223,3,76.21825,-95.7695151648872,-127.333540832607,-31.5640256677199,1.90000000000623,7.95000000000812,7.69999999999982,-95.6908222310957,-29.9374135753727,8.24106813603246,-313.922115217594,76.21675,76.2144,24365,"2026_01_13_0001","2026_01_13_0001_ev01223_rec3","no",231085
1224,3,76.2662,-95.1472245936913,-110.169204826392,-15.0219802327005,0.150000000004979,1.55000000000882,1.85000000000457,-94.3859248128835,-9.80267119158692,4.2570847352376,-43.4189891133975,76.26365,76.2631,25324,"2026_01_13_0001","2026_01_13_0001_ev01224_rec3","no",231086
1225,3,76.3793,-97.888157629696,-104.293674676829,-6.40551704713347,0.150000000004979,6.99999999999079,5.39999999999452,-101.713143044574,-3.30436384603991,0.159793491531904,-119.777497449713,76.37775,76.37755,27586,"2026_01_13_0001","2026_01_13_0001_ev01225_rec3","no",231087
1226,3,76.40195,-92.3232796690926,-117.819274738426,-25.4959950693334,2.049999999997,10.4500000000058,10.9000000000066,-94.6343526854556,-26.4464598795757,8.29069475825719,-355.497465270304,76.40005,76.3979,28039,"2026_01_13_0001","2026_01_13_0001_ev01226_rec3","no",231088
1227,3,76.4527,-94.1934850890248,-146.733413331442,-52.5399282424176,4.40000000000396,11.5499999999997,10.0000000000051,-91.5543126077816,-59.7167944626708,10.045737059779,-689.173516839253,76.45205,76.44755,29054,"2026_01_13_0001","2026_01_13_0001_ev01227_rec3","no",231089
1228,3,76.4914,-97.2292359836554,-119.124525804789,-21.8952898211331,3.55000000000416,5.85000000000946,5.49999999999784,-98.6772097519287,-13.694328432247,7.60662681324779,-200.364891854095,76.49095,76.48725,29828,"2026_01_13_0001","2026_01_13_0001_ev01228_rec3","no",231090
1229,3,76.82155,-92.8432185428183,-115.581473476663,-22.7382549338448,2.3000000000053,7.94999999999391,6.90000000000168,-92.9162340113093,-20.5320078930715,7.66511010132672,-215.184774880205,76.82025,76.8175,36431,"2026_01_13_0001","2026_01_13_0001_ev01229_rec3","no",231091
1230,3,76.86975,-92.6215155067032,-121.21765620734,-28.5961407006368,1.24999999999886,8.44999999999629,8.94999999999868,-96.3755504259217,-26.894796250851,6.51323130797781,-358.372478292708,76.8679,76.8666,37395,"2026_01_13_0001","2026_01_13_0001_ev01230_rec3","no",231092
1231,3,76.9612,-92.2551830221882,-113.70489539083,-21.4497123686415,1.80000000000291,6.50000000000261,5.79999999999359,-94.7681227672905,-13.49691770857,6.3743058683561,-231.800690782943,76.95765,76.9554,39224,"2026_01_13_0001","2026_01_13_0001_ev01231_rec3","no",231093
1232,3,76.99415,-94.1130066766711,-120.392496984627,-26.2794903079556,3.29999999999586,9.00000000000034,8.74999999999204,-93.8342530418732,-29.1614317672199,8.16291417155917,-290.19933930343,76.99385,76.9902,39883,"2026_01_13_0001","2026_01_13_0001_ev01232_rec3","no",231094
1233,3,77.06175,-92.5193234526518,-136.635381035462,-44.1160575828107,2.65000000000271,10.5999999999966,16.4499999999919,-107.178696538553,-31.0205608877028,5.61785078851514,-725.475873371262,77.0607,77.05785,41235,"2026_01_13_0001","2026_01_13_0001_ev01233_rec3","no",231095
1234,3,77.08375,-107.806563347152,-117.678649876379,-9.87208652922627,0.900000000001455,2.94999999999845,2.3000000000053,-93.5300427036412,-25.5023651795566,6.57762852080911,253.950078152814,77.0834,77.0825,41675,"2026_01_13_0001","2026_01_13_0001_ev01234_rec3","no",231096
1235,3,77.13165,-93.931605238293,-98.1292224957146,-4.19761725742158,0.399999999999068,0.700000000009027,0.650000000007367,-92.221314953454,-4.451207588421,2.11568510235707,40.0844465478998,77.13165,77.13125,42633,"2026_01_13_0001","2026_01_13_0001_ev01235_rec3","no",231097
1236,3,77.1967,-103.624187787482,-115.530264716446,-11.9060769289638,3.29999999999586,10.0999999999942,2.39999999999441,-104.13410263879,-15.9729806944193,1.69858696554447,-83.0230141387811,77.19525,77.18825,43934,"2026_01_13_0001","2026_01_13_0001_ev01236_rec3","no",231098
1237,3,77.2193,-102.314368914311,-113.184059411749,-10.8696904974372,0.700000000009027,1.00000000000477,1.35000000000218,-101.791554812317,-7.82622640070881,2.48885551380984,-13.3931783874106,77.2185,77.2178,44386,"2026_01_13_0001","2026_01_13_0001_ev01237_rec3","no",231099
1238,3,77.2421,-93.5156780755621,-116.612428995256,-23.0967509196939,1.24999999999886,4.90000000000634,4.6999999999997,-94.7043742139123,-24.7985561202417,3.85011455761266,-169.539813787241,77.24155,77.24005,44842,"2026_01_13_0001","2026_01_13_0001_ev01238_rec3","no",231100
1239,3,77.2779,-96.7343370559998,-142.719386982762,-45.9850499267626,3.99999999999068,8.39999999999463,7.5999999999965,-92.006269320193,-44.7037613865796,10.5528339467992,-436.321072255989,77.27765,77.2736,45558,"2026_01_13_0001","2026_01_13_0001_ev01239_rec3","no",231101
1240,3,77.32775,-94.4487015195535,-118.442214500134,-23.993512980581,0.450000000000728,5.39999999999452,6.90000000000168,-97.7196875745031,-25.1743978766768,4.57976012235323,-228.320706494139,77.32735,77.3268,46555,"2026_01_13_0001","2026_01_13_0001_ev01240_rec3","no",231102
1241,3,77.36365,-97.1641943664178,-130.375413481685,-33.2112191152667,1.60000000001048,10.5999999999966,9.25000000000864,-92.6882880815076,-45.3174124484379,9.31384612692259,-389.93084995055,77.3614,77.35955,47273,"2026_01_13_0001","2026_01_13_0001_ev01241_rec3","no",231103
1242,3,77.4314,-92.6137759784787,-121.400289837127,-28.7865138586482,3.44999999998663,13.149999999996,15.500000000003,-99.4277796904454,-24.5116270291272,8.34869418580171,-507.678066212671,77.43045,77.42695,48628,"2026_01_13_0001","2026_01_13_0001_ev01242_rec3","no",231104
1243,3,77.5453,-94.5122682385143,-113.363012646358,-18.8507444078438,0.949999999988904,3.20000000000675,3.20000000000675,-93.4753539413467,-21.3856269907906,3.26606282286212,-52.7281919639762,77.5452,77.54415,50906,"2026_01_13_0001","2026_01_13_0001_ev01243_rec3","no",231105
1244,3,77.66035,-94.6301054131336,-111.294619556757,-16.664514143623,1.15000000000975,1.1999999999972,1.15000000000975,-95.5909869433417,-9.62334206805442,1.83869530748353,-58.4449851322251,77.6602,77.6588,53207,"2026_01_13_0001","2026_01_13_0001_ev01244_rec3","no",231106
1245,3,77.6975,-95.2155811835102,-130.26989591066,-35.0543147271498,2.09999999999866,7.99999999999557,6.94999999998913,-96.1759262829552,-35.0496408080025,6.50268199797843,-362.772722127225,77.69545,77.6932,53950,"2026_01_13_0001","2026_01_13_0001_ev01245_rec3","no",231107
1246,3,77.78625,-95.8598434280017,-124.469184575602,-28.6093411476007,1.55000000000882,8.15000000000055,8.40000000000884,-93.3003018633433,-32.8021996411845,9.16389250420608,-263.696318282881,77.7853,77.7837,55725,"2026_01_13_0001","2026_01_13_0001_ev01246_rec3","no",231108
1247,3,77.9721,-103.109592049231,-140.4241789933,-37.3145869440688,1.64999999999793,4.00000000000489,4.3500000000023,-91.5587702044133,-48.0322972726428,6.84752361150401,-12.0083296010267,77.97175,77.96875,59442,"2026_01_13_0001","2026_01_13_0001_ev01247_rec3","no",231109
1248,3,78.024,-92.1900581983829,-97.3378957793079,-5.147837580925,0.349999999997408,30.5000000000035,30.0000000000011,-47434.5439369464,47343.8255273629,658498.230421845,10.4713368796419,78.024,78.02345,60480,"2026_01_13_0001","2026_01_13_0001_ev01248_rec3","no",231110
1249,3,78.0487,-95.436945920501,-98.8226091684652,-3.38566324796422,0.500000000002387,0.10000000000332,0.150000000004979,-91.861614307786,-5.25330814559726,2.05851473688553,95.6672547694854,78.0487,78.0482,60974,"2026_01_13_0001","2026_01_13_0001_ev01249_rec3","no",231111
1250,3,78.10865,-91.0063024584254,-116.460330660305,-25.4540282018801,6.50000000000261,9.050000000002,6.65000000000759,-90.7649273068897,-25.8262225308197,6.78064148111479,-281.31549128833,78.1082,78.1016,62173,"2026_01_13_0001","2026_01_13_0001_ev01250_rec3","no",231112
1251,3,78.1622,-89.9618203425154,-126.728986387659,-36.7671660451433,2.10000000001287,18.6499999999938,19.599999999997,62.2871867609055,-192.018540702212,133.694204352656,-699.816022282564,78.1607,78.15845,63244,"2026_01_13_0001","2026_01_13_0001_ev01251_rec3","no",231113
1252,3,78.21695,-91.1024936685233,-138.834311874656,-47.731818206133,2.70000000000437,8.35000000000719,10.1000000000084,-103.029841043166,-37.1122929038218,5.41528684874299,-652.822496170192,78.21675,78.214,64339,"2026_01_13_0001","2026_01_13_0001_ev01252_rec3","no",231114
1253,3,78.2423,-96.3534609862766,-113.381296497616,-17.0278355113393,3.05000000000177,7.000000000005,4.54999999999472,-91.6296530256303,-22.7482794597375,6.30497117522422,-49.2698942144278,78.2415,78.2383,64846,"2026_01_13_0001","2026_01_13_0001_ev01253_rec3","no",231115
1254,3,78.3127,-97.7900566952936,-160.277352911613,-62.4872962163191,0.950000000003115,5.20000000000209,5.40000000000873,-93.6646575707817,-67.5245123181147,5.92520111197228,-357.561032707596,78.31185,78.31085,66254,"2026_01_13_0001","2026_01_13_0001_ev01254_rec3","no",231116
1255,3,78.3595,-89.9586012072506,-133.609059622288,-43.6504584150374,0.699999999994816,3.7500000000108,5.35000000000707,-100.288740711548,-30.9599506014055,3.20979409940411,-432.429505089524,78.35945,78.3587,67190,"2026_01_13_0001","2026_01_13_0001_ev01255_rec3","no",231117
1256,3,78.4833,-90.182189567291,-118.901491231705,-28.719301664414,1.75000000000125,8.65000000000293,14.7999999999939,-96.3748449530053,-15.9534711113543,11.5424077186952,-381.966698059806,78.48305,78.4812,69666,"2026_01_13_0001","2026_01_13_0001_ev01256_rec3","no",231118
1257,3,78.5508,-92.0390483202772,-104.597087583887,-12.5580392636099,0.900000000001455,2.70000000000437,20.4999999999984,-96.836980982905,-10.8604497005089,0.586199574560732,-168.386858309423,78.5499,78.549,71016,"2026_01_13_0001","2026_01_13_0001_ev01257_rec3","no",231119
1258,3,78.5926,-99.4511968983302,-127.22876796784,-27.77757106951,2.75000000000603,7.69999999999982,6.149999999991,-90.2004390001238,-38.7347603664251,8.95755657074178,-133.883246505248,78.5917,78.5887,71852,"2026_01_13_0001","2026_01_13_0001_ev01258_rec3","no",231120
1259,3,78.62845,-92.4240252117519,-96.3424849764361,-3.91845976468416,0.0500000000016598,0.150000000004979,0.199999999992428,-90.8586813004993,-3.76807097907627,0.816690381906146,43.8201844636043,78.62845,78.62835,72569,"2026_01_13_0001","2026_01_13_0001_ev01259_rec3","no",231121
1260,3,78.6881,-94.3987747082874,-142.644268765434,-48.2454940571466,2.94999999999845,10.5500000000092,11.1999999999881,-84.0838903911494,-57.3171705339798,15.7786117439486,-562.683243787529,78.68785,78.68485,73762,"2026_01_13_0001","2026_01_13_0001_ev01260_rec3","no",231122
1261,3,78.7989,-99.8725757360234,-123.409373713453,-23.5367979774293,2.3000000000053,4.89999999999213,3.5000000000025,-90.5384676868056,-28.1406710383476,7.8600828142869,21.7760770575421,78.798,78.7954,75978,"2026_01_13_0001","2026_01_13_0001_ev01261_rec3","no",231123
1262,3,78.8374,-91.2775594000031,-108.496254914336,-17.2186955143326,0.749999999996476,11.0499999999973,13.1999999999977,-86.4202501185636,-21.3081293223849,20.6171229758764,-215.88914593549,78.83635,78.835,76748,"2026_01_13_0001","2026_01_13_0001_ev01262_rec3","no",231124
1263,3,78.8813,-94.1066028090513,-136.118276130448,-42.0116733213965,0.950000000003115,16.4000000000044,12.6500000000078,-79.8077913211729,-55.8602632224642,20.2154942410916,-767.84387430756,78.8698,78.8686,77626,"2026_01_13_0001","2026_01_13_0001_ev01263_rec3","no",231125
1264,3,78.97435,-92.8235546729603,-104.243607290928,-11.420052617968,1.14999999999554,2.54999999999939,2.049999999997,-94.0522542802658,-9.39296289550794,1.79631043068865,-64.4434756858053,78.9741,78.97295,79487,"2026_01_13_0001","2026_01_13_0001_ev01264_rec3","no",231126
1265,3,78.99715,-96.3194087741544,-100.15016279032,-3.83075401616553,0.550000000004047,1.10000000000809,1.04999999999222,-91.3002614976508,-8.4584092281418,3.79550940878349,117.312861881178,78.99715,78.9964,79943,"2026_01_13_0001","2026_01_13_0001_ev01265_rec3","no",231127
1266,3,79.0399,-90.7726021023589,-122.324080195909,-31.5514780935503,2.60000000000105,10.8000000000033,10.5999999999966,-90.4532677140311,-34.3194743759103,10.0585690016331,-413.172654770354,79.03865,79.0357,80798,"2026_01_13_0001","2026_01_13_0001_ev01266_rec3","no",231128
1267,3,79.1274,-91.424469404448,-112.494793198333,-21.0703237938854,2.3000000000053,6.50000000000261,6.05000000000189,-89.1652509551104,-19.9042807421742,8.82366267420655,-145.981151499302,79.1267,79.12435,82548,"2026_01_13_0001","2026_01_13_0001_ev01267_rec3","no",231129
1268,3,79.2516,-90.6203700807691,-120.381787136733,-29.7614170559635,4.00000000000489,8.30000000000553,7.15000000000998,-91.907468642697,-29.6760255033658,6.39440015467938,-328.793817568991,79.25,79.2459,85032,"2026_01_13_0001","2026_01_13_0001_ev01268_rec3","no",231130
1269,3,79.3075,-89.0778607192765,-106.796102996404,-17.7182422771273,0.900000000001455,2.900000000011,4.3500000000023,-94.7788640717895,-11.2470123147307,1.68341417303051,-208.89669304068,79.3069,79.30585,86150,"2026_01_13_0001","2026_01_13_0001_ev01269_rec3","no",231131
1270,3,79.3226,-92.3535946517449,-105.180023929463,-12.8264292777182,0.700000000009027,2.10000000001287,3.05000000000177,-93.9360724463207,-11.4244295563971,2.3608644300878,-83.0843684787826,79.3225,79.3216,86452,"2026_01_13_0001","2026_01_13_0001_ev01270_rec3","no",231132
1271,3,79.40205,-92.6953456986895,-107.620607350844,-14.9252616521543,0.799999999998136,3.59999999999161,4.30000000000064,-91.2471484051907,-14.5745260945523,5.81420034698022,-49.4633735109497,79.402,79.40115,88041,"2026_01_13_0001","2026_01_13_0001_ev01271_rec3","no",231133
1272,3,79.4559,-92.0661320165936,-106.191113217294,-14.1249812007008,1.09999999999388,7.14999999999577,9.15000000000532,-91.3659910534781,-17.1704828358999,8.60251427126581,-150.125520126614,79.45455,79.4533,89118,"2026_01_13_0001","2026_01_13_0001_ev01272_rec3","no",231134
1273,3,79.5285,-92.6152524380127,-100.766365055566,-8.151112617553,0.399999999999068,2.44999999999607,2.70000000000437,-92.8579501604748,-7.06830324356925,2.89980639528926,-33.374948159701,79.52805,79.52765,90570,"2026_01_13_0001","2026_01_13_0001_ev01273_rec3","no",231135
1274,3,79.5978,-94.3151818320878,-97.9715704042522,-3.65638857216435,0.799999999998136,2.49999999999773,2.75000000000603,-92.6346810731727,-6.12113921050211,3.88655344270014,15.9341931090544,79.5974,79.5951,91956,"2026_01_13_0001","2026_01_13_0001_ev01274_rec3","no",231136
1275,3,79.64165,-93.494296220387,-113.628437589955,-20.1341413695677,2.40000000000862,12.0499999999879,13.300000000001,31352.4871017771,-31460.5143157263,59118.560606808,-277.141957080071,79.63845,79.636,92833,"2026_01_13_0001","2026_01_13_0001_ev01275_rec3","no",231137
1276,3,79.6845,-94.1679738462882,-106.735146376324,-12.5671725300353,0.299999999995748,1.64999999999793,2.49999999999773,-91.8928646126306,-10.1457084418149,6.57679920598801,-4.5314091260086,79.6841,79.68375,93690,"2026_01_13_0001","2026_01_13_0001_ev01276_rec3","no",231138
1277,3,79.806,-93.6775186238107,-112.842437220191,-19.1649185963805,1.1999999999972,5.20000000000209,6.50000000000261,-99.5573650847939,-15.9784771715705,2.52605668278841,-238.671414980431,79.8055,79.8043,96120,"2026_01_13_0001","2026_01_13_0001_ev01277_rec3","no",231139
1278,3,79.826,-93.4963174776752,-108.561908148419,-15.065590670744,2.74999999999181,7.44999999999152,6.35000000001185,-96.0243980626241,-13.709017446941,4.21720507368003,-170.790831786164,79.82525,79.82215,96520,"2026_01_13_0001","2026_01_13_0001_ev01278_rec3","no",231140
1279,3,79.855,-93.9429524401423,-116.490680450243,-22.5477280101009,1.10000000000809,4.6999999999997,4.30000000000064,-94.6898366893024,-22.9855564255831,3.90389859790083,-148.068743660643,79.8542,79.8531,97100,"2026_01_13_0001","2026_01_13_0001_ev01279_rec3","no",231141
1280,3,79.88435,-93.9218237006313,-104.196103579428,-10.2742798787967,0.300000000009959,1.99999999999534,2.09999999999866,-95.2848346661721,-7.3203281626968,1.89283910617617,-62.7268562648108,79.88365,79.88335,97687,"2026_01_13_0001","2026_01_13_0001_ev01280_rec3","no",231142
1281,3,79.9214,-94.6208391527831,-146.060287992316,-51.4394488395333,1.75000000000125,9.9000000000018,11.1500000000007,-89.421796875666,-52.4236330031012,14.4747727907275,-616.562377255025,79.9199,79.9181,98428,"2026_01_13_0001","2026_01_13_0001_ev01281_rec3","no",231143
1282,3,79.98795,-95.9121986357722,-111.88959091353,-15.9773922777582,0.900000000001455,2.84999999999513,3.20000000000675,-92.304714366089,-16.2038453369471,6.02485224500276,-1.14590019477691,79.9877,79.98585,99759,"2026_01_13_0001","2026_01_13_0001_ev01282_rec3","no",231144
1283,3,80.0518,-98.7912416929946,-139.323130694375,-40.5318890013807,3.79999999999825,10.5999999999966,9.85000000000014,-100.326161664806,-43.4157856323196,8.39265631979088,-520.410085139667,80.0513,80.047,101036,"2026_01_13_0001","2026_01_13_0001_ev01283_rec3","no",231145
1284,3,80.12115,-95.1204230371667,-137.987066413554,-42.8666433763876,2.3000000000053,9.50000000000273,9.79999999999848,-89.885125033091,-50.455594298886,11.2384805920063,-467.494180595937,80.1203,80.1179,102423,"2026_01_13_0001","2026_01_13_0001_ev01284_rec3","no",231146
1285,3,80.1543,-95.2547529287662,-118.483000292112,-23.2282473633461,2.3000000000053,5.65000000000282,5.85000000000946,-93.966577393235,-24.5734027417362,6.39995326360652,-160.954333735639,80.1537,80.1513,103086,"2026_01_13_0001","2026_01_13_0001_ev01285_rec3","no",231147
1286,3,80.1905,-94.1819222223855,-97.1409763463781,-2.95905412399257,0.299999999995748,1.14999999999554,1.54999999999461,-93.4816822834708,-2.89168534345299,3.22350532470873,10.5034175501186,80.1905,80.19015,103810,"2026_01_13_0001","2026_01_13_0001_ev01286_rec3","no",231148
1287,3,80.2637,-97.904441013979,-137.245182946334,-39.3407419323548,3.15000000000509,8.20000000000221,7.000000000005,-103.733893533904,-37.3937539321347,4.82280748824225,-490.412160429723,80.2625,80.2592,105274,"2026_01_13_0001","2026_01_13_0001_ev01287_rec3","no",231149
1288,3,80.2849,-97.7348553083764,-112.396624938436,-14.6617696300595,2.3000000000053,17.0999999999992,3.65000000000748,-40387.6253628536,40285.1090516358,229026.241679228,-249.649071794812,80.28475,80.28195,105698,"2026_01_13_0001","2026_01_13_0001_ev01288_rec3","no",231150
1289,3,80.3066,-96.9154633712719,-117.330201801613,-20.414738430341,1.69999999999959,10.3500000000025,13.2499999999993,-55.6831370923737,-57.9274523019749,77.2903275273439,-232.498531180632,80.3063,80.3045,106132,"2026_01_13_0001","2026_01_13_0001_ev01289_rec3","no",231151
1290,3,80.3966,-94.3318971888956,-112.530180392222,-18.1982832033268,1.40000000000384,12.0000000000005,12.4500000000012,-87.1505868464872,-26.3129864423664,19.5111335871368,-229.579418497895,80.39515,80.39335,107932,"2026_01_13_0001","2026_01_13_0001_ev01290_rec3","no",231152
1291,3,80.50055,-93.1706780980445,-128.225149699334,-35.0544716012894,1.99999999999534,8.35000000000719,7.5999999999965,-94.8401827607719,-31.9331784336519,7.31327462236726,-397.260055110298,80.4985,80.4964,110011,"2026_01_13_0001","2026_01_13_0001_ev01291_rec3","no",231153
1292,3,80.56995,-94.9571135289196,-106.611815865396,-11.6547023364768,0.399999999999068,3.10000000000343,4.79999999998881,-92.8822293178466,-10.6584029971698,9.42125497397601,-37.2454361226685,80.5698,80.56935,111399,"2026_01_13_0001","2026_01_13_0001_ev01292_rec3","no",231154
1293,3,80.6099,-93.7241834350022,-114.166426330825,-20.4422428958231,2.15000000000032,4.85000000000468,4.950000000008,-92.2407347391402,-16.6266987202472,8.16110517723368,-125.213781716002,80.6091,80.60685,112198,"2026_01_13_0001","2026_01_13_0001_ev01293_rec3","no",231155
1294,3,80.7059,-96.3547410363888,-104.861912374451,-8.50717133806211,0.649999999993156,6.45000000000095,6.90000000000168,-92.2292688806822,-13.6037769020622,10.9803386543283,-32.0343955225041,80.70485,80.7042,114118,"2026_01_13_0001","2026_01_13_0001_ev01294_rec3","no",231156
1295,3,80.75115,-93.5716275599698,-116.381874568813,-22.8102470088436,0.699999999994816,6.29999999999598,8.30000000000553,-97.6677520677619,-23.7519506413084,4.88968297799308,-260.296506132678,80.75075,80.7495,115023,"2026_01_13_0001","2026_01_13_0001_ev01295_rec3","no",231157
1296,3,80.84965,-91.276383040416,-100.732105371918,-9.45572233150158,0.900000000001455,15.3500000000122,18.9500000000038,-91.9268710439527,-11.1633399687753,13.867677498452,-173.411392550163,80.84875,80.84785,116993,"2026_01_13_0001","2026_01_13_0001_ev01296_rec3","no",231158
1297,3,81.0654,-97.6895531091768,-114.505959557903,-16.8164064487258,2.60000000000105,21.7499999999973,13.149999999996,-235974.878388052,235879.729666935,353814.794903065,-266.232041104468,81.0629,81.0593,121308,"2026_01_13_0001","2026_01_13_0001_ev01297_rec3","no",231159
1298,3,81.0892,-92.3887747243751,-127.044405425366,-34.6556307009914,4.20000000001153,9.85000000000014,8.7999999999937,-98.6018616044132,-27.0623515976716,6.24240242449455,-483.47618319196,81.0883,81.0838,121784,"2026_01_13_0001","2026_01_13_0001_ev01298_rec3","no",231160
1299,3,81.11585,-102.866672114091,-105.213617164449,-2.34694505035715,0.200000000006639,0.349999999997408,0,-94.0081551274538,-8.98782400518393,4.98442388341326,220.299858048477,81.11575,81.11545,122317,"2026_01_13_0001","2026_01_13_0001_ev01299_rec3","no",231161
1300,3,81.24055,-94.527286227912,-104.725035013464,-10.1977487855521,0.349999999997408,1.95000000000789,3.10000000000343,-93.0515192381539,-8.09635701924411,7.20844964728844,-17.0185457395505,81.24035,81.24,124811,"2026_01_13_0001","2026_01_13_0001_ev01300_rec3","no",231162
1301,3,81.32775,-93.0911543565222,-116.281177868523,-23.1900235120011,2.25000000000364,17.0999999999992,8.20000000000221,-256650.413794491,256552.612494172,545143.231571881,-402.793329623372,81.3267,81.32435,126555,"2026_01_13_0001","2026_01_13_0001_ev01301_rec3","no",231163
1302,3,81.3528,-94.3004996712499,-130.469241704249,-36.1687420329994,2.09999999999866,8.30000000000553,9.050000000002,-91.4939080767752,-40.3268830630221,9.89685993171652,-350.342000834836,81.35245,81.3503,127056,"2026_01_13_0001","2026_01_13_0001_ev01302_rec3","no",231164
1303,3,81.4181,-96.0905283439667,-122.932050212326,-26.8415218683592,2.25000000000364,9.00000000000034,8.65000000000293,-97.1611972036334,-29.6852253932965,7.17326769471723,-316.570115116278,81.41705,81.41455,128362,"2026_01_13_0001","2026_01_13_0001_ev01303_rec3","no",231165
1304,3,81.4595,-95.9274690310806,-111.684943303199,-15.7574742721186,0.500000000002387,3.10000000000343,3.99999999999068,-94.2909012803588,-15.5499896077055,5.46489947666361,-42.3993065800878,81.45945,81.4589,129190,"2026_01_13_0001","2026_01_13_0001_ev01304_rec3","no",231166
1305,3,81.51935,-98.3489723653849,-137.30985517369,-38.9608828083054,3.00000000000011,8.15000000000055,7.40000000000407,-92.0267704232713,-47.3010951120043,8.99000950073999,-329.136696258495,81.51865,81.5155,130387,"2026_01_13_0001","2026_01_13_0001_ev01305_rec3","no",231167
1306,3,81.551,-97.495216931212,-108.247327498797,-10.7521105675855,1.09999999999388,3.60000000000582,3.54999999998995,-94.6117359785132,-11.2728910557721,7.10865384826285,-5.54758883269893,81.5503,81.5492,131020,"2026_01_13_0001","2026_01_13_0001_ev01306_rec3","no",231168
1307,3,81.58355,-98.1463081913625,-102.073170772793,-3.92686258143083,0.199999999992428,8.24999999998965,5.49999999999784,-110602.991617288,110505.254402201,325323.937410585,-150.948797146956,81.582,81.5817,131671,"2026_01_13_0001","2026_01_13_0001_ev01307_rec3","no",231169
1308,3,81.60195,-94.4956083071748,-113.429918037442,-18.9343097302667,0.550000000004047,13.4999999999934,18.4500000000014,-88.0875134114435,-22.8748258706184,34.576529717546,-282.555362724925,81.6014,81.60085,132039,"2026_01_13_0001","2026_01_13_0001_ev01308_rec3","no",231170
1309,3,81.6926,-94.3954046469723,-126.09156805662,-31.6961634096475,2.49999999999773,13.4499999999917,15.6500000000079,18.033578340727,-136.373671959102,166.801080170856,-462.053725737547,81.6909,81.68835,133852,"2026_01_13_0001","2026_01_13_0001_ev01309_rec3","no",231171
1310,3,81.72835,-96.5759309755396,-98.7118199270689,-2.1358889515294,0.149999999990769,3.64999999999327,1.34999999998797,-95.0138237568748,-4.3537779061755,2.20916316868225,31.3908077245692,81.72795,81.72505,134567,"2026_01_13_0001","2026_01_13_0001_ev01310_rec3","no",231172
1311,3,81.78395,-107.538385086505,-117.686563735617,-10.1481786491117,1.99999999999534,5.89999999999691,2.79999999999347,-94.4219777557283,-22.9007336495565,9.14651339276347,166.416695477103,81.782,81.77975,135679,"2026_01_13_0001","2026_01_13_0001_ev01311_rec3","no",231173
1312,3,81.8524,-93.6178504375875,-106.955688269081,-13.3378378314933,2.74999999999181,7.30000000000075,5.20000000000209,-96.5025697278702,-12.9101606948578,2.83535728288869,-169.450458126933,81.85095,81.848,137048,"2026_01_13_0001","2026_01_13_0001_ev01312_rec3","no",231174
1313,3,81.8789,-95.9274778691075,-102.676821396884,-6.74934352777652,0.500000000002387,2.74999999999181,3.2499999999942,-96.9423352326443,-7.03907809670893,2.08245693391173,-47.6834756027913,81.8789,81.8784,137578,"2026_01_13_0001","2026_01_13_0001_ev01313_rec3","no",231175
1314,3,81.90825,-98.5685623411097,-102.920647426641,-4.35208508553141,0.449999999986517,1.50000000000716,1.80000000000291,-92.8609567342709,-8.78089758098671,9.98060896217289,85.6111446444459,81.90815,81.9076,138165,"2026_01_13_0001","2026_01_13_0001_ev01314_rec3","no",231176
1315,3,81.9427,-93.3102389972329,-106.203396143318,-12.8931571460848,2.15000000000032,6.85000000000002,8.89999999999702,-92.7654327649243,-13.6625814086539,9.41826972675355,-148.981170484282,81.94085,81.9386,138854,"2026_01_13_0001","2026_01_13_0001_ev01315_rec3","no",231177
1316,3,81.98555,-93.1975771105495,-118.181514476684,-24.9839373661345,3.29999999999586,7.45000000000573,8.44999999999629,-93.2391819875892,-26.8700898693202,7.871070586431,-253.779027484763,81.98525,81.9819,139711,"2026_01_13_0001","2026_01_13_0001_ev01316_rec3","no",231178
1317,3,82.05455,-96.1235784655894,-108.477610275591,-12.3540318100021,1.90000000000623,3.39999999999918,2.10000000001287,-99.7390201505858,-6.9607060345182,1.06537921422006,-144.341160952422,82.05195,82.04985,141091,"2026_01_13_0001","2026_01_13_0001_ev01317_rec3","no",231179
1318,3,82.08055,-100.099378444418,-119.136361920291,-19.0369834758727,1.34999999998797,2.60000000000105,2.049999999997,-97.8578102193091,-22.5073709635614,2.30666064452682,-2.93465910932171,82.0803,82.0787,141611,"2026_01_13_0001","2026_01_13_0001_ev01318_rec3","no",231180
1319,3,82.11855,-92.2844711236551,-133.936865670922,-41.6523945472669,1.24999999999886,3.20000000000675,3.60000000000582,-95.0323360225715,-32.121255247895,3.87861077451152,-242.101542925741,82.1184,82.11695,142371,"2026_01_13_0001","2026_01_13_0001_ev01319_rec3","no",231181
1320,3,82.1652,-94.0907717096276,-103.699770628862,-9.60899891923417,0.150000000004979,6.10000000000355,7.8500000000048,-97.2331763705682,-8.87642357413827,2.55191368347475,-136.818065445657,82.1636,82.16325,143304,"2026_01_13_0001","2026_01_13_0001_ev01320_rec3","no",231182
1321,3,82.19,-93.202703337594,-108.29496801587,-15.0922646782764,0.800000000012346,4.00000000000489,5.25000000000375,-94.6888588768626,-12.5001009595342,4.68675016966773,-112.965738233867,82.1898,82.189,143800,"2026_01_13_0001","2026_01_13_0001_ev01321_rec3","no",231183
1322,3,82.23705,-93.9340613308451,-98.2233559333161,-4.28929460247102,0.349999999997408,6.34999999999764,8.60000000000127,-94.0792196245352,-4.49383296785257,7.54733967502778,-38.4863722198833,82.23705,82.2367,144741,"2026_01_13_0001","2026_01_13_0001_ev01322_rec3","no",231184
1323,3,82.26785,-92.8299559775004,-116.872399781614,-24.0424438041135,0.900000000001455,2.19999999998777,2.049999999997,-97.9262699880634,-15.7866542043181,1.45581167886146,-198.555963679535,82.26725,82.26625,145357,"2026_01_13_0001","2026_01_13_0001_ev01323_rec3","no",231185
1324,3,82.31415,-96.7940347507071,-119.180038307486,-22.3860035567786,2.09999999999866,5.65000000000282,4.00000000000489,-95.3422851620679,-19.5618450806437,5.70277692803379,-131.678122005746,82.31175,82.3096,146283,"2026_01_13_0001","2026_01_13_0001_ev01324_rec3","no",231186
1325,3,82.36085,-95.2147375962843,-102.240452824379,-7.02571522809502,0.199999999992428,12.4500000000012,10.9000000000066,-725378.074071077,725289.781501909,831073.868733767,-188.451318087158,82.3604,82.3602,147217,"2026_01_13_0001","2026_01_13_0001_ev01325_rec3","no",231187
1326,3,82.38765,-95.2728619628364,-133.347204035652,-38.0743420728152,2.64999999998849,8.35000000000719,7.8500000000048,-92.7336822900576,-36.9855223131585,9.84731984634873,-361.734478891137,82.3868,82.384,147753,"2026_01_13_0001","2026_01_13_0001_ev01326_rec3","no",231188
1327,3,82.44765,-96.3982643157569,-112.552052915418,-16.1537885996609,1.99999999999534,7.04999999999245,6.70000000000925,-93.1447485367884,-18.3034487668699,9.78391271990927,-105.407638299712,82.44635,82.4443,148953,"2026_01_13_0001","2026_01_13_0001_ev01327_rec3","no",231189
1328,3,82.6208,-93.2599028623362,-99.7987305703439,-6.53882770800766,1.34999999998797,12.5000000000028,7.19999999999743,-53436.571239578,53342.6191450968,221778.894567577,-137.176823209584,82.6201,82.6186,152416,"2026_01_13_0001","2026_01_13_0001_ev01328_rec3","no",231190
1329,3,82.6429,-92.5164439328023,-117.544431533642,-25.0279876008395,1.05000000000643,2.94999999999845,30.0000000000011,-102.309347616778,-16.6397639061305,1.22681241931326,-335.074078463441,82.64265,82.6416,152858,"2026_01_13_0001","2026_01_13_0001_ev01329_rec3","no",231191
1330,3,82.66195,-92.730224106157,-117.780354232707,-25.0501301265497,0.600000000005707,7.8500000000048,8.44999999999629,-89.7311957793876,-31.5750148464843,8.95594849529309,-218.556137856504,82.6609,82.6603,153239,"2026_01_13_0001","2026_01_13_0001_ev01330_rec3","no",231192
1331,3,82.7245,-92.2907217117262,-131.831653947843,-39.5409322361172,5.44999999999618,10.0500000000068,6.70000000000925,-97.4422685132354,-31.2403057804097,5.60828430451577,-530.298299326372,82.72335,82.7173,154490,"2026_01_13_0001","2026_01_13_0001_ev01331_rec3","no",231193
1332,3,82.7494,-96.7094291621102,-104.525229460371,-7.81580029826131,0.549999999989836,30.8500000000009,24.7000000000099,-128138.124111825,128042.924759999,719064.955689448,-41.3104182548782,82.74895,82.7484,154988,"2026_01_13_0001","2026_01_13_0001_ev01332_rec3","no",231194
1333,3,82.7911,-100.016284911077,-128.962613411952,-28.9463285008752,0.849999999999795,4.85000000000468,5.74999999999193,-92.8145941520212,-32.8496554387618,9.4483567871478,-102.859460534337,82.79075,82.7897,155822,"2026_01_13_0001","2026_01_13_0001_ev01333_rec3","no",231195
1334,3,82.83495,-95.1189691288704,-130.563839085378,-35.4448699565072,2.65000000000271,9.50000000000273,10.1999999999975,-89.5739973521952,-39.9999063252963,13.3728408012538,-382.965823785541,82.8342,82.8315,156699,"2026_01_13_0001","2026_01_13_0001_ev01334_rec3","no",231196
1335,3,82.9513,-93.7538617894423,-108.211546494833,-14.4576847053911,1.04999999999222,22.0000000000056,13.1999999999977,-24056.2715100612,23960.3279781972,100079.390734793,-186.861113435769,82.95115,82.9497,159026,"2026_01_13_0001","2026_01_13_0001_ev01335_rec3","no",231197
1336,3,82.971,-92.8665204152582,-111.621046769806,-18.754526354548,1.59999999999627,7.14999999999577,7.04999999999245,-95.7004810403238,-19.3541115030743,4.53424288642587,-211.176277645563,82.96995,82.96835,159420,"2026_01_13_0001","2026_01_13_0001_ev01336_rec3","no",231198
1337,3,83.0227,-85.7976431983434,-94.2408214811923,-8.44317828284896,6.7499999999967,40.149999999997,30.0000000000011,-92.7465132635061,-4.53411902566976,2.59957649228863,-396.044131703875,83.01225,83.0055,160454,"2026_01_13_0001","2026_01_13_0001_ev01337_rec3","no",231199
1338,3,83.08675,-100.545486803684,-113.917340185522,-13.3718533818386,0.349999999997408,1.69999999999959,2.09999999999866,-95.0110796079591,-15.6677927544387,5.17749194868174,81.0655118870377,83.0865,83.08575,161735,"2026_01_13_0001","2026_01_13_0001_ev01338_rec3","no",231200
1339,3,83.10685,-93.4532425559875,-105.342288543937,-11.8890459879493,0.399999999999068,1.7999999999887,2.900000000011,-91.9583093076719,-8.87006749322594,7.12140700659165,-21.6117826213446,83.1066,83.1062,162137,"2026_01_13_0001","2026_01_13_0001_ev01339_rec3","no",231201
1340,3,83.19575,-90.0672833201782,-94.471044946438,-4.40376162625979,2.35000000000696,33.1500000000062,30.0000000000011,-93.3040521118738,-5.0413718557979,1.98593349838218,-139.87290983133,83.19345,83.1911,163915,"2026_01_13_0001","2026_01_13_0001_ev01340_rec3","no",231202
1341,3,83.22655,-91.9814046162292,-118.34583043665,-26.3644258204205,0.399999999999068,4.24999999999898,4.84999999999047,-93.3821593954875,-22.4420530632326,4.92030973223989,-181.19371672034,83.2256,83.22495,164531,"2026_01_13_0001","2026_01_13_0001_ev01341_rec3","no",231203
1342,3,83.28375,-93.6489373581123,-107.936300903812,-14.2873635456992,0.550000000004047,2.44999999999607,2.49999999999773,-93.9020971425617,-11.6182997457489,2.98735561269862,-52.9863631833554,83.2835,83.2822,165675,"2026_01_13_0001","2026_01_13_0001_ev01342_rec3","no",231204
1343,3,83.32075,-93.6450426865088,-98.8291687914484,-5.18412610493955,1.24999999999886,11.4499999999964,10.1499999999959,-92.6570787338755,-9.33574882183508,8.70597202020608,-80.5420014424281,83.31965,83.31685,166415,"2026_01_13_0001","2026_01_13_0001_ev01343_rec3","no",231205
1344,3,83.3568,-92.1031842207836,-97.7408726837112,-5.63768846292767,0.0500000000016598,7.39999999998986,7.04999999999245,-861286.837327149,861212.149808663,311300.946550404,-723.351596895709,83.35665,83.3566,167136,"2026_01_13_0001","2026_01_13_0001_ev01344_rec3","no",231206
1345,3,83.3784,-100.657165042692,-169.192478380434,-68.5353133377423,1.75000000000125,9.45000000000107,9.39999999999941,-87.1441476147067,-92.5848759663784,10.8085430332744,-686.737742424762,83.37715,83.3746,167568,"2026_01_13_0001","2026_01_13_0001_ev01345_rec3","no",231207
1346,3,83.44075,-95.6875857818561,-113.251218243656,-17.5636324618,1.64999999999793,4.55000000000894,5.35000000000707,-93.7823454369193,-14.0469321898332,10.4067668288099,-112.044406782325,83.43925,83.43755,168815,"2026_01_13_0001","2026_01_13_0001_ev01346_rec3","no",231208
1347,3,83.48615,-94.5996239635302,-128.021935239444,-33.4223112759139,1.40000000000384,9.89999999998758,10.4500000000058,-92.1122957218468,-39.4359955657634,10.7229453510996,-392.094071720199,83.48465,83.48295,169723,"2026_01_13_0001","2026_01_13_0001_ev01347_rec3","no",231209
1348,3,83.56615,-93.0307990877252,-125.524936085389,-32.4941369976637,1.24999999999886,13.850000000005,21.0500000000025,176327.717961406,-176443.575872485,343396.993114123,-486.174134682646,83.566,83.5647,171323,"2026_01_13_0001","2026_01_13_0001_ev01348_rec3","no",231210
1349,3,83.73795,-92.5105352072556,-120.400842646431,-27.8903074391755,1.50000000000716,6.10000000000355,12.9500000000036,43959.4201946092,-44067.9442198042,100260.168014053,-319.135983034853,83.7376,83.7361,174759,"2026_01_13_0001","2026_01_13_0001_ev01349_rec3","no",231211
1350,3,83.82725,-95.0638884193932,-111.003117091867,-15.9392286724741,0.700000000009027,3.55000000000416,3.69999999999493,-93.1286498731373,-19.7696029932491,3.9900122570356,-33.1535221472871,83.82665,83.82585,176545,"2026_01_13_0001","2026_01_13_0001_ev01350_rec3","no",231212
1351,3,83.87245,-96.4867942201017,-134.105415297477,-37.6186210773749,3.00000000000011,10.2499999999992,10.4000000000042,-88.2677511674345,-48.1625121802648,13.3654397301338,-413.565541906792,83.87235,83.86895,177449,"2026_01_13_0001","2026_01_13_0001_ev01351_rec3","no",231213
1352,3,83.9161,-94.5551905329043,-127.037094361579,-32.4819038286743,2.75000000000603,4.80000000000302,3.90000000000157,-93.9790967728829,-30.02439454806,4.48830910056454,-180.467728505057,83.91575,83.91265,178322,"2026_01_13_0001","2026_01_13_0001_ev01352_rec3","no",231214
1353,3,83.95895,-92.7243418008562,-129.030142160924,-36.3058003600678,1.40000000000384,16.1000000000087,16.9499999999942,-69.0493250634398,-65.2688105922675,29.9916495832168,-619.281868601732,83.95725,83.95575,179179,"2026_01_13_0001","2026_01_13_0001_ev01353_rec3","no",231215
1354,3,84.0251,-96.0469272305954,-107.166841000723,-11.1199137701279,1.65000000001214,9.29999999999609,8.75000000000625,-91.7581808327045,-19.6055484943568,10.3193009533981,-87.9481126867416,84.02415,84.0225,180502,"2026_01_13_0001","2026_01_13_0001_ev01354_rec3","no",231216
1355,3,84.0632,-93.9453136043093,-103.164728377771,-9.21941477346175,0.300000000009959,3.70000000000914,3.95000000000323,-94.8284526221445,-9.04494847661837,3.08204864654809,-62.1230882016814,84.0626,84.062,181264,"2026_01_13_0001","2026_01_13_0001_ev01355_rec3","no",231217
1356,3,84.12965,-91.6778423688943,-139.901658753478,-48.2238163845832,9.79999999999848,7.54999999999484,8.40000000000884,-95.3460394721248,-48.2497411599242,6.85404444218719,-613.03638929703,84.12935,84.11895,182593,"2026_01_13_0001","2026_01_13_0001_ev01356_rec3","no",231218
1357,3,84.16015,-96.1332587376415,-109.904117976883,-13.7708592392411,0.499999999988177,2.74999999999181,2.84999999999513,-92.9522193138763,-12.4805570503134,6.90354614663401,-6.20113706400869,84.15905,84.15855,183203,"2026_01_13_0001","2026_01_13_0001_ev01357_rec3","no",231219
1358,3,84.2625,-92.8402977621935,-98.249238121084,-5.40894035889055,0.249999999994088,1.60000000001048,2.39999999999441,-91.704562830777,-4.84336497449826,5.52535156798061,5.44036800340658,84.26235,84.2621,185250,"2026_01_13_0001","2026_01_13_0001_ev01358_rec3","no",231220
1359,3,84.30525,-93.6929069639965,-111.022064222349,-17.3291572583527,3.90000000000157,8.39999999999463,6.99999999999079,-92.9209440698847,-19.9004570361017,6.87150278771285,-168.271214440895,84.30445,84.30055,186105,"2026_01_13_0001","2026_01_13_0001_ev01359_rec3","no",231221
1360,3,84.3386,-95.0688990754449,-99.9402489625021,-4.87134988705714,0.699999999994816,10.6499999999983,7.45000000000573,-67885.9642432084,67792.2133773167,162278.84607797,-157.005789484338,84.33795,84.33685,186772,"2026_01_13_0001","2026_01_13_0001_ev01360_rec3","no",231222
1361,3,84.3584,-93.5059352821215,-123.074355217311,-29.5684199351898,0.849999999999795,4.55000000000894,5.60000000000116,-96.4526813482892,-22.6963201458615,5.34615679705154,-236.579220549361,84.35795,84.3571,187168,"2026_01_13_0001","2026_01_13_0001_ev01361_rec3","no",231223
1362,3,84.42345,-97.7448711707588,-111.863530722091,-14.1186595513317,2.44999999999607,4.64999999999804,6.00000000000023,-91.7819737359167,-17.4818850449879,13.4836428676613,-55.0144334956058,84.42325,84.4204,188469,"2026_01_13_0001","2026_01_13_0001_ev01362_rec3","no",231224
1363,3,84.49155,-95.4954434452256,-104.306412510727,-8.81096906550189,0.150000000004979,3.39999999999918,4.04999999999234,-92.8049954225824,-12.3331549585583,5.56067785723561,7.99829172960681,84.49105,84.49055,189831,"2026_01_13_0001","2026_01_13_0001_ev01363_rec3","no",231225
1364,3,84.5355,-94.9770116883877,-124.480261975453,-29.5032502870655,3.2499999999942,6.95000000000334,5.09999999999877,-94.8484779426817,-30.1162835676978,5.10387627422156,-227.013494015454,84.5345,84.5311,190710,"2026_01_13_0001","2026_01_13_0001_ev01364_rec3","no",231226
1365,3,84.61535,-94.4664173576018,-140.2922656347,-45.8258482770987,4.85000000000468,11.099999999999,7.90000000000646,-94.391062368001,-45.0151287694131,8.15064347651446,-568.334194816239,84.6134,84.6085,192307,"2026_01_13_0001","2026_01_13_0001_ev01365_rec3","no",231227
1366,3,84.67025,-97.140544843718,-109.148993469563,-12.0084486258452,0.399999999999068,3.99999999999068,4.50000000000728,-94.6589666469881,-15.2850413004138,5.68327108714036,-19.3155889097851,84.66985,84.66935,193405,"2026_01_13_0001","2026_01_13_0001_ev01366_rec3","no",231228
1367,3,84.7048,-95.4045130530874,-107.987129006465,-12.5826159533776,0.649999999993156,2.20000000000198,1.55000000000882,-95.2591024315667,-11.1072183565014,1.863234209608,-27.7445284966288,84.7041,84.7032,194096,"2026_01_13_0001","2026_01_13_0001_ev01367_rec3","no",231229
1368,3,84.7223,-96.2151800402868,-98.4283533337883,-2.21317329350144,0.250000000008299,2.15000000000032,2.49999999999773,-92.4486560395281,-6.43772254487876,7.31937015538934,65.5251429896424,84.7223,84.72195,194446,"2026_01_13_0001","2026_01_13_0001_ev01368_rec3","no",231230
1369,3,84.76465,-95.1713022829891,-97.7018155485466,-2.53051326555756,0,0.10000000000332,0,-92.5625499042555,-3.43889657609135,1.87406499898108,70.9391509060187,84.76455,84.7643,195293,"2026_01_13_0001","2026_01_13_0001_ev01369_rec3","no",231231
1370,3,84.85375,-93.4234295832436,-139.083095305747,-45.6596657225038,2.60000000000105,11.4999999999981,6.85000000000002,-91.4976550458677,-44.5432571069863,7.95253003125462,-555.950485281349,84.84875,84.8461,197075,"2026_01_13_0001","2026_01_13_0001_ev01370_rec3","no",231232
1371,3,84.92555,-94.146241416682,-96.8293097114467,-2.68306829476471,0.150000000004979,0.300000000009959,0,2344.61454847049,-2437.60265490574,89297.0861698954,46.5440869540843,84.92555,84.92525,198511,"2026_01_13_0001","2026_01_13_0001_ev01371_rec3","no",231233
1372,3,84.96145,-94.2333522439173,-97.1741461893474,-2.94079394543009,0.200000000006639,30.1000000000045,30.0000000000011,-27530.406236721,27438.0707590641,414358.035673941,26.698500213762,84.96145,84.96125,199229,"2026_01_13_0001","2026_01_13_0001_ev01372_rec3","no",231234
1373,3,85.0708,-92.8460907709031,-116.577140808105,-23.7310500372024,3.74999999999659,10.3000000000009,9.39999999999941,-89.4264705240729,-27.0042667583045,11.8467305641237,-255.144391741071,85.0702,85.06605,201416,"2026_01_13_0001","2026_01_13_0001_ev01373_rec3","no",231235
1374,3,85.1665,-97.336534409296,-129.08935546875,-31.752821059454,4.40000000000396,7.80000000000314,8.44999999999629,-90.9968128695871,-42.2971059437644,9.95559106698879,-269.46259765625,85.16605,85.16025,203330,"2026_01_13_0001","2026_01_13_0001_ev01374_rec3","no",231236
1375,3,85.20945,-90.3320236206055,-94.9096603393555,-4.57763671875,0.249999999994088,4.90000000000634,7.84999999999059,-91.8444143815873,-5.70638366087175,2.28139366420727,-63.5757446289062,85.2088,85.20855,204189,"2026_01_13_0001","2026_01_13_0001_ev01375_rec3","no",231237
1376,3,85.2507,-93.6598928542364,-99.4872970581055,-5.82740420386905,0.150000000004979,3.5000000000025,4.30000000000064,-90.5721468383012,-8.59570043161552,8.69063473959633,18.1663149879091,85.25045,85.25025,205014,"2026_01_13_0001","2026_01_13_0001_ev01376_rec3","no",231238
1377,3,85.30125,-91.7707094464983,-127.868644714355,-36.0979352678571,1.15000000000975,10.9500000000082,11.7000000000047,-93.1985775645746,-45.5869699212512,8.72072240922274,-504.835970251901,85.2998,85.2986,206025,"2026_01_13_0001","2026_01_13_0001_ev01377_rec3","no",231239
1378,3,85.3503,-93.1076700119745,-102.539054870605,-9.43138485863095,0.500000000002387,2.40000000000862,2.69999999999015,-94.04756137841,-12.9802630977827,1.66149564361408,-56.7488897414433,85.3499,85.34935,207006,"2026_01_13_0001","2026_01_13_0001_ev01378_rec3","no",231240
1379,3,85.37005,-93.1948630923317,-104.064933776855,-10.8700706845238,0.200000000006639,3.10000000000343,2.44999999999607,-91.5667496555319,-10.950873579133,3.73883664132537,-6.06427873883931,85.36865,85.36845,207401,"2026_01_13_0001","2026_01_13_0001_ev01379_rec3","no",231241
1380,3,85.413,-91.9886921473912,-104.064933776855,-12.0762416294643,0.849999999999795,17.6000000000016,10.0500000000068,-126001.761873947,125907.589221023,554172.026764286,-175.215584891183,85.4129,85.41205,208260,"2026_01_13_0001","2026_01_13_0001_ev01380_rec3","no",231242
1381,3,85.4477,-96.5517966860817,-104.675285339355,-8.12348865327381,0.0999999999891088,4.05000000000655,29.8999999999978,-99.6082237357368,-11.1780161668153,0.920560439051057,-124.52152797154,85.4459,85.4458,208954,"2026_01_13_0001","2026_01_13_0001_ev01381_rec3","no",231243
1382,3,85.46375,-93.7906824747721,-120.239250183105,-26.4485677083333,0.749999999996476,4.94999999999379,4.84999999999047,-92.0726257873783,-30.3255523853611,5.0019439866898,-129.15293375651,85.463,85.46225,209275,"2026_01_13_0001","2026_01_13_0001_ev01382_rec3","no",231244
1383,3,85.55415,-94.1394547962007,-101.928703308105,-7.78924851190476,0.199999999992428,5.00000000000966,0.049999999987449,9601.73063311253,-9698.76290980623,60165.0596186462,-32.6977684384299,85.54995,85.54815,211083,"2026_01_13_0001","2026_01_13_0001_ev01383_rec3","no",231245
1384,3,85.56985,-97.6853067307245,-104.064933776855,-6.37962704613095,0.0500000000016598,0.399999999999068,0.450000000000728,-93.3829146850064,-9.47761242911689,1.24785718883654,117.033095586868,85.56985,85.5697,211397,"2026_01_13_0001","2026_01_13_0001_ev01384_rec3","no",231246
1385,3,85.60495,-94.1539869762602,-144.34814453125,-50.1941575549898,4.64999999999804,9.45000000000107,9.6499999999935,-91.5560447321762,-63.9488346036854,8.70930287868839,-604.595056842622,85.60405,85.5992,212099,"2026_01_13_0001","2026_01_13_0001_ev01385_rec3","no",231247
1386,3,85.6606,-92.8606229509626,-96.4355392456055,-3.57491629464286,0.200000000006639,1.65000000001214,2.049999999997,-92.3996355072141,-3.53339874949466,3.01105876417303,1.88446044921863,85.66055,85.6603,213212,"2026_01_13_0001","2026_01_13_0001_ev01386_rec3","no",231248
1387,3,85.7182,-94.037729535784,-103.149406433105,-9.11167689732143,0.349999999997408,10.4500000000058,9.75000000001103,-101.723249129206,-1.86918510804213,0.293459215496942,-236.377171107701,85.7179,85.71745,214364,"2026_01_13_0001","2026_01_13_0001_ev01387_rec3","no",231249
1388,3,85.7429,-93.064073471796,-122.070304870605,-29.0062313988095,4.6999999999997,13.149999999996,15.7999999999987,53644.9071282422,-53757.6833964611,94629.2552668418,-435.509454636347,85.7424,85.73765,214858,"2026_01_13_0001","2026_01_13_0001_ev01388_rec3","no",231250
1389,3,85.80705,-94.5318236578078,-104.675285339355,-10.1434616815476,1.24999999999886,2.74999999999181,2.54999999999939,-96.5690700034721,-6.37549579121456,1.95187185372158,-82.2085425967262,85.80685,85.8055,216141,"2026_01_13_0001","2026_01_13_0001_ev01389_rec3","no",231251
1390,3,85.82835,-95.0404499598912,-104.370109558105,-9.32965959821429,0.200000000006639,2.89999999999679,3.05000000000177,-96.2968055605892,-8.69951346475684,2.21336818793945,-64.917428152902,85.82785,85.8267,216567,"2026_01_13_0001","2026_01_13_0001_ev01390_rec3","no",231252
1391,3,85.8884,-103.759757995605,-140.07568359375,-36.3159255981445,3.10000000000343,13.6499999999984,10.2499999999992,-111.17108804655,-28.1562960221406,6.6359445913532,-607.299877929687,85.8834,85.87985,217768,"2026_01_13_0001","2026_01_13_0001_ev01391_rec3","no",231253
1392,3,85.9495,-99.472764878046,-137.63427734375,-38.161512465704,1.64999999999793,8.49999999999795,10.3500000000025,-88.3209271120204,-43.5738537939658,19.0407113299927,-383.583458855038,85.9487,85.9469,218990,"2026_01_13_0001","2026_01_13_0001_ev01392_rec3","no",231254
1393,3,85.98705,-105.285636901855,-120.239250183105,-14.95361328125,0.600000000005707,3.00000000000011,3.29999999999586,-96.6369443187972,-24.8476349410303,5.87842243935305,105.033874511719,85.98675,85.98605,219741,"2026_01_13_0001","2026_01_13_0001_ev01393_rec3","no",231255
1394,3,86.02525,-91.0731648036412,-126.037590026855,-34.9644252232143,1.44999999999129,35.1500000000016,30.0000000000011,-112.540265149738,-11.8114964815784,1.26930916071959,-806.751798084804,86.02115,86.0195,220505,"2026_01_13_0001","2026_01_13_0001_ev01394_rec3","no",231256
1395,3,86.0417,-102.292007809594,-125.732414245605,-23.4404064360119,6.65000000000759,10.7500000000016,6.64999999999338,-92.9610405901356,-32.0309585467231,11.56825267425,-177.355813235328,86.0403,86.0334,220834,"2026_01_13_0001","2026_01_13_0001_ev01395_rec3","no",231257
1396,3,86.09405,-97.3074700491769,-135.80322265625,-38.4957526070731,13.0499999999927,14.7500000000065,6.65000000000759,-96.2638894240408,-43.7120816548501,6.34052066011495,-587.561502783639,86.092,86.0789,221881,"2026_01_13_0001","2026_01_13_0001_ev01396_rec3","no",231258
1397,3,86.1451,-96.3774105253674,-115.051261901855,-18.6738513764881,1.00000000000477,3.05000000000177,3.15000000000509,-94.7269101537102,-20.9960149711501,3.51626741226782,-41.7502267020091,86.14485,86.1438,222902,"2026_01_13_0001","2026_01_13_0001_ev01397_rec3","no",231259
1398,3,86.1868,-105.329233442034,-123.291007995605,-17.9617745535714,1.89999999999202,5.70000000000448,5.74999999999193,-75.8235702455413,-44.3674287192507,28.1831130042626,45.9867204938616,86.1866,86.1843,223736,"2026_01_13_0001","2026_01_13_0001_ev01398_rec3","no",231260
1399,3,86.2415,-92.6717046101888,-100.402824401855,-7.73111979166667,0.399999999999068,4.20000000001153,3.79999999999825,-93.1068357409394,-7.58916081766115,3.34795931600643,-51.091512044271,86.23975,86.2391,224830,"2026_01_13_0001","2026_01_13_0001_ev01399_rec3","no",231261
1400,3,86.31965,-95.868784223284,-117.492668151855,-21.6238839285714,1.65000000001214,7.14999999999577,4.19999999999732,-92.976572611822,-28.3111349397616,4.38184091767052,-110.638209751674,86.31695,86.31525,226393,"2026_01_13_0001","2026_01_13_0001_ev01400_rec3","no",231262
1401,3,86.3692,-95.1131108601888,-103.149406433105,-8.03629557291667,0.550000000004047,3.00000000000011,3.39999999999918,-92.1624631863961,-10.7851548255881,5.68894579407612,23.9334106445311,86.36915,86.3685,227384,"2026_01_13_0001","2026_01_13_0001_ev01401_rec3","no",231263
1402,3,86.39855,-93.9941329956055,-98.2665939331055,-4.2724609375,0.500000000002387,0.399999999999068,0.199999999992428,-91.2573091278336,-4.47081232087232,5.28578663231764,57.2738647460938,86.39855,86.39805,227971,"2026_01_13_0001","2026_01_13_0001_ev01402_rec3","no",231264
1403,3,86.45705,-89.9541869390578,-128.173828125,-38.2196411859422,2.29999999999109,12.0499999999879,15.1500000000055,-93.7333388619389,-30.9253206337068,13.8589878047068,-569.807507887341,86.45615,86.45355,229141,"2026_01_13_0001","2026_01_13_0001_ev01403_rec3","no",231265
1404,3,86.50215,-90.7389246622721,-103.759757995605,-13.0208333333333,0.649999999993156,5.19999999998788,6.45000000000095,-93.8406871876313,-10.9197218490207,3.48040913931402,-144.282023111979,86.50145,86.5008,230043,"2026_01_13_0001","2026_01_13_0001_ev01404_rec3","no",231266
1405,3,86.5909,-90.927843003046,-115.661613464355,-24.7337704613095,2.94999999999845,12.1499999999912,6.44999999998674,-94.3574924251048,-15.5571902703503,6.45033134064701,-311.442057291667,86.58385,86.5808,231818,"2026_01_13_0001","2026_01_13_0001_ev01405_rec3","no",231267
1406,3,86.6208,-95.9269129435221,-100.708000183105,-4.78108723958333,0.0500000000016598,0.300000000009959,0.0500000000016598,-94.9604963905951,-5.86396651713036,0.081449813790129,27.3284912109376,86.6206,86.62055,232416,"2026_01_13_0001","2026_01_13_0001_ev01406_rec3","no",231268
1407,3,86.64875,-94.4300983973912,-105.590812683105,-11.1607142857143,0.699999999994816,1.90000000000623,1.50000000000716,-93.8325656819635,-11.2993042149761,1.73607378500772,-10.3945050920761,86.6484,86.6476,232975,"2026_01_13_0001","2026_01_13_0001_ev01407_rec3","no",231269
1408,3,86.69335,-94.5463558378674,-114.746086120605,-20.1997302827381,1.69999999999959,9.15000000000532,9.50000000000273,-90.3216574182271,-31.2694346051961,9.65861578392273,-193.535940987723,86.69295,86.69115,233867,"2026_01_13_0001","2026_01_13_0001_ev01408_rec3","no",231270
1409,3,86.78585,-96.479135785784,-136.41357421875,-39.934438432966,11.5499999999997,9.35000000001196,5.35000000000707,-96.1618573914896,-39.6801941079709,5.51586446193174,-493.583701705933,86.78495,86.7733,235717,"2026_01_13_0001","2026_01_13_0001_ev01409_rec3","no",231271
1410,3,86.826,-100.010455540248,-137.3291015625,-37.3186460222517,2.15000000000032,7.35000000000241,8.00000000000978,-87.8135924080208,-49.3305766474553,12.4995247149753,-246.59404623849,86.82565,86.8232,236520,"2026_01_13_0001","2026_01_13_0001_ev01410_rec3","no",231272
1411,3,86.87805,-101.49273790632,-117.187492370605,-15.6947544642857,1.55000000000882,5.04999999999711,4.99999999999545,-103.889180331749,-14.2473447892292,3.51216609017887,-146.1835628782,86.87765,86.8748,237561,"2026_01_13_0001","2026_01_13_0001_ev01411_rec3","no",231273
1412,3,86.91055,-100.708000183105,-141.6015625,-40.8935623168945,1.90000000000623,9.34999999999775,7.8500000000048,-99.6640454723484,-47.4173829421196,7.32113292064417,-445.030267715454,86.90835,86.90625,238211,"2026_01_13_0001","2026_01_13_0001_ev01412_rec3","no",231274
1413,3,86.98125,-97.3510665893555,-125.427238464355,-28.076171875,1.49999999999295,9.9000000000018,12.2499999999945,-83.7780735773911,-35.7802767950504,30.6017638562458,-330.650329589844,86.9801,86.9785,239625,"2026_01_13_0001","2026_01_13_0001_ev01413_rec3","no",231275
1414,3,87.02555,-94.4300983973912,-105.285636901855,-10.8555385044643,0.500000000002387,3.25000000000841,3.45000000000084,-96.180344441127,-12.0835052658906,2.05794029686553,-86.4105224609377,87.02515,87.02455,240511,"2026_01_13_0001","2026_01_13_0001_ev01414_rec3","no",231276
1415,3,87.06555,-95.2729648408436,-120.544425964355,-25.2714611235119,2.049999999997,14.2999999999915,17.4499999999966,120344.074159106,-120460.637523999,175942.941189581,-366.610209147135,87.06535,87.06315,241311,"2026_01_13_0001","2026_01_13_0001_ev01415_rec3","no",231277
1416,3,87.13445,-95.0404499598912,-102.539054870605,-7.49860491071429,0.699999999994816,7.45000000000573,6.59999999999172,-92.3014846803536,-12.3358184691091,8.17795328919576,-36.0216413225448,87.1326,87.1319,242689,"2026_01_13_0001","2026_01_13_0001_ev01416_rec3","no",231278
1417,3,87.19995,-92.6135758899507,-103.454582214355,-10.8410063244048,1.00000000000477,19.6000000000112,21.2499999999949,-91.712702653943,-13.532250928479,20.9645692232276,-234.298342750186,87.19705,87.19585,243999,"2026_01_13_0001","2026_01_13_0001_ev01417_rec3","no",231279
1418,3,87.25345,-92.0032243274507,-109.558097839355,-17.5548735119048,1.09999999999388,10.8999999999924,11.6999999999905,-93.2311470727743,-16.8300662276825,10.0680339272805,-244.402930850074,87.2511,87.24995,245069,"2026_01_13_0001","2026_01_13_0001_ev01418_rec3","no",231280
1419,3,87.30775,-96.726182846796,-124.511711120605,-27.7855282738095,1.7999999999887,7.69999999999982,8.39999999999463,-92.1237453348913,-31.7425671070058,11.0760374661469,-221.633184523809,87.3076,87.30575,246155,"2026_01_13_0001","2026_01_13_0001_ev01419_rec3","no",231281
1420,3,87.3595,-95.9995738438198,-133.056640625,-37.0570667811802,9.00000000000034,9.60000000000605,6.00000000000023,-96.1527066941777,-35.1906431632242,6.28932693981105,-413.860879734584,87.3591,87.3496,247190,"2026_01_13_0001","2026_01_13_0001_ev01420_rec3","no",231282
1421,3,87.409,-95.3892222813198,-135.498046875,-40.1088245936802,1.69999999999959,7.99999999999557,9.09999999998945,-96.8013018527324,-40.193375489926,8.29898714452673,-427.942574037824,87.4085,87.4067,248180,"2026_01_13_0001","2026_01_13_0001_ev01421_rec3","no",231283
1422,3,87.46125,-93.4128457932245,-106.201164245605,-12.7883184523809,0.799999999998136,2.900000000011,4.15000000000987,-95.3405236858331,-9.22194938048665,3.48083042656672,-103.052411760603,87.46065,87.4598,249225,"2026_01_13_0001","2026_01_13_0001_ev01422_rec3","no",231284
1423,3,87.47625,-98.586301894415,-101.928703308105,-3.34240141369048,0.749999999996476,0.649999999993156,0,-95.9465980363765,-3.81872620787464,1.09720633022172,74.5377313523064,87.47625,87.47535,249525,"2026_01_13_0001","2026_01_13_0001_ev01423_rec3","no",231285
1424,3,87.5031,-98.005014692034,-105.285636901855,-7.28062220982143,0.200000000006639,0.0500000000016598,0,-91.8948430169547,-6.58809550871041,10.1576497364131,119.669233049665,87.5031,87.50275,250062,"2026_01_13_0001","2026_01_13_0001_ev01424_rec3","no",231286
1425,3,87.5642,-93.9214720953078,-111.999504089355,-18.0780319940476,1.84999999999036,6.90000000000168,6.34999999999764,-96.446367442706,-13.7555906445812,5.30656302060315,-197.495960053944,87.5623,87.56045,251284,"2026_01_13_0001","2026_01_13_0001_ev01425_rec3","no",231287
1426,3,87.6343,-93.4128457932245,-101.928703308105,-8.51585751488095,0.399999999999068,11.2499999999898,19.0000000000055,-96.0198938054287,-6.82712258518975,7.51399396097889,-134.056091308594,87.63395,87.6333,252686,"2026_01_13_0001","2026_01_13_0001_ev01426_rec3","no",231288
1427,3,87.67055,-99.3855717976888,-117.492668151855,-18.1070963541667,1.24999999999886,2.79999999999347,2.89999999999679,-91.5682695414132,-21.9679278604989,7.04402890937614,61.8820190429686,87.6699,87.6685,253411,"2026_01_13_0001","2026_01_13_0001_ev01427_rec3","no",231289
1428,3,87.7423,-94.895128159296,-109.252922058105,-14.3577938988095,1.24999999999886,3.34999999999752,2.44999999999607,-93.5758411069636,-14.5409294601791,3.13140200600823,-22.4191574823287,87.7418,87.7405,254846,"2026_01_13_0001","2026_01_13_0001_ev01428_rec3","no",231290
1429,3,87.8046,-95.2874970209031,-99.4872970581055,-4.19980003720238,0.199999999992428,0.0999999999891088,0.10000000000332,-92.1914047859873,-4.91804453059147,1.79988756668266,83.560035342262,87.8046,87.8044,256092,"2026_01_13_0001","2026_01_13_0001_ev01429_rec3","no",231291
1430,3,87.8676,-94.8224672589983,-97.0458908081055,-2.22342354910714,0.349999999997408,30.4500000000019,29.6000000000021,-99.3757314910185,7.40958146468165,43.1285366861302,22.6560320172992,87.86735,87.867,257352,"2026_01_13_0001","2026_01_13_0001_ev01430_rec3","no",231292
1431,3,87.8875,-92.7007689703078,-107.727043151855,-15.0262741815476,0.900000000001455,1.85000000000457,2.44999999999607,-95.2226851595307,-11.4389748438143,1.85527963082284,-106.872195289249,87.88735,87.8864,257750,"2026_01_13_0001","2026_01_13_0001_ev01431_rec3","no",231293
1432,3,87.91645,-94.6916776384626,-104.370109558105,-9.67843191964286,0.450000000000728,7.45000000000573,30.0000000000011,-98.8031287726751,-5.94283424884954,1.86045471740953,-159.162248883929,87.91325,87.9128,258329,"2026_01_13_0001","2026_01_13_0001_ev01432_rec3","no",231294
1433,3,87.94435,-100.635339282808,-105.590812683105,-4.95547340029762,1.04999999999222,4.94999999999379,3.2499999999942,-90.8906366060631,-19.242804722581,6.36099349239012,162.273951939174,87.94375,87.94215,258887,"2026_01_13_0001","2026_01_13_0001_ev01433_rec3","no",231295
1434,3,88.0054,-93.2675239926293,-121.765129089355,-28.4976050967262,2.84999999999513,6.95000000000334,6.34999999999764,-95.7963944889771,-26.4073540829657,5.33775180067846,-271.39645531064,88.0053,88.0024,260108,"2026_01_13_0001","2026_01_13_0001_ev01434_rec3","no",231296
1435,3,88.07605,-93.8342790149507,-120.849601745605,-27.0153227306548,1.35000000000218,9.45000000000107,8.75000000000625,-91.7542573557667,-34.7768151524398,8.25057242526297,-297.822498139881,88.0737,88.0717,261521,"2026_01_13_0001","2026_01_13_0001_ev01435_rec3","no",231297
1436,3,88.11375,-95.868784223284,-101.928703308105,-6.05991908482143,0.150000000004979,0.249999999994088,0.10000000000332,-93.1509383675832,-5.60646236145827,0.983295811210816,74.9402727399553,88.1136,88.11335,262275,"2026_01_13_0001","2026_01_13_0001_ev01436_rec3","no",231298
1437,3,88.1802,-92.3229322887602,-123.596183776855,-31.2732514880952,1.64999999999793,7.45000000000573,7.04999999999245,-92.9536313333911,-27.7113698015784,7.56591213505512,-298.589433942522,88.17855,88.1768,263604,"2026_01_13_0001","2026_01_13_0001_ev01437_rec3","no",231299
1438,3,88.27075,-96.1303634643555,-128.173828125,-32.0434646606445,0.699999999994816,4.6999999999997,5.79999999999359,-93.4238597434475,-36.0237487524849,6.42241143531694,-167.938236236572,88.2705,88.2695,265415,"2026_01_13_0001","2026_01_13_0001_ev01438_rec3","no",231300
1439,3,88.3066,-95.9414451235817,-97.9614181518555,-2.01997302827381,0.250000000008299,0.600000000005707,0.649999999993156,-92.5022210513719,-5.77179820337934,2.00552589887371,90.7313028971354,88.30655,88.3063,266132,"2026_01_13_0001","2026_01_13_0001_ev01439_rec3","no",231301
1440,3,88.35795,-93.9650686354864,-127.563468933105,-33.5984002976191,3.00000000000011,7.79999999998893,7.5999999999965,-92.1654736217313,-34.0538546409426,8.72759359315382,-309.374491373698,88.35775,88.3545,267159,"2026_01_13_0001","2026_01_13_0001_ev01440_rec3","no",231302
1441,3,88.40375,-98.2229973929269,-139.7705078125,-41.5475104195731,4.54999999999472,10.1499999999959,10.9999999999957,-96.4272999536543,-42.6799214469428,12.0692436018333,-532.598270307268,88.4032,88.39825,268075,"2026_01_13_0001","2026_01_13_0001_ev01441_rec3","no",231303
1442,3,88.4664,-94.3574374970936,-106.506340026855,-12.1489025297619,2.049999999997,11.650000000003,14.0500000000117,-84.0746498223379,-20.8258404968858,40.9074166736764,-152.447655087425,88.46585,88.46325,269328,"2026_01_13_0001","2026_01_13_0001_ev01442_rec3","no",231304
1443,3,88.522,-95.6798658825102,-111.999504089355,-16.3196382068452,1.69999999999959,6.45000000000095,6.00000000000023,-91.84426995216,-20.555633163117,8.17171701802047,-76.5874953497025,88.5211,88.5194,270440,"2026_01_13_0001","2026_01_13_0001_ev01443_rec3","no",231305
1444,3,88.56365,-93.674425034296,-97.0458908081055,-3.37146577380952,0.199999999992428,7.19999999999743,6.3999999999993,-103.825857488825,16.0120101253558,10.884422108413,-142.124720982143,88.56365,88.5634,271273,"2026_01_13_0001","2026_01_13_0001_ev01444_rec3","no",231306
1445,3,88.57975,-90.4046845209031,-112.304679870605,-21.8999953497024,2.09999999999866,10.949999999994,30.0000000000011,-99.2184262989458,-14.6494147468682,4.1060619170995,-382.882617768787,88.57855,88.57625,271595,"2026_01_13_0001","2026_01_13_0001_ev01445_rec3","no",231307
1446,3,88.5959,-94.6916776384626,-112.609855651855,-17.9181780133929,0.749999999996476,3.84999999999991,4.85000000000468,-92.0900974485193,-17.7532208735064,7.40167731253937,-61.8384225027903,88.59555,88.59475,271918,"2026_01_13_0001","2026_01_13_0001_ev01446_rec3","no",231308
1447,3,88.6325,-91.262083144415,-118.408195495605,-27.1461123511905,1.90000000000623,12.999999999991,14.5499999999998,-91.3287889131399,-31.7017937534631,12.5691267109037,-420.579456147694,88.63145,88.6295,272650,"2026_01_13_0001","2026_01_13_0001_ev01447_rec3","no",231309
1448,3,88.68365,-90.9423751831055,-95.5200119018555,-4.57763671875,0.150000000004979,12.9000000000019,12.5000000000028,-95.9759057916464,-1.03545595138172,0.382456644883187,-153.884887695312,88.68335,88.6832,273673,"2026_01_13_0001","2026_01_13_0001_ev01448_rec3","no",231310
1449,3,88.7035,-94.5027592976888,-112.304679870605,-17.8019205729167,1.20000000001141,4.34999999998809,15.4999999999887,-103.342524684185,-8.00963006019662,0.446269587986154,-298.782349395752,88.70225,88.701,274070,"2026_01_13_0001","2026_01_13_0001_ev01449_rec3","no",231311
1450,3,88.72405,-92.8315585908436,-125.122062683105,-32.2905040922619,3.19999999999254,8.20000000000221,8.80000000000791,-98.4763947580772,-28.2633490502707,5.87109332893025,-411.601476069859,88.7237,88.72035,274481,"2026_01_13_0001","2026_01_13_0001_ev01450_rec3","no",231312
1451,3,88.7481,-98.6589627947126,-107.421867370605,-8.76290457589286,0.799999999998136,0.649999999993156,1.00000000000477,-92.4085044620624,-10.6086626806387,8.91452403841476,87.2791835239954,88.7477,88.74685,274962,"2026_01_13_0001","2026_01_13_0001_ev01451_rec3","no",231313
1452,3,88.82355,-96.5372645060221,-98.8769454956055,-2.33968098958333,0.500000000002387,1.1999999999972,0.600000000005707,-94.970371976883,-4.18390838119659,1.13980976946724,40.2094523111981,88.82325,88.82275,276471,"2026_01_13_0001","2026_01_13_0001_ev01452_rec3","no",231314
1453,3,88.858,-92.1921426682245,-116.882316589355,-24.6901739211309,1.40000000000384,11.0499999999973,12.7999999999986,-93.5376456605715,-28.7970227359047,9.7900055680441,-344.571068173363,88.85735,88.85585,277160,"2026_01_13_0001","2026_01_13_0001_ev01453_rec3","no",231315
1454,3,88.892,-95.2148361206055,-140.07568359375,-44.8608474731445,2.49999999999773,5.65000000000282,4.75000000000136,-100.120070071418,-45.1713621370648,3.50757462002204,-383.239763641357,88.8913,88.8887,277840,"2026_01_13_0001","2026_01_13_0001_ev01454_rec3","no",231316
1455,3,88.9154,-96.0431703839983,-108.642570495605,-12.5994001116071,1.1999999999972,4.099999999994,4.05000000000655,-99.2003984991024,-13.7813780855427,1.82281451906416,-141.697474888393,88.91485,88.91365,278308,"2026_01_13_0001","2026_01_13_0001_ev01455_rec3","no",231317
1456,3,88.93715,-92.7734298706055,-99.4872970581055,-6.7138671875,0.10000000000332,13.6000000000109,16.7000000000002,-93.950854128005,-9.77609758882536,8.28981874066921,-127.44140625,88.93585,88.93575,278743,"2026_01_13_0001","2026_01_13_0001_ev01456_rec3","no",231318
1457,3,88.9885,-96.1012991042364,-109.252922058105,-13.1516229538691,1.04999999999222,6.85000000000002,7.5999999999965,-86.4774103918351,-20.9441956178246,20.6206583856145,-57.9303559802828,88.98775,88.9867,279770,"2026_01_13_0001","2026_01_13_0001_ev01457_rec3","no",231319
1458,3,89.0298,-94.0813260759626,-109.252922058105,-15.1715959821429,1.40000000000384,10.9999999999957,13.9500000000083,13750.5251434853,-13856.8712164313,29018.1385606528,-171.444484165737,89.0296,89.02745,280596,"2026_01_13_0001","2026_01_13_0001_ev01458_rec3","no",231320
1459,3,89.0926,-92.817026410784,-122.680656433105,-29.8636300223214,3.39999999999918,4.6999999999997,4.79999999998881,-96.1179950160082,-21.0714004791683,4.80001069556703,-266.910008021763,89.0922,89.0887,281852,"2026_01_13_0001","2026_01_13_0001_ev01459_rec3","no",231321
1460,3,89.1392,-94.1539869762602,-97.9614181518555,-3.80743117559524,0.0500000000016598,14.8499999999956,13.4499999999917,-500178.896034268,500088.607738767,1276575.29033712,-60.8720325288319,89.13905,89.13885,282784,"2026_01_13_0001","2026_01_13_0001_ev01460_rec3","no",231322
1461,3,89.1708,-95.6653337024507,-126.342765808105,-30.6774321056548,4.55000000000894,10.0500000000068,7.000000000005,-93.3621817425463,-30.9238540194047,8.58157916961209,-294.441223526001,89.1696,89.16455,283416,"2026_01_13_0001","2026_01_13_0001_ev01461_rec3","no",231323
1462,3,89.259,-92.7153011503674,-110.168449401855,-17.4531482514881,3.19999999999254,8.94999999999868,5.94999999999857,-96.6129139206347,-10.5660747208726,4.19898353861408,-227.814084007627,89.25625,89.25235,285180,"2026_01_13_0001","2026_01_13_0001_ev01462_rec3","no",231324
1463,3,89.2976,-92.5845115298317,-127.258293151855,-34.6737816220238,2.69999999999015,8.4500000000105,8.60000000000127,-99.276799668602,-29.582314888134,5.47270045737417,-457.04614739191,89.29605,89.29325,285952,"2026_01_13_0001","2026_01_13_0001_ev01463_rec3","no",231325
1464,3,89.356,-92.4246575491769,-103.759757995605,-11.3351004464286,1.80000000000291,7.000000000005,30.0000000000011,-97.0568539602926,-8.97639177063525,2.32317056623194,-184.120178222656,89.3554,89.3536,287120,"2026_01_13_0001","2026_01_13_0001_ev01464_rec3","no",231326
1465,3,89.37755,-94.008665175665,-106.811515808105,-12.8028506324405,0.600000000005707,4.30000000000064,4.40000000000396,-93.6107138143775,-15.5853069022635,3.95884211289027,-62.4062674386162,89.3771,89.3764,287551,"2026_01_13_0001","2026_01_13_0001_ev01465_rec3","no",231327
1466,3,89.43215,-92.5699793497721,-102.844230651855,-10.2742513020833,0.199999999992428,6.30000000001019,30.0000000000011,-96.4450028467574,-7.88191262212229,3.01130281487918,-147.115071614583,89.4318,89.4312,288643,"2026_01_13_0001","2026_01_13_0001_ev01466_rec3","no",231328
1467,3,89.4611,-95.7525267828078,-110.778800964355,-15.0262741815476,0.900000000001455,2.94999999999845,2.60000000000105,-96.2000409788396,-13.6667309094924,2.63865446227356,-69.5884341285343,89.4602,89.45925,289222,"2026_01_13_0001","2026_01_13_0001_ev01467_rec3","no",231329
1468,3,89.47855,-94.7643385387602,-103.454582214355,-8.69024367559524,0.150000000004979,0.200000000006639,0.849999999999795,-94.5499482551137,-3.94449023619212,6.11426496919576,-18.6436971028647,89.47855,89.47825,289571,"2026_01_13_0001","2026_01_13_0001_ev01468_rec3","no",231330
1469,3,89.51565,-91.8869668869745,-106.811515808105,-14.9245489211309,1.59999999999627,4.54999999999472,5.00000000000966,-93.2305572484926,-10.755426308303,5.30617109452724,-115.377516973586,89.51545,89.5138,290313,"2026_01_13_0001","2026_01_13_0001_ev01469_rec3","no",231331
1470,3,89.54925,-94.1103904360817,-113.220207214355,-19.1098167782738,1.05000000000643,7.64999999999816,9.69999999999516,-98.3436201708339,-14.1570843790625,6.03780246225265,-243.872506277902,89.54765,89.5466,290985,"2026_01_13_0001","2026_01_13_0001_ev01470_rec3","no",231332
1471,3,89.63195,-95.3310935610817,-116.882316589355,-21.5512230282738,1.94999999999368,11.3500000000073,13.8499999999908,-63.7049370470666,-51.3318139011272,53.4706174364859,-255.830673944382,89.63185,89.62985,292639,"2026_01_13_0001","2026_01_13_0001_ev01471_rec3","no",231333
1472,3,89.72235,-99.8215371994745,-124.816886901855,-24.9953497023809,6.00000000000023,7.2500000000133,6.70000000000925,-93.6333411881681,-35.3001097941292,8.10978626715751,-163.047428367251,89.72135,89.71425,294447,"2026_01_13_0001","2026_01_13_0001_ev01472_rec3","no",231334
1473,3,89.80225,-95.4473510015578,-113.525382995605,-18.0780319940476,2.69999999999015,6.79999999999836,10.4000000000042,40691.3902317273,-40797.4134081895,108922.272162172,-186.35014125279,89.8016,89.7987,296045,"2026_01_13_0001","2026_01_13_0001_ev01473_rec3","no",231335
1474,3,89.81705,-97.0749551682245,-107.727043151855,-10.6520879836309,0.649999999993156,12.6500000000078,8.85000000000957,-101136.800869864,101040.688183173,182603.135877337,-232.625688825335,89.8161,89.81545,296341,"2026_01_13_0001","2026_01_13_0001_ev01474_rec3","no",231336
1475,3,89.83795,-95.1712395804269,-120.544425964355,-25.3731863839286,1.54999999999461,9.75000000001103,9.20000000000698,-93.1210984777806,-30.9266098491071,9.25800025524868,-275.820050920759,89.83645,89.8348,296759,"2026_01_13_0001","2026_01_13_0001_ev01475_rec3","no",231337
1476,3,89.89575,-91.7561772664388,-123.596183776855,-31.8400065104167,1.59999999999627,14.8499999999956,15.7500000000113,-92.495233495757,-37.7540659034975,12.8273516086907,-559.964508946737,89.89375,89.892,297915,"2026_01_13_0001","2026_01_13_0001_ev01476_rec3","no",231338
1477,3,89.9699,-97.365598769415,-116.882316589355,-19.5167178199405,2.60000000000105,8.04999999999723,8.40000000000884,-94.1252542559985,-22.2084617007517,11.1376715085364,-168.779645647322,89.9697,89.96695,299398,"2026_01_13_0001","2026_01_13_0001_ev01477_rec3","no",231339
1478,3,90.08735,-97.8090188640382,-105.633353509625,-7.82433464558702,3.60000000000582,5.49999999999784,2.09999999999866,-94.3569469576723,-15.1763830513209,2.38978872552124,37.9352299393328,90.087,90.08275,301747,"2026_01_13_0001","2026_01_13_0001_ev01478_rec3","no",231340
1479,3,90.12455,-92.8229366672444,-123.63342184036,-30.8104851731158,9.19999999999277,13.2000000000119,7.99999999999557,-92.0797203173908,-28.0200624626257,9.5779256098668,-356.144008123602,90.12435,90.11455,302491,"2026_01_13_0001","2026_01_13_0001_ev01479_rec3","no",231341
1480,3,90.1736,-93.8058666075295,-103.138231188536,-9.33236458100694,0.949999999988904,7.54999999999484,6.50000000000261,-92.9168782086836,-10.8267953111942,7.13562173008325,-79.4032815778392,90.1715,90.1702,303472,"2026_01_13_0001","2026_01_13_0001_ev01480_rec3","no",231342
1481,3,90.21715,-93.9307772992136,-123.132506609964,-29.2017293107501,1.59999999999627,9.24999999999443,9.24999999999443,-94.9481837914246,-30.5655108738527,8.10242489042275,-344.53995252052,90.21535,90.21355,304343,"2026_01_13_0001","2026_01_13_0001_ev01481_rec3","no",231343
1482,3,90.2506,-95.4170135435708,-112.626951156093,-17.209937612522,0.799999999998136,2.94999999999845,2.89999999999679,-99.4864207417862,-18.6856048129561,1.37908866678154,-168.406195757417,90.25005,90.24925,305012,"2026_01_13_0001","2026_01_13_0001_ev01482_rec3","no",231344
1483,3,90.29255,-98.2946331098438,-122.535127592683,-24.2404944828395,1.05000000000643,21.7999999999989,14.00000000001,-109788.443499451,109687.683597316,236448.203193123,-303.221228430317,90.2925,90.29135,305851,"2026_01_13_0001","2026_01_13_0001_ev01483_rec3","no",231345
1484,3,90.3122,-93.1182684181784,-122.157861699563,-29.0395932813847,1.40000000000384,11.2999999999914,12.0499999999879,-95.6651519608879,-33.7042773070426,8.52652627855306,-431.531627279999,90.31045,90.30895,306244,"2026_01_13_0001","2026_01_13_0001_ev01484_rec3","no",231346
1485,3,90.3548,-102.225697812708,-107.463491727669,-5.23779391496122,0.349999999997408,0.500000000002387,1.00000000000477,-90.5455246315367,-14.4092797840416,17.491136862859,141.977747764023,90.35475,90.35435,307096,"2026_01_13_0001","2026_01_13_0001_ev01485_rec3","no",231347
1486,3,90.43525,-97.1002269989018,-113.037039313423,-15.9368123145213,2.70000000000437,6.90000000000168,6.55000000000427,-93.6658913073984,-19.9697191804656,8.58574698925942,-100.043929584976,90.43445,90.43175,308705,"2026_01_13_0001","2026_01_13_0001_ev01486_rec3","no",231348
1487,3,90.49835,-93.8827537636108,-123.528885952112,-29.6461321885014,7.09999999999411,5.85000000000946,5.24999999998954,-95.8651424589359,-24.568843406494,5.23219604448997,-327.066472505833,90.4974,90.49,309967,"2026_01_13_0001","2026_01_13_0001_ev01487_rec3","no",231349
1488,3,90.54805,-95.8870444721114,-143.13951195182,-47.2524674797086,1.99999999999534,9.65000000000771,8.49999999999795,-92.8461564841903,-49.1766944897872,9.70397533082495,-519.682931017197,90.54575,90.54365,310961,"2026_01_13_0001","2026_01_13_0001_ev01488_rec3","no",231350
1489,3,90.5814,-99.1166092613252,-102.209827217956,-3.09321795663061,0.199999999992428,30.1500000000061,30.0000000000011,-60434.9542306133,60342.1902614368,258341.051671776,85.1092084496137,90.5813,90.58105,311628,"2026_01_13_0001","2026_01_13_0001_ev01489_rec3","no",231351
1490,3,90.6092,-95.7783617570331,-107.743543045062,-11.9651812880288,1.55000000000882,2.049999999997,3.69999999999493,-98.823918590349,-4.5479346917538,3.12025611287274,-124.492716014828,90.6088,90.60625,312184,"2026_01_13_0001","2026_01_13_0001_ev01490_rec3","no",231352
1491,3,90.63725,-99.9245937269464,-107.283384600742,-7.35879087379598,0.199999999992428,0.149999999990769,0,-93.7705060662072,-8.05796611141641,5.10903577941111,142.300377141701,90.63725,90.6367,312745,"2026_01_13_0001","2026_01_13_0001_ev01491_rec3","no",231353
1492,3,90.70385,-95.0455351207612,-108.960197487097,-13.9146623663354,1.49999999999295,6.60000000000593,7.39999999998986,-91.622710404633,-17.657665363187,10.2411025744385,-82.2794259441116,90.70355,90.702,314077,"2026_01_13_0001","2026_01_13_0001_ev01492_rec3","no",231354
1493,3,90.73695,-90.9628587044518,-109.204259886358,-18.2414011819059,4.15000000000987,9.25000000000864,7.55000000000905,-92.8919433339129,-20.6754395114867,5.17431107638625,-230.730864373989,90.73635,90.7321,314739,"2026_01_13_0001","2026_01_13_0001_ev01493_rec3","no",231355
1494,3,90.77055,-92.4826409424428,-103.35895189494,-10.8763109524972,1.04999999999222,4.64999999999804,5.94999999999857,-94.1436730650608,-9.0724813671925,4.4149352114102,-99.3861406563175,90.7704,90.76915,315411,"2026_01_13_0001","2026_01_13_0001_ev01494_rec3","no",231356
1495,3,90.8182,-94.4915247116738,-97.0773357196907,-2.58581100801685,0,0.900000000001455,1.34999999998797,-91.5999775446333,-4.98546176666808,5.28082189346592,59.9066448683179,90.8182,90.818,316364,"2026_01_13_0001","2026_01_13_0001_ev01495_rec3","no",231357
1496,3,90.882,-90.139615613154,-105.531100580532,-15.3914849673782,1.54999999999461,6.00000000000023,5.8000000000078,-91.9449194207516,-14.3323858269679,4.44662421224546,-148.295621226793,90.88085,90.879,317640,"2026_01_13_0001","2026_01_13_0001_ev01496_rec3","no",231358
1497,3,90.92975,-93.9154507319258,-112.524068483036,-18.6086177511097,1.35000000000218,5.49999999999784,7.24999999999909,-97.7903567559048,-14.0042445952828,4.7160397834529,-205.875724056572,90.92885,90.9275,318595,"2026_01_13_0001","2026_01_13_0001_ev01497_rec3","no",231359
1498,3,90.98005,-94.7675588515964,-122.884250973257,-28.1166921216607,1.00000000000477,3.09999999998922,3.15000000000509,-94.5673507427273,-27.1855799973363,3.32575488461054,-106.497068356605,90.98,90.97875,319601,"2026_01_13_0001","2026_01_13_0001_ev01498_rec3","no",231360
1499,3,90.99675,-95.081097100202,-98.0059784727706,-2.92488137256863,0.250000000008299,30.0500000000028,27.7499999999975,-35306.3543056282,35212.628579782,400819.520125242,0.241560037145073,90.9967,90.99645,319935,"2026_01_13_0001","2026_01_13_0001_ev01499_rec3","no",231361
1500,3,91.0243,-90.6603648264044,-109.582406928098,-18.9220421016936,0.849999999999795,3.00000000000011,5.40000000000873,-92.8741564272418,-9.8538857284348,7.46431628813174,-150.191728530189,91.02405,91.0232,320486,"2026_01_13_0001","2026_01_13_0001_ev01500_rec3","no",231362
1501,3,91.0807,-95.2127726605842,-106.861645443957,-11.6488727833727,1.64999999999793,11.2000000000023,16.9000000000068,-96.7849821535458,-8.80703292644532,14.4835220693257,-174.347964678341,91.0805,91.0787,321614,"2026_01_13_0001","2026_01_13_0001_ev01501_rec3","no",231363
1502,3,91.11225,-97.7604036777083,-104.126451370191,-6.36604769248277,0.650000000007367,4.00000000000489,3.5000000000025,-93.3465877695388,-14.7015268223281,4.51868940254284,57.2798988037539,91.1118,91.11115,322245,"2026_01_13_0001","2026_01_13_0001_ev01502_rec3","no",231364
1503,3,91.16735,-91.8986259350867,-107.611268590191,-15.712642655104,2.20000000000198,4.45000000000562,5.44999999999618,-94.9119149801822,-9.21974602410521,4.59144012950117,-151.343550918251,91.1673,91.16505,323347,"2026_01_13_0001","2026_01_13_0001_ev01503_rec3","no",231365
1504,3,91.2031,-97.5559915356493,-104.062974348649,-6.50698281299972,2.900000000011,4.54999999999472,4.55000000000894,-80.4957281306248,-21.6880677367892,42.2891589855103,36.1892940339449,91.20305,91.19965,324062,"2026_01_13_0001","2026_01_13_0001_ev01504_rec3","no",231366
1505,3,91.2448,-94.7574555214312,-163.274845804056,-68.5173902826249,2.50000000001194,9.25000000000864,8.20000000000221,-93.691747174573,-80.6004959104439,7.34147530829831,-749.995822106658,91.24365,91.24095,324896,"2026_01_13_0001","2026_01_13_0001_ev01505_rec3","no",231367
1506,3,91.32715,-91.8272453621479,-108.024264891255,-16.1970195291071,1.20000000001141,14.6000000000015,22.750000000002,-95.8190725164771,-12.5201238754314,12.4164845918017,-279.932007347,91.3267,91.3253,326543,"2026_01_13_0001","2026_01_13_0001_ev01506_rec3","no",231368
1507,3,91.42035,-93.0924643351914,-121.76513007738,-28.6726657421887,2.3000000000053,8.89999999999702,8.20000000000221,-91.9583300309312,-29.0549477855694,9.07316687607586,-309.615802716716,91.41895,91.4156,328407,"2026_01_13_0001","2026_01_13_0001_ev01507_rec3","no",231369
1508,3,91.51615,-92.9511231692405,-117.348352937015,-24.397229767775,2.05000000001121,10.549999999995,11.6000000000014,-87.3595491775991,-30.6428732503855,15.6610562061014,-288.660110899153,91.51555,91.5134,330323,"2026_01_13_0001","2026_01_13_0001_ev01508_rec3","no",231370
1509,3,91.56275,-99.9399480645833,-104.262470456803,-4.32252239221944,0.0500000000016598,21.5999999999923,20.5000000000126,-312244.052852396,312154.136238653,550292.396527237,45.4619294290677,91.5625,91.5624,331255,"2026_01_13_0001","2026_01_13_0001_ev01509_rec3","no",231371
1510,3,91.5922,-94.8740657382006,-132.164054979809,-37.289989241608,2.40000000000862,6.79999999999836,6.00000000000023,-93.0435915611597,-35.0475450639993,7.43464753162472,-292.856504307894,91.59095,91.58825,331844,"2026_01_13_0001","2026_01_13_0001_ev01510_rec3","no",231372
1511,3,91.628,-98.2094434840531,-102.904896086557,-4.69545260250376,0.450000000000728,30.3499999999985,30.0000000000011,-31727.9642664697,31633.0536306676,272742.908133314,44.1802350005933,91.6279,91.62735,332560,"2026_01_13_0001","2026_01_13_0001_ev01511_rec3","no",231373
1512,3,91.65495,-94.308190669829,-106.410520643399,-12.1023299735703,0.849999999999795,6.34999999999764,8.80000000000791,-90.2677988608003,-14.2586249265491,17.0620036348323,-101.883264041119,91.6536,91.6524,333099,"2026_01_13_0001","2026_01_13_0001_ev01512_rec3","no",231374
1513,3,91.6989,-106.18512685183,-112.905600042132,-6.72047319030185,0.199999999992428,0.649999999993156,0.700000000009027,-95.6957398565096,-14.9394526099133,5.03524363657157,257.111991838811,91.6989,91.6946,333978,"2026_01_13_0001","2026_01_13_0001_ev01513_rec3","no",231375
1514,3,91.7572,-94.6427142391551,-122.248869189245,-27.6061549500899,1.30000000000052,11.7000000000047,12.0500000000021,-92.4977490282477,-33.8135697412717,11.9825494577018,-383.473771310106,91.75515,91.7538,335144,"2026_01_13_0001","2026_01_13_0001_ev01514_rec3","no",231376
1515,3,91.7865,-98.3929712752483,-102.552147726729,-4.15917645148025,0.200000000006639,0.10000000000332,0,-93.6210710220606,-5.95987325280473,4.7258027952236,114.173775579282,91.7865,91.7863,335730,"2026_01_13_0001","2026_01_13_0001_ev01515_rec3","no",231377
1516,3,91.8044,-95.099259878098,-99.6466979716334,-4.54743809353539,0.0500000000158707,30.1500000000061,30.0000000000011,-89512.2186219297,89419.952456483,701184.572643224,27.1629453873842,91.80415,91.8041,336088,"2026_01_13_0001","2026_01_13_0001_ev01516_rec3","no",231378
1517,3,91.8503,-98.249714239211,-125.27292026825,-27.0232060290392,2.79999999999347,6.69999999999504,6.10000000000355,-100.778529738409,-27.8506513634966,4.63503627276444,-264.400705734914,91.8501,91.8472,337006,"2026_01_13_0001","2026_01_13_0001_ev01517_rec3","no",231379
1518,3,91.87705,-104.21101191458,-112.296592448607,-8.08558053402736,0.349999999997408,1.35000000000218,1.15000000000975,-95.9988972872714,-15.7440606143601,3.44419479465969,187.280043589698,91.8767,91.8763,337541,"2026_01_13_0001","2026_01_13_0001_ev01518_rec3","no",231380
1519,3,91.92855,-95.5008348851756,-119.096330265217,-23.5954953800409,2.09999999999866,18.7499999999972,5.89999999999691,-93.9368019428867,-23.7984952146463,7.02819118131153,-359.991122214145,91.91475,91.91205,338571,"2026_01_13_0001","2026_01_13_0001_ev01519_rec3","no",231381
1520,3,91.96225,-95.6673533169591,-99.3559058078407,-3.68855249088158,0.10000000000332,2.25000000000364,3.00000000000011,-94.5507491358977,-4.03522575027963,6.13913567228794,7.07364569222874,91.96195,91.9618,339245,"2026_01_13_0001","2026_01_13_0001_ev01520_rec3","no",231382
1521,3,92.06435,-93.5142332246611,-109.765045242812,-16.2508120181505,1.60000000001048,4.50000000000728,6.34999999999764,-92.9767783532318,-14.9133080370841,7.69122305082746,-133.092800480756,92.0631,92.0603,341287,"2026_01_13_0001","2026_01_13_0001_ev01521_rec3","no",231383
1522,3,92.1571,-95.5515141860728,-107.655004711859,-12.103490525786,0.550000000004047,2.75000000000603,2.94999999999845,-94.2386608342342,-14.8066907138082,3.12202901688288,-13.4508290272618,92.157,92.15635,343142,"2026_01_13_0001","2026_01_13_0001_ev01522_rec3","no",231384
1523,3,92.2232,-92.5139292429654,-167.835008300628,-75.3210790576623,2.54999999999939,10.1499999999959,8.19999999998799,-95.4887082279324,-83.2051391106702,6.79129813177566,-948.686972852766,92.2208,92.2182,344464,"2026_01_13_0001","2026_01_13_0001_ev01523_rec3","no",231385
1524,3,92.2794,-96.0125875596408,-113.042709685027,-17.0301221253863,1.59999999999627,2.65000000000271,2.39999999999441,-97.6590413851068,-11.5027176111585,2.66172770283715,-99.4275456075351,92.27915,92.27755,345588,"2026_01_13_0001","2026_01_13_0001_ev01524_rec3","no",231386
1525,3,92.31235,-96.5089523425354,-141.262207886618,-44.7532555440824,1.90000000000623,7.09999999999411,7.20000000001164,-97.6645189996042,-45.5546748544686,6.66061984357956,-413.458428953411,92.31175,92.3096,346247,"2026_01_13_0001","2026_01_13_0001_ev01525_rec3","no",231387
1526,3,92.33815,-96.5014724785394,-107.454330502315,-10.9528580237757,1.05000000000643,3.04999999998756,2.84999999999513,-94.3675730016598,-12.4871404578572,4.07441825482844,2.41802089180801,92.3378,92.3367,346763,"2026_01_13_0001","2026_01_13_0001_ev01526_rec3","no",231388
1527,3,92.4794,-100.39734961252,-109.354476579799,-8.95712696727875,2.20000000000198,7.44999999999152,6.29999999999598,-94.9375443825874,-16.8127298270737,9.68419457655371,-12.191629594249,92.47865,92.47615,349588,"2026_01_13_0001","2026_01_13_0001_ev01527_rec3","no",231389
1528,3,92.51895,-87.3254258224447,-95.003428566636,-7.67800274419128,0.450000000000728,0.10000000000332,0,-166185.67391728,166094.472150204,482844.941566726,-275.214182157118,92.51885,92.5184,350379,"2026_01_13_0001","2026_01_13_0001_ev01528_rec3","no",231390
1529,3,92.5483,-94.6909624775044,-124.43887692741,-29.7479144499052,1.40000000000384,4.45000000000562,30.0000000000011,-108.507226186954,-21.9736177061299,1.01255177813445,-479.458999815914,92.54795,92.5464,350966,"2026_01_13_0001","2026_01_13_0001_ev01529_rec3","no",231391
1530,3,92.5753,-95.4851950904188,-125.228227080324,-29.7430319899052,5.49999999999784,7.15000000000998,7.5999999999965,-97.1807833078653,-30.2074577426795,6.44843755391623,-469.639244407722,92.5702,92.56425,351506,"2026_01_13_0001","2026_01_13_0001_ev01530_rec3","no",231392
1531,3,92.6125,-103.124567492408,-113.878669198459,-10.7541017060511,0.549999999989836,3.05000000000177,1.94999999999368,-97.42198464921,-14.6598713401045,4.66436943876682,93.6148048262682,92.61195,92.6107,352250,"2026_01_13_0001","2026_01_13_0001_ev01531_rec3","no",231393
1532,3,92.639,-96.9587662364828,-103.792550964786,-6.83378472830272,0.10000000000332,0,0,-94.8625153671326,-2.23348888868177,12.7991213087813,36.6558908433288,92.639,92.6389,352780,"2026_01_13_0001","2026_01_13_0001_ev01532_rec3","no",231394
1533,3,92.679,-94.0782495540242,-110.4434670987,-16.3652175446754,3.04999999998756,5.84999999999525,6.50000000000261,-94.097244808666,-15.6222360742648,6.81123982274907,-144.30866163156,92.67865,92.67545,353580,"2026_01_13_0001","2026_01_13_0001_ev01533_rec3","no",231395
1534,3,92.71215,-96.9480112745925,-100.013701699352,-3.06569042475951,0.500000000002387,2.15000000000032,1.24999999999886,-95.2980257588908,-5.34510965245341,1.87886476754712,33.6462603554274,92.7114,92.7109,354243,"2026_01_13_0001","2026_01_13_0001_ev01534_rec3","no",231396
1535,3,92.76645,-94.9150039479897,-111.010370592638,-16.0953666446482,4.30000000000064,8.40000000000884,9.14999999999111,-96.1559582573653,-13.0049159722862,9.00304145918281,-212.389498710105,92.76585,92.76115,355329,"2026_01_13_0001","2026_01_13_0001_ev01535_rec3","no",231397
1536,3,92.80115,-102.385937214952,-135.036110621022,-32.6501734060703,0.749999999996476,2.84999999999513,2.900000000011,-104.205088625226,-31.7158928239435,2.57457465243001,-161.024193581772,92.80075,92.79985,356023,"2026_01_13_0001","2026_01_13_0001_ev01536_rec3","no",231398
1537,3,92.81615,-98.6658116094932,-120.689328326057,-22.0235167165639,1.69999999999959,3.84999999999991,3.25000000000841,-103.883860700182,-21.6049878731981,1.63893608129803,-224.376720135825,92.8159,92.81415,356323,"2026_01_13_0001","2026_01_13_0001_ev01537_rec3","no",231399
1538,3,92.832,-103.28794927212,-120.169627758114,-16.8816784859942,1.44999999999129,2.79999999999347,3.5000000000025,-93.3027932141358,-23.1021982893974,9.96438227662622,63.993346633237,92.83165,92.8302,356640,"2026_01_13_0001","2026_01_13_0001_ev01538_rec3","no",231400
1539,3,92.8653,-97.3129113806688,-102.885137733067,-5.57222635239812,0.150000000004979,16.8999999999926,15.349999999998,-101224.315128696,101132.336160116,209842.950724129,-57.0036351353493,92.8651,92.86495,357306,"2026_01_13_0001","2026_01_13_0001_ev01539_rec3","no",231401
1540,3,92.89465,-96.3651607512252,-144.77946653212,-48.4143057808948,2.3000000000053,8.60000000000127,10.0999999999942,-97.5024767448157,-49.2256244001934,9.39123419917228,-539.331226516149,92.8946,92.89225,357893,"2026_01_13_0001","2026_01_13_0001_ev01540_rec3","no",231402
1541,3,92.9441,-99.951188025352,-129.674305172682,-29.7231171473299,1.4500000000055,10.0500000000068,9.74999999999682,-91.5835179114066,-38.2927330962703,14.2940605510525,-308.630498134808,92.9422,92.94075,358882,"2026_01_13_0001","2026_01_13_0001_ev01541_rec3","no",231403
1542,3,93.00505,-96.8101137972541,-117.409010542352,-20.5988967450978,1.64999999999793,7.000000000005,6.05000000000189,-94.5005699701502,-25.4475243938585,6.44293890237606,-141.146654718014,93.00385,93.00165,360101,"2026_01_13_0001","2026_01_13_0001_ev01542_rec3","no",231404
1543,3,93.1478,-94.8392117127946,-108.730325737353,-13.8911140245589,3.00000000000011,3.90000000000157,4.39999999998975,-96.4369090204737,-9.7767403465208,4.32529811371701,-136.3598140702,93.1463,93.1432,362956,"2026_01_13_0001","2026_01_13_0001_ev01543_rec3","no",231405
1544,3,93.18385,-95.4109813773247,-126.966722201219,-31.5557408238942,2.35000000000696,7.8500000000048,9.39999999999941,-99.3483648816958,-27.6808788673305,7.36467111201027,-366.451423876614,93.18365,93.181,363677,"2026_01_13_0001","2026_01_13_0001_ev01544_rec3","no",231406
1545,3,93.20995,-102.167069304295,-105.258722613679,-3.09165330938389,0.299999999995748,1.30000000001473,1.64999999998372,-93.74837321036,-11.4322067138844,9.25519408624174,147.801049937634,93.2096,93.2086,364199,"2026_01_13_0001","2026_01_13_0001_ev01545_rec3","no",231407
1546,3,93.29925,-92.7190297707732,-110.970831534445,-18.2518017636714,3.7500000000108,7.79999999998893,6.69999999999504,-93.2251840087162,-17.0638661616572,6.66380386909056,-187.178894403694,93.29895,93.29495,365985,"2026_01_13_0001","2026_01_13_0001_ev01546_rec3","no",231408
1547,3,93.3382,-95.4293399087313,-106.008590579894,-10.5792506711629,0.849999999999795,20.3999999999951,15.0000000000006,-176378.725612738,176284.149507812,553945.81450745,-129.186335336211,93.3374,93.33655,366764,"2026_01_13_0001","2026_01_13_0001_ev01547_rec3","no",231409
1548,3,93.36675,-95.548417403379,-124.208755856057,-28.6603384526776,1.39999999998963,10.4000000000042,11.6000000000014,-86.442189871059,-36.6213968446405,18.7095046974638,-329.026977886953,93.36545,93.36395,367335,"2026_01_13_0001","2026_01_13_0001_ev01548_rec3","no",231410
1549,3,93.4006,-100.562071615863,-106.612563878491,-6.05049226262777,0.149999999990769,0.249999999994088,0,-92.8301870948096,-9.54620982516109,4.47256081027247,187.807716657708,93.4005,93.4002,368012,"2026_01_13_0001","2026_01_13_0001_ev01549_rec3","no",231411
1550,3,93.74965,-93.0568574105516,-128.276219814946,-35.2193624043942,4.30000000000064,5.49999999999784,4.3500000000023,-95.0641364116644,-28.7429420113062,4.56024847688724,-446.952110517391,93.7427,93.73825,374993,"2026_01_13_0001","2026_01_13_0001_ev01550_rec3","no",231412
1551,3,93.79725,-93.7151500685558,-113.017241367421,-19.3020912988655,1.30000000000052,2.84999999999513,2.29999999999109,-93.1973516436758,-15.3629535401111,3.30422082016239,-54.0644032108169,93.797,93.79565,375945,"2026_01_13_0001","2026_01_13_0001_ev01551_rec3","no",231413
1552,3,93.85585,-93.739973397063,-107.56544909861,-13.8254757015468,0.649999999993156,17.7500000000066,5.30000000000541,-43234.5958321986,43136.6847503261,242554.01639056,-271.199760009642,93.84995,93.8489,377117,"2026_01_13_0001","2026_01_13_0001_ev01552_rec3","no",231414
1553,3,93.91995,-96.428745467922,-105.341094163047,-8.9123486951253,1.14999999999554,7.94999999999391,7.24999999999909,-93.9762155741395,-14.5010297631103,7.84274757774077,-58.898487764803,93.91835,93.9168,378399,"2026_01_13_0001","2026_01_13_0001_ev01553_rec3","no",231415
1554,3,93.99315,-94.6381695192225,-120.138607301315,-25.5004377820927,2.49999999999773,13.2500000000135,12.1499999999912,-95.6128773860486,-24.1952075634401,11.5674374003535,-405.838617094596,93.9902,93.98735,379863,"2026_01_13_0001","2026_01_13_0001_ev01554_rec3","no",231416
1555,3,94.08695,-97.5840368560895,-107.206607589764,-9.62257073367472,1.40000000000384,4.24999999999898,5.64999999998861,-91.4125043693823,-13.8652696797286,15.9702252617211,-14.6773382459552,94.08665,94.0849,381739,"2026_01_13_0001","2026_01_13_0001_ev01555_rec3","no",231417
1556,3,94.14385,-96.0003232531584,-114.853171192989,-18.8528479398303,4.14999999999566,8.05000000001144,6.59999999999172,-93.1487831048324,-19.1165196641772,9.89190060136841,-169.605882698139,94.1429,94.1383,382877,"2026_01_13_0001","2026_01_13_0001_ev01556_rec3","no",231418
1557,3,94.22605,-96.2613729144501,-129.866593275124,-33.605220360674,1.24999999999886,5.70000000000448,6.29999999999598,-92.9787980175969,-38.61887178732,7.02055349237008,-204.326890467394,94.22575,94.2244,384521,"2026_01_13_0001","2026_01_13_0001_ev01557_rec3","no",231419
1558,3,94.26775,-94.5519661056535,-123.23959782739,-28.687631721737,1.10000000000809,9.34999999999775,11.6000000000014,-100.829626113646,-27.6982893081142,6.25974327886681,-404.828765929671,94.2667,94.2651,385355,"2026_01_13_0001","2026_01_13_0001_ev01558_rec3","no",231420
1559,3,94.2914,-96.054008046897,-104.840449373743,-8.7864413268461,0.250000000008299,13.9999999999958,30.0000000000011,-100.059439359724,-7.41724511223409,4.07726316297467,-171.513172541832,94.28905,94.2888,385828,"2026_01_13_0001","2026_01_13_0001_ev01559_rec3","no",231421
1560,3,94.31235,-101.457656739367,-104.027740079357,-2.57008333999028,0.399999999999068,1.55000000000882,1.55000000000882,-97.172052705782,-7.06395118937447,5.1309292698443,91.4235211422845,94.31235,94.31195,386247,"2026_01_13_0001","2026_01_13_0001_ev01560_rec3","no",231422
1561,3,94.3453,-99.0987764549677,-119.783857176713,-20.685080721745,3.55000000000416,5.15000000000043,6.00000000000023,-93.9051245188856,-21.941958354202,11.1639375670328,-117.341638025974,94.3448,94.3412,386906,"2026_01_13_0001","2026_01_13_0001_ev01561_rec3","no",231423
1562,3,94.3861,-97.7253288278024,-115.838788397746,-18.1134595699438,1.54999999999461,7.75000000000148,6.50000000000261,-96.7755797892527,-14.8873448770179,9.79886079277111,-164.718847591511,94.38345,94.3818,387722,"2026_01_13_0001","2026_01_13_0001_ev01562_rec3","no",231424
1563,3,94.43035,-105.8704082058,-125.338596250883,-19.4681880450836,1.55000000000882,3.79999999999825,3.35000000001173,-93.736836109252,-29.3633590150594,7.98072104795516,107.64790803041,94.42985,94.42795,388607,"2026_01_13_0001","2026_01_13_0001_ev01563_rec3","no",231425
1564,3,94.5432,-99.5317552409725,-123.352701823703,-23.8209465827305,3.49999999998829,5.04999999999711,3.74999999999659,-94.0964351468756,-24.5223480562339,6.9066153342215,-53.2115970035896,94.54255,94.5389,390864,"2026_01_13_0001","2026_01_13_0001_ev01564_rec3","no",231426
1565,3,94.6757,-93.727206372999,-115.368046479508,-21.6408401065087,2.20000000000198,9.10000000000366,9.85000000000014,-95.0707051719142,-22.1508884755233,8.20947248942412,-264.152373283581,94.67515,94.6725,393514,"2026_01_13_0001","2026_01_13_0001_ev01565_rec3","no",231427
1566,3,94.7935,-97.8553983962812,-116.734202967045,-18.8788045707636,1.59999999999627,6.04999999998768,6.55000000000427,-91.635418099502,-20.9770483782399,14.1463104553473,-102.377968472576,94.7927,94.79045,395870,"2026_01_13_0001","2026_01_13_0001_ev01566_rec3","no",231428
1567,3,94.8791,-92.1644145864744,-136.839815144331,-44.6754005578567,0.950000000003115,3.70000000000914,4.45000000000562,-101.422244932917,-36.4115942738294,2.76575820438113,-414.55708804389,94.87875,94.87775,397582,"2026_01_13_0001","2026_01_13_0001_ev01567_rec3","no",231429
1568,3,94.89655,-102.178847825697,-106.588552593921,-4.40970476822356,0.700000000009027,3.29999999999586,3.05000000000177,-95.1678545682756,-12.3430784602039,8.57629391813354,101.601152508399,94.8956,94.8948,397931,"2026_01_13_0001","2026_01_13_0001_ev01568_rec3","no",231430
1569,3,94.93255,-94.877258360491,-110.044707792825,-15.1674494323336,0.950000000003115,3.55000000000416,3.84999999999991,-96.2735690079771,-14.6500525961158,3.10598763033263,-101.63078400572,94.93235,94.93135,398651,"2026_01_13_0001","2026_01_13_0001_ev01569_rec3","no",231431
1570,3,94.97465,-106.339531170173,-114.618456208312,-8.27892503813872,2.44999999999607,3.05000000000177,2.94999999999845,-95.1819211126265,-20.9908488618858,7.63057198464536,176.1313300221,94.9737,94.97005,399493,"2026_01_13_0001","2026_01_13_0001_ev01570_rec3","no",231432
1571,3,95.05635,-94.5186805622156,-118.920763770789,-24.402083208573,0.849999999999795,3.45000000000084,3.45000000000084,-95.5769805739376,-23.0997704175893,3.23071446760176,-131.359468027361,95.05575,95.0548,401127,"2026_01_13_0001","2026_01_13_0001_ev01571_rec3","no",231433
1572,3,95.0913,-93.7628450829656,-96.9917664782556,-3.22892139529009,0.550000000004047,11.9000000000113,19.449999999992,-94.6477202934815,-2.31734751541307,9.67518616600454,-53.0026403469593,95.0908,95.09025,401826,"2026_01_13_0001","2026_01_13_0001_ev01572_rec3","no",231434
1573,3,95.1284,-94.3577263487734,-111.659084816206,-17.3013584674326,1.40000000000384,9.85000000000014,10.9000000000066,-95.6532255117598,-18.4650504721377,8.48803417885917,-228.894798301568,95.1271,95.12555,402568,"2026_01_13_0001","2026_01_13_0001_ev01573_rec3","no",231435
1574,3,95.16485,-96.9337871357818,-134.360510309625,-37.4267231738435,0.799999999998136,3.09999999998922,3.2499999999942,-99.4394632478154,-39.8693665881208,2.5880037602819,-207.442059352336,95.1645,95.16355,403297,"2026_01_13_0001","2026_01_13_0001_ev01574_rec3","no",231436
1575,3,95.1906,-94.7594318302597,-113.105479664761,-18.346047834501,1.75000000001546,6.20000000000687,4.84999999999047,-96.3878610151925,-13.6301665114344,4.99737341184109,-155.790900983007,95.19025,95.18625,403812,"2026_01_13_0001","2026_01_13_0001_ev01575_rec3","no",231437
1576,3,95.3267,-97.4250726255846,-101.661585773554,-4.2365131479695,0.500000000002387,4.54999999999472,4.75000000000136,-91.6337360587927,-10.1183339853128,14.9643932398531,39.244584772971,95.3263,95.3257,406534,"2026_01_13_0001","2026_01_13_0001_ev01576_rec3","no",231438
1577,3,95.37845,-95.3544427179908,-105.534020668542,-10.1795779505512,1.30000000000052,5.00000000000966,5.65000000000282,-93.7418091237949,-11.2604769975693,7.63870609032031,-49.7203012858188,95.37755,95.37575,407569,"2026_01_13_0001","2026_01_13_0001_ev01577_rec3","no",231439
1578,3,95.4216,-97.695878576669,-123.239235648902,-25.5433570722331,0.600000000005707,5.59999999998695,6.20000000000687,-95.0233174246662,-29.535579898927,6.98851090684802,-146.089678544278,95.4213,95.41985,408432,"2026_01_13_0001","2026_01_13_0001_ev01578_rec3","no",231440
1579,3,95.45745,-96.2777427510854,-116.215573189735,-19.93783043865,1.1999999999972,8.34999999999297,30.0000000000011,-104.696589525092,-12.8599855767594,3.09951746285785,-319.391653217157,95.45675,95.45545,409149,"2026_01_13_0001","2026_01_13_0001_ev01579_rec3","no",231441
1580,3,95.47605,-98.9388844854464,-120.687308743893,-21.7484242584467,0.950000000003115,4.15000000000987,4.75000000000136,-97.3522714530917,-25.9440242696869,4.80154621559249,-96.8932298274156,95.47565,95.4746,409521,"2026_01_13_0001","2026_01_13_0001_ev01580_rec3","no",231442
1581,3,95.53275,-97.5249920929706,-101.998108814609,-4.47311672163883,0.349999999997408,0.199999999992428,0,-93.9604868303305,-4.86627085952987,4.76285071754923,82.7382553329533,95.53275,95.5324,410655,"2026_01_13_0001","2026_01_13_0001_ev01581_rec3","no",231443
1582,3,95.5848,-94.5720952555621,-117.186642464325,-22.614547208763,1.30000000000052,8.74999999999204,10.0999999999942,-92.7146425040776,-27.7713539089989,10.0902116574583,-241.313037598235,95.5842,95.58285,411696,"2026_01_13_0001","2026_01_13_0001_ev01582_rec3","no",231444
1583,3,95.66095,-97.5920613687557,-99.9576337347057,-2.36557236594993,0.10000000000332,0,0,-93.1090805307885,-4.81857921901805,5.97387959248623,105.645478021602,95.66095,95.66085,413219,"2026_01_13_0001","2026_01_13_0001_ev01583_rec3","no",231445
1584,3,95.8163,-95.7303484868047,-103.94653279021,-8.21618430340568,0.250000000008299,4.05000000000655,4.05000000000655,-94.237790440414,-10.6803764619898,4.74009240278318,-15.3486727580114,95.81515,95.8149,416326,"2026_01_13_0001","2026_01_13_0001_ev01584_rec3","no",231446
1585,3,95.87235,-98.1480487436214,-129.243336376689,-31.0952876330681,1.59999999999627,7.64999999999816,7.69999999999982,-92.3747020779235,-38.1412522006941,9.74236277380442,-240.120057812811,95.871,95.8693,417447,"2026_01_13_0001","2026_01_13_0001_ev01585_rec3","no",231447
1586,3,95.98825,-94.9374626555884,-101.322641813755,-6.38517915816621,0.249999999994088,30.1999999999936,30.0000000000011,-96.24841731217,1.89632361104397,101.471647075341,9.1341395256079,95.98825,95.988,419765,"2026_01_13_0001","2026_01_13_0001_ev01586_rec3","no",231448
1587,3,96.067,-94.5202265258917,-134.913685625271,-40.393459099379,0.900000000001455,7.49999999999318,10.1500000000101,-79.9616103148696,-43.0448484025781,26.9363773728566,-411.238812058161,96.06575,96.0646,421340,"2026_01_13_0001","2026_01_13_0001_ev01587_rec3","no",231449
1588,3,96.13875,-93.1852197873568,-99.8057906908591,-6.62057090350228,0.500000000002387,3.7500000000108,4.85000000000468,-95.2597066751629,-5.61317141219482,1.79195247480333,-78.1429522137904,96.1386,96.1376,422775,"2026_01_13_0001","2026_01_13_0001_ev01588_rec3","no",231450
1589,3,96.16025,-95.7680682365811,-100.462845945223,-4.69477770864212,0.10000000000332,12.3999999999995,10.8499999999907,-132.858286235748,40.2206378006248,84.1217785688893,-98.2325768891965,96.16025,96.16015,423205,"2026_01_13_0001","2026_01_13_0001_ev01589_rec3","no",231451
1590,3,96.1798,-92.6928412504149,-108.52203396509,-15.8291927146753,2.34999999999275,11.7499999999922,11.8499999999955,-93.6131694763569,-15.3740210488498,10.4497956541312,-229.800478931429,96.17795,96.1755,423596,"2026_01_13_0001","2026_01_13_0001_ev01590_rec3","no",231452
1591,3,96.27095,-93.8248613591698,-103.658660880073,-9.83379952090269,1.80000000000291,4.24999999999898,3.65000000000748,-95.0679171629387,-8.13183880727541,2.9722124157358,-106.04400488075,96.26745,96.26565,425419,"2026_01_13_0001","2026_01_13_0001_ev01591_rec3","no",231453
1592,3,96.3053,-99.6634874361995,-106.337481048223,-6.67399361202366,0.849999999999795,2.64999999998849,1.84999999999036,-94.0284509879556,-9.96805790055682,8.81914967348885,77.0230669935925,96.30485,96.30195,426106,"2026_01_13_0001","2026_01_13_0001_ev01592_rec3","no",231454
1593,3,96.3572,-96.9809652947545,-138.765141355284,-41.784176060529,1.59999999999627,12.1000000000038,11.9000000000113,-84.2600237928689,-58.947032696977,16.1484730496977,-549.667574179949,96.35525,96.35355,427144,"2026_01_13_0001","2026_01_13_0001_ev01593_rec3","no",231455
1594,3,96.4331,-93.5329484129536,-114.368701183039,-20.8357527700853,2.49999999999773,6.4999999999884,8.25000000000387,-97.2947817208974,-17.9138321900027,5.46068002212152,-252.682513939368,96.4322,96.42965,428662,"2026_01_13_0001","2026_01_13_0001_ev01594_rec3","no",231456
1595,3,96.4627,-95.7686885663322,-104.601639039206,-8.8329504728738,0.799999999998136,4.19999999999732,5.89999999999691,-98.4656023527372,-9.7822517526677,2.06935016746,-109.049016892331,96.46265,96.46175,429254,"2026_01_13_0001","2026_01_13_0001_ev01595_rec3","no",231457
1596,3,96.48385,-93.0110139660768,-105.671334921028,-12.6603209549513,0.750000000010687,8.7999999999937,10.3000000000009,-93.707016591339,-14.1265704991732,8.1325601202588,-145.803918191795,96.4835,96.48235,429677,"2026_01_13_0001","2026_01_13_0001_ev01596_rec3","no",231458
1597,3,96.53185,-96.4278030538143,-101.288949668755,-4.86114661494051,0.200000000006639,0.200000000006639,0,-88.2558617807469,-7.85699000591918,44.5824475060455,72.3884866870747,96.53185,96.53155,430637,"2026_01_13_0001","2026_01_13_0001_ev01597_rec3","no",231459
1598,3,96.5916,-94.1371858477622,-97.1282202546173,-2.99103440685516,0.849999999999795,1.1999999999972,1.1999999999972,-92.8921789962157,-3.27703808664707,3.59224527144088,21.4342602510826,96.591,96.58965,431832,"2026_01_13_0001","2026_01_13_0001_ev01598_rec3","no",231460
1599,3,96.71685,-95.4457926440211,-121.934320517864,-26.4885278738432,2.70000000000437,7.24999999999909,7.19999999999743,-92.0858762566968,-27.2936934559128,9.8889708561324,-224.593769103528,96.716,96.71305,434337,"2026_01_13_0001","2026_01_13_0001_ev01599_rec3","no",231461
1600,3,96.7463,-94.4990169606838,-97.4433838077595,-2.94436684707573,0.150000000004979,13.1000000000085,11.7499999999922,-158670.213590986,158579.040679664,421695.769515104,-70.2928646570127,96.7461,96.74595,434926,"2026_01_13_0001","2026_01_13_0001_ev01600_rec3","no",231462
1601,3,96.7728,-96.2218722881072,-114.739332687975,-18.5174603998676,2.65000000000271,3.54999999998995,2.79999999999347,-95.1437502449109,-16.9198580037969,3.71787819849638,-64.8498718452814,96.77175,96.769,435456,"2026_01_13_0001","2026_01_13_0001_ev01601_rec3","no",231463
1602,3,96.82095,-101.531921578619,-120.506941747389,-18.9750201687699,2.10000000001287,11.8500000000097,6.45000000000095,-155.787828706695,51.0496143076132,82.9301416633717,-363.462767045888,96.8207,96.81765,436419,"2026_01_13_0001","2026_01_13_0001_ev01602_rec3","no",231464
1603,3,96.83975,-99.5878928461133,-150.004678568855,-50.4167857227417,1.39999999998963,5.44999999999618,5.70000000000448,-98.6224649286045,-52.5166451289877,5.78053701723741,-342.779070932304,96.8392,96.83755,436795,"2026_01_13_0001","2026_01_13_0001_ev01603_rec3","no",231465
1604,3,96.9099,-93.0168846070096,-109.548939250527,-16.5320546435174,3.34999999999752,6.15000000000521,5.30000000000541,-96.6588621713687,-12.4605133055858,3.28270794293031,-193.246074375685,96.9087,96.9052,438198,"2026_01_13_0001","2026_01_13_0001_ev01604_rec3","no",231466
1605,3,96.93945,-97.9987972781235,-103.456836774066,-5.45803949594298,0.399999999999068,2.20000000000198,2.15000000000032,-97.4354074814169,-5.93818917291925,2.57590270126596,-3.76478274030672,96.93905,96.9384,438789,"2026_01_13_0001","2026_01_13_0001_ev01605_rec3","no",231467
1606,3,96.97265,-96.7313817099605,-116.150765634853,-19.4193839248922,1.05000000000643,8.04999999999723,8.44999999999629,-92.869849801024,-24.5075707188924,10.6264745666799,-164.018973719555,96.9715,96.9699,439453,"2026_01_13_0001","2026_01_13_0001_ev01606_rec3","no",231468
1607,3,97.07655,-93.642160804517,-111.682515105837,-18.04035430132,1.80000000000291,6.4999999999884,7.24999999999909,-92.917999030883,-15.2805765215274,9.96568635893845,-164.487720321029,97.0749,97.0731,441531,"2026_01_13_0001","2026_01_13_0001_ev01607_rec3","no",231469
1608,3,97.1518,-94.6032449260168,-104.673099706475,-10.0698547804579,0.399999999999068,3.00000000000011,3.35000000001173,-95.7830302360581,-10.3177293893168,2.39370543701791,-66.6412159455186,97.15135,97.15085,443036,"2026_01_13_0001","2026_01_13_0001_ev01608_rec3","no",231470
1609,3,97.187,-95.5923537016184,-108.043438929939,-12.4510852283208,1.04999999999222,5.65000000000282,6.00000000000023,-94.8509044626804,-12.8150170861195,6.86328897308828,-84.2474644244423,97.1859,97.18485,443740,"2026_01_13_0001","2026_01_13_0001_ev01609_rec3","no",231471
1610,3,97.23385,-97.9113766688997,-107.01652345147,-9.1051467825707,2.49999999999773,5.65000000000282,5.49999999999784,-91.137410645793,-13.2750102429843,20.3719782021846,-28.6986641413025,97.233,97.23035,444677,"2026_01_13_0001","2026_01_13_0001_ev01610_rec3","no",231472
1611,3,97.26775,-93.0938360091315,-105.692234877288,-12.5983988681567,0.949999999988904,1.99999999999534,2.85000000000935,-94.549116148958,-8.99799444854611,2.78343607895154,-77.8489199681217,97.2674,97.26645,445355,"2026_01_13_0001","2026_01_13_0001_ev01611_rec3","no",231473
1612,3,97.38305,-90.9481463106488,-96.0317767471375,-5.08363043648863,0.450000000000728,3.99999999999068,1.85000000000457,-165250.676908456,165158.480374874,484002.732093678,-193.625230986576,97.38305,97.3826,447661,"2026_01_13_0001","2026_01_13_0001_ev01612_rec3","no",231474
1613,3,97.4097,-99.8443434509223,-109.208892674944,-9.36454922402183,3.00000000001432,3.20000000000675,1.84999999999036,-96.2119099611573,-11.726635820779,3.67511319682446,45.0136833554256,97.40945,97.40645,448194,"2026_01_13_0001","2026_01_13_0001_ev01613_rec3","no",231475
1614,3,97.43825,-94.0304763131742,-100.183299119266,-6.15282280609136,0.900000000001455,3.19999999999254,3.39999999999918,-93.3685579538633,-7.70804489637396,3.53883510804013,-16.2994872885604,97.4377,97.43655,448765,"2026_01_13_0001","2026_01_13_0001_ev01614_rec3","no",231476
1615,3,97.47865,-93.0304066351433,-105.239946568999,-12.209539933856,0.649999999993156,30.5500000000052,13.5499999999951,-25470.4933139017,25374.2576333039,262172.232557928,-145.726248315045,97.47835,97.47765,449573,"2026_01_13_0001","2026_01_13_0001_ev01615_rec3","no",231477
1616,3,97.5011,-93.4874825486668,-111.221452080952,-17.7339695322848,1.24999999999886,3.5000000000025,3.55000000000416,-95.1507346812069,-14.7809426707001,3.19524770775712,-114.697580041585,97.50095,97.4997,450022,"2026_01_13_0001","2026_01_13_0001_ev01616_rec3","no",231478
1617,3,97.66535,-101.715888914262,-114.826806129379,-13.1109172151168,1.59999999999627,2.34999999999275,2.54999999999939,-95.429341575712,-17.8278179352277,5.37356638331979,86.2338451429083,97.66515,97.66335,453307,"2026_01_13_0001","2026_01_13_0001_ev01617_rec3","no",231479
1618,3,97.7619,-94.8541958063837,-125.564648028863,-30.7104522224789,1.64999999999793,9.35000000001196,9.79999999999848,-92.797887903687,-33.9382334003751,10.5649169546483,-343.458771312778,97.76075,97.759,455238,"2026_01_13_0001","2026_01_13_0001_ev01618_rec3","no",231480
1619,3,97.83035,-93.7972363167809,-105.487179811639,-11.6899434948583,0.699999999994816,24.1499999999917,17.4000000000092,-150762.919155957,150669.539427466,553014.573723623,-117.311951919049,97.8301,97.82855,456607,"2026_01_13_0001","2026_01_13_0001_ev01619_rec3","no",231481
1620,3,97.85835,-93.3434250878844,-116.743043460034,-23.3996183721491,2.70000000000437,7.35000000000241,7.3499999999882,-91.9411173691511,-23.5411907491334,8.67280309703609,-203.38179109712,97.85805,97.8553,457167,"2026_01_13_0001","2026_01_13_0001_ev01620_rec3","no",231482
1621,3,97.8968,-96.0109034008758,-103.094797374481,-7.0838939736049,0.149999999990769,0.700000000009027,1.1999999999972,-93.4977600038927,-7.4829873313517,3.1799585022042,50.6727176691448,97.89665,97.8965,457936,"2026_01_13_0001","2026_01_13_0001_ev01621_rec3","no",231483
1622,3,97.9265,-92.6433429684742,-109.262914693774,-16.6195717252997,0.849999999999795,10.5000000000075,8.20000000001642,-439223.608090862,439136.33151721,312050.575343334,-487.130074484521,97.92585,97.9249,458530,"2026_01_13_0001","2026_01_13_0001_ev01622_rec3","no",231484
1623,3,97.9527,-91.1431938506318,-152.399776475564,-61.2565826249321,4.85000000000468,7.29999999998654,6.30000000001019,-94.5657022740423,-55.7856939925605,5.90088754474139,-663.017760512913,97.95135,97.94575,459054,"2026_01_13_0001","2026_01_13_0001_ev01623_rec3","no",231485
1624,3,97.98665,-99.4749173834472,-107.627478783002,-8.15256139955495,0.10000000000332,0.399999999999068,0.700000000009027,-94.3529925484357,-10.5019923357912,2.6864708521562,123.283476452584,97.98645,97.98625,459733,"2026_01_13_0001","2026_01_13_0001_ev01624_rec3","no",231486
1625,3,98.07125,-94.7923933534047,-107.82624499598,-13.0338516425749,0.950000000003115,10.6499999999983,11.4499999999964,-93.0584858699615,-18.7510797863182,10.9008489040676,-161.483809740812,98.07055,98.06925,461425,"2026_01_13_0001","2026_01_13_0001_ev01625_rec3","no",231487
1626,3,98.12035,-95.1217794609283,-109.154594963323,-14.0328155023946,1.1999999999972,2.40000000000862,2.74999999999181,-93.9037573941919,-14.0279697286411,3.48118669162894,-26.5302356860682,98.12015,98.11895,462407,"2026_01_13_0001","2026_01_13_0001_ev01626_rec3","no",231488
1627,3,98.15535,-96.5698049909596,-101.192169456817,-4.62236446585732,0.250000000008299,0.10000000000332,0.349999999997408,-92.5455464176672,-5.86798391350493,14.2607173116163,45.8717489975002,98.15535,98.155,463107,"2026_01_13_0001","2026_01_13_0001_ev01627_rec3","no",231489
1628,3,98.21925,-94.1831393456115,-125.230420524297,-31.0472811786854,1.59999999999627,7.69999999999982,9.09999999998945,-98.724835955977,-26.0865193186186,6.87409647755515,-366.599006912899,98.21815,98.21645,464385,"2026_01_13_0001","2026_01_13_0001_ev01628_rec3","no",231490
1629,3,98.24475,-98.2324813550334,-108.489697118272,-10.2572157632383,0.299999999995748,1.54999999999461,2.20000000000198,-96.724245972897,-9.1770575927939,4.01192215891072,5.52516751176978,98.24465,98.24415,464895,"2026_01_13_0001","2026_01_13_0001_ev01629_rec3","no",231491
1630,3,98.27135,-95.0774116064227,-105.567205734335,-10.4897941279123,1.64999999999793,3.84999999999991,7.54999999999484,-56.8307371780566,-44.3490467528398,147.095138893363,-68.2271527037538,98.2712,98.26935,465427,"2026_01_13_0001","2026_01_13_0001_ev01630_rec3","no",231492
1631,3,98.34835,-90.5795168323904,-94.3273677765466,-3.74785094415621,0.349999999997408,31.1499999999967,30.0000000000011,-93.670012429221,-5.75271023814615,5.94847789609451,-135.602861816011,98.34745,98.3471,466967,"2026_01_13_0001","2026_01_13_0001_ev01631_rec3","no",231493
1632,3,98.3813,-94.4143623623591,-123.366869091948,-28.9525067295892,2.74999999999181,5.75000000000614,6.45000000000095,-94.278363363261,-26.3448129405398,7.27455362478335,-235.410563148151,98.3811,98.378,467626,"2026_01_13_0001","2026_01_13_0001_ev01632_rec3","no",231494
1633,3,98.43915,-96.0871186313123,-110.087743983161,-14.000625351849,2.15000000000032,5.55000000001371,3.34999999999752,-93.9754128176897,-14.9087370071391,4.68748663783918,-42.9494600265209,98.43785,98.4347,468783,"2026_01_13_0001","2026_01_13_0001_ev01633_rec3","no",231495
1634,3,98.4925,-94.8714684730677,-109.336583960433,-14.4651154873654,2.49999999999773,6.4999999999884,6.34999999999764,-98.3183341871972,-15.6726737912138,3.01372575418555,-189.974833274425,98.49175,98.489,469850,"2026_01_13_0001","2026_01_13_0001_ev01634_rec3","no",231496
1635,3,98.52065,-95.501670814913,-97.6524387334329,-2.15076791851985,0.699999999994816,3.59999999999161,0,-66791.8020707441,66695.4099184906,634203.783665618,-82.9841852338044,98.5198,98.51865,470413,"2026_01_13_0001","2026_01_13_0001_ev01635_rec3","no",231497
1636,3,98.5414,-94.1797440703017,-106.626484388499,-12.4467403181975,0.799999999998136,4.80000000000302,4.99999999999545,-94.2245409303097,-12.2706834508611,5.05290972892702,-80.3215881285755,98.54065,98.53985,470828,"2026_01_13_0001","2026_01_13_0001_ev01636_rec3","no",231498
1637,3,98.5713,-85.4770578492549,-92.6401162251674,-7.16305837591247,3.30000000001007,13.0999999999943,3.29999999999586,-288089.608830183,288004.700072577,296880.081567395,-521.134622638349,98.56345,98.56015,471426,"2026_01_13_0001","2026_01_13_0001_ev01637_rec3","no",231499
1638,3,98.59605,-93.5522546022709,-136.843111126366,-43.2908565240949,1.1999999999972,4.14999999999566,4.44999999999141,-102.036199237351,-40.2790582659239,2.66430476855169,-410.957770744055,98.59575,98.5944,471921,"2026_01_13_0001","2026_01_13_0001_ev01638_rec3","no",231500
1639,3,98.6157,-99.1079691963004,-120.312453177496,-21.2044839811952,1.24999999999886,2.84999999999513,2.20000000001619,-96.2011375028442,-22.6795178621971,2.96039439291216,-5.70142960633326,98.61535,98.614,472314,"2026_01_13_0001","2026_01_13_0001_ev01639_rec3","no",231501
1640,3,98.6651,-93.3011328642985,-108.506801130149,-15.2056682658508,0.399999999999068,3.20000000000675,4.50000000000728,-94.8907239542766,-11.8651334514025,4.16377071805905,-112.501600316468,98.66405,98.66365,473302,"2026_01_13_0001","2026_01_13_0001_ev01640_rec3","no",231502
1641,3,98.7323,-95.7646148534142,-112.570706897229,-16.8060920438144,4.20000000001153,8.24999999998965,3.70000000000914,-96.3739546556548,-15.276425691861,3.69449409947706,-157.758778136619,98.7295,98.72495,474646,"2026_01_13_0001","2026_01_13_0001_ev01641_rec3","no",231503
1642,3,98.8053,-94.7588018563608,-105.544628022472,-10.7858261661115,0.199999999992428,21.7499999999973,14.6999999999906,-150262.437818012,150166.826413653,703916.096127967,-135.909210627507,98.80415,98.80345,476106,"2026_01_13_0001","2026_01_13_0001_ev01642_rec3","no",231504
1643,3,98.8388,-100.735730411784,-123.058408944983,-22.3226785331998,1.75000000000125,2.80000000000769,2.9999999999859,-93.8282125196623,-25.3373775966414,5.83047311042515,7.43138780770509,98.83685,98.8348,476776,"2026_01_13_0001","2026_01_13_0001_ev01643_rec3","no",231505
1644,3,98.8815,-92.103600193768,-117.573491314849,-25.4698911210809,3.15000000000509,5.65000000000282,4.49999999999307,-92.6438499138845,-23.3287696291761,4.66708892438434,-177.851137430139,98.88145,98.8782,477630,"2026_01_13_0001","2026_01_13_0001_ev01644_rec3","no",231506
1645,3,98.91615,-93.3588923037488,-120.9478229938,-27.5889306900515,1.1999999999972,5.84999999999525,6.55000000000427,-99.2309074371156,-26.2144257231873,3.64758230552418,-308.857497804101,98.9154,98.9141,478323,"2026_01_13_0001","2026_01_13_0001_ev01645_rec3","no",231507
1646,3,98.952,-101.165422247621,-110.883473157846,-9.71805091022553,0.699999999994816,1.85000000000457,1.95000000000789,-98.2221807411991,-11.8174234454619,3.31339670752533,38.9089536737835,98.9514,98.9507,479040,"2026_01_13_0001","2026_01_13_0001_ev01646_rec3","no",231508
1647,3,98.9728,-96.289777553503,-103.509796204367,-7.22001865086357,0.200000000006639,3.95000000000323,3.55000000000416,-93.7237496488212,-11.3079460911824,4.60960648929648,15.6012497348767,98.9718,98.9716,479456,"2026_01_13_0001","2026_01_13_0001_ev01647_rec3","no",231509
1648,3,99.0239,-95.157400052424,-113.1574933541,-18.0000933016762,2.54999999999939,6.70000000000925,6.95000000000334,-94.0272962892988,-22.1272127052139,6.67285014826679,-145.940803590792,99.0236,99.02095,480478,"2026_01_13_0001","2026_01_13_0001_ev01648_rec3","no",231510
1649,3,99.0671,-93.1426460315503,-106.137506960652,-12.9948609291016,0.900000000001455,2.25000000000364,4.099999999994,-92.7825025893015,-7.81752984714722,9.93625118780769,-75.9665925264168,99.0664,99.0649,481342,"2026_01_13_0001","2026_01_13_0001_ev01649_rec3","no",231511
1650,3,99.10775,-97.6125588458414,-100.110591860819,-2.49803301497791,0.300000000009959,0.249999999994088,0,-94.3611617721525,-5.75089232283102,1e-07,97.6022182574012,99.1076,99.1069,482155,"2026_01_13_0001","2026_01_13_0001_ev01650_rec3","no",231512
1651,3,99.1836,-94.6953248054807,-97.223549285459,-2.52822447997838,0.0500000000016598,0.699999999994816,0.849999999999795,-93.1598805428702,-3.22373421344319,3.224632168551,34.776075662218,99.1836,99.18325,483672,"2026_01_13_0001","2026_01_13_0001_ev01651_rec3","no",231513
1652,3,99.2528,-94.7434920077679,-133.156902258833,-38.4134102510648,2.05000000001121,4.90000000000634,4.90000000000634,-97.9160417337605,-35.8103747085446,4.14872020385244,-297.847917237336,99.25275,99.2506,485056,"2026_01_13_0001","2026_01_13_0001_ev01652_rec3","no",231514
1653,3,99.32725,-98.3165327011538,-102.905226446127,-4.58869374497321,0.0500000000016598,1.09999999999388,1.24999999999886,-94.3017118601656,-7.83872558052259,4.01342948731698,88.0898889586077,99.3271,99.327,486545,"2026_01_13_0001","2026_01_13_0001_ev01653_rec3","no",231515
1654,3,99.36325,-94.5690020354447,-105.072238955317,-10.5032369198727,0.0500000000016598,3.00000000000011,3.90000000000157,-94.5730589217926,-9.84961844484281,4.16987656034789,-47.2489386886738,99.3626,99.36245,487265,"2026_01_13_0001","2026_01_13_0001_ev01654_rec3","no",231516
1655,3,99.40085,-94.6423204375271,-112.159223409454,-17.5169029719271,4.54999999999472,8.99999999998613,4.19999999999732,-95.0676896699558,-13.7669886021561,5.08998305253791,-163.210309139759,99.39875,99.39375,488017,"2026_01_13_0001","2026_01_13_0001_ev01655_rec3","no",231517
1656,3,99.4539,-101.722860432877,-109.474561782888,-7.75170135001109,0.599999999991496,0.149999999990769,0,-94.8992152533774,-8.18727506072714,3.56401417018072,174.299849494566,99.4539,99.45325,489078,"2026_01_13_0001","2026_01_13_0001_ev01656_rec3","no",231518
1657,3,99.50745,-95.5950346100185,-111.949820633805,-16.3547860237864,4.25000000001319,11.2000000000023,7.30000000001496,-91.4725908574796,-20.2896080341819,10.5963148182641,-176.008330404373,99.5057,99.50145,490149,"2026_01_13_0001","2026_01_13_0001_ev01657_rec3","no",231519
1658,3,99.59375,-93.1662773634628,-127.231578608307,-34.0653012448441,2.54999999999939,10.0500000000068,11.099999999999,-87.7269047132103,-36.8961587534114,15.4931369912097,-391.438518431209,99.5934,99.59065,491875,"2026_01_13_0001","2026_01_13_0001_ev01658_rec3","no",231520
1659,3,99.66915,-98.0204816631663,-125.260523047684,-27.2400413845174,1.7999999999887,4.80000000000302,3.34999999999752,-98.0001717691774,-28.8722405629179,3.20330700448232,-141.556295656559,99.66835,99.66615,493383,"2026_01_13_0001","2026_01_13_0001_ev01659_rec3","no",231521
1660,3,99.6964,-91.9056767828271,-102.812823539075,-10.9071467562475,1.1999999999972,8.35000000000719,4.59999999999638,-754855.206333263,754763.316247773,855916.855172578,-423.382695382655,99.6946,99.6932,493928,"2026_01_13_0001","2026_01_13_0001_ev01660_rec3","no",231522
1661,3,99.71645,-96.3622471343305,-126.356402049981,-29.9941549156502,1.30000000000052,9.15000000000532,9.95000000000346,-91.216539622489,-39.5942920431308,11.188359825778,-302.773166621997,99.71565,99.7141,494329,"2026_01_13_0001","2026_01_13_0001_ev01661_rec3","no",231523
1662,3,99.76305,-95.1504264205851,-109.043702859378,-13.893276438793,0.750000000010687,2.75000000000603,3.05000000000177,-93.6379994339664,-12.5350105238887,4.83115822916004,-33.3177461448906,99.76205,99.7612,495261,"2026_01_13_0001","2026_01_13_0001_ev01662_rec3","no",231524
1663,3,99.8667,-93.7357696293935,-102.702241274554,-8.96647164516052,2.85000000000935,8.29999999999131,7.20000000001164,-92.4755434733067,-12.2227161988259,7.32175815365427,-80.6131600956942,99.8664,99.86355,497334,"2026_01_13_0001","2026_01_13_0001_ev01663_rec3","no",231525
